sample_id,sid,name,time,date,year,month,hour,basin,nature,lat,lon,wind_kt,pres_hpa,source,experiment,label_tc,candidate_lat,candidate_lon,matched_sid,matched_name,label_distance_km,split,lon_sin,lon_cos,month_sin,month_cos,u_200,v_200,t_200,q_200,rh_200,u_300,v_300,t_300,q_300,rh_300,u_500,v_500,t_500,q_500,rh_500,u_700,v_700,t_700,q_700,rh_700,u_850,v_850,t_850,q_850,rh_850,zeta_850,zeta_500,wshear_850_200,steer_u_850_200,steer_v_850_200,zeta850_max_r500,zeta500_max_r500,rh700_mean_r500,shear_min_r500
IBT_2012215N12313_2012080112,2012215N12313,ERNESTO,2012-08-01 12:00:00,2012-08-01,2012,8,12,,TS,11.600000381469728,313.29998779296875,30.0,1008.0,IBTRACS_ERA5,OBS,1,11.600000381469728,313.29998779296875,2012215N12313,ERNESTO,0.0,val,-0.7277729037727743,0.6858181978732732,-0.8660254037844385,-0.5000000000000004,0.2264518737792968,7.613883972167969,219.45953369140625,7.426459342241287e-05,57.87687301635742,2.8474082946777344,2.724227905273437,242.20034790039065,0.0006268376600928,64.78327178955078,-4.614780426025391,0.2224197387695312,267.6242370605469,0.0018539379816502,36.63935089111328,-14.630260467529297,-0.3321571350097656,282.46990966796875,0.0071401558816432,68.1053466796875,-11.994205474853516,0.9229049682617188,290.936279296875,0.0122569967061281,81.5638198852539,3.183773878845386e-05,6.525954631797504e-06,13.93246841430664,-5.633077144622803,2.2302558422088623,3.2031537557486445e-05,1.5867881302256137e-05,59.33657836914063,3.40757417678833
IBT_2012215N12313_2012080118,2012215N12313,ERNESTO,2012-08-01 18:00:00,2012-08-01,2012,8,18,,TS,12.0,311.79998779296875,30.0,1008.0,IBTRACS_ERA5,OBS,1,12.0,311.79998779296875,2012215N12313,ERNESTO,0.0,val,-0.7454761416895127,0.666532311423623,-0.8660254037844385,-0.5000000000000004,0.2264518737792968,7.613883972167969,219.45953369140625,7.426459342241287e-05,57.87687301635742,2.8474082946777344,2.724227905273437,242.20034790039065,0.0006268376600928,64.78327178955078,-4.614780426025391,0.2224197387695312,267.6242370605469,0.0018539379816502,36.63935089111328,-14.630260467529297,-0.3321571350097656,282.46990966796875,0.0071401558816432,68.1053466796875,-11.994205474853516,0.9229049682617188,290.936279296875,0.0122569967061281,81.5638198852539,3.183773878845386e-05,6.525954631797504e-06,13.93246841430664,-5.633077144622803,2.2302558422088623,3.2031537557486445e-05,1.5867881302256137e-05,59.33657836914063,3.40757417678833
NEG_20120801_00098,,,2012-08-01 00:00:00,2012-08-01,2012,8,0,,BG,17.5,,,,IBTRACS_ERA5,OBS,0,17.5,280.0,,,3469.2749872295244,val,-0.984807753012208,0.1736481776669299,-0.8660254037844385,-0.5000000000000004,10.530895233154297,9.739006042480469,218.52972412109372,5.331961438059807e-05,46.459754943847656,3.9743614196777344,6.5445404052734375,240.31130981445312,0.0004019977641291,49.82047653198242,-5.027500152587891,1.3951492309570312,267.7757873535156,0.0004219214315526,8.242735862731934,-7.005016326904297,0.1096153259277343,283.10113525390625,0.0040353201329708,36.8828125,-6.566715240478516,-2.026557922363281,292.379150390625,0.0095872450619935,58.23125457763672,-5.683563131242408e-07,-3.0900584988557966e-06,20.75468063354492,-0.8187950253486633,3.152350664138794,1.8135957361664623e-05,2.695770308491774e-05,43.02449035644531,3.648961305618286
NEG_20120801_00742,,,2012-08-01 00:00:00,2012-08-01,2012,8,0,,BG,47.5,,,,IBTRACS_ERA5,OBS,0,47.5,262.5,,,6032.613558011839,val,-0.9914448613738104,-0.1305261922200516,-0.8660254037844385,-0.5000000000000004,34.7081413269043,-8.702278137207031,221.99871826171875,1.2444797903299332e-05,7.190185546875,29.26391220092773,-7.1959381103515625,235.79067993164065,0.0001369880483252,26.574583053588867,16.01241683959961,-4.256584167480469,263.1010437011719,0.0008364716777577,23.487504959106445,12.529285430908203,-1.0147743225097656,283.30596923828125,0.0036406929139047,32.81984329223633,7.621761322021484,0.1160202026367187,293.3447265625,0.0086658764630556,49.54077911376953,6.093830052122939e-06,-2.485377626726404e-05,28.48568725585937,20.027103424072266,-4.2107110023498535,2.9008911951677877e-05,1.239542689290829e-05,47.46964263916016,19.91523742675781
NEG_20120801_02850,,,2012-08-01 00:00:00,2012-08-01,2012,8,0,,BG,10.0,,,,IBTRACS_ERA5,OBS,0,10.0,285.0,,,2932.5580267465507,val,-0.9659258262890684,0.2588190451025203,-0.8660254037844385,-0.5000000000000004,-10.782581329345703,-1.4128494262695312,219.10894775390625,6.031198427081108e-05,49.016845703125,-7.016117095947266,0.1221771240234375,241.11257934570312,0.0006449462962336,73.97412109375,-5.296054840087891,0.5091629028320312,267.2605285644531,0.0035146276932209,71.41471862792969,-2.850719451904297,0.5563926696777344,283.97662353515625,0.0076009593904018,65.50298309326172,-3.403873443603516,1.1191940307617188,292.955078125,0.012159900739789,71.2323226928711,1.314858400291996e-05,-7.117794211808359e-06,7.80106258392334,-5.869869232177734,0.1788154542446136,2.806433076329995e-05,6.472220775322057e-06,63.69780731201172,1.9104268550872805
NEG_20120801_03851,,,2012-08-01 00:00:00,2012-08-01,2012,8,0,,BG,20.0,,,,IBTRACS_ERA5,OBS,0,20.0,317.5,,,1036.2953720223522,val,-0.6755902076156605,0.7372773368101239,-0.8660254037844385,-0.5000000000000004,22.034801483154297,14.541496276855469,219.41009521484372,4.124967381358147e-05,32.337669372558594,16.616207122802734,11.843612670898438,240.75759887695312,0.0001026632235152,12.185343742370604,0.6119041442871094,3.7640457153320312,261.4995422363281,0.0013674596557393,43.62166595458984,-1.8299674987792969,4.262691497802734,283.74127197265625,0.0035203064326196,30.81953811645508,-4.341373443603516,0.9312057495117188,294.645263671875,0.0037861040327697,19.960893630981445,-9.421360118722076e-06,-1.3994748769619036e-05,29.68067741394043,6.618314266204834,7.068610191345215,4.401720616442617e-06,4.340321174822748e-05,35.74576568603516,8.598369598388672
NEG_20120801_03972,,,2012-08-01 00:00:00,2012-08-01,2012,8,0,,BG,40.0,,,,IBTRACS_ERA5,OBS,0,40.0,265.0,,,5528.161558779265,val,-0.9961946980917455,-0.0871557427476582,-0.8660254037844385,-0.5000000000000004,22.430309295654297,-12.614021301269531,219.57843017578125,3.153784200549126e-05,24.232139587402344,14.219234466552734,-11.824600219726562,240.87454223632807,0.0003963502240367,46.515625,6.510585784912109,-3.6905441284179688,267.0776672363281,0.0025867025833576,53.30030059814453,-1.9010124206542969,0.7228965759277344,283.50299072265625,0.0049756728112697,44.26372909545898,-4.466373443603516,2.1382369995117188,296.7802734375,0.0091647673398256,42.36978530883789,-1.7247855794266798e-05,-4.650189566746121e-08,30.67671203613281,7.358548641204834,-5.0536065101623535,1.189617978525348e-05,1.0611976904328912e-05,47.66632843017578,4.423225402832031
IBT_2012215N12313_2012080200,2012215N12313,ERNESTO,2012-08-02 00:00:00,2012-08-02,2012,8,0,,TS,12.399999618530272,310.1000061035156,30.0,1008.0,IBTRACS_ERA5,OBS,1,12.399999618530272,310.1000061035156,2012215N12313,ERNESTO,0.0,val,-0.764921332302228,0.6441237112457392,-0.8660254037844385,-0.5000000000000004,3.923931121826172,0.938812255859375,219.25656127929688,6.560664769494906e-05,52.38541030883789,-1.9564208984375,-2.3521080017089844,241.78843688964844,0.0003989807446487,42.88840103149414,-3.3376541137695312,1.1797599792480469,267.33306884765625,0.0037692137993872,76.16435241699219,-10.307781219482422,5.229454040527344,282.3272705078125,0.0072332848794758,69.66390991210938,-6.618129730224609,4.635486602783203,290.3924560546875,0.0126201957464218,86.94194793701172,1.5412540960824117e-05,1.1302587154204955e-05,11.171412467956545,-3.6592109203338623,1.9262809753417969,2.919707912951708e-05,1.619593967916444e-05,59.63675308227539,2.844489097595215
IBT_2012215N12313_2012080206,2012215N12313,ERNESTO,2012-08-02 06:00:00,2012-08-02,2012,8,6,,TS,12.699999809265137,308.29998779296875,30.0,1008.0,IBTRACS_ERA5,OBS,1,12.699999809265137,308.29998779296875,2012215N12313,ERNESTO,0.0,val,-0.7847765025787774,0.6197788645962544,-0.8660254037844385,-0.5000000000000004,-0.4908638000488281,3.396331787109375,219.1888732910156,7.155686762416735e-05,57.60146713256836,-2.221923828125,-1.5022544860839844,242.1295623779297,0.0004539194633252,47.22991943359375,-0.5712966918945312,0.5900382995605469,267.77008056640625,0.0029578900430351,57.81100463867188,-8.243572235107422,2.160606384277344,282.26123046875,0.0087732449173927,84.87466430664062,-6.769008636474609,2.278553009033203,290.3482666015625,0.0130234807729721,89.9737548828125,2.7573842089623213e-05,8.158542186720297e-06,6.376874923706055,-3.6593329906463614,1.3846549987792969,3.99326891056262e-05,1.619593967916444e-05,62.36174774169922,3.879695892333984
IBT_2012215N12313_2012080212,2012215N12313,ERNESTO,2012-08-02 12:00:00,2012-08-02,2012,8,12,,TS,13.0,306.3999938964844,35.0,1007.0,IBTRACS_ERA5,OBS,1,13.0,306.3999938964844,2012215N12313,ERNESTO,0.0,val,-0.804893860570713,0.5934188008612244,-0.8660254037844385,-0.5000000000000004,-0.4908638000488281,3.396331787109375,219.1888732910156,7.155686762416735e-05,57.60146713256836,-2.221923828125,-1.5022544860839844,242.1295623779297,0.0004539194633252,47.22991943359375,-0.5712966918945312,0.5900382995605469,267.77008056640625,0.0029578900430351,57.81100463867188,-8.243572235107422,2.160606384277344,282.26123046875,0.0087732449173927,84.87466430664062,-6.769008636474609,2.278553009033203,290.3482666015625,0.0130234807729721,89.9737548828125,2.7573842089623213e-05,8.158542186720297e-06,6.376874923706055,-3.6593329906463614,1.3846549987792969,3.99326891056262e-05,1.619593967916444e-05,62.36174774169922,3.879695892333984
IBT_2012215N12313_2012080218,2012215N12313,ERNESTO,2012-08-02 18:00:00,2012-08-02,2012,8,18,,TS,13.199999809265137,304.5,45.0,1006.0,IBTRACS_ERA5,OBS,1,13.199999809265137,304.5,2012215N12313,ERNESTO,0.0,val,-0.8241261886220158,0.5664062369248325,-0.8660254037844385,-0.5000000000000004,-2.662006378173828,5.119232177734375,219.55502319335935,6.504412885988131e-05,50.116493225097656,-3.6060791015625,-1.3093833923339844,242.0942230224609,0.0004055298049934,42.33747100830078,-2.8186111450195312,0.6446037292480469,267.8109741210937,0.0023656880948692,46.09293365478516,-9.437419891357422,-0.4011611938476562,282.6358642578125,0.007947557605803,74.95967102050781,-7.227504730224609,0.4208869934082031,290.1722412109375,0.0133356302976608,93.1724624633789,2.919707912951708e-05,5.57224757358199e-06,6.551199913024902,-5.15032434463501,0.8948356509208679,3.99326891056262e-05,1.619593967916444e-05,61.9315185546875,3.879695892333984
NEG_20120802_01925,,,2012-08-02 00:00:00,2012-08-02,2012,8,0,,BG,12.5,,,,IBTRACS_ERA5,OBS,0,12.5,265.0,,,4278.485325770876,val,-0.9961946980917455,-0.0871557427476582,-0.8660254037844385,-0.5000000000000004,-5.427631378173828,-3.723541259765625,219.49057006835935,4.996229108655825e-05,38.7932243347168,-4.8712158203125,-1.9861412048339844,242.10081481933597,0.0003636500914581,37.94133758544922,-6.260993957519531,1.1634025573730469,267.84381103515625,0.0030203110072761,58.70072555541992,-7.148357391357422,-0.2187881469726562,282.1204833984375,0.0072190989740192,70.50995635986328,-7.082241058349609,1.0466194152832031,291.0438232421875,0.0108975619077682,72.02339935302734,-4.958884346706327e-06,1.549424632685259e-05,5.048976898193359,-6.158087730407715,-0.7436897158622742,2.225841672043316e-05,3.33085008605849e-05,69.38599395751953,1.5675994157791138
NEG_20120802_02366,,,2012-08-02 00:00:00,2012-08-02,2012,8,0,,BG,27.5,,,,IBTRACS_ERA5,OBS,0,27.5,322.5,,,2117.6913759791587,val,-0.608761429008721,0.7933533402912349,-0.8660254037844385,-0.5000000000000004,11.098247528076172,22.83358764648437,220.5648498535156,2.3203068849397823e-05,15.858691215515137,13.05322265625,24.45636367797852,240.22520446777344,0.0001723415189189,21.53788185119629,2.3946456909179688,2.409740447998047,264.0472412109375,0.0006086028297431,15.86118984222412,3.184528350830078,-1.4612197875976562,281.240966796875,0.0041352291591465,42.884159088134766,-4.791591644287109,-2.661144256591797,286.9786376953125,0.007739171385765,66.47891998291016,-1.7627738998271525e-05,4.715129307442112e-06,30.04111099243164,4.9878106117248535,9.11546516418457,7.982339411682915e-06,4.294935934012756e-05,32.66453170776367,6.081211090087891
NEG_20120802_02493,,,2012-08-02 00:00:00,2012-08-02,2012,8,0,,BG,2.5,,,,IBTRACS_ERA5,OBS,0,2.5,290.0,,,1989.6195373026328,val,-0.9396926207859084,0.342020143325669,-0.8660254037844385,-0.5000000000000004,-11.498920440673828,-0.774322509765625,221.52194213867188,3.1322801078204066e-05,19.13176727294922,-12.4154052734375,-1.3516197204589844,240.68028259277344,0.0003421700384933,40.91753768920898,-7.823738098144531,-4.247486114501953,267.13214111328125,0.0032960569951683,67.63433074951172,-4.017253875732422,0.1042098999023437,281.1060791015625,0.0087028369307518,91.08892822265624,0.2163429260253906,3.441150665283203,289.8360595703125,0.0113643854856491,81.12735748291016,-1.058766974892933e-05,-1.659784174989909e-06,12.450606346130373,-7.107794761657715,-0.5656135678291321,1.523018545412924e-05,7.036484475975158e-06,80.4213638305664,2.186272621154785
NEG_20120802_03870,,,2012-08-02 00:00:00,2012-08-02,2012,8,0,,BG,20.0,,,,IBTRACS_ERA5,OBS,0,20.0,27.5,,,8241.59501146078,val,0.4617486132350339,0.8870108331782217,-0.8660254037844385,-0.5000000000000004,-2.661029815673828,1.354583740234375,221.80294799804688,4.0954539144877344e-05,24.20766258239746,-2.7999267578125,3.426456451416016,242.97935485839844,0.0003602898796088,34.580955505371094,-3.0527420043945312,3.386547088623047,267.36553955078125,0.0036137795541435,72.84261322021484,-2.773113250732422,-0.2656631469726562,285.0042724609375,0.0075860247015953,61.0411262512207,-3.0871238708496094,1.4167366027832031,300.1038818359375,0.0081243962049484,30.726364135742188,-1.2849152881244665e-05,-2.0726578441099264e-05,0.4306032061576843,-2.8747870922088623,1.863732099533081,2.9331855330383405e-05,2.513533218007069e-05,52.32746124267578,0.4306032061576843
IBT_2012215N12313_2012080300,2012215N12313,ERNESTO,2012-08-03 00:00:00,2012-08-03,2012,8,0,,TS,13.399999618530272,302.5,45.0,1005.0,IBTRACS_ERA5,OBS,1,13.399999618530272,302.5,2012215N12313,ERNESTO,0.0,val,-0.8433914458128857,0.5372996083468239,-0.8660254037844385,-0.5000000000000004,2.3106002807617188,1.0214309692382812,219.52784729003903,7.758616266073659e-05,59.97433471679688,-2.2675437927246094,-0.9483489990234376,242.27980041503903,0.0006307355361059,64.69461059570312,-4.0135498046875,3.198719024658203,267.55035400390625,0.0035680346190929,70.91331481933594,-5.545234680175781,6.388214111328125,281.9832763671875,0.0078289816156029,77.18307495117188,-6.283027648925781,7.845588684082031,290.64776611328125,0.0129321720451116,87.65203857421875,1.9207513105357062e-05,2.101143945765216e-05,10.97358512878418,-3.1597511768341064,3.5011208057403564,3.266601197537966e-05,2.6782534405356276e-05,63.167030334472656,0.3626071214675903
IBT_2012215N12313_2012080306,2012215N12313,ERNESTO,2012-08-03 06:00:00,2012-08-03,2012,8,6,,TS,13.600000381469728,300.29998779296875,40.0,1005.0,IBTRACS_ERA5,OBS,1,13.600000381469728,300.29998779296875,2012215N12313,ERNESTO,0.0,val,-0.8633956580978192,0.5045274398660926,-0.8660254037844385,-0.5000000000000004,-6.268745422363281,5.233711242675781,219.9450225830078,7.961644587339833e-05,58.56090545654297,-5.655117034912109,-2.899032592773437,242.35694885253903,0.0004771306412294,48.58125686645508,-4.32275390625,0.3237190246582031,268.0804443359375,0.0027447752654552,52.394805908203125,-6.260810852050781,3.277923583984375,282.3153076171875,0.0069837579503655,67.31531524658203,-6.564033508300781,5.023262023925781,290.51080322265625,0.0132896210998296,90.86481475830078,3.266601197537966e-05,1.9146460545016453e-05,0.3626071214675903,-5.814291954040527,2.1919167041778564,3.266601197537966e-05,2.6782534405356276e-05,64.39729309082031,0.3626071214675903
IBT_2012215N12313_2012080312,2012215N12313,ERNESTO,2012-08-03 12:00:00,2012-08-03,2012,8,12,,TS,13.699999809265137,298.3999938964844,40.0,1003.0,IBTRACS_ERA5,OBS,1,13.699999809265137,298.3999938964844,2012215N12313,ERNESTO,0.0,val,-0.879648623533167,0.4756241153644384,-0.8660254037844385,-0.5000000000000004,-6.678657531738281,5.758613586425781,219.6399688720703,6.877678242744878e-05,52.45836639404297,-5.515834808349609,-2.230819702148437,242.0409698486328,0.0003692145692184,38.74249267578125,-6.1405029296875,-2.575084686279297,267.978271484375,0.0021008662879467,40.41571807861328,-8.279975891113281,-3.826873779296875,282.717041015625,0.0058266082778573,54.6544075012207,-3.884956359863281,-2.0654830932617188,290.85186767578125,0.0124709513038396,83.4344253540039,2.8991857107030228e-05,1.7804657545639202e-05,8.307903289794922,-6.099985599517822,-0.9879295229911804,3.266601197537966e-05,2.6782534405356276e-05,62.248836517333984,0.3626071214675903
IBT_2012215N12313_2012080318,2012215N12313,ERNESTO,2012-08-03 18:00:00,2012-08-03,2012,8,18,,TS,13.800000190734863,296.70001220703125,40.0,1003.0,IBTRACS_ERA5,OBS,1,13.800000190734863,296.70001220703125,2012215N12313,ERNESTO,0.0,val,-0.8933712925991072,0.4493191889512402,-0.8660254037844385,-0.5000000000000004,-0.2882766723632812,6.385322570800781,219.8357696533203,7.199636456789449e-05,53.64841079711914,-2.9283103942871094,-2.767196655273437,242.09852600097656,0.000273875077255,28.5809268951416,-10.3095703125,-1.7334098815917969,268.0220947265625,0.0020716600120067,39.72138595581055,-11.22077178955078,-3.409698486328125,282.8377685546875,0.0056901280768215,52.9404525756836,-11.01178741455078,-2.1140670776367188,291.07525634765625,0.0117236282676458,77.3283462524414,3.097363151027821e-05,1.1490187716844956e-05,13.683321952819824,-7.151743412017822,-0.7278099060058594,3.266601197537966e-05,2.6782534405356276e-05,53.6473388671875,0.3626071214675903
IBT_2012216N12337_2012080306,2012216N12337,FLORENCE,2012-08-03 06:00:00,2012-08-03,2012,8,6,,DS,12.199999809265137,336.8999938964844,25.0,1011.0,IBTRACS_ERA5,OBS,1,12.199999809265137,336.8999938964844,2012216N12337,FLORENCE,0.0,val,-0.3923372145888722,0.9198214555274546,-0.8660254037844385,-0.5000000000000004,-6.176948547363281,-0.5079879760742188,219.09230041503903,6.807829049648717e-05,55.4392204284668,-6.145595550537109,2.4295806884765625,242.6284942626953,0.0005953229265287,59.07130813598633,-9.4674072265625,3.767688751220703,267.4052124023437,0.003960695117712,79.59387969970703,-9.61823272705078,6.456939697265625,281.956787109375,0.0077943811193108,76.9804916381836,-1.5333938598632812,6.531440734863281,290.75714111328125,0.012346914038062,83.10419464111328,3.6214172723703086e-05,2.247916927444749e-05,8.433039665222168,-6.588315486907959,3.735532283782959,4.930233990307897e-05,3.6046767490915954e-05,71.47549438476562,1.9912797212600708
IBT_2012216N12337_2012080312,2012216N12337,FLORENCE,2012-08-03 12:00:00,2012-08-03,2012,8,12,,DS,12.5,335.5,30.0,1010.0,IBTRACS_ERA5,OBS,1,12.5,335.5,2012216N12337,FLORENCE,0.0,val,-0.4146932426562393,0.9099612708765432,-0.8660254037844385,-0.5000000000000004,-6.181343078613281,0.3633499145507812,219.6610870361328,7.847836968721822e-05,59.70759963989258,-10.02596664428711,1.7987213134765625,243.0035552978516,0.0006418145494535,61.46110916137695,-6.920166015625,1.0881233215332031,267.740966796875,0.0041373185813426,81.04196166992188,-6.402412414550781,2.138275146484375,282.2186279296875,0.0088133513927459,85.50952911376953,-2.644844055175781,0.4666213989257812,290.11383056640625,0.0136784818023443,95.92557525634766,4.930233990307897e-05,3.6046767490915954e-05,3.538006544113159,-6.434946537017822,1.1710182428359983,4.930233990307897e-05,3.6046767490915954e-05,72.77432250976562,1.1658856868743896
IBT_2012216N12337_2012080318,2012216N12337,FLORENCE,2012-08-03 18:00:00,2012-08-03,2012,8,18,,TS,13.0,334.1000061035156,30.0,1009.0,IBTRACS_ERA5,OBS,1,13.0,334.1000061035156,2012216N12337,FLORENCE,0.0,val,-0.4368016925410091,0.8995578254861161,-0.8660254037844385,-0.5000000000000004,-6.181343078613281,0.3633499145507812,219.6610870361328,7.847836968721822e-05,59.70759963989258,-10.02596664428711,1.7987213134765625,243.0035552978516,0.0006418145494535,61.46110916137695,-6.920166015625,1.0881233215332031,267.740966796875,0.0041373185813426,81.04196166992188,-6.402412414550781,2.138275146484375,282.2186279296875,0.0088133513927459,85.50952911376953,-2.644844055175781,0.4666213989257812,290.11383056640625,0.0136784818023443,95.92557525634766,4.930233990307897e-05,3.6046767490915954e-05,3.538006544113159,-6.434946537017822,1.1710182428359983,4.930233990307897e-05,3.6046767490915954e-05,72.77432250976562,1.1658856868743896
NEG_20120803_01926,,,2012-08-03 00:00:00,2012-08-03,2012,8,0,,BG,27.5,,,,IBTRACS_ERA5,OBS,0,27.5,300.0,,,1543.438544257331,val,-0.8660254037844386,0.5000000000000001,-0.8660254037844385,-0.5000000000000004,-0.0748977661132812,-2.5792770385742188,217.1581573486328,4.668673864216544e-05,48.05662155151367,-4.774013519287109,0.9061431884765624,237.7491607666016,0.0001824750652303,29.0835075378418,-4.6728515625,-0.8056755065917969,265.4375,0.0010067634284496,23.540117263793945,-5.616035461425781,-1.792999267578125,281.2479248046875,0.0042803296819329,44.3678092956543,-5.849922180175781,-1.5707321166992188,289.74053955078125,0.0105625297874212,75.86636352539062,5.484098437591456e-06,-3.679100700537674e-06,5.862428665161133,-4.197544097900391,-1.1685081720352173,9.467873496760149e-06,1.2713777323369868e-05,48.92728042602539,1.0518511533737185
NEG_20120803_02795,,,2012-08-03 00:00:00,2012-08-03,2012,8,0,,BG,40.0,,,,IBTRACS_ERA5,OBS,0,40.0,315.0,,,3199.9851955658064,val,-0.7071067811865477,0.7071067811865474,-0.8660254037844385,-0.5000000000000004,-4.862007141113281,-22.08489227294922,217.4533233642578,4.313746831030585e-05,42.83028411865234,-1.9012107849121092,-14.587509155273438,237.66603088378903,0.000302969594486,48.689151763916016,0.696044921875,-4.571300506591797,265.327392578125,0.0010015778243541,23.61989974975586,0.2216110229492187,-6.998565673828125,281.2498779296875,0.0011005110573023,11.405837059020996,-0.6160354614257812,-5.529350280761719,286.32159423828125,0.0059121162630617,53.02123641967773,1.5815574442967772e-05,1.2233090274094138e-06,17.091350555419922,-1.2923195362091064,-10.754323959350586,2.493673673598096e-05,1.1662710676318966e-05,42.96294784545898,2.5564143657684326
NEG_20120803_04380,,,2012-08-03 00:00:00,2012-08-03,2012,8,0,,BG,50.0,,,,IBTRACS_ERA5,OBS,0,50.0,292.5,,,4043.305151450796,val,-0.9238795325112866,0.38268343236509,-0.8660254037844385,-0.5000000000000004,19.69512176513672,12.10919952392578,225.0569610595703,1.82786079676589e-05,7.4410576820373535,16.52090835571289,11.417861938476562,233.7810211181641,0.0001540585508337,36.705997467041016,14.072021484375,6.598133087158203,261.3414306640625,0.0013624541461467,44.01697540283203,11.40105438232422,5.476165771484375,276.7520751953125,0.0053986618295311,76.50434112548828,8.241386413574219,3.171089172363281,286.09283447265625,0.0092207696288824,83.94831848144531,1.150275784311816e-05,3.902442131220596e-06,14.528519630432127,13.986099243164062,7.754489898681641,5.035410868003965e-05,2.175644476665184e-05,68.00332641601562,7.643884658813477
IBT_2012215N12313_2012080400,2012215N12313,ERNESTO,2012-08-04 00:00:00,2012-08-04,2012,8,0,,TS,13.800000190734863,295.20001220703125,40.0,1004.0,IBTRACS_ERA5,OBS,1,13.800000190734863,295.20001220703125,2012215N12313,ERNESTO,0.0,val,-0.9048269617524916,0.425779484341079,-0.8660254037844385,-0.5000000000000004,-0.2440605163574218,5.459754943847656,220.10592651367188,8.372160664293915e-05,60.4151496887207,-8.283271789550781,1.1757278442382812,242.35531616210935,0.0006842659786343,69.68252563476562,-12.177848815917969,5.170665740966797,268.49432373046875,0.004605334252119,85.19579315185547,-12.561847686767578,9.455081939697266,282.5424194335937,0.0084795486181974,80.48472595214844,-12.643959045410156,8.578727722167969,290.562255859375,0.0132602108642458,90.36669921875,3.824412851827219e-05,1.65395722433459e-05,12.786144256591797,-9.18219757080078,5.967991828918457,5.484523717314005e-05,3.054248736589216e-05,64.34442138671875,1.9468684196472168
IBT_2012215N12313_2012080406,2012215N12313,ERNESTO,2012-08-04 06:00:00,2012-08-04,2012,8,6,,TS,13.899999618530272,293.6000061035156,45.0,1005.0,IBTRACS_ERA5,OBS,1,13.899999618530272,293.6000061035156,2012215N12313,ERNESTO,0.0,val,-0.9163626869144758,0.4003491301737553,-0.8660254037844385,-0.5000000000000004,-7.846111297607422,3.386268615722656,220.25180053710935,8.469670137856156e-05,60.07105255126953,-8.709541320800781,1.2929153442382812,242.9849548339844,0.0006063738837838,58.16950225830078,-10.558219909667969,1.2380485534667969,268.58160400390625,0.0039168559014797,71.98255920410156,-9.684650421142578,0.3584022521972656,282.8168334960937,0.0075743030756711,70.57040405273438,-8.938880920410156,0.4168624877929687,291.175048828125,0.0133738173171877,87.65555572509766,5.484523717314005e-05,3.054248736589216e-05,3.164098262786865,-9.147480964660645,1.3384994268417358,5.484523717314005e-05,3.054248736589216e-05,64.25736999511719,1.5863083600997925
IBT_2012215N12313_2012080412,2012215N12313,ERNESTO,2012-08-04 12:00:00,2012-08-04,2012,8,12,,TS,14.199999809265137,292.1000061035156,45.0,1005.0,IBTRACS_ERA5,OBS,1,14.199999809265137,292.1000061035156,2012215N12313,ERNESTO,0.0,val,-0.9265285907939994,0.3762243618391633,-0.8660254037844385,-0.5000000000000004,-7.846111297607422,3.386268615722656,220.25180053710935,8.469670137856156e-05,60.07105255126953,-8.709541320800781,1.2929153442382812,242.9849548339844,0.0006063738837838,58.16950225830078,-10.558219909667969,1.2380485534667969,268.58160400390625,0.0039168559014797,71.98255920410156,-9.684650421142578,0.3584022521972656,282.8168334960937,0.0075743030756711,70.57040405273438,-8.938880920410156,0.4168624877929687,291.175048828125,0.0133738173171877,87.65555572509766,5.484523717314005e-05,3.054248736589216e-05,3.164098262786865,-9.147480964660645,1.3384994268417358,5.484523717314005e-05,3.054248736589216e-05,64.25736999511719,1.5863083600997925
IBT_2012215N12313_2012080418,2012215N12313,ERNESTO,2012-08-04 18:00:00,2012-08-04,2012,8,18,,TS,14.600000381469728,290.5,45.0,1005.0,IBTRACS_ERA5,OBS,1,14.600000381469728,290.5,2012215N12313,ERNESTO,0.0,val,-0.9366721892483976,0.3502073812594672,-0.8660254037844385,-0.5000000000000004,-6.711833953857422,2.611122131347656,220.26779174804688,5.937869718763977e-05,42.03460311889648,-8.207099914550781,-0.7061080932617188,242.4180603027344,0.0004873769066762,49.33688354492188,-10.057731628417969,-4.273181915283203,268.56414794921875,0.002315622055903,42.61186981201172,-9.240558624267578,-5.767086029052734,283.3446655273437,0.0063251978717744,56.8715934753418,-6.918861389160156,-5.339241027832031,291.112548828125,0.0129975927993655,85.52849578857422,2.9909533623140305e-05,1.6267582395812497e-05,7.953058242797852,-8.227216720581055,-2.694899082183838,5.484523717314005e-05,3.054248736589216e-05,58.434207916259766,1.5863083600997925
IBT_2012216N12337_2012080400,2012216N12337,FLORENCE,2012-08-04 00:00:00,2012-08-04,2012,8,0,,TS,13.5,332.70001220703125,30.0,1009.0,IBTRACS_ERA5,OBS,1,13.5,332.70001220703125,2012216N12337,FLORENCE,0.0,val,-0.4586493651618373,0.8886173303715406,-0.8660254037844385,-0.5000000000000004,-1.9982109069824217,-3.967124938964844,219.36624145507807,6.590959674213082e-05,51.94133377075195,-6.322334289550781,4.203804016113281,242.63156127929688,0.0005411515012383,53.680477142333984,-1.0057296752929688,5.943370819091797,267.51025390625,0.0044802688062191,89.31635284423828,1.329753875732422,5.925296783447266,282.34197998046875,0.0082832258194684,79.69638061523438,8.156578063964844,6.265861511230469,289.99951171875,0.0124742342159152,88.12269592285156,2.3581358618685044e-05,2.718347786867525e-05,14.4164400100708,0.0320114120841026,3.674241542816162,5.324967060005292e-05,4.540383815765381e-05,72.61653137207031,0.9291817545890808
IBT_2012216N12337_2012080406,2012216N12337,FLORENCE,2012-08-04 06:00:00,2012-08-04,2012,8,6,,TS,14.100000381469728,331.3999938964844,35.0,1007.0,IBTRACS_ERA5,OBS,1,14.100000381469728,331.3999938964844,2012216N12337,FLORENCE,0.0,val,-0.4786919514690083,0.8779829244346342,-0.8660254037844385,-0.5000000000000004,-2.947673797607422,4.537391662597656,219.80026245117188,6.0041333199478686e-05,44.929481506347656,-6.559638977050781,5.976020812988281,242.62008666992188,0.0003876248083543,38.49303817749024,-11.269157409667969,8.152111053466797,267.42059326171875,0.0039813336916267,79.91474151611328,-13.251789093017578,8.485843658447266,282.9169311523437,0.0077298707328736,71.53456115722656,-6.185951232910156,7.838737487792969,291.793212890625,0.0120457066223025,75.91858673095703,4.082201485289261e-05,2.753055741777644e-05,4.62442684173584,-8.042841911315918,6.998021125793457,5.324967060005292e-05,4.540383815765381e-05,63.45927810668945,0.9291817545890808
IBT_2012216N12337_2012080412,2012216N12337,FLORENCE,2012-08-04 12:00:00,2012-08-04,2012,8,12,,TS,14.699999809265137,330.1000061035156,40.0,1005.0,IBTRACS_ERA5,OBS,1,14.699999809265137,330.1000061035156,2012216N12337,FLORENCE,0.0,val,-0.4984876474063995,0.8668968020377241,-0.8660254037844385,-0.5000000000000004,-6.852458953857422,2.210243225097656,219.89962768554688,7.284841558430344e-05,53.87264633178711,-4.728584289550781,3.173774719238281,243.1031188964844,0.0006201909855008,58.8340072631836,-5.627067565917969,0.9113883972167968,267.81658935546875,0.0031850154045969,62.03013610839844,-8.782062530517578,1.9135780334472656,282.4227905273437,0.0085159670561552,81.4880599975586,-3.972572326660156,0.0489425659179687,291.143310546875,0.0126828802749514,83.294677734375,5.324967060005292e-05,4.540383815765381e-05,3.6006898880004883,-5.992548942565918,1.651585340499878,5.324967060005292e-05,4.540383815765381e-05,66.93182373046875,0.9291817545890808
IBT_2012216N12337_2012080418,2012216N12337,FLORENCE,2012-08-04 18:00:00,2012-08-04,2012,8,18,,TS,15.300000190734863,328.79998779296875,45.0,1003.0,IBTRACS_ERA5,OBS,1,15.300000190734863,328.79998779296875,2012216N12337,FLORENCE,0.0,val,-0.5180271916109439,0.8553641497933371,-0.8660254037844385,-0.5000000000000004,-6.852458953857422,2.210243225097656,219.89962768554688,7.284841558430344e-05,53.87264633178711,-4.728584289550781,3.173774719238281,243.1031188964844,0.0006201909855008,58.8340072631836,-5.627067565917969,0.9113883972167968,267.81658935546875,0.0031850154045969,62.03013610839844,-8.782062530517578,1.9135780334472656,282.4227905273437,0.0085159670561552,81.4880599975586,-3.972572326660156,0.0489425659179687,291.143310546875,0.0126828802749514,83.294677734375,5.324967060005292e-05,4.540383815765381e-05,3.6006898880004883,-5.992548942565918,1.651585340499878,5.324967060005292e-05,4.540383815765381e-05,66.93182373046875,0.9291817545890808
NEG_20120804_00515,,,2012-08-04 00:00:00,2012-08-04,2012,8,0,,BG,15.0,,,,IBTRACS_ERA5,OBS,0,15.0,270.0,,,2203.537271078478,val,-1.0,-1.8369701987210294e-16,-0.8660254037844385,-0.5000000000000004,1.840900421142578,0.7693252563476562,219.54513549804688,7.031242421362549e-05,54.23966979980469,-1.2695999145507812,0.4257278442382812,241.9878845214844,0.0006958441808819,73.38739776611328,-3.3257980346679688,2.732189178466797,267.08953857421875,0.0037672931794077,77.55644226074219,-3.991046905517578,0.7299842834472656,282.5614624023437,0.0077679282985627,73.63529968261719,-1.2533340454101562,-1.1439285278320312,291.424560546875,0.0137033117935061,88.40473937988281,-1.338324295829807e-07,1.2762854566972235e-05,3.637970209121704,-1.5997756719589231,0.7026596069335938,1.844860707933549e-05,2.173967914131936e-05,59.598243713378906,1.0099133253097534
NEG_20120804_01354,,,2012-08-04 00:00:00,2012-08-04,2012,8,0,,BG,45.0,,,,IBTRACS_ERA5,OBS,0,45.0,315.0,,,3547.454028370936,val,-0.7071067811865477,0.7071067811865474,-0.8660254037844385,-0.5000000000000004,13.572345733642578,1.2932510375976562,217.21725463867188,3.0204086215235293e-05,30.866352081298828,13.66301727294922,2.063423156738281,238.4639587402344,0.0003456072590779,51.31875228881836,12.279670715332031,2.038829803466797,265.00994873046875,0.0018021578434854,43.56194686889648,9.555339813232422,1.8510780334472656,279.1840209960937,0.0049671060405671,59.35519409179688,8.130455017089844,3.6607589721679688,287.954345703125,0.0094860447570681,76.46183013916016,-1.920397335197777e-05,-2.97304468404036e-05,5.934582233428955,11.440165519714355,2.1814682483673096,1.9359798898221925e-05,8.953720680437982e-06,51.55360412597656,1.150757074356079
NEG_20120804_02194,,,2012-08-04 00:00:00,2012-08-04,2012,8,0,,BG,5.0,,,,IBTRACS_ERA5,OBS,0,5.0,260.0,,,3503.0951962868485,val,-0.984807753012208,-0.1736481776669303,-0.8660254037844385,-0.5000000000000004,-3.792888641357422,-3.878135681152344,220.11691284179688,2.674236020538956e-05,19.27267837524414,-4.291084289550781,-6.591850280761719,242.7637634277344,0.000292499520583,28.653440475463867,2.1429519653320312,1.4206657409667969,269.3099975585937,0.0006463642348535,11.243898391723633,-6.212726593017578,-3.1308555603027344,282.9096069335937,0.0077001578174531,71.29483795166016,-2.784584045410156,2.5875167846679688,289.788330078125,0.0122805489227175,87.93626403808594,-1.838275602494832e-05,-6.831143309682375e-06,6.543801784515381,-2.987666368484497,-1.9185317754745483,2.0538100216072053e-05,2.027545815508347e-05,69.71366882324219,2.1781277656555176
NEG_20120804_03803,,,2012-08-04 00:00:00,2012-08-04,2012,8,0,,BG,12.5,,,,IBTRACS_ERA5,OBS,0,12.5,307.5,,,1339.4887401989772,val,-0.7933533402912352,0.6087614290087205,-0.8660254037844385,-0.5000000000000004,-3.357341766357422,-3.361412048339844,219.38656616210935,4.481770156417042e-05,35.2337646484375,-1.9204788208007808,-5.119926452636719,242.51968383789065,0.0001688943884801,16.932723999023438,-8.040763854980469,-4.091175079345703,266.332763671875,0.0012925232294946,28.20085334777832,-19.137531280517575,-2.1450157165527344,283.7191772460937,0.0031243241392076,27.39338493347168,-11.251747131347656,-2.1123123168945312,289.664306640625,0.0095151020213961,68.6781997680664,4.695365078077884e-06,1.4350071069202386e-06,7.992614269256592,-8.741572380065918,-3.3659682273864746,1.692488331173081e-05,2.304354711668566e-05,39.869659423828125,1.0413172245025637
NEG_20120804_04043,,,2012-08-04 00:00:00,2012-08-04,2012,8,0,,BG,50.0,,,,IBTRACS_ERA5,OBS,0,50.0,0.0,,,4754.360779899961,val,0.0,1.0,-0.8660254037844385,-0.5000000000000004,20.252033233642575,13.818641662597656,225.96871948242188,6.975969427003292e-06,2.5637595653533936,25.29094696044922,20.82221221923828,228.1822204589844,0.0001082094022422,46.7215690612793,13.435432434082031,11.479747772216797,254.7968292236328,0.0010369832161813,57.52387237548828,9.777507781982422,11.008304595947266,271.0624389648437,0.0030334717594087,64.89199829101562,8.363853454589844,9.224235534667969,280.472412109375,0.0061835898086428,82.16230010986328,-2.0045163182658143e-06,1.865882040874567e-05,12.745092391967772,15.423954963684082,13.270627975463867,4.059811180923134e-05,6.228169513633475e-05,66.51754760742188,2.2326819896698
IBT_2012215N12313_2012080500,2012215N12313,ERNESTO,2012-08-05 00:00:00,2012-08-05,2012,8,0,,TS,15.0,288.5,45.0,1006.0,IBTRACS_ERA5,OBS,1,15.0,288.5,2012215N12313,ERNESTO,0.0,val,-0.9483236552061992,0.3173046564050922,-0.8660254037844385,-0.5000000000000004,-5.727901458740234,1.7920989990234375,220.4337310791016,8.745837112655863e-05,60.708641052246094,-8.014579772949219,1.0035896301269531,243.05332946777344,0.0007747252238914,73.8404541015625,-8.08962631225586,-1.90478515625,267.5975952148437,0.0039815548807382,78.84735107421875,-6.700908660888672,6.677886962890625,282.7622375488281,0.0082261469215154,76.927001953125,-9.828102111816406,7.648307800292969,291.1571655273437,0.0125088430941104,82.07943725585938,3.842541264020838e-05,4.498854832490906e-05,7.148903846740723,-7.6722235679626465,3.043419599533081,4.494877066463232e-05,4.498854832490906e-05,63.217864990234375,0.4737764298915863
IBT_2012215N12313_2012080506,2012215N12313,ERNESTO,2012-08-05 06:00:00,2012-08-05,2012,8,6,,TS,15.0,286.20001220703125,45.0,1006.0,IBTRACS_ERA5,OBS,1,15.0,286.20001220703125,2012215N12313,ERNESTO,0.0,val,-0.9602936262370606,0.2789913106325653,-0.8660254037844385,-0.5000000000000004,-6.977169036865234,1.0694427490234375,220.6021881103516,9.05242850421928e-05,61.59889602661133,-3.4869918823242188,-1.7349357604980469,242.32261657714844,0.0005639110459014,57.605125427246094,-7.088649749755859,-3.512451171875,268.58074951171875,0.0031734202057123,58.32373428344727,-4.901592254638672,1.162261962890625,283.3396301269531,0.0088427271693944,79.53433990478516,-7.247047424316406,0.6800460815429688,291.33172607421875,0.0139649249613285,90.62432861328124,4.494877066463232e-05,1.5497485946980305e-05,0.4737764298915863,-5.940289974212647,-0.4671272337436676,4.494877066463232e-05,4.498854832490906e-05,60.988128662109375,0.4737764298915863
IBT_2012215N12313_2012080512,2012215N12313,ERNESTO,2012-08-05 12:00:00,2012-08-05,2012,8,12,,TS,15.0,283.8999938964844,45.0,1006.0,IBTRACS_ERA5,OBS,1,15.0,283.8999938964844,2012215N12313,ERNESTO,0.0,val,-0.9707165071688244,0.2402279390702875,-0.8660254037844385,-0.5000000000000004,-6.977169036865234,1.0694427490234375,220.6021881103516,9.05242850421928e-05,61.59889602661133,-3.4869918823242188,-1.7349357604980469,242.32261657714844,0.0005639110459014,57.605125427246094,-7.088649749755859,-3.512451171875,268.58074951171875,0.0031734202057123,58.32373428344727,-4.901592254638672,1.162261962890625,283.3396301269531,0.0088427271693944,79.53433990478516,-7.247047424316406,0.6800460815429688,291.33172607421875,0.0139649249613285,90.62432861328124,4.494877066463232e-05,1.5497485946980305e-05,0.4737764298915863,-5.940289974212647,-0.4671272337436676,4.494877066463232e-05,4.498854832490906e-05,60.988128662109375,0.4737764298915863
IBT_2012215N12313_2012080518,2012215N12313,ERNESTO,2012-08-05 18:00:00,2012-08-05,2012,8,18,,TS,15.100000381469728,282.20001220703125,45.0,1005.0,IBTRACS_ERA5,OBS,1,15.100000381469728,282.20001220703125,2012215N12313,ERNESTO,0.0,val,-0.9774158492627156,0.2113250046966621,-0.8660254037844385,-0.5000000000000004,-4.637325286865234,4.6951751708984375,220.86903381347656,6.548381497850642e-05,43.1801872253418,-2.7535934448242188,1.1034431457519531,242.02476501464844,0.0002296519232913,24.13517951965332,-8.77273178100586,-4.714599609375,268.6786499023437,0.001708710566163,31.172557830810547,-6.543437957763672,-4.784515380859375,283.8750305175781,0.0073583624325692,63.84554672241211,-6.412818908691406,-4.882453918457031,291.4652709960937,0.0132919885218143,85.53022766113281,2.6006693587987684e-05,-3.993650807387894e-06,9.740808486938477,-5.823981285095215,-1.716590166091919,4.494877066463232e-05,4.498854832490906e-05,55.84163665771485,0.4737764298915863
IBT_2012216N12337_2012080500,2012216N12337,FLORENCE,2012-08-05 00:00:00,2012-08-05,2012,8,0,,TS,15.800000190734863,327.5,50.0,1002.0,IBTRACS_ERA5,OBS,1,15.800000190734863,327.5,2012216N12337,FLORENCE,0.0,val,-0.5372996083468242,0.8433914458128855,-0.8660254037844385,-0.5000000000000004,-5.722530364990234,4.1392669677734375,219.16749572753903,5.043969576945528e-05,40.706787109375,-3.9376754760742183,5.163013458251953,242.74180603027344,0.0004083988023921,40.09038543701172,-3.43410873413086,4.78466796875,267.42462158203125,0.003497714176774,70.1857681274414,-2.186504364013672,4.261871337890625,283.6489562988281,0.0086538400501012,76.2334976196289,2.6203842163085938,4.223258972167969,290.80487060546875,0.013218555599451,88.70105743408203,3.6387773434398696e-05,2.0551624402287416e-05,8.343337059020996,-2.5320868492126465,4.514415740966797,4.481657379074022e-05,3.353401552885771e-05,62.766746520996094,4.18086576461792
IBT_2012216N12337_2012080506,2012216N12337,FLORENCE,2012-08-05 06:00:00,2012-08-05,2012,8,6,,TS,16.100000381469727,326.20001220703125,50.0,1002.0,IBTRACS_ERA5,OBS,1,16.100000381469727,326.20001220703125,2012216N12337,FLORENCE,0.0,val,-0.5562954384566516,0.8309845877946965,-0.8660254037844385,-0.5000000000000004,-5.264766693115234,0.6436614990234375,219.85926818847656,5.4699099564459175e-05,40.64551544189453,-2.7706832885742188,3.341724395751953,242.35142517089844,0.0002605085028335,26.538818359375,-3.35866928100586,4.450439453125,267.9169311523437,0.0022482071071863,43.45233154296875,-4.213115692138672,0.352203369140625,283.1501770019531,0.0074390969239175,67.76890563964844,2.8545150756835938,-0.1095046997070312,290.47088623046875,0.0125121213495731,85.76698303222656,4.481657379074022e-05,2.9460137739079076e-05,8.154139518737793,-2.550544023513794,1.735704779624939,4.481657379074022e-05,3.353401552885771e-05,65.47613525390625,4.18086576461792
IBT_2012216N12337_2012080512,2012216N12337,FLORENCE,2012-08-05 12:00:00,2012-08-05,2012,8,12,,TS,16.200000762939453,325.0,45.0,1004.0,IBTRACS_ERA5,OBS,1,16.200000762939453,325.0,2012216N12337,FLORENCE,0.0,val,-0.5735764363510465,0.8191520442889916,-0.8660254037844385,-0.5000000000000004,-5.264766693115234,0.6436614990234375,219.85926818847656,5.4699099564459175e-05,40.64551544189453,-2.7706832885742188,3.341724395751953,242.35142517089844,0.0002605085028335,26.538818359375,-3.35866928100586,4.450439453125,267.9169311523437,0.0022482071071863,43.45233154296875,-4.213115692138672,0.352203369140625,283.1501770019531,0.0074390969239175,67.76890563964844,2.8545150756835938,-0.1095046997070312,290.47088623046875,0.0125121213495731,85.76698303222656,4.481657379074022e-05,2.9460137739079076e-05,8.154139518737793,-2.550544023513794,1.735704779624939,4.481657379074022e-05,3.353401552885771e-05,65.47613525390625,4.18086576461792
IBT_2012216N12337_2012080518,2012216N12337,FLORENCE,2012-08-05 18:00:00,2012-08-05,2012,8,18,,TS,16.200000762939453,323.79998779296875,45.0,1005.0,IBTRACS_ERA5,OBS,1,16.200000762939453,323.79998779296875,2012216N12337,FLORENCE,0.0,val,-0.5906058395451365,0.8069601863135408,-0.8660254037844385,-0.5000000000000004,-5.264766693115234,0.6436614990234375,219.85926818847656,5.4699099564459175e-05,40.64551544189453,-2.7706832885742188,3.341724395751953,242.35142517089844,0.0002605085028335,26.538818359375,-3.35866928100586,4.450439453125,267.9169311523437,0.0022482071071863,43.45233154296875,-4.213115692138672,0.352203369140625,283.1501770019531,0.0074390969239175,67.76890563964844,2.8545150756835938,-0.1095046997070312,290.47088623046875,0.0125121213495731,85.76698303222656,4.481657379074022e-05,2.9460137739079076e-05,8.154139518737793,-2.550544023513794,1.735704779624939,4.481657379074022e-05,3.353401552885771e-05,65.47613525390625,4.18086576461792
NEG_20120805_01024,,,2012-08-05 00:00:00,2012-08-05,2012,8,0,,BG,20.0,,,,IBTRACS_ERA5,OBS,0,20.0,302.5,,,1584.4756775540425,val,-0.8433914458128857,0.5372996083468239,-0.8660254037844385,-0.5000000000000004,21.84753799438477,-9.183486938476562,218.8352203369141,2.9934300982858986e-05,25.1409854888916,5.118232727050781,-1.4666252136230469,238.49681091308597,0.0001430761767551,21.17641258239746,0.6589088439941406,-1.875244140625,263.8734741210937,0.0011383984237909,30.07627296447754,-0.3698539733886719,-1.899261474609375,282.9016418457031,0.0034751200582832,32.19303131103516,-6.682106018066406,-3.1600418090820312,290.8339233398437,0.0087303854525089,58.47565078735352,-1.0501917131477969e-05,-4.166548933426384e-06,29.1585750579834,4.114543914794922,-3.5169320106506348,6.094621767260833e-06,2.183384094678331e-05,43.315528869628906,4.046831130981445
NEG_20120805_01106,,,2012-08-05 00:00:00,2012-08-05,2012,8,0,,BG,40.0,,,,IBTRACS_ERA5,OBS,0,40.0,332.5,,,2726.610421073477,val,-0.4617486132350336,0.8870108331782218,-0.8660254037844385,-0.5000000000000004,14.672489166259766,-14.604629516601562,216.7922515869141,2.8769683922291733e-05,30.972835540771484,12.45709991455078,-12.552318572998049,237.44493103027344,0.000221497262828,36.38842010498047,7.693576812744141,-10.967041015625,264.85113525390625,0.0009482596069574,23.20683860778809,3.087421417236328,-6.721282958984375,277.9717102050781,0.0017990075284615,23.39511108398437,0.7929916381835938,-3.6016921997070312,285.02752685546875,0.0047117210924625,46.02742385864258,-8.522682946932036e-06,-8.319233529618941e-06,17.711721420288086,7.740715980529785,-9.689393043518066,1.5685232028772589e-06,3.594738245737972e-06,31.6665096282959,12.51429271697998
IBT_2012215N12313_2012080600,2012215N12313,ERNESTO,2012-08-06 00:00:00,2012-08-06,2012,8,0,,TS,15.199999809265137,281.1000061035156,45.0,1003.0,IBTRACS_ERA5,OBS,1,15.199999809265137,281.1000061035156,2012215N12313,ERNESTO,0.0,val,-0.9812926434835592,0.1925220710595242,-0.8660254037844385,-0.5000000000000004,-3.4683494567871094,0.6535835266113281,221.2800445556641,9.77505842456594e-05,61.41979598999024,-1.0040397644042969,-1.2298545837402344,243.7325439453125,0.0007036281749606,62.90582656860352,0.1339492797851562,-0.1395187377929687,268.3438720703125,0.0035998127423226,67.35723114013672,-0.3702507019042969,2.9684829711914062,283.0621337890625,0.007659263908863,70.19000244140625,2.3866119384765625,2.431041717529297,291.9173583984375,0.0142860803753137,89.33509063720703,5.85767556913197e-05,3.824124360107817e-05,6.1188178062438965,-0.4644157290458679,0.9367469549179076,5.85767556913197e-05,3.951273538405076e-05,65.50798797607422,2.223522663116455
IBT_2012215N12313_2012080606,2012215N12313,ERNESTO,2012-08-06 06:00:00,2012-08-06,2012,8,6,,TS,15.399999618530272,280.3999938964844,50.0,998.0,IBTRACS_ERA5,OBS,1,15.399999618530272,280.3999938964844,2012215N12313,ERNESTO,0.0,val,-0.9835714900434428,0.1805190404741881,-0.8660254037844385,-0.5000000000000004,-3.4683494567871094,0.6535835266113281,221.2800445556641,9.77505842456594e-05,61.41979598999024,-1.0040397644042969,-1.2298545837402344,243.7325439453125,0.0007036281749606,62.90582656860352,0.1339492797851562,-0.1395187377929687,268.3438720703125,0.0035998127423226,67.35723114013672,-0.3702507019042969,2.9684829711914062,283.0621337890625,0.007659263908863,70.19000244140625,2.3866119384765625,2.431041717529297,291.9173583984375,0.0142860803753137,89.33509063720703,5.85767556913197e-05,3.824124360107817e-05,6.1188178062438965,-0.4644157290458679,0.9367469549179076,5.85767556913197e-05,3.951273538405076e-05,65.50798797607422,2.223522663116455
IBT_2012215N12313_2012080612,2012215N12313,ERNESTO,2012-08-06 12:00:00,2012-08-06,2012,8,12,,TS,15.699999809265137,279.79998779296875,55.0,996.0,IBTRACS_ERA5,OBS,1,15.699999809265137,279.79998779296875,2012215N12313,ERNESTO,0.0,val,-0.985407934747093,0.1702092892220305,-0.8660254037844385,-0.5000000000000004,-3.4683494567871094,0.6535835266113281,221.2800445556641,9.77505842456594e-05,61.41979598999024,-1.0040397644042969,-1.2298545837402344,243.7325439453125,0.0007036281749606,62.90582656860352,0.1339492797851562,-0.1395187377929687,268.3438720703125,0.0035998127423226,67.35723114013672,-0.3702507019042969,2.9684829711914062,283.0621337890625,0.007659263908863,70.19000244140625,2.3866119384765625,2.431041717529297,291.9173583984375,0.0142860803753137,89.33509063720703,5.85767556913197e-05,3.824124360107817e-05,6.1188178062438965,-0.4644157290458679,0.9367469549179076,5.85767556913197e-05,3.951273538405076e-05,65.50798797607422,2.223522663116455
IBT_2012215N12313_2012080618,2012215N12313,ERNESTO,2012-08-06 18:00:00,2012-08-06,2012,8,18,,TS,16.200000762939453,278.79998779296875,55.0,995.0,IBTRACS_ERA5,OBS,1,16.200000762939453,278.79998779296875,2012215N12313,ERNESTO,0.0,val,-0.9882284140406046,0.1529856257391246,-0.8660254037844385,-0.5000000000000004,-3.4683494567871094,0.6535835266113281,221.2800445556641,9.77505842456594e-05,61.41979598999024,-1.0040397644042969,-1.2298545837402344,243.7325439453125,0.0007036281749606,62.90582656860352,0.1339492797851562,-0.1395187377929687,268.3438720703125,0.0035998127423226,67.35723114013672,-0.3702507019042969,2.9684829711914062,283.0621337890625,0.007659263908863,70.19000244140625,2.3866119384765625,2.431041717529297,291.9173583984375,0.0142860803753137,89.33509063720703,5.85767556913197e-05,3.824124360107817e-05,6.1188178062438965,-0.4644157290458679,0.9367469549179076,5.85767556913197e-05,3.951273538405076e-05,65.50798797607422,2.223522663116455
IBT_2012216N12337_2012080600,2012216N12337,FLORENCE,2012-08-06 00:00:00,2012-08-06,2012,8,0,,TS,16.200000762939453,322.70001220703125,35.0,1008.0,IBTRACS_ERA5,OBS,1,16.200000762939453,322.70001220703125,2012216N12337,FLORENCE,0.0,val,-0.6059882307877759,0.7954736099624559,-0.8660254037844385,-0.5000000000000004,-6.975185394287109,3.535175323486328,219.50685119628903,3.784512227866799e-05,29.32779312133789,-3.578258514404297,4.536014556884766,242.1785888671875,0.0002434654161334,25.214223861694336,-4.703697204589844,4.126594543457031,267.2608642578125,0.0026045937556773,52.9221076965332,-4.854625701904297,2.9435806274414062,284.2742919921875,0.0068878605961799,58.18706130981445,0.8211822509765625,1.3653678894042969,291.2408447265625,0.0119221601635217,77.81533813476562,2.7345657144906e-05,4.879869266005699e-06,8.092676162719727,-3.858116865158081,3.30134654045105,3.134040889563039e-05,3.676070627989248e-05,52.9879264831543,1.419121026992798
IBT_2012216N12337_2012080606,2012216N12337,FLORENCE,2012-08-06 06:00:00,2012-08-06,2012,8,6,,TS,16.299999237060547,321.6000061035156,30.0,1009.0,IBTRACS_ERA5,OBS,1,16.299999237060547,321.6000061035156,2012216N12337,FLORENCE,0.0,val,-0.6211476967942301,0.7836935234944992,-0.8660254037844385,-0.5000000000000004,-4.741054534912109,2.949726104736328,219.82814025878903,4.512573650572449e-05,33.65617370605469,-1.1422233581542969,5.025516510009766,242.64251708984372,0.0002050539478659,20.31955909729004,-9.221641540527344,3.5094070434570312,266.19390869140625,0.0030119768343865,66.42366027832031,-14.176769256591797,3.978614807128906,284.8536376953125,0.0057400241494178,46.652374267578125,-9.350814819335938,1.9983024597167969,291.2100830078125,0.0122058484703302,79.8226547241211,1.4138212463876698e-05,3.3862265809148084e-06,4.706920146942139,-7.726500511169434,3.4923133850097656,3.134040889563039e-05,3.676070627989248e-05,44.1719970703125,1.419121026992798
IBT_2012216N12337_2012080612,2012216N12337,FLORENCE,2012-08-06 12:00:00,2012-08-06,2012,8,12,,DS,16.399999618530273,320.3999938964844,30.0,1009.0,IBTRACS_ERA5,OBS,1,16.399999618530273,320.3999938964844,2012216N12337,FLORENCE,0.0,val,-0.6374240718287215,0.7705131748732742,-0.8660254037844385,-0.5000000000000004,-4.084804534912109,1.947772979736328,219.8801422119141,5.010505265090615e-05,37.13947677612305,-2.570934295654297,1.9364051818847656,242.5606689453125,9.562355990055948e-05,9.549609184265137,-12.277915954589844,3.3333816528320312,266.3553466796875,0.0026390156708657,57.47917175292969,-13.639781951904297,1.9418716430664065,284.1385498046875,0.0071542933583259,60.98896789550781,-9.957138061523438,0.0670280456542968,290.8775634765625,0.0127449426800012,85.12821197509766,2.4474029487464577e-05,2.1787298464914784e-05,6.1661577224731445,-8.506114959716797,1.8452918529510496,3.134040889563039e-05,3.676070627989248e-05,45.786895751953125,1.419121026992798
IBT_2012216N12337_2012080618,2012216N12337,FLORENCE,2012-08-06 18:00:00,2012-08-06,2012,8,18,,DS,16.5,319.1000061035156,30.0,1009.0,IBTRACS_ERA5,OBS,1,16.5,319.1000061035156,2012216N12337,FLORENCE,0.0,val,-0.6547407331989542,0.7558535389148455,-0.8660254037844385,-0.5000000000000004,-4.084804534912109,1.947772979736328,219.8801422119141,5.010505265090615e-05,37.13947677612305,-2.570934295654297,1.9364051818847656,242.5606689453125,9.562355990055948e-05,9.549609184265137,-12.277915954589844,3.3333816528320312,266.3553466796875,0.0026390156708657,57.47917175292969,-13.639781951904297,1.9418716430664065,284.1385498046875,0.0071542933583259,60.98896789550781,-9.957138061523438,0.0670280456542968,290.8775634765625,0.0127449426800012,85.12821197509766,2.4474029487464577e-05,2.1787298464914784e-05,6.1661577224731445,-8.506114959716797,1.8452918529510496,3.134040889563039e-05,3.676070627989248e-05,45.786895751953125,1.419121026992798
NEG_20120806_00769,,,2012-08-06 00:00:00,2012-08-06,2012,8,0,,BG,2.5,,,,IBTRACS_ERA5,OBS,0,2.5,12.5,,,5653.803735236143,val,0.2164396139381028,0.9762960071199334,-0.8660254037844385,-0.5000000000000004,-22.60067367553711,-6.718242645263672,218.77442932128903,4.4801170588471e-05,37.903350830078125,-13.380626678466797,0.6235389709472656,241.29315185546875,0.0003585731610655,40.41947555541992,-3.107017517089844,-1.7214279174804688,266.53326416015625,0.0039557120762765,84.98599243164062,-1.3923454284667969,-2.0937728881835938,281.939208984375,0.0082887038588523,81.96055603027344,6.9181060791015625,-0.8824348449707031,289.741455078125,0.0127712581306695,91.7253875732422,-6.654338449152419e-06,-3.505696440697648e-06,30.09011459350586,-6.7125115394592285,-2.1584677696228027,1.7406839560862863e-06,1.3202738045947626e-05,79.34539794921875,17.50530433654785
NEG_20120806_04455,,,2012-08-06 00:00:00,2012-08-06,2012,8,0,,BG,0.0,,,,IBTRACS_ERA5,OBS,0,0.0,282.5,,,1697.1485267296707,val,-0.9762960071199336,0.2164396139381024,-0.8660254037844385,-0.5000000000000004,-2.5530662536621094,0.0024604797363281,219.5290679931641,5.4517193348146975e-05,42.13579559326172,-9.227672576904297,-1.5423545837402344,243.24560546875,0.0001455722522223,13.625045776367188,-8.191734313964844,0.6568679809570312,266.7342529296875,0.0032831630669534,69.45584106445312,-0.4168815612792969,4.327125549316406,280.2603759765625,0.0067565813660621,74.94629669189453,0.0308990478515625,3.266002655029297,289.6326904296875,0.0093787107616662,67.8312759399414,1.30502639876795e-05,-8.813395652396139e-06,4.162641525268555,-4.071691036224365,1.3420203924179075,1.490868362452602e-05,6.55158146400936e-06,56.34870910644531,3.4837934970855717
IBT_2012215N12313_2012080700,2012215N12313,ERNESTO,2012-08-07 00:00:00,2012-08-07,2012,8,0,,TS,16.700000762939453,277.79998779296875,55.0,994.0,IBTRACS_ERA5,OBS,1,16.700000762939453,277.79998779296875,2012215N12313,ERNESTO,0.0,val,-0.9907478693860156,0.1357153613526135,-0.8660254037844385,-0.5000000000000004,-4.215976715087891,3.531822204589844,221.154052734375,9.487794886808842e-05,60.50211715698242,-6.193172454833984,3.5755615234375,244.53521728515625,0.0009232280426658,76.56488800048828,-4.917201995849609,8.809322357177734,268.3946533203125,0.004812859930098,89.7092056274414,-7.192859649658203,9.529685974121094,282.3017272949219,0.0076935235410928,74.22496032714844,-9.19888687133789,10.752910614013672,291.45867919921875,0.0130769778043031,84.18183898925781,5.3948533604852855e-05,5.907098966417834e-05,8.773454666137695,-6.343619346618652,7.239860534667969,7.414583524223417e-05,6.247300188988447e-05,63.403076171875,2.249046802520752
IBT_2012215N12313_2012080706,2012215N12313,ERNESTO,2012-08-07 06:00:00,2012-08-07,2012,8,6,,TS,17.299999237060547,276.70001220703125,55.0,993.0,IBTRACS_ERA5,OBS,1,17.299999237060547,276.70001220703125,2012215N12313,ERNESTO,0.0,val,-0.993170624681426,0.1166709486972046,-0.8660254037844385,-0.5000000000000004,-4.215976715087891,3.531822204589844,221.154052734375,9.487794886808842e-05,60.50211715698242,-6.193172454833984,3.5755615234375,244.53521728515625,0.0009232280426658,76.56488800048828,-4.917201995849609,8.809322357177734,268.3946533203125,0.004812859930098,89.7092056274414,-7.192859649658203,9.529685974121094,282.3017272949219,0.0076935235410928,74.22496032714844,-9.19888687133789,10.752910614013672,291.45867919921875,0.0130769778043031,84.18183898925781,5.3948533604852855e-05,5.907098966417834e-05,8.773454666137695,-6.343619346618652,7.239860534667969,7.414583524223417e-05,6.247300188988447e-05,63.403076171875,2.249046802520752
IBT_2012215N12313_2012080712,2012215N12313,ERNESTO,2012-08-07 12:00:00,2012-08-07,2012,8,12,,TS,17.799999237060547,275.6000061035156,65.0,988.0,IBTRACS_ERA5,OBS,1,17.799999237060547,275.6000061035156,2012215N12313,ERNESTO,0.0,val,-0.9952273895866662,0.0975830057771844,-0.8660254037844385,-0.5000000000000004,-5.897373199462891,-2.667762756347656,221.1964111328125,9.439668792765588e-05,59.89684677124024,-7.098567962646484,-4.6390380859375,244.530517578125,0.0008688499801792,72.08679962158203,-1.1142234802246094,-3.7816200256347656,268.750244140625,0.0050516808405518,91.66239166259766,0.8835563659667969,-1.9412612915039065,282.7682800292969,0.0091303382068872,85.34769439697266,1.3577537536621094,-1.667987823486328,291.1220092773437,0.013241546228528,87.08143615722656,7.414583524223417e-05,6.247300188988447e-05,7.323688983917236,-2.3737709522247314,-2.9395339488983154,7.414583524223417e-05,6.247300188988447e-05,68.53726196289062,2.249046802520752
IBT_2012215N12313_2012080718,2012215N12313,ERNESTO,2012-08-07 18:00:00,2012-08-07,2012,8,18,,TS,18.399999618530277,274.29998779296875,75.0,983.0,IBTRACS_ERA5,OBS,1,18.399999618530277,274.29998779296875,2012215N12313,ERNESTO,0.0,val,-0.9971851494995272,0.0749785143731545,-0.8660254037844385,-0.5000000000000004,-5.897373199462891,-2.667762756347656,221.1964111328125,9.439668792765588e-05,59.89684677124024,-7.098567962646484,-4.6390380859375,244.530517578125,0.0008688499801792,72.08679962158203,-1.1142234802246094,-3.7816200256347656,268.750244140625,0.0050516808405518,91.66239166259766,0.8835563659667969,-1.9412612915039065,282.7682800292969,0.0091303382068872,85.34769439697266,1.3577537536621094,-1.667987823486328,291.1220092773437,0.013241546228528,87.08143615722656,7.414583524223417e-05,6.247300188988447e-05,7.323688983917236,-2.3737709522247314,-2.9395339488983154,7.414583524223417e-05,6.247300188988447e-05,68.53726196289062,2.249046802520752
IBT_2012216N12337_2012080700,2012216N12337,FLORENCE,2012-08-07 00:00:00,2012-08-07,2012,8,0,,DS,16.700000762939453,317.5,25.0,1010.0,IBTRACS_ERA5,OBS,1,16.700000762939453,317.5,2012216N12337,FLORENCE,0.0,val,-0.6755902076156605,0.7372773368101239,-0.8660254037844385,-0.5000000000000004,-5.134067535400391,5.890586853027344,219.24151611328125,3.361229028087109e-05,26.88703346252441,-3.1769371032714844,1.5526123046875,242.23052978515625,8.916905062505975e-05,9.18910026550293,-9.29171371459961,3.7359580993652335,265.457275390625,0.0027097323909401,63.26176071166992,-13.131824493408203,4.787498474121094,284.3616638183594,0.0043126884847879,36.22052001953125,-8.28519058227539,2.408428192138672,291.23309326171875,0.0127053130418062,82.96773529052734,9.213868906954303e-06,5.33205047759111e-06,4.69627571105957,-7.803946495056152,3.6750168800354,2.138770832971204e-05,2.42612513829954e-05,40.92458724975586,3.544400691986084
IBT_2012216N12337_2012080706,2012216N12337,FLORENCE,2012-08-07 06:00:00,2012-08-07,2012,8,6,,DS,16.899999618530273,315.70001220703125,25.0,1010.0,IBTRACS_ERA5,OBS,1,16.899999618530273,315.70001220703125,2012216N12337,FLORENCE,0.0,val,-0.6984151329505868,0.7156928825031127,-0.8660254037844385,-0.5000000000000004,-6.056308746337891,4.528038024902344,219.036865234375,3.963678318541497e-05,32.49334716796875,-4.619808197021484,-0.9356689453125,241.7337646484375,8.908337622415274e-05,9.626238822937012,-9.76729965209961,2.6485557556152344,265.8829345703125,0.0019216770306229,43.408912658691406,-12.118152618408203,4.459373474121094,283.8979187011719,0.0059768054634332,51.7788314819336,-10.35879898071289,1.666973114013672,291.14959716796875,0.0130908656865358,85.9397964477539,1.5142953998292796e-05,2.325802779523656e-05,5.166924953460693,-8.584074020385742,2.473454236984253,2.138770832971204e-05,2.42612513829954e-05,43.478759765625,3.434619426727295
IBT_2012216N12337_2012080712,2012216N12337,FLORENCE,2012-08-07 12:00:00,2012-08-07,2012,8,12,,DS,17.200000762939453,313.70001220703125,25.0,1010.0,IBTRACS_ERA5,OBS,1,17.200000762939453,313.70001220703125,2012216N12337,FLORENCE,0.0,val,-0.7229669987150598,0.6908825651070801,-0.8660254037844385,-0.5000000000000004,-5.004062652587891,5.202598571777344,219.06768798828125,5.619849252980202e-05,45.90022659301758,-3.5377769470214844,1.8292236328125,241.20263671875,0.0002515582018531,28.60427474975586,-8.89449691772461,-0.4288368225097656,267.6249389648437,0.0022484147921204,44.43302154541016,-10.657215118408203,0.9919662475585938,282.9875183105469,0.0072779301553964,67.03202056884766,-9.29813003540039,-0.4295845031738281,290.7636108398437,0.012910233810544,86.8599853515625,2.059698817902245e-05,2.3463049728889015e-05,7.0824079513549805,-7.478336334228516,1.4330734014511108,2.138770832971204e-05,2.42612513829954e-05,45.16005325317383,2.111945867538452
IBT_2012216N12337_2012080718,2012216N12337,FLORENCE,2012-08-07 18:00:00,2012-08-07,2012,8,18,,DS,17.600000381469727,311.5,25.0,1011.0,IBTRACS_ERA5,OBS,1,17.600000381469727,311.5,2012216N12337,FLORENCE,0.0,val,-0.7489557207890021,0.6626200482157375,-0.8660254037844385,-0.5000000000000004,-5.004062652587891,5.202598571777344,219.06768798828125,5.619849252980202e-05,45.90022659301758,-3.5377769470214844,1.8292236328125,241.20263671875,0.0002515582018531,28.60427474975586,-8.89449691772461,-0.4288368225097656,267.6249389648437,0.0022484147921204,44.43302154541016,-10.657215118408203,0.9919662475585938,282.9875183105469,0.0072779301553964,67.03202056884766,-9.29813003540039,-0.4295845031738281,290.7636108398437,0.012910233810544,86.8599853515625,2.059698817902245e-05,2.3463049728889015e-05,7.0824079513549805,-7.478336334228516,1.4330734014511108,2.138770832971204e-05,2.42612513829954e-05,45.16005325317383,2.111945867538452
NEG_20120807_00319,,,2012-08-07 00:00:00,2012-08-07,2012,8,0,,BG,47.5,,,,IBTRACS_ERA5,OBS,0,47.5,27.5,,,7153.191685329497,val,0.4617486132350339,0.8870108331782217,-0.8660254037844385,-0.5000000000000004,12.45541000366211,-1.863197326660156,220.97369384765625,1.4577452020603232e-05,9.494803428649902,9.150211334228516,-4.326171875,237.2664794921875,0.0001085852636606,18.159252166748047,6.432651519775391,-4.133182525634766,266.2196655273437,0.0008771280408836,19.305086135864254,3.582897186279297,0.6059799194335938,280.7289733886719,0.0051507297903299,55.32210159301758,2.6962547302246094,-0.8958930969238281,294.30230712890625,0.0081428457051515,43.853641510009766,-9.390257218910849e-06,-4.407495725899935e-05,9.806976318359377,6.863484859466553,-2.122493028640747,1.856283415690996e-05,1.7247191863134503e-05,48.928131103515625,2.291038274765014
NEG_20120807_01581,,,2012-08-07 00:00:00,2012-08-07,2012,8,0,,BG,40.0,,,,IBTRACS_ERA5,OBS,0,40.0,357.5,,,4635.421211957912,val,-0.0436193873653361,0.9990482215818578,-0.8660254037844385,-0.5000000000000004,21.69051742553711,5.496788024902344,215.806640625,2.861411303456407e-05,34.79323196411133,17.838932037353516,6.3660888671875,234.75,0.0002092984941555,45.13966751098633,10.44852066040039,7.873897552490234,263.0745849609375,0.0003090734535362,8.696742057800293,5.081554412841797,5.927146911621094,279.7670593261719,0.003593960776925,41.24602127075195,-5.524326324462891,7.306377410888672,290.4393920898437,0.0080790091305971,55.49069213867188,-3.384189767530188e-06,1.0311870028090198e-05,27.274940490722656,9.907039642333984,6.594059944152832,1.8556293071014807e-05,1.632386374694761e-05,24.174768447875977,8.989836692810059
NEG_20120807_02781,,,2012-08-07 00:00:00,2012-08-07,2012,8,0,,BG,45.0,,,,IBTRACS_ERA5,OBS,0,45.0,17.5,,,6359.38140913037,val,0.3007057995042731,0.9537169507482268,-0.8660254037844385,-0.5000000000000004,23.16415023803711,19.435264587402344,221.4405517578125,1.2106420399504714e-05,7.465235233306885,21.77179336547852,15.6573486328125,235.681884765625,9.935771959135308e-05,19.488283157348636,18.63650894165039,4.134639739990234,264.025146484375,0.0008813376189209,23.008981704711918,19.7707633972168,3.3070297241210938,280.9635925292969,0.0036580951418727,38.66315078735352,4.352626800537109,1.172588348388672,291.24530029296875,0.0081901121884584,53.44132614135742,-1.575717396917753e-05,-2.3067179427016526e-05,26.21829032897949,17.539169311523438,8.741374015808105,1.680477726040408e-05,2.2958362023928203e-05,46.172325134277344,2.4019463062286377
NEG_20120807_03710,,,2012-08-07 00:00:00,2012-08-07,2012,8,0,,BG,40.0,,,,IBTRACS_ERA5,OBS,0,40.0,297.5,,,2831.4561308038747,val,-0.8870108331782216,0.4617486132350341,-0.8660254037844385,-0.5000000000000004,11.34872055053711,-19.806190490722656,218.5302734375,6.553965795319527e-05,57.10383224487305,6.882633209228516,-10.1051025390625,239.591552734375,0.0004876074963249,64.81558990478516,4.675083160400391,2.3284873962402344,264.8233642578125,0.0030040824785828,73.67855072021484,6.380626678466797,8.073631286621094,279.5480651855469,0.0052928123623132,61.67039489746094,6.599941253662109,8.741191864013672,289.1776733398437,0.0095597673207521,71.19342041015625,-1.021085336105898e-05,-1.2418996448104735e-05,28.939661026000977,7.177401065826416,-2.1535964012146,4.119245568290353e-05,1.938542663992848e-05,56.74089813232422,3.6603503227233887
IBT_2012215N12313_2012080800,2012215N12313,ERNESTO,2012-08-08 00:00:00,2012-08-08,2012,8,0,,TS,18.700000762939453,272.8999938964844,80.0,979.0,IBTRACS_ERA5,OBS,1,18.700000762939453,272.8999938964844,2012215N12313,ERNESTO,0.0,val,-0.9987193625736666,0.0505928336866919,-0.8660254037844385,-0.5000000000000004,-1.3538703918457031,1.1235923767089844,221.62713623046875,0.0001031477804644,62.2325325012207,2.9644088745117188,3.740367889404297,244.6392974853516,0.0009199116029776,75.5533676147461,4.141090393066406,5.005359649658203,268.7084350585937,0.0051931827329099,94.52796173095705,3.6994781494140634,7.187358856201172,282.64569091796875,0.0090754488483071,85.54081726074219,2.764713287353516,6.343803405761719,291.3709411621094,0.0131993871182203,85.44368743896484,7.210421608760953e-05,8.004989649634808e-05,6.649311065673828,2.443164110183716,4.680096626281738,8.843551040627062e-05,8.004989649634808e-05,68.13739776611328,5.000446319580078
IBT_2012215N12313_2012080806,2012215N12313,ERNESTO,2012-08-08 06:00:00,2012-08-08,2012,8,6,,TS,18.799999237060547,271.70001220703125,80.0,973.0,IBTRACS_ERA5,OBS,1,18.799999237060547,271.70001220703125,2012215N12313,ERNESTO,0.0,val,-0.9995598537988823,0.029666457044224,-0.8660254037844385,-0.5000000000000004,-7.467395782470703,6.098934173583984,221.82452392578125,0.0001034474335028,60.99281692504883,-17.88507843017578,3.175792694091797,244.5299835205078,0.0007771752425469,64.48394012451172,-18.826927185058597,3.988758087158203,268.9267578125,0.0051332130096852,91.90937042236328,-19.00352478027344,12.068828582763672,282.79302978515625,0.0082126716151833,76.64131927490234,-22.297908782958984,11.972526550292969,291.2952575683594,0.0127461533993482,82.90676879882812,5.793677337351255e-05,5.8783502026926726e-05,15.951275825500488,-17.096166610717773,7.460968017578125,8.843551040627062e-05,8.004989649634808e-05,63.54679870605469,5.000446319580078
IBT_2012215N12313_2012080812,2012215N12313,ERNESTO,2012-08-08 12:00:00,2012-08-08,2012,8,12,,TS,18.799999237060547,270.3999938964844,60.0,983.0,IBTRACS_ERA5,OBS,1,18.799999237060547,270.3999938964844,2012215N12313,ERNESTO,0.0,val,-0.999975631449078,0.006981153774114,-0.8660254037844385,-0.5000000000000004,-14.764514923095703,3.773738861083984,221.30145263671875,9.731979662319644e-05,60.99596405029297,-15.58698272705078,-2.851062774658203,244.3092803955078,0.000895177538041,75.82096099853516,-16.651878356933594,-7.795421600341797,269.2635498046875,0.0048760338686406,85.11830139160156,-18.61021423339844,-3.564228057861328,283.92486572265625,0.0090218940749764,78.01830291748047,-21.715145111083984,-0.7036209106445312,291.3765563964844,0.0136978011578321,88.63851928710938,8.843551040627062e-05,4.933372110826895e-05,8.267889976501465,-17.465747833251953,-2.228118896484375,8.843551040627062e-05,8.004989649634808e-05,68.02308654785156,5.000446319580078
IBT_2012215N12313_2012080818,2012215N12313,ERNESTO,2012-08-08 18:00:00,2012-08-08,2012,8,18,,TS,18.799999237060547,269.20001220703125,50.0,993.0,IBTRACS_ERA5,OBS,1,18.799999237060547,269.20001220703125,2012215N12313,ERNESTO,0.0,val,-0.9999025269839644,-0.0139619673070253,-0.8660254037844385,-0.5000000000000004,-14.764514923095703,3.773738861083984,221.30145263671875,9.731979662319644e-05,60.99596405029297,-15.58698272705078,-2.851062774658203,244.3092803955078,0.000895177538041,75.82096099853516,-16.651878356933594,-7.795421600341797,269.2635498046875,0.0048760338686406,85.11830139160156,-18.61021423339844,-3.564228057861328,283.92486572265625,0.0090218940749764,78.01830291748047,-21.715145111083984,-0.7036209106445312,291.3765563964844,0.0136978011578321,88.63851928710938,8.843551040627062e-05,4.933372110826895e-05,8.267889976501465,-17.465747833251953,-2.228118896484375,8.843551040627062e-05,8.004989649634808e-05,68.02308654785156,5.000446319580078
IBT_2012216N12337_2012080800,2012216N12337,FLORENCE,2012-08-08 00:00:00,2012-08-08,2012,8,0,,DS,18.0,309.29998779296875,25.0,1011.0,IBTRACS_ERA5,OBS,1,18.0,309.29998779296875,2012216N12337,FLORENCE,0.0,val,-0.7738403446701124,0.6333807077586446,-0.8660254037844385,-0.5000000000000004,-4.089710235595703,5.110408782958984,218.64263916015625,4.307305061956868e-05,37.02406692504883,-3.200752258300781,1.4206657409667969,241.1255645751953,0.0001954301842488,22.387466430664062,-6.240501403808594,2.335437774658203,266.5789794921875,0.0017720328178256,37.93745040893555,-9.589462280273438,6.453350067138672,283.01837158203125,0.0058659771457314,53.915138244628906,-7.786678314208984,4.867912292480469,291.5767517089844,0.0106058698147535,67.765625,2.3748034436721355e-06,1.4012864994583651e-05,3.704912662506104,-6.181420803070068,4.037554740905762,1.7778163964976557e-05,1.4012864994583651e-05,45.44093704223633,0.6739079356193542
IBT_2012216N12337_2012080806,2012216N12337,FLORENCE,2012-08-08 06:00:00,2012-08-08,2012,8,6,,DS,18.399999618530277,307.1000061035156,25.0,1011.0,IBTRACS_ERA5,OBS,1,18.399999618530277,307.1000061035156,2012216N12337,FLORENCE,0.0,val,-0.7975838645676225,0.6032080727090581,-0.8660254037844385,-0.5000000000000004,-5.082508087158203,0.7575035095214844,218.94287109375,5.83064611419104e-05,48.34061813354492,-3.853584289550781,3.529552459716797,240.8733673095703,0.000174602100742,20.49361038208008,-5.450950622558594,0.7597541809082031,267.784912109375,0.0024711133446544,48.24261474609375,-8.082260131835938,4.890483856201172,282.69952392578125,0.0069432267919182,65.20565032958984,-7.133724212646484,3.5991134643554688,290.7218933105469,0.0124950986355543,84.29059600830078,1.6476440578117035e-05,7.320127224375028e-06,3.5046019554138184,-5.920605659484863,2.7072815895080566,1.7778163964976557e-05,1.4012864994583651e-05,48.14716339111328,0.6739079356193542
NEG_20120808_00587,,,2012-08-08 00:00:00,2012-08-08,2012,8,0,,BG,22.5,,,,IBTRACS_ERA5,OBS,0,22.5,27.5,,,8080.110889352532,val,0.4617486132350339,0.8870108331782217,-0.8660254037844385,-0.5000000000000004,-9.430408477783203,1.1950035095214844,222.36419677734372,6.371046038111672e-05,35.280704498291016,-7.195991516113281,3.622325897216797,243.9718780517578,0.0003652177401818,31.92609405517578,1.6795425415039062,3.619861602783203,269.4534912109375,0.0010453925933688,17.99024200439453,4.9632720947265625,-0.987201690673828,283.50860595703125,0.0039938548579812,35.51604080200195,-0.5647544860839844,-1.5215530395507812,297.5589294433594,0.0060104113072156,26.49930000305176,3.9901965465105604e-07,-7.742299203528091e-06,9.272513389587402,-2.109668016433716,1.1856873035430908,2.28260596486507e-05,9.1393803813844e-06,28.884923934936523,7.205644607543945
NEG_20120808_02261,,,2012-08-08 00:00:00,2012-08-08,2012,8,0,,BG,0.0,,,,IBTRACS_ERA5,OBS,0,0.0,312.5,,,2031.8598976323965,val,-0.7372773368101242,0.6755902076156601,-0.8660254037844385,-0.5000000000000004,5.942516326904297,0.2190513610839843,218.62652587890625,6.117703014751896e-05,52.687801361083984,-1.2959671020507812,-1.3500862121582031,241.6085968017578,8.516532398061827e-05,9.313838005065918,-8.227317810058594,-0.6848258972167969,267.4630126953125,0.0018224434461444,36.46248626708984,-11.340682983398438,1.188213348388672,281.18536376953125,0.0082218209281563,85.58877563476562,-11.425838470458984,2.0880050659179688,290.1568298339844,0.0112343411892652,78.56871032714844,1.0910642231465316e-05,8.085331501206383e-06,17.4686222076416,-5.269457817077637,0.292071521282196,1.5589530448778532e-05,8.085331501206383e-06,79.6456069946289,2.870744466781616
NEG_20120808_02711,,,2012-08-08 00:00:00,2012-08-08,2012,8,0,,BG,25.0,,,,IBTRACS_ERA5,OBS,0,25.0,347.5,,,4014.4015586097385,val,-0.2164396139381028,0.9762960071199334,-0.8660254037844385,-0.5000000000000004,-0.9112434387207032,-1.984561920166016,221.87908935546875,1.1459771485533564e-05,6.713895797729492,-1.0064163208007812,-3.654773712158203,242.3964385986328,4.102435923414305e-05,4.161422252655029,-3.6267318725585938,4.915515899658203,264.4134521484375,0.0015248076524585,38.6146240234375,-2.195663452148437,4.087383270263672,286.59259033203125,0.0042434493079781,30.741968154907227,-2.5440025329589844,-1.7203445434570312,301.5076599121094,0.0040187817066907,13.981057167053224,-1.884348966996185e-05,-2.418374606349971e-05,1.653999090194702,-2.056811571121216,0.328643798828125,2.6348079700255767e-05,2.463771124894265e-05,26.074974060058597,1.5093833208084106
NEG_20120808_03122,,,2012-08-08 00:00:00,2012-08-08,2012,8,0,,BG,40.0,,,,IBTRACS_ERA5,OBS,0,40.0,25.0,,,7533.903406185494,val,0.4226182617406994,0.90630778703665,-0.8660254037844385,-0.5000000000000004,16.287731170654297,2.6536216735839844,225.71527099609372,7.329821528401226e-06,2.771228075027466,9.07952117919922,-4.744129180908203,237.0607452392578,8.0985548265744e-05,13.825010299682615,1.0976333618164062,-7.611339569091797,265.7889404296875,0.0008967385510914,20.404285430908203,0.4781646728515625,-13.836688995361328,281.58062744140625,0.004370049573481,44.28031539916992,-4.196102142333984,-7.532966613769531,294.6289978027344,0.0072305779904127,38.15911865234375,-3.170267882524058e-05,-3.206046312698163e-05,22.87693214416504,4.549389839172363,-6.214300632476807,3.46231390722096e-05,5.568821507040411e-05,48.1668815612793,13.44626235961914
IBT_2012215N12313_2012080900,2012215N12313,ERNESTO,2012-08-09 00:00:00,2012-08-09,2012,8,0,,TS,18.799999237060547,268.29998779296875,55.0,993.0,IBTRACS_ERA5,OBS,1,18.799999237060547,268.29998779296875,2012215N12313,ERNESTO,0.0,val,-0.9995598537988823,-0.0296664570442244,-0.8660254037844385,-0.5000000000000004,-5.919639587402344,1.2209396362304688,222.17935180664065,0.000106394472823,60.19436264038086,-15.838970184326172,0.8133049011230469,244.5792694091797,0.0007054335437715,58.26302719116211,-18.135971069335938,-0.9768409729003906,269.2078857421875,0.0049736211076378,87.18609619140625,-18.91387939453125,3.7016830444335938,283.5469970703125,0.0086810067296028,76.9984130859375,-21.243682861328125,4.1204681396484375,292.3880310058594,0.0123388692736625,74.90225219726562,7.20122188795358e-05,5.845272971782833e-05,15.595947265625,-16.010427474975586,1.7759109735488892,8.485213038511574e-05,6.908171053510159e-05,66.2770767211914,6.323122978210449
IBT_2012215N12313_2012080906,2012215N12313,ERNESTO,2012-08-09 06:00:00,2012-08-09,2012,8,6,,TS,18.700000762939453,267.20001220703125,60.0,992.0,IBTRACS_ERA5,OBS,1,18.700000762939453,267.20001220703125,2012215N12313,ERNESTO,0.0,val,-0.998806147748996,-0.0488495569970805,-0.8660254037844385,-0.5000000000000004,2.149574279785156,-1.8033523559570312,222.12924194335935,0.0001062575756805,60.46771240234375,2.859394073486328,1.4732170104980469,245.4829559326172,0.0009787301532924,74.33102416992188,4.1588287353515625,2.9805564880371094,268.8621826171875,0.0051918337121605,93.4128646850586,5.72015380859375,4.071800231933594,283.4556884765625,0.0098285302519798,87.71342468261719,2.421966552734375,4.5139007568359375,291.8498229980469,0.0137516185641288,86.3606185913086,8.485213038511574e-05,6.908171053510159e-05,6.323122978210449,3.4619834423065186,2.2472243309021,8.485213038511574e-05,6.908171053510159e-05,71.78865051269531,6.323122978210449
IBT_2012215N12313_2012080912,2012215N12313,ERNESTO,2012-08-09 12:00:00,2012-08-09,2012,8,12,,TS,18.399999618530277,266.20001220703125,55.0,989.0,IBTRACS_ERA5,OBS,1,18.399999618530277,266.20001220703125,2012215N12313,ERNESTO,0.0,val,-0.9978014824118732,-0.0662736878155153,-0.8660254037844385,-0.5000000000000004,-4.345176696777344,-5.656013488769531,222.4916076660156,0.0001152117692981,62.86604309082031,-0.4131889343261719,-5.490161895751953,245.3411102294922,0.000942890997976,72.55489349365234,2.2038726806640625,-11.82376480102539,269.3563232421875,0.0048760781064629,84.52751159667969,5.06707763671875,-12.625953674316406,283.5574951171875,0.0098281875252723,87.11213684082031,7.108856201171875,-13.080703735351562,291.5193786621094,0.014252595603466,91.39764404296876,5.050795880379155e-05,5.406729542301037e-05,13.649941444396973,1.9242881536483765,-9.735319137573242,8.485213038511574e-05,6.908171053510159e-05,74.83964538574219,6.323122978210449
IBT_2012215N12313_2012080918,2012215N12313,ERNESTO,2012-08-09 18:00:00,2012-08-09,2012,8,18,,TS,18.200000762939453,265.1000061035156,50.0,993.0,IBTRACS_ERA5,OBS,1,18.200000762939453,265.1000061035156,2012215N12313,ERNESTO,0.0,val,-0.9963453052900618,-0.0854168170002461,-0.8660254037844385,-0.5000000000000004,-4.345176696777344,-5.656013488769531,222.4916076660156,0.0001152117692981,62.86604309082031,-0.4131889343261719,-5.490161895751953,245.3411102294922,0.000942890997976,72.55489349365234,2.2038726806640625,-11.82376480102539,269.3563232421875,0.0048760781064629,84.52751159667969,5.06707763671875,-12.625953674316406,283.5574951171875,0.0098281875252723,87.11213684082031,7.108856201171875,-13.080703735351562,291.5193786621094,0.014252595603466,91.39764404296876,5.050795880379155e-05,5.406729542301037e-05,13.649941444396973,1.9242881536483765,-9.735319137573242,8.485213038511574e-05,6.908171053510159e-05,74.83964538574219,6.323122978210449
IBT_2012223N14317_2012080918,2012223N14317,HELENE,2012-08-09 18:00:00,2012-08-09,2012,8,18,,TS,13.699999809265137,317.0,30.0,1010.0,IBTRACS_ERA5,OBS,1,13.699999809265137,317.0,2012223N14317,HELENE,0.0,val,-0.6819983600624983,0.7313537016191707,-0.8660254037844385,-0.5000000000000004,-8.930747985839844,0.1087570190429687,219.01907348632807,6.034476245986298e-05,49.57497024536133,-7.133525848388672,-3.003833770751953,242.2408905029297,0.0005637998692691,58.04371643066406,-4.8631439208984375,-0.5403175354003906,267.2366943359375,0.0028707394376397,58.4377326965332,-6.48529052734375,-0.9825210571289062,282.2618408203125,0.0077891871333122,75.35151672363281,-1.781646728515625,-1.7535552978515625,290.2360534667969,0.0129958018660545,90.4285125732422,3.4318785765208304e-05,1.1035393981728704e-05,7.387682914733887,-5.838871002197266,-1.2342941761016846,3.4318785765208304e-05,2.0701356334029697e-05,54.149375915527344,2.01633882522583
NEG_20120809_00702,,,2012-08-09 00:00:00,2012-08-09,2012,8,0,,BG,40.0,,,,IBTRACS_ERA5,OBS,0,40.0,30.0,,,7594.013834818152,val,0.4999999999999999,0.8660254037844387,-0.8660254037844385,-0.5000000000000004,27.773475646972656,9.033195495605469,227.5047912597656,6.016993211233057e-06,1.8652739524841309,15.066059112548828,-0.2894783020019531,238.3739471435547,4.78751098853536e-05,7.172388076782227,5.485366821289063,-3.865756988525391,265.547119140625,0.0004461713833734,10.344051361083984,-5.20562744140625,-5.564674377441406,280.2056884765625,0.0059147248975932,65.85580444335938,-3.680694580078125,-6.0829010009765625,290.9573669433594,0.009350948035717,62.142215728759766,3.907667860403308e-07,2.545908728279756e-07,34.89786911010742,7.887715816497803,-1.3539230823516846,3.0016788514330983e-05,3.7960206100251526e-05,58.860721588134766,10.091418266296388
NEG_20120809_00780,,,2012-08-09 00:00:00,2012-08-09,2012,8,0,,BG,35.0,,,,IBTRACS_ERA5,OBS,0,35.0,12.5,,,6013.719857839831,val,0.2164396139381028,0.9762960071199334,-0.8660254037844385,-0.5000000000000004,17.786659240722656,6.834220886230469,224.71646118164065,7.93831168266479e-06,3.358261585235596,3.429828643798828,-3.947437286376953,236.3391571044922,7.532304880442098e-05,13.824501991271973,2.2002105712890625,-11.00638198852539,262.722900390625,0.0013370224041864,38.68462371826172,3.95477294921875,-11.256080627441406,285.2430419921875,0.0038030813448131,30.120058059692383,3.567840576171875,-9.110244750976562,299.1504821777344,0.0035710262600332,14.300036430358888,-1.780871389200911e-05,-3.090506652370095e-05,21.36353874206543,6.187862396240234,-5.6971845626831055,2.0123188733123243e-05,1.2755677744280549e-05,31.038558959960938,10.945609092712402
IBT_2012215N12313_2012081000,2012215N12313,ERNESTO,2012-08-10 00:00:00,2012-08-10,2012,8,0,,TS,18.0,264.0,40.0,997.0,IBTRACS_ERA5,OBS,1,18.0,264.0,2012215N12313,ERNESTO,0.0,val,-0.9945218953682734,-0.1045284632676533,-0.8660254037844385,-0.5000000000000004,-0.8377876281738281,1.5742073059082031,221.7629852294922,9.216203761752696e-05,54.73005676269531,-5.866485595703125,4.0769805908203125,245.0444793701172,0.0009224819950759,72.9631118774414,-5.407497406005859,5.7657012939453125,268.87579345703125,0.0053059505298733,95.36810302734376,-3.3132553100585938,10.655345916748049,282.7416076660156,0.0081576332449913,76.39277648925781,-4.027507781982422,15.080020904541016,291.834716796875,0.0131068946793675,82.39034271240234,2.551743273215834e-05,4.358536534709856e-05,13.87736701965332,-3.8905067443847656,7.430451393127441,4.279952554497868e-05,5.690522084478289e-05,70.22931671142578,6.417075157165527
IBT_2012215N12313_2012081006,2012215N12313,ERNESTO,2012-08-10 06:00:00,2012-08-10,2012,8,6,,TS,17.899999618530273,262.79998779296875,30.0,1002.0,IBTRACS_ERA5,OBS,1,17.899999618530273,262.79998779296875,2012215N12313,ERNESTO,0.0,val,-0.992114674611848,-0.1253334449372034,-0.8660254037844385,-0.5000000000000004,-6.732685089111328,0.2391242980957031,222.47593688964844,0.0001115805789595,60.99518585205078,-10.089385986328123,0.1024932861328125,245.55577087402344,0.0009788828901946,73.84407806396484,-9.78994369506836,-2.4037322998046875,268.927734375,0.0053119705989956,95.10301208496094,-3.4120101928710938,-0.3207283020019531,282.7383117675781,0.0093440189957618,87.52225494384766,-0.3247489929199219,0.5814857482910156,291.8087158203125,0.0138394655659794,87.13838958740234,4.279952554497868e-05,5.690522084478289e-05,6.417075157165527,-6.069754600524902,-0.3602714538574219,4.279952554497868e-05,5.690522084478289e-05,71.09693145751953,6.417075157165527
IBT_2012223N14317_2012081000,2012223N14317,HELENE,2012-08-10 00:00:00,2012-08-10,2012,8,0,,TS,13.600000381469728,315.3999938964844,30.0,1009.0,IBTRACS_ERA5,OBS,1,13.600000381469728,315.3999938964844,2012223N14317,HELENE,0.0,val,-0.7021531288447608,0.7120259711931249,-0.8660254037844385,-0.5000000000000004,-5.810443878173828,-6.187511444091797,219.0344696044922,5.0011309213005006e-05,41.00992584228516,-8.312286376953125,-2.8177947998046875,242.1774139404297,0.0003642472729552,37.72709655761719,-5.417507171630859,-0.3253631591796875,266.83905029296875,0.0033266593236476,69.81234741210938,-6.702415466308594,4.820384979248047,282.2196350097656,0.0057226647622883,55.51904678344727,-1.488445281982422,3.417423248291016,290.33935546875,0.011963558383286,82.6982192993164,2.000995846174192e-05,8.55983580549946e-06,10.53254222869873,-5.546219825744629,-0.2185722291469574,2.8543308872031048e-05,1.4028457371750848e-05,47.0358772277832,1.4842649698257446
IBT_2012223N14317_2012081006,2012223N14317,HELENE,2012-08-10 06:00:00,2012-08-10,2012,8,6,,TS,13.5,313.70001220703125,30.0,1008.0,IBTRACS_ERA5,OBS,1,13.5,313.70001220703125,2012223N14317,HELENE,0.0,val,-0.7229669987150598,0.6908825651070801,-0.8660254037844385,-0.5000000000000004,-8.194721221923828,-2.472179412841797,219.18223571777344,6.81278615957126e-05,54.88484954833984,-8.590606689453125,-3.644821166992188,242.1761932373047,0.000368063832866,38.126834869384766,-4.302272796630859,-0.0212860107421875,267.497802734375,0.0033374105114489,66.59613800048828,-7.545555114746094,2.471263885498047,281.9009094238281,0.0069818277843296,69.21797180175781,-2.954509735107422,1.0398597717285156,290.41748046875,0.012772929854691,87.85369110107422,2.8158974600955844e-05,4.040239218738861e-06,6.308267116546631,-6.317533016204834,-0.5254325866699219,2.8543308872031048e-05,1.802926453819964e-05,49.02994537353516,2.4246442317962646
IBT_2012223N14317_2012081012,2012223N14317,HELENE,2012-08-10 12:00:00,2012-08-10,2012,8,12,,TS,13.399999618530272,311.79998779296875,30.0,1009.0,IBTRACS_ERA5,OBS,1,13.399999618530272,311.79998779296875,2012223N14317,HELENE,0.0,val,-0.7454761416895127,0.666532311423623,-0.8660254037844385,-0.5000000000000004,-8.194721221923828,-2.472179412841797,219.18223571777344,6.81278615957126e-05,54.88484954833984,-8.590606689453125,-3.644821166992188,242.1761932373047,0.000368063832866,38.126834869384766,-4.302272796630859,-0.0212860107421875,267.497802734375,0.0033374105114489,66.59613800048828,-7.545555114746094,2.471263885498047,281.9009094238281,0.0069818277843296,69.21797180175781,-2.954509735107422,1.0398597717285156,290.41748046875,0.012772929854691,87.85369110107422,2.8158974600955844e-05,4.040239218738861e-06,6.308267116546631,-6.317533016204834,-0.5254325866699219,2.8543308872031048e-05,1.802926453819964e-05,49.02994537353516,2.4246442317962646
IBT_2012223N14317_2012081018,2012223N14317,HELENE,2012-08-10 18:00:00,2012-08-10,2012,8,18,,TS,13.399999618530272,309.5,30.0,1009.0,IBTRACS_ERA5,OBS,1,13.399999618530272,309.5,2012223N14317,HELENE,0.0,val,-0.7716245833877202,0.6360782202777636,-0.8660254037844385,-0.5000000000000004,-7.960590362548828,0.0185432434082031,218.9028778076172,5.595221591647714e-05,46.61215972900391,-7.340850830078125,-4.475509643554688,241.7843475341797,0.0003495696291793,37.59166717529297,-4.702663421630859,0.4114532470703125,267.2704467773437,0.0030646820086985,62.22493743896485,-9.390403747558594,-0.6534919738769531,282.1615295410156,0.0069852997548878,68.0364761352539,-5.679119110107422,-0.8023033142089844,290.224609375,0.0132821919396519,92.4889144897461,2.8543308872031048e-05,3.380340331204934e-06,2.4246442317962646,-7.014725685119629,-1.100261688232422,2.8543308872031048e-05,1.802926453819964e-05,51.07864761352539,2.4246442317962646
NEG_20120810_00393,,,2012-08-10 00:00:00,2012-08-10,2012,8,0,,BG,50.0,,,,IBTRACS_ERA5,OBS,0,50.0,305.0,,,4090.28677250253,val,-0.8191520442889918,0.573576436351046,-0.8660254037844385,-0.5000000000000004,37.09605026245117,-0.1855583190917968,218.7538299560547,1.9583601897466e-05,16.609521865844727,36.45895385742188,1.7525177001953125,232.1663055419922,0.0001800428435672,50.74945068359375,17.93503189086914,-1.0956268310546875,257.78009033203125,0.0008491773623973,36.67808151245117,9.587867736816406,-0.6425056457519531,272.6017150878906,0.0031495322473347,60.16017150878906,5.946613311767578,-0.7659263610839844,282.31982421875,0.0072822091169655,85.30191802978516,-1.9734552552108653e-06,1.5547600924037397e-05,31.154842376708984,21.404903411865234,-0.1874198913574218,1.3926736755820455e-05,2.143392339348793e-05,52.60243225097656,8.499476432800293
NEG_20120810_03466,,,2012-08-10 00:00:00,2012-08-10,2012,8,0,,BG,0.0,,,,IBTRACS_ERA5,OBS,0,0.0,312.5,,,1492.0065474620883,val,-0.7372773368101242,0.6755902076156601,-0.8660254037844385,-0.5000000000000004,0.917095184326172,-1.6237907409667969,218.6103973388672,3.719258529599756e-05,32.0938606262207,-5.124786376953125,0.1001739501953125,241.1707000732422,0.0001276987895835,14.56510066986084,-4.358669281005859,-3.0504608154296875,267.66021728515625,0.0006649692077189,13.10579776763916,-9.159690856933594,-0.2277107238769531,281.1102600097656,0.005653612781316,59.15704727172852,-9.137126922607422,2.968448638916016,290.504638671875,0.0099354507401585,67.95813751220703,5.783454980701208e-06,5.785211214970332e-06,11.053327560424805,-5.372635841369629,-0.3666679263114929,1.0411140465294013e-05,8.675189747009426e-06,64.69902038574219,4.620019912719727
IBT_2012223N14317_2012081100,2012223N14317,HELENE,2012-08-11 00:00:00,2012-08-11,2012,8,0,,TS,13.399999618530272,307.1000061035156,30.0,1009.0,IBTRACS_ERA5,OBS,1,13.399999618530272,307.1000061035156,2012223N14317,HELENE,0.0,val,-0.7975838645676225,0.6032080727090581,-0.8660254037844385,-0.5000000000000004,-7.216678619384766,0.8706550598144531,218.89817810058597,5.575935574597679e-05,46.47771835327149,-8.181629180908203,1.1044540405273438,241.4749755859375,0.0002991831279359,33.141117095947266,-5.15240478515625,1.7335205078125,267.0014343261719,0.0038138509262353,79.04639434814453,-7.067886352539063,5.575016021728516,281.7422180175781,0.0056701060384511,56.8240852355957,-4.024482727050781,4.925933837890625,290.63043212890625,0.0114349909126758,77.590087890625,8.002658432815224e-06,2.8738263608829584e-06,5.16094970703125,-6.328616142272949,2.841915845870972,2.8626123821595684e-05,1.910822538775392e-05,48.90314483642578,1.5852216482162476
IBT_2012223N14317_2012081106,2012223N14317,HELENE,2012-08-11 06:00:00,2012-08-11,2012,8,6,,TS,13.399999618530272,304.6000061035156,30.0,1009.0,IBTRACS_ERA5,OBS,1,13.399999618530272,304.6000061035156,2012223N14317,HELENE,0.0,val,-0.8231363080440628,0.5678438327388876,-0.8660254037844385,-0.5000000000000004,-4.123905181884766,1.837451934814453,219.03892517089844,5.784947279607877e-05,47.41197204589844,-5.855213165283203,0.2030868530273437,241.516357421875,0.0004668640322051,51.51059722900391,-4.36785888671875,2.4910888671875,267.2147521972656,0.0043011186644434,87.7020263671875,-5.7230377197265625,4.879459381103516,281.5681457519531,0.0070782657712697,71.78288269042969,-4.794624328613281,3.975860595703125,290.48223876953125,0.0122599191963672,83.97735595703125,2.1404428480309438e-05,6.621930424444145e-06,2.241128206253052,-4.972928047180176,2.677389621734619,2.8626123821595684e-05,1.910822538775392e-05,51.47525787353516,1.6230733394622805
IBT_2012223N14317_2012081112,2012223N14317,HELENE,2012-08-11 12:00:00,2012-08-11,2012,8,12,,DS,13.300000190734863,302.1000061035156,30.0,1011.0,IBTRACS_ERA5,OBS,1,13.300000190734863,302.1000061035156,2012223N14317,HELENE,0.0,val,-0.8471218647741318,0.5313986697589651,-0.8660254037844385,-0.5000000000000004,-3.0369911193847656,2.935962677001953,219.1572113037109,6.27966583124362e-05,50.74184799194336,-2.665882110595703,1.0335311889648438,241.12359619140625,0.0004645953304134,53.23170852661133,-4.71990966796875,0.57275390625,267.3832702636719,0.0028479502070695,57.32818603515625,-8.138931274414062,2.271305084228516,282.3275451660156,0.007366856560111,70.94902038574219,-5.554084777832031,1.967559814453125,290.2694702148437,0.012616891413927,87.60466003417969,2.695120383577887e-05,1.910822538775392e-05,2.696954727172852,-4.823159694671631,1.7562224864959717,2.8626123821595684e-05,1.910822538775392e-05,53.82952117919922,1.6230733394622805
IBT_2012223N14317_2012081118,2012223N14317,HELENE,2012-08-11 18:00:00,2012-08-11,2012,8,18,,DS,13.300000190734863,300.1000061035156,30.0,1011.0,IBTRACS_ERA5,OBS,1,13.300000190734863,300.1000061035156,2012223N14317,HELENE,0.0,val,-0.8651513671455443,0.5015108293209586,-0.8660254037844385,-0.5000000000000004,-1.8231239318847656,4.740528106689453,219.04454040527344,5.860711098648608e-05,48.000579833984375,-1.5080451965332031,2.163047790527344,241.191162109375,0.0003492268151603,39.753883361816406,-5.93670654296875,-2.2513427734375,268.3194885253906,0.001391026424244,26.07607078552246,-11.489639282226562,-1.3204917907714844,282.6929016113281,0.0061987694352865,58.24032974243164,-7.053657531738281,-2.200408935546875,290.37896728515625,0.0124171562492847,85.61688232421875,2.237746593891643e-05,1.676248575677164e-05,8.691092491149902,-5.562234401702881,0.226266473531723,2.8626123821595684e-05,1.910822538775392e-05,54.01519393920898,1.6230733394622805
NEG_20120811_00498,,,2012-08-11 00:00:00,2012-08-11,2012,8,0,,BG,37.5,,,,IBTRACS_ERA5,OBS,0,37.5,262.5,,,4587.637618860206,val,-0.9914448613738104,-0.1305261922200516,-0.8660254037844385,-0.5000000000000004,11.722042083740234,-21.869213104248047,218.72825622558597,3.0466497264569625e-05,25.919330596923828,8.404308319091797,-14.532752990722656,238.2791748046875,0.0003213299787603,48.592994689941406,5.84051513671875,-10.392822265625,266.2630920410156,0.0014832869637757,32.537200927734375,4.2885589599609375,-8.142513275146484,284.4071350097656,0.0040605422109365,33.99943923950195,-0.3464431762695312,-1.368988037109375,290.31231689453125,0.0070328898727893,48.69896697998047,-2.311638127139304e-05,-2.8918744646944106e-05,23.7888126373291,5.9817962646484375,-11.261258125305176,2.1126516003278084e-05,6.946039320609998e-06,25.76018524169922,7.965129852294922
IBT_2012223N14317_2012081200,2012223N14317,HELENE,2012-08-12 00:00:00,2012-08-12,2012,8,0,,DS,13.5,298.6000061035156,30.0,1011.0,IBTRACS_ERA5,OBS,1,13.5,298.6000061035156,2012223N14317,HELENE,0.0,val,-0.8779829244346344,0.4786919514690079,-0.8660254037844385,-0.5000000000000004,0.0090293884277343,1.1896400451660156,218.94439697265625,6.779735849704593e-05,56.19904708862305,-1.7752189636230469,1.6363410949707031,241.55894470214844,0.0004489145358093,49.32832336425781,-3.290019989013672,0.723724365234375,267.24249267578125,0.0031319987028837,63.72776412963867,-5.796455383300781,5.730525970458984,282.1285400390625,0.0069327177479863,67.67577362060547,-6.927642822265625,6.297977447509766,290.7829895019531,0.0110563114285469,74.2950668334961,1.1469087439763824e-05,7.481563898181776e-06,8.614669799804688,-3.5560615062713623,3.115641832351685,2.800386573653668e-05,1.6005356883397326e-05,60.614994049072266,1.453403353691101
IBT_2012223N14317_2012081206,2012223N14317,HELENE,2012-08-12 06:00:00,2012-08-12,2012,8,6,,DS,13.699999809265137,296.79998779296875,30.0,1011.0,IBTRACS_ERA5,OBS,1,13.699999809265137,296.79998779296875,2012223N14317,HELENE,0.0,val,-0.8925859145128671,0.4508773505214347,-0.8660254037844385,-0.5000000000000004,0.0090293884277343,1.1896400451660156,218.94439697265625,6.779735849704593e-05,56.19904708862305,-1.7752189636230469,1.6363410949707031,241.55894470214844,0.0004489145358093,49.32832336425781,-3.290019989013672,0.723724365234375,267.24249267578125,0.0031319987028837,63.72776412963867,-5.796455383300781,5.730525970458984,282.1285400390625,0.0069327177479863,67.67577362060547,-6.927642822265625,6.297977447509766,290.7829895019531,0.0110563114285469,74.2950668334961,1.1469087439763824e-05,7.481563898181776e-06,8.614669799804688,-3.5560615062713623,3.115641832351685,2.800386573653668e-05,1.6005356883397326e-05,60.614994049072266,1.453403353691101
IBT_2012223N14317_2012081212,2012223N14317,HELENE,2012-08-12 12:00:00,2012-08-12,2012,8,12,,DS,13.899999618530272,294.3999938964844,30.0,1011.0,IBTRACS_ERA5,OBS,1,13.899999618530272,294.3999938964844,2012223N14317,HELENE,0.0,val,-0.9106837048127178,0.4131043328126477,-0.8660254037844385,-0.5000000000000004,1.9096641540527344,6.452091217041016,218.97265625,5.9756090195151046e-05,49.36562347412109,-3.121044158935547,-0.7896842956542969,241.46592712402344,0.0004157836374361,46.09720230102539,-5.470073699951172,-1.438140869140625,267.721923828125,0.0017431732267141,34.19489669799805,-10.50836944580078,-0.3181800842285156,282.6541748046875,0.0064239623025059,60.514434814453125,-9.870025634765623,2.3426551818847656,290.9098205566406,0.0127927437424659,85.27232360839844,2.800386573653668e-05,7.69976122683147e-06,12.475918769836426,-5.411969661712647,1.2497482299804688,2.800386573653668e-05,1.6005356883397326e-05,50.379093170166016,1.5548999309539795
IBT_2012223N14317_2012081218,2012223N14317,HELENE,2012-08-12 18:00:00,2012-08-12,2012,8,18,,DS,14.100000381469728,292.0,30.0,1010.0,IBTRACS_ERA5,OBS,1,14.100000381469728,292.0,2012223N14317,HELENE,0.0,val,-0.9271838545667874,0.3746065934159119,-0.8660254037844385,-0.5000000000000004,-2.0095252990722656,5.747745513916016,218.703857421875,4.34234862041194e-05,37.05113220214844,-6.062938690185547,-0.8848991394042969,241.20176696777344,0.0002674314018804,30.411731719970703,-6.817241668701172,-1.180084228515625,267.4815673828125,0.0013115014880895,26.20270538330078,-14.44660186767578,-3.932926177978516,283.4281005859375,0.0043525518849492,38.91591644287109,-10.184722900390623,-2.5675010681152344,291.0631408691406,0.0128009095788002,84.49906921386719,2.156828122679144e-05,5.106508069729898e-06,11.66092586517334,-7.904206275939941,-0.5635330080986023,2.800386573653668e-05,1.6005356883397326e-05,46.330562591552734,1.5548999309539795
NEG_20120812_00378,,,2012-08-12 00:00:00,2012-08-12,2012,8,0,,BG,27.5,,,,IBTRACS_ERA5,OBS,0,27.5,312.5,,,2122.0754647134995,val,-0.7372773368101242,0.6755902076156601,-0.8660254037844385,-0.5000000000000004,6.436397552490234,9.929874420166016,220.2431640625,2.456443507981021e-05,17.44013786315918,4.633594512939453,14.967761993408203,240.3800506591797,0.0001479445782024,18.213293075561523,-4.273418426513672,5.780242919921875,266.61993408203125,0.0003754030331037,8.011746406555176,-4.459541320800781,0.5078697204589844,280.711669921875,0.0035490067675709,38.16387939453125,-6.095489501953125,0.2104530334472656,288.9928283691406,0.008893497288227,67.02527618408203,-1.312678159592906e-05,-1.3251903510536067e-05,15.859235763549805,-0.751691460609436,6.279240608215332,5.319851879903581e-06,2.0575227608787827e-05,46.7788314819336,5.552821636199951
NEG_20120812_00483,,,2012-08-12 00:00:00,2012-08-12,2012,8,0,,BG,50.0,,,,IBTRACS_ERA5,OBS,0,50.0,347.5,,,5989.378623660282,val,-0.2164396139381028,0.9762960071199334,-0.8660254037844385,-0.5000000000000004,18.35692977905273,5.556339263916016,223.83447265625,1.0636273145792076e-05,4.973834037780762,25.376758575439453,5.526233673095703,230.8930511474609,0.0001562873658258,50.392948150634766,12.780658721923828,6.196868896484375,257.7125244140625,0.001227056607604,53.29701232910156,10.18059539794922,4.284358978271484,273.2969970703125,0.004660022445023,84.61184692382812,8.086517333984375,6.094364166259766,281.9125061035156,0.0077166929841041,92.92424774169922,3.8164267607498914e-05,4.398971577757038e-05,10.28449535369873,14.956293106079102,5.531632900238037,3.8164267607498914e-05,5.909534229431301e-05,70.43778991699219,1.587145447731018
NEG_20120812_01364,,,2012-08-12 00:00:00,2012-08-12,2012,8,0,,BG,17.5,,,,IBTRACS_ERA5,OBS,0,17.5,12.5,,,7882.691001555989,val,0.2164396139381028,0.9762960071199334,-0.8660254037844385,-0.5000000000000004,-9.626956939697266,2.824405670166016,220.05792236328125,6.288439908530563e-05,45.6378288269043,-5.504222869873047,0.9796028137207032,242.4137420654297,0.0004627800371963,46.86619186401367,-7.614849090576172,1.077850341796875,266.63873291015625,0.0036763977259397,78.34740447998047,-8.348457336425781,-2.485294342041016,285.03076171875,0.0071484865620732,57.41926193237305,3.566375732421875,3.7016639709472656,295.1565246582031,0.0130964294075965,66.89640808105469,1.157325186795788e-05,-1.1869746231241152e-05,13.222466468811035,-5.505621910095215,1.2196457386016846,3.4498574677854776e-05,8.61850094224792e-06,57.80570983886719,0.600787878036499
NEG_20120812_04055,,,2012-08-12 00:00:00,2012-08-12,2012,8,0,,BG,30.0,,,,IBTRACS_ERA5,OBS,0,30.0,347.5,,,5327.354111100772,val,-0.2164396139381028,0.9762960071199334,-0.8660254037844385,-0.5000000000000004,7.247310638427734,-0.9021568298339844,222.090087890625,9.404133379575796e-06,5.375982284545898,0.4653816223144531,-5.697887420654297,238.9296722412109,6.720449164276943e-05,9.531682968139648,-0.1106986999511718,3.691009521484375,262.95458984375,0.0014153774827718,40.20622634887695,0.1244430541992187,-1.3521156311035156,286.1065673828125,0.003334772773087,24.94452476501465,-3.112945556640625,-3.6817588806152335,301.9984436035156,0.0028071182314306,9.486377716064451,-1.3996457710163668e-05,-2.140642027370632e-05,10.72665309906006,0.9226981997489928,-1.5885818004608154,6.306633622443769e-06,9.3754588306183e-06,26.36468505859375,6.663534164428711
IBT_2012223N14317_2012081300,2012223N14317,HELENE,2012-08-13 00:00:00,2012-08-13,2012,8,0,,DS,14.100000381469728,289.6000061035156,30.0,1009.0,IBTRACS_ERA5,OBS,1,14.100000381469728,289.6000061035156,2012223N14317,HELENE,0.0,val,-0.9420574170528286,0.3354516701042831,-0.8660254037844385,-0.5000000000000004,3.733009338378906,3.5245285034179688,218.98098754882807,6.991704140091315e-05,57.70204162597656,-3.3997879028320312,1.4846839904785156,241.6303558349609,0.0005560393328778,60.68285369873047,-6.613735198974609,1.0842170715332031,267.28741455078125,0.0030773116741329,62.40040588378906,-7.899192810058594,4.963596343994141,282.7914428710937,0.0067800874821841,63.279109954833984,-11.980754852294922,5.833251953125,291.25213623046875,0.0117176594212651,76.42578125,1.573261215526145e-05,9.497607038611022e-07,15.882461547851562,-5.232092380523682,3.3780555725097656,3.270674642408267e-05,9.949224477168173e-06,57.481258392333984,2.4334933757781982
IBT_2012223N14317_2012081306,2012223N14317,HELENE,2012-08-13 06:00:00,2012-08-13,2012,8,6,,DS,14.100000381469728,287.29998779296875,30.0,1009.0,IBTRACS_ERA5,OBS,1,14.100000381469728,287.29998779296875,2012223N14317,HELENE,0.0,val,-0.9547608628593514,0.2973746706632338,-0.8660254037844385,-0.5000000000000004,-1.0250473022460938,6.436882019042969,219.1566467285156,6.064013723516837e-05,49.00259399414063,-5.620735168457031,1.843570709228516,241.46226501464844,0.0003633300657384,40.2959213256836,-7.213832855224609,0.9650764465332032,267.60504150390625,0.0025307668838649,50.08874130249024,-9.790184020996094,1.6076393127441406,283.1386108398437,0.0062231714837253,56.73623275756836,-12.496379852294922,1.755126953125,291.3036499023437,0.0126486839726567,82.2289810180664,2.2201642423169687e-05,8.015161256480496e-06,12.389927864074709,-7.229235649108887,2.521659135818481,3.270674642408267e-05,1.0970861694659106e-05,54.4858512878418,1.5150619745254517
IBT_2012223N14317_2012081312,2012223N14317,HELENE,2012-08-13 12:00:00,2012-08-13,2012,8,12,,DS,14.100000381469728,285.1000061035156,30.0,1008.0,IBTRACS_ERA5,OBS,1,14.100000381469728,285.1000061035156,2012223N14317,HELENE,0.0,val,-0.9654726031286006,0.2605046114910129,-0.8660254037844385,-0.5000000000000004,-3.1571273803710938,5.067008972167969,219.08206176757807,5.056322697782889e-05,41.22650146484375,-8.699104309082031,0.8323402404785156,241.1874847412109,0.0002492393250577,28.381940841674805,-8.11227035522461,-0.5539665222167969,267.74346923828125,0.0018375648651272,35.9874382019043,-12.761253356933594,-0.9470481872558594,283.2045288085937,0.0051920409314334,47.12568664550781,-12.071575164794922,-1.730712890625,291.71063232421875,0.0116346897557377,73.71204376220703,1.3237477105576543e-05,9.949224477168173e-06,11.210548400878906,-8.96026611328125,0.5335243344306946,3.270674642408267e-05,1.130657437897753e-05,48.2466049194336,1.5150619745254517
IBT_2012223N14317_2012081318,2012223N14317,HELENE,2012-08-13 18:00:00,2012-08-13,2012,8,18,,DS,14.100000381469728,283.3999938964844,30.0,1008.0,IBTRACS_ERA5,OBS,1,14.100000381469728,283.3999938964844,2012223N14317,HELENE,0.0,val,-0.9727759028966708,0.2317477998678015,-0.8660254037844385,-0.5000000000000004,-8.291404724121094,-2.2442703247070312,219.10562133789065,3.358894173288718e-05,27.30933952331543,-9.869270324707031,-1.1364097595214844,241.06724548339844,0.0001270311768166,14.633976936340332,-10.39010238647461,-1.3332633972167969,267.35577392578125,0.0012496543349698,25.207958221435547,-14.845481872558594,-2.53396224975586,283.17254638671875,0.0040149982087314,36.520843505859375,-12.545207977294922,-4.863525390625,291.91326904296875,0.0100956978276371,63.14770126342773,8.973208878160222e-07,6.269198820518795e-06,4.995532035827637,-11.18829345703125,-2.42228627204895,3.270674642408267e-05,1.130657437897753e-05,42.10916519165039,1.5150619745254517
NEG_20120813_00438,,,2012-08-13 00:00:00,2012-08-13,2012,8,0,,BG,32.5,,,,IBTRACS_ERA5,OBS,0,32.5,327.5,,,4344.646835822391,val,-0.5372996083468242,0.8433914458128855,-0.8660254037844385,-0.5000000000000004,1.9815444946289065,-10.666511535644531,218.7471618652344,2.789832797134295e-05,23.68052673339844,4.624504089355469,-7.975032806396484,238.53208923339844,0.0001557494397275,22.97205352783203,11.15457534790039,0.1500129699707031,265.23834228515625,0.0010782760800793,25.60518455505371,11.693275451660156,0.8155250549316406,282.01776123046875,0.0049354876391589,48.54323196411133,3.303791046142578,-2.37109375,292.48248291015625,0.003506583161652,21.16031837463379,-2.9759277822449803e-05,-4.6244002760431613e-07,8.40013599395752,6.551537990570068,-4.009419918060303,-1.004167415885604e-06,5.531856004381552e-06,40.08511352539063,2.3679568767547607
NEG_20120813_03376,,,2012-08-13 00:00:00,2012-08-13,2012,8,0,,BG,25.0,,,,IBTRACS_ERA5,OBS,0,25.0,352.5,,,6646.791999574097,val,-0.1305261922200516,0.9914448613738104,-0.8660254037844385,-0.5000000000000004,5.515480041503906,4.899528503417969,220.96365356445312,1.8763217667583376e-05,12.23557186126709,7.860466003417969,7.010074615478516,240.45542907714844,0.0002197163994424,26.852174758911133,-4.120571136474609,-0.8393669128417969,262.7748413085937,0.0023670478258281,68.20507049560547,-3.8387680053710938,-1.0359153747558594,287.0267944335937,0.0040369625203311,28.424579620361328,-4.686321258544922,-2.56982421875,303.3554077148437,0.0039225639775395,12.239316940307615,5.895331014471594e-06,-8.875512321537826e-06,12.643891334533691,0.14605712890625,1.4928992986679075,1.7959166143555194e-05,1.1729554898920467e-05,30.19820022583008,5.683210849761963
IBT_2012223N14317_2012081400,2012223N14317,HELENE,2012-08-14 00:00:00,2012-08-14,2012,8,0,,DS,14.100000381469728,281.6000061035156,30.0,1008.0,IBTRACS_ERA5,OBS,1,14.100000381469728,281.6000061035156,2012223N14317,HELENE,0.0,val,-0.9795752281792228,0.2010780254966308,-0.8660254037844385,-0.5000000000000004,2.250049591064453,7.204380035400391,219.5887756347656,7.320349686779082e-05,56.1766471862793,-5.348094940185547,1.8437919616699217,242.15234375,0.0005885326536372,61.10341262817383,-7.6948089599609375,1.9391860961914065,267.19952392578125,0.0034579765051603,70.59207916259766,-10.08452606201172,3.832408905029297,282.59234619140625,0.0077331494539976,73.15252685546875,-13.192108154296877,5.0589752197265625,291.0107727050781,0.0119700692594051,79.278076171875,1.432476801710436e-05,8.824973519949708e-06,15.59047794342041,-6.813897609710693,3.9757485389709473,2.944894367828965e-05,1.72039453900652e-05,66.1031723022461,0.9699163436889648
IBT_2012223N14317_2012081406,2012223N14317,HELENE,2012-08-14 06:00:00,2012-08-14,2012,8,6,,DS,14.100000381469728,279.8999938964844,30.0,1009.0,IBTRACS_ERA5,OBS,1,14.100000381469728,279.8999938964844,2012223N14317,HELENE,0.0,val,-0.985109344469764,0.1719289953392151,-0.8660254037844385,-0.5000000000000004,-7.511669158935547,1.4460792541503906,219.54544067382807,5.593584864982404e-05,43.147857666015625,-8.665966033935547,2.127727508544922,241.8758544921875,0.0004529767611529,48.28738784790039,-7.7333831787109375,0.8722915649414062,267.45733642578125,0.002838147804141,56.80877304077149,-9.89446258544922,0.7253532409667969,283.01763916015625,0.0067694019526243,62.221717834472656,-10.991912841796877,1.8435211181640625,290.7900695800781,0.0127271674573421,85.48416900634766,2.515322557883337e-05,9.580158803146333e-06,3.502863883972168,-8.959478378295898,1.4029945135116575,2.944894367828965e-05,1.72039453900652e-05,62.93239212036133,0.9435863494873048
IBT_2012223N14317_2012081412,2012223N14317,HELENE,2012-08-14 12:00:00,2012-08-14,2012,8,12,,DS,14.100000381469728,278.20001220703125,30.0,1009.0,IBTRACS_ERA5,OBS,1,14.100000381469728,278.20001220703125,2012223N14317,HELENE,0.0,val,-0.9897762005202604,0.142629144580192,-0.8660254037844385,-0.5000000000000004,-10.997509002685549,-3.3219871520996094,219.1419982910156,5.226876601227559e-05,42.3120002746582,-10.090282440185549,0.0332450866699218,242.0906982421875,0.0004022308567073,42.00716400146485,-8.593978881835938,0.7167739868164062,267.5336303710937,0.0024857651442289,49.46666717529297,-8.852226257324219,-1.8604621887207031,282.67291259765625,0.0062999259680509,59.27082061767578,-6.928924560546875,-2.967391967773437,290.8154602050781,0.0120421908795833,80.75277709960938,1.9837178115267307e-05,1.204781983688008e-05,4.084007263183594,-9.092584609985352,-1.4799644947052002,2.944894367828965e-05,1.72039453900652e-05,57.48737716674805,0.9435863494873048
IBT_2012223N14317_2012081418,2012223N14317,HELENE,2012-08-14 18:00:00,2012-08-14,2012,8,18,,DS,14.300000190734863,276.3999938964844,30.0,1009.0,IBTRACS_ERA5,OBS,1,14.300000190734863,276.3999938964844,2012223N14317,HELENE,0.0,val,-0.9937679310349796,0.1114688263437625,-0.8660254037844385,-0.5000000000000004,-10.997509002685549,-3.3219871520996094,219.1419982910156,5.226876601227559e-05,42.3120002746582,-10.090282440185549,0.0332450866699218,242.0906982421875,0.0004022308567073,42.00716400146485,-8.593978881835938,0.7167739868164062,267.5336303710937,0.0024857651442289,49.46666717529297,-8.852226257324219,-1.8604621887207031,282.67291259765625,0.0062999259680509,59.27082061767578,-6.928924560546875,-2.967391967773437,290.8154602050781,0.0120421908795833,80.75277709960938,1.9837178115267307e-05,1.204781983688008e-05,4.084007263183594,-9.092584609985352,-1.4799644947052002,2.944894367828965e-05,1.72039453900652e-05,57.48737716674805,0.9435863494873048
NEG_20120814_00335,,,2012-08-14 00:00:00,2012-08-14,2012,8,0,,BG,35.0,,,,IBTRACS_ERA5,OBS,0,35.0,265.0,,,2569.2136701980203,val,-0.9961946980917455,-0.0871557427476582,-0.8660254037844385,-0.5000000000000004,19.923389434814453,-16.95186996459961,220.77786254882807,1.3198386113799644e-05,8.796975135803223,15.937549591064451,-11.948932647705078,239.0299072265625,0.0003356673696544,47.14157485961914,9.813491821289062,-5.847923278808594,266.25396728515625,0.0005520415143109,12.118034362792969,5.234687805175781,-9.499744415283203,282.89849853515625,0.0039850305765867,36.92460632324219,1.851837158203125,-4.0258636474609375,291.9638977050781,0.005784299224615,36.064788818359375,-3.706748429976869e-06,-1.7732163541950285e-05,22.218521118164062,10.552190780639648,-9.654867172241213,2.887745358748361e-05,2.0962086637155156e-05,41.86352157592773,4.434713840484619
NEG_20120814_03624,,,2012-08-14 00:00:00,2012-08-14,2012,8,0,,BG,15.0,,,,IBTRACS_ERA5,OBS,0,15.0,350.0,,,7330.607533502177,val,-0.1736481776669304,0.984807753012208,-0.8660254037844385,-0.5000000000000004,-5.936473846435547,2.31277847290039,219.64822387695312,7.137437933124602e-05,54.38608932495117,-3.343700408935547,2.014446258544922,242.2930908203125,0.0003672652819659,37.62279510498047,-4.1655120849609375,3.1501235961914062,267.42144775390625,0.0033242236822843,66.72064208984375,-12.66204071044922,0.1799430847167968,283.03277587890625,0.0074484776705503,68.39364624023438,-0.728729248046875,0.0927886962890625,291.9560852050781,0.0136056207120418,84.87213897705078,2.1227606339380145e-08,3.2591024137218483e-06,5.661180019378662,-5.367291450500488,1.5500160455703735,1.8949807781609707e-05,2.2902246200828813e-05,65.58390808105469,3.5311882495880127
NEG_20120814_04068,,,2012-08-14 00:00:00,2012-08-14,2012,8,0,,BG,5.0,,,,IBTRACS_ERA5,OBS,0,5.0,20.0,,,10773.333635928102,val,0.3420201433256687,0.9396926207859084,-0.8660254037844385,-0.5000000000000004,-16.893505096435547,-6.498744964599609,218.58425903320312,4.3620970245683566e-05,37.759765625,-14.324169158935549,-3.296100616455078,241.6182861328125,0.0002314710000064,25.290607452392575,-5.0326995849609375,1.7443618774414062,266.90411376953125,0.0030087064951658,62.82564926147461,-0.5719528198242188,4.743419647216797,282.14459228515625,0.0072334241122007,70.53427124023438,2.734649658203125,2.0705718994140625,290.9526672363281,0.0121608041226863,80.83940887451172,-8.57336272019893e-06,-1.702553959148645e-06,21.41722869873047,-6.817535400390625,-0.2472984343767166,1.7335518350591883e-05,2.0398307242430747e-05,71.945068359375,11.187052726745604
NEG_20120814_04344,,,2012-08-14 00:00:00,2012-08-14,2012,8,0,,BG,20.0,,,,IBTRACS_ERA5,OBS,0,20.0,30.0,,,11318.727981757807,val,0.4999999999999999,0.8660254037844387,-0.8660254037844385,-0.5000000000000004,-10.035594940185549,-0.6188621520996094,222.36819458007807,2.026153561018873e-05,11.214954376220703,-6.956493377685547,0.6160087585449219,243.5177001953125,0.0001238846161868,11.30158233642578,-1.8476409912109373,4.261940002441406,265.49298095703125,0.0027037989348173,62.94865798950195,0.9868850708007812,0.3203239440917969,286.66168212890625,0.0056685637682676,40.88032150268555,-3.708221435546875,-8.611312866210938,300.8550109863281,0.0052238963544368,18.891414642333984,-3.23372319144255e-06,-2.5043713321792893e-05,10.193866729736328,-4.312212944030762,-0.8063804507255554,1.971550955204293e-05,6.706693966407329e-06,40.49905776977539,4.5357747077941895
IBT_2012223N14317_2012081500,2012223N14317,HELENE,2012-08-15 00:00:00,2012-08-15,2012,8,0,,DS,14.699999809265137,274.70001220703125,30.0,1010.0,IBTRACS_ERA5,OBS,1,14.699999809265137,274.70001220703125,2012223N14317,HELENE,0.0,val,-0.9966373693607782,0.0819387209665119,-0.8660254037844385,-0.5000000000000004,-8.966354370117188,0.3647918701171875,219.59078979492188,5.364047683542594e-05,41.15399932861328,-5.4294281005859375,1.5287933349609375,242.63235473632807,0.0006579449982382,65.26112365722656,-6.7206573486328125,2.9886550903320312,267.4498596191406,0.003877950599417,77.66590881347656,-6.953945159912109,3.823028564453125,281.9546813964844,0.0074816606938838,73.90252685546875,-5.818153381347656,1.8367233276367188,290.10400390625,0.0132794138044118,93.1855239868164,2.558463347668294e-05,2.279710133734625e-05,3.4753060340881348,-6.777707576751709,2.1083984375,2.558463347668294e-05,2.2938576876185834e-05,69.18792724609375,0.4525745213031769
IBT_2012223N14317_2012081506,2012223N14317,HELENE,2012-08-15 06:00:00,2012-08-15,2012,8,6,,DS,15.199999809265137,273.0,30.0,1010.0,IBTRACS_ERA5,OBS,1,15.199999809265137,273.0,2012223N14317,HELENE,0.0,val,-0.9986295347545738,0.0523359562429439,-0.8660254037844385,-0.5000000000000004,-8.852340698242188,2.7859344482421875,219.62045288085935,6.007172487443313e-05,45.92545318603516,-7.1213226318359375,-0.1145172119140625,242.85037231445312,0.0004887683899141,47.488731384277344,-5.5136260986328125,1.2298660278320312,267.5303039550781,0.0034844856709241,69.35877227783203,-4.438320159912109,0.759796142578125,281.5081481933594,0.0083407722413539,84.93328857421875,-0.9092178344726562,-1.8400344848632808,290.348876953125,0.0126511212438344,87.39786529541016,1.5529398297076114e-05,1.7011792806442827e-05,9.19199562072754,-5.366965293884277,0.564208984375,2.558463347668294e-05,2.2938576876185834e-05,68.82982635498047,0.7815713286399841
IBT_2012223N14317_2012081512,2012223N14317,HELENE,2012-08-15 12:00:00,2012-08-15,2012,8,12,,DS,15.699999809265137,271.3999938964844,30.0,1011.0,IBTRACS_ERA5,OBS,1,15.699999809265137,271.3999938964844,2012223N14317,HELENE,0.0,val,-0.9997014923838504,0.0244320716580086,-0.8660254037844385,-0.5000000000000004,-8.852340698242188,2.7859344482421875,219.62045288085935,6.007172487443313e-05,45.92545318603516,-7.1213226318359375,-0.1145172119140625,242.85037231445312,0.0004887683899141,47.488731384277344,-5.5136260986328125,1.2298660278320312,267.5303039550781,0.0034844856709241,69.35877227783203,-4.438320159912109,0.759796142578125,281.5081481933594,0.0083407722413539,84.93328857421875,-0.9092178344726562,-1.8400344848632808,290.348876953125,0.0126511212438344,87.39786529541016,1.5529398297076114e-05,1.7011792806442827e-05,9.19199562072754,-5.366965293884277,0.564208984375,2.558463347668294e-05,2.2938576876185834e-05,68.82982635498047,0.7815713286399841
IBT_2012223N14317_2012081518,2012223N14317,HELENE,2012-08-15 18:00:00,2012-08-15,2012,8,18,,DS,16.5,270.5,25.0,1011.0,IBTRACS_ERA5,OBS,1,16.5,270.5,2012223N14317,HELENE,0.0,val,-0.9999619230641712,0.008726535498374,-0.8660254037844385,-0.5000000000000004,-4.163375854492188,2.5229949951171875,219.31173706054688,6.489876977866516e-05,51.47920989990234,-7.0427093505859375,-0.8220367431640625,242.8548889160156,0.0003654762113001,35.49448013305664,-11.997268676757812,0.1893386840820312,267.5575256347656,0.0030153372790664,59.89589309692383,-9.46004867553711,-0.960174560546875,282.1375427246094,0.006107147783041,59.58029556274414,-6.102821350097656,-1.2089309692382812,291.111083984375,0.0111356731504201,73.28324890136719,1.1171448932145722e-05,7.540295882790815e-06,4.205796241760254,-7.753244876861572,-0.0557617172598838,2.558463347668294e-05,2.279710133734625e-05,60.08287048339844,3.38100004196167
IBT_2012229N28305_2012081512,2012229N28305,GORDON,2012-08-15 12:00:00,2012-08-15,2012,8,12,,TS,27.600000381469727,305.3999938964844,30.0,1013.0,IBTRACS_ERA5,OBS,1,27.600000381469727,305.3999938964844,2012229N28305,GORDON,0.0,val,-0.815127857437313,0.57928108551001,-0.8660254037844385,-0.5000000000000004,-4.738571166992188,8.036422729492188,218.83370971679688,4.245203308528289e-05,35.660762786865234,-4.2900238037109375,5.2819671630859375,241.65066528320312,0.0004865183727815,52.99254608154297,-3.858108520507813,2.8931961059570312,266.6689758300781,0.0039107929915189,83.14920043945312,-2.6553611755371094,4.037628173828125,281.3196716308594,0.0061993263661861,63.94482803344727,-3.345252990722656,2.2598190307617188,289.906494140625,0.0115183349698781,81.8560562133789,3.416265099076554e-05,2.299178595421836e-05,5.942262649536133,-3.777463436126709,4.501806735992432,3.416265099076554e-05,3.0696726753376424e-05,48.0166015625,2.117575168609619
IBT_2012229N28305_2012081518,2012229N28305,GORDON,2012-08-15 18:00:00,2012-08-15,2012,8,18,,TS,29.100000381469727,304.8999938964844,30.0,1012.0,IBTRACS_ERA5,OBS,1,29.100000381469727,304.8999938964844,2012229N28305,GORDON,0.0,val,-0.8201519368224326,0.5721457860776504,-0.8660254037844385,-0.5000000000000004,2.6557159423828125,13.296920776367188,219.34469604492188,3.582055069273338e-05,28.30190658569336,-4.8376312255859375,9.811508178710938,241.34866333007807,0.0005462310509756,61.24530792236328,-4.8466339111328125,4.299690246582031,266.8731994628906,0.0026494991034269,55.45622634887695,-7.226406097412109,4.057403564453125,280.9410095214844,0.0068343542516231,72.34554290771484,-7.484657287597656,2.8162155151367188,290.17822265625,0.0101133342832326,70.63213348388672,1.490387148805894e-05,4.1721741581568494e-06,14.583290100097656,-4.347922325134277,6.856347560882568,3.416265099076554e-05,3.0696726753376424e-05,47.87993240356445,4.01081657409668
NEG_20120815_00429,,,2012-08-15 00:00:00,2012-08-15,2012,8,0,,BG,15.0,,,,IBTRACS_ERA5,OBS,0,15.0,7.5,,,6520.117559602851,val,0.1305261922200515,0.9914448613738104,-0.8660254037844385,-0.5000000000000004,-10.602828979492188,-3.799026489257813,221.03390502929688,5.977882392471656e-05,38.66151809692383,-10.639877319335938,-0.5898590087890625,242.32034301757807,0.0004146016144659,42.361907958984375,-11.796585083007812,0.9788894653320312,267.6249084472656,0.0037687253206968,74.47745513916016,-13.83993148803711,5.018341064453125,282.7369079589844,0.0082212351262569,77.01282501220703,-4.534950256347656,3.4356002807617188,292.006591796875,0.0125874634832143,78.2708969116211,1.0612204278004356e-05,6.645814664807404e-06,9.442402839660645,-10.282835006713867,1.0087890625,2.461055373714771e-05,2.000934546231292e-05,67.87704467773438,1.0886452198028564
NEG_20120815_01508,,,2012-08-15 00:00:00,2012-08-15,2012,8,0,,BG,27.5,,,,IBTRACS_ERA5,OBS,0,27.5,342.5,,,3643.44976507848,val,-0.300705799504273,0.9537169507482268,-0.8660254037844385,-0.5000000000000004,12.742019653320312,5.225997924804688,221.28347778320312,1.0764714716060553e-05,6.76109504699707,-2.065902709960937,-1.9680328369140625,238.15597534179688,8.693811832927167e-05,13.308432579040527,6.294601440429688,1.1533279418945312,265.5443420410156,0.0007539744256064,17.483930587768555,10.37759780883789,-0.376922607421875,284.6381530761719,0.0035306327044963,29.11026763916016,3.887779235839844,-4.132881164550781,296.013916015625,0.0037565880920737,18.20172691345215,-9.6141020549112e-06,-4.457213435671292e-06,12.883563041687012,6.247219085693359,-0.0197021476924419,7.194745194283314e-06,1.3794861843052786e-05,34.21280670166016,1.5308810472488403
NEG_20120815_02983,,,2012-08-15 00:00:00,2012-08-15,2012,8,0,,BG,27.5,,,,IBTRACS_ERA5,OBS,0,27.5,265.0,,,1347.6303290337914,val,-0.9961946980917455,-0.0871557427476582,-0.8660254037844385,-0.5000000000000004,-3.4719696044921875,-4.8175811767578125,219.77145385742188,3.02624175674282e-05,22.723432540893555,-4.1735687255859375,-4.048843383789063,240.73062133789065,0.0001120409870054,13.333114624023438,-0.8808135986328125,1.0535964965820312,267.2987365722656,0.0010237823007628,20.74186515808105,0.4029884338378906,2.595733642578125,283.4248962402344,0.0057721100747585,51.61922454833984,0.8554306030273438,6.619926452636719,293.156982421875,0.0065251346677541,37.74348449707031,-2.7245063392911103e-05,-1.9729019186343063e-05,12.22877597808838,-1.4535865783691406,0.280566394329071,2.089375993818976e-05,-2.50665175371978e-06,47.00249099731445,4.776486873626709
IBT_2012223N14317_2012081600,2012223N14317,HELENE,2012-08-16 00:00:00,2012-08-16,2012,8,0,,DS,17.5,269.5,25.0,1011.0,IBTRACS_ERA5,OBS,1,17.5,269.5,2012223N14317,HELENE,0.0,val,-0.9999619230641712,-0.0087265354983735,-0.8660254037844385,-0.5000000000000004,-5.756710052490234,3.1467208862304688,219.527099609375,6.394133379217237e-05,49.43121719360352,-4.802211761474609,3.556259155273437,242.67510986328125,0.0006392470095306,63.149749755859375,-4.02374267578125,3.848907470703125,267.16339111328125,0.0036215144209563,74.13517761230469,-5.152305603027344,4.241245269775391,282.65252685546875,0.0078215971589088,73.68852996826172,-4.777843475341797,3.01711654663086,290.6640014648437,0.012923564761877,87.50312805175781,3.0471741411020048e-05,2.8283560823183507e-05,0.9874092936515808,-4.902562618255615,3.562049865722656,3.0471741411020048e-05,3.06165347865317e-05,69.31895446777344,0.9874092936515808
IBT_2012223N14317_2012081606,2012223N14317,HELENE,2012-08-16 06:00:00,2012-08-16,2012,8,6,,DS,18.5,269.0,25.0,1011.0,IBTRACS_ERA5,OBS,1,18.5,269.0,2012223N14317,HELENE,0.0,val,-0.9998476951563912,-0.0174524064372834,-0.8660254037844385,-0.5000000000000004,-5.756710052490234,3.1467208862304688,219.527099609375,6.394133379217237e-05,49.43121719360352,-4.802211761474609,3.556259155273437,242.67510986328125,0.0006392470095306,63.149749755859375,-4.02374267578125,3.848907470703125,267.16339111328125,0.0036215144209563,74.13517761230469,-5.152305603027344,4.241245269775391,282.65252685546875,0.0078215971589088,73.68852996826172,-4.777843475341797,3.01711654663086,290.6640014648437,0.012923564761877,87.50312805175781,3.0471741411020048e-05,2.8283560823183507e-05,0.9874092936515808,-4.902562618255615,3.562049865722656,3.0471741411020048e-05,3.06165347865317e-05,69.31895446777344,0.9874092936515808
IBT_2012223N14317_2012081612,2012223N14317,HELENE,2012-08-16 12:00:00,2012-08-16,2012,8,12,,DS,19.200000762939453,268.5,25.0,1011.0,IBTRACS_ERA5,OBS,1,19.200000762939453,268.5,2012223N14317,HELENE,0.0,val,-0.9996573249755571,-0.0261769483078734,-0.8660254037844385,-0.5000000000000004,-1.3460655212402344,8.275138854980469,219.7677001953125,6.716883217450231e-05,50.458255767822266,-3.77145004272461,4.9095306396484375,241.89642333984372,0.0004955029580742,52.71693801879883,-10.47955322265625,0.342071533203125,267.16387939453125,0.0035770046524703,73.22130584716797,-10.120567321777344,0.9474220275878906,282.76483154296875,0.0075090005993843,70.20828247070312,-7.707286834716797,0.9021263122558594,291.1898803710937,0.0123896263539791,81.12847900390625,2.1371644834289327e-05,1.1795502359746024e-05,9.737887382507324,-6.684984683990479,3.0752577781677246,3.0471741411020048e-05,3.06165347865317e-05,64.52223205566406,0.9874092936515808
IBT_2012223N14317_2012081618,2012223N14317,HELENE,2012-08-16 18:00:00,2012-08-16,2012,8,18,,DS,19.299999237060547,267.3999938964844,25.0,1011.0,IBTRACS_ERA5,OBS,1,19.299999237060547,267.3999938964844,2012223N14317,HELENE,0.0,val,-0.9989705649583512,-0.0453630945460356,-0.8660254037844385,-0.5000000000000004,-1.3460655212402344,8.275138854980469,219.7677001953125,6.716883217450231e-05,50.458255767822266,-3.77145004272461,4.9095306396484375,241.89642333984372,0.0004955029580742,52.71693801879883,-10.47955322265625,0.342071533203125,267.16387939453125,0.0035770046524703,73.22130584716797,-10.120567321777344,0.9474220275878906,282.76483154296875,0.0075090005993843,70.20828247070312,-7.707286834716797,0.9021263122558594,291.1898803710937,0.0123896263539791,81.12847900390625,2.1371644834289327e-05,1.1795502359746024e-05,9.737887382507324,-6.684984683990479,3.0752577781677246,3.0471741411020048e-05,3.06165347865317e-05,64.52223205566406,0.9874092936515808
IBT_2012229N28305_2012081600,2012229N28305,GORDON,2012-08-16 00:00:00,2012-08-16,2012,8,0,,TS,30.5,304.6000061035156,35.0,1010.0,IBTRACS_ERA5,OBS,1,30.5,304.6000061035156,2012229N28305,GORDON,0.0,val,-0.8231363080440628,0.5678438327388876,-0.8660254037844385,-0.5000000000000004,-5.534053802490234,7.286125183105469,219.23974609375,2.049746581178624e-05,16.399738311767578,2.37112808227539,3.559921264648437,241.49993896484372,0.0004253817896824,47.00768661499024,6.56146240234375,3.442657470703125,266.16119384765625,0.0028779911808669,63.62919998168945,8.322059631347656,8.49942398071289,281.47186279296875,0.0057050064206123,58.23756408691406,7.046863555908203,5.477565765380859,290.51483154296875,0.0114743970334529,78.4334716796875,2.523530565667897e-05,1.2575566870509649e-05,12.710247039794922,3.7534918785095215,5.653138637542725,4.016557068098337e-05,2.1771225874545053e-05,49.21094131469727,2.6127114295959477
IBT_2012229N28305_2012081606,2012229N28305,GORDON,2012-08-16 06:00:00,2012-08-16,2012,8,6,,TS,31.700000762939453,304.79998779296875,40.0,1009.0,IBTRACS_ERA5,OBS,1,31.700000762939453,304.79998779296875,2012229N28305,GORDON,0.0,val,-0.8211493307258587,0.5707133927362089,-0.8660254037844385,-0.5000000000000004,3.5282020568847656,10.826652526855469,218.6923828125,5.154124301043339e-05,44.03841018676758,5.018589019775391,5.2525482177734375,242.01947021484372,0.0005215054843574,54.83512496948242,3.47064208984375,2.984405517578125,266.74688720703125,0.002698655705899,57.03514862060547,2.163124084472656,2.43045425415039,281.4921264648437,0.0071337893605232,72.7221450805664,1.8710823059082031,1.8708763122558596,289.6259155273437,0.0123570822179317,89.4111328125,4.016557068098337e-05,2.1771225874545053e-05,9.107797622680664,3.2103278636932373,4.672987461090088,4.016557068098337e-05,2.1771225874545053e-05,52.96592330932617,1.926039695739746
IBT_2012229N28305_2012081612,2012229N28305,GORDON,2012-08-16 12:00:00,2012-08-16,2012,8,12,,TS,32.900001525878906,305.6000061035156,45.0,1006.0,IBTRACS_ERA5,OBS,1,32.900001525878906,305.6000061035156,2012229N28305,GORDON,0.0,val,-0.8131006990355331,0.5821230567740188,-0.8660254037844385,-0.5000000000000004,3.5282020568847656,10.826652526855469,218.6923828125,5.154124301043339e-05,44.03841018676758,5.018589019775391,5.2525482177734375,242.01947021484372,0.0005215054843574,54.83512496948242,3.47064208984375,2.984405517578125,266.74688720703125,0.002698655705899,57.03514862060547,2.163124084472656,2.43045425415039,281.4921264648437,0.0071337893605232,72.7221450805664,1.8710823059082031,1.8708763122558596,289.6259155273437,0.0123570822179317,89.4111328125,4.016557068098337e-05,2.1771225874545053e-05,9.107797622680664,3.2103278636932373,4.672987461090088,4.016557068098337e-05,2.1771225874545053e-05,52.96592330932617,1.926039695739746
IBT_2012229N28305_2012081618,2012229N28305,GORDON,2012-08-16 18:00:00,2012-08-16,2012,8,18,,TS,33.900001525878906,307.0,55.0,998.0,IBTRACS_ERA5,OBS,1,33.900001525878906,307.0,2012229N28305,GORDON,0.0,val,-0.798635510047293,0.6018150231520479,-0.8660254037844385,-0.5000000000000004,14.950565338134766,7.631828308105469,218.6951904296875,5.557200711336918e-05,47.46636581420898,7.383823394775391,6.0347747802734375,241.38897705078125,0.0006105585489422,68.1933822631836,1.99041748046875,4.978302001953125,266.36871337890625,0.00183194456622,39.85968780517578,1.0354385375976562,5.355869293212891,280.5277709960937,0.0058494582772254,63.70121765136719,0.4387092590332031,6.014675140380859,290.7162475585937,0.0088364742696285,59.63134765625,3.2825678317749407e-06,-6.400178790499922e-06,14.601683616638184,5.159790992736816,6.003089904785156,4.016557068098337e-05,2.1771225874545053e-05,54.63419342041016,1.926039695739746
IBT_2012223N14317_2012081700,2012223N14317,HELENE,2012-08-17 00:00:00,2012-08-17,2012,8,0,,DS,19.299999237060547,265.79998779296875,25.0,1011.0,IBTRACS_ERA5,OBS,1,19.299999237060547,265.79998779296875,2012223N14317,HELENE,0.0,val,-0.9973144616208262,-0.073238409608359,-0.8660254037844385,-0.5000000000000004,-1.2299575805664062,1.3423995971679688,220.35255432128903,7.946215919218957e-05,55.69025039672852,-2.1550521850585938,2.90029525756836,242.8648681640625,0.0006221007788553,60.36039352416992,-4.98486328125,3.9864578247070312,268.119873046875,0.0043097320012748,82.02226257324219,-4.956958770751953,4.773761749267578,282.35223388671875,0.008612560108304,82.80744171142578,-4.17999267578125,5.129295349121094,290.7402038574219,0.0132189467549324,89.0696792602539,3.370767444721423e-05,3.384133742656559e-05,4.800342559814453,-3.5013649463653564,3.6264419555664062,3.370767444721423e-05,3.384133742656559e-05,70.71525573730469,1.8459564447402956
IBT_2012223N14317_2012081706,2012223N14317,HELENE,2012-08-17 06:00:00,2012-08-17,2012,8,6,,DS,19.700000762939453,264.79998779296875,25.0,1011.0,IBTRACS_ERA5,OBS,1,19.700000762939453,264.79998779296875,2012223N14317,HELENE,0.0,val,-0.9958843793064148,-0.0906327923738245,-0.8660254037844385,-0.5000000000000004,-1.2299575805664062,1.3423995971679688,220.35255432128903,7.946215919218957e-05,55.69025039672852,-2.1550521850585938,2.90029525756836,242.8648681640625,0.0006221007788553,60.36039352416992,-4.98486328125,3.9864578247070312,268.119873046875,0.0043097320012748,82.02226257324219,-4.956958770751953,4.773761749267578,282.35223388671875,0.008612560108304,82.80744171142578,-4.17999267578125,5.129295349121094,290.7402038574219,0.0132189467549324,89.0696792602539,3.370767444721423e-05,3.384133742656559e-05,4.800342559814453,-3.5013649463653564,3.6264419555664062,3.370767444721423e-05,3.384133742656559e-05,70.71525573730469,1.8459564447402956
IBT_2012223N14317_2012081712,2012223N14317,HELENE,2012-08-17 12:00:00,2012-08-17,2012,8,12,,TS,19.899999618530277,264.29998779296875,30.0,1009.0,IBTRACS_ERA5,OBS,1,19.899999618530277,264.29998779296875,2012223N14317,HELENE,0.0,val,-0.9950555488008442,-0.0993199617430992,-0.8660254037844385,-0.5000000000000004,-1.2299575805664062,1.3423995971679688,220.35255432128903,7.946215919218957e-05,55.69025039672852,-2.1550521850585938,2.90029525756836,242.8648681640625,0.0006221007788553,60.36039352416992,-4.98486328125,3.9864578247070312,268.119873046875,0.0043097320012748,82.02226257324219,-4.956958770751953,4.773761749267578,282.35223388671875,0.008612560108304,82.80744171142578,-4.17999267578125,5.129295349121094,290.7402038574219,0.0132189467549324,89.0696792602539,3.370767444721423e-05,3.384133742656559e-05,4.800342559814453,-3.5013649463653564,3.6264419555664062,3.370767444721423e-05,3.384133742656559e-05,70.71525573730469,1.8459564447402956
IBT_2012223N14317_2012081718,2012223N14317,HELENE,2012-08-17 18:00:00,2012-08-17,2012,8,18,,TS,20.299999237060547,264.1000061035156,40.0,1004.0,IBTRACS_ERA5,OBS,1,20.299999237060547,264.1000061035156,2012223N14317,HELENE,0.0,val,-0.994702828067292,-0.1027924308250926,-0.8660254037844385,-0.5000000000000004,-1.2299575805664062,1.3423995971679688,220.35255432128903,7.946215919218957e-05,55.69025039672852,-2.1550521850585938,2.90029525756836,242.8648681640625,0.0006221007788553,60.36039352416992,-4.98486328125,3.9864578247070312,268.119873046875,0.0043097320012748,82.02226257324219,-4.956958770751953,4.773761749267578,282.35223388671875,0.008612560108304,82.80744171142578,-4.17999267578125,5.129295349121094,290.7402038574219,0.0132189467549324,89.0696792602539,3.370767444721423e-05,3.384133742656559e-05,4.800342559814453,-3.5013649463653564,3.6264419555664062,3.370767444721423e-05,3.384133742656559e-05,70.71525573730469,1.8459564447402956
IBT_2012229N28305_2012081700,2012229N28305,GORDON,2012-08-17 00:00:00,2012-08-17,2012,8,0,,TS,34.29999923706055,308.8999938964844,60.0,995.0,IBTRACS_ERA5,OBS,1,34.29999923706055,308.8999938964844,2012229N28305,GORDON,0.0,val,-0.7782432154206878,0.6279629747458596,-0.8660254037844385,-0.5000000000000004,13.573265075683594,1.5172042846679688,218.94679260253903,3.96378745790571e-05,32.84743881225586,12.700416564941406,-3.4082984924316406,241.9842529296875,0.0002994831884279,31.59603500366211,6.35498046875,-3.4539718627929688,266.45751953125,0.0033561766613274,72.52667999267578,4.004955291748047,-4.175212860107422,281.11004638671875,0.0067395432852208,70.52080535888672,3.85858154296875,-5.538185119628906,289.8329772949219,0.0105716660618782,75.48324584960938,2.4268154447781853e-05,2.26916563406121e-05,12.00639820098877,8.098440170288086,-3.011692762374878,4.377921504783444e-05,2.8905575163662437e-05,56.165225982666016,2.9865427017211914
IBT_2012229N28305_2012081706,2012229N28305,GORDON,2012-08-17 06:00:00,2012-08-17,2012,8,6,,TS,34.599998474121094,310.8999938964844,55.0,998.0,IBTRACS_ERA5,OBS,1,34.599998474121094,310.8999938964844,2012229N28305,GORDON,0.0,val,-0.7558535389148457,0.6547407331989539,-0.8660254037844385,-0.5000000000000004,13.573265075683594,1.5172042846679688,218.94679260253903,3.96378745790571e-05,32.84743881225586,12.700416564941406,-3.4082984924316406,241.9842529296875,0.0002994831884279,31.59603500366211,6.35498046875,-3.4539718627929688,266.45751953125,0.0033561766613274,72.52667999267578,4.004955291748047,-4.175212860107422,281.11004638671875,0.0067395432852208,70.52080535888672,3.85858154296875,-5.538185119628906,289.8329772949219,0.0105716660618782,75.48324584960938,2.4268154447781853e-05,2.26916563406121e-05,12.00639820098877,8.098440170288086,-3.011692762374878,4.377921504783444e-05,2.8905575163662437e-05,56.165225982666016,2.9865427017211914
IBT_2012229N28305_2012081712,2012229N28305,GORDON,2012-08-17 12:00:00,2012-08-17,2012,8,12,,TS,34.400001525878906,313.0,55.0,997.0,IBTRACS_ERA5,OBS,1,34.400001525878906,313.0,2012229N28305,GORDON,0.0,val,-0.7313537016191703,0.6819983600624986,-0.8660254037844385,-0.5000000000000004,14.106224060058594,-1.3045730590820312,218.58937072753903,5.98005426581949e-05,51.73345565795898,12.300514221191406,-0.5887184143066406,241.7852783203125,0.0004604753339663,49.51372909545898,5.754150390625,-1.0101242065429688,266.427978515625,0.0033164503984153,71.831298828125,5.323558807373047,0.3993721008300781,281.3724975585937,0.0062169297598302,63.89540100097656,2.33221435546875,-0.8923110961914062,290.0859069824219,0.0114007666707038,80.09517669677734,4.377921504783444e-05,2.8905575163662437e-05,11.781225204467772,7.963332176208496,-0.6792709231376648,4.377921504783444e-05,2.8905575163662437e-05,53.401363372802734,2.9865427017211914
IBT_2012229N28305_2012081718,2012229N28305,GORDON,2012-08-17 18:00:00,2012-08-17,2012,8,18,,TS,34.29999923706055,315.0,55.0,993.0,IBTRACS_ERA5,OBS,1,34.29999923706055,315.0,2012229N28305,GORDON,0.0,val,-0.7071067811865477,0.7071067811865474,-0.8660254037844385,-0.5000000000000004,14.422386169433594,-4.559455871582031,218.59864807128903,7.197805098257959e-05,62.1986198425293,14.038795471191406,-1.8160133361816408,241.3404541015625,0.0005495693767443,61.66823959350586,7.56494140625,3.2218093872070312,266.265380859375,0.0023054659832268,50.563507080078125,7.024974822998047,4.363849639892578,281.21112060546875,0.0059625371359288,61.960479736328125,3.27703857421875,4.820945739746094,290.4320983886719,0.0105765536427497,72.67890930175781,1.891792817332316e-05,1.2486331797845196e-05,14.567453384399414,9.265626907348633,1.2062270641326904,4.377921504783444e-05,2.8905575163662437e-05,49.916316986083984,2.9865427017211914
NEG_20120817_03652,,,2012-08-17 00:00:00,2012-08-17,2012,8,0,,BG,45.0,,,,IBTRACS_ERA5,OBS,0,45.0,347.5,,,3000.508459134157,val,-0.2164396139381028,0.9762960071199334,-0.8660254037844385,-0.5000000000000004,31.568626403808597,32.44591522216797,217.63917541503903,3.095235661021434e-05,30.043651580810547,28.318336486816406,31.87490463256836,235.786376953125,0.0003291439497843,63.87911605834961,20.76025390625,24.54627227783203,262.1947021484375,0.0014797629555687,44.65187072753906,15.609447479248049,18.95039749145508,277.50994873046875,0.0047252937220036,63.475242614746094,13.33612060546875,14.643211364746094,285.3498229980469,0.0087155774235725,83.33980560302734,2.3574373699375428e-05,-1.3450448932417204e-05,25.482553482055664,21.91855812072754,24.49213981628418,4.53466855105944e-05,4.907097172690556e-05,54.505516052246094,5.688479423522949
IBT_2012223N14317_2012081800,2012223N14317,HELENE,2012-08-18 00:00:00,2012-08-18,2012,8,0,,TS,20.799999237060547,263.8999938964844,35.0,1006.0,IBTRACS_ERA5,OBS,1,20.799999237060547,263.8999938964844,2012223N14317,HELENE,0.0,val,-0.9943379328132654,-0.1062641772595173,-0.8660254037844385,-0.5000000000000004,-0.9165496826171876,-3.178119659423828,219.54627990722656,7.397726585622877e-05,57.0589485168457,-2.823570251464844,0.4643096923828125,242.6141357421875,0.0006121759070083,60.8264045715332,-2.520713806152344,5.304447174072266,268.1239318847656,0.0038835774175822,73.88897705078125,-2.700302124023437,5.680870056152344,282.39508056640625,0.0076926164329051,73.7479019165039,-2.791034698486328,6.343845367431641,291.43927001953125,0.0119338389486074,76.91754150390625,1.7815653336583637e-05,1.265471291844733e-05,9.704715728759766,-2.3504340648651123,2.9230704307556152,2.489921462256461e-05,3.1966388633009046e-05,70.49996948242188,1.9666152000427248
IBT_2012223N14317_2012081806,2012223N14317,HELENE,2012-08-18 06:00:00,2012-08-18,2012,8,6,,TS,21.399999618530277,263.20001220703125,30.0,1007.0,IBTRACS_ERA5,OBS,1,21.399999618530277,263.20001220703125,2012223N14317,HELENE,0.0,val,-0.9929655333328218,-0.1184037567523296,-0.8660254037844385,-0.5000000000000004,1.1161651611328125,1.972026824951172,219.7885284423828,7.88410980021581e-05,59.07996368408203,-4.680992126464844,0.4001007080078125,243.115234375,0.0006885108305141,65.24039459228516,-8.052085876464844,2.6010780334472656,268.0950622558594,0.0044293026439845,84.45684051513672,-7.624862670898437,3.753990173339844,282.5565795898437,0.0075025521218776,71.1432113647461,-6.576190948486328,3.81875991821289,291.32061767578125,0.0126403030008077,82.08612060546875,2.206667522841599e-05,2.9615675884997472e-05,7.910926818847656,-5.163593292236328,2.509191036224365,2.489921462256461e-05,3.1966388633009046e-05,67.37457275390625,1.9666152000427248
IBT_2012223N14317_2012081812,2012223N14317,HELENE,2012-08-18 12:00:00,2012-08-18,2012,8,12,,TS,21.899999618530277,262.29998779296875,30.0,1008.0,IBTRACS_ERA5,OBS,1,21.899999618530277,262.29998779296875,2012223N14317,HELENE,0.0,val,-0.9909831711686702,-0.1339863965501208,-0.8660254037844385,-0.5000000000000004,1.1161651611328125,1.972026824951172,219.7885284423828,7.88410980021581e-05,59.07996368408203,-4.680992126464844,0.4001007080078125,243.115234375,0.0006885108305141,65.24039459228516,-8.052085876464844,2.6010780334472656,268.0950622558594,0.0044293026439845,84.45684051513672,-7.624862670898437,3.753990173339844,282.5565795898437,0.0075025521218776,71.1432113647461,-6.576190948486328,3.81875991821289,291.32061767578125,0.0126403030008077,82.08612060546875,2.206667522841599e-05,2.9615675884997472e-05,7.910926818847656,-5.163593292236328,2.509191036224365,2.489921462256461e-05,3.1966388633009046e-05,67.37457275390625,1.9666152000427248
IBT_2012223N14317_2012081818,2012223N14317,HELENE,2012-08-18 18:00:00,2012-08-18,2012,8,18,,TS,22.5,261.29998779296875,25.0,1009.0,IBTRACS_ERA5,OBS,1,22.5,261.29998779296875,2012223N14317,HELENE,0.0,val,-0.9884938545821068,-0.151261030848692,-0.8660254037844385,-0.5000000000000004,1.1161651611328125,1.972026824951172,219.7885284423828,7.88410980021581e-05,59.07996368408203,-4.680992126464844,0.4001007080078125,243.115234375,0.0006885108305141,65.24039459228516,-8.052085876464844,2.6010780334472656,268.0950622558594,0.0044293026439845,84.45684051513672,-7.624862670898437,3.753990173339844,282.5565795898437,0.0075025521218776,71.1432113647461,-6.576190948486328,3.81875991821289,291.32061767578125,0.0126403030008077,82.08612060546875,2.206667522841599e-05,2.9615675884997472e-05,7.910926818847656,-5.163593292236328,2.509191036224365,2.489921462256461e-05,3.1966388633009046e-05,67.37457275390625,1.9666152000427248
IBT_2012229N28305_2012081800,2012229N28305,GORDON,2012-08-18 00:00:00,2012-08-18,2012,8,0,,TS,34.20000076293945,316.8999938964844,60.0,990.0,IBTRACS_ERA5,OBS,1,34.20000076293945,316.8999938964844,2012229N28305,GORDON,0.0,val,-0.6832738514623856,0.7301622038340233,-0.8660254037844385,-0.5000000000000004,9.827590942382812,2.383403778076172,219.0216217041016,4.0677827200852334e-05,33.407814025878906,9.783363342285156,-3.5232391357421875,241.64404296875,0.0004393932176753,47.88994598388672,3.779823303222656,-5.656246185302734,266.7971496582031,0.003466896014288,72.98956298828125,0.8443756103515625,-5.503089904785156,281.19000244140625,0.0068376474082469,71.15699768066406,-1.832538604736328,-4.144069671630859,289.27130126953125,0.0110759492963552,81.98902893066406,3.796855889959261e-05,2.1337222278816625e-05,13.362878799438477,4.480523109436035,-3.288648128509521,4.5981447328813374e-05,2.9140664992155507e-05,55.43051910400391,2.0147719383239746
IBT_2012229N28305_2012081806,2012229N28305,GORDON,2012-08-18 06:00:00,2012-08-18,2012,8,6,,TS,34.0,318.5,65.0,987.0,IBTRACS_ERA5,OBS,1,34.0,318.5,2012229N28305,GORDON,0.0,val,-0.6626200482157378,0.7489557207890019,-0.8660254037844385,-0.5000000000000004,9.827590942382812,2.383403778076172,219.0216217041016,4.0677827200852334e-05,33.407814025878906,9.783363342285156,-3.5232391357421875,241.64404296875,0.0004393932176753,47.88994598388672,3.779823303222656,-5.656246185302734,266.7971496582031,0.003466896014288,72.98956298828125,0.8443756103515625,-5.503089904785156,281.19000244140625,0.0068376474082469,71.15699768066406,-1.832538604736328,-4.144069671630859,289.27130126953125,0.0110759492963552,81.98902893066406,3.796855889959261e-05,2.1337222278816625e-05,13.362878799438477,4.480523109436035,-3.288648128509521,4.5981447328813374e-05,2.9140664992155507e-05,55.43051910400391,2.0147719383239746
IBT_2012229N28305_2012081812,2012229N28305,GORDON,2012-08-18 12:00:00,2012-08-18,2012,8,12,,TS,34.0,320.3999938964844,75.0,979.0,IBTRACS_ERA5,OBS,1,34.0,320.3999938964844,2012229N28305,GORDON,0.0,val,-0.6374240718287215,0.7705131748732742,-0.8660254037844385,-0.5000000000000004,9.719680786132812,5.168560028076172,218.84901428222656,6.525636126752943e-05,54.71617889404297,10.567543029785156,-3.1816864013671875,241.6951904296875,0.0005443383706733,59.03813934326172,3.887489318847656,-2.0236778259277344,266.9894104003906,0.0032035480253398,66.4583511352539,0.2821197509765625,-0.7490615844726562,281.00885009765625,0.0061473064124584,64.77100372314453,-3.569355010986328,-0.5335960388183594,289.33575439453125,0.0108242388814687,79.79415130615234,4.5981447328813374e-05,2.593379031168297e-05,14.460741996765137,4.17749547958374,-0.2638923525810241,4.5981447328813374e-05,2.9140664992155507e-05,50.5478744506836,2.2678422927856445
IBT_2012229N28305_2012081818,2012229N28305,GORDON,2012-08-18 18:00:00,2012-08-18,2012,8,18,,TS,34.0,322.5,90.0,969.0,IBTRACS_ERA5,OBS,1,34.0,322.5,2012229N28305,GORDON,0.0,val,-0.608761429008721,0.7933533402912349,-0.8660254037844385,-0.5000000000000004,16.748245239257812,-0.2979927062988281,218.5802154541016,6.96047063684091e-05,60.281524658203125,10.845130920410156,0.1313018798828125,241.4639892578125,0.0006585967494174,73.03105163574219,5.341590881347656,1.8637733459472656,266.4879455566406,0.0032653580419719,70.39910888671875,2.9903717041015625,3.846885681152344,280.42437744140625,0.0061174742877483,67.0953369140625,-0.7456245422363281,5.498020172119141,288.83502197265625,0.0109593626111745,83.4398422241211,2.865911301341839e-05,1.4445606211666018e-05,18.429033279418945,7.035943031311035,2.208397626876831,4.5981447328813374e-05,2.9140664992155507e-05,44.03839492797852,2.6001477241516118
NEG_20120818_00234,,,2012-08-18 00:00:00,2012-08-18,2012,8,0,,BG,7.5,,,,IBTRACS_ERA5,OBS,0,7.5,7.5,,,5464.293370113744,val,0.1305261922200515,0.9914448613738104,-0.8660254037844385,-0.5000000000000004,-14.168258666992188,-1.839008331298828,219.13917541503903,5.670169775839895e-05,45.916015625,-10.453208923339844,1.4158477783203125,241.77545166015625,0.0004907668335363,52.82052993774414,-1.837120056152344,2.8875770568847656,267.5096130371094,0.0040373499505221,80.49048614501953,-3.270370483398437,1.2234115600585938,282.1454467773437,0.0079887621104717,77.89517974853516,1.329570770263672,1.8860206604003904,289.60174560546875,0.0131414886564016,95.2344741821289,1.611924744793214e-05,3.739210796993575e-06,15.939214706420898,-5.679877281188965,1.114769697189331,2.0860263248323463e-05,3.830519563052803e-05,69.95038604736328,10.99648380279541
NEG_20120818_00263,,,2012-08-18 00:00:00,2012-08-18,2012,8,0,,BG,25.0,,,,IBTRACS_ERA5,OBS,0,25.0,282.5,,,1959.7448776497024,val,-0.9762960071199336,0.2164396139381024,-0.8660254037844385,-0.5000000000000004,-5.164108276367188,-5.936176300048828,218.48634338378903,5.0002228817902505e-05,43.79776763916016,-1.2871932983398438,-1.1147918701171875,240.1485595703125,0.0002978023840114,37.49504852294922,3.138465881347656,1.7546424865722656,266.0934143066406,0.0020485739223659,45.52915954589844,-1.5323333740234375,2.245079040527344,282.65460205078125,0.0054728500545024,51.55336380004883,-1.409931182861328,3.2692604064941406,291.08599853515625,0.0100542064756155,66.27169799804688,-9.822901120060124e-06,-2.1922267478657886e-05,9.941524505615234,-1.251020073890686,0.0436027534306049,1.1055344657506794e-05,1.452874312235508e-05,56.6291618347168,1.218754529953003
NEG_20120818_01695,,,2012-08-18 00:00:00,2012-08-18,2012,8,0,,BG,2.5,,,,IBTRACS_ERA5,OBS,0,2.5,320.0,,,3502.8862822608903,val,-0.6427876096865396,0.7660444431189778,-0.8660254037844385,-0.5000000000000004,-13.548141479492188,5.455669403076172,219.2204742431641,3.0026290914975107e-05,24.079116821289062,-9.086997985839844,-4.461715698242188,241.8115234375,0.0002826516283676,30.31659507751465,-4.764610290527344,-0.8979454040527344,267.0157775878906,0.001923851086758,39.83021545410156,-4.8001556396484375,-0.6348037719726562,280.86358642578125,0.0076955966651439,81.89578247070312,-5.855731964111328,6.230564117431641,290.15972900390625,0.0094220396131277,65.8819580078125,-8.917267223296221e-06,-6.636678335780744e-07,7.731340408325195,-7.6111273765563965,1.138353705406189,1.1860525773954578e-05,3.487237336230464e-05,74.50039672851562,3.849343061447144
NEG_20120818_03240,,,2012-08-18 00:00:00,2012-08-18,2012,8,0,,BG,45.0,,,,IBTRACS_ERA5,OBS,0,45.0,355.0,,,3018.8656323794544,val,-0.0871557427476583,0.9961946980917455,-0.8660254037844385,-0.5000000000000004,10.097122192382812,16.842876434326172,216.9976959228516,2.633266558405012e-05,27.64333915710449,10.276039123535156,16.171829223632812,236.9774169921875,0.0001301233278354,22.399341583251957,11.126258850097656,20.069583892822266,263.5262756347656,0.0012902388116344,35.032432556152344,7.505752563476562,14.924278259277344,281.76226806640625,0.0037275364156812,37.305267333984375,0.2822074890136719,6.016696929931641,291.26641845703125,0.0063034649938344,41.075679779052734,-1.4021834431332536e-05,-2.5845922209555283e-05,14.612963676452637,7.857476234436035,14.8050537109375,9.672527994553091e-06,1.8164910216000862e-05,42.3226318359375,0.8944515585899353
NEG_20120818_04082,,,2012-08-18 00:00:00,2012-08-18,2012,8,0,,BG,10.0,,,,IBTRACS_ERA5,OBS,0,10.0,27.5,,,7089.687350256587,val,0.4617486132350339,0.8870108331782217,-0.8660254037844385,-0.5000000000000004,-13.394332885742188,-3.259906768798828,219.2325592041016,6.7944623879157e-05,54.40836334228516,-6.836509704589844,-2.1379852294921875,242.2945556640625,0.0006730806780979,68.9410171508789,-7.558067321777344,-1.5720176696777344,267.6217346191406,0.0046569476835429,92.05274200439452,-6.2982025146484375,-1.7327041625976562,281.98614501953125,0.00697548314929,68.75534057617188,5.179668426513672,-2.17934799194336,291.75640869140625,0.0110729094594717,69.95006561279297,-4.793640187017445e-07,2.4764805857557803e-05,18.60540580749512,-5.78148889541626,-2.1763923168182373,1.2703393622359728e-05,2.4764805857557803e-05,70.08769226074219,11.359989166259766
IBT_2012223N14317_2012081900,2012223N14317,HELENE,2012-08-19 00:00:00,2012-08-19,2012,8,0,,DS,22.700000762939453,261.1000061035156,25.0,1009.0,IBTRACS_ERA5,OBS,1,22.700000762939453,261.1000061035156,2012223N14317,HELENE,0.0,val,-0.9879598822501308,-0.1547102810556165,-0.8660254037844385,-0.5000000000000004,2.5682373046875,-3.584033966064453,219.7832794189453,4.5387318095890805e-05,34.032470703125,-1.2405128479003906,-1.0504493713378906,242.55740356445312,0.0004540299414657,45.356536865234375,-4.113986968994141,-4.037960052490234,267.9322509765625,0.0043136584572494,83.27539825439453,-1.4423332214355469,-1.914112091064453,283.2539978027344,0.0079896673560142,72.27715301513672,-1.4763145446777344,0.7632217407226562,293.3167724609375,0.0133077790960669,76.2105712890625,1.36458966153441e-05,2.125199898728169e-05,5.937763214111328,-1.1409820318222046,-1.964666724205017,2.330225834157318e-05,3.5716566344490275e-05,73.56773376464844,4.096590042114258
IBT_2012229N28305_2012081900,2012229N28305,GORDON,2012-08-19 00:00:00,2012-08-19,2012,8,0,,TS,34.29999923706055,325.0,95.0,965.0,IBTRACS_ERA5,OBS,1,34.29999923706055,325.0,2012229N28305,GORDON,0.0,val,-0.5735764363510465,0.8191520442889916,-0.8660254037844385,-0.5000000000000004,12.5521240234375,4.467235565185547,219.1510772705078,5.846355270477943e-05,47.2752799987793,8.33565902709961,-2.99576187133789,240.27407836914065,0.0003754747740458,46.70181274414063,8.40310287475586,-5.569210052490234,266.412353515625,0.0023506837897002,50.97493743896485,4.046192169189453,-4.758594512939453,281.1680603027344,0.0076490272767841,79.7203140258789,-1.0141563415527344,-2.137535095214844,289.4908447265625,0.0113909533247351,83.13871765136719,3.0584782507503405e-05,1.792545481293928e-05,15.08863639831543,6.4645843505859375,-2.198773145675659,4.912726217298769e-05,3.1613872124580666e-05,59.764591217041016,0.7658988237380981
IBT_2012229N28305_2012081906,2012229N28305,GORDON,2012-08-19 06:00:00,2012-08-19,2012,8,6,,TS,34.70000076293945,327.3999938964844,90.0,969.0,IBTRACS_ERA5,OBS,1,34.70000076293945,327.3999938964844,2012229N28305,GORDON,0.0,val,-0.5387708747503182,0.8424523396138069,-0.8660254037844385,-0.5000000000000004,14.0250244140625,6.010204315185547,219.7451934814453,6.501820462290198e-05,48.973724365234375,12.95870590209961,0.9937400817871094,240.87405395507807,0.0005173300742171,60.7166633605957,9.09743881225586,-0.2904014587402344,266.8968505859375,0.0031689661554992,66.20893096923828,6.516162872314453,0.0999259948730468,281.6360778808594,0.0074598719365894,75.3032455444336,0.4018592834472656,-0.6183700561523438,289.2581787109375,0.0115188052877783,85.33928680419922,4.302221714169718e-05,3.070487946388312e-05,15.150201797485352,8.599838256835938,1.239019751548767,4.912726217298769e-05,3.1613872124580666e-05,55.20073699951172,0.7658988237380981
IBT_2012229N28305_2012081912,2012229N28305,GORDON,2012-08-19 12:00:00,2012-08-19,2012,8,12,,TS,35.20000076293945,329.3999938964844,90.0,969.0,IBTRACS_ERA5,OBS,1,35.20000076293945,329.3999938964844,2012229N28305,GORDON,0.0,val,-0.5090415074421554,0.8607419727775671,-0.8660254037844385,-0.5000000000000004,19.2059326171875,4.048778533935547,219.1063995361328,7.100288348738104e-05,57.72320175170898,17.67208480834961,4.816249847412109,241.4559631347656,0.000531020516064,58.929630279541016,12.83816146850586,3.0445594787597656,266.81201171875,0.0025732775684446,54.11420822143555,11.327442169189451,7.311717987060547,281.3628845214844,0.0067636002786457,69.55953979492188,8.398929595947266,6.610511779785156,288.7623291015625,0.0114473393186926,87.56517028808594,4.912726217298769e-05,3.1613872124580666e-05,11.106474876403809,13.888509750366213,5.166363716125488,4.912726217298769e-05,3.1613872124580666e-05,47.65748596191406,0.7658988237380981
IBT_2012229N28305_2012081918,2012229N28305,GORDON,2012-08-19 18:00:00,2012-08-19,2012,8,18,,TS,35.70000076293945,331.5,80.0,977.0,IBTRACS_ERA5,OBS,1,35.70000076293945,331.5,2012229N28305,GORDON,0.0,val,-0.4771587602596087,0.8788171126619652,-0.8660254037844385,-0.5000000000000004,21.6768798828125,4.729198455810547,218.6668243408203,6.356487574521452e-05,54.47918319702149,21.44845199584961,5.458827972412109,241.1009826660156,0.0004132491885684,47.45184326171875,16.85598373413086,8.638553619384766,265.989013671875,0.0019690950866788,44.1169319152832,12.531299591064451,8.781932830810547,280.4302673339844,0.0059253801591694,64.96214294433594,6.799320220947266,10.131629943847656,287.0706787109375,0.0089330961927771,76.27401733398438,8.794600944384001e-06,7.578323675261345e-06,15.828078269958496,15.862386703491213,7.548028469085693,4.912726217298769e-05,3.1613872124580666e-05,39.21378326416016,0.7658988237380981
NEG_20120819_03625,,,2012-08-19 00:00:00,2012-08-19,2012,8,0,,BG,0.0,,,,IBTRACS_ERA5,OBS,0,0.0,340.0,,,4065.638825295533,val,-0.3420201433256686,0.9396926207859084,-0.8660254037844385,-0.5000000000000004,-14.4083251953125,-9.231983184814451,219.2787628173828,2.0556863091769628e-05,16.370635986328125,-14.60574722290039,-6.489414215087891,240.3446350097656,0.000149759434862,18.500131607055664,-4.367404937744141,-6.247432708740234,266.665771484375,0.0009720284724608,20.67183494567871,-5.204784393310547,-5.321582794189453,281.9449157714844,0.0040741791017353,40.27075958251953,-4.603023529052734,2.556312561035156,287.4869384765625,0.0062711527571082,52.10968017578125,-4.961418653692817e-06,8.602836714999285e-06,15.333227157592772,-8.637857437133789,-4.946820259094238,4.972844635631191e-06,1.2044234608765692e-05,44.0595932006836,9.63882827758789
NEG_20120819_03914,,,2012-08-19 00:00:00,2012-08-19,2012,8,0,,BG,20.0,,,,IBTRACS_ERA5,OBS,0,20.0,335.0,,,1777.0356848669524,val,-0.4226182617406992,0.90630778703665,-0.8660254037844385,-0.5000000000000004,3.5687255859375,-4.360401153564453,220.4975128173828,2.195198430854361e-05,15.123391151428224,-1.3269386291503906,-8.02603530883789,241.7738342285156,6.339974788716063e-05,6.824679374694824,-6.636447906494141,-4.765987396240234,264.959716796875,0.000887181260623,21.529102325439453,-5.168163299560547,-4.750782012939453,284.9878845214844,0.0037608970887959,30.29513931274414,-4.727046966552734,-4.039390563964844,296.6080322265625,0.0033331206068396,15.572492599487305,-9.620343007554766e-06,-1.1610770343395416e-05,8.301980972290039,-2.8579742908477783,-5.188519477844238,1.791577597032301e-05,1.681013236520812e-05,35.33820724487305,1.3972926139831543
NEG_20120819_04466,,,2012-08-19 00:00:00,2012-08-19,2012,8,0,,BG,32.5,,,,IBTRACS_ERA5,OBS,0,32.5,297.5,,,2552.923501390308,val,-0.8870108331782216,0.4617486132350341,-0.8660254037844385,-0.5000000000000004,1.78515625,-2.262012481689453,218.0313262939453,4.511909719440155e-05,41.75668716430664,-0.2485694885253906,-1.5111427307128906,240.99337768554688,0.0002853544137906,33.10758209228516,4.104763031005859,1.6728553771972656,266.6500244140625,0.0030083614401519,64.05535125732422,7.193042755126953,1.9924430847167969,281.1684265136719,0.0065050204284489,67.79545593261719,9.056156158447266,2.713905334472656,290.0928955078125,0.0109241595491766,76.71250915527344,-7.076929250615649e-06,-1.342042742180638e-05,8.810629844665527,4.378109931945801,0.521209716796875,1.4353767255670393e-05,1.026874656417931e-06,61.48723983764648,3.529919147491455
IBT_2012229N28305_2012082000,2012229N28305,GORDON,2012-08-20 00:00:00,2012-08-20,2012,8,0,,TS,36.400001525878906,333.3999938964844,70.0,981.0,IBTRACS_ERA5,OBS,1,36.400001525878906,333.3999938964844,2012229N28305,GORDON,0.0,val,-0.4477591830898379,0.89415418914118,-0.8660254037844385,-0.5000000000000004,12.539043426513672,7.148990631103516,218.221435546875,3.015467154909857e-05,27.27214813232422,10.87576675415039,2.5866622924804688,237.98606872558597,0.0002002199180424,31.169923782348636,8.606697082519531,-1.1463584899902344,265.711181640625,0.0018687252886593,42.77741622924805,5.624385833740234,-4.117046356201172,279.28857421875,0.0062307999469339,73.91741943359375,-0.911785125732422,-4.039302825927734,286.6275939941406,0.0084310807287693,74.10743713378906,3.33778589265421e-05,3.001643381139729e-05,17.495790481567383,7.346821784973144,0.0865890532732009,6.307150033535436e-05,4.6019024011911824e-05,54.185203552246094,8.581280708312988
IBT_2012229N28305_2012082006,2012229N28305,GORDON,2012-08-20 06:00:00,2012-08-20,2012,8,6,,TS,37.09999847412109,335.0,65.0,984.0,IBTRACS_ERA5,OBS,1,37.09999847412109,335.0,2012229N28305,GORDON,0.0,val,-0.4226182617406992,0.90630778703665,-0.8660254037844385,-0.5000000000000004,17.652812957763672,12.303775787353516,218.35479736328125,3.541385012795217e-05,31.5162353515625,11.59073257446289,6.089347839355469,238.96836853027344,0.0002992232330143,42.278076171875,10.627326965332031,5.568607330322266,266.0460205078125,0.0025200401432812,56.212669372558594,8.036251068115234,4.280780792236328,280.4193115234375,0.0067111388780176,73.63219451904297,0.1670722961425781,1.6698036193847656,286.9105529785156,0.0092454589903354,79.77252197265625,6.307150033535436e-05,4.585790156852454e-05,20.46539688110352,9.614839553833008,5.9824628829956055,6.307150033535436e-05,4.6019024011911824e-05,50.48397064208984,5.253113746643066
IBT_2012229N28305_2012082012,2012229N28305,GORDON,2012-08-20 12:00:00,2012-08-20,2012,8,12,,TS,37.900001525878906,336.79998779296875,60.0,990.0,IBTRACS_ERA5,OBS,1,37.900001525878906,336.79998779296875,2012229N28305,GORDON,0.0,val,-0.39394210541538,0.9191352553247524,-0.8660254037844385,-0.5000000000000004,20.623271942138672,15.709171295166016,218.9254150390625,3.615355308284052e-05,30.037038803100582,17.57693862915039,11.786247253417969,239.02159118652344,0.0002807402051985,39.459747314453125,16.12842559814453,12.597660064697266,265.908447265625,0.0019481929484754,43.921180725097656,12.326656341552734,10.607257843017578,280.9669189453125,0.0052277729846537,55.24080657958984,6.783527374267578,9.175174713134766,288.3213195800781,0.007827166467905,61.60596084594727,4.794899359694682e-05,2.8053305868525055e-05,15.304628372192385,14.687762260437012,11.975102424621582,6.307150033535436e-05,4.6019024011911824e-05,44.79793548583984,4.638096809387207
IBT_2012229N28305_2012082018,2012229N28305,GORDON,2012-08-20 18:00:00,2012-08-20,2012,8,18,,DS,38.900001525878906,338.8999938964844,45.0,996.0,IBTRACS_ERA5,OBS,1,38.900001525878906,338.8999938964844,2012229N28305,GORDON,0.0,val,-0.3599969075042717,0.932953496476304,-0.8660254037844385,-0.5000000000000004,25.707988739013672,15.209781646728516,218.45428466796875,4.5168988435762e-05,39.71763610839844,18.39346694946289,14.884513854980469,238.96031188964844,0.0003570062108337,50.48233413696289,12.735237121582031,16.038578033447266,264.08740234375,0.0024733399040997,64.25645446777344,6.048946380615234,10.451557159423828,279.1837158203125,0.0043455795384943,51.92926406860352,-3.571941375732422,9.523807525634766,283.1046447753906,0.007370475679636,81.87834930419922,1.600492760189809e-05,1.6050951671786606e-05,29.8269100189209,11.86273956298828,13.221647262573242,6.307150033535436e-05,4.6019024011911824e-05,35.7317008972168,7.422448635101318
IBT_2012234N16315_2012082012,2012234N16315,ISAAC,2012-08-20 12:00:00,2012-08-20,2012,8,12,,DS,15.699999809265137,315.20001220703125,25.0,1010.0,IBTRACS_ERA5,OBS,1,15.699999809265137,315.20001220703125,2012234N16315,ISAAC,0.0,val,-0.7046340587874849,0.7095708866608574,-0.8660254037844385,-0.5000000000000004,-10.596698760986328,-1.2174644470214844,219.49481201171875,2.881962063838728e-05,22.36566925048828,-11.38338851928711,-2.5788650512695312,242.40562438964844,0.0002225455828011,22.55481719970703,-11.367301940917969,-2.8974571228027344,268.014404296875,0.0028474780265241,54.62859725952149,-6.723514556884766,-0.921245574951172,282.5445556640625,0.0084347566589713,80.04800415039062,-3.700847625732422,0.4964637756347656,290.1007385253906,0.0119137801229953,83.61992645263672,4.7998863010434434e-05,1.575508213136345e-05,7.105653762817383,-8.754350662231445,-1.4237136840820312,4.7998863010434434e-05,3.418144115130417e-05,70.09270477294922,7.035526275634766
IBT_2012234N16315_2012082018,2012234N16315,ISAAC,2012-08-20 18:00:00,2012-08-20,2012,8,18,,DS,15.600000381469728,313.20001220703125,30.0,1009.0,IBTRACS_ERA5,OBS,1,15.600000381469728,313.20001220703125,2012234N16315,ISAAC,0.0,val,-0.7289684815766576,0.684547261237544,-0.8660254037844385,-0.5000000000000004,-10.976581573486328,3.368228912353516,219.52313232421875,4.112658280064352e-05,31.80885505676269,-11.02914047241211,-0.3247146606445312,242.12852478027344,0.000287250149995,29.891069412231445,-8.543327331542969,-2.9531211853027344,267.7501220703125,0.0023051057942211,45.12104415893555,-8.391727447509766,-5.012676239013672,282.9351806640625,0.0076109608635306,70.34739685058594,-5.055828094482422,-4.343624114990234,290.7931213378906,0.0116949714720249,78.53599548339844,2.804053292493336e-05,3.942397142964182e-06,9.722551345825195,-8.799321174621582,-1.8531814813613887,4.7998863010434434e-05,3.418144115130417e-05,67.73950958251953,7.105653762817383
NEG_20120820_00857,,,2012-08-20 00:00:00,2012-08-20,2012,8,0,,BG,10.0,,,,IBTRACS_ERA5,OBS,0,10.0,275.0,,,4182.84516211588,val,-0.9961946980917455,0.0871557427476578,-0.8660254037844385,-0.5000000000000004,-8.217304229736328,2.229312896728516,218.88787841796875,4.809613528777845e-05,40.13975143432617,-7.153408050537109,1.9426193237304688,240.78697204589844,0.000427943188697,50.64971160888672,-4.710563659667969,-0.7402305603027344,266.78271484375,0.00276117073372,58.196136474609375,-2.6522254943847656,-1.906352996826172,283.3092041015625,0.0062103704549372,55.97259521484375,-2.865398406982422,-0.6651573181152344,291.2809143066406,0.0124137438833713,80.81813049316406,5.6366507124039344e-06,-1.6403522749897093e-05,6.084476470947266,-5.11978006362915,0.172038272023201,1.5148220882110763e-05,1.3271171155793128e-05,64.6316146850586,2.729839324951172
NEG_20120820_00894,,,2012-08-20 00:00:00,2012-08-20,2012,8,0,,BG,50.0,,,,IBTRACS_ERA5,OBS,0,50.0,5.0,,,2393.0560576724915,val,0.0871557427476581,0.9961946980917455,-0.8660254037844385,-0.5000000000000004,21.085430145263672,10.875308990478516,215.28045654296875,2.6602141588227823e-05,34.537071228027344,17.70254898071289,10.818107604980469,234.37046813964844,0.0002130386419594,47.76895523071289,12.000373840332031,12.199222564697266,260.617431640625,0.0018142018234357,62.13140487670898,11.705684661865234,7.523822784423828,280.5611572265625,0.0053388909436762,58.0078239440918,5.592609405517578,0.6473426818847656,291.8175354003906,0.0078597106039524,49.460060119628906,-1.994140257011168e-05,-2.832043537637219e-05,18.56444931030273,13.617329597473145,8.412760734558105,1.0943378583760932e-05,1.311641881329706e-06,47.33309173583984,9.330503463745115
NEG_20120820_04469,,,2012-08-20 00:00:00,2012-08-20,2012,8,0,,BG,27.5,,,,IBTRACS_ERA5,OBS,0,27.5,260.0,,,5616.481520286065,val,-0.984807753012208,-0.1736481776669303,-0.8660254037844385,-0.5000000000000004,4.893535614013672,-7.173030853271484,220.77703857421875,3.373141589690931e-05,22.48480987548828,5.862216949462891,-7.859382629394531,242.43382263183597,0.0002509732730686,25.367828369140625,-0.4402999877929687,-3.3681602478027344,267.682861328125,0.0029647802002727,58.33178329467773,-5.909793853759766,-1.418560028076172,282.5333251953125,0.0068583325482904,65.13684844970703,-5.121746063232422,-1.1600303649902344,291.9859924316406,0.0129452981054782,80.60070037841797,3.1745396427140804e-06,-4.67667950942996e-06,11.681696891784668,-0.1432174742221832,-4.1958327293396,2.7615868020802736e-05,3.134488360956311e-05,64.27288818359375,2.8068737983703613
IBT_2012229N28305_2012082100,2012229N28305,GORDON,2012-08-21 00:00:00,2012-08-21,2012,8,0,,DS,39.79999923706055,340.70001220703125,40.0,1000.0,IBTRACS_ERA5,OBS,1,39.79999923706055,340.70001220703125,2012229N28305,GORDON,0.0,val,-0.3305141916336983,0.9438010220002536,-0.8660254037844385,-0.5000000000000004,17.473064422607422,9.605552673339844,217.0978240966797,2.66453753283713e-05,27.63054847717285,13.539138793945312,6.399410247802734,236.24725341796875,0.000241889458266,44.80861282348633,10.788082122802734,2.445079803466797,266.307861328125,0.0005333501612767,11.659217834472656,5.692726135253906,-4.5828704833984375,281.4385070800781,0.0024217313621193,24.777755737304688,-1.02874755859375,-8.78555679321289,285.7113647460937,0.0084874453023076,79.24078369140625,3.0316232368932106e-05,7.021508281468414e-06,26.087352752685547,9.292852401733398,1.0163230895996094,6.17734549450688e-05,1.5540648746537045e-05,34.821224212646484,4.177834987640381
IBT_2012229N28305_2012082106,2012229N28305,GORDON,2012-08-21 06:00:00,2012-08-21,2012,8,6,,DS,40.0,342.29998779296875,40.0,1002.0,IBTRACS_ERA5,OBS,1,40.0,342.29998779296875,2012229N28305,GORDON,0.0,val,-0.3040332638927623,0.9526614164784432,-0.8660254037844385,-0.5000000000000004,21.836345672607425,15.536460876464844,217.8018035888672,2.283533467561938e-05,21.7307243347168,15.847244262695312,8.056148529052734,237.14202880859372,0.0001212049537571,20.523324966430664,12.345455169677734,5.593761444091797,266.447998046875,0.0007875341689214,17.031015396118164,10.221534729003906,3.2924957275390625,282.2402648925781,0.0033234898000955,32.198081970214844,0.35528564453125,0.7383689880371094,287.02752685546875,0.0106374444440007,91.08306884765624,6.17734549450688e-05,1.5540648746537045e-05,26.084850311279297,12.121172904968262,6.643446922302246,6.17734549450688e-05,1.5540648746537045e-05,34.383670806884766,3.374533176422119
IBT_2012229N28305_2012082112,2012229N28305,GORDON,2012-08-21 12:00:00,2012-08-21,2012,8,12,,DS,39.79999923706055,343.3999938964844,30.0,1004.0,IBTRACS_ERA5,OBS,1,39.79999923706055,343.3999938964844,2012229N28305,GORDON,0.0,val,-0.2856884694916676,0.958322544031762,-0.8660254037844385,-0.5000000000000004,21.836345672607425,15.536460876464844,217.8018035888672,2.283533467561938e-05,21.7307243347168,15.847244262695312,8.056148529052734,237.14202880859372,0.0001212049537571,20.523324966430664,12.345455169677734,5.593761444091797,266.447998046875,0.0007875341689214,17.031015396118164,10.221534729003906,3.2924957275390625,282.2402648925781,0.0033234898000955,32.198081970214844,0.35528564453125,0.7383689880371094,287.02752685546875,0.0106374444440007,91.08306884765624,6.17734549450688e-05,1.5540648746537045e-05,26.084850311279297,12.121172904968262,6.643446922302246,6.17734549450688e-05,1.5540648746537045e-05,34.383670806884766,3.374533176422119
IBT_2012234N16315_2012082100,2012234N16315,ISAAC,2012-08-21 00:00:00,2012-08-21,2012,8,0,,DS,15.199999809265137,311.5,30.0,1008.0,IBTRACS_ERA5,OBS,1,15.199999809265137,311.5,2012234N16315,ISAAC,0.0,val,-0.7489557207890021,0.6626200482157375,-0.8660254037844385,-0.5000000000000004,-5.586994171142578,-4.029212951660156,218.9219207763672,5.170680014998652e-05,42.97699737548828,-7.829513549804687,-1.6626014709472656,242.12811279296875,0.0002499100228305,26.006502151489254,-6.465335845947266,3.171886444091797,267.854248046875,0.0043657054193317,84.78156280517578,-7.050437927246094,8.381362915039062,282.1343078613281,0.0077011529356241,75.14764404296875,-3.05389404296875,8.55819320678711,290.8900756835937,0.0119307460263371,79.62647247314453,3.293259578640573e-05,2.956522803287953e-05,12.839757919311523,-5.997235298156738,2.883925676345825,5.427813448477536e-05,3.190647476003505e-05,69.32537078857422,6.850046634674072
IBT_2012234N16315_2012082106,2012234N16315,ISAAC,2012-08-21 06:00:00,2012-08-21,2012,8,6,,TS,14.899999618530272,309.8999938964844,30.0,1007.0,IBTRACS_ERA5,OBS,1,14.899999618530272,309.8999938964844,2012234N16315,ISAAC,0.0,val,-0.7671652201466432,0.6414495498457788,-0.8660254037844385,-0.5000000000000004,-7.028888702392578,-1.5004043579101562,219.8971405029297,7.231743802549317e-05,53.495792388916016,-13.839279174804688,-2.1762733459472656,242.11907958984372,0.0003122974594589,32.52676773071289,-9.078128814697266,0.2390251159667968,268.33984375,0.0040199835784733,75.24215698242188,-6.983055114746094,3.9871978759765625,282.6250305175781,0.0092104617506265,86.93482208251953,-6.49993896484375,5.329189300537109,290.6347045898437,0.0132105173543095,89.6131820678711,5.427813448477536e-05,3.09732677123975e-05,6.850046634674072,-8.685857772827148,1.1757469177246094,5.427813448477536e-05,3.190647476003505e-05,72.94145202636719,6.850046634674072
IBT_2012234N16315_2012082112,2012234N16315,ISAAC,2012-08-21 12:00:00,2012-08-21,2012,8,12,,TS,15.0,308.3999938964844,30.0,1006.0,IBTRACS_ERA5,OBS,1,15.0,308.3999938964844,2012234N16315,ISAAC,0.0,val,-0.7836935234944995,0.6211476967942298,-0.8660254037844385,-0.5000000000000004,-9.687580108642578,1.4949569702148438,220.2207489013672,7.63142088544555e-05,54.32524871826172,-14.874435424804688,-2.6464881896972656,241.95404052734372,0.0003970068064518,42.0059814453125,-9.715579986572266,-3.067615509033203,268.8499755859375,0.0030938168056309,55.716068267822266,-7.315330505371094,-2.427474975585937,283.0937805175781,0.0088281873613595,80.7296142578125,-4.11346435546875,-2.82022476196289,290.7758178710937,0.0135182561352849,90.88009643554688,4.950691072735936e-05,2.2477608581539243e-05,7.049223899841309,-9.141278266906738,-1.8933693170547483,5.427813448477536e-05,3.190647476003505e-05,72.17594146728516,6.850046634674072
IBT_2012234N16315_2012082118,2012234N16315,ISAAC,2012-08-21 18:00:00,2012-08-21,2012,8,18,,TS,15.199999809265137,306.8999938964844,35.0,1005.0,IBTRACS_ERA5,OBS,1,15.199999809265137,306.8999938964844,2012234N16315,ISAAC,0.0,val,-0.7996847224477175,0.6004201401383177,-0.8660254037844385,-0.5000000000000004,-9.687580108642578,1.4949569702148438,220.2207489013672,7.63142088544555e-05,54.32524871826172,-14.874435424804688,-2.6464881896972656,241.95404052734372,0.0003970068064518,42.0059814453125,-9.715579986572266,-3.067615509033203,268.8499755859375,0.0030938168056309,55.716068267822266,-7.315330505371094,-2.427474975585937,283.0937805175781,0.0088281873613595,80.7296142578125,-4.11346435546875,-2.82022476196289,290.7758178710937,0.0135182561352849,90.88009643554688,4.950691072735936e-05,2.2477608581539243e-05,7.049223899841309,-9.141278266906738,-1.8933693170547483,5.427813448477536e-05,3.190647476003505e-05,72.17594146728516,6.850046634674072
IBT_2012235N11328_2012082118,2012235N11328,JOYCE,2012-08-21 18:00:00,2012-08-21,2012,8,18,,DS,10.699999809265137,328.29998779296875,25.0,1011.0,IBTRACS_ERA5,OBS,1,10.699999809265137,328.29998779296875,2012235N11328,JOYCE,0.0,val,-0.5254718323400189,0.8508109974707797,-0.8660254037844385,-0.5000000000000004,-6.265949249267578,0.6936874389648438,219.1631317138672,6.043748362571933e-05,48.80091094970703,-3.2509002685546875,-5.009525299072266,241.58502197265625,0.0003035914269275,33.27642059326172,-2.5017127990722656,-4.738269805908203,266.85693359375,0.0036051054485142,75.55204010009766,-3.9115219116210938,-3.7392425537109375,281.3293762207031,0.0071978215128183,74.19490051269531,3.31231689453125,-7.461826324462891,289.2684936523437,0.0126973213627934,94.0081024169922,2.7212528948439285e-05,2.185033736168407e-05,12.579967498779297,-2.523553371429444,-4.051035404205322,4.051264841109514e-05,3.537838711054064e-05,70.32740020751953,2.808265924453736
NEG_20120821_01258,,,2012-08-21 00:00:00,2012-08-21,2012,8,0,,BG,27.5,,,,IBTRACS_ERA5,OBS,0,27.5,320.0,,,1625.108151821088,val,-0.6427876096865396,0.7660444431189778,-0.8660254037844385,-0.5000000000000004,-0.1682929992675781,-0.9393692016601562,218.5710906982422,4.048343180329539e-05,35.099483489990234,-1.3693084716796875,-1.2172889709472656,238.93377685546875,0.0003102187183685,43.98090362548828,2.0546836853027344,-3.530750274658203,264.0054931640625,0.0028817881830036,75.3507080078125,4.545265197753906,-2.036361694335937,281.7910461425781,0.0053751412779092,53.689212799072266,1.81500244140625,-2.10025405883789,290.29852294921875,0.0114762606099247,79.53697967529297,-5.289387445372995e-06,1.3271195712150076e-05,2.298067569732666,1.3754699230194092,-1.9648048877716064,1.0893470062001144e-05,2.950747511931695e-05,42.0716552734375,0.8876217603683472
IBT_2012234N16315_2012082200,2012234N16315,ISAAC,2012-08-22 00:00:00,2012-08-22,2012,8,0,,TS,15.399999618530272,305.20001220703125,40.0,1004.0,IBTRACS_ERA5,OBS,1,15.399999618530272,305.20001220703125,2012234N16315,ISAAC,0.0,val,-0.8171447755245408,0.57643249026486,-0.8660254037844385,-0.5000000000000004,-3.273712158203125,3.194404602050781,219.4840545654297,7.822176849003881e-05,60.782562255859375,-11.23659896850586,-1.663349151611328,242.0789337158203,0.0003049575316254,31.884151458740234,-8.187744140625,0.6389045715332031,268.09979248046875,0.0047157681547105,89.88680267333984,-3.082504272460937,6.9442291259765625,282.2138977050781,0.0080266771838068,77.90200805664062,-2.314884185791016,10.01327133178711,290.5323486328125,0.0127962874248623,87.37159729003906,4.281862493371591e-05,3.115369690931402e-05,6.88594913482666,-5.619088649749756,3.825492143630981,5.878677620785311e-05,3.19176833727397e-05,68.59855651855469,6.88594913482666
IBT_2012234N16315_2012082206,2012234N16315,ISAAC,2012-08-22 06:00:00,2012-08-22,2012,8,6,,TS,15.699999809265137,303.3999938964844,45.0,1003.0,IBTRACS_ERA5,OBS,1,15.699999809265137,303.3999938964844,2012234N16315,ISAAC,0.0,val,-0.8348479219041574,0.5504806511516185,-0.8660254037844385,-0.5000000000000004,-8.953399658203125,-0.8468551635742188,220.2429656982422,8.579528366681188e-05,60.9139404296875,-12.45193099975586,-0.908710479736328,242.5722198486328,0.0006747894221916,67.31511688232422,-8.484375,-0.5129508972167969,268.8109741210937,0.0045264936052262,81.75719451904297,-2.638656616210937,0.5614166259765625,282.7868957519531,0.0085973916575312,80.26482391357422,-1.0807533264160156,3.893398284912109,290.8685302734375,0.014343206770718,95.8586883544922,5.878677620785311e-05,3.187129914294928e-05,9.189589500427246,-6.721823215484619,0.4372596740722656,5.878677620785311e-05,3.19176833727397e-05,71.51983642578125,6.88594913482666
IBT_2012234N16315_2012082212,2012234N16315,ISAAC,2012-08-22 12:00:00,2012-08-22,2012,8,12,,TS,15.899999618530272,301.3999938964844,45.0,1004.0,IBTRACS_ERA5,OBS,1,15.899999618530272,301.3999938964844,2012234N16315,ISAAC,0.0,val,-0.8535508527766256,0.5210095409148428,-0.8660254037844385,-0.5000000000000004,-8.953399658203125,-0.8468551635742188,220.2429656982422,8.579528366681188e-05,60.9139404296875,-12.45193099975586,-0.908710479736328,242.5722198486328,0.0006747894221916,67.31511688232422,-8.484375,-0.5129508972167969,268.8109741210937,0.0045264936052262,81.75719451904297,-2.638656616210937,0.5614166259765625,282.7868957519531,0.0085973916575312,80.26482391357422,-1.0807533264160156,3.893398284912109,290.8685302734375,0.014343206770718,95.8586883544922,5.878677620785311e-05,3.187129914294928e-05,9.189589500427246,-6.721823215484619,0.4372596740722656,5.878677620785311e-05,3.19176833727397e-05,71.51983642578125,6.88594913482666
IBT_2012234N16315_2012082218,2012234N16315,ISAAC,2012-08-22 18:00:00,2012-08-22,2012,8,18,,TS,16.100000381469727,299.6000061035156,45.0,1004.0,IBTRACS_ERA5,OBS,1,16.100000381469727,299.6000061035156,2012234N16315,ISAAC,0.0,val,-0.8694948768873438,0.4939419592084305,-0.8660254037844385,-0.5000000000000004,-12.008575439453123,-2.5116500854492188,220.0314178466797,8.368118142243475e-05,60.92230224609375,-14.83034896850586,-1.642841339111328,242.2032012939453,0.0006320975953713,65.30912017822266,-11.016357421875,-4.189220428466797,268.63055419921875,0.0039536035619676,72.3895034790039,-3.6191253662109375,-3.542587280273437,283.0688781738281,0.0086832819506526,79.5379867553711,0.2920494079589844,-2.81436538696289,291.1256103515625,0.0132383154705166,87.04027557373047,4.9894038966158405e-05,3.0012542993063107e-05,12.304348945617676,-8.236471176147461,-2.9401328563690186,5.878677620785311e-05,3.19176833727397e-05,68.65217590332031,6.88594913482666
IBT_2012235N11328_2012082200,2012235N11328,JOYCE,2012-08-22 00:00:00,2012-08-22,2012,8,0,,DS,11.100000381469728,326.8999938964844,25.0,1011.0,IBTRACS_ERA5,OBS,1,11.100000381469728,326.8999938964844,2012235N11328,JOYCE,0.0,val,-0.5461020502536215,0.8377186584461344,-0.8660254037844385,-0.5000000000000004,-1.848907470703125,1.0208206176757812,218.3190155029297,5.714686994906515e-05,51.077762603759766,-1.2912864685058594,6.352764129638672,241.2874298095703,0.0004858911561314,54.80128479003906,-4.42626953125,6.023426055908203,266.69195556640625,0.0034823543392121,73.9094009399414,0.1831207275390625,9.294326782226562,281.6279602050781,0.0072505646385252,73.2309341430664,2.3836021423339844,8.54256820678711,289.7947998046875,0.0117229865863919,83.90897369384766,2.2259988327277824e-05,1.961008456419222e-05,8.630806922912598,-0.9999481439590454,6.246781349182129,5.359222268452868e-05,4.387064836919308e-05,68.78776550292969,3.6990110874176025
IBT_2012235N11328_2012082206,2012235N11328,JOYCE,2012-08-22 06:00:00,2012-08-22,2012,8,6,,TS,11.5,325.5,25.0,1011.0,IBTRACS_ERA5,OBS,1,11.5,325.5,2012235N11328,JOYCE,0.0,val,-0.5664062369248329,0.8241261886220156,-0.8660254037844385,-0.5000000000000004,-5.532012939453125,0.4436721801757812,219.1050262451172,7.546179404016584e-05,61.35825729370117,-3.54030990600586,3.278545379638672,241.7456817626953,0.0005162783199921,55.72479248046875,-7.327392578125,5.547595977783203,266.95196533203125,0.0039599663577973,82.38644409179688,-7.0275726318359375,3.9752349853515625,281.5913391113281,0.0080958483740687,81.97274017333984,-7.040470123291016,3.821132659912109,289.7593994140625,0.0126010226085782,90.39862823486328,5.359222268452868e-05,4.387064836919308e-05,3.6990110874176025,-6.093551635742188,3.413236141204834,5.359222268452868e-05,4.387064836919308e-05,64.24549102783203,3.6990110874176025
IBT_2012235N11328_2012082212,2012235N11328,JOYCE,2012-08-22 12:00:00,2012-08-22,2012,8,12,,TS,12.100000381469728,324.20001220703125,30.0,1009.0,IBTRACS_ERA5,OBS,1,12.100000381469728,324.20001220703125,2012235N11328,JOYCE,0.0,val,-0.584957502187714,0.8110639436162296,-0.8660254037844385,-0.5000000000000004,-5.532012939453125,0.4436721801757812,219.1050262451172,7.546179404016584e-05,61.35825729370117,-3.54030990600586,3.278545379638672,241.7456817626953,0.0005162783199921,55.72479248046875,-7.327392578125,5.547595977783203,266.95196533203125,0.0039599663577973,82.38644409179688,-7.0275726318359375,3.9752349853515625,281.5913391113281,0.0080958483740687,81.97274017333984,-7.040470123291016,3.821132659912109,289.7593994140625,0.0126010226085782,90.39862823486328,5.359222268452868e-05,4.387064836919308e-05,3.6990110874176025,-6.093551635742188,3.413236141204834,5.359222268452868e-05,4.387064836919308e-05,64.24549102783203,3.6990110874176025
IBT_2012235N11328_2012082218,2012235N11328,JOYCE,2012-08-22 18:00:00,2012-08-22,2012,8,18,,TS,12.800000190734863,322.70001220703125,30.0,1009.0,IBTRACS_ERA5,OBS,1,12.800000190734863,322.70001220703125,2012235N11328,JOYCE,0.0,val,-0.6059882307877759,0.7954736099624559,-0.8660254037844385,-0.5000000000000004,-5.855255126953125,4.889106750488281,219.1237030029297,5.926912126597017e-05,48.08416366577149,-3.07888412475586,1.116191864013672,241.65077209472656,0.0004306301707401,46.90460968017578,-5.222900390625,-2.921764373779297,266.60040283203125,0.0032693571411073,69.87850189208984,-6.1378021240234375,-5.1657562255859375,281.7149963378906,0.0071407430805265,71.69520568847656,-3.934268951416016,-5.280063629150391,289.8751220703125,0.0124490307644009,88.64813232421875,4.7059420467121527e-05,3.940750684705563e-05,10.34902000427246,-4.845822334289551,-1.4724571704864502,5.359222268452868e-05,4.387064836919308e-05,62.63467788696289,3.6990110874176025
NEG_20120822_00452,,,2012-08-22 00:00:00,2012-08-22,2012,8,0,,BG,10.0,,,,IBTRACS_ERA5,OBS,0,10.0,277.5,,,2486.1725677542545,val,-0.9914448613738104,0.1305261922200512,-0.8660254037844385,-0.5000000000000004,-6.909942626953125,-2.6400680541992188,219.1271209716797,6.639024650212377e-05,53.83937072753906,-7.008571624755859,0.4660453796386719,241.4772491455078,0.0003751345502678,41.54534912109375,-6.372802734375,1.2153205871582031,267.70867919921875,0.0030410862527787,59.715553283691406,-5.1100921630859375,-0.1165618896484375,282.7698059082031,0.007696527056396,71.93743896484375,-3.272647857666016,-1.8846778869628904,290.5313720703125,0.0129657434299588,88.53414154052734,1.377135413349606e-05,-6.527007826662157e-06,3.7149062156677246,-5.734811305999756,-0.5919883847236633,2.181729360017925e-05,1.2530724234238733e-05,65.40058135986328,2.331366777420044
NEG_20120822_01244,,,2012-08-22 00:00:00,2012-08-22,2012,8,0,,BG,45.0,,,,IBTRACS_ERA5,OBS,0,45.0,280.0,,,3699.3952477997886,val,-0.984807753012208,0.1736481776669299,-0.8660254037844385,-0.5000000000000004,11.483123779296877,-4.114677429199219,218.9139862060547,1.928674464579672e-05,16.045801162719727,7.961643218994141,-8.034442901611328,231.3548126220703,0.0001593284832779,48.91909408569336,8.808349609375,-3.979747772216797,258.21356201171875,0.0011607386404648,48.37110900878906,8.740249633789062,-2.151473999023437,274.1118469238281,0.0024492915254086,41.920997619628906,8.150447845458984,0.6846580505371094,282.9068603515625,0.0051059760153293,57.48324966430664,-9.330869033874478e-06,-6.697171556879766e-06,5.842974185943604,9.028762817382812,-3.519136905670166,2.902869891840965e-05,4.052542135468684e-05,60.36559677124024,4.941651821136475
NEG_20120822_01308,,,2012-08-22 00:00:00,2012-08-22,2012,8,0,,BG,45.0,,,,IBTRACS_ERA5,OBS,0,45.0,305.0,,,3253.058550946757,val,-0.8191520442889918,0.573576436351046,-0.8660254037844385,-0.5000000000000004,34.153533935546875,15.80036163330078,218.2841033935547,4.3495543650351465e-05,39.04066467285156,36.80148696899414,12.895732879638672,240.3030548095703,0.0003618576156441,44.881744384765625,30.587158203125,6.999744415283203,265.80584716796875,0.0029779649339616,67.67169952392578,14.372085571289062,0.0023345947265625,278.9634094238281,0.0036366160493344,44.12782287597656,7.149471282958984,-2.74258804321289,287.0914306640625,0.0055546802468597,47.36357498168945,-4.645644366974011e-07,-9.14965039555682e-06,32.757598876953125,24.61274719238281,6.591116905212402,1.1883723345817998e-05,1.8745575289358385e-05,51.27181625366211,8.090356826782227
NEG_20120822_01606,,,2012-08-22 00:00:00,2012-08-22,2012,8,0,,BG,50.0,,,,IBTRACS_ERA5,OBS,0,50.0,357.5,,,5152.5363742672325,val,-0.0436193873653361,0.9990482215818578,-0.8660254037844385,-0.5000000000000004,43.88839721679688,13.07819366455078,218.0931854248047,2.1435305825434625e-05,19.689699172973636,39.74582290649414,8.489971160888672,231.4577178955078,0.0001658104883972,50.35841369628906,25.066650390625,4.068347930908203,259.27117919921875,0.0007384099299088,28.21215438842773,13.688003540039062,1.6244049072265625,273.1357727050781,0.0010615165811032,19.501365661621094,10.325252532958984,-0.8563575744628906,279.4962158203125,0.0036934656091034,52.49320602416992,-1.044316104525933e-05,3.934815140382852e-06,36.34083557128906,26.54282569885254,5.280911922454834,2.5242231913580326e-06,4.216457455186173e-05,43.93216323852539,9.836950302124023
NEG_20120822_02015,,,2012-08-22 00:00:00,2012-08-22,2012,8,0,,BG,45.0,,,,IBTRACS_ERA5,OBS,0,45.0,342.5,,,4041.7516813331767,val,-0.300705799504273,0.9537169507482268,-0.8660254037844385,-0.5000000000000004,20.291473388671875,-3.9347457885742183,217.0206756591797,2.556199615355581e-05,26.75882911682129,13.85129165649414,-3.524677276611328,233.8206329345703,0.0002284810470882,54.21567916870117,10.76708984375,1.2397346496582031,261.73248291015625,0.0008127220207825,25.446308135986328,5.886489868164063,-1.0931243896484375,275.9643859863281,0.0006041403394192,9.053604125976562,1.5603599548339844,-0.9342384338378906,279.9522705078125,0.002734784502536,37.66222381591797,-1.689253440417815e-05,-8.779767085798085e-06,18.96991539001465,10.471341133117676,-1.6494102478027344,2.4164430215023455e-05,1.843411700974684e-05,26.608783721923828,8.442418098449707
NEG_20120822_02121,,,2012-08-22 00:00:00,2012-08-22,2012,8,0,,BG,22.5,,,,IBTRACS_ERA5,OBS,0,22.5,285.0,,,1688.0077976884386,val,-0.9659258262890684,0.2588190451025203,-0.8660254037844385,-0.5000000000000004,-4.457794189453125,-1.3375778198242188,221.7164764404297,1.2963996596226934e-05,7.74048900604248,-7.607204437255859,-4.946063995361328,238.2892608642578,0.0001015753077808,15.345372200012209,-6.415283203125,1.0573616027832031,264.50897216796875,0.0011671163374558,29.336334228515625,-9.272201538085938,-0.9576263427734376,282.1030578613281,0.002596991835162,25.39522361755371,-9.814395904541016,0.5264549255371094,292.2659912109375,0.0079649137333035,48.72351837158203,-1.551967579871416e-05,5.268840141070541e-06,5.671666622161865,-7.513375759124756,-1.1314903497695925,1.652940909480094e-06,1.617004454601556e-05,39.155303955078125,5.353089332580566
IBT_2012234N16315_2012082300,2012234N16315,ISAAC,2012-08-23 00:00:00,2012-08-23,2012,8,0,,TS,15.699999809265137,298.0,45.0,1004.0,IBTRACS_ERA5,OBS,1,15.699999809265137,298.0,2012234N16315,ISAAC,0.0,val,-0.8829475928589271,0.4694715627858904,-0.8660254037844385,-0.5000000000000004,-4.750522613525391,5.064262390136719,220.49349975585935,8.989905472844839e-05,61.96359634399414,-9.842674255371094,2.254947662353516,243.33416748046875,0.0008046691655181,74.68761444091797,-7.668094635009766,5.382179260253906,268.10772705078125,0.004584664478898,87.33522033691406,-2.433032989501953,8.029338836669922,282.6856689453125,0.009145263582468,85.96605682373047,-1.4755210876464844,9.68743896484375,290.7154541015625,0.0135586289688944,91.5025863647461,5.422281537903473e-05,4.799121597898193e-05,5.665632724761963,-5.233969211578369,6.0836334228515625,6.729023880325258e-05,6.10391070949845e-05,72.57776641845703,5.665632724761963
IBT_2012234N16315_2012082306,2012234N16315,ISAAC,2012-08-23 06:00:00,2012-08-23,2012,8,6,,TS,15.0,296.6000061035156,45.0,1004.0,IBTRACS_ERA5,OBS,1,15.0,296.6000061035156,2012234N16315,ISAAC,0.0,val,-0.8941541891411797,0.4477591830898383,-0.8660254037844385,-0.5000000000000004,-4.750522613525391,5.064262390136719,220.49349975585935,8.989905472844839e-05,61.96359634399414,-9.842674255371094,2.254947662353516,243.33416748046875,0.0008046691655181,74.68761444091797,-7.668094635009766,5.382179260253906,268.10772705078125,0.004584664478898,87.33522033691406,-2.433032989501953,8.029338836669922,282.6856689453125,0.009145263582468,85.96605682373047,-1.4755210876464844,9.68743896484375,290.7154541015625,0.0135586289688944,91.5025863647461,5.422281537903473e-05,4.799121597898193e-05,5.665632724761963,-5.233969211578369,6.0836334228515625,6.729023880325258e-05,6.10391070949845e-05,72.57776641845703,5.665632724761963
IBT_2012234N16315_2012082312,2012234N16315,ISAAC,2012-08-23 12:00:00,2012-08-23,2012,8,12,,TS,15.100000381469728,295.0,45.0,1003.0,IBTRACS_ERA5,OBS,1,15.100000381469728,295.0,2012234N16315,ISAAC,0.0,val,-0.9063077870366498,0.4226182617406996,-0.8660254037844385,-0.5000000000000004,-9.11038589477539,0.5850143432617188,221.07943725585935,9.530724491924047e-05,61.310489654541016,-11.075340270996094,-1.5934410095214844,243.67974853515625,0.0008676824509166,77.95842742919922,-6.020877838134766,-4.579978942871094,267.78033447265625,0.0041451691649854,80.95277404785156,-1.5138435363769531,-2.681598663330078,283.4420166015625,0.0096100606024265,85.84260559082031,1.1255531311035156,0.63055419921875,291.1868896484375,0.0140602020546793,92.08504486083984,6.729023880325258e-05,6.10391070949845e-05,10.236040115356444,-5.318978786468506,-1.5278899669647217,6.729023880325258e-05,6.10391070949845e-05,70.67481231689453,5.665632724761963
IBT_2012234N16315_2012082318,2012234N16315,ISAAC,2012-08-23 18:00:00,2012-08-23,2012,8,18,,TS,15.600000381469728,293.6000061035156,45.0,1003.0,IBTRACS_ERA5,OBS,1,15.600000381469728,293.6000061035156,2012234N16315,ISAAC,0.0,val,-0.9163626869144758,0.4003491301737553,-0.8660254037844385,-0.5000000000000004,-9.46243667602539,-2.757514953613281,220.4312438964844,8.791207801550627e-05,61.04153823852539,-9.854393005371094,-6.191341400146484,242.91424560546875,0.0007039298652671,67.9814224243164,-7.507450103759766,-10.574851989746094,268.13104248046875,0.0031468064989894,59.838863372802734,-3.052417755126953,-5.959186553955078,283.7393798828125,0.0087305940687656,76.44420623779297,-0.8466148376464844,-5.76812744140625,291.4749755859375,0.0140562681481242,90.39254760742188,4.223699579597451e-05,2.657752520462964e-05,9.126673698425291,-6.144662380218506,-6.250204563140869,6.729023880325258e-05,6.10391070949845e-05,66.43051147460938,5.665632724761963
IBT_2012235N11328_2012082300,2012235N11328,JOYCE,2012-08-23 00:00:00,2012-08-23,2012,8,0,,TS,13.5,321.29998779296875,30.0,1009.0,IBTRACS_ERA5,OBS,1,13.5,321.29998779296875,2012235N11328,JOYCE,0.0,val,-0.6252428226086426,0.7804302741285588,-0.8660254037844385,-0.5000000000000004,-5.527378082275391,1.9251022338867188,218.78396606445312,3.903953256667592e-05,32.99093246459961,-2.9912338256835938,4.789615631103516,240.8658447265625,0.0005342093645595,62.74739074707031,-1.6481971740722656,6.084938049316406,267.735107421875,0.003970319405198,77.80548095703125,-1.872608184814453,9.842937469482422,282.568359375,0.0067033357918262,63.513938903808594,1.7998695373535156,9.70721435546875,290.635986328125,0.011864217929542,80.47401428222656,2.3833052182453685e-05,1.2182850696262904e-05,10.68877124786377,-2.0479094982147217,6.469961643218994,5.682771734427661e-05,4.121629172004759e-05,57.0693359375,1.8106744289398196
IBT_2012235N11328_2012082306,2012235N11328,JOYCE,2012-08-23 06:00:00,2012-08-23,2012,8,6,,TS,14.199999809265137,320.0,30.0,1009.0,IBTRACS_ERA5,OBS,1,14.199999809265137,320.0,2012235N11328,JOYCE,0.0,val,-0.6427876096865396,0.7660444431189778,-0.8660254037844385,-0.5000000000000004,-5.836460113525391,3.5269088745117188,219.4029235839844,7.77639215812087e-05,61.0152702331543,-2.6031723022460938,7.471988677978516,241.60455322265625,0.0004354369884822,47.6386604309082,-4.611698150634766,2.7383804321289062,267.35430908203125,0.0037375630345195,75.40235137939453,-8.188648223876953,7.971721649169922,282.4678955078125,0.0077174343168735,73.62166595458984,-8.332454681396484,6.96112060546875,290.2288818359375,0.0122520355507731,85.29225158691406,5.682771734427661e-05,3.781976920436136e-05,4.245444297790527,-5.914486885070801,5.7340240478515625,5.682771734427661e-05,4.121629172004759e-05,56.58058547973633,1.8106744289398196
IBT_2012235N11328_2012082312,2012235N11328,JOYCE,2012-08-23 12:00:00,2012-08-23,2012,8,12,,TS,14.800000190734863,318.8999938964844,35.0,1007.0,IBTRACS_ERA5,OBS,1,14.800000190734863,318.8999938964844,2012235N11328,JOYCE,0.0,val,-0.6573753260685203,0.7535633222737865,-0.8660254037844385,-0.5000000000000004,-5.836460113525391,3.5269088745117188,219.4029235839844,7.77639215812087e-05,61.0152702331543,-2.6031723022460938,7.471988677978516,241.60455322265625,0.0004354369884822,47.6386604309082,-4.611698150634766,2.7383804321289062,267.35430908203125,0.0037375630345195,75.40235137939453,-8.188648223876953,7.971721649169922,282.4678955078125,0.0077174343168735,73.62166595458984,-8.332454681396484,6.96112060546875,290.2288818359375,0.0122520355507731,85.29225158691406,5.682771734427661e-05,3.781976920436136e-05,4.245444297790527,-5.914486885070801,5.7340240478515625,5.682771734427661e-05,4.121629172004759e-05,56.58058547973633,1.8106744289398196
IBT_2012235N11328_2012082318,2012235N11328,JOYCE,2012-08-23 18:00:00,2012-08-23,2012,8,18,,TS,15.5,317.8999938964844,35.0,1006.0,IBTRACS_ERA5,OBS,1,15.5,317.8999938964844,2012235N11328,JOYCE,0.0,val,-0.6704266979988428,0.7419757695574488,-0.8660254037844385,-0.5000000000000004,-5.494907379150391,7.130424499511719,219.84738159179688,5.862012039870024e-05,43.62076568603516,0.5625991821289062,6.089908599853516,241.25128173828125,9.524347842670976e-05,10.779438972473145,-0.4190711975097656,0.1309585571289062,267.5175170898437,0.0011978835100308,23.86716651916504,-5.396411895751953,-5.346149444580078,282.4781494140625,0.0076656080782413,73.07648468017578,-8.399105072021484,-4.32305908203125,290.2774658203125,0.0122005967423319,84.67086791992188,5.506659726961516e-05,1.91507424460724e-05,11.81594944000244,-3.829379320144653,0.7364166378974915,5.682771734427661e-05,4.121629172004759e-05,56.58696746826172,1.8106744289398196
NEG_20120823_00214,,,2012-08-23 00:00:00,2012-08-23,2012,8,0,,BG,37.5,,,,IBTRACS_ERA5,OBS,0,37.5,27.5,,,7009.35532850587,val,0.4617486132350339,0.8870108331782217,-0.8660254037844385,-0.5000000000000004,28.18954086303711,5.477836608886719,225.71176147460935,7.097729394445196e-06,2.68453311920166,11.090065002441406,-1.4083824157714844,239.737060546875,2.982738078571856e-05,3.9089195728302,0.5090293884277344,-5.494041442871094,264.36474609375,0.0004051715659443,10.299860954284668,-4.979297637939453,-5.839679718017578,282.470947265625,0.0025067664682865,23.90874671936035,-4.161800384521484,-4.58868408203125,295.783935546875,0.0047330288216471,23.25926399230957,2.64640839304775e-05,2.175971530959941e-05,33.881324768066406,6.129507541656494,-2.370590209960937,2.64640839304775e-05,2.5178786017932e-05,26.299156188964844,4.7197089195251465
NEG_20120823_00749,,,2012-08-23 00:00:00,2012-08-23,2012,8,0,,BG,45.0,,,,IBTRACS_ERA5,OBS,0,45.0,307.5,,,3377.5567436730503,val,-0.7933533402912352,0.6087614290087205,-0.8660254037844385,-0.5000000000000004,38.98165512084961,12.94976043701172,217.00436401367188,4.313968020142056e-05,45.2498893737793,35.497901916503906,11.901432037353516,238.86810302734372,0.0005170022486709,73.77213287353516,24.399044036865234,3.968849182128906,263.9891967773437,0.0023889334406703,62.54391860961914,13.507884979248049,0.956829071044922,278.0047607421875,0.0031710006296634,41.14171600341797,6.763980865478516,-1.37310791015625,284.8228759765625,0.0052118329331278,51.609806060791016,-1.0289051715517417e-05,-1.5403993529616855e-05,35.25794982910156,23.830093383789062,5.680752754211426,7.31424916011747e-06,1.0693108379200568e-05,46.09614562988281,5.376030921936035
NEG_20120823_00834,,,2012-08-23 00:00:00,2012-08-23,2012,8,0,,BG,27.5,,,,IBTRACS_ERA5,OBS,0,27.5,262.5,,,3464.992918504068,val,-0.9914448613738104,-0.1305261922200516,-0.8660254037844385,-0.5000000000000004,-2.68960952758789,-14.90082550048828,219.82565307617188,3.982137786806561e-05,29.708816528320312,0.2031021118164062,-9.427303314208984,241.35015869140625,0.0002742865181062,30.749526977539062,-0.5948524475097656,-2.4414291381835938,268.71954345703125,0.0010641232365742,19.35326194763184,-2.095264434814453,-1.204181671142578,282.2593994140625,0.0060028620064258,58.08047103881836,-3.1184654235839844,0.65618896484375,291.287109375,0.0109656183049082,71.36223602294922,1.5147682006499965e-06,-5.307286301103886e-06,15.5629243850708,-1.6590179204940796,-5.463510036468506,1.463898479414638e-05,8.326519491674844e-06,60.72258758544922,0.9982200860977172
IBT_2012234N16315_2012082400,2012234N16315,ISAAC,2012-08-24 00:00:00,2012-08-24,2012,8,0,,TS,15.699999809265137,292.20001220703125,45.0,1002.0,IBTRACS_ERA5,OBS,1,15.699999809265137,292.20001220703125,2012234N16315,ISAAC,0.0,val,-0.9258705043099033,0.3778409840778596,-0.8660254037844385,-0.5000000000000004,0.0358963012695312,2.324493408203125,221.05833435058597,9.391909406986088e-05,60.56741714477539,-1.4016456604003906,6.093849182128906,244.31103515625,0.000816358719021,69.13370513916016,-0.2138099670410156,8.948562622070312,268.1145324707031,0.0048810192383825,92.9325942993164,1.288482666015625,13.186153411865234,282.01190185546875,0.008428088389337,82.92790222167969,-2.6730880737304688,17.132720947265625,290.1845703125,0.0118824038654565,82.95374298095703,4.620582330971956e-05,6.963674968574196e-05,15.05397605895996,-0.5928329229354858,9.537156105041504,8.449105371255428e-05,6.963674968574196e-05,79.28317260742188,6.940006256103516
IBT_2012234N16315_2012082406,2012234N16315,ISAAC,2012-08-24 06:00:00,2012-08-24,2012,8,6,,TS,15.399999618530272,290.8999938964844,45.0,998.0,IBTRACS_ERA5,OBS,1,15.399999618530272,290.8999938964844,2012234N16315,ISAAC,0.0,val,-0.9342045123230546,0.356737899802143,-0.8660254037844385,-0.5000000000000004,-5.302238464355469,-0.333709716796875,222.19322204589844,0.0001114624101319,62.96016693115234,-0.9089698791503906,0.4571304321289062,244.527099609375,0.0009071961976587,75.29230499267578,6.889461517333984,-4.357345581054688,268.2840881347656,0.0045530297793447,85.58002471923828,7.906158447265625,0.4674034118652344,283.4032592773437,0.0098615800961852,88.31927490234375,8.661628723144531,2.061920166015625,291.3232421875,0.0139079494401812,90.3031768798828,8.449105371255428e-05,6.955661956453696e-05,14.16787338256836,3.4492080211639404,-0.3409202694892883,8.449105371255428e-05,6.963674968574196e-05,73.2723388671875,6.940006256103516
IBT_2012234N16315_2012082412,2012234N16315,ISAAC,2012-08-24 12:00:00,2012-08-24,2012,8,12,,TS,15.699999809265137,289.6000061035156,50.0,995.0,IBTRACS_ERA5,OBS,1,15.699999809265137,289.6000061035156,2012234N16315,ISAAC,0.0,val,-0.9420574170528286,0.3354516701042831,-0.8660254037844385,-0.5000000000000004,-5.302238464355469,-0.333709716796875,222.19322204589844,0.0001114624101319,62.96016693115234,-0.9089698791503906,0.4571304321289062,244.527099609375,0.0009071961976587,75.29230499267578,6.889461517333984,-4.357345581054688,268.2840881347656,0.0045530297793447,85.58002471923828,7.906158447265625,0.4674034118652344,283.4032592773437,0.0098615800961852,88.31927490234375,8.661628723144531,2.061920166015625,291.3232421875,0.0139079494401812,90.3031768798828,8.449105371255428e-05,6.955661956453696e-05,14.16787338256836,3.4492080211639404,-0.3409202694892883,8.449105371255428e-05,6.963674968574196e-05,73.2723388671875,6.940006256103516
IBT_2012234N16315_2012082418,2012234N16315,ISAAC,2012-08-24 18:00:00,2012-08-24,2012,8,18,,TS,16.600000381469727,288.79998779296875,55.0,993.0,IBTRACS_ERA5,OBS,1,16.600000381469727,288.79998779296875,2012234N16315,ISAAC,0.0,val,-0.9466493287753118,0.3222654935441454,-0.8660254037844385,-0.5000000000000004,-9.378410339355469,5.854034423828125,221.3886566162109,9.737709478940816e-05,60.41181945800781,-10.36795425415039,2.6927261352539062,243.6982421875,0.0008021206595003,71.94275665283203,-14.029972076416016,4.3811798095703125,269.1925354003906,0.0038838484324514,68.1613998413086,-15.125579833984377,4.176631927490234,283.74383544921875,0.009311250410974,81.5040054321289,-17.22557830810547,4.513824462890625,291.587158203125,0.0136728081852197,87.30412292480469,7.774012919981033e-05,6.406752800103277e-05,7.960792064666748,-13.225499153137209,4.323679447174072,8.449105371255428e-05,6.963674968574196e-05,65.85671997070312,6.940006256103516
IBT_2012235N11328_2012082400,2012235N11328,JOYCE,2012-08-24 00:00:00,2012-08-24,2012,8,0,,TS,16.100000381469727,316.79998779296875,30.0,1008.0,IBTRACS_ERA5,OBS,1,16.100000381469727,316.79998779296875,2012235N11328,JOYCE,0.0,val,-0.6845472612375443,0.7289684815766573,-0.8660254037844385,-0.5000000000000004,-5.554924011230469,6.487579345703125,218.58372497558597,4.094173345947638e-05,35.44281005859375,-1.2312355041503906,8.672462463378906,240.2255859375,0.0002349377318751,29.359575271606445,-3.423526763916016,0.1199493408203125,268.2855529785156,0.0011013395851477,20.698793411254883,-5.471038818359375,7.257686614990234,283.4179077148437,0.0056328987702727,50.39795684814453,-0.4460372924804687,5.188385009765625,291.13671875,0.0113009605556726,74.25000762939453,1.631062878004741e-05,1.2069335753039925e-06,5.271492004394531,-3.22535252571106,5.545212745666504,3.965372161474079e-05,2.345602115383372e-05,48.46831130981445,1.7479699850082395
IBT_2012235N11328_2012082406,2012235N11328,JOYCE,2012-08-24 06:00:00,2012-08-24,2012,8,6,,TS,16.700000762939453,315.70001220703125,30.0,1008.0,IBTRACS_ERA5,OBS,1,16.700000762939453,315.70001220703125,2012235N11328,JOYCE,0.0,val,-0.6984151329505868,0.7156928825031127,-0.8660254037844385,-0.5000000000000004,-7.597160339355469,5.996856689453125,219.13951110839844,7.187655137386173e-05,58.20200729370117,0.0055809020996093,4.754737854003906,240.2957763671875,0.0003711008175741,46.06069946289063,-2.643741607666016,4.9051055908203125,267.4209289550781,0.0023332484997808,46.83258819580078,-6.619720458984375,8.396846771240234,283.0770874023437,0.0074205016717314,67.93342590332031,-9.320549011230469,5.704742431640625,290.624755859375,0.0128627214580774,87.30927276611328,3.537367592798546e-05,8.996657925308682e-06,1.7479699850082395,-5.2351179122924805,5.951657772064209,3.965372161474079e-05,3.886319245793857e-05,48.19632339477539,1.7479699850082395
IBT_2012235N11328_2012082412,2012235N11328,JOYCE,2012-08-24 12:00:00,2012-08-24,2012,8,12,,DS,17.399999618530273,314.6000061035156,30.0,1009.0,IBTRACS_ERA5,OBS,1,17.399999618530273,314.6000061035156,2012235N11328,JOYCE,0.0,val,-0.7120259711931246,0.7021531288447611,-0.8660254037844385,-0.5000000000000004,-7.597160339355469,5.996856689453125,219.13951110839844,7.187655137386173e-05,58.20200729370117,0.0055809020996093,4.754737854003906,240.2957763671875,0.0003711008175741,46.06069946289063,-2.643741607666016,4.9051055908203125,267.4209289550781,0.0023332484997808,46.83258819580078,-6.619720458984375,8.396846771240234,283.0770874023437,0.0074205016717314,67.93342590332031,-9.320549011230469,5.704742431640625,290.624755859375,0.0128627214580774,87.30927276611328,3.537367592798546e-05,8.996657925308682e-06,1.7479699850082395,-5.2351179122924805,5.951657772064209,3.965372161474079e-05,3.886319245793857e-05,48.19632339477539,1.7479699850082395
NEG_20120824_01242,,,2012-08-24 00:00:00,2012-08-24,2012,8,0,,BG,0.0,,,,IBTRACS_ERA5,OBS,0,0.0,325.0,,,2003.5730063148549,val,-0.5735764363510465,0.8191520442889916,-0.8660254037844385,-0.5000000000000004,-10.614250183105469,-4.047576904296875,219.22740173339844,2.849088195944205e-05,22.82887077331543,-6.830844879150391,-3.4447250366210938,240.7353515625,0.0001734480902086,20.631261825561523,-5.248722076416016,-10.080490112304688,268.4608459472656,0.0005354084423743,9.92984676361084,-6.135345458984375,1.9332237243652344,281.8231811523437,0.0016456163721159,16.401199340820312,-7.551261901855469,6.482818603515625,289.00927734375,0.0086219711229205,64.91004180908203,-1.4329863915918397e-05,6.945590939722024e-06,10.966819763183594,-7.276084899902344,-1.8313499689102173,1.5984918718459085e-05,1.7949783796211705e-05,26.32803726196289,3.2266077995300293
NEG_20120824_02315,,,2012-08-24 00:00:00,2012-08-24,2012,8,0,,BG,27.5,,,,IBTRACS_ERA5,OBS,0,27.5,277.5,,,1678.8537376824945,val,-0.9914448613738104,0.1305261922200512,-0.8660254037844385,-0.5000000000000004,10.322517395019531,8.611236572265625,220.3785858154297,1.841071389208082e-05,12.863286972045898,9.13814926147461,3.802589416503906,237.37664794921875,0.000164790515555,27.25738906860352,5.441341400146484,3.0033721923828125,263.9695129394531,0.0012466333573684,32.68821716308594,3.086944580078125,1.5804405212402344,280.11529541015625,0.0044735735282301,50.12107467651367,-1.1495285034179688,-0.882049560546875,290.789306640625,0.0084496242925524,56.7560920715332,-1.4983930668677203e-05,1.2077997780579608e-05,14.89061164855957,5.367884635925293,3.2231178283691406,4.0613231249153614e-05,4.592688856064342e-05,51.26763534545898,9.369051933288574
NEG_20120824_02769,,,2012-08-24 00:00:00,2012-08-24,2012,8,0,,BG,27.5,,,,IBTRACS_ERA5,OBS,0,27.5,282.5,,,1374.2700153197925,val,-0.9762960071199336,0.2164396139381024,-0.8660254037844385,-0.5000000000000004,6.345710754394531,6.683013916015625,219.4244842529297,3.646346885943785e-05,28.536426544189453,2.1430320739746094,3.2259292602539062,239.38726806640625,0.000366542924894,49.70580291748047,-1.5902748107910156,6.0685577392578125,264.3070983886719,0.001699338085018,43.39429473876953,-4.744476318359375,2.0903282165527344,281.02764892578125,0.0042064702138304,44.26438903808594,-5.813835144042969,0.756866455078125,291.4725341796875,0.0078075625933706,50.21635437011719,-1.8243168597109616e-05,-1.8359694877290167e-05,13.526780128479004,-0.7319687008857727,3.764939069747925,4.0613231249153614e-05,4.592688856064342e-05,49.35551452636719,1.2947640419006348
NEG_20120824_02846,,,2012-08-24 00:00:00,2012-08-24,2012,8,0,,BG,50.0,,,,IBTRACS_ERA5,OBS,0,50.0,297.5,,,3795.157396594973,val,-0.8870108331782216,0.4617486132350341,-0.8660254037844385,-0.5000000000000004,26.41919708251953,2.684112548828125,225.56846618652344,8.230892490246333e-06,3.163503646850586,23.45772933959961,-0.1476058959960937,228.2545166015625,4.716073817689903e-05,20.202556610107425,12.013973236083984,-2.4828338623046875,254.70632934570312,0.0005201644962653,29.07757568359375,7.055084228515625,-2.5850868225097656,270.8104858398437,0.0031520640477538,68.69983673095703,3.3147048950195312,-4.320159912109375,280.156005859375,0.0060292286798357,81.87400817871094,2.0044302800670263e-05,4.505404285737313e-05,24.14285469055176,14.45213794708252,-1.3703148365020752,2.708346437430009e-05,4.505404285737313e-05,57.597900390625,11.909171104431152
NEG_20120824_02862,,,2012-08-24 00:00:00,2012-08-24,2012,8,0,,BG,15.0,,,,IBTRACS_ERA5,OBS,0,15.0,350.0,,,3554.893571503514,val,-0.1736481776669304,0.984807753012208,-0.8660254037844385,-0.5000000000000004,-12.086906433105469,2.123809814453125,219.27745056152344,6.745741848135367e-05,53.72873306274414,-5.954868316650391,-1.1600570678710938,241.671875,0.0004015252634417,43.64617919921875,-8.966983795166016,-0.9203338623046876,267.3575744628906,0.0029066004790365,58.623722076416016,-11.518646240234377,-3.6356239318847656,283.0775756835937,0.0074702417477965,68.38653564453125,-1.7163009643554688,1.269439697265625,292.87060546875,0.01207653619349,71.11978912353516,-5.7790075516095385e-06,-3.0198475542420056e-06,10.405738830566406,-8.048741340637207,-0.4645530581474304,3.5939825465902686e-05,1.8392736819805577e-05,65.3233413696289,0.670354425907135
IBT_2012234N16315_2012082500,2012234N16315,ISAAC,2012-08-25 00:00:00,2012-08-25,2012,8,0,,TS,17.299999237060547,288.20001220703125,55.0,992.0,IBTRACS_ERA5,OBS,1,17.299999237060547,288.20001220703125,2012234N16315,ISAAC,0.0,val,-0.9499719849807748,0.3123351209065135,-0.8660254037844385,-0.5000000000000004,-1.885929107666016,3.3264732360839844,222.24066162109372,0.0001102772293961,61.94877243041992,0.30682373046875,2.2079315185546875,244.92105102539065,0.0009564054198563,76.5182876586914,5.389892578125,4.521617889404297,268.1990661621094,0.0050363158807158,95.27629089355467,3.6985015869140634,8.195316314697266,282.16717529296875,0.0085756257176399,83.49415588378906,1.5951423645019531,8.465721130371094,290.6605224609375,0.0130070364102721,88.08782958984375,5.894601054023951e-05,6.282906542764977e-05,6.207231998443604,1.820886254310608,5.343411922454834,8.056885417317972e-05,6.282906542764977e-05,69.57408905029297,6.207231998443604
IBT_2012234N16315_2012082506,2012234N16315,ISAAC,2012-08-25 06:00:00,2012-08-25,2012,8,6,,TS,18.299999237060547,287.29998779296875,55.0,991.0,IBTRACS_ERA5,OBS,1,18.299999237060547,287.29998779296875,2012234N16315,ISAAC,0.0,val,-0.9547608628593514,0.2973746706632338,-0.8660254037844385,-0.5000000000000004,-1.885929107666016,3.3264732360839844,222.24066162109372,0.0001102772293961,61.94877243041992,0.30682373046875,2.2079315185546875,244.92105102539065,0.0009564054198563,76.5182876586914,5.389892578125,4.521617889404297,268.1990661621094,0.0050363158807158,95.27629089355467,3.6985015869140634,8.195316314697266,282.16717529296875,0.0085756257176399,83.49415588378906,1.5951423645019531,8.465721130371094,290.6605224609375,0.0130070364102721,88.08782958984375,5.894601054023951e-05,6.282906542764977e-05,6.207231998443604,1.820886254310608,5.343411922454834,8.056885417317972e-05,6.282906542764977e-05,69.57408905029297,6.207231998443604
IBT_2012234N16315_2012082512,2012234N16315,ISAAC,2012-08-25 12:00:00,2012-08-25,2012,8,12,,TS,19.600000381469727,286.1000061035156,50.0,997.0,IBTRACS_ERA5,OBS,1,19.600000381469727,286.1000061035156,2012234N16315,ISAAC,0.0,val,-0.9607791246162448,0.2773147556507627,-0.8660254037844385,-0.5000000000000004,-2.220645904541016,3.791683197021485,221.97705078125,9.68121676123701e-05,56.07596206665039,-7.53936767578125,2.5382537841796875,244.55838012695312,0.0006874897517263,56.891700744628906,-5.900634765625,0.1812858581542968,268.5221862792969,0.0045019602403044,83.10804748535156,-5.7248382568359375,1.5996131896972656,282.8764038085937,0.0079481676220893,73.75631713867188,-7.909740447998047,0.3984603881835937,291.344482421875,0.0125927543267607,81.65364837646484,8.056885417317972e-05,6.234674219740555e-05,6.624179840087891,-5.859045505523682,1.7018592357635498,8.056885417317972e-05,6.282906542764977e-05,64.0470199584961,6.207231998443604
IBT_2012234N16315_2012082518,2012234N16315,ISAAC,2012-08-25 18:00:00,2012-08-25,2012,8,18,,TS,20.799999237060547,284.79998779296875,50.0,997.0,IBTRACS_ERA5,OBS,1,20.799999237060547,284.79998779296875,2012234N16315,ISAAC,0.0,val,-0.9668234430278938,0.25544555195127,-0.8660254037844385,-0.5000000000000004,-2.220645904541016,3.791683197021485,221.97705078125,9.68121676123701e-05,56.07596206665039,-7.53936767578125,2.5382537841796875,244.55838012695312,0.0006874897517263,56.891700744628906,-5.900634765625,0.1812858581542968,268.5221862792969,0.0045019602403044,83.10804748535156,-5.7248382568359375,1.5996131896972656,282.8764038085937,0.0079481676220893,73.75631713867188,-7.909740447998047,0.3984603881835937,291.344482421875,0.0125927543267607,81.65364837646484,8.056885417317972e-05,6.234674219740555e-05,6.624179840087891,-5.859045505523682,1.7018592357635498,8.056885417317972e-05,6.282906542764977e-05,64.0470199584961,6.207231998443604
NEG_20120825_01725,,,2012-08-25 00:00:00,2012-08-25,2012,8,0,,BG,42.5,,,,IBTRACS_ERA5,OBS,0,42.5,265.0,,,3038.830298688734,val,-0.9961946980917455,-0.0871557427476582,-0.8660254037844385,-0.5000000000000004,22.418025970458984,3.4689292907714844,220.1214599609375,4.23111705458723e-05,30.47636604309082,13.08660888671875,5.650314331054688,240.02859497070312,0.0004322924942243,55.066551208496094,3.359130859375,3.939098358154297,265.9118347167969,0.0021880480926483,49.315704345703125,3.0971832275390625,10.429935455322266,280.3832397460937,0.0081264153122901,89.38166046142578,3.713794708251953,14.109886169433594,289.019287109375,0.0103062009438872,77.53962707519531,-1.1848192116303835e-06,1.6251478882622905e-05,21.51925277709961,9.13494873046875,7.519632816314697,3.9239603211171925e-05,4.018023901153356e-05,54.492305755615234,6.930023193359375
IBT_2012234N16315_2012082600,2012234N16315,ISAAC,2012-08-26 00:00:00,2012-08-26,2012,8,0,,TS,21.799999237060547,283.29998779296875,50.0,997.0,IBTRACS_ERA5,OBS,1,21.799999237060547,283.29998779296875,2012234N16315,ISAAC,0.0,val,-0.9731789217898268,0.2300495298495309,-0.8660254037844385,-0.5000000000000004,-0.0972671508789062,3.9562835693359375,222.15969848632807,0.0001036736648529,58.78901290893555,-4.190338134765625,2.3354949951171875,244.8761444091797,0.0009135191212408,73.3927993774414,-3.159595489501953,7.973972320556641,268.946533203125,0.0045149130746722,80.71837615966797,-3.151683807373047,10.810501098632812,283.84161376953125,0.010012911632657,87.07286071777344,-5.7477874755859375,13.748458862304688,291.25469970703125,0.0134036596864461,87.40811157226562,6.922375177964568e-05,5.035589856561273e-05,11.305533409118652,-3.269334316253662,7.764942169189453,8.45135364215821e-05,6.510823732241988e-05,71.88936614990234,2.4156088829040527
IBT_2012234N16315_2012082606,2012234N16315,ISAAC,2012-08-26 06:00:00,2012-08-26,2012,8,6,,TS,22.700000762939453,281.70001220703125,55.0,995.0,IBTRACS_ERA5,OBS,1,22.700000762939453,281.70001220703125,2012234N16315,ISAAC,0.0,val,-0.9792227674173248,0.2027875039827545,-0.8660254037844385,-0.5000000000000004,-0.0972671508789062,3.9562835693359375,222.15969848632807,0.0001036736648529,58.78901290893555,-4.190338134765625,2.3354949951171875,244.8761444091797,0.0009135191212408,73.3927993774414,-3.159595489501953,7.973972320556641,268.946533203125,0.0045149130746722,80.71837615966797,-3.151683807373047,10.810501098632812,283.84161376953125,0.010012911632657,87.07286071777344,-5.7477874755859375,13.748458862304688,291.25469970703125,0.0134036596864461,87.40811157226562,6.922375177964568e-05,5.035589856561273e-05,11.305533409118652,-3.269334316253662,7.764942169189453,8.45135364215821e-05,6.510823732241988e-05,71.88936614990234,2.4156088829040527
IBT_2012234N16315_2012082612,2012234N16315,ISAAC,2012-08-26 12:00:00,2012-08-26,2012,8,12,,TS,23.399999618530277,280.0,55.0,995.0,IBTRACS_ERA5,OBS,1,23.399999618530277,280.0,2012234N16315,ISAAC,0.0,val,-0.984807753012208,0.1736481776669299,-0.8660254037844385,-0.5000000000000004,-3.1816177368164062,5.1017913818359375,221.96023559570312,0.0001001984346657,58.15101623535156,-3.371490478515625,4.507492065429688,244.83128356933597,0.000652618415188,52.650997161865234,-0.5254402160644531,4.237888336181641,269.4267578125,0.0046062720939517,79.42899322509766,-4.010692596435547,2.1648712158203125,283.7968139648437,0.0088752228766679,77.41169738769531,-5.5265960693359375,0.6517791748046875,290.88433837890625,0.0136293824762105,90.99647521972656,8.45135364215821e-05,6.510823732241988e-05,5.030062675476074,-3.323167324066162,3.3327643871307373,8.45135364215821e-05,6.510823732241988e-05,70.83191680908203,2.4156088829040527
IBT_2012234N16315_2012082618,2012234N16315,ISAAC,2012-08-26 18:00:00,2012-08-26,2012,8,18,,TS,23.700000762939453,278.6000061035156,50.0,992.0,IBTRACS_ERA5,OBS,1,23.700000762939453,278.6000061035156,2012234N16315,ISAAC,0.0,val,-0.9887563651175318,0.1495354487724098,-0.8660254037844385,-0.5000000000000004,-3.888771057128906,8.733627319335938,221.4857482910156,8.374289609491825e-05,51.36652374267578,-3.093658447265625,2.8968963623046875,243.81858825683597,0.0004751567612402,42.13815307617188,-2.669605255126953,-3.87026596069336,268.8265380859375,0.0050020469352602,90.24054718017578,-6.841014862060547,-7.9543914794921875,282.77362060546875,0.0085323322564363,79.72893524169922,-9.978500366210938,-11.864456176757812,291.00860595703125,0.0123135205358266,81.56399536132812,4.523127063293941e-05,4.953269672114402e-05,21.47942924499512,-5.294310092926025,-2.4117178916931152,8.45135364215821e-05,6.510823732241988e-05,68.32642364501953,2.4156088829040527
NEG_20120826_02971,,,2012-08-26 00:00:00,2012-08-26,2012,8,0,,BG,5.0,,,,IBTRACS_ERA5,OBS,0,5.0,12.5,,,9718.959489607974,val,0.2164396139381028,0.9762960071199334,-0.8660254037844385,-0.5000000000000004,-26.871803283691406,0.9355316162109376,218.0111389160156,6.492459215223789e-05,60.2335090637207,-10.052154541015623,-0.8553009033203125,240.2768402099609,0.0005523112486116,68.67845153808594,2.300975799560547,-2.72866439819336,266.73486328125,0.0028766642790287,60.85344314575195,-1.0885734558105469,-2.3602752685546875,282.1898803710937,0.0068041700869798,66.14484405517578,1.8457183837890625,-0.8115997314453125,290.81280517578125,0.0130354221910238,87.42799377441406,-8.126698958221823e-07,-8.88298382051289e-06,28.770618438720703,-6.773167610168457,-1.1640617847442627,4.58780414192006e-06,2.768820741039235e-05,67.80088806152344,18.67140769958496
NEG_20120826_03032,,,2012-08-26 00:00:00,2012-08-26,2012,8,0,,BG,50.0,,,,IBTRACS_ERA5,OBS,0,50.0,285.0,,,2976.736115644185,val,-0.9659258262890684,0.2588190451025203,-0.8660254037844385,-0.5000000000000004,21.962425231933597,-8.085464477539062,217.24075317382807,3.047962309210561e-05,31.05855369567871,20.67929077148437,-2.8103790283203125,236.62913513183597,0.0003119480970781,55.6075325012207,14.476757049560549,0.7561988830566406,262.1173095703125,0.0008595834369771,26.098533630371094,13.819385528564451,1.6577911376953125,277.55145263671875,0.0047291237860918,63.34150314331055,13.558853149414062,3.3783416748046875,289.41387939453125,0.0087626036256551,64.2724380493164,-1.5997595255612396e-05,-3.341119008837268e-05,14.214037895202637,16.899341583251953,-1.0207023620605469,1.7722535631037317e-05,1.3211760233389214e-05,57.954219818115234,4.078634262084961
IBT_2012234N16315_2012082700,2012234N16315,ISAAC,2012-08-27 00:00:00,2012-08-27,2012,8,0,,TS,24.200000762939453,277.3999938964844,50.0,990.0,IBTRACS_ERA5,OBS,1,24.200000762939453,277.3999938964844,2012234N16315,ISAAC,0.0,val,-0.9916711761032216,0.1287954909383596,-0.8660254037844385,-0.5000000000000004,-2.0613746643066406,3.0949859619140625,223.7915954589844,0.0001291820808546,60.7056999206543,0.9221458435058594,9.335304260253906,245.31646728515625,0.0005406955024227,41.70121765136719,-3.401317596435547,13.361297607421877,270.1748046875,0.0043708304874598,71.26371002197266,-2.9334793090820312,14.17450714111328,284.78369140625,0.0092096589505672,75.20140838623047,-3.4822654724121094,14.910888671875,292.1744079589844,0.0145896133035421,89.7652359008789,0.0001134147605625,5.406693890108727e-05,11.901028633117676,-2.191258192062378,10.975397109985352,0.0001134147605625,8.136122050927952e-05,72.52639770507812,8.135689735412598
IBT_2012234N16315_2012082706,2012234N16315,ISAAC,2012-08-27 06:00:00,2012-08-27,2012,8,6,,TS,25.0,276.3999938964844,50.0,989.0,IBTRACS_ERA5,OBS,1,25.0,276.3999938964844,2012234N16315,ISAAC,0.0,val,-0.9937679310349796,0.1114688263437625,-0.8660254037844385,-0.5000000000000004,-2.0613746643066406,3.0949859619140625,223.7915954589844,0.0001291820808546,60.7056999206543,0.9221458435058594,9.335304260253906,245.31646728515625,0.0005406955024227,41.70121765136719,-3.401317596435547,13.361297607421877,270.1748046875,0.0043708304874598,71.26371002197266,-2.9334793090820312,14.17450714111328,284.78369140625,0.0092096589505672,75.20140838623047,-3.4822654724121094,14.910888671875,292.1744079589844,0.0145896133035421,89.7652359008789,0.0001134147605625,5.406693890108727e-05,11.901028633117676,-2.191258192062378,10.975397109985352,0.0001134147605625,8.136122050927952e-05,72.52639770507812,8.135689735412598
IBT_2012234N16315_2012082712,2012234N16315,ISAAC,2012-08-27 12:00:00,2012-08-27,2012,8,12,,TS,25.700000762939453,275.29998779296875,55.0,987.0,IBTRACS_ERA5,OBS,1,25.700000762939453,275.29998779296875,2012234N16315,ISAAC,0.0,val,-0.99572471786438,0.0923703753045378,-0.8660254037844385,-0.5000000000000004,-1.5462379455566406,2.8806304931640625,223.38229370117188,0.0001032801374094,50.86061096191406,0.5779075622558594,2.9808120727539062,245.60321044921875,0.0006236577173694,46.84126281738281,-1.1261711120605469,1.602508544921875,270.1165771484375,0.0048424522392451,79.2972183227539,2.4066085815429688,-6.764213562011719,284.2236328125,0.0095718763768672,81.13532257080078,4.097080230712891,-9.486572265625,292.1558532714844,0.0145940836519002,89.89784240722656,0.0001080205838661,8.136122050927952e-05,13.59392261505127,0.8818374872207642,-1.7573668956756592,0.0001134147605625,8.136122050927952e-05,68.54585266113281,8.135689735412598
IBT_2012234N16315_2012082718,2012234N16315,ISAAC,2012-08-27 18:00:00,2012-08-27,2012,8,18,,TS,26.299999237060547,274.29998779296875,60.0,982.0,IBTRACS_ERA5,OBS,1,26.299999237060547,274.29998779296875,2012234N16315,ISAAC,0.0,val,-0.9971851494995272,0.0749785143731545,-0.8660254037844385,-0.5000000000000004,-9.85629653930664,9.929214477539062,223.3755798339844,0.0001279080315725,63.03718566894531,-10.79001235961914,1.7454605102539062,244.54071044921875,0.0008634695550426,71.57234191894531,-14.038524627685549,0.717254638671875,269.635009765625,0.004184506367892,71.03739166259766,-17.41175079345703,-2.3066940307617188,284.060791015625,0.0093730352818965,80.32023620605469,-19.18441390991211,-4.018310546875,291.6614685058594,0.0140050118789076,89.0057373046875,8.121042628772557e-05,5.673626947100274e-05,16.779369354248047,-14.256199836730955,1.213384985923767,0.0001134147605625,8.136122050927952e-05,64.99722290039062,9.16483211517334
NEG_20120827_00128,,,2012-08-27 00:00:00,2012-08-27,2012,8,0,,BG,27.5,,,,IBTRACS_ERA5,OBS,0,27.5,27.5,,,10573.7794155038,val,0.4617486132350339,0.8870108331782217,-0.8660254037844385,-0.5000000000000004,-3.1910133361816406,-0.8448333740234375,223.3096618652344,1.563570367579814e-05,7.764259338378906,-3.5572242736816406,-2.1754379272460938,243.79547119140625,5.000770761398599e-05,4.444448947906494,6.020069122314453,1.605804443359375,272.49566650390625,0.000880516716279,12.0918607711792,6.275871276855469,-3.0625534057617188,282.2423095703125,0.0013690259074792,13.26132869720459,4.933261871337891,-5.2069091796875,294.2353210449219,0.0052872062660753,28.593244552612305,-4.767995051224716e-06,-9.07140019990038e-06,9.2212553024292,2.0961928367614746,-1.9367859363555908,2.440408934489824e-05,1.744821020110976e-05,16.79938316345215,4.8361334800720215
NEG_20120827_02282,,,2012-08-27 00:00:00,2012-08-27,2012,8,0,,BG,27.5,,,,IBTRACS_ERA5,OBS,0,27.5,317.5,,,4012.4163092392737,val,-0.6755902076156605,0.7372773368101239,-0.8660254037844385,-0.5000000000000004,-1.1662330627441406,1.7600250244140625,218.77706909179688,1.76431676663924e-05,14.921996116638184,-7.019870758056641,-3.8702621459960938,239.11419677734372,6.748304440407082e-05,9.39932918548584,-9.045360565185549,-4.238067626953125,267.3282470703125,0.0007085126126185,14.32215976715088,-3.6655349731445312,2.598945617675781,283.348388671875,0.0021740761585533,19.54281616210937,-5.893520355224609,1.0281982421875,290.3554382324219,0.0086859222501516,59.97990036010742,-2.5950444069167133e-06,-4.802715920959599e-06,4.78359842300415,-5.358103752136231,-0.544232189655304,3.2394396839663386e-05,3.1921859772410244e-05,38.33185195922852,0.7373207807540894
NEG_20120827_02951,,,2012-08-27 00:00:00,2012-08-27,2012,8,0,,BG,5.0,,,,IBTRACS_ERA5,OBS,0,5.0,335.0,,,6504.10292123351,val,-0.4226182617406992,0.90630778703665,-0.8660254037844385,-0.5000000000000004,-12.33676528930664,6.769790649414063,220.98556518554688,1.351182163489284e-05,8.78844928741455,-18.55148696899414,-3.7022933959960938,240.53216552734372,0.0004537099739536,55.038719177246094,-3.282421112060547,-1.986846923828125,268.7449951171875,0.0010406296933069,18.889636993408203,-3.8365554809570312,-4.359916687011719,281.45703125,0.0084343813359737,86.1866455078125,-0.2588768005371094,-3.237548828125,288.4117126464844,0.0103234108537435,80.77898406982422,-1.1145925782329869e-05,-1.0488399311725516e-05,15.68509578704834,-7.653221130371094,-1.3033630847930908,2.320960993529297e-05,3.1975596357369795e-05,69.22473907470703,6.504518032073975
NEG_20120827_03979,,,2012-08-27 00:00:00,2012-08-27,2012,8,0,,BG,32.5,,,,IBTRACS_ERA5,OBS,0,32.5,312.5,,,3539.1372179011246,val,-0.7372773368101242,0.6755902076156601,-0.8660254037844385,-0.5000000000000004,11.47756576538086,-2.859725952148437,216.96139526367188,3.638650014181621e-05,38.36799621582031,8.35512924194336,-1.0296859741210938,238.97015380859372,0.0003905663033947,55.17450714111328,9.920093536376951,-0.740997314453125,266.5184326171875,0.0013103854143992,28.184938430786133,0.0002365112304687,-4.651298522949219,282.5198974609375,0.0037424829788506,35.57648086547852,-0.1620750427246093,-3.71484375,290.4938659667969,0.009402341209352,64.35591125488281,-1.3554468750953674e-05,-3.645068500190973e-05,11.67101001739502,5.918190002441406,-2.599310398101806,1.732976124912966e-05,4.477245965972543e-06,42.52727890014648,0.7373207807540894
IBT_2012234N16315_2012082800,2012234N16315,ISAAC,2012-08-28 00:00:00,2012-08-28,2012,8,0,,TS,26.799999237060547,273.29998779296875,60.0,979.0,IBTRACS_ERA5,OBS,1,26.799999237060547,273.29998779296875,2012234N16315,ISAAC,0.0,val,-0.998341828878188,0.0575638142599591,-0.8660254037844385,-0.5000000000000004,-1.0519981384277344,4.751926422119141,225.1072540283203,0.0001599588140379,64.74983978271484,0.3150291442871094,5.678977966308594,247.73350524902344,0.0011545093730092,71.3642578125,-0.4825935363769531,8.872455596923828,271.53436279296875,0.0056399833410978,83.12743377685547,-0.5402984619140625,10.12649917602539,285.5607604980469,0.0114126903936266,88.50364685058594,-0.4168663024902344,9.959701538085938,292.8346862792969,0.0161825977265834,95.51578521728516,0.0001585528370924,0.0001240261190105,5.246362209320068,-0.4353454709053039,7.877912044525146,0.0001585528370924,0.0001240261190105,64.1400375366211,5.246362209320068
IBT_2012234N16315_2012082806,2012234N16315,ISAAC,2012-08-28 06:00:00,2012-08-28,2012,8,6,,TS,27.399999618530277,272.3999938964844,60.0,978.0,IBTRACS_ERA5,OBS,1,27.399999618530277,272.3999938964844,2012234N16315,ISAAC,0.0,val,-0.9991228345597172,0.0418755472961973,-0.8660254037844385,-0.5000000000000004,-1.0519981384277344,4.751926422119141,225.1072540283203,0.0001599588140379,64.74983978271484,0.3150291442871094,5.678977966308594,247.73350524902344,0.0011545093730092,71.3642578125,-0.4825935363769531,8.872455596923828,271.53436279296875,0.0056399833410978,83.12743377685547,-0.5402984619140625,10.12649917602539,285.5607604980469,0.0114126903936266,88.50364685058594,-0.4168663024902344,9.959701538085938,292.8346862792969,0.0161825977265834,95.51578521728516,0.0001585528370924,0.0001240261190105,5.246362209320068,-0.4353454709053039,7.877912044525146,0.0001585528370924,0.0001240261190105,64.1400375366211,5.246362209320068
IBT_2012234N16315_2012082812,2012234N16315,ISAAC,2012-08-28 12:00:00,2012-08-28,2012,8,12,,TS,28.0,271.70001220703125,65.0,975.0,IBTRACS_ERA5,OBS,1,28.0,271.70001220703125,2012234N16315,ISAAC,0.0,val,-0.9995598537988823,0.029666457044224,-0.8660254037844385,-0.5000000000000004,-1.0519981384277344,4.751926422119141,225.1072540283203,0.0001599588140379,64.74983978271484,0.3150291442871094,5.678977966308594,247.73350524902344,0.0011545093730092,71.3642578125,-0.4825935363769531,8.872455596923828,271.53436279296875,0.0056399833410978,83.12743377685547,-0.5402984619140625,10.12649917602539,285.5607604980469,0.0114126903936266,88.50364685058594,-0.4168663024902344,9.959701538085938,292.8346862792969,0.0161825977265834,95.51578521728516,0.0001585528370924,0.0001240261190105,5.246362209320068,-0.4353454709053039,7.877912044525146,0.0001585528370924,0.0001240261190105,64.1400375366211,5.246362209320068
IBT_2012234N16315_2012082818,2012234N16315,ISAAC,2012-08-28 18:00:00,2012-08-28,2012,8,18,,TS,28.600000381469727,271.20001220703125,70.0,972.0,IBTRACS_ERA5,OBS,1,28.600000381469727,271.20001220703125,2012234N16315,ISAAC,0.0,val,-0.9997806790129796,0.0209426328895172,-0.8660254037844385,-0.5000000000000004,-4.029537200927734,-2.79665756225586,224.1823883056641,0.000141136086313,63.43473434448242,-2.83877944946289,-7.527320861816406,246.85557556152344,0.001116675324738,74.76107788085938,-2.893482208251953,-14.025859832763672,269.9930419921875,0.0056233685463666,92.93902587890624,1.5881195068359375,-18.97787094116211,284.1750183105469,0.0103737665340304,88.21886444091797,4.814579010009766,-20.20375061035156,291.5646667480469,0.0144727192819118,92.5434341430664,0.0001007942119031,7.971147715579718e-05,19.524991989135746,-0.6718200445175171,-12.706292152404783,0.0001585528370924,0.0001240261190105,62.56284713745117,5.246362209320068
IBT_2012242N13333_2012082812,2012242N13333,LESLIE,2012-08-28 12:00:00,2012-08-28,2012,8,12,,DS,12.899999618530272,332.6000061035156,20.0,1010.0,IBTRACS_ERA5,OBS,1,12.899999618530272,332.6000061035156,2012242N13333,LESLIE,0.0,val,-0.4601996902080332,0.8878154341598429,-0.8660254037844385,-0.5000000000000004,-11.857051849365234,-3.13796615600586,220.01173400878903,6.416064570657909e-05,46.820091247558594,-10.96121597290039,-0.0204849243164062,242.1395721435547,0.000550213328097,57.19458770751953,-8.879199981689453,-1.699199676513672,268.02069091796875,0.0038797464221715,74.39702606201172,-1.8746490478515625,-3.1459617614746094,282.2079772949219,0.0084126992151141,81.68131256103516,-0.4597129821777344,-4.793960571289063,290.0581970214844,0.0121517144143581,85.52243041992188,4.621277184924111e-05,4.3554558942560107e-05,11.51701545715332,-6.806365966796875,-2.5595145225524902,4.621277184924111e-05,4.3554558942560107e-05,75.4838638305664,1.294630527496338
IBT_2012242N13333_2012082818,2012242N13333,LESLIE,2012-08-28 18:00:00,2012-08-28,2012,8,18,,DS,13.0,330.3999938964844,20.0,1010.0,IBTRACS_ERA5,OBS,1,13.0,330.3999938964844,2012242N13333,LESLIE,0.0,val,-0.4939419592084308,0.8694948768873436,-0.8660254037844385,-0.5000000000000004,-12.552242279052734,-2.08327865600586,219.56153869628903,6.297576328506693e-05,48.4851188659668,-10.56265640258789,-1.2009048461914062,242.07102966308597,0.0005635182023979,58.96181869506836,-8.972827911376953,-2.456768035888672,267.824951171875,0.0033934991806745,66.04846954345703,-3.9970855712890634,-6.808437347412109,281.8964538574219,0.0076909614726901,76.27145385742188,0.7418251037597656,-7.800186157226562,290.0299987792969,0.0123277865350246,86.91832733154297,2.957582000817638e-05,3.921285315300338e-05,14.471187591552734,-7.068597316741943,-4.069914817810059,4.621277184924111e-05,4.3554558942560107e-05,74.27548217773438,1.294630527496338
IBT_2012242N24317_2012082818,2012242N24317,KIRK,2012-08-28 18:00:00,2012-08-28,2012,8,18,,TS,23.899999618530277,316.6000061035156,30.0,1007.0,IBTRACS_ERA5,OBS,1,23.899999618530277,316.6000061035156,2012242N24317,KIRK,0.0,val,-0.6870874334050034,0.7265747441639607,-0.8660254037844385,-0.5000000000000004,5.459964752197266,9.41891860961914,219.9607086181641,6.915183621458709e-05,50.76907730102539,5.510829925537109,3.8327865600585938,242.83116149902344,0.0004826421500183,46.97892761230469,-4.405933380126953,-0.6403617858886719,267.0205078125,0.0035199653357267,72.8487777709961,-8.744644165039062,3.07217788696289,281.8771667480469,0.0081302775070071,80.73402404785156,-11.642696380615234,3.388778686523437,290.1986999511719,0.01308399066329,91.2598114013672,2.659647725522518e-05,4.7553352487739176e-05,18.134597778320312,-2.764495849609375,3.814460039138794,5.7991081121144816e-05,4.7553352487739176e-05,48.60609436035156,3.836186408996582
NEG_20120828_01382,,,2012-08-28 00:00:00,2012-08-28,2012,8,0,,BG,45.0,,,,IBTRACS_ERA5,OBS,0,45.0,30.0,,,6454.595078666431,val,0.4999999999999999,0.8660254037844387,-0.8660254037844385,-0.5000000000000004,15.549808502197266,0.6684303283691406,229.2395172119141,7.764636393403634e-06,1.992420673370361,4.778408050537109,-12.442359924316406,233.20921325683597,0.0001528906286694,38.65025329589844,6.230541229248047,-8.149639129638672,260.0902099609375,0.0017367434920743,62.07308578491211,2.769760131835937,-6.468349456787109,274.4084167480469,0.0035781220067292,59.94475936889648,0.8695106506347656,-13.888320922851562,282.9374694824219,0.0073922239243984,83.05029296875,2.3942760890349742e-05,5.620724186883308e-05,20.673900604248047,6.039605617523193,-8.056047439575195,6.507916987175122e-05,8.039638487389311e-05,50.594276428222656,8.021645545959473
IBT_2012234N16315_2012082900,2012234N16315,ISAAC,2012-08-29 00:00:00,2012-08-29,2012,8,0,,TS,28.899999618530277,270.6000061035156,70.0,967.0,IBTRACS_ERA5,OBS,1,28.899999618530277,270.6000061035156,2012234N16315,ISAAC,0.0,val,-0.9999451682499846,0.0104718906368485,-0.8660254037844385,-0.5000000000000004,-12.04732894897461,-0.9855690002441406,226.6198883056641,0.0001830718538258,62.57806396484375,-14.066848754882812,3.18096923828125,248.94895935058597,0.0011989857302978,66.4291000366211,-18.939865112304688,5.998138427734375,272.0966796875,0.0067614456638693,95.61216735839844,-22.94722366333008,8.516864776611328,285.6156616210937,0.0127014331519603,98.14029693603516,-25.72732162475586,9.299293518066406,292.62139892578125,0.0163825638592243,98.00006103515624,0.0001648201141506,0.0001430286647519,17.11492347717285,-18.745718002319336,5.201939582824707,0.0001648201141506,0.0001430286647519,57.842071533203125,15.423788070678713
IBT_2012234N16315_2012082906,2012234N16315,ISAAC,2012-08-29 06:00:00,2012-08-29,2012,8,6,,TS,29.100000381469727,270.0,70.0,966.0,IBTRACS_ERA5,OBS,1,29.100000381469727,270.0,2012234N16315,ISAAC,0.0,val,-1.0,-1.8369701987210294e-16,-0.8660254037844385,-0.5000000000000004,-12.04732894897461,-0.9855690002441406,226.6198883056641,0.0001830718538258,62.57806396484375,-14.066848754882812,3.18096923828125,248.94895935058597,0.0011989857302978,66.4291000366211,-18.939865112304688,5.998138427734375,272.0966796875,0.0067614456638693,95.61216735839844,-22.94722366333008,8.516864776611328,285.6156616210937,0.0127014331519603,98.14029693603516,-25.72732162475586,9.299293518066406,292.62139892578125,0.0163825638592243,98.00006103515624,0.0001648201141506,0.0001430286647519,17.11492347717285,-18.745718002319336,5.201939582824707,0.0001648201141506,0.0001430286647519,57.842071533203125,15.423788070678713
IBT_2012234N16315_2012082912,2012234N16315,ISAAC,2012-08-29 12:00:00,2012-08-29,2012,8,12,,TS,29.399999618530277,269.5,65.0,968.0,IBTRACS_ERA5,OBS,1,29.399999618530277,269.5,2012234N16315,ISAAC,0.0,val,-0.9999619230641712,-0.0087265354983735,-0.8660254037844385,-0.5000000000000004,-12.04732894897461,-0.9855690002441406,226.6198883056641,0.0001830718538258,62.57806396484375,-14.066848754882812,3.18096923828125,248.94895935058597,0.0011989857302978,66.4291000366211,-18.939865112304688,5.998138427734375,272.0966796875,0.0067614456638693,95.61216735839844,-22.94722366333008,8.516864776611328,285.6156616210937,0.0127014331519603,98.14029693603516,-25.72732162475586,9.299293518066406,292.62139892578125,0.0163825638592243,98.00006103515624,0.0001648201141506,0.0001430286647519,17.11492347717285,-18.745718002319336,5.201939582824707,0.0001648201141506,0.0001430286647519,57.842071533203125,15.423788070678713
IBT_2012234N16315_2012082918,2012234N16315,ISAAC,2012-08-29 18:00:00,2012-08-29,2012,8,18,,TS,29.700000762939453,269.20001220703125,60.0,973.0,IBTRACS_ERA5,OBS,1,29.700000762939453,269.20001220703125,2012234N16315,ISAAC,0.0,val,-0.9999025269839644,-0.0139619673070253,-0.8660254037844385,-0.5000000000000004,-12.04732894897461,-0.9855690002441406,226.6198883056641,0.0001830718538258,62.57806396484375,-14.066848754882812,3.18096923828125,248.94895935058597,0.0011989857302978,66.4291000366211,-18.939865112304688,5.998138427734375,272.0966796875,0.0067614456638693,95.61216735839844,-22.94722366333008,8.516864776611328,285.6156616210937,0.0127014331519603,98.14029693603516,-25.72732162475586,9.299293518066406,292.62139892578125,0.0163825638592243,98.00006103515624,0.0001648201141506,0.0001430286647519,17.11492347717285,-18.745718002319336,5.201939582824707,0.0001648201141506,0.0001430286647519,57.842071533203125,15.423788070678713
IBT_2012242N13333_2012082900,2012242N13333,LESLIE,2012-08-29 00:00:00,2012-08-29,2012,8,0,,DS,13.100000381469728,328.29998779296875,25.0,1009.0,IBTRACS_ERA5,OBS,1,13.100000381469728,328.29998779296875,2012242N13333,LESLIE,0.0,val,-0.5254718323400189,0.8508109974707797,-0.8660254037844385,-0.5000000000000004,-12.48727035522461,-6.186862945556641,219.4641876220703,6.651684088865295e-05,51.80997085571289,-11.572219848632812,-1.79132080078125,242.40843200683597,0.0004106695705559,41.60993194580078,-7.2585906982421875,2.458831787109375,267.94244384765625,0.0042146509513258,81.3010482788086,-3.205158233642578,3.781757354736328,282.16033935546875,0.009304042905569,90.62826538085938,-2.37502670288086,3.4579849243164062,289.96270751953125,0.0124877877533435,88.42658996582031,4.367559449747205e-05,3.539330282364972e-05,13.974282264709473,-7.379652976989746,0.3440780639648437,4.86106873722747e-05,3.637048212112859e-05,79.64366912841797,5.158898830413818
IBT_2012242N13333_2012082906,2012242N13333,LESLIE,2012-08-29 06:00:00,2012-08-29,2012,8,6,,DS,13.199999809265137,326.29998779296875,25.0,1009.0,IBTRACS_ERA5,OBS,1,13.199999809265137,326.29998779296875,2012242N13333,LESLIE,0.0,val,-0.5548446046982146,0.8319540039192563,-0.8660254037844385,-0.5000000000000004,-12.48727035522461,-6.186862945556641,219.4641876220703,6.651684088865295e-05,51.80997085571289,-11.572219848632812,-1.79132080078125,242.40843200683597,0.0004106695705559,41.60993194580078,-7.2585906982421875,2.458831787109375,267.94244384765625,0.0042146509513258,81.3010482788086,-3.205158233642578,3.781757354736328,282.16033935546875,0.009304042905569,90.62826538085938,-2.37502670288086,3.4579849243164062,289.96270751953125,0.0124877877533435,88.42658996582031,4.367559449747205e-05,3.539330282364972e-05,13.974282264709473,-7.379652976989746,0.3440780639648437,4.86106873722747e-05,3.637048212112859e-05,79.64366912841797,5.158898830413818
IBT_2012242N13333_2012082912,2012242N13333,LESLIE,2012-08-29 12:00:00,2012-08-29,2012,8,12,,DS,13.300000190734863,324.3999938964844,25.0,1009.0,IBTRACS_ERA5,OBS,1,13.300000190734863,324.3999938964844,2012242N13333,LESLIE,0.0,val,-0.5821230567740183,0.8131006990355334,-0.8660254037844385,-0.5000000000000004,-12.65719223022461,-4.369358062744141,219.87696838378903,7.337184069911018e-05,54.40608978271485,-12.395706176757812,-0.67181396484375,242.60997009277344,0.0005279603064991,52.47940826416016,-7.721847534179687,-0.956207275390625,267.9539794921875,0.0043884357437491,84.57917785644531,-5.355426788330078,-0.1601371765136718,282.20574951171875,0.0094211213290691,91.4862060546875,-1.9511985778808596,-0.7522201538085938,290.00640869140625,0.0124218948185443,87.7142105102539,4.86106873722747e-05,3.637048212112859e-05,11.300530433654783,-8.016274452209473,-1.3819472789764404,4.86106873722747e-05,3.637048212112859e-05,79.02625274658203,5.158898830413818
IBT_2012242N13333_2012082918,2012242N13333,LESLIE,2012-08-29 18:00:00,2012-08-29,2012,8,18,,DS,13.399999618530272,322.5,25.0,1008.0,IBTRACS_ERA5,OBS,1,13.399999618530272,322.5,2012242N13333,LESLIE,0.0,val,-0.608761429008721,0.7933533402912349,-0.8660254037844385,-0.5000000000000004,-12.91744613647461,0.1074485778808593,219.8543243408203,6.962606130400673e-05,51.76779174804688,-11.024978637695312,0.88250732421875,242.7123260498047,0.0006095031858421,59.9992561340332,-9.174606323242188,-2.875396728515625,267.89508056640625,0.0044514453038573,86.17857360839844,-4.977252960205078,-4.953105926513672,282.21014404296875,0.0086806090548634,84.27012634277344,-1.4408226013183594,-6.112327575683594,289.90936279296875,0.0126488097012043,89.87334442138672,4.073010495631024e-05,2.2715912564308383e-05,13.053677558898926,-7.907021522521973,-2.590174913406372,4.86106873722747e-05,3.637048212112859e-05,75.4819107055664,5.158898830413818
IBT_2012242N24317_2012082900,2012242N24317,KIRK,2012-08-29 00:00:00,2012-08-29,2012,8,0,,TS,24.0,315.5,40.0,1004.0,IBTRACS_ERA5,OBS,1,24.0,315.5,2012242N24317,KIRK,0.0,val,-0.7009092642998508,0.7132504491541817,-0.8660254037844385,-0.5000000000000004,0.5405616760253906,3.48611068725586,220.26759338378903,8.039634121814743e-05,56.91447830200195,-0.4516143798828125,2.92901611328125,242.90794372558597,0.0006473744870163,62.55692672729492,-3.753341674804688,4.698333740234375,266.84423828125,0.0032635170500725,68.46000671386719,-7.078571319580078,8.494892120361328,281.9955444335937,0.007047098595649,69.41685485839844,-9.24929428100586,8.097145080566406,290.79766845703125,0.0135867483913898,91.21356201171876,3.127180025330745e-05,5.45448056072928e-05,10.821410179138184,-3.9984519481658936,5.541099548339844,4.163590710959397e-05,5.45448056072928e-05,47.94328689575195,1.8484165668487549
IBT_2012242N24317_2012082906,2012242N24317,KIRK,2012-08-29 06:00:00,2012-08-29,2012,8,6,,TS,24.299999237060547,314.5,40.0,1003.0,IBTRACS_ERA5,OBS,1,24.299999237060547,314.5,2012242N24317,KIRK,0.0,val,-0.7132504491541813,0.7009092642998511,-0.8660254037844385,-0.5000000000000004,0.5405616760253906,3.48611068725586,220.26759338378903,8.039634121814743e-05,56.91447830200195,-0.4516143798828125,2.92901611328125,242.90794372558597,0.0006473744870163,62.55692672729492,-3.753341674804688,4.698333740234375,266.84423828125,0.0032635170500725,68.46000671386719,-7.078571319580078,8.494892120361328,281.9955444335937,0.007047098595649,69.41685485839844,-9.24929428100586,8.097145080566406,290.79766845703125,0.0135867483913898,91.21356201171876,3.127180025330745e-05,5.45448056072928e-05,10.821410179138184,-3.9984519481658936,5.541099548339844,4.163590710959397e-05,5.45448056072928e-05,47.94328689575195,1.8484165668487549
IBT_2012242N24317_2012082912,2012242N24317,KIRK,2012-08-29 12:00:00,2012-08-29,2012,8,12,,TS,24.600000381469727,313.70001220703125,45.0,1001.0,IBTRACS_ERA5,OBS,1,24.600000381469727,313.70001220703125,2012242N24317,KIRK,0.0,val,-0.7229669987150598,0.6908825651070801,-0.8660254037844385,-0.5000000000000004,0.3916358947753906,5.499538421630859,220.0255279541016,3.182414729963057e-05,23.185094833374023,-1.5861358642578125,1.34747314453125,241.73655700683597,8.077647362370044e-05,8.726274490356445,-5.537277221679688,-9.234771728515623,267.4150390625,0.0015200662892311,30.524248123168945,-6.436237335205078,-5.620586395263672,282.9384155273437,0.006404083687812,59.17942810058594,-7.217555999755859,-4.366966247558594,290.54425048828125,0.0127805359661579,87.19783782958984,4.163590710959397e-05,2.288697396579664e-05,12.459844589233398,-4.077114105224609,-2.475062608718872,4.163590710959397e-05,5.45448056072928e-05,41.448486328125,1.8484165668487549
IBT_2012242N24317_2012082918,2012242N24317,KIRK,2012-08-29 18:00:00,2012-08-29,2012,8,18,,TS,25.100000381469727,312.8999938964844,45.0,999.0,IBTRACS_ERA5,OBS,1,25.100000381469727,312.8999938964844,2012242N24317,KIRK,0.0,val,-0.7325429713021477,0.6807207909237243,-0.8660254037844385,-0.5000000000000004,0.3916358947753906,5.499538421630859,220.0255279541016,3.182414729963057e-05,23.185094833374023,-1.5861358642578125,1.34747314453125,241.73655700683597,8.077647362370044e-05,8.726274490356445,-5.537277221679688,-9.234771728515623,267.4150390625,0.0015200662892311,30.524248123168945,-6.436237335205078,-5.620586395263672,282.9384155273437,0.006404083687812,59.17942810058594,-7.217555999755859,-4.366966247558594,290.54425048828125,0.0127805359661579,87.19783782958984,4.163590710959397e-05,2.288697396579664e-05,12.459844589233398,-4.077114105224609,-2.475062608718872,4.163590710959397e-05,5.45448056072928e-05,41.448486328125,1.8484165668487549
NEG_20120829_01278,,,2012-08-29 00:00:00,2012-08-29,2012,8,0,,BG,20.0,,,,IBTRACS_ERA5,OBS,0,20.0,355.0,,,2943.346469996437,val,-0.0871557427476583,0.9961946980917455,-0.8660254037844385,-0.5000000000000004,-0.2509422302246094,1.8098411560058596,220.1897125244141,3.165092130075209e-05,22.614137649536133,-1.5429229736328125,0.60235595703125,242.71653747558597,0.0001057992485584,10.41067600250244,-8.413497924804688,-3.560455322265625,266.173828125,0.0013104814570397,28.945070266723636,-7.391071319580078,-1.371807098388672,286.7655639648437,0.005354028660804,38.3494873046875,-5.152126312255859,1.8354263305664065,302.65753173828125,0.0053827655501663,17.49755859375,2.704423968680203e-05,-4.446963430382311e-06,4.901250839233398,-4.550112247467041,-0.1369277983903885,3.4099175536539406e-05,1.3815949387208091e-05,37.48747634887695,1.658375263214111
NEG_20120829_02081,,,2012-08-29 00:00:00,2012-08-29,2012,8,0,,BG,32.5,,,,IBTRACS_ERA5,OBS,0,32.5,297.5,,,1708.7109704162667,val,-0.8870108331782216,0.4617486132350341,-0.8660254037844385,-0.5000000000000004,6.470005035400391,-3.9725074768066406,218.0712432861328,5.519498517969623e-05,50.83509826660156,7.931808471679687,-0.41693115234375,240.92857360839844,0.0002954984956886,34.499393463134766,11.338821411132812,0.808929443359375,266.56024169921875,0.0021432626526802,45.95124435424805,9.300090789794922,0.5229682922363281,282.32647705078125,0.0068439957685768,65.91822052001953,9.00998306274414,0.7354507446289062,290.97076416015625,0.0110900588333606,73.6368179321289,-1.0730247595347464e-05,-1.53779565152945e-05,5.34942626953125,8.810141563415527,-0.4644180238246918,8.439314115094021e-06,-3.079871703448589e-06,55.21208190917969,2.4594125747680664
IBT_2012234N16315_2012083000,2012234N16315,ISAAC,2012-08-30 00:00:00,2012-08-30,2012,8,0,,TS,30.100000381469727,268.8999938964844,55.0,977.0,IBTRACS_ERA5,OBS,1,30.100000381469727,268.8999938964844,2012234N16315,ISAAC,0.0,val,-0.9998157100766032,-0.0191975489065015,-0.8660254037844385,-0.5000000000000004,2.1641921997070312,7.702106475830078,225.4468994140625,0.0001481672225054,57.729286193847656,7.3581390380859375,12.071956634521484,247.8323974609375,0.0010977033525705,67.24821472167969,10.52286148071289,20.345134735107425,269.86920166015625,0.0048132659867405,80.2905044555664,8.907352447509766,26.116714477539062,283.9234619140625,0.0097730541601777,84.52202606201172,9.467247009277344,27.112308502197266,291.5048522949219,0.0136594930663704,87.67487335205078,0.0001266106410184,9.1863919806201e-05,20.738624572753903,7.683958530426025,18.66964340209961,0.0001380830944981,0.0001131526805693,71.8957290649414,8.403427124023438
IBT_2012234N16315_2012083006,2012234N16315,ISAAC,2012-08-30 06:00:00,2012-08-30,2012,8,6,,TS,30.600000381469727,268.5,55.0,982.0,IBTRACS_ERA5,OBS,1,30.600000381469727,268.5,2012234N16315,ISAAC,0.0,val,-0.9996573249755571,-0.0261769483078734,-0.8660254037844385,-0.5000000000000004,3.9014968872070312,-6.125774383544922,225.6015625,5.432715261122212e-05,20.803058624267575,9.285873413085938,-7.682682037353516,248.5225830078125,0.0003568512038327,20.54227066040039,8.57559585571289,-7.861408233642578,270.21612548828125,0.0056228907778859,91.39547729492188,12.408084869384766,-8.419418334960938,283.9791259765625,0.0105927372351288,91.2699966430664,8.120567321777344,-13.393306732177734,290.6532897949219,0.0137896100059151,93.43072509765624,0.0001380830944981,0.0001131526805693,8.403427124023438,8.45832347869873,-8.696517944335938,0.0001380830944981,0.0001131526805693,67.38310241699219,8.39522647857666
IBT_2012234N16315_2012083012,2012234N16315,ISAAC,2012-08-30 12:00:00,2012-08-30,2012,8,12,,TS,31.299999237060547,268.1000061035156,45.0,987.0,IBTRACS_ERA5,OBS,1,31.299999237060547,268.1000061035156,2012234N16315,ISAAC,0.0,val,-0.9994502194736548,-0.0331550719206488,-0.8660254037844385,-0.5000000000000004,2.4814529418945312,-2.516399383544922,225.22808837890625,5.360817158361897e-05,21.406917572021484,-4.3338775634765625,-0.7101478576660156,247.89776611328125,0.0007569380686618,46.098670959472656,-15.22347640991211,-7.007160186767578,269.83233642578125,0.0047260941937565,79.05421447753906,-18.154170989990234,-4.9501800537109375,283.2474365234375,0.0094617241993546,85.63169860839844,-21.757118225097656,-4.645626068115234,290.9805603027344,0.0134772816672921,89.4320068359375,0.0001106252602767,0.0001122183166444,24.331911087036133,-11.397438049316406,-3.965902805328369,0.0001380830944981,0.0001131526805693,60.48669052124024,5.856477737426758
IBT_2012234N16315_2012083018,2012234N16315,ISAAC,2012-08-30 18:00:00,2012-08-30,2012,8,18,,TS,32.099998474121094,267.6000061035156,35.0,993.0,IBTRACS_ERA5,OBS,1,32.099998474121094,267.6000061035156,2012234N16315,ISAAC,0.0,val,-0.9991228345597172,-0.0418755472961977,-0.8660254037844385,-0.5000000000000004,2.4814529418945312,-2.516399383544922,225.22808837890625,5.360817158361897e-05,21.406917572021484,-4.3338775634765625,-0.7101478576660156,247.89776611328125,0.0007569380686618,46.098670959472656,-15.22347640991211,-7.007160186767578,269.83233642578125,0.0047260941937565,79.05421447753906,-18.154170989990234,-4.9501800537109375,283.2474365234375,0.0094617241993546,85.63169860839844,-21.757118225097656,-4.645626068115234,290.9805603027344,0.0134772816672921,89.4320068359375,0.0001106252602767,0.0001122183166444,24.331911087036133,-11.397438049316406,-3.965902805328369,0.0001380830944981,0.0001131526805693,60.48669052124024,5.856477737426758
IBT_2012242N13333_2012083000,2012242N13333,LESLIE,2012-08-30 00:00:00,2012-08-30,2012,8,0,,TS,13.5,320.79998779296875,30.0,1007.0,IBTRACS_ERA5,OBS,1,13.5,320.79998779296875,2012242N13333,LESLIE,0.0,val,-0.6320294677689976,0.774944354048494,-0.8660254037844385,-0.5000000000000004,-9.776969909667969,-6.642620086669922,219.4970703125,6.914822006365284e-05,53.64847946166992,-14.468032836914062,2.7321128845214844,242.6400146484375,0.0003743377164937,37.10332489013672,-4.330654144287109,9.566570281982422,268.56793212890625,0.0039162309840321,72.04552459716797,-0.7750205993652344,7.061050415039063,282.5509033203125,0.0081570530310273,77.3792724609375,2.141807556152344,6.109134674072266,290.4677429199219,0.0125774899497628,86.23236083984375,4.816978253074922e-05,3.28627138515003e-05,17.454641342163086,-5.441773891448975,3.765249729156494,5.171405791770667e-05,5.3922140068607405e-05,72.29500579833984,2.678640604019165
IBT_2012242N13333_2012083006,2012242N13333,LESLIE,2012-08-30 06:00:00,2012-08-30,2012,8,6,,TS,13.600000381469728,319.1000061035156,30.0,1006.0,IBTRACS_ERA5,OBS,1,13.600000381469728,319.1000061035156,2012242N13333,LESLIE,0.0,val,-0.6547407331989542,0.7558535389148455,-0.8660254037844385,-0.5000000000000004,-9.776969909667969,-6.642620086669922,219.4970703125,6.914822006365284e-05,53.64847946166992,-14.468032836914062,2.7321128845214844,242.6400146484375,0.0003743377164937,37.10332489013672,-4.330654144287109,9.566570281982422,268.56793212890625,0.0039162309840321,72.04552459716797,-0.7750205993652344,7.061050415039063,282.5509033203125,0.0081570530310273,77.3792724609375,2.141807556152344,6.109134674072266,290.4677429199219,0.0125774899497628,86.23236083984375,4.816978253074922e-05,3.28627138515003e-05,17.454641342163086,-5.441773891448975,3.765249729156494,5.171405791770667e-05,5.3922140068607405e-05,72.29500579833984,2.678640604019165
IBT_2012242N13333_2012083012,2012242N13333,LESLIE,2012-08-30 12:00:00,2012-08-30,2012,8,12,,TS,13.800000190734863,317.3999938964844,35.0,1005.0,IBTRACS_ERA5,OBS,1,13.800000190734863,317.3999938964844,2012242N13333,LESLIE,0.0,val,-0.6768760480964618,0.7360970150145402,-0.8660254037844385,-0.5000000000000004,-8.584098815917969,1.605670928955078,220.1571044921875,8.585195610066876e-05,61.57756805419922,-13.031021118164062,5.124202728271484,242.7918701171875,0.0005725045339204,55.93370056152344,-13.06917953491211,0.924968719482422,268.50885009765625,0.004138839431107,76.48181915283203,-12.940059661865234,0.5520172119140625,282.6339111328125,0.0084835672751069,80.02576446533203,-10.361366271972656,-0.3984336853027344,290.4284362792969,0.0129148522391915,88.76773071289062,4.60479968751315e-05,4.5270353439264e-05,2.678640604019165,-11.597145080566406,1.5616852045059204,5.171405791770667e-05,5.3922140068607405e-05,68.0927505493164,2.678640604019165
IBT_2012242N13333_2012083018,2012242N13333,LESLIE,2012-08-30 18:00:00,2012-08-30,2012,8,18,,TS,14.199999809265137,315.79998779296875,40.0,1004.0,IBTRACS_ERA5,OBS,1,14.199999809265137,315.79998779296875,2012242N13333,LESLIE,0.0,val,-0.6971652555944238,0.7169104591174282,-0.8660254037844385,-0.5000000000000004,-12.389030456542969,3.671833038330078,220.1170654296875,8.48316922201775e-05,61.135379791259766,-9.699478149414062,2.7448081970214844,242.6995849609375,0.000589812232647,58.131080627441406,-13.22225570678711,-4.834552764892578,268.23345947265625,0.0032932283356785,62.13851165771485,-11.786983489990234,-6.4785003662109375,282.3116455078125,0.0084397578611969,81.36965942382812,-9.141151428222656,-7.146480560302734,290.7372741699219,0.0123176733031868,83.01235961914062,3.7381898437161e-05,3.1390736694447696e-05,11.295336723327637,-11.247779846191406,-2.408578395843506,5.171405791770667e-05,5.3922140068607405e-05,63.647891998291016,2.678640604019165
IBT_2012242N24317_2012083000,2012242N24317,KIRK,2012-08-30 00:00:00,2012-08-30,2012,8,0,,TS,25.600000381469727,312.1000061035156,50.0,995.0,IBTRACS_ERA5,OBS,1,25.600000381469727,312.1000061035156,2012242N24317,KIRK,0.0,val,-0.7419757695574485,0.6704266979988431,-0.8660254037844385,-0.5000000000000004,-0.1890792846679687,5.019977569580078,219.804443359375,3.5031545849051327e-05,26.201391220092773,0.9243011474609376,5.102474212646484,243.01025390625,0.00011507239833,11.012520790100098,0.3732032775878906,6.568035125732422,265.98516845703125,0.0022779228165745,51.05127334594727,-2.4217491149902344,12.766128540039062,282.8897705078125,0.0056163156405091,52.07049560546875,-3.885536193847656,9.729984283447266,292.2848815917969,0.0107838073745369,65.88897705078125,2.408410182397347e-05,2.9297130822669715e-05,5.987316131591797,-1.0397720336914062,7.837319850921631,3.752634074771777e-05,3.881763041135855e-05,46.5461311340332,5.987316131591797
IBT_2012242N24317_2012083006,2012242N24317,KIRK,2012-08-30 06:00:00,2012-08-30,2012,8,6,,TS,26.100000381469727,311.3999938964844,55.0,992.0,IBTRACS_ERA5,OBS,1,26.100000381469727,311.3999938964844,2012242N24317,KIRK,0.0,val,-0.7501111400776563,0.6613117854169837,-0.8660254037844385,-0.5000000000000004,-0.1890792846679687,5.019977569580078,219.804443359375,3.5031545849051327e-05,26.201391220092773,0.9243011474609376,5.102474212646484,243.01025390625,0.00011507239833,11.012520790100098,0.3732032775878906,6.568035125732422,265.98516845703125,0.0022779228165745,51.05127334594727,-2.4217491149902344,12.766128540039062,282.8897705078125,0.0056163156405091,52.07049560546875,-3.885536193847656,9.729984283447266,292.2848815917969,0.0107838073745369,65.88897705078125,2.408410182397347e-05,2.9297130822669715e-05,5.987316131591797,-1.0397720336914062,7.837319850921631,3.752634074771777e-05,3.881763041135855e-05,46.5461311340332,5.987316131591797
IBT_2012242N24317_2012083012,2012242N24317,KIRK,2012-08-30 12:00:00,2012-08-30,2012,8,12,,TS,26.799999237060547,310.70001220703125,65.0,989.0,IBTRACS_ERA5,OBS,1,26.799999237060547,310.70001220703125,2012242N24317,KIRK,0.0,val,-0.7581341972661872,0.6520985653530867,-0.8660254037844385,-0.5000000000000004,-2.7986984252929688,8.850788116455078,219.859375,5.65581358387135e-05,42.02637481689453,-7.168960571289063,2.9867515563964844,242.14892578125,0.0005763974622823,59.86300277709961,-3.4497947692871094,-6.222736358642578,267.36798095703125,0.0029225470498204,58.898529052734375,-4.873897552490234,-0.7355804443359375,282.3863525390625,0.006797173526138,65.2020034790039,-6.653358459472656,1.7385292053222656,290.6247253417969,0.0131730595603585,89.41594696044922,3.752634074771777e-05,3.091520557063632e-05,8.089661598205566,-4.9889421463012695,1.3235504627227783,3.752634074771777e-05,3.881763041135855e-05,44.505615234375,2.622138261795044
IBT_2012242N24317_2012083018,2012242N24317,KIRK,2012-08-30 18:00:00,2012-08-30,2012,8,18,,TS,27.600000381469727,309.8999938964844,75.0,985.0,IBTRACS_ERA5,OBS,1,27.600000381469727,309.8999938964844,2012242N24317,KIRK,0.0,val,-0.7671652201466432,0.6414495498457788,-0.8660254037844385,-0.5000000000000004,-2.7986984252929688,8.850788116455078,219.859375,5.65581358387135e-05,42.02637481689453,-7.168960571289063,2.9867515563964844,242.14892578125,0.0005763974622823,59.86300277709961,-3.4497947692871094,-6.222736358642578,267.36798095703125,0.0029225470498204,58.898529052734375,-4.873897552490234,-0.7355804443359375,282.3863525390625,0.006797173526138,65.2020034790039,-6.653358459472656,1.7385292053222656,290.6247253417969,0.0131730595603585,89.41594696044922,3.752634074771777e-05,3.091520557063632e-05,8.089661598205566,-4.9889421463012695,1.3235504627227783,3.752634074771777e-05,3.881763041135855e-05,44.505615234375,2.622138261795044
NEG_20120830_01118,,,2012-08-30 00:00:00,2012-08-30,2012,8,0,,BG,10.0,,,,IBTRACS_ERA5,OBS,0,10.0,345.0,,,2661.845245846251,val,-0.2588190451025207,0.9659258262890684,-0.8660254037844385,-0.5000000000000004,-14.474967956542969,2.951618194580078,219.0037841796875,6.87300562276505e-05,56.56744003295898,-9.417251586914062,-0.4241371154785156,241.5904541015625,0.0004068781272508,44.57437896728516,-8.12459945678711,0.3119316101074219,267.07208251953125,0.0029416801407933,60.64070510864258,-9.041378021240234,-1.8315277099609373,282.6685791015625,0.0063046007417142,59.33219909667969,0.8568954467773438,-2.9853477478027344,290.5072937011719,0.0134540954604744,92.0099639892578,9.11218194232788e-07,3.677005906865816e-06,16.44121742248535,-8.040260314941406,-0.3954925537109375,2.2476897356682457e-05,2.505840166122653e-05,65.24313354492188,14.57266902923584
NEG_20120830_01399,,,2012-08-30 00:00:00,2012-08-30,2012,8,0,,BG,0.0,,,,IBTRACS_ERA5,OBS,0,0.0,350.0,,,3549.1505437496085,val,-0.1736481776669304,0.984807753012208,-0.8660254037844385,-0.5000000000000004,-11.634147644042969,-1.179241180419922,219.9163818359375,2.580819455033634e-05,19.04762840270996,-16.513442993164062,-2.851383209228516,240.0928955078125,0.0003027935163117,38.33024215698242,-9.46737289428711,-0.7017402648925781,267.50738525390625,0.000549269025214,10.95234203338623,-2.7987022399902344,1.7788238525390625,281.1583251953125,0.0042008548043668,43.81166076660156,-1.0679092407226562,-1.7514610290527344,290.4101257324219,0.011242882348597,77.36614990234375,-5.8596424423740245e-06,-7.45189481676789e-07,10.581721305847168,-8.29631519317627,-0.9410003423690796,1.6157078789547086e-05,9.730798410600984e-06,50.26372146606445,2.1531167030334477
NEG_20120830_02491,,,2012-08-30 00:00:00,2012-08-30,2012,8,0,,BG,40.0,,,,IBTRACS_ERA5,OBS,0,40.0,25.0,,,6811.513249769141,val,0.4226182617406994,0.90630778703665,-0.8660254037844385,-0.5000000000000004,20.60315704345703,-3.779827117919922,221.9793701171875,1.2185738341941033e-05,7.05637264251709,15.409896850585938,-3.706363677978516,234.7442626953125,0.0001310278166783,28.27552032470703,7.772373199462891,-5.020587921142578,264.42681884765625,0.0007189932512119,18.188936233520508,-0.8406944274902344,-6.1835784912109375,279.9327392578125,0.0013319639256224,15.11225700378418,-6.804237365722656,-9.477046966552734,288.7465515136719,0.0027719889767467,21.22565269470215,-2.367283377679996e-05,7.942494448798243e-07,27.993276596069336,7.22809886932373,-5.633481025695801,4.421466655912809e-05,7.932075277494732e-06,27.58980178833008,11.478781700134276
NEG_20120830_02818,,,2012-08-30 00:00:00,2012-08-30,2012,8,0,,BG,5.0,,,,IBTRACS_ERA5,OBS,0,5.0,302.5,,,1779.7671912246108,val,-0.8433914458128857,0.5372996083468239,-0.8660254037844385,-0.5000000000000004,-1.8770675659179688,-0.4348564147949219,219.6317138671875,2.7475261958898045e-05,20.97694396972656,-7.6069488525390625,1.9884605407714844,241.3282470703125,5.858210352016613e-05,6.581323146820068,-11.52425765991211,-1.610919952392578,268.92755126953125,0.0007706257747486,13.797112464904783,-10.548946380615234,-0.4238128662109375,281.1859130859375,0.0036236133892089,37.7202262878418,-5.466835021972656,1.5344276428222656,291.2875671386719,0.0093302885070443,60.71805191040039,-1.6923331713769585e-06,-7.195631042122841e-07,4.094448566436768,-7.404810905456543,0.2106597870588302,1.7549164113006557e-06,6.958984158700332e-06,53.35261154174805,2.179728984832764
NEG_20120830_03057,,,2012-08-30 00:00:00,2012-08-30,2012,8,0,,BG,22.5,,,,IBTRACS_ERA5,OBS,0,22.5,15.0,,,5788.825083091795,val,0.2588190451025207,0.9659258262890684,-0.8660254037844385,-0.5000000000000004,0.6251296997070312,-0.5825614929199219,222.3912353515625,1.4094950529397464e-05,7.78089714050293,2.015121459960937,-0.8201332092285156,242.591552734375,7.071537402225658e-05,7.041429996490479,-5.487880706787109,-2.831623077392578,268.29608154296875,0.0002620938466861,4.921913146972656,-1.8587608337402344,0.4895172119140625,283.4971923828125,0.0048162727616727,42.8624153137207,-7.388954162597656,-4.669918060302734,296.6650085449219,0.0070283561944961,32.722599029541016,1.0461016245244537e-05,1.7817395928432234e-05,8.996222496032715,-2.4190688133239746,-1.6829437017440796,3.682348324218765e-05,1.7817395928432234e-05,30.88761711120605,0.8915906548500061
IBT_2012234N16315_2012083100,2012234N16315,ISAAC,2012-08-31 00:00:00,2012-08-31,2012,8,0,,TS,33.099998474121094,267.1000061035156,30.0,998.0,IBTRACS_ERA5,OBS,1,33.099998474121094,267.1000061035156,2012234N16315,ISAAC,0.0,val,-0.9987193625736666,-0.0505928336866913,-0.8660254037844385,-0.5000000000000004,6.120403289794922,-1.97357177734375,224.99050903320312,1.9672117559821345e-05,8.068560600280762,6.3777618408203125,3.093177795410156,245.6289978027344,0.0003821186255663,28.63165664672852,8.642322540283203,10.846721649169922,268.990234375,0.0041033057495951,73.11832427978516,9.213142395019531,11.473274230957031,282.535400390625,0.0088178813457489,83.73584747314453,9.718025207519531,12.364738464355469,291.2365417480469,0.0128568354994058,83.93883514404297,6.272547761909664e-05,5.479340688907541e-05,14.782760620117188,8.014330863952637,7.160868167877197,9.841017163125798e-05,7.567956345155835e-05,72.40338897705078,1.28741192817688
IBT_2012234N16315_2012083106,2012234N16315,ISAAC,2012-08-31 06:00:00,2012-08-31,2012,8,6,,TS,34.29999923706055,266.5,25.0,1000.0,IBTRACS_ERA5,OBS,1,34.29999923706055,266.5,2012234N16315,ISAAC,0.0,val,-0.998134798421867,-0.0610485395348568,-0.8660254037844385,-0.5000000000000004,-0.0854072570800781,2.52142333984375,224.66824340820312,5.6603483244543895e-05,24.07676315307617,-2.4779510498046875,7.617958068847656,246.02243041992188,0.0009878284763544,71.38140869140625,-1.9364128112792969,9.799968719482422,269.56768798828125,0.0054886518046259,93.64857482910156,-3.9212570190429688,14.024665832519531,282.72998046875,0.0098952054977417,92.73724365234376,-3.6058273315429688,14.328849792480469,289.9363708496094,0.0139077547937631,98.64767456054688,9.841017163125798e-05,7.567956345155835e-05,12.321066856384276,-2.405371189117432,9.658573150634766,9.841017163125798e-05,7.567956345155835e-05,66.64852905273438,2.189570903778076
IBT_2012234N16315_2012083112,2012234N16315,ISAAC,2012-08-31 12:00:00,2012-08-31,2012,8,12,,TS,35.599998474121094,266.0,20.0,1001.0,IBTRACS_ERA5,OBS,1,35.599998474121094,266.0,2012234N16315,ISAAC,0.0,val,-0.9975640502598242,-0.0697564737441255,-0.8660254037844385,-0.5000000000000004,3.517131805419922,-0.04010009765625,226.31301879882807,1.4248327715904452e-05,5.039299011230469,-1.1256561279296875,3.018104553222656,245.38815307617188,0.0008492961060255,65.06895446777344,-2.533336639404297,-3.386310577392578,269.53326416015625,0.0050901798531413,87.0743637084961,-3.8428878784179688,-6.771232604980469,282.7880859375,0.0094432532787323,88.1546630859375,-3.2357101440429688,-5.357551574707031,290.4688415527344,0.0136592630296945,93.64251708984376,8.074061770457774e-05,5.8509955124463886e-05,8.595124244689941,-1.444091796875,-2.507418155670166,9.841017163125798e-05,7.567956345155835e-05,61.587039947509766,2.189570903778076
IBT_2012234N16315_2012083118,2012234N16315,ISAAC,2012-08-31 18:00:00,2012-08-31,2012,8,18,,TS,36.79999923706055,265.8999938964844,20.0,1003.0,IBTRACS_ERA5,OBS,1,36.79999923706055,265.8999938964844,2012234N16315,ISAAC,0.0,val,-0.99744077531457,-0.071497550586505,-0.8660254037844385,-0.5000000000000004,5.705364227294922,4.24945068359375,225.33816528320312,1.0974263204843735e-05,4.328357219696045,-3.0904998779296875,4.767860412597656,244.93185424804688,0.0007196634542196,57.51972198486328,-7.722789764404297,-2.546955108642578,268.61407470703125,0.003150868229568,57.76352310180664,-12.924674987792969,-3.9631271362304688,282.68701171875,0.007340133190155,68.99144744873047,-10.095085144042969,-2.8732986450195312,292.3387145996094,0.0115538481622934,70.3549575805664,4.475385503610596e-05,4.543378236121498e-05,17.331697463989258,-5.625536918640137,-0.0732139572501182,9.841017163125798e-05,7.567956345155835e-05,53.13850021362305,2.189570903778076
IBT_2012242N13333_2012083100,2012242N13333,LESLIE,2012-08-31 00:00:00,2012-08-31,2012,8,0,,TS,14.699999809265137,314.20001220703125,45.0,1002.0,IBTRACS_ERA5,OBS,1,14.699999809265137,314.20001220703125,2012242N13333,LESLIE,0.0,val,-0.7169104591174286,0.6971652555944234,-0.8660254037844385,-0.5000000000000004,-1.426227569580078,-5.86041259765625,220.18777465820312,8.281601913040504e-05,59.184452056884766,-10.775070190429688,1.840370178222656,242.31124877929688,0.0002287372481077,23.391462326049805,-8.323375701904297,9.906169891357422,268.50689697265625,0.0030067590996623,55.57025909423828,-3.5855636596679688,14.767341613769531,283.42724609375,0.0067605674266815,60.449317932128906,-2.2674484252929688,13.856071472167969,291.6031188964844,0.0126320365816354,80.57708740234375,3.80038982257247e-05,1.8831393390428275e-05,19.734420776367188,-5.275537014007568,6.901907920837402,6.638311606366187e-05,5.879342643311247e-05,63.28477478027344,6.221985340118408
IBT_2012242N13333_2012083106,2012242N13333,LESLIE,2012-08-31 06:00:00,2012-08-31,2012,8,6,,TS,15.300000190734863,312.6000061035156,50.0,1001.0,IBTRACS_ERA5,OBS,1,15.300000190734863,312.6000061035156,2012242N13333,LESLIE,0.0,val,-0.7360970150145405,0.6768760480964615,-0.8660254037844385,-0.5000000000000004,-3.715290069580078,-2.29986572265625,220.86233520507807,8.893806807463989e-05,58.692230224609375,-13.906417846679688,5.561805725097656,243.08126831054688,0.0004088885616511,38.86912155151367,-11.074108123779297,4.312419891357422,268.72882080078125,0.0043324856087565,78.73992156982422,-3.2916183471679688,6.124519348144531,282.9638671875,0.008389800786972,77.39613342285156,-1.8673019409179688,3.6413497924804688,290.9851989746094,0.0130945090204477,86.86638641357422,6.638311606366187e-05,5.879342643311247e-05,6.221985340118408,-6.770947456359863,3.468045711517334,6.638311606366187e-05,5.879342643311247e-05,62.99860382080078,6.221985340118408
IBT_2012242N13333_2012083112,2012242N13333,LESLIE,2012-08-31 12:00:00,2012-08-31,2012,8,12,,TS,16.0,311.0,55.0,999.0,IBTRACS_ERA5,OBS,1,16.0,311.0,2012242N13333,LESLIE,0.0,val,-0.7547095802227722,0.656059028990507,-0.8660254037844385,-0.5000000000000004,-10.960895538330078,0.16400146484375,220.74295043945312,9.105449862545356e-05,60.93968963623047,-13.775070190429688,-1.1166610717773438,243.76168823242188,0.0007408380042761,66.05140686035156,-7.212535858154297,-6.424396514892578,268.17559814453125,0.0047550527378916,90.11566162109376,-1.0933761596679688,-4.344474792480469,282.10986328125,0.0082552134990692,80.68800354003906,1.1358718872070312,-2.7325515747070312,290.7159118652344,0.0129777435213327,87.579833984375,5.082863935967907e-05,4.559041917673312e-05,12.438721656799316,-6.381201267242432,-2.8908164501190186,6.638311606366187e-05,5.879342643311247e-05,59.4027214050293,6.221985340118408
IBT_2012242N13333_2012083118,2012242N13333,LESLIE,2012-08-31 18:00:00,2012-08-31,2012,8,18,,TS,16.5,309.3999938964844,55.0,999.0,IBTRACS_ERA5,OBS,1,16.5,309.3999938964844,2012242N13333,LESLIE,0.0,val,-0.7727336411129311,0.6347304308857042,-0.8660254037844385,-0.5000000000000004,-8.261188507080078,1.74774169921875,220.3002014160156,8.64779794937931e-05,60.98390579223633,-9.087570190429688,-0.5287704467773438,242.60910034179688,0.000471644802019,46.88550567626953,-14.169322967529297,-0.6768379211425781,268.7260131835937,0.0033925352618098,61.670066833496094,-14.210807800292969,-2.3785324096679688,283.369140625,0.0077762305736541,69.80316162109375,-13.726188659667969,-3.6482009887695312,291.6741638183594,0.0121944192796945,77.43667602539062,5.079617403680459e-05,2.3169237465481277e-05,7.680001735687256,-11.891016006469728,-1.0969200134277344,6.638311606366187e-05,5.879342643311247e-05,57.667701721191406,6.221985340118408
IBT_2012242N24317_2012083100,2012242N24317,KIRK,2012-08-31 00:00:00,2012-08-31,2012,8,0,,TS,28.5,309.5,80.0,981.0,IBTRACS_ERA5,OBS,1,28.5,309.5,2012242N24317,KIRK,0.0,val,-0.7716245833877202,0.6360782202777636,-0.8660254037844385,-0.5000000000000004,-2.588581085205078,2.52264404296875,220.07449340820312,4.65321572846733e-05,33.7039909362793,5.7461700439453125,1.0547256469726562,242.0909118652344,0.0002853504847735,29.800106048583984,5.747669219970703,5.656414031982422,265.4887084960937,0.0028321174904704,65.95795440673828,1.2130203247070312,13.033454895019531,282.732177734375,0.0052458345890045,49.15633773803711,1.0037918090820312,8.566276550292969,292.5689392089844,0.0101272109895944,60.78080749511719,1.7196483895531856e-05,1.7420372387277894e-05,7.0306925773620605,2.224414110183716,6.166703224182129,3.860057040583342e-05,4.811974577023648e-05,48.364479064941406,7.0306925773620605
IBT_2012242N24317_2012083106,2012242N24317,KIRK,2012-08-31 06:00:00,2012-08-31,2012,8,6,,TS,29.600000381469727,309.29998779296875,90.0,970.0,IBTRACS_ERA5,OBS,1,29.600000381469727,309.29998779296875,2012242N24317,KIRK,0.0,val,-0.7738403446701124,0.6333807077586446,-0.8660254037844385,-0.5000000000000004,2.682170867919922,7.72259521484375,220.02639770507807,8.234383858507499e-05,59.98442459106445,-2.5353240966796875,4.565956115722656,242.33029174804688,0.0006421103607863,65.54551696777344,-0.0719108581542968,4.407146453857422,267.02081298828125,0.003969463519752,82.14962005615234,1.4242019653320312,19.84131622314453,281.55859375,0.0066460072994232,67.44315338134766,-2.2298507690429688,15.147087097167969,290.9063415527344,0.0130965951830148,87.31700897216797,3.860057040583342e-05,4.811974577023648e-05,8.902304649353027,-0.1461425721645355,10.336820602416992,3.860057040583342e-05,4.811974577023648e-05,51.646575927734375,5.93430233001709
IBT_2012242N24317_2012083112,2012242N24317,KIRK,2012-08-31 12:00:00,2012-08-31,2012,8,12,,TS,30.600000381469727,309.1000061035156,90.0,972.0,IBTRACS_ERA5,OBS,1,30.600000381469727,309.1000061035156,2012242N24317,KIRK,0.0,val,-0.7760463398828907,0.6306758901007465,-0.8660254037844385,-0.5000000000000004,2.682170867919922,7.72259521484375,220.02639770507807,8.234383858507499e-05,59.98442459106445,-2.5353240966796875,4.565956115722656,242.33029174804688,0.0006421103607863,65.54551696777344,-0.0719108581542968,4.407146453857422,267.02081298828125,0.003969463519752,82.14962005615234,1.4242019653320312,19.84131622314453,281.55859375,0.0066460072994232,67.44315338134766,-2.2298507690429688,15.147087097167969,290.9063415527344,0.0130965951830148,87.31700897216797,3.860057040583342e-05,4.811974577023648e-05,8.902304649353027,-0.1461425721645355,10.336820602416992,3.860057040583342e-05,4.811974577023648e-05,51.646575927734375,5.93430233001709
IBT_2012242N24317_2012083118,2012242N24317,KIRK,2012-08-31 18:00:00,2012-08-31,2012,8,18,,TS,31.700000762939453,309.3999938964844,80.0,980.0,IBTRACS_ERA5,OBS,1,31.700000762939453,309.3999938964844,2012242N24317,KIRK,0.0,val,-0.7727336411129311,0.6347304308857042,-0.8660254037844385,-0.5000000000000004,7.872112274169922,6.97113037109375,220.07302856445312,6.579423643415794e-05,47.66409683227539,-2.1420135498046875,0.1702041625976562,241.52804565429688,0.0001895881723612,20.894432067871094,-1.9759635925292969,4.964031219482422,267.28887939453125,0.0023905215784907,48.46854019165039,-0.6563644409179688,14.566780090332031,282.036376953125,0.0065535008907318,64.37577819824219,-2.4383468627929688,11.596183776855469,291.2574157714844,0.0116436723619699,75.91777801513672,8.967863323050551e-06,4.781175448442809e-06,11.30029582977295,0.1318847686052322,7.653666019439697,3.860057040583342e-05,4.811974577023648e-05,56.57225036621094,1.2809481620788574
IBT_2012234N16315_2012090100,2012234N16315,ISAAC,2012-09-01 00:00:00,2012-09-01,2012,9,0,,TS,37.79999923706055,266.1000061035156,20.0,1004.0,IBTRACS_ERA5,OBS,1,37.79999923706055,266.1000061035156,2012234N16315,ISAAC,0.0,val,-0.9976842860810268,-0.06801518438549,-1.0,-1.8369701987210294e-16,9.351634979248049,2.574352264404297,224.5732421875,1.5351952242781408e-05,6.600688457489014,4.577861785888672,-2.035747528076172,244.55319213867188,0.0004988728323951,41.3031005859375,7.029468536376953,-9.299449920654297,269.8788757324219,0.0041294633410871,68.83409118652344,5.937019348144531,-9.750152587890623,282.2677001953125,0.0096508292481303,93.32366943359376,5.494327545166016,-10.151676177978516,289.28985595703125,0.0132817085832357,98.19969177246094,8.048768359003589e-05,7.548755093012005e-05,13.297767639160156,6.478062629699707,-5.732534885406494,0.000106328210677,8.514634100720286e-05,60.64817810058594,3.582134246826172
IBT_2012234N16315_2012090106,2012234N16315,ISAAC,2012-09-01 06:00:00,2012-09-01,2012,9,6,,TS,38.400001525878906,266.70001220703125,20.0,1005.0,IBTRACS_ERA5,OBS,1,38.400001525878906,266.70001220703125,2012234N16315,ISAAC,0.0,val,-0.9983418288781878,-0.0575638142599595,-1.0,-1.8369701987210294e-16,9.056468963623049,3.662853240966797,224.92205810546875,1.4509338143398054e-05,5.997171401977539,5.587017059326172,3.328022003173828,244.38137817382807,0.0004859442124143,40.88288879394531,7.721118927001953,6.027698516845703,269.6282653808594,0.004044824745506,68.70085144042969,9.285652160644531,7.606536865234375,282.871826171875,0.0098955361172556,91.85563659667967,10.047672271728516,7.966487884521484,289.31231689453125,0.0133815165609121,98.79473114013672,0.000106328210677,8.514634100720286e-05,4.416305541992188,8.33958625793457,5.718319892883301,0.000106328210677,8.514634100720286e-05,65.99915313720703,3.582134246826172
IBT_2012242N13333_2012090100,2012242N13333,LESLIE,2012-09-01 00:00:00,2012-09-01,2012,9,0,,TS,17.100000381469727,307.79998779296875,60.0,998.0,IBTRACS_ERA5,OBS,1,17.100000381469727,307.79998779296875,2012242N13333,LESLIE,0.0,val,-0.7901551429572901,0.6129068853081554,-1.0,-1.8369701987210294e-16,-0.6926765441894531,-0.9955940246582032,220.87750244140625,9.469458018429576e-05,62.379642486572266,-6.268329620361328,-0.5057182312011719,243.08517456054688,0.0005762899527326,54.762149810791016,-11.522411346435549,11.326526641845703,268.9099426269531,0.0032928078435361,59.03202438354492,-7.349845886230469,14.290313720703123,283.174560546875,0.0074219135567545,67.5013427734375,-5.115535736083984,12.375301361083984,291.0385131835937,0.0130159016698598,86.05279541015625,5.930510087637231e-05,4.384003841551021e-05,14.083413124084473,-6.189759731292725,7.298165798187256,8.406570123042911e-05,7.021066267043352e-05,57.16852569580078,6.8212480545043945
IBT_2012242N13333_2012090106,2012242N13333,LESLIE,2012-09-01 06:00:00,2012-09-01,2012,9,6,,TS,17.600000381469727,306.20001220703125,60.0,996.0,IBTRACS_ERA5,OBS,1,17.600000381469727,306.20001220703125,2012242N13333,LESLIE,0.0,val,-0.806960186313541,0.5906058395451361,-1.0,-1.8369701987210294e-16,-6.760425567626953,-1.7598762512207031,221.12255859375,9.713417966850102e-05,62.17023086547852,-6.749530792236328,-4.789165496826172,243.50753784179688,0.0006800486007705,62.09796142578125,-3.805248260498047,-1.0064811706542969,269.5350036621094,0.0046527623198926,79.58135223388672,-0.0668869018554687,1.272796630859375,282.9925537109375,0.0095254508778452,87.70259094238281,-1.1069908142089844,2.0569419860839844,290.90679931640625,0.013459688052535,89.73519897460938,8.406570123042911e-05,7.021066267043352e-05,6.8212480545043945,-3.6978163719177246,-0.8451568484306335,8.406570123042911e-05,7.021066267043352e-05,53.736663818359375,6.8212480545043945
IBT_2012242N13333_2012090112,2012242N13333,LESLIE,2012-09-01 12:00:00,2012-09-01,2012,9,12,,TS,18.100000381469727,304.70001220703125,60.0,995.0,IBTRACS_ERA5,OBS,1,18.100000381469727,304.70001220703125,2012242N13333,LESLIE,0.0,val,-0.822143919744073,0.5692796985909926,-1.0,-1.8369701987210294e-16,-6.760425567626953,-1.7598762512207031,221.12255859375,9.713417966850102e-05,62.17023086547852,-6.749530792236328,-4.789165496826172,243.50753784179688,0.0006800486007705,62.09796142578125,-3.805248260498047,-1.0064811706542969,269.5350036621094,0.0046527623198926,79.58135223388672,-0.0668869018554687,1.272796630859375,282.9925537109375,0.0095254508778452,87.70259094238281,-1.1069908142089844,2.0569419860839844,290.90679931640625,0.013459688052535,89.73519897460938,8.406570123042911e-05,7.021066267043352e-05,6.8212480545043945,-3.6978163719177246,-0.8451568484306335,8.406570123042911e-05,7.021066267043352e-05,53.736663818359375,6.8212480545043945
IBT_2012242N13333_2012090118,2012242N13333,LESLIE,2012-09-01 18:00:00,2012-09-01,2012,9,18,,TS,18.799999237060547,303.20001220703125,60.0,994.0,IBTRACS_ERA5,OBS,1,18.799999237060547,303.20001220703125,2012242N13333,LESLIE,0.0,val,-0.8367641967990168,0.547563401767591,-1.0,-1.8369701987210294e-16,-1.5433845520019531,4.509166717529297,220.6075439453125,7.426089723594487e-05,50.50025939941406,-0.0769233703613281,-1.892192840576172,242.6778259277344,0.0002782611409202,27.48170280456543,-9.683910369873049,-0.6737174987792969,268.8924255371094,0.0021447180770337,38.500396728515625,-13.044181823730469,-5.346954345703125,283.3875732421875,0.0068237511441111,61.17732238769531,-13.331600189208984,-6.783756256103516,291.50347900390625,0.012458985671401,79.97625732421875,4.782205360243097e-05,1.7744714568834752e-05,16.324586868286133,-7.5360002517700195,-2.0374908447265625,8.406570123042911e-05,7.021066267043352e-05,48.98193359375,6.8212480545043945
IBT_2012242N24317_2012090100,2012242N24317,KIRK,2012-09-01 00:00:00,2012-09-01,2012,9,0,,TS,33.099998474121094,310.0,70.0,988.0,IBTRACS_ERA5,OBS,1,33.099998474121094,310.0,2012242N24317,KIRK,0.0,val,-0.7660444431189781,0.6427876096865393,-1.0,-1.8369701987210294e-16,0.4697990417480469,7.236705780029297,219.6751708984375,6.645175744779408e-05,50.472782135009766,3.091289520263672,6.070453643798828,242.29464721679688,0.0003725109563674,38.15451431274414,7.964282989501953,-2.098522186279297,265.3132019042969,0.0028868257068097,68.1541976928711,9.528083801269531,6.577362060546875,282.3099365234375,0.005607726983726,54.07166290283203,8.607608795166016,5.614437103271484,290.96905517578125,0.0111571010202169,74.09001159667969,3.058857146243099e-06,-2.2692479433317203e-06,8.297933578491211,5.932212829589844,4.680087089538574,2.5293544240412302e-05,1.1968360013270283e-05,52.72459411621094,2.5826587677001958
IBT_2012242N24317_2012090106,2012242N24317,KIRK,2012-09-01 06:00:00,2012-09-01,2012,9,6,,TS,34.599998474121094,311.1000061035156,65.0,990.0,IBTRACS_ERA5,OBS,1,34.599998474121094,311.1000061035156,2012242N24317,KIRK,0.0,val,-0.7535633222737869,0.65737532606852,-1.0,-1.8369701987210294e-16,7.303539276123047,10.126354217529297,219.1575927734375,5.956835229881108e-05,48.13105773925781,2.534893035888672,5.513324737548828,241.92111206054688,0.0002942277351394,31.22934913635254,8.310474395751953,2.780384063720703,266.6584167480469,0.002003067638725,42.62271118164063,8.235115051269531,4.585296630859375,282.5250244140625,0.0061622587963938,58.55880737304688,6.010440826416016,4.244441986083984,290.72564697265625,0.0112592037767171,75.93522644042969,2.5293544240412302e-05,1.2524272960945382e-06,6.022374629974365,6.4788923263549805,5.449960231781006,2.5293544240412302e-05,1.1968360013270283e-05,50.78596115112305,2.5826587677001958
IBT_2012242N24317_2012090112,2012242N24317,KIRK,2012-09-01 12:00:00,2012-09-01,2012,9,12,,TS,36.5,312.70001220703125,60.0,992.0,IBTRACS_ERA5,OBS,1,36.5,312.70001220703125,2012242N24317,KIRK,0.0,val,-0.7349144506660678,0.6781598264437314,-1.0,-1.8369701987210294e-16,12.613597869873049,7.376842498779297,218.96905517578125,5.5616284953430295e-05,45.96553421020508,7.446392059326172,6.559711456298828,241.52194213867188,0.0003928454825654,43.32068634033203,8.196094512939453,6.528553009033203,266.7434997558594,0.0019901408813893,42.071868896484375,7.317390441894531,9.104827880859377,281.31005859375,0.0064530400559306,66.60558319091797,4.231632232666016,5.885738372802734,290.64910888671875,0.0110406335443258,74.82512664794922,1.5602345229126513e-05,-2.933791620307602e-06,8.513562202453613,7.961021423339844,7.091134548187256,2.5293544240412302e-05,1.0192446097789798e-05,52.38003540039063,6.022374629974365
IBT_2012242N24317_2012090118,2012242N24317,KIRK,2012-09-01 18:00:00,2012-09-01,2012,9,18,,TS,38.400001525878906,314.6000061035156,55.0,996.0,IBTRACS_ERA5,OBS,1,38.400001525878906,314.6000061035156,2012242N24317,KIRK,0.0,val,-0.7120259711931246,0.7021531288447611,-1.0,-1.8369701987210294e-16,10.155834197998049,3.744762420654297,218.8961181640625,6.062726606614888e-05,50.547828674316406,7.593730926513672,6.905170440673828,241.1275329589844,0.0002431912580505,27.853456497192383,7.874195098876953,7.694690704345703,266.1226501464844,0.0018761394312605,41.602874755859375,10.903572082519531,10.249725341796877,280.9700927734375,0.0063804415985941,67.40616607666016,8.260196685791016,9.508602142333984,291.80377197265625,0.0086724814027547,54.62221145629883,9.856025826593395e-06,-8.956236342783086e-06,6.06756067276001,8.95750617980957,7.6205902099609375,2.5293544240412302e-05,1.0192446097789798e-05,54.82357025146485,3.710719347000122
NEG_20120901_00562,,,2012-09-01 00:00:00,2012-09-01,2012,9,0,,BG,35.0,,,,IBTRACS_ERA5,OBS,0,35.0,297.5,,,1170.0201313948464,val,-0.8870108331782216,0.4617486132350341,-1.0,-1.8369701987210294e-16,9.071849822998049,5.823619842529297,219.875244140625,2.2825350242783315e-05,16.92873764038086,8.342266082763672,3.400775909423828,237.9590759277344,0.0001589549792697,24.81220054626465,0.6232185363769531,-3.780651092529297,265.0592956542969,0.0004568037984427,10.999568939208984,3.5810623168945312,0.656463623046875,281.8941650390625,0.000868561619427,8.614888191223145,4.789493560791016,1.5631675720214844,288.13385009765625,0.0035333088599145,28.150054931640625,-2.6414822968945373e-06,1.987941868719645e-05,6.040697574615479,5.281578063964844,1.5326751470565796,8.192794666683767e-06,6.01471692789346e-05,34.67155456542969,1.2022777795791626
NEG_20120901_04063,,,2012-09-01 00:00:00,2012-09-01,2012,9,0,,BG,20.0,,,,IBTRACS_ERA5,OBS,0,20.0,340.0,,,3184.083209179565,val,-0.3420201433256686,0.9396926207859084,-1.0,-1.8369701987210294e-16,0.1951408386230468,10.020397186279297,219.5545654296875,5.520883132703602e-05,42.54072570800781,0.2145805358886718,5.754047393798828,242.47311401367188,0.0002960829006042,29.815828323364254,-4.754955291748047,0.7012825012207031,265.5754089355469,0.0017293629935011,40.00578308105469,-9.479728698730469,-2.130767822265625,285.3638916015625,0.0051482049748301,40.44773864746094,-4.929988861083984,2.1304283142089844,295.81939697265625,0.009041553363204,44.33562088012695,2.5251614715671167e-05,-6.98091344020213e-06,9.408430099487305,-3.750990390777588,3.2950775623321533,3.301505057606846e-05,1.0541304618527649e-05,43.2145881652832,1.509979248046875
IBT_2012242N13333_2012090200,2012242N13333,LESLIE,2012-09-02 00:00:00,2012-09-02,2012,9,0,,TS,19.600000381469727,301.8999938964844,60.0,994.0,IBTRACS_ERA5,OBS,1,19.600000381469727,301.8999938964844,2012242N13333,LESLIE,0.0,val,-0.8489717439217933,0.5284382442844093,-1.0,-1.8369701987210294e-16,1.4657020568847656,-3.6849441528320312,220.3449859619141,8.575971878599375e-05,60.15768432617188,-5.084323883056641,-7.151802062988281,242.5152587890625,0.0002941120765171,29.498979568481445,-3.454551696777344,6.914825439453125,269.0643310546875,0.0044428803957998,78.72857666015625,-0.1977424621582031,17.203136444091797,282.5733947753906,0.0077048363164067,72.9782485961914,-2.4395790100097656,18.23279571533203,291.6239013671875,0.0119892451912164,76.37632751464844,5.343337397789583e-05,6.001427391311154e-05,22.262941360473636,-1.94209897518158,6.302802085876465,8.674347191117704e-05,6.001427391311154e-05,56.843017578125,10.454206466674805
IBT_2012242N13333_2012090206,2012242N13333,LESLIE,2012-09-02 06:00:00,2012-09-02,2012,9,6,,TS,20.399999618530277,300.6000061035156,55.0,995.0,IBTRACS_ERA5,OBS,1,20.399999618530277,300.6000061035156,2012242N13333,LESLIE,0.0,val,-0.8607419727775674,0.5090415074421549,-1.0,-1.8369701987210294e-16,-3.7169151306152335,-2.7718582153320312,220.58387756347656,9.072972170542926e-05,61.87223434448242,0.6664085388183594,-6.704048156738281,243.523193359375,0.0004687052569352,42.73631286621094,-0.5146102905273438,-1.061004638671875,270.2435302734375,0.0036953187081962,59.94167709350586,5.424327850341797,2.555919647216797,282.9032287597656,0.0087618650868535,81.15998840332031,4.873165130615234,3.1864089965820312,291.5655517578125,0.01339609362185,85.65430450439453,8.674347191117704e-05,5.236011202214286e-05,10.454206466674805,1.3464752435684204,-0.9589164853096008,8.674347191117704e-05,6.001427391311154e-05,55.341590881347656,10.201791763305664
IBT_2012242N13333_2012090212,2012242N13333,LESLIE,2012-09-02 12:00:00,2012-09-02,2012,9,12,,TS,21.200000762939453,299.29998779296875,50.0,997.0,IBTRACS_ERA5,OBS,1,21.200000762939453,299.29998779296875,2012242N13333,LESLIE,0.0,val,-0.8720693766964451,0.4893822659519586,-1.0,-1.8369701987210294e-16,-3.7169151306152335,-2.7718582153320312,220.58387756347656,9.072972170542926e-05,61.87223434448242,0.6664085388183594,-6.704048156738281,243.523193359375,0.0004687052569352,42.73631286621094,-0.5146102905273438,-1.061004638671875,270.2435302734375,0.0036953187081962,59.94167709350586,5.424327850341797,2.555919647216797,282.9032287597656,0.0087618650868535,81.15998840332031,4.873165130615234,3.1864089965820312,291.5655517578125,0.01339609362185,85.65430450439453,8.674347191117704e-05,5.236011202214286e-05,10.454206466674805,1.3464752435684204,-0.9589164853096008,8.674347191117704e-05,6.001427391311154e-05,55.341590881347656,10.201791763305664
IBT_2012242N13333_2012090218,2012242N13333,LESLIE,2012-09-02 18:00:00,2012-09-02,2012,9,18,,TS,22.100000381469727,298.6000061035156,50.0,997.0,IBTRACS_ERA5,OBS,1,22.100000381469727,298.6000061035156,2012242N13333,LESLIE,0.0,val,-0.8779829244346344,0.4786919514690079,-1.0,-1.8369701987210294e-16,6.282108306884766,4.180412292480469,219.9591217041016,5.66712515137624e-05,41.61407470703125,6.737087249755859,-1.5844192504882812,242.58978271484372,0.0002068769535981,20.603084564208984,-9.107872009277344,-0.295501708984375,268.6024780273437,0.0021048656199127,38.62145233154297,-10.271045684814451,-7.141956329345703,283.6235656738281,0.0081471325829625,71.89228820800781,-9.415714263916016,-8.991691589355469,291.5277099609375,0.0132243428379297,84.75901794433594,5.674310887116008e-05,9.78125535766594e-06,20.492094039916992,-3.1550872325897217,-2.766631364822388,8.674347191117704e-05,6.001427391311154e-05,50.8151741027832,10.454206466674805
IBT_2012242N24317_2012090200,2012242N24317,KIRK,2012-09-02 00:00:00,2012-09-02,2012,9,0,,TS,40.29999923706055,317.0,55.0,998.0,IBTRACS_ERA5,OBS,1,40.29999923706055,317.0,2012242N24317,KIRK,0.0,val,-0.6819983600624983,0.7313537016191707,-1.0,-1.8369701987210294e-16,11.490116119384766,12.611930847167969,218.3039703369141,5.927523307036609e-05,53.07653045654297,10.15029525756836,13.49468231201172,241.2403564453125,0.0004709888598881,53.361454010009766,9.828163146972656,8.377960205078125,266.2564697265625,0.0033407751470804,73.32025146484375,10.669567108154297,7.610363006591797,281.0328674316406,0.0057716788724064,60.7132682800293,9.774044036865234,6.189094543457031,289.1158447265625,0.0102488491684198,76.6297378540039,3.205471875844523e-05,3.221770384698175e-06,6.648137092590332,10.382436752319336,9.656805992126465,3.205471875844523e-05,6.660583494522143e-06,56.67546081542969,3.1449882984161377
IBT_2012242N24317_2012090206,2012242N24317,KIRK,2012-09-02 06:00:00,2012-09-02,2012,9,6,,TS,42.400001525878906,319.3999938964844,50.0,1001.0,IBTRACS_ERA5,OBS,1,42.400001525878906,319.3999938964844,2012242N24317,KIRK,0.0,val,-0.6507742981483191,0.7592712380102137,-1.0,-1.8369701987210294e-16,17.314579010009766,14.471061706542969,218.27247619628903,5.923332355450839e-05,53.24138259887695,12.95425033569336,17.02642059326172,240.9849853515625,0.0005455132923088,63.34312438964844,11.998329162597656,12.933135986328123,266.10400390625,0.0026286935899406,58.374488830566406,9.939586639404297,12.430919647216797,280.4732971191406,0.0058550061658024,64.00090789794922,8.033565521240234,10.755500793457031,289.5301513671875,0.0089345667511224,65.04591369628906,2.050989496638067e-05,-9.570252586854622e-06,9.997129440307615,12.048062324523926,13.523406982421877,3.205471875844523e-05,1.4482984624919482e-05,56.61952590942383,3.1449882984161377
IBT_2012242N24317_2012090212,2012242N24317,KIRK,2012-09-02 12:00:00,2012-09-02,2012,9,12,,TS,45.0,321.8999938964844,50.0,1002.0,IBTRACS_ERA5,OBS,1,45.0,321.8999938964844,2012242N24317,KIRK,0.0,val,-0.6170359589701342,0.7869349562306956,-1.0,-1.8369701987210294e-16,22.76819229125977,14.418327331542969,217.93641662597656,5.0456070312066e-05,47.23667907714844,17.02431869506836,17.01421356201172,240.689208984375,0.0005220141611061,62.36989974975586,14.832313537597656,13.676544189453123,265.7293701171875,0.0030004924628883,68.58831787109375,12.078624725341797,13.156993865966797,279.7557678222656,0.0055101634934544,63.28667449951172,9.207027435302734,12.555549621582031,288.8255615234375,0.0101993177086114,77.70063018798828,7.927650585770607e-06,-5.852798494743183e-06,13.68850326538086,15.182095527648926,14.164324760437012,3.205471875844523e-05,2.25795665755868e-05,55.82787704467773,3.1449882984161377
IBT_2012242N24317_2012090218,2012242N24317,KIRK,2012-09-02 18:00:00,2012-09-02,2012,9,18,,TS,48.09999847412109,325.3999938964844,45.0,1002.0,IBTRACS_ERA5,OBS,1,48.09999847412109,325.3999938964844,2012242N24317,KIRK,0.0,val,-0.567843832738888,0.8231363080440625,-1.0,-1.8369701987210294e-16,28.24548721313477,15.610710144042969,218.33778381347656,3.895190820912831e-05,34.736236572265625,23.30898666381836,17.15581512451172,239.74267578125,0.000466619094368,61.11760330200195,14.862831115722656,16.022003173828125,265.0648193359375,0.002264047274366,54.493499755859375,12.412731170654297,11.772716522216797,280.2445373535156,0.005221557803452,57.98252868652344,10.900875091552734,12.346809387207031,288.6561279296875,0.00780273322016,60.0971794128418,6.885021321068052e-06,-1.7304071661783382e-05,17.64904022216797,17.946182250976562,14.581609725952148,3.924356133211404e-05,1.5228329175442925e-05,54.22917175292969,3.1449882984161377
IBT_2012246N29323_2012090200,2012246N29323,MICHAEL,2012-09-02 00:00:00,2012-09-02,2012,9,0,,DS,28.899999618530277,323.29998779296875,20.0,1015.0,IBTRACS_ERA5,OBS,1,28.899999618530277,323.29998779296875,2012246N29323,MICHAEL,0.0,val,-0.5976253177961238,0.8017755169179724,-1.0,-1.8369701987210294e-16,-7.326290130615234,-1.6810379028320312,218.81544494628903,2.069519177894108e-05,17.42268943786621,-6.250827789306641,-0.4081497192382812,236.3173828125,0.0002032522461377,37.38605499267578,-8.804649353027344,-1.943572998046875,263.6719970703125,0.0020560717675834,55.18895721435547,-9.369495391845703,-2.988025665283203,279.3929748535156,0.0057266177609562,67.44596862792969,-8.833377838134766,-2.3184738159179688,288.8121337890625,0.0094286296516656,71.89167022705078,1.748918839439284e-05,4.008954056189396e-05,1.6363489627838137,-8.116928100585938,-1.867851972579956,2.977023905259557e-05,5.4166892368812114e-05,57.34425735473633,1.6363489627838137
IBT_2012246N29323_2012090206,2012246N29323,MICHAEL,2012-09-02 06:00:00,2012-09-02,2012,9,6,,DS,28.100000381469727,322.1000061035156,25.0,1015.0,IBTRACS_ERA5,OBS,1,28.100000381469727,322.1000061035156,2012246N29323,MICHAEL,0.0,val,-0.6142851160406184,0.7890841502723039,-1.0,-1.8369701987210294e-16,-2.0242881774902344,3.6087570190429688,218.40968322753903,2.6001634978456423e-05,22.98699951171875,-3.2225074768066406,2.2170944213867188,236.64337158203125,0.0002344142994843,41.72672653198242,-2.552696228027344,0.266998291015625,263.8822021484375,0.0021724498365074,57.35636520385742,-3.540271759033203,-1.2288703918457031,279.1843566894531,0.0054079117253422,64.62116241455078,-4.242618560791016,-0.9953536987304688,288.1231689453125,0.0095400009304285,76.05838012695312,2.977023905259557e-05,5.4166892368812114e-05,5.110658168792725,-3.116476535797119,0.773725152015686,2.977023905259557e-05,5.4166892368812114e-05,55.872989654541016,1.6363489627838137
IBT_2012246N29323_2012090212,2012246N29323,MICHAEL,2012-09-02 12:00:00,2012-09-02,2012,9,12,,DS,27.200000762939453,320.79998779296875,25.0,1015.0,IBTRACS_ERA5,OBS,1,27.200000762939453,320.79998779296875,2012246N29323,MICHAEL,0.0,val,-0.6320294677689976,0.774944354048494,-1.0,-1.8369701987210294e-16,-4.096309661865234,-11.894660949707031,217.2810211181641,2.881679029087536e-05,29.219953536987305,-3.4776344299316406,-8.981880187988281,236.7166748046875,0.0002991337678395,52.85653305053711,-5.257286071777344,-10.373260498046877,263.7757568359375,0.0022869652602821,60.88730239868164,-4.880359649658203,-10.443836212158203,279.3360900878906,0.0058926464989781,69.67574310302734,-5.246097564697266,-7.197135925292969,288.9259033203125,0.0098327491432428,74.42446899414062,2.3851962396292947e-05,4.1052910091821104e-05,4.8361921310424805,-4.5915374755859375,-9.778154373168944,2.977023905259557e-05,5.4166892368812114e-05,58.82634735107422,1.6363489627838137
IBT_2012246N29323_2012090218,2012246N29323,MICHAEL,2012-09-02 18:00:00,2012-09-02,2012,9,18,,DS,26.399999618530277,319.8999938964844,25.0,1015.0,IBTRACS_ERA5,OBS,1,26.399999618530277,319.8999938964844,2012246N29323,MICHAEL,0.0,val,-0.6441237112457395,0.7649213323022278,-1.0,-1.8369701987210294e-16,-4.096309661865234,-11.894660949707031,217.2810211181641,2.881679029087536e-05,29.219953536987305,-3.4776344299316406,-8.981880187988281,236.7166748046875,0.0002991337678395,52.85653305053711,-5.257286071777344,-10.373260498046877,263.7757568359375,0.0022869652602821,60.88730239868164,-4.880359649658203,-10.443836212158203,279.3360900878906,0.0058926464989781,69.67574310302734,-5.246097564697266,-7.197135925292969,288.9259033203125,0.0098327491432428,74.42446899414062,2.3851962396292947e-05,4.1052910091821104e-05,4.8361921310424805,-4.5915374755859375,-9.778154373168944,2.977023905259557e-05,5.4166892368812114e-05,58.82634735107422,1.6363489627838137
NEG_20120902_00301,,,2012-09-02 00:00:00,2012-09-02,2012,9,0,,BG,50.0,,,,IBTRACS_ERA5,OBS,0,50.0,287.5,,,2530.566156283729,val,-0.9537169507482268,0.3007057995042734,-1.0,-1.8369701987210294e-16,17.098026275634766,-20.78479766845703,223.45350646972656,8.769605301495176e-06,4.283514976501465,11.77627182006836,-12.83539581298828,226.989013671875,8.836056804284453e-05,43.49394226074219,7.647987365722656,-7.342742919921875,255.70274353027344,0.0003758466336876,19.310279846191406,5.277111053466797,-2.788318634033203,270.5440979003906,0.0014568392653018,32.386531829833984,3.3511924743652344,-0.3253097534179687,279.1832275390625,0.0048322766087949,70.18453979492188,-4.764245204569306e-06,2.593550925666932e-05,24.648855209350582,9.030117988586426,-8.815313339233398,9.768380550667644e-06,3.676832056953572e-05,23.036094665527344,7.473600387573242
NEG_20120902_03673,,,2012-09-02 00:00:00,2012-09-02,2012,9,0,,BG,2.5,,,,IBTRACS_ERA5,OBS,0,2.5,17.5,,,6428.374200294022,val,0.3007057995042731,0.9537169507482268,-1.0,-1.8369701987210294e-16,-13.976070404052734,-5.883796691894531,218.9132843017578,7.165320857893676e-05,59.61759948730469,-13.61398696899414,-3.560249328613281,241.696044921875,0.000470675935503,51.04463958740234,-5.276084899902344,-0.358245849609375,266.72979736328125,0.0036783015821129,77.84166717529297,-1.808032989501953,3.554943084716797,282.0909729003906,0.0070511670783162,69.0079345703125,6.682735443115234,0.1353836059570312,291.174560546875,0.0124004278331995,81.2782211303711,-2.376977590756724e-06,-6.636952548433328e-06,21.517824172973636,-5.598288059234619,-1.222393035888672,1.1183463357156144e-05,7.784437912050635e-06,73.1034927368164,9.624186515808104
IBT_2012242N13333_2012090300,2012242N13333,LESLIE,2012-09-03 00:00:00,2012-09-03,2012,9,0,,TS,22.899999618530277,298.29998779296875,50.0,997.0,IBTRACS_ERA5,OBS,1,22.899999618530277,298.29998779296875,2012242N13333,LESLIE,0.0,val,-0.8804774545150037,0.4740880214588632,-1.0,-1.8369701987210294e-16,-0.2859954833984375,-4.190776824951172,221.63824462890625,9.864309686236084e-05,59.43754196166992,4.981925964355469,-8.874073028564453,242.8808135986328,0.0003508786030579,33.99322891235352,5.2694091796875,-8.214252471923828,270.15838623046875,0.0027405575383454,44.737911224365234,9.773555755615234,2.6410484313964844,284.5150451660156,0.0097896102815866,81.38134002685547,11.670902252197266,5.247535705566406,291.9389038085937,0.0147498846054077,92.10997772216795,0.0001235886156791,5.9214249631622806e-05,15.233159065246582,6.281959533691406,-2.6781036853790283,0.0001235886156791,8.499279647367075e-05,57.19128036499024,7.558414936065674
IBT_2012242N13333_2012090306,2012242N13333,LESLIE,2012-09-03 06:00:00,2012-09-03,2012,9,6,,TS,23.399999618530277,297.79998779296875,50.0,996.0,IBTRACS_ERA5,OBS,1,23.399999618530277,297.79998779296875,2012242N13333,LESLIE,0.0,val,-0.8845810745800843,0.4663864518773496,-1.0,-1.8369701987210294e-16,-0.2859954833984375,-4.190776824951172,221.63824462890625,9.864309686236084e-05,59.43754196166992,4.981925964355469,-8.874073028564453,242.8808135986328,0.0003508786030579,33.99322891235352,5.2694091796875,-8.214252471923828,270.15838623046875,0.0027405575383454,44.737911224365234,9.773555755615234,2.6410484313964844,284.5150451660156,0.0097896102815866,81.38134002685547,11.670902252197266,5.247535705566406,291.9389038085937,0.0147498846054077,92.10997772216795,0.0001235886156791,5.9214249631622806e-05,15.233159065246582,6.281959533691406,-2.6781036853790283,0.0001235886156791,8.499279647367075e-05,57.19128036499024,7.558414936065674
IBT_2012242N13333_2012090312,2012242N13333,LESLIE,2012-09-03 12:00:00,2012-09-03,2012,9,12,,TS,23.5,297.3999938964844,50.0,993.0,IBTRACS_ERA5,OBS,1,23.5,297.3999938964844,2012242N13333,LESLIE,0.0,val,-0.8878154341598427,0.4601996902080336,-1.0,-1.8369701987210294e-16,-0.2859954833984375,-4.190776824951172,221.63824462890625,9.864309686236084e-05,59.43754196166992,4.981925964355469,-8.874073028564453,242.8808135986328,0.0003508786030579,33.99322891235352,5.2694091796875,-8.214252471923828,270.15838623046875,0.0027405575383454,44.737911224365234,9.773555755615234,2.6410484313964844,284.5150451660156,0.0097896102815866,81.38134002685547,11.670902252197266,5.247535705566406,291.9389038085937,0.0147498846054077,92.10997772216795,0.0001235886156791,5.9214249631622806e-05,15.233159065246582,6.281959533691406,-2.6781036853790283,0.0001235886156791,8.499279647367075e-05,57.19128036499024,7.558414936065674
IBT_2012242N13333_2012090318,2012242N13333,LESLIE,2012-09-03 18:00:00,2012-09-03,2012,9,18,,TS,23.799999237060547,297.20001220703125,55.0,990.0,IBTRACS_ERA5,OBS,1,23.799999237060547,297.20001220703125,2012242N13333,LESLIE,0.0,val,-0.8894162759052444,0.4570981165514098,-1.0,-1.8369701987210294e-16,11.959121704101562,-1.884868621826172,220.54443359375,3.7372785300249234e-05,25.60497283935547,5.154655456542969,-4.453418731689453,242.23866271972656,0.000184998876648,19.049850463867188,-9.234130859375,-1.922260284423828,269.36883544921875,0.0028354481328278,49.1067008972168,-16.916385650634766,0.7389488220214844,284.4652404785156,0.0091864112764596,76.62117767333984,-19.390010833740234,9.015235900878906,291.6102905273437,0.0136505961418151,87.03475189208984,0.0001043878291966,3.949269012082368e-05,33.1900634765625,-5.685349941253662,0.298727422952652,0.0001235886156791,8.499279647367075e-05,59.83697128295898,7.359327793121338
IBT_2012246N29323_2012090300,2012246N29323,MICHAEL,2012-09-03 00:00:00,2012-09-03,2012,9,0,,DS,25.799999237060547,319.29998779296875,25.0,1015.0,IBTRACS_ERA5,OBS,1,25.799999237060547,319.29998779296875,2012246N29323,MICHAEL,0.0,val,-0.6520985653530863,0.7581341972661875,-1.0,-1.8369701987210294e-16,1.8685455322265625,6.878070831298828,218.2489013671875,2.2199677914613854e-05,20.01097679138184,0.4127120971679687,2.326366424560547,237.8645172119141,0.0002585323818493,40.73629379272461,1.38037109375,5.512554168701172,264.71502685546875,0.0020427361596375,50.52572250366211,-0.3128700256347656,5.799739837646484,279.9046936035156,0.0059508918784558,67.64879608154297,-1.5418663024902344,6.222511291503906,288.29510498046875,0.0106556415557861,84.01090240478516,3.183941589668393e-05,5.042560587753542e-05,3.4728472232818604,0.3613784909248352,5.347848415374756,3.888653736794368e-05,5.042560587753542e-05,49.75796890258789,3.4728472232818604
IBT_2012246N29323_2012090306,2012246N29323,MICHAEL,2012-09-03 06:00:00,2012-09-03,2012,9,6,,TS,25.399999618530277,318.79998779296875,25.0,1015.0,IBTRACS_ERA5,OBS,1,25.399999618530277,318.79998779296875,2012246N29323,MICHAEL,0.0,val,-0.6586896204228343,0.752414768560016,-1.0,-1.8369701987210294e-16,1.8685455322265625,6.878070831298828,218.2489013671875,2.2199677914613854e-05,20.01097679138184,0.4127120971679687,2.326366424560547,237.8645172119141,0.0002585323818493,40.73629379272461,1.38037109375,5.512554168701172,264.71502685546875,0.0020427361596375,50.52572250366211,-0.3128700256347656,5.799739837646484,279.9046936035156,0.0059508918784558,67.64879608154297,-1.5418663024902344,6.222511291503906,288.29510498046875,0.0106556415557861,84.01090240478516,3.183941589668393e-05,5.042560587753542e-05,3.4728472232818604,0.3613784909248352,5.347848415374756,3.888653736794368e-05,5.042560587753542e-05,49.75796890258789,3.4728472232818604
IBT_2012246N29323_2012090312,2012246N29323,MICHAEL,2012-09-03 12:00:00,2012-09-03,2012,9,12,,TS,25.299999237060547,318.29998779296875,25.0,1014.0,IBTRACS_ERA5,OBS,1,25.299999237060547,318.29998779296875,2012246N29323,MICHAEL,0.0,val,-0.6652305137277664,0.7466380405561265,-1.0,-1.8369701987210294e-16,-1.0225677490234375,-19.60093307495117,218.0430908203125,2.8733371436828747e-05,26.554176330566406,-1.2296218872070312,-7.377735137939453,238.0476226806641,0.000186384684639,28.83955192565918,0.989013671875,-7.247455596923828,264.76837158203125,0.0018557860748842,45.71094131469727,0.7423057556152344,-8.779850006103516,280.3229064941406,0.0055897473357617,61.73695373535156,0.2198524475097656,-5.687644958496094,288.96209716796875,0.0105198621749877,79.43956756591797,3.888653736794368e-05,3.959297100664117e-05,13.968650817871094,-0.0602035522460937,-9.738723754882812,3.888653736794368e-05,5.042560587753542e-05,55.83324813842773,3.4728472232818604
IBT_2012246N29323_2012090318,2012246N29323,MICHAEL,2012-09-03 18:00:00,2012-09-03,2012,9,18,,TS,25.5,317.8999938964844,30.0,1013.0,IBTRACS_ERA5,OBS,1,25.5,317.8999938964844,2012246N29323,MICHAEL,0.0,val,-0.6704266979988428,0.7419757695574488,-1.0,-1.8369701987210294e-16,-1.0225677490234375,-19.60093307495117,218.0430908203125,2.8733371436828747e-05,26.554176330566406,-1.2296218872070312,-7.377735137939453,238.0476226806641,0.000186384684639,28.83955192565918,0.989013671875,-7.247455596923828,264.76837158203125,0.0018557860748842,45.71094131469727,0.7423057556152344,-8.779850006103516,280.3229064941406,0.0055897473357617,61.73695373535156,0.2198524475097656,-5.687644958496094,288.96209716796875,0.0105198621749877,79.43956756591797,3.888653736794368e-05,3.959297100664117e-05,13.968650817871094,-0.0602035522460937,-9.738723754882812,3.888653736794368e-05,5.042560587753542e-05,55.83324813842773,3.4728472232818604
NEG_20120903_01777,,,2012-09-03 00:00:00,2012-09-03,2012,9,0,,BG,15.0,,,,IBTRACS_ERA5,OBS,0,15.0,20.0,,,6386.654511493557,val,0.3420201433256687,0.9396926207859084,-1.0,-1.8369701987210294e-16,-5.3272552490234375,2.066059112548828,219.5516357421875,5.599830546998419e-05,43.16414260864258,-6.800178527832031,2.829296112060547,241.7839508056641,0.0003727199800778,40.08271026611328,-10.44287109375,-2.217426300048828,265.8861694335937,0.0027170435059815,61.36016845703125,-8.922733306884766,-2.377994537353516,284.8905334472656,0.0066404580138623,53.838356018066406,1.7032508850097656,-4.004539489746094,296.19598388671875,0.0128158330917358,61.40639114379883,9.64925766311353e-06,-1.2959452760696877e-05,9.28871250152588,-5.957957267761231,-0.7409210205078125,2.0272860638215207e-05,2.768345439108089e-05,49.3327522277832,3.267310857772827
NEG_20120903_02861,,,2012-09-03 00:00:00,2012-09-03,2012,9,0,,BG,27.5,,,,IBTRACS_ERA5,OBS,0,27.5,342.5,,,2310.050381979784,val,-0.300705799504273,0.9537169507482268,-1.0,-1.8369701987210294e-16,23.293960571289062,-10.422710418701172,220.4189453125,1.3051296264166012e-05,9.075322151184082,18.90465545654297,-6.134082794189453,239.8990020751953,8.493385394103825e-05,10.956412315368652,5.79443359375,-0.8662300109863281,266.220947265625,0.0002206295321229,4.85545015335083,6.716304779052734,2.2308921813964844,284.5213928222656,0.0021800785325467,18.115388870239254,-0.0075645446777343,-2.1065902709960938,294.38055419921875,0.0026895105838775,14.414255142211914,1.3879514426662354e-06,7.149554221541621e-06,24.74103736877441,10.94035816192627,-3.4597442150115967,1.4076426850806456e-05,3.1919869798002765e-05,26.082599639892575,7.751649856567383
IBT_2012242N13333_2012090400,2012242N13333,LESLIE,2012-09-04 00:00:00,2012-09-04,2012,9,0,,TS,24.200000762939453,297.3999938964844,60.0,989.0,IBTRACS_ERA5,OBS,1,24.200000762939453,297.3999938964844,2012242N13333,LESLIE,0.0,val,-0.8878154341598427,0.4601996902080336,-1.0,-1.8369701987210294e-16,-2.009490966796875,2.9472007751464844,222.35302734375,0.0001018715483951,56.486087799072266,-3.336162567138672,-4.458347320556641,244.10562133789065,0.0006631693104282,57.25021362304688,-8.137847900390625,-1.5102157592773438,270.00830078125,0.0041588488966226,68.6561279296875,-8.661800384521484,6.971553802490234,285.2811279296875,0.009247500449419,73.05448913574219,-10.515609741210938,11.829471588134766,292.1700134277344,0.0144702801480889,89.05569458007812,0.0001238595723407,8.13958904473111e-05,12.298324584960938,-6.532182216644287,3.155932664871216,0.0001238595723407,8.13958904473111e-05,61.40792465209961,4.185700416564941
IBT_2012242N13333_2012090406,2012242N13333,LESLIE,2012-09-04 06:00:00,2012-09-04,2012,9,6,,TS,24.5,297.5,60.0,988.0,IBTRACS_ERA5,OBS,1,24.5,297.5,2012242N13333,LESLIE,0.0,val,-0.8870108331782216,0.4617486132350341,-1.0,-1.8369701987210294e-16,-2.009490966796875,2.9472007751464844,222.35302734375,0.0001018715483951,56.486087799072266,-3.336162567138672,-4.458347320556641,244.10562133789065,0.0006631693104282,57.25021362304688,-8.137847900390625,-1.5102157592773438,270.00830078125,0.0041588488966226,68.6561279296875,-8.661800384521484,6.971553802490234,285.2811279296875,0.009247500449419,73.05448913574219,-10.515609741210938,11.829471588134766,292.1700134277344,0.0144702801480889,89.05569458007812,0.0001238595723407,8.13958904473111e-05,12.298324584960938,-6.532182216644287,3.155932664871216,0.0001238595723407,8.13958904473111e-05,61.40792465209961,4.185700416564941
IBT_2012242N13333_2012090412,2012242N13333,LESLIE,2012-09-04 12:00:00,2012-09-04,2012,9,12,,TS,24.799999237060547,297.5,60.0,988.0,IBTRACS_ERA5,OBS,1,24.799999237060547,297.5,2012242N13333,LESLIE,0.0,val,-0.8870108331782216,0.4617486132350341,-1.0,-1.8369701987210294e-16,-2.009490966796875,2.9472007751464844,222.35302734375,0.0001018715483951,56.486087799072266,-3.336162567138672,-4.458347320556641,244.10562133789065,0.0006631693104282,57.25021362304688,-8.137847900390625,-1.5102157592773438,270.00830078125,0.0041588488966226,68.6561279296875,-8.661800384521484,6.971553802490234,285.2811279296875,0.009247500449419,73.05448913574219,-10.515609741210938,11.829471588134766,292.1700134277344,0.0144702801480889,89.05569458007812,0.0001238595723407,8.13958904473111e-05,12.298324584960938,-6.532182216644287,3.155932664871216,0.0001238595723407,8.13958904473111e-05,61.40792465209961,4.185700416564941
IBT_2012242N13333_2012090418,2012242N13333,LESLIE,2012-09-04 18:00:00,2012-09-04,2012,9,18,,TS,25.0,297.3999938964844,60.0,988.0,IBTRACS_ERA5,OBS,1,25.0,297.3999938964844,2012242N13333,LESLIE,0.0,val,-0.8878154341598427,0.4601996902080336,-1.0,-1.8369701987210294e-16,-2.009490966796875,2.9472007751464844,222.35302734375,0.0001018715483951,56.486087799072266,-3.336162567138672,-4.458347320556641,244.10562133789065,0.0006631693104282,57.25021362304688,-8.137847900390625,-1.5102157592773438,270.00830078125,0.0041588488966226,68.6561279296875,-8.661800384521484,6.971553802490234,285.2811279296875,0.009247500449419,73.05448913574219,-10.515609741210938,11.829471588134766,292.1700134277344,0.0144702801480889,89.05569458007812,0.0001238595723407,8.13958904473111e-05,12.298324584960938,-6.532182216644287,3.155932664871216,0.0001238595723407,8.13958904473111e-05,61.40792465209961,4.185700416564941
IBT_2012246N29323_2012090400,2012246N29323,MICHAEL,2012-09-04 00:00:00,2012-09-04,2012,9,0,,TS,25.799999237060547,317.5,30.0,1011.0,IBTRACS_ERA5,OBS,1,25.799999237060547,317.5,2012246N29323,MICHAEL,0.0,val,-0.6755902076156605,0.7372773368101239,-1.0,-1.8369701987210294e-16,3.931915283203125,-3.070865631103516,218.5531005859375,2.822581518557854e-05,24.525169372558597,3.690692901611328,-1.8545875549316408,239.20034790039065,0.0003213627205695,44.38420104980469,2.881683349609375,1.0168838500976562,265.595947265625,0.001764366403222,40.7506103515625,3.297428131103516,3.4061241149902344,280.6163330078125,0.0063622184097766,68.86485290527344,2.4450836181640625,4.677371978759766,288.7557067871094,0.0108724245801568,83.20299530029297,3.313873821753077e-05,4.377579898573458e-05,7.889604091644287,3.2493605613708496,0.8349853754043579,3.857380215777084e-05,4.377579898573458e-05,51.11960983276367,3.671684980392456
IBT_2012246N29323_2012090406,2012246N29323,MICHAEL,2012-09-04 06:00:00,2012-09-04,2012,9,6,,TS,26.200000762939453,317.0,35.0,1009.0,IBTRACS_ERA5,OBS,1,26.200000762939453,317.0,2012246N29323,MICHAEL,0.0,val,-0.6819983600624983,0.7313537016191707,-1.0,-1.8369701987210294e-16,3.931915283203125,-3.070865631103516,218.5531005859375,2.822581518557854e-05,24.525169372558597,3.690692901611328,-1.8545875549316408,239.20034790039065,0.0003213627205695,44.38420104980469,2.881683349609375,1.0168838500976562,265.595947265625,0.001764366403222,40.7506103515625,3.297428131103516,3.4061241149902344,280.6163330078125,0.0063622184097766,68.86485290527344,2.4450836181640625,4.677371978759766,288.7557067871094,0.0108724245801568,83.20299530029297,3.313873821753077e-05,4.377579898573458e-05,7.889604091644287,3.2493605613708496,0.8349853754043579,3.857380215777084e-05,4.377579898573458e-05,51.11960983276367,3.671684980392456
IBT_2012246N29323_2012090412,2012246N29323,MICHAEL,2012-09-04 12:00:00,2012-09-04,2012,9,12,,TS,26.700000762939453,316.5,40.0,1007.0,IBTRACS_ERA5,OBS,1,26.700000762939453,316.5,2012246N29323,MICHAEL,0.0,val,-0.688354575693754,0.7253743710122875,-1.0,-1.8369701987210294e-16,2.989166259765625,-0.1375160217285156,217.78985595703125,4.055862154928036e-05,38.65277099609375,0.7334175109863281,-1.2260475158691406,239.1732482910156,0.0004085494147147,56.57589340209961,-3.850860595703125,1.1446914672851562,265.47119140625,0.0027916301041841,65.10343933105469,-5.495296478271484,4.535152435302734,280.405517578125,0.0067465491592884,74.0909652709961,-6.6399993896484375,6.572879791259766,288.5021667480469,0.0113052735105156,87.9454116821289,3.857380215777084e-05,4.018583422293887e-05,11.73670482635498,-2.452714443206787,2.177832126617432,3.857380215777084e-05,4.377579898573458e-05,55.42131042480469,3.671684980392456
IBT_2012246N29323_2012090418,2012246N29323,MICHAEL,2012-09-04 18:00:00,2012-09-04,2012,9,18,,TS,27.100000381469727,316.29998779296875,45.0,1006.0,IBTRACS_ERA5,OBS,1,27.100000381469727,316.29998779296875,2012246N29323,MICHAEL,0.0,val,-0.6908825651070805,0.7229669987150594,-1.0,-1.8369701987210294e-16,2.989166259765625,-0.1375160217285156,217.78985595703125,4.055862154928036e-05,38.65277099609375,0.7334175109863281,-1.2260475158691406,239.1732482910156,0.0004085494147147,56.57589340209961,-3.850860595703125,1.1446914672851562,265.47119140625,0.0027916301041841,65.10343933105469,-5.495296478271484,4.535152435302734,280.405517578125,0.0067465491592884,74.0909652709961,-6.6399993896484375,6.572879791259766,288.5021667480469,0.0113052735105156,87.9454116821289,3.857380215777084e-05,4.018583422293887e-05,11.73670482635498,-2.452714443206787,2.177832126617432,3.857380215777084e-05,4.377579898573458e-05,55.42131042480469,3.671684980392456
NEG_20120904_02174,,,2012-09-04 00:00:00,2012-09-04,2012,9,0,,BG,47.5,,,,IBTRACS_ERA5,OBS,0,47.5,2.5,,,4583.976925954808,val,0.043619387365336,0.9990482215818578,-1.0,-1.8369701987210294e-16,-25.665008544921875,-17.712589263916016,216.124267578125,3.641353760031052e-05,42.56755447387695,-18.059062957763672,-15.47604751586914,235.3682556152344,0.0002601096348371,52.669559478759766,-9.581817626953123,-8.870079040527344,263.1283569335937,0.0008439664379693,23.646800994873047,-9.264339447021484,-6.946170806884766,278.4000244140625,0.0024324096739292,30.69802474975586,-5.8722991943359375,-4.598140716552734,284.2507019042969,0.0064035966061055,65.87519836425781,-1.0156385542359205e-05,-1.661391434026882e-05,23.74321174621582,-13.688505172729492,-10.720605850219728,3.3560725569259375e-05,6.099931488279253e-05,46.56718444824219,2.3516290187835693
NEG_20120904_03578,,,2012-09-04 00:00:00,2012-09-04,2012,9,0,,BG,17.5,,,,IBTRACS_ERA5,OBS,0,17.5,327.5,,,1384.4813124723496,val,-0.5372996083468242,0.8433914458128855,-1.0,-1.8369701987210294e-16,-3.636688232421875,5.736629486083984,218.92999267578125,6.737651710864156e-05,55.9468879699707,-5.375225067138672,5.102687835693359,241.7645568847656,0.0002834038750734,30.534160614013672,-6.963165283203125,0.2074356079101562,268.4031982421875,0.001933263731189,36.01171875,-8.814876556396484,-4.373783111572266,283.122802734375,0.0067164786159992,61.29896926879883,-4.5787200927734375,-2.8572959899902344,291.1651306152344,0.0095883021131157,62.88386535644531,1.0390345778432676e-05,-1.3544799912779126e-06,8.645401954650879,-5.873734951019287,0.763134777545929,3.625472163548693e-05,1.7496602595201693e-05,56.29252624511719,4.995584964752197
IBT_2012242N13333_2012090500,2012242N13333,LESLIE,2012-09-05 00:00:00,2012-09-05,2012,9,0,,TS,25.200000762939453,297.20001220703125,60.0,988.0,IBTRACS_ERA5,OBS,1,25.200000762939453,297.20001220703125,2012242N13333,LESLIE,0.0,val,-0.8894162759052444,0.4570981165514098,-1.0,-1.8369701987210294e-16,3.1695632934570312,-0.4573936462402344,223.63034057617188,0.0001305576151935,62.493045806884766,11.219226837158203,-9.079418182373049,244.05978393554688,0.000678184791468,58.798282623291016,17.322662353515625,-3.1074256896972656,270.1359558105469,0.0045267734676599,74.0206527709961,17.269962310791016,3.15639877319336,284.2351989746094,0.0091387536376714,77.40412139892578,20.60195541381836,7.36822509765625,292.1917724609375,0.014893508516252,91.53474426269533,0.0001410753320669,0.0001076652042684,19.108339309692383,13.916674613952637,-0.4239227175712585,0.0001410753320669,0.0001076652042684,58.44537734985352,3.506444215774536
IBT_2012242N13333_2012090506,2012242N13333,LESLIE,2012-09-05 06:00:00,2012-09-05,2012,9,6,,TS,25.399999618530277,297.20001220703125,65.0,985.0,IBTRACS_ERA5,OBS,1,25.399999618530277,297.20001220703125,2012242N13333,LESLIE,0.0,val,-0.8894162759052444,0.4570981165514098,-1.0,-1.8369701987210294e-16,3.1695632934570312,-0.4573936462402344,223.63034057617188,0.0001305576151935,62.493045806884766,11.219226837158203,-9.079418182373049,244.05978393554688,0.000678184791468,58.798282623291016,17.322662353515625,-3.1074256896972656,270.1359558105469,0.0045267734676599,74.0206527709961,17.269962310791016,3.15639877319336,284.2351989746094,0.0091387536376714,77.40412139892578,20.60195541381836,7.36822509765625,292.1917724609375,0.014893508516252,91.53474426269533,0.0001410753320669,0.0001076652042684,19.108339309692383,13.916674613952637,-0.4239227175712585,0.0001410753320669,0.0001076652042684,58.44537734985352,3.506444215774536
IBT_2012242N13333_2012090512,2012242N13333,LESLIE,2012-09-05 12:00:00,2012-09-05,2012,9,12,,TS,25.600000381469727,297.20001220703125,70.0,982.0,IBTRACS_ERA5,OBS,1,25.600000381469727,297.20001220703125,2012242N13333,LESLIE,0.0,val,-0.8894162759052444,0.4570981165514098,-1.0,-1.8369701987210294e-16,3.1695632934570312,-0.4573936462402344,223.63034057617188,0.0001305576151935,62.493045806884766,11.219226837158203,-9.079418182373049,244.05978393554688,0.000678184791468,58.798282623291016,17.322662353515625,-3.1074256896972656,270.1359558105469,0.0045267734676599,74.0206527709961,17.269962310791016,3.15639877319336,284.2351989746094,0.0091387536376714,77.40412139892578,20.60195541381836,7.36822509765625,292.1917724609375,0.014893508516252,91.53474426269533,0.0001410753320669,0.0001076652042684,19.108339309692383,13.916674613952637,-0.4239227175712585,0.0001410753320669,0.0001076652042684,58.44537734985352,3.506444215774536
IBT_2012242N13333_2012090518,2012242N13333,LESLIE,2012-09-05 18:00:00,2012-09-05,2012,9,18,,TS,25.799999237060547,297.29998779296875,70.0,982.0,IBTRACS_ERA5,OBS,1,25.799999237060547,297.29998779296875,2012242N13333,LESLIE,0.0,val,-0.8886173303715403,0.4586493651618377,-1.0,-1.8369701987210294e-16,3.1695632934570312,-0.4573936462402344,223.63034057617188,0.0001305576151935,62.493045806884766,11.219226837158203,-9.079418182373049,244.05978393554688,0.000678184791468,58.798282623291016,17.322662353515625,-3.1074256896972656,270.1359558105469,0.0045267734676599,74.0206527709961,17.269962310791016,3.15639877319336,284.2351989746094,0.0091387536376714,77.40412139892578,20.60195541381836,7.36822509765625,292.1917724609375,0.014893508516252,91.53474426269533,0.0001410753320669,0.0001076652042684,19.108339309692383,13.916674613952637,-0.4239227175712585,0.0001410753320669,0.0001076652042684,58.44537734985352,3.506444215774536
IBT_2012246N29323_2012090500,2012246N29323,MICHAEL,2012-09-05 00:00:00,2012-09-05,2012,9,0,,TS,27.399999618530277,316.20001220703125,45.0,1005.0,IBTRACS_ERA5,OBS,1,27.399999618530277,316.20001220703125,2012246N29323,MICHAEL,0.0,val,-0.692143020097291,0.721760375561447,-1.0,-1.8369701987210294e-16,1.5509109497070312,-0.5882530212402344,216.84994506835935,3.270401793997735e-05,34.9598274230957,4.018299102783203,-4.396312713623047,239.25607299804688,0.0002062501152977,28.330575942993164,2.007965087890625,-2.8930702209472656,266.5082702636719,0.0015831532655283,34.078495025634766,1.2912025451660156,-5.689548492431641,281.5269470214844,0.0059798867441713,60.8145637512207,1.2159690856933594,-6.09906005859375,289.6790771484375,0.0114793544635176,82.77730560302734,4.5535536628449336e-05,1.7777460016077384e-05,5.520976543426514,2.016869306564331,-3.933248996734619,4.5535536628449336e-05,2.9086973881931044e-05,52.0043830871582,5.470754623413086
IBT_2012246N29323_2012090506,2012246N29323,MICHAEL,2012-09-05 06:00:00,2012-09-05,2012,9,6,,TS,27.799999237060547,316.20001220703125,45.0,1005.0,IBTRACS_ERA5,OBS,1,27.799999237060547,316.20001220703125,2012246N29323,MICHAEL,0.0,val,-0.692143020097291,0.721760375561447,-1.0,-1.8369701987210294e-16,1.5509109497070312,-0.5882530212402344,216.84994506835935,3.270401793997735e-05,34.9598274230957,4.018299102783203,-4.396312713623047,239.25607299804688,0.0002062501152977,28.330575942993164,2.007965087890625,-2.8930702209472656,266.5082702636719,0.0015831532655283,34.078495025634766,1.2912025451660156,-5.689548492431641,281.5269470214844,0.0059798867441713,60.8145637512207,1.2159690856933594,-6.09906005859375,289.6790771484375,0.0114793544635176,82.77730560302734,4.5535536628449336e-05,1.7777460016077384e-05,5.520976543426514,2.016869306564331,-3.933248996734619,4.5535536628449336e-05,2.9086973881931044e-05,52.0043830871582,5.470754623413086
IBT_2012246N29323_2012090512,2012246N29323,MICHAEL,2012-09-05 12:00:00,2012-09-05,2012,9,12,,TS,28.200000762939453,316.5,50.0,1001.0,IBTRACS_ERA5,OBS,1,28.200000762939453,316.5,2012246N29323,MICHAEL,0.0,val,-0.688354575693754,0.7253743710122875,-1.0,-1.8369701987210294e-16,5.051643371582031,1.6477088928222656,216.6473693847656,5.069065082352608e-05,55.5533561706543,2.143421173095703,1.5408210754394531,239.67123413085935,0.0004993485054001,65.86192321777344,3.050079345703125,2.4710655212402344,266.0210266113281,0.0033909771591424,75.7861328125,2.560123443603516,7.207302093505859,280.9615173339844,0.0070064277388155,74.0628890991211,2.03823471069336,10.09747314453125,288.927734375,0.0115044182166457,87.06710815429688,3.774289871216752e-05,2.9086973881931044e-05,8.971016883850098,2.968700408935547,4.592874050140381,4.5535536628449336e-05,2.9086973881931044e-05,50.55893707275391,5.470754623413086
IBT_2012246N29323_2012090518,2012246N29323,MICHAEL,2012-09-05 18:00:00,2012-09-05,2012,9,18,,TS,28.600000381469727,316.8999938964844,65.0,992.0,IBTRACS_ERA5,OBS,1,28.600000381469727,316.8999938964844,2012246N29323,MICHAEL,0.0,val,-0.6832738514623856,0.7301622038340233,-1.0,-1.8369701987210294e-16,5.051643371582031,1.6477088928222656,216.6473693847656,5.069065082352608e-05,55.5533561706543,2.143421173095703,1.5408210754394531,239.67123413085935,0.0004993485054001,65.86192321777344,3.050079345703125,2.4710655212402344,266.0210266113281,0.0033909771591424,75.7861328125,2.560123443603516,7.207302093505859,280.9615173339844,0.0070064277388155,74.0628890991211,2.03823471069336,10.09747314453125,288.927734375,0.0115044182166457,87.06710815429688,3.774289871216752e-05,2.9086973881931044e-05,8.971016883850098,2.968700408935547,4.592874050140381,4.5535536628449336e-05,2.9086973881931044e-05,50.55893707275391,5.470754623413086
NEG_20120905_01019,,,2012-09-05 00:00:00,2012-09-05,2012,9,0,,BG,5.0,,,,IBTRACS_ERA5,OBS,0,5.0,282.5,,,2739.180017517904,val,-0.9762960071199336,0.2164396139381024,-1.0,-1.8369701987210294e-16,-16.38732147216797,-6.620235443115234,219.47201538085935,7.65101722208783e-05,59.53809356689453,-11.291027069091797,-3.566234588623047,241.76889038085935,0.0004176342627033,44.97759628295898,-8.684661865234375,3.3422813415527344,267.1040954589844,0.0034739763941615,71.4383544921875,-2.5481529235839844,2.24648666381836,282.1580505371094,0.0080549921840429,78.4737548828125,1.8622093200683596,-2.14910888671875,289.6842041015625,0.0127630596980452,92.00379943847656,1.13097403300344e-05,-5.773898465122329e-06,18.78926086425781,-7.409790992736816,-1.3493621349334717,1.929373320308514e-05,1.0894898878177628e-05,75.75056457519531,10.94749355316162
NEG_20120905_01107,,,2012-09-05 00:00:00,2012-09-05,2012,9,0,,BG,42.5,,,,IBTRACS_ERA5,OBS,0,42.5,340.0,,,2584.8891407799915,val,-0.3420201433256686,0.9396926207859084,-1.0,-1.8369701987210294e-16,-4.269889831542969,0.0704383850097656,215.3287048339844,2.7352638426236808e-05,35.298194885253906,-3.914562225341797,0.4022712707519531,235.26412963867188,0.0001119294902309,22.90599250793457,-4.752288818359375,-4.101322174072266,265.5321960449219,0.0002885254798457,6.696927070617676,-7.012264251708984,-6.259372711181641,278.2810974121094,0.0040756971575319,51.86639022827149,-7.061130523681641,-6.71160888671875,286.9381103515625,0.0081954365596175,70.58517456054688,-2.512192804715596e-05,-2.2888503735885024e-05,7.333974838256836,-5.402027130126953,-3.3199188709259038,2.066501838271506e-05,2.8867041237390367e-06,40.99141693115234,2.3395137786865234
NEG_20120905_03603,,,2012-09-05 00:00:00,2012-09-05,2012,9,0,,BG,27.5,,,,IBTRACS_ERA5,OBS,0,27.5,282.5,,,1476.4639389346328,val,-0.9762960071199336,0.2164396139381024,-1.0,-1.8369701987210294e-16,-7.270256042480469,0.9593544006347656,223.23043823242188,2.7197107556276023e-05,13.62870979309082,-3.651256561279297,4.261768341064453,237.91848754882807,0.0003574857255443,56.02716827392578,-3.084442138671875,6.973140716552734,264.0752258300781,0.0021439434494823,55.752098083496094,1.4219398498535156,5.605617523193359,279.1769714355469,0.0050732702948153,60.65351486206055,1.4226341247558594,3.89593505859375,290.1590576171875,0.0083209043368697,58.1849479675293,-1.5213874576147646e-05,4.736349364975467e-05,9.17550277709961,-2.232276201248169,4.339163303375244,-7.224398359539919e-07,5.297471579979174e-05,45.71904373168945,2.198154926300049
IBT_2012242N13333_2012090600,2012242N13333,LESLIE,2012-09-06 00:00:00,2012-09-06,2012,9,0,,TS,26.0,297.3999938964844,65.0,984.0,IBTRACS_ERA5,OBS,1,26.0,297.3999938964844,2012242N13333,LESLIE,0.0,val,-0.8878154341598427,0.4601996902080336,-1.0,-1.8369701987210294e-16,8.622848510742188,-7.155841827392578,222.53216552734372,0.0001130694363382,61.40828323364258,19.62856674194336,-10.489246368408203,242.53884887695312,0.0002344011882087,23.45744132995605,20.12525177001953,-6.9200439453125,270.8389892578125,0.0020002066157758,31.038705825805664,21.33072662353516,0.8126602172851562,284.2394714355469,0.0082639083266258,69.97428894042969,24.282546997070312,6.002922058105469,292.07330322265625,0.0143682807683944,88.96894836425781,0.0001452632859582,9.875047544483095e-05,20.454320907592773,18.79798889160156,-3.549910068511963,0.0001452632859582,0.0001141147295129,57.84974670410156,7.634224414825439
IBT_2012242N13333_2012090606,2012242N13333,LESLIE,2012-09-06 06:00:00,2012-09-06,2012,9,6,,TS,26.200000762939453,297.5,65.0,984.0,IBTRACS_ERA5,OBS,1,26.200000762939453,297.5,2012242N13333,LESLIE,0.0,val,-0.8870108331782216,0.4617486132350341,-1.0,-1.8369701987210294e-16,8.622848510742188,-7.155841827392578,222.53216552734372,0.0001130694363382,61.40828323364258,19.62856674194336,-10.489246368408203,242.53884887695312,0.0002344011882087,23.45744132995605,20.12525177001953,-6.9200439453125,270.8389892578125,0.0020002066157758,31.038705825805664,21.33072662353516,0.8126602172851562,284.2394714355469,0.0082639083266258,69.97428894042969,24.282546997070312,6.002922058105469,292.07330322265625,0.0143682807683944,88.96894836425781,0.0001452632859582,9.875047544483095e-05,20.454320907592773,18.79798889160156,-3.549910068511963,0.0001452632859582,0.0001141147295129,57.84974670410156,7.634224414825439
IBT_2012242N13333_2012090612,2012242N13333,LESLIE,2012-09-06 12:00:00,2012-09-06,2012,9,12,,TS,26.299999237060547,297.6000061035156,65.0,983.0,IBTRACS_ERA5,OBS,1,26.299999237060547,297.6000061035156,2012242N13333,LESLIE,0.0,val,-0.8862035298779307,0.4632961295239748,-1.0,-1.8369701987210294e-16,-12.500564575195312,3.828777313232422,223.05645751953125,0.0001226480817422,62.701393127441406,-7.631931304931641,-8.604846954345703,245.0760803222656,0.0006776343798264,53.44009399414063,-18.68517303466797,-5.8582763671875,269.5814819335937,0.0041854246519505,71.33877563476562,-21.775230407714844,-1.9109115600585935,283.4222106933594,0.008773885667324,78.4778823852539,-26.595748901367188,1.9791183471679688,291.74688720703125,0.0136695653200149,86.40572357177734,0.0001360107416985,0.0001141147295129,14.216028213500977,-17.437728881835938,-2.113227844238281,0.0001452632859582,0.0001141147295129,62.358158111572266,7.634224414825439
IBT_2012242N13333_2012090618,2012242N13333,LESLIE,2012-09-06 18:00:00,2012-09-06,2012,9,18,,TS,26.399999618530277,297.70001220703125,65.0,982.0,IBTRACS_ERA5,OBS,1,26.399999618530277,297.70001220703125,2012242N13333,LESLIE,0.0,val,-0.8853935267184558,0.4648422343602774,-1.0,-1.8369701987210294e-16,-12.500564575195312,3.828777313232422,223.05645751953125,0.0001226480817422,62.701393127441406,-7.631931304931641,-8.604846954345703,245.0760803222656,0.0006776343798264,53.44009399414063,-18.68517303466797,-5.8582763671875,269.5814819335937,0.0041854246519505,71.33877563476562,-21.775230407714844,-1.9109115600585935,283.4222106933594,0.008773885667324,78.4778823852539,-26.595748901367188,1.9791183471679688,291.74688720703125,0.0136695653200149,86.40572357177734,0.0001360107416985,0.0001141147295129,14.216028213500977,-17.437728881835938,-2.113227844238281,0.0001452632859582,0.0001141147295129,62.358158111572266,7.634224414825439
IBT_2012246N29323_2012090600,2012246N29323,MICHAEL,2012-09-06 00:00:00,2012-09-06,2012,9,0,,TS,29.0,317.3999938964844,80.0,981.0,IBTRACS_ERA5,OBS,1,29.0,317.3999938964844,2012246N29323,MICHAEL,0.0,val,-0.6768760480964618,0.7360970150145402,-1.0,-1.8369701987210294e-16,1.4258270263671875,10.787273406982422,216.63958740234372,5.1391667511779815e-05,56.375587463378906,-2.4871559143066406,-0.7824592590332031,239.9530334472656,0.0005293249851092,67.92433166503906,-0.7485275268554688,-6.4517822265625,266.24072265625,0.003413104917854,74.9986572265625,0.1083145141601562,-5.420738220214844,279.9428405761719,0.0070024654269218,79.39349365234375,-0.6381072998046875,-3.6511306762695312,289.51617431640625,0.011737510561943,85.52881622314453,5.757753751822747e-05,4.685586463892832e-05,14.585175514221191,-0.4679298400878906,-1.1037673950195312,5.757753751822747e-05,4.685586463892832e-05,49.54755783081055,2.121908903121948
IBT_2012246N29323_2012090606,2012246N29323,MICHAEL,2012-09-06 06:00:00,2012-09-06,2012,9,6,,TS,29.399999618530277,318.0,95.0,968.0,IBTRACS_ERA5,OBS,1,29.399999618530277,318.0,2012246N29323,MICHAEL,0.0,val,-0.6691306063588581,0.7431448254773942,-1.0,-1.8369701987210294e-16,1.4258270263671875,10.787273406982422,216.63958740234372,5.1391667511779815e-05,56.375587463378906,-2.4871559143066406,-0.7824592590332031,239.9530334472656,0.0005293249851092,67.92433166503906,-0.7485275268554688,-6.4517822265625,266.24072265625,0.003413104917854,74.9986572265625,0.1083145141601562,-5.420738220214844,279.9428405761719,0.0070024654269218,79.39349365234375,-0.6381072998046875,-3.6511306762695312,289.51617431640625,0.011737510561943,85.52881622314453,5.757753751822747e-05,4.685586463892832e-05,14.585175514221191,-0.4679298400878906,-1.1037673950195312,5.757753751822747e-05,4.685586463892832e-05,49.54755783081055,2.121908903121948
IBT_2012246N29323_2012090612,2012246N29323,MICHAEL,2012-09-06 12:00:00,2012-09-06,2012,9,12,,TS,29.899999618530277,318.6000061035156,100.0,964.0,IBTRACS_ERA5,OBS,1,29.899999618530277,318.6000061035156,2012246N29323,MICHAEL,0.0,val,-0.661311785416984,0.750111140077656,-1.0,-1.8369701987210294e-16,1.4258270263671875,10.787273406982422,216.63958740234372,5.1391667511779815e-05,56.375587463378906,-2.4871559143066406,-0.7824592590332031,239.9530334472656,0.0005293249851092,67.92433166503906,-0.7485275268554688,-6.4517822265625,266.24072265625,0.003413104917854,74.9986572265625,0.1083145141601562,-5.420738220214844,279.9428405761719,0.0070024654269218,79.39349365234375,-0.6381072998046875,-3.6511306762695312,289.51617431640625,0.011737510561943,85.52881622314453,5.757753751822747e-05,4.685586463892832e-05,14.585175514221191,-0.4679298400878906,-1.1037673950195312,5.757753751822747e-05,4.685586463892832e-05,49.54755783081055,2.121908903121948
IBT_2012246N29323_2012090618,2012246N29323,MICHAEL,2012-09-06 18:00:00,2012-09-06,2012,9,18,,TS,30.299999237060547,319.0,95.0,968.0,IBTRACS_ERA5,OBS,1,30.299999237060547,319.0,2012246N29323,MICHAEL,0.0,val,-0.6560590289905074,0.7547095802227719,-1.0,-1.8369701987210294e-16,8.340377807617188,7.317302703857422,216.46282958984372,4.9758127715904266e-05,55.78509521484375,3.74428939819336,9.379405975341797,240.3939514160156,0.0005086607998237,62.53632354736328,1.3010330200195312,9.6016845703125,265.436767578125,0.0034101693890988,79.74103546142578,2.025550842285156,13.036293029785156,280.2257995605469,0.0060668215155601,67.45574188232422,-0.9603729248046876,11.715812683105469,288.60504150390625,0.0115070790052413,88.92151641845703,2.6370056730229408e-05,3.381730493856594e-05,10.288384437561035,2.8901755809783936,10.210100173950195,5.757753751822747e-05,4.685586463892832e-05,50.79169845581055,2.121908903121948
NEG_20120906_01631,,,2012-09-06 00:00:00,2012-09-06,2012,9,0,,BG,47.5,,,,IBTRACS_ERA5,OBS,0,47.5,275.0,,,3070.697637617635,val,-0.9961946980917455,0.0871557427476578,-1.0,-1.8369701987210294e-16,25.340377807617188,8.467449188232422,226.80157470703125,5.392713774199365e-06,1.8066074848175049,28.83095932006836,7.440441131591797,230.39517211914065,0.0001233279181178,41.93152618408203,20.63184356689453,2.8360595703125,256.6373291015625,0.0006380319828167,30.307025909423828,14.002113342285156,0.0486221313476562,272.5568542480469,0.0033777579665184,64.73162078857422,11.915115356445312,-1.1206130981445312,282.32647705078125,0.0065635293722152,76.84883880615234,6.541355560329976e-06,4.686118336394429e-05,16.497533798217773,20.144081115722656,3.5343918800354004,7.010168337728828e-05,6.71067537041381e-05,61.06559753417969,7.999017238616943
NEG_20120906_03424,,,2012-09-06 00:00:00,2012-09-06,2012,9,0,,BG,5.0,,,,IBTRACS_ERA5,OBS,0,5.0,290.0,,,2464.267500194286,val,-0.9396926207859084,0.342020143325669,-1.0,-1.8369701987210294e-16,-8.469680786132812,-2.727130889892578,219.15545654296875,4.759280272992328e-05,38.46469879150391,-5.708835601806641,-0.1445198059082031,241.4730529785156,0.0003709665907081,41.10030746459961,-6.741935729980469,1.7506103515625,266.620361328125,0.0033733339514583,71.99038696289062,-4.537437438964844,3.230140686035156,281.2301940917969,0.0073222741484642,75.99118041992188,2.3692169189453125,2.9301681518554688,290.38922119140625,0.0110786408185958,76.33776092529297,-7.36014681024244e-06,-4.0544136936659925e-06,12.226476669311523,-4.617734432220459,1.0078537464141846,2.9559592803707343e-05,8.535517736163456e-06,75.85885620117188,1.1695308685302734
IBT_2012242N13333_2012090700,2012242N13333,LESLIE,2012-09-07 00:00:00,2012-09-07,2012,9,0,,TS,26.5,297.79998779296875,65.0,982.0,IBTRACS_ERA5,OBS,1,26.5,297.79998779296875,2012242N13333,LESLIE,0.0,val,-0.8845810745800843,0.4663864518773496,-1.0,-1.8369701987210294e-16,-8.779109954833984,-5.582221984863281,223.9183349609375,0.0001358839072054,62.93831634521485,-5.978477478027344,-10.064582824707031,246.59239196777344,0.0010176666546612,69.7911376953125,-10.8232421875,-6.532623291015625,270.2049560546875,0.0052138455212116,84.81744384765625,-17.758831024169922,-7.277866363525391,284.3558959960937,0.0095346253365278,80.10831451416016,-21.404727935791016,-6.823295593261719,292.28570556640625,0.0145006142556667,88.59405517578125,0.0001541614474263,0.0001380324538331,12.686469078063965,-12.948877334594728,-7.256117820739746,0.0001541614474263,0.0001380324538331,60.9061393737793,10.474170684814451
IBT_2012242N13333_2012090706,2012242N13333,LESLIE,2012-09-07 06:00:00,2012-09-07,2012,9,6,,TS,26.600000381469727,297.79998779296875,65.0,982.0,IBTRACS_ERA5,OBS,1,26.600000381469727,297.79998779296875,2012242N13333,LESLIE,0.0,val,-0.8845810745800843,0.4663864518773496,-1.0,-1.8369701987210294e-16,-8.779109954833984,-5.582221984863281,223.9183349609375,0.0001358839072054,62.93831634521485,-5.978477478027344,-10.064582824707031,246.59239196777344,0.0010176666546612,69.7911376953125,-10.8232421875,-6.532623291015625,270.2049560546875,0.0052138455212116,84.81744384765625,-17.758831024169922,-7.277866363525391,284.3558959960937,0.0095346253365278,80.10831451416016,-21.404727935791016,-6.823295593261719,292.28570556640625,0.0145006142556667,88.59405517578125,0.0001541614474263,0.0001380324538331,12.686469078063965,-12.948877334594728,-7.256117820739746,0.0001541614474263,0.0001380324538331,60.9061393737793,10.474170684814451
IBT_2012242N13333_2012090712,2012242N13333,LESLIE,2012-09-07 12:00:00,2012-09-07,2012,9,12,,TS,26.799999237060547,297.79998779296875,60.0,981.0,IBTRACS_ERA5,OBS,1,26.799999237060547,297.79998779296875,2012242N13333,LESLIE,0.0,val,-0.8845810745800843,0.4663864518773496,-1.0,-1.8369701987210294e-16,-8.779109954833984,-5.582221984863281,223.9183349609375,0.0001358839072054,62.93831634521485,-5.978477478027344,-10.064582824707031,246.59239196777344,0.0010176666546612,69.7911376953125,-10.8232421875,-6.532623291015625,270.2049560546875,0.0052138455212116,84.81744384765625,-17.758831024169922,-7.277866363525391,284.3558959960937,0.0095346253365278,80.10831451416016,-21.404727935791016,-6.823295593261719,292.28570556640625,0.0145006142556667,88.59405517578125,0.0001541614474263,0.0001380324538331,12.686469078063965,-12.948877334594728,-7.256117820739746,0.0001541614474263,0.0001380324538331,60.9061393737793,10.474170684814451
IBT_2012242N13333_2012090718,2012242N13333,LESLIE,2012-09-07 18:00:00,2012-09-07,2012,9,18,,TS,27.100000381469727,297.79998779296875,60.0,981.0,IBTRACS_ERA5,OBS,1,27.100000381469727,297.79998779296875,2012242N13333,LESLIE,0.0,val,-0.8845810745800843,0.4663864518773496,-1.0,-1.8369701987210294e-16,-8.779109954833984,-5.582221984863281,223.9183349609375,0.0001358839072054,62.93831634521485,-5.978477478027344,-10.064582824707031,246.59239196777344,0.0010176666546612,69.7911376953125,-10.8232421875,-6.532623291015625,270.2049560546875,0.0052138455212116,84.81744384765625,-17.758831024169922,-7.277866363525391,284.3558959960937,0.0095346253365278,80.10831451416016,-21.404727935791016,-6.823295593261719,292.28570556640625,0.0145006142556667,88.59405517578125,0.0001541614474263,0.0001380324538331,12.686469078063965,-12.948877334594728,-7.256117820739746,0.0001541614474263,0.0001380324538331,60.9061393737793,10.474170684814451
IBT_2012246N29323_2012090700,2012246N29323,MICHAEL,2012-09-07 00:00:00,2012-09-07,2012,9,0,,TS,30.600000381469727,319.20001220703125,90.0,970.0,IBTRACS_ERA5,OBS,1,30.600000381469727,319.20001220703125,2012246N29323,MICHAEL,0.0,val,-0.6534204427101086,0.7569951948648853,-1.0,-1.8369701987210294e-16,-0.7481040954589844,3.2247848510742188,217.13592529296875,4.958569843438454e-05,51.17973327636719,1.3778457641601562,6.843742370605469,240.59922790527344,0.0004152182373218,50.04353713989258,8.01416015625,10.817108154296877,266.65997314453125,0.0034612230956554,73.6415786743164,10.816120147705078,9.95150375366211,280.3290405273437,0.0063717942684888,70.34468841552734,9.052791595458984,10.87604522705078,289.43414306640625,0.0113625489175319,83.23416900634766,5.889056046726182e-05,5.8591940614860505e-05,12.433798789978027,5.702562808990479,8.342637062072754,5.889056046726182e-05,5.8591940614860505e-05,46.56208038330078,2.9060606956481934
IBT_2012246N29323_2012090706,2012246N29323,MICHAEL,2012-09-07 06:00:00,2012-09-07,2012,9,6,,TS,30.899999618530277,319.20001220703125,90.0,970.0,IBTRACS_ERA5,OBS,1,30.899999618530277,319.20001220703125,2012246N29323,MICHAEL,0.0,val,-0.6534204427101086,0.7569951948648853,-1.0,-1.8369701987210294e-16,-0.7481040954589844,3.2247848510742188,217.13592529296875,4.958569843438454e-05,51.17973327636719,1.3778457641601562,6.843742370605469,240.59922790527344,0.0004152182373218,50.04353713989258,8.01416015625,10.817108154296877,266.65997314453125,0.0034612230956554,73.6415786743164,10.816120147705078,9.95150375366211,280.3290405273437,0.0063717942684888,70.34468841552734,9.052791595458984,10.87604522705078,289.43414306640625,0.0113625489175319,83.23416900634766,5.889056046726182e-05,5.8591940614860505e-05,12.433798789978027,5.702562808990479,8.342637062072754,5.889056046726182e-05,5.8591940614860505e-05,46.56208038330078,2.9060606956481934
IBT_2012246N29323_2012090712,2012246N29323,MICHAEL,2012-09-07 12:00:00,2012-09-07,2012,9,12,,TS,31.100000381469727,319.0,90.0,970.0,IBTRACS_ERA5,OBS,1,31.100000381469727,319.0,2012246N29323,MICHAEL,0.0,val,-0.6560590289905074,0.7547095802227719,-1.0,-1.8369701987210294e-16,-0.7481040954589844,3.2247848510742188,217.13592529296875,4.958569843438454e-05,51.17973327636719,1.3778457641601562,6.843742370605469,240.59922790527344,0.0004152182373218,50.04353713989258,8.01416015625,10.817108154296877,266.65997314453125,0.0034612230956554,73.6415786743164,10.816120147705078,9.95150375366211,280.3290405273437,0.0063717942684888,70.34468841552734,9.052791595458984,10.87604522705078,289.43414306640625,0.0113625489175319,83.23416900634766,5.889056046726182e-05,5.8591940614860505e-05,12.433798789978027,5.702562808990479,8.342637062072754,5.889056046726182e-05,5.8591940614860505e-05,46.56208038330078,2.9060606956481934
IBT_2012246N29323_2012090718,2012246N29323,MICHAEL,2012-09-07 18:00:00,2012-09-07,2012,9,18,,TS,31.299999237060547,318.79998779296875,85.0,973.0,IBTRACS_ERA5,OBS,1,31.299999237060547,318.79998779296875,2012246N29323,MICHAEL,0.0,val,-0.6586896204228343,0.752414768560016,-1.0,-1.8369701987210294e-16,2.414005279541016,1.6969528198242188,216.80157470703125,4.943622116115876e-05,53.16107177734375,-1.965171813964844,-0.9440994262695312,240.18199157714844,0.0003584746154956,44.98771667480469,-7.078857421875,2.783416748046875,266.73028564453125,0.0028753839433193,60.84773635864258,-7.408000946044922,8.41061019897461,281.1303100585937,0.0067763309925794,70.80747985839844,-8.319522857666016,9.66925811767578,289.39239501953125,0.0115979872643947,85.18717193603516,5.273041824693792e-05,3.802544233622029e-05,13.37035083770752,-4.4715094566345215,4.323227882385254,5.889056046726182e-05,5.8591940614860505e-05,46.597599029541016,2.9060606956481934
NEG_20120907_00735,,,2012-09-07 00:00:00,2012-09-07,2012,9,0,,BG,42.5,,,,IBTRACS_ERA5,OBS,0,42.5,297.5,,,1712.6176422166163,val,-0.8870108331782216,0.4617486132350341,-1.0,-1.8369701987210294e-16,23.01886367797852,8.869071960449219,221.7098388671875,2.6488432922633365e-05,15.827856063842772,21.20890045166016,10.946281433105469,240.0775604248047,0.0004412710550241,55.94326019287109,15.0504150390625,4.624847412109375,265.1244506835937,0.0021358616650104,51.17021179199219,11.563312530517578,-0.9505958557128906,281.05438232421875,0.0017913111951202,18.81536674499512,9.602108001708984,-4.131889343261719,288.39801025390625,0.00588348088786,46.078125,2.1136864233994856e-05,-6.060969326426857e-07,18.68246078491211,16.088720321655273,3.8715431690216064,5.16964792041108e-05,2.8231768737896346e-05,44.87947845458984,2.0615177154541016
NEG_20120907_02036,,,2012-09-07 00:00:00,2012-09-07,2012,9,0,,BG,27.5,,,,IBTRACS_ERA5,OBS,0,27.5,357.5,,,3718.7386645770794,val,-0.0436193873653361,0.9990482215818578,-1.0,-1.8369701987210294e-16,24.96564102172852,6.598442077636719,219.17474365234372,1.577263537910767e-05,12.718085289001465,14.845130920410156,7.355949401855469,237.5830535888672,0.0002582214656285,41.84191131591797,9.083251953125,4.616546630859375,264.17022705078125,0.0029286183416843,75.59170532226562,2.451374053955078,1.9342308044433596,282.64044189453125,0.0059328656643629,55.94020080566406,0.5479087829589844,-0.4650192260742187,297.0101928710937,0.0069114821963012,31.507272720336918,-2.901277912314981e-05,-2.4308825231855732e-05,25.418853759765625,10.378661155700684,4.008029937744141,2.4678694899193943e-05,1.8047088815364987e-05,51.65498352050781,10.359018325805664
NEG_20120907_03230,,,2012-09-07 00:00:00,2012-09-07,2012,9,0,,BG,22.5,,,,IBTRACS_ERA5,OBS,0,22.5,312.5,,,1119.8086650345194,val,-0.7372773368101242,0.6755902076156601,-1.0,-1.8369701987210294e-16,17.157413482666016,-16.60858917236328,218.53399658203125,5.335522655514069e-05,46.46682357788086,16.257118225097656,-6.368537902832031,239.6100311279297,0.0003956735017709,52.50036239624024,2.3521728515625,-2.879547119140625,265.25927734375,0.0020890496671199,49.52679443359375,1.566486358642578,-0.2058448791503906,281.14666748046875,0.0053766500204801,56.11903381347656,1.3106040954589844,0.3422317504882812,289.65008544921875,0.0107911489903926,77.9595947265625,-5.3374010349216405e-06,1.0090979230881205e-05,23.204561233520508,7.728758811950684,-5.144057273864746,5.48434172742418e-06,1.4545355043082964e-05,42.37797546386719,3.941767454147339
IBT_2012242N13333_2012090800,2012242N13333,LESLIE,2012-09-08 00:00:00,2012-09-08,2012,9,0,,TS,27.399999618530277,297.70001220703125,60.0,983.0,IBTRACS_ERA5,OBS,1,27.399999618530277,297.70001220703125,2012242N13333,LESLIE,0.0,val,-0.8853935267184558,0.4648422343602774,-1.0,-1.8369701987210294e-16,1.7141571044921875,-5.3259124755859375,223.6553497314453,0.0001294137327931,61.76862716674805,10.2884521484375,-3.662273406982422,245.96429443359372,0.0007994062616489,58.07563781738281,14.223506927490234,0.9476051330566406,272.4114074707031,0.004469689913094,61.76115798950195,9.911121368408203,1.4405632019042969,285.7847900390625,0.0110983606427907,84.7998275756836,9.511871337890623,1.7234954833984375,292.27423095703125,0.0152522251009941,93.25353240966795,0.0001732982054818,0.0001336498244199,10.511826515197754,9.12982177734375,-0.9753044247627258,0.0001732982054818,0.0001336498244199,58.68863677978516,10.511826515197754
IBT_2012242N13333_2012090806,2012242N13333,LESLIE,2012-09-08 06:00:00,2012-09-08,2012,9,6,,TS,27.799999237060547,297.6000061035156,55.0,985.0,IBTRACS_ERA5,OBS,1,27.799999237060547,297.6000061035156,2012242N13333,LESLIE,0.0,val,-0.8862035298779307,0.4632961295239748,-1.0,-1.8369701987210294e-16,1.7141571044921875,-5.3259124755859375,223.6553497314453,0.0001294137327931,61.76862716674805,10.2884521484375,-3.662273406982422,245.96429443359372,0.0007994062616489,58.07563781738281,14.223506927490234,0.9476051330566406,272.4114074707031,0.004469689913094,61.76115798950195,9.911121368408203,1.4405632019042969,285.7847900390625,0.0110983606427907,84.7998275756836,9.511871337890623,1.7234954833984375,292.27423095703125,0.0152522251009941,93.25353240966795,0.0001732982054818,0.0001336498244199,10.511826515197754,9.12982177734375,-0.9753044247627258,0.0001732982054818,0.0001336498244199,58.68863677978516,10.511826515197754
IBT_2012242N13333_2012090812,2012242N13333,LESLIE,2012-09-08 12:00:00,2012-09-08,2012,9,12,,TS,28.299999237060547,297.5,55.0,987.0,IBTRACS_ERA5,OBS,1,28.299999237060547,297.5,2012242N13333,LESLIE,0.0,val,-0.8870108331782216,0.4617486132350341,-1.0,-1.8369701987210294e-16,1.7141571044921875,-5.3259124755859375,223.6553497314453,0.0001294137327931,61.76862716674805,10.2884521484375,-3.662273406982422,245.96429443359372,0.0007994062616489,58.07563781738281,14.223506927490234,0.9476051330566406,272.4114074707031,0.004469689913094,61.76115798950195,9.911121368408203,1.4405632019042969,285.7847900390625,0.0110983606427907,84.7998275756836,9.511871337890623,1.7234954833984375,292.27423095703125,0.0152522251009941,93.25353240966795,0.0001732982054818,0.0001336498244199,10.511826515197754,9.12982177734375,-0.9753044247627258,0.0001732982054818,0.0001336498244199,58.68863677978516,10.511826515197754
IBT_2012242N13333_2012090818,2012242N13333,LESLIE,2012-09-08 18:00:00,2012-09-08,2012,9,18,,TS,29.0,297.5,55.0,988.0,IBTRACS_ERA5,OBS,1,29.0,297.5,2012242N13333,LESLIE,0.0,val,-0.8870108331782216,0.4617486132350341,-1.0,-1.8369701987210294e-16,-2.9811553955078125,4.3797760009765625,222.48036193847656,0.0001151163014583,62.8957633972168,-11.7877197265625,4.277179718017578,246.3248291015625,0.0010623428970575,74.66294860839844,-20.604251861572266,7.129001617431641,269.3940734863281,0.005732093937695,99.0852279663086,-25.4538688659668,1.6972770690917969,283.346923828125,0.0096551682800054,86.79907989501953,-26.67172241210937,-1.9947662353515625,291.10211181640625,0.0135728940367698,89.3733901977539,0.000101939716842,9.95037698885426e-05,24.5331974029541,-17.499744415283203,3.097693681716919,0.0001732982054818,0.0001336498244199,56.29905319213867,10.511826515197754
IBT_2012246N29323_2012090800,2012246N29323,MICHAEL,2012-09-08 00:00:00,2012-09-08,2012,9,0,,TS,31.600000381469727,318.5,80.0,977.0,IBTRACS_ERA5,OBS,1,31.600000381469727,318.5,2012246N29323,MICHAEL,0.0,val,-0.6626200482157378,0.7489557207890019,-1.0,-1.8369701987210294e-16,1.2205047607421875,5.8282623291015625,218.2837677001953,5.9324491303414106e-05,53.25054550170898,1.33447265625,-3.610759735107422,239.91949462890625,0.0001181848056148,15.215372085571287,-2.0174598693847656,-7.224514007568359,267.7097473144531,0.0022981809452176,45.124000549316406,-2.904308319091797,-5.734729766845703,281.7967529296875,0.0076254359446465,76.13652801513672,-3.148284912109375,-6.0462799072265625,289.84246826171875,0.0124600157141685,88.91222381591797,7.281572470674291e-05,6.659670179942623e-05,12.6527099609375,-1.1030151844024658,-3.3576042652130127,7.281572470674291e-05,6.659670179942623e-05,44.935691833496094,0.7435483932495117
IBT_2012246N29323_2012090806,2012246N29323,MICHAEL,2012-09-08 06:00:00,2012-09-08,2012,9,6,,TS,32.0,318.29998779296875,80.0,978.0,IBTRACS_ERA5,OBS,1,32.0,318.29998779296875,2012246N29323,MICHAEL,0.0,val,-0.6652305137277664,0.7466380405561265,-1.0,-1.8369701987210294e-16,1.2205047607421875,5.8282623291015625,218.2837677001953,5.9324491303414106e-05,53.25054550170898,1.33447265625,-3.610759735107422,239.91949462890625,0.0001181848056148,15.215372085571287,-2.0174598693847656,-7.224514007568359,267.7097473144531,0.0022981809452176,45.124000549316406,-2.904308319091797,-5.734729766845703,281.7967529296875,0.0076254359446465,76.13652801513672,-3.148284912109375,-6.0462799072265625,289.84246826171875,0.0124600157141685,88.91222381591797,7.281572470674291e-05,6.659670179942623e-05,12.6527099609375,-1.1030151844024658,-3.3576042652130127,7.281572470674291e-05,6.659670179942623e-05,44.935691833496094,0.7435483932495117
IBT_2012246N29323_2012090812,2012246N29323,MICHAEL,2012-09-08 12:00:00,2012-09-08,2012,9,12,,TS,32.400001525878906,318.1000061035156,85.0,975.0,IBTRACS_ERA5,OBS,1,32.400001525878906,318.1000061035156,2012246N29323,MICHAEL,0.0,val,-0.6678324761821809,0.7443116173729769,-1.0,-1.8369701987210294e-16,1.2205047607421875,5.8282623291015625,218.2837677001953,5.9324491303414106e-05,53.25054550170898,1.33447265625,-3.610759735107422,239.91949462890625,0.0001181848056148,15.215372085571287,-2.0174598693847656,-7.224514007568359,267.7097473144531,0.0022981809452176,45.124000549316406,-2.904308319091797,-5.734729766845703,281.7967529296875,0.0076254359446465,76.13652801513672,-3.148284912109375,-6.0462799072265625,289.84246826171875,0.0124600157141685,88.91222381591797,7.281572470674291e-05,6.659670179942623e-05,12.6527099609375,-1.1030151844024658,-3.3576042652130127,7.281572470674291e-05,6.659670179942623e-05,44.935691833496094,0.7435483932495117
IBT_2012246N29323_2012090818,2012246N29323,MICHAEL,2012-09-08 18:00:00,2012-09-08,2012,9,18,,TS,32.900001525878906,317.8999938964844,90.0,972.0,IBTRACS_ERA5,OBS,1,32.900001525878906,317.8999938964844,2012246N29323,MICHAEL,0.0,val,-0.6704266979988428,0.7419757695574488,-1.0,-1.8369701987210294e-16,1.2205047607421875,5.8282623291015625,218.2837677001953,5.9324491303414106e-05,53.25054550170898,1.33447265625,-3.610759735107422,239.91949462890625,0.0001181848056148,15.215372085571287,-2.0174598693847656,-7.224514007568359,267.7097473144531,0.0022981809452176,45.124000549316406,-2.904308319091797,-5.734729766845703,281.7967529296875,0.0076254359446465,76.13652801513672,-3.148284912109375,-6.0462799072265625,289.84246826171875,0.0124600157141685,88.91222381591797,7.281572470674291e-05,6.659670179942623e-05,12.6527099609375,-1.1030151844024658,-3.3576042652130127,7.281572470674291e-05,6.659670179942623e-05,44.935691833496094,0.7435483932495117
NEG_20120908_00380,,,2012-09-08 00:00:00,2012-09-08,2012,9,0,,BG,7.5,,,,IBTRACS_ERA5,OBS,0,7.5,315.0,,,2704.267613752182,val,-0.7071067811865477,0.7071067811865474,-1.0,-1.8369701987210294e-16,-10.377639770507812,3.7530670166015625,218.5997467041016,3.285491038695909e-05,28.387269973754883,-14.8616943359375,5.808185577392578,240.2623291015625,9.69711400102824e-05,12.075098991394045,-4.945560455322266,-0.4793968200683594,267.6684875488281,0.0019867764785885,39.132469177246094,-2.742687225341797,-3.313709259033203,281.374755859375,0.0084285642951726,86.61243438720703,1.088775634765625,2.691757202148437,289.48028564453125,0.0118026360869407,86.20191955566406,7.177322913776152e-07,-6.374531949404627e-06,11.515426635742188,-6.367761135101318,1.6919807195663452,1.344413249171339e-05,-3.394915893295547e-06,55.247169494628906,2.358686685562134
NEG_20120908_03936,,,2012-09-08 00:00:00,2012-09-08,2012,9,0,,BG,0.0,,,,IBTRACS_ERA5,OBS,0,0.0,327.5,,,3639.2572189520033,val,-0.5372996083468242,0.8433914458128855,-1.0,-1.8369701987210294e-16,-15.840042114257812,-3.175888061523437,219.8238677978516,2.43356353166746e-05,18.159500122070312,-6.9659423828125,4.462238311767578,241.0716552734375,8.673404227010906e-05,9.987505912780762,-7.812503814697266,-0.1903343200683593,267.3735656738281,0.0007104324758984,14.311345100402832,-10.729503631591797,-0.6220588684082031,280.9248046875,0.0044349036179482,46.99815368652344,-3.933929443359375,6.5916595458984375,288.61920166015625,0.0096985921263694,74.87773895263672,-4.150799668423133e-06,-5.154192876943853e-06,15.400016784667969,-9.056384086608888,1.413123369216919,5.90054605709156e-06,7.307897249120288e-06,49.42260360717773,6.157851696014404
IBT_2012242N13333_2012090900,2012242N13333,LESLIE,2012-09-09 00:00:00,2012-09-09,2012,9,0,,TS,29.700000762939453,297.3999938964844,55.0,988.0,IBTRACS_ERA5,OBS,1,29.700000762939453,297.3999938964844,2012242N13333,LESLIE,0.0,val,-0.8878154341598427,0.4601996902080336,-1.0,-1.8369701987210294e-16,-0.7214775085449219,-0.454010009765625,224.00181579589844,0.0001286127371713,59.00637435913086,4.776363372802734,1.6863136291503906,246.8004608154297,0.000920936174225,61.96746063232422,15.462020874023438,3.734901428222656,270.7725830078125,0.0040086451917886,62.51271438598633,15.224227905273438,1.7568855285644531,285.07794189453125,0.0101309511810541,81.1207504272461,14.57204818725586,1.3319778442382812,292.4155578613281,0.0148712247610092,90.11846923828124,0.0001382621121592,0.0001045697354129,15.397457122802734,9.86263656616211,1.6112136840820312,0.0001382621121592,0.0001045697354129,54.734619140625,8.968517303466797
IBT_2012242N13333_2012090906,2012242N13333,LESLIE,2012-09-09 06:00:00,2012-09-09,2012,9,6,,TS,30.5,297.3999938964844,55.0,988.0,IBTRACS_ERA5,OBS,1,30.5,297.3999938964844,2012242N13333,LESLIE,0.0,val,-0.8878154341598427,0.4601996902080336,-1.0,-1.8369701987210294e-16,-0.7214775085449219,-0.454010009765625,224.00181579589844,0.0001286127371713,59.00637435913086,4.776363372802734,1.6863136291503906,246.8004608154297,0.000920936174225,61.96746063232422,15.462020874023438,3.734901428222656,270.7725830078125,0.0040086451917886,62.51271438598633,15.224227905273438,1.7568855285644531,285.07794189453125,0.0101309511810541,81.1207504272461,14.57204818725586,1.3319778442382812,292.4155578613281,0.0148712247610092,90.11846923828124,0.0001382621121592,0.0001045697354129,15.397457122802734,9.86263656616211,1.6112136840820312,0.0001382621121592,0.0001045697354129,54.734619140625,8.968517303466797
IBT_2012242N13333_2012090912,2012242N13333,LESLIE,2012-09-09 12:00:00,2012-09-09,2012,9,12,,TS,31.5,297.5,55.0,988.0,IBTRACS_ERA5,OBS,1,31.5,297.5,2012242N13333,LESLIE,0.0,val,-0.8870108331782216,0.4617486132350341,-1.0,-1.8369701987210294e-16,0.5476875305175781,6.691253662109375,223.8976287841797,0.0001286765327677,59.74095153808594,-5.051761627197266,4.073764801025391,246.9619598388672,0.0009311192552559,61.73600769042969,-11.790908813476562,3.670082092285156,270.10662841796875,0.0055822450667619,91.47959899902344,-13.640151977539062,2.449512481689453,284.53961181640625,0.0103744808584451,86.10214233398438,-14.60239028930664,2.038520812988281,292.2117004394531,0.0149473398923873,91.7502670288086,0.0001273738598683,0.0001029395061777,15.848431587219238,-8.90750503540039,3.784626722335816,0.0001382621121592,0.0001045697354129,51.30736923217773,12.002418518066406
IBT_2012242N13333_2012090918,2012242N13333,LESLIE,2012-09-09 18:00:00,2012-09-09,2012,9,18,,TS,32.599998474121094,297.70001220703125,55.0,988.0,IBTRACS_ERA5,OBS,1,32.599998474121094,297.70001220703125,2012242N13333,LESLIE,0.0,val,-0.8853935267184558,0.4648422343602774,-1.0,-1.8369701987210294e-16,0.5476875305175781,6.691253662109375,223.8976287841797,0.0001286765327677,59.74095153808594,-5.051761627197266,4.073764801025391,246.9619598388672,0.0009311192552559,61.73600769042969,-11.790908813476562,3.670082092285156,270.10662841796875,0.0055822450667619,91.47959899902344,-13.640151977539062,2.449512481689453,284.53961181640625,0.0103744808584451,86.10214233398438,-14.60239028930664,2.038520812988281,292.2117004394531,0.0149473398923873,91.7502670288086,0.0001273738598683,0.0001029395061777,15.848431587219238,-8.90750503540039,3.784626722335816,0.0001382621121592,0.0001045697354129,51.30736923217773,12.002418518066406
IBT_2012246N29323_2012090900,2012246N29323,MICHAEL,2012-09-09 00:00:00,2012-09-09,2012,9,0,,TS,33.29999923706055,317.70001220703125,90.0,973.0,IBTRACS_ERA5,OBS,1,33.29999923706055,317.70001220703125,2012246N29323,MICHAEL,0.0,val,-0.673012355929218,0.7396312383658518,-1.0,-1.8369701987210294e-16,0.2370185852050781,-3.230865478515625,218.5847625732422,6.467093044193462e-05,55.97792816162109,2.5032920837402344,3.619174957275391,240.78257751464844,0.0005008575390093,59.30473327636719,6.6335296630859375,5.466712951660156,266.40948486328125,0.0033916030079126,73.56368255615234,9.319564819335938,6.008960723876953,280.7807006835937,0.007218012586236,77.25130462646484,10.07656478881836,5.655281066894531,289.3733215332031,0.0117425471544265,86.35482025146484,7.520304643549025e-05,7.776481652399525e-05,13.258214950561523,5.753993988037109,3.503852844238281,7.520304643549025e-05,7.776481652399525e-05,43.1746826171875,3.2640326023101807
IBT_2012246N29323_2012090906,2012246N29323,MICHAEL,2012-09-09 06:00:00,2012-09-09,2012,9,6,,TS,33.599998474121094,317.3999938964844,85.0,976.0,IBTRACS_ERA5,OBS,1,33.599998474121094,317.3999938964844,2012246N29323,MICHAEL,0.0,val,-0.6768760480964618,0.7360970150145402,-1.0,-1.8369701987210294e-16,0.2370185852050781,-3.230865478515625,218.5847625732422,6.467093044193462e-05,55.97792816162109,2.5032920837402344,3.619174957275391,240.78257751464844,0.0005008575390093,59.30473327636719,6.6335296630859375,5.466712951660156,266.40948486328125,0.0033916030079126,73.56368255615234,9.319564819335938,6.008960723876953,280.7807006835937,0.007218012586236,77.25130462646484,10.07656478881836,5.655281066894531,289.3733215332031,0.0117425471544265,86.35482025146484,7.520304643549025e-05,7.776481652399525e-05,13.258214950561523,5.753993988037109,3.503852844238281,7.520304643549025e-05,7.776481652399525e-05,43.1746826171875,3.2640326023101807
IBT_2012246N29323_2012090912,2012246N29323,MICHAEL,2012-09-09 12:00:00,2012-09-09,2012,9,12,,TS,33.70000076293945,317.1000061035156,85.0,976.0,IBTRACS_ERA5,OBS,1,33.70000076293945,317.1000061035156,2012246N29323,MICHAEL,0.0,val,-0.680720790923724,0.7325429713021481,-1.0,-1.8369701987210294e-16,0.2370185852050781,-3.230865478515625,218.5847625732422,6.467093044193462e-05,55.97792816162109,2.5032920837402344,3.619174957275391,240.78257751464844,0.0005008575390093,59.30473327636719,6.6335296630859375,5.466712951660156,266.40948486328125,0.0033916030079126,73.56368255615234,9.319564819335938,6.008960723876953,280.7807006835937,0.007218012586236,77.25130462646484,10.07656478881836,5.655281066894531,289.3733215332031,0.0117425471544265,86.35482025146484,7.520304643549025e-05,7.776481652399525e-05,13.258214950561523,5.753993988037109,3.503852844238281,7.520304643549025e-05,7.776481652399525e-05,43.1746826171875,3.2640326023101807
IBT_2012246N29323_2012090918,2012246N29323,MICHAEL,2012-09-09 18:00:00,2012-09-09,2012,9,18,,TS,33.70000076293945,316.5,80.0,979.0,IBTRACS_ERA5,OBS,1,33.70000076293945,316.5,2012246N29323,MICHAEL,0.0,val,-0.688354575693754,0.7253743710122875,-1.0,-1.8369701987210294e-16,0.2370185852050781,-3.230865478515625,218.5847625732422,6.467093044193462e-05,55.97792816162109,2.5032920837402344,3.619174957275391,240.78257751464844,0.0005008575390093,59.30473327636719,6.6335296630859375,5.466712951660156,266.40948486328125,0.0033916030079126,73.56368255615234,9.319564819335938,6.008960723876953,280.7807006835937,0.007218012586236,77.25130462646484,10.07656478881836,5.655281066894531,289.3733215332031,0.0117425471544265,86.35482025146484,7.520304643549025e-05,7.776481652399525e-05,13.258214950561523,5.753993988037109,3.503852844238281,7.520304643549025e-05,7.776481652399525e-05,43.1746826171875,3.2640326023101807
NEG_20120909_00153,,,2012-09-09 00:00:00,2012-09-09,2012,9,0,,BG,20.0,,,,IBTRACS_ERA5,OBS,0,20.0,350.0,,,3514.72784844221,val,-0.1736481776669304,0.984807753012208,-1.0,-1.8369701987210294e-16,2.746295928955078,2.290618896484375,219.33116149902344,2.182822572649457e-05,17.274477005004883,-0.8796424865722656,-2.9147605895996094,241.0232391357422,8.40906795929186e-05,9.728391647338867,-12.427871704101562,-1.2358016967773438,265.8575439453125,0.001226628315635,27.762853622436523,-12.166885375976562,-0.4650382995605469,285.75714111328125,0.0049240980297327,37.692649841308594,-14.44992446899414,-7.280082702636719,300.7597961425781,0.0058581084012985,21.3053035736084,-2.000520453293575e-06,-2.3322309061768465e-05,19.680150985717773,-7.435605525970459,-1.9210128784179688,3.0254774173954505e-05,1.365385287499521e-05,42.49213790893555,3.6925981044769287
NEG_20120909_02179,,,2012-09-09 00:00:00,2012-09-09,2012,9,0,,BG,5.0,,,,IBTRACS_ERA5,OBS,0,5.0,22.5,,,7369.3139190697375,val,0.3826834323650898,0.9238795325112868,-1.0,-1.8369701987210294e-16,-14.457561492919922,-1.572662353515625,218.5493011474609,6.803719588788226e-05,59.14400100708008,-10.087406158447266,-2.8127098083496094,241.1763153076172,0.0002614107797853,29.799955368041992,-6.4603424072265625,0.3755264282226562,267.0335693359375,0.0032591763883829,67.38407897949219,0.4971771240234375,-0.7018547058105469,282.26324462890625,0.0069743786007165,67.4627456665039,4.256130218505859,1.3833694458007812,290.8552551269531,0.0128812044858932,86.16057586669922,-5.710403002012754e-06,-1.2944990430696637e-06,18.94572257995605,-5.250400543212891,-0.6656662225723267,2.1525449483306147e-05,3.993057362094987e-06,69.90950012207031,7.19094705581665
NEG_20120909_03129,,,2012-09-09 00:00:00,2012-09-09,2012,9,0,,BG,15.0,,,,IBTRACS_ERA5,OBS,0,15.0,285.0,,,2069.690928903111,val,-0.9659258262890684,0.2588190451025203,-1.0,-1.8369701987210294e-16,-8.699016571044922,2.041595458984375,219.45030212402344,2.7743986720452085e-05,21.645662307739254,-9.348880767822266,1.5847511291503906,241.0039520263672,0.0001150925454567,13.339743614196776,-6.0714263916015625,4.681678771972656,267.1309814453125,0.0012354796053841,25.354005813598636,-7.365615844726562,2.688770294189453,284.10772705078125,0.0031416211277246,26.837007522583008,-10.07492446899414,2.024848937988281,293.0732727050781,0.0094663351774215,55.04419708251953,-3.168831881339429e-07,-1.068809342541499e-05,1.376009821891785,-8.311972618103027,2.6043288707733154,2.303542714798823e-05,-5.338859409675933e-06,39.23417663574219,0.5369405150413513
NEG_20120909_03888,,,2012-09-09 00:00:00,2012-09-09,2012,9,0,,BG,2.5,,,,IBTRACS_ERA5,OBS,0,2.5,342.5,,,4287.704512957284,val,-0.300705799504273,0.9537169507482268,-1.0,-1.8369701987210294e-16,-13.547649383544922,-5.362701416015625,219.2678680419922,3.852846930385567e-05,30.72251319885254,-13.455570220947266,-6.345302581787109,240.8512420654297,0.000379683158826,44.65988540649414,-3.7483062744140634,-5.185997009277344,266.772216796875,0.0030374769121408,64.07132720947266,-3.8125152587890634,-4.240550994873047,281.9227905273437,0.006821209564805,67.52500915527344,-0.0851783752441406,0.7126541137695312,289.2418518066406,0.0114099234342575,84.62149047851562,-1.6831454558996484e-05,6.256002507143421e-07,14.76983642578125,-6.929843902587891,-4.08437967300415,4.52158747066278e-06,1.7430227671866305e-05,61.259525299072266,1.6058952808380127
IBT_2012242N13333_2012091000,2012242N13333,LESLIE,2012-09-10 00:00:00,2012-09-10,2012,9,0,,TS,33.79999923706055,298.0,55.0,988.0,IBTRACS_ERA5,OBS,1,33.79999923706055,298.0,2012242N13333,LESLIE,0.0,val,-0.8829475928589271,0.4694715627858904,-1.0,-1.8369701987210294e-16,5.550651550292969,4.272487640380859,224.4048309326172,8.399886428378522e-05,36.812042236328125,3.5377197265625,-0.8150482177734375,246.42669677734372,0.0008604100439697,59.908668518066406,4.210205078125,-5.957244873046875,270.6158447265625,0.0046161939390003,72.830810546875,4.072944641113281,-7.794395446777344,284.0648803710937,0.0090037770569324,77.13482666015625,4.000770568847656,-7.855712890625,291.97198486328125,0.013611945323646,84.8263931274414,0.0001127564173657,8.11386271379888e-05,12.22683048248291,4.274458408355713,-3.629982709884644,0.0001143960544141,9.499446605332196e-05,59.37424850463867,2.624838590621948
IBT_2012242N13333_2012091006,2012242N13333,LESLIE,2012-09-10 06:00:00,2012-09-10,2012,9,6,,TS,35.099998474121094,298.3999938964844,60.0,985.0,IBTRACS_ERA5,OBS,1,35.099998474121094,298.3999938964844,2012242N13333,LESLIE,0.0,val,-0.879648623533167,0.4756241153644384,-1.0,-1.8369701987210294e-16,5.550651550292969,4.272487640380859,224.4048309326172,8.399886428378522e-05,36.812042236328125,3.5377197265625,-0.8150482177734375,246.42669677734372,0.0008604100439697,59.908668518066406,4.210205078125,-5.957244873046875,270.6158447265625,0.0046161939390003,72.830810546875,4.072944641113281,-7.794395446777344,284.0648803710937,0.0090037770569324,77.13482666015625,4.000770568847656,-7.855712890625,291.97198486328125,0.013611945323646,84.8263931274414,0.0001127564173657,8.11386271379888e-05,12.22683048248291,4.274458408355713,-3.629982709884644,0.0001143960544141,9.499446605332196e-05,59.37424850463867,2.624838590621948
IBT_2012242N13333_2012091012,2012242N13333,LESLIE,2012-09-10 12:00:00,2012-09-10,2012,9,12,,TS,36.400001525878906,299.20001220703125,65.0,980.0,IBTRACS_ERA5,OBS,1,36.400001525878906,299.20001220703125,2012242N13333,LESLIE,0.0,val,-0.8729219733298809,0.4878598451172906,-1.0,-1.8369701987210294e-16,9.284782409667969,11.37844467163086,224.4042205810547,0.000101623678347,44.539100646972656,1.9068603515625,10.373428344726562,246.44537353515625,0.0008895306382328,61.83036804199219,-6.35400390625,13.770538330078123,269.77099609375,0.0036401082761585,61.16902923583984,-6.589164733886719,13.435096740722656,284.1361694335937,0.009146261960268,77.98253631591797,-8.133262634277344,13.791748046875,291.82550048828125,0.0137691227719187,86.60355377197266,9.902421152219176e-05,6.848815246485174e-05,17.584434509277344,-1.9769576787948608,12.549851417541504,0.0001143960544141,9.499446605332196e-05,54.48257827758789,9.638811111450195
IBT_2012242N13333_2012091018,2012242N13333,LESLIE,2012-09-10 18:00:00,2012-09-10,2012,9,18,,TS,38.5,300.20001220703125,65.0,975.0,IBTRACS_ERA5,OBS,1,38.5,300.20001220703125,2012242N13333,LESLIE,0.0,val,-0.8642746947838331,0.5030201307664656,-1.0,-1.8369701987210294e-16,9.284782409667969,11.37844467163086,224.4042205810547,0.000101623678347,44.539100646972656,1.9068603515625,10.373428344726562,246.44537353515625,0.0008895306382328,61.83036804199219,-6.35400390625,13.770538330078123,269.77099609375,0.0036401082761585,61.16902923583984,-6.589164733886719,13.435096740722656,284.1361694335937,0.009146261960268,77.98253631591797,-8.133262634277344,13.791748046875,291.82550048828125,0.0137691227719187,86.60355377197266,9.902421152219176e-05,6.848815246485174e-05,17.584434509277344,-1.9769576787948608,12.549851417541504,0.0001143960544141,9.499446605332196e-05,54.48257827758789,9.638811111450195
IBT_2012246N29323_2012091000,2012246N29323,MICHAEL,2012-09-10 00:00:00,2012-09-10,2012,9,0,,TS,33.599998474121094,315.8999938964844,75.0,982.0,IBTRACS_ERA5,OBS,1,33.599998474121094,315.8999938964844,2012246N29323,MICHAEL,0.0,val,-0.6959128730917512,0.7181262236300693,-1.0,-1.8369701987210294e-16,0.7967453002929688,-3.3927955627441406,219.1550750732422,7.272380753420293e-05,58.77835464477539,0.8055419921875,1.6112213134765625,241.61163330078125,0.0004457181785255,48.73038101196289,3.617919921875,1.273956298828125,267.4144287109375,0.0028532822616398,57.29904174804688,8.515815734863281,2.438026428222656,281.02166748046875,0.0073655135929584,77.53854370117188,9.360877990722656,3.76416015625,289.25225830078125,0.0105449883267283,78.15433502197266,7.37696245778352e-05,7.276833639480174e-05,11.160931587219238,4.619379997253418,1.1389137506484983,7.37696245778352e-05,7.276833639480174e-05,40.76861190795898,1.578629732131958
IBT_2012246N29323_2012091006,2012246N29323,MICHAEL,2012-09-10 06:00:00,2012-09-10,2012,9,6,,TS,33.400001525878906,315.1000061035156,70.0,985.0,IBTRACS_ERA5,OBS,1,33.400001525878906,315.1000061035156,2012246N29323,MICHAEL,0.0,val,-0.7058714952217534,0.7083399129185127,-1.0,-1.8369701987210294e-16,0.7967453002929688,-3.3927955627441406,219.1550750732422,7.272380753420293e-05,58.77835464477539,0.8055419921875,1.6112213134765625,241.61163330078125,0.0004457181785255,48.73038101196289,3.617919921875,1.273956298828125,267.4144287109375,0.0028532822616398,57.29904174804688,8.515815734863281,2.438026428222656,281.02166748046875,0.0073655135929584,77.53854370117188,9.360877990722656,3.76416015625,289.25225830078125,0.0105449883267283,78.15433502197266,7.37696245778352e-05,7.276833639480174e-05,11.160931587219238,4.619379997253418,1.1389137506484983,7.37696245778352e-05,7.276833639480174e-05,40.76861190795898,1.578629732131958
IBT_2012246N29323_2012091012,2012246N29323,MICHAEL,2012-09-10 12:00:00,2012-09-10,2012,9,12,,TS,33.599998474121094,314.20001220703125,70.0,986.0,IBTRACS_ERA5,OBS,1,33.599998474121094,314.20001220703125,2012246N29323,MICHAEL,0.0,val,-0.7169104591174286,0.6971652555944234,-1.0,-1.8369701987210294e-16,0.7967453002929688,-3.3927955627441406,219.1550750732422,7.272380753420293e-05,58.77835464477539,0.8055419921875,1.6112213134765625,241.61163330078125,0.0004457181785255,48.73038101196289,3.617919921875,1.273956298828125,267.4144287109375,0.0028532822616398,57.29904174804688,8.515815734863281,2.438026428222656,281.02166748046875,0.0073655135929584,77.53854370117188,9.360877990722656,3.76416015625,289.25225830078125,0.0105449883267283,78.15433502197266,7.37696245778352e-05,7.276833639480174e-05,11.160931587219238,4.619379997253418,1.1389137506484983,7.37696245778352e-05,7.276833639480174e-05,40.76861190795898,1.578629732131958
IBT_2012246N29323_2012091018,2012246N29323,MICHAEL,2012-09-10 18:00:00,2012-09-10,2012,9,18,,TS,33.900001525878906,313.1000061035156,65.0,988.0,IBTRACS_ERA5,OBS,1,33.900001525878906,313.1000061035156,2012246N29323,MICHAEL,0.0,val,-0.730162203834023,0.683273851462386,-1.0,-1.8369701987210294e-16,-9.243782043457031,-5.949680328369141,220.9321746826172,2.1949028450762853e-05,14.366131782531738,-14.6849365234375,-0.4327239990234375,239.53411865234372,0.0002357645571464,31.515504837036133,-18.4853515625,-3.096405029296875,267.65771484375,0.0009867032058537,19.450519561767575,-11.20391082763672,-5.740196228027344,282.5101928710937,0.0052263624966144,49.71506881713867,-11.974815368652344,-4.35205078125,290.38531494140625,0.009692165069282,66.80086517333984,2.955841591756325e-05,1.9396436982788146e-05,3.164010524749756,-13.118558883666992,-3.91421127319336,7.37696245778352e-05,7.276833639480174e-05,32.668399810791016,3.164010524749756
IBT_2012255N16322_2012091012,2012255N16322,NADINE,2012-09-10 12:00:00,2012-09-10,2012,9,12,,TS,15.5,322.0,25.0,1008.0,IBTRACS_ERA5,OBS,1,15.5,322.0,2012255N16322,NADINE,0.0,val,-0.6156614753256582,0.788010753606722,-1.0,-1.8369701987210294e-16,-9.818244934082031,-0.9484596252441406,219.9546356201172,6.789955659769475e-05,49.88567733764648,-8.2369384765625,1.4776763916015625,243.13250732421875,0.0005267842207103,49.834468841552734,-7.894287109375,-0.733612060546875,267.7110595703125,0.0042851944454014,84.12995910644531,-4.956596374511719,-1.4472274780273438,282.09246826171875,0.0087048299610614,85.18323516845703,0.9687881469726562,0.364990234375,290.22491455078125,0.0110324351117014,76.82152557373047,4.013618308817968e-05,3.348356403876096e-05,10.866703033447266,-5.98745584487915,-0.2573265135288238,4.2210704123135656e-05,4.2704712541308254e-05,72.02437591552734,4.161185264587402
IBT_2012255N16322_2012091018,2012255N16322,NADINE,2012-09-10 18:00:00,2012-09-10,2012,9,18,,TS,15.600000381469728,320.6000061035156,25.0,1007.0,IBTRACS_ERA5,OBS,1,15.600000381469728,320.6000061035156,2012255N16322,NADINE,0.0,val,-0.6347304308857046,0.7727336411129309,-1.0,-1.8369701987210294e-16,-10.486457824707031,1.1523704528808594,219.7766571044922,6.389580084942281e-05,47.9483528137207,-7.7369384765625,-0.6548919677734375,242.45831298828125,0.0004462620709091,45.002288818359375,-6.531494140625,-5.271209716796875,267.7484130859375,0.0038268794305622,74.91858673095703,-5.596488952636719,-3.024131774902344,282.10125732421875,0.0074622817337512,72.98040008544922,-3.076377868652344,-2.7919921875,290.35430908203125,0.0123783675953745,85.48393249511719,2.8222400942468084e-05,1.7334779840894043e-05,8.394478797912598,-6.685551643371582,-2.117970943450928,4.064827589900233e-05,4.2704712541308254e-05,69.46607208251953,4.161185264587402
NEG_20120910_04370,,,2012-09-10 00:00:00,2012-09-10,2012,9,0,,BG,25.0,,,,IBTRACS_ERA5,OBS,0,25.0,292.5,,,1113.6584160628872,val,-0.9238795325112866,0.38268343236509,-1.0,-1.8369701987210294e-16,-3.9405593872070312,-2.1008033752441406,220.8872528076172,4.110493682674132e-05,27.04664802551269,8.8924560546875,-1.7813568115234375,242.62249755859372,0.0001411161065334,14.010313034057615,8.549560546875,0.260040283203125,268.4295654296875,0.0006882627494633,12.79499053955078,4.930366516113281,-0.6654891967773438,282.60369873046875,0.0047589130699634,44.98285675048828,5.432899475097656,0.204833984375,290.69293212890625,0.0105063645169138,71.00568389892578,-1.810426147130784e-05,-1.684643757471349e-05,9.652859687805176,4.772944450378418,-0.8165550231933594,3.4464167129044654e-06,4.179210009169765e-07,44.36347198486328,2.624838590621948
IBT_2012242N13333_2012091100,2012242N13333,LESLIE,2012-09-11 00:00:00,2012-09-11,2012,9,0,,TS,41.09999847412109,301.3999938964844,65.0,970.0,IBTRACS_ERA5,OBS,1,41.09999847412109,301.3999938964844,2012242N13333,LESLIE,0.0,val,-0.8535508527766256,0.5210095409148428,-1.0,-1.8369701987210294e-16,20.095054626464844,21.09970092773437,224.25360107421875,4.76660679851193e-05,21.25117874145508,19.46937561035156,19.998046875,244.2115020751953,0.0004967551212757,42.46118927001953,18.36776733398437,17.58867645263672,269.1175537109375,0.0012320496607571,21.744796752929688,16.896316528320312,15.921031951904297,283.04962158203125,0.0035418753977864,32.48538589477539,14.620983123779297,10.702659606933594,287.788330078125,0.0099665010347962,81.2062759399414,5.6078017223626375e-05,2.54796050285222e-05,11.75006103515625,17.8898983001709,17.062023162841797,8.976674871519208e-05,8.297745080199093e-05,50.660789489746094,2.21370792388916
IBT_2012242N13333_2012091106,2012242N13333,LESLIE,2012-09-11 06:00:00,2012-09-11,2012,9,6,,TS,44.0,302.70001220703125,65.0,968.0,IBTRACS_ERA5,OBS,1,44.0,302.70001220703125,2012242N13333,LESLIE,0.0,val,-0.841510666845527,0.5402404997639444,-1.0,-1.8369701987210294e-16,19.799644470214844,35.845794677734375,225.33367919921875,5.710130062652752e-05,22.53268241882324,17.424697875976562,37.291015625,245.1825714111328,0.0004476371686905,34.954959869384766,9.716644287109377,21.39580535888672,265.19482421875,0.0018238790798932,43.45734405517578,2.9949493408203125,10.995006561279297,278.40118408203125,0.0064375288784503,81.23770904541016,-3.562366485595703,-0.2704849243164062,286.551513671875,0.0095502818003296,84.36512756347656,7.4783805757761e-05,7.183726120274514e-05,43.01359176635742,9.274713516235352,21.05142593383789,8.976674871519208e-05,8.297745080199093e-05,53.5927619934082,2.21370792388916
IBT_2012246N29323_2012091100,2012246N29323,MICHAEL,2012-09-11 00:00:00,2012-09-11,2012,9,0,,TS,34.79999923706055,312.20001220703125,60.0,991.0,IBTRACS_ERA5,OBS,1,34.79999923706055,312.20001220703125,2012246N29323,MICHAEL,0.0,val,-0.7408044531747221,0.6717207471535332,-1.0,-1.8369701987210294e-16,-8.524818420410156,-2.958648681640625,219.20147705078125,3.7069479731144384e-05,29.79498863220215,-9.504989624023438,9.291748046875,240.2478790283203,0.0002426567662041,30.258649826049805,-4.033355712890625,12.98589324951172,268.42578125,0.0013930269051343,25.904165267944336,4.0777130126953125,6.760631561279297,282.35504150390625,0.006485242396593,62.34199142456055,6.498668670654297,6.996116638183594,290.55712890625,0.0115658724680542,78.84576416015625,2.854398917406797e-05,2.7227899408899248e-05,18.02227783203125,-2.297356367111206,6.615148067474365,3.337168163852766e-05,3.449082578299567e-05,43.00871658325195,9.87757968902588
IBT_2012246N29323_2012091106,2012246N29323,MICHAEL,2012-09-11 06:00:00,2012-09-11,2012,9,6,,TS,36.400001525878906,312.20001220703125,55.0,994.0,IBTRACS_ERA5,OBS,1,36.400001525878906,312.20001220703125,2012246N29323,MICHAEL,0.0,val,-0.7408044531747221,0.6717207471535332,-1.0,-1.8369701987210294e-16,-4.940589904785156,-2.452056884765625,219.60955810546875,3.107222801190801e-05,23.78591728210449,-7.0724945068359375,11.694091796875,240.2058868408203,7.152625767048448e-05,8.955567359924316,-4.400421142578125,12.85955047607422,269.27490234375,0.0007744200993329,13.507099151611328,-1.2102508544921875,9.565929412841797,283.5678100585937,0.0058503039181232,51.81824493408203,-0.7819709777832031,9.425559997558594,290.443603515625,0.0117756510153412,80.85933685302734,3.337168163852766e-05,-3.138894271614845e-06,12.584589958190918,-3.681145429611206,8.21861457824707,3.337168163852766e-05,3.449082578299567e-05,40.75845336914063,9.537150382995604
IBT_2012246N29323_2012091112,2012246N29323,MICHAEL,2012-09-11 12:00:00,2012-09-11,2012,9,12,,TS,38.20000076293945,312.3999938964844,45.0,997.0,IBTRACS_ERA5,OBS,1,38.20000076293945,312.3999938964844,2012246N29323,MICHAEL,0.0,val,-0.7384554124569149,0.6743023089186982,-1.0,-1.8369701987210294e-16,-4.940589904785156,-2.452056884765625,219.60955810546875,3.107222801190801e-05,23.78591728210449,-7.0724945068359375,11.694091796875,240.2058868408203,7.152625767048448e-05,8.955567359924316,-4.400421142578125,12.85955047607422,269.27490234375,0.0007744200993329,13.507099151611328,-1.2102508544921875,9.565929412841797,283.5678100585937,0.0058503039181232,51.81824493408203,-0.7819709777832031,9.425559997558594,290.443603515625,0.0117756510153412,80.85933685302734,3.337168163852766e-05,-3.138894271614845e-06,12.584589958190918,-3.681145429611206,8.21861457824707,3.337168163852766e-05,3.449082578299567e-05,40.75845336914063,9.537150382995604
IBT_2012246N29323_2012091118,2012246N29323,MICHAEL,2012-09-11 18:00:00,2012-09-11,2012,9,18,,DS,40.20000076293945,313.3999938964844,40.0,1000.0,IBTRACS_ERA5,OBS,1,40.20000076293945,313.3999938964844,2012246N29323,MICHAEL,0.0,val,-0.726574744163961,0.6870874334050031,-1.0,-1.8369701987210294e-16,-2.003089904785156,-5.915435791015625,221.19256591796875,3.0512503144564107e-05,19.369613647460938,-0.2757415771484375,13.944580078125,240.4535675048828,6.912530807312578e-05,8.449525833129883,-1.321929931640625,13.17119598388672,269.7200927734375,0.0004194148350507,7.074848175048828,-0.4056854248046875,10.206188201904297,283.79473876953125,0.0040075364522635,34.959503173828125,-0.2012825012207031,9.494651794433594,290.7470703125,0.0099603617563843,67.08387756347656,6.051544914953411e-06,-3.2958982046693563e-05,15.515067100524902,-0.8415458798408508,8.180235862731934,3.337168163852766e-05,3.449082578299567e-05,36.39140701293945,9.537150382995604
IBT_2012255N16322_2012091100,2012255N16322,NADINE,2012-09-11 00:00:00,2012-09-11,2012,9,0,,TS,15.800000190734863,319.20001220703125,25.0,1007.0,IBTRACS_ERA5,OBS,1,15.800000190734863,319.20001220703125,2012255N16322,NADINE,0.0,val,-0.6534204427101086,0.7569951948648853,-1.0,-1.8369701987210294e-16,-9.009925842285156,1.264984130859375,219.90509033203125,4.22029297624249e-05,31.18951988220215,-5.3604583740234375,2.65234375,242.5948028564453,0.000475289998576,47.3120346069336,-1.537994384765625,5.889701843261719,267.3404541015625,0.004456318449229,89.99787139892578,1.9602813720703125,5.994762420654297,281.71661376953125,0.0075673647224903,75.9702377319336,2.534557342529297,7.003684997558594,290.513916015625,0.0107088172808289,73.2046127319336,3.181810461683199e-05,2.932300412794575e-05,12.892159461975098,-2.282707929611206,4.561095237731934,6.588231190107763e-05,4.320798325352371e-05,66.02920532226562,4.35818338394165
IBT_2012255N16322_2012091106,2012255N16322,NADINE,2012-09-11 06:00:00,2012-09-11,2012,9,6,,TS,16.0,318.1000061035156,25.0,1007.0,IBTRACS_ERA5,OBS,1,16.0,318.1000061035156,2012255N16322,NADINE,0.0,val,-0.6678324761821809,0.7443116173729769,-1.0,-1.8369701987210294e-16,-7.313392639160156,-3.842681884765625,219.89483642578125,6.871721416246146e-05,50.846492767333984,-2.943222045898437,-1.34619140625,243.0550079345703,0.0007309343200176,69.6556167602539,-0.039459228515625,0.2083053588867187,267.9898681640625,0.0045548896305263,87.54816436767578,4.2122344970703125,2.203014373779297,282.23419189453125,0.0081411190330982,78.9039535522461,6.594127655029297,3.4724349975585938,290.46484375,0.0124165499582886,85.14469146728516,5.288327520247549e-05,4.320798325352371e-05,15.714008331298828,0.1020576506853103,0.1389762908220291,6.588231190107763e-05,4.320798325352371e-05,66.7747573852539,4.35818338394165
IBT_2012255N16322_2012091112,2012255N16322,NADINE,2012-09-11 12:00:00,2012-09-11,2012,9,12,,TS,16.399999618530273,317.20001220703125,30.0,1006.0,IBTRACS_ERA5,OBS,1,16.399999618530273,317.20001220703125,2012255N16322,NADINE,0.0,val,-0.6794411479382348,0.7337300092597914,-1.0,-1.8369701987210294e-16,-6.029701232910156,2.448699951171875,220.02606201171875,8.259764581453055e-05,60.17169570922852,-7.2997894287109375,0.007568359375,242.7008209228516,0.0006304427515715,62.12828063964844,-11.702178955078123,1.4402389526367188,268.1357421875,0.0040052901022136,76.13641357421875,-10.789596557617188,1.6817741394042969,282.80255126953125,0.0088064856827259,82.12996673583984,-11.063098907470703,1.6728744506835938,290.578369140625,0.0136990034952759,93.26113891601562,6.588231190107763e-05,3.8431346183642745e-05,5.092837810516357,-9.376873016357422,1.4502311944961548,6.588231190107763e-05,4.320798325352371e-05,63.966217041015625,4.35818338394165
IBT_2012255N16322_2012091118,2012255N16322,NADINE,2012-09-11 18:00:00,2012-09-11,2012,9,18,,TS,16.899999618530273,316.29998779296875,30.0,1006.0,IBTRACS_ERA5,OBS,1,16.899999618530273,316.29998779296875,2012255N16322,NADINE,0.0,val,-0.6908825651070805,0.7229669987150594,-1.0,-1.8369701987210294e-16,-6.029701232910156,2.448699951171875,220.02606201171875,8.259764581453055e-05,60.17169570922852,-7.2997894287109375,0.007568359375,242.7008209228516,0.0006304427515715,62.12828063964844,-11.702178955078123,1.4402389526367188,268.1357421875,0.0040052901022136,76.13641357421875,-10.789596557617188,1.6817741394042969,282.80255126953125,0.0088064856827259,82.12996673583984,-11.063098907470703,1.6728744506835938,290.578369140625,0.0136990034952759,93.26113891601562,6.588231190107763e-05,3.8431346183642745e-05,5.092837810516357,-9.376873016357422,1.4502311944961548,6.588231190107763e-05,4.320798325352371e-05,63.966217041015625,4.35818338394165
NEG_20120911_00389,,,2012-09-11 00:00:00,2012-09-11,2012,9,0,,BG,35.0,,,,IBTRACS_ERA5,OBS,0,35.0,267.5,,,3024.626294884461,val,-0.9990482215818578,-0.0436193873653361,-1.0,-1.8369701987210294e-16,0.0069198608398437,-4.430816650390625,220.53546142578125,1.690727731329389e-05,11.59584903717041,-9.063827514648438,-4.6435546875,235.9279327392578,5.688400415237993e-05,10.882797241210938,-2.769683837890625,-2.931587219238281,265.0889892578125,0.000191993342014,4.612416744232178,-2.6881561279296875,-0.8511848449707031,281.63873291015625,0.0011242514010518,11.346638679504396,2.276500701904297,-0.5807876586914062,287.44873046875,0.0067080343142151,55.87894821166992,-1.598865674168337e-05,1.070746839104686e-05,4.469196796417236,-2.447649478912353,-2.6875863075256348,9.369047802465502e-06,1.54264853335917e-05,10.388850212097168,4.469196796417236
NEG_20120911_00756,,,2012-09-11 00:00:00,2012-09-11,2012,9,0,,BG,30.0,,,,IBTRACS_ERA5,OBS,0,30.0,297.5,,,1283.3123202253796,val,-0.8870108331782216,0.4617486132350341,-1.0,-1.8369701987210294e-16,0.8191757202148438,1.779144287109375,223.06219482421875,4.311981683713384e-05,22.02960777282715,1.8433990478515625,-0.38916015625,243.4568634033203,0.0007291797082871,66.90278625488281,6.362152099609375,-0.9310989379882812,267.185302734375,0.0031624354887753,64.62908172607422,7.985427856445312,1.5584831237792969,282.59600830078125,0.0072791166603565,68.84049987792969,7.597789764404297,1.4746322631835938,290.63134765625,0.011521347798407,78.17147827148438,3.70000270777382e-06,-1.3119069080858026e-05,6.785450458526611,4.921588897705078,0.6984001398086548,1.8230075511382893e-05,1.5509798686252907e-05,52.150634765625,3.758178234100342
NEG_20120911_00961,,,2012-09-11 00:00:00,2012-09-11,2012,9,0,,BG,47.5,,,,IBTRACS_ERA5,OBS,0,47.5,342.5,,,2453.4999573994774,val,-0.300705799504273,0.9537169507482268,-1.0,-1.8369701987210294e-16,-1.4154434204101562,-25.799591064453125,216.38055419921875,3.452906457823701e-05,39.10626602172852,-0.5121917724609375,-21.8848876953125,236.32118225097656,0.000183668671525,33.770938873291016,5.516815185546875,-8.202583312988281,263.44952392578125,0.0011002116370946,30.05419921875,4.3990020751953125,-6.047840118408203,275.75665283203125,0.0020667498465627,31.434080123901367,3.860607147216797,-2.9432144165039062,280.35595703125,0.0036101723089814,48.35441970825195,-2.335843055334408e-05,-2.558934284024872e-05,23.457422256469727,2.369757890701294,-12.975622177124023,3.0078830604907125e-05,6.973534618737176e-05,52.83827972412109,5.114748001098633
NEG_20120911_02607,,,2012-09-11 00:00:00,2012-09-11,2012,9,0,,BG,12.5,,,,IBTRACS_ERA5,OBS,0,12.5,340.0,,,2271.3992379847814,val,-0.3420201433256686,0.9396926207859084,-1.0,-1.8369701987210294e-16,-4.465003967285156,1.346527099609375,219.07818603515625,5.296901872497983e-05,43.2081184387207,-2.935165405273437,2.092041015625,242.2211456298828,0.0003004397440236,30.98878669738769,-6.864654541015625,2.2681198120117188,266.7509765625,0.0031894810963422,67.38741302490234,-11.864181518554688,2.458629608154297,282.31280517578125,0.0073113329708576,70.48471069335938,-6.428821563720703,0.6123275756835938,291.28759765625,0.0114033902063965,74.20886993408203,1.0122134881385136e-05,1.901075847854372e-05,2.0965754985809326,-6.511565208435059,1.7555290460586548,4.036561949760653e-05,2.301788845215924e-05,59.144649505615234,1.748678207397461
NEG_20120911_03912,,,2012-09-11 00:00:00,2012-09-11,2012,9,0,,BG,7.5,,,,IBTRACS_ERA5,OBS,0,7.5,350.0,,,3474.0587620259785,val,-0.1736481776669304,0.984807753012208,-1.0,-1.8369701987210294e-16,-13.073890686035156,6.379486083984375,219.73126220703125,3.6070170608581975e-05,27.21427726745605,-10.189559936523438,-0.14404296875,241.2149200439453,0.0003746996808331,42.55620193481445,-4.367828369140625,-2.307807922363281,266.7314453125,0.0024885751772671,52.65755081176758,-5.708663940429688,-0.4717903137207031,282.12115478515625,0.0074450559914112,72.71358489990234,-0.9476203918457032,1.1711654663085938,290.146484375,0.0132130468264222,92.46817779541016,3.4878362384915818e-06,5.193636752665043e-06,13.197463035583496,-6.857512474060059,0.925402045249939,1.556168899696786e-05,7.751453267701436e-06,60.7923469543457,6.024462699890137
IBT_2012246N29323_2012091200,2012246N29323,MICHAEL,2012-09-12 00:00:00,2012-09-12,2012,9,0,,DS,42.5,315.0,35.0,1003.0,IBTRACS_ERA5,OBS,1,42.5,315.0,2012246N29323,MICHAEL,0.0,val,-0.7071067811865477,0.7071067811865474,-1.0,-1.8369701987210294e-16,4.7493438720703125,7.903228759765625,219.92254638671875,2.583836430858355e-05,19.05592536926269,12.52106475830078,15.85760498046875,239.9149169921875,0.0002044172288151,26.328855514526367,11.133907318115234,13.792667388916016,267.8466796875,0.0018285766709595,35.531227111816406,12.02581024169922,8.920833587646484,281.66845703125,0.0074956640601158,75.49775695800781,10.169219970703123,7.507843017578125,289.2685546875,0.0114438645541667,84.72745513916016,2.0001050870632756e-05,-1.837636409618426e-05,5.434278964996338,10.119869232177734,10.796435356140137,2.9317416192498055e-05,2.208601108577568e-05,49.52156066894531,5.159372806549072
IBT_2012246N29323_2012091206,2012246N29323,MICHAEL,2012-09-12 06:00:00,2012-09-12,2012,9,6,,DS,45.0,317.3999938964844,30.0,1006.0,IBTRACS_ERA5,OBS,1,45.0,317.3999938964844,2012246N29323,MICHAEL,0.0,val,-0.6768760480964618,0.7360970150145402,-1.0,-1.8369701987210294e-16,4.1057891845703125,15.709381103515623,220.68536376953125,2.195335218857508e-05,14.792709350585938,15.28009796142578,14.65203857421875,239.9317626953125,0.0001479865459259,19.02937126159668,11.019893646240234,15.315372467041016,268.7454833984375,0.0013858482707291,25.155160903930664,10.68450164794922,12.385311126708984,281.9453125,0.0055161640048027,54.52242660522461,10.008575439453123,10.971588134765623,289.036376953125,0.0108646862208843,81.65141296386719,1.5924200852168724e-05,-3.23129934258759e-05,7.5689873695373535,10.219771385192873,13.806737899780272,2.9317416192498055e-05,2.8619138902286068e-05,46.17970657348633,5.159372806549072
IBT_2012255N16322_2012091200,2012255N16322,NADINE,2012-09-12 00:00:00,2012-09-12,2012,9,0,,TS,17.5,315.20001220703125,35.0,1004.0,IBTRACS_ERA5,OBS,1,17.5,315.20001220703125,2012255N16322,NADINE,0.0,val,-0.7046340587874849,0.7095708866608574,-1.0,-1.8369701987210294e-16,-2.0319061279296875,5.750885009765625,220.22491455078125,8.275987056549639e-05,58.88459777832031,-2.6603317260742188,8.57733154296875,243.437744140625,0.0007857339223846,72.22161102294922,-2.0474891662597656,10.064640045166016,267.8525390625,0.0045935469679534,89.21781921386719,-4.066230773925781,11.207332611083984,282.344970703125,0.0081574246287345,78.47008514404297,-2.975555419921875,9.765899658203123,290.749755859375,0.0129831545054912,87.42768096923828,5.952334686298855e-05,6.350977491820231e-05,4.124417304992676,-2.75630259513855,9.073217391967772,7.273169467225671e-05,6.350977491820231e-05,61.50270462036133,4.124417304992676
IBT_2012255N16322_2012091206,2012255N16322,NADINE,2012-09-12 06:00:00,2012-09-12,2012,9,6,,TS,18.100000381469727,314.1000061035156,45.0,1001.0,IBTRACS_ERA5,OBS,1,18.100000381469727,314.1000061035156,2012255N16322,NADINE,0.0,val,-0.7181262236300695,0.6959128730917509,-1.0,-1.8369701987210294e-16,-2.0319061279296875,5.750885009765625,220.22491455078125,8.275987056549639e-05,58.88459777832031,-2.6603317260742188,8.57733154296875,243.437744140625,0.0007857339223846,72.22161102294922,-2.0474891662597656,10.064640045166016,267.8525390625,0.0045935469679534,89.21781921386719,-4.066230773925781,11.207332611083984,282.344970703125,0.0081574246287345,78.47008514404297,-2.975555419921875,9.765899658203123,290.749755859375,0.0129831545054912,87.42768096923828,5.952334686298855e-05,6.350977491820231e-05,4.124417304992676,-2.75630259513855,9.073217391967772,7.273169467225671e-05,6.350977491820231e-05,61.50270462036133,4.124417304992676
IBT_2012255N16322_2012091212,2012255N16322,NADINE,2012-09-12 12:00:00,2012-09-12,2012,9,12,,TS,18.799999237060547,312.8999938964844,50.0,997.0,IBTRACS_ERA5,OBS,1,18.799999237060547,312.8999938964844,2012255N16322,NADINE,0.0,val,-0.7325429713021477,0.6807207909237243,-1.0,-1.8369701987210294e-16,-6.749679565429688,5.134185791015625,219.95245361328125,8.341738430317491e-05,61.302467346191406,-5.363212585449219,0.08660888671875,243.2381591796875,0.0006807291065342,63.75861740112305,-11.383182525634766,-1.8008384704589844,268.4237060546875,0.0036441192496567,67.77523040771484,-16.23273468017578,2.7980308532714844,282.8388671875,0.008595697581768,79.96769714355469,-16.764373779296875,3.022735595703125,290.46630859375,0.0134320370852947,92.0996322631836,6.842742732260376e-05,4.612924385583028e-05,10.234858512878418,-11.298636436462402,1.84814453125,7.273169467225671e-05,6.350977491820231e-05,66.0280532836914,4.124417304992676
IBT_2012255N16322_2012091218,2012255N16322,NADINE,2012-09-12 18:00:00,2012-09-12,2012,9,18,,TS,19.5,311.70001220703125,55.0,994.0,IBTRACS_ERA5,OBS,1,19.5,311.70001220703125,2012255N16322,NADINE,0.0,val,-0.7466380405561267,0.6652305137277661,-1.0,-1.8369701987210294e-16,-6.749679565429688,5.134185791015625,219.95245361328125,8.341738430317491e-05,61.302467346191406,-5.363212585449219,0.08660888671875,243.2381591796875,0.0006807291065342,63.75861740112305,-11.383182525634766,-1.8008384704589844,268.4237060546875,0.0036441192496567,67.77523040771484,-16.23273468017578,2.7980308532714844,282.8388671875,0.008595697581768,79.96769714355469,-16.764373779296875,3.022735595703125,290.46630859375,0.0134320370852947,92.0996322631836,6.842742732260376e-05,4.612924385583028e-05,10.234858512878418,-11.298636436462402,1.84814453125,7.273169467225671e-05,6.350977491820231e-05,66.0280532836914,4.124417304992676
NEG_20120912_00682,,,2012-09-12 00:00:00,2012-09-12,2012,9,0,,BG,7.5,,,,IBTRACS_ERA5,OBS,0,7.5,7.5,,,5767.385555186679,val,0.1305261922200515,0.9914448613738104,-1.0,-1.8369701987210294e-16,-19.094894409179688,2.302032470703125,218.870849609375,6.485612539108843e-05,54.23806381225586,-8.403251647949219,0.88494873046875,241.4141845703125,0.0006149200489744,68.51449584960938,-3.2487831115722656,-3.2903404235839844,267.1553955078125,0.0037696689832955,77.2152328491211,0.4248580932617187,-0.7870521545410156,281.9881591796875,0.0081005319952964,79.83368682861328,3.166778564453125,2.092620849609375,289.8743896484375,0.0134380273520946,95.69515991210938,-3.013079322045087e-06,-5.393850642576581e-06,22.262657165527344,-5.431058406829834,0.2404418885707855,2.1597927116090432e-05,1.648074612603523e-05,69.6209716796875,6.135238170623779
NEG_20120912_01781,,,2012-09-12 00:00:00,2012-09-12,2012,9,0,,BG,22.5,,,,IBTRACS_ERA5,OBS,0,22.5,27.5,,,6723.353616983652,val,0.4617486132350339,0.8870108331782217,-1.0,-1.8369701987210294e-16,-1.4618377685546875,1.845367431640625,221.4600830078125,4.582105611916632e-05,28.190359115600582,-3.2505416870117188,-1.00909423828125,243.7589111328125,5.79779371037148e-05,5.170527935028076,0.0528526306152343,-1.4718589782714844,269.437255859375,0.0001878545444924,3.236747026443481,0.4981002807617187,-3.1750526428222656,281.9425048828125,0.0018609389662742,18.397253036499023,-0.485443115234375,-3.290069580078125,293.872802734375,0.0061737108044326,34.14923095703125,-9.705278898763936e-06,-1.0612626283545978e-05,5.227433204650879,-0.9293739199638368,-1.420141577720642,1.3851329640601762e-05,1.1513189747347496e-05,19.444486618041992,5.227433204650879
NEG_20120912_03203,,,2012-09-12 00:00:00,2012-09-12,2012,9,0,,BG,37.5,,,,IBTRACS_ERA5,OBS,0,37.5,15.0,,,4784.214876936287,val,0.2588190451025207,0.9659258262890684,-1.0,-1.8369701987210294e-16,21.802078247070312,-12.193939208984377,221.71954345703125,1.4212664609658532e-05,8.48300552368164,13.16437530517578,-13.83673095703125,234.4044189453125,0.0001522259262856,34.01434326171875,11.069698333740234,-8.124813079833984,262.4603271484375,0.0007076368201524,20.90601348876953,8.000907897949219,-6.869083404541016,278.90283203125,0.0031015500426292,37.79415130615234,3.169464111328125,-1.389495849609375,289.147216796875,0.0058658830821514,43.770137786865234,4.043740773340687e-06,3.227909473935142e-06,21.538578033447266,11.44130516052246,-8.482812881469727,1.4990266208769754e-05,1.4528569408867044e-05,48.41168594360352,13.87941551208496
NEG_20120912_03292,,,2012-09-12 00:00:00,2012-09-12,2012,9,0,,BG,12.5,,,,IBTRACS_ERA5,OBS,0,12.5,357.5,,,4568.179280681568,val,-0.0436193873653361,0.9990482215818578,-1.0,-1.8369701987210294e-16,-7.017013549804688,2.051788330078125,219.48638916015625,5.646327917929739e-05,43.86281967163086,-7.475273132324219,-0.96502685546875,242.21832275390625,0.0004862261121161,50.1651611328125,-11.709964752197266,-0.0203208923339843,267.4581298828125,0.0029979378450661,60.00351333618164,-19.08673858642578,-2.383609771728516,282.9068603515625,0.0061433836817741,56.89139938354492,-6.464447021484375,-0.371368408203125,293.470703125,0.0116855315864086,66.27946472167969,3.869209649565164e-06,9.789331670617685e-06,2.485360860824585,-10.35068702697754,-0.33770751953125,2.216387656517327e-05,1.8404276488581672e-05,63.62761688232422,0.6030853986740112
NEG_20120912_03386,,,2012-09-12 00:00:00,2012-09-12,2012,9,0,,BG,2.5,,,,IBTRACS_ERA5,OBS,0,2.5,317.5,,,1686.7149790046697,val,-0.6755902076156605,0.7372773368101239,-1.0,-1.8369701987210294e-16,6.4990997314453125,-2.223480224609375,219.484375,3.927618672605604e-05,30.5185661315918,-9.38872528076172,1.00323486328125,241.653076171875,0.0001534366456326,16.708765029907227,-8.775150299072266,1.4472084045410156,267.5579833984375,0.0012837082613259,25.498367309570312,-7.230781555175781,-4.035526275634766,281.4234619140625,0.0036255046725273,37.1321907043457,-6.844085693359375,-2.080352783203125,290.3785400390625,0.0086923949420452,59.93611907958984,-1.0014196959673429e-05,-2.701962102946709e-06,13.343953132629396,-5.147928714752197,-1.1777832508087158,8.241957402788103e-06,4.260981313564116e-06,40.84122467041016,0.7051118612289429
NEG_20120912_03904,,,2012-09-12 00:00:00,2012-09-12,2012,9,0,,BG,5.0,,,,IBTRACS_ERA5,OBS,0,5.0,267.5,,,5046.834947911299,val,-0.9990482215818578,-0.0436193873653361,-1.0,-1.8369701987210294e-16,-5.250656127929688,-1.837249755859375,219.68719482421875,8.341179636772722e-05,63.26388549804688,-7.329521179199219,-0.23443603515625,242.5537109375,0.0005651370738632,56.47569274902344,-8.012332916259766,0.1666908264160156,268.054443359375,0.0041498797945678,79.37329864501953,-5.008369445800781,-2.715763092041016,282.18994140625,0.0089558288455009,87.06123352050781,-1.498016357421875,-3.315155029296875,289.61767578125,0.0130787007510662,94.68255615234376,6.327047231025063e-06,-3.781472969421884e-06,4.033175945281982,-5.419779300689697,-1.587182641029358,2.1057392586953935e-05,1.1927126251976006e-05,65.7243423461914,0.7899057269096375
IBT_2012255N16322_2012091300,2012255N16322,NADINE,2012-09-13 00:00:00,2012-09-13,2012,9,0,,TS,20.200000762939453,310.5,60.0,990.0,IBTRACS_ERA5,OBS,1,20.200000762939453,310.5,2012255N16322,NADINE,0.0,val,-0.7604059656000308,0.6494480483301839,-1.0,-1.8369701987210294e-16,-1.7319831848144531,2.785980224609375,221.0630798339844,9.57171941990964e-05,61.6926155090332,10.50897979736328,-0.1268653869628906,242.3167266845703,0.0003641120565589,37.215946197509766,7.965057373046875,1.9547653198242188,268.75262451171875,0.0033385665155947,60.56715774536133,3.0028839111328125,8.756271362304688,283.2616271972656,0.0078758709132671,71.21110534667969,2.676929473876953,10.13149642944336,291.16876220703125,0.0134335113689303,88.08196258544922,7.495296449633315e-05,4.980056473868899e-05,8.567094802856445,4.484373569488525,4.700329780578613,8.143055310938507e-05,7.039094634819776e-05,58.693660736083984,7.550766468048096
IBT_2012255N16322_2012091306,2012255N16322,NADINE,2012-09-13 06:00:00,2012-09-13,2012,9,6,,TS,21.0,309.3999938964844,60.0,990.0,IBTRACS_ERA5,OBS,1,21.0,309.3999938964844,2012255N16322,NADINE,0.0,val,-0.7727336411129311,0.6347304308857042,-1.0,-1.8369701987210294e-16,-1.7319831848144531,2.785980224609375,221.0630798339844,9.57171941990964e-05,61.6926155090332,10.50897979736328,-0.1268653869628906,242.3167266845703,0.0003641120565589,37.215946197509766,7.965057373046875,1.9547653198242188,268.75262451171875,0.0033385665155947,60.56715774536133,3.0028839111328125,8.756271362304688,283.2616271972656,0.0078758709132671,71.21110534667969,2.676929473876953,10.13149642944336,291.16876220703125,0.0134335113689303,88.08196258544922,7.495296449633315e-05,4.980056473868899e-05,8.567094802856445,4.484373569488525,4.700329780578613,8.143055310938507e-05,7.039094634819776e-05,58.693660736083984,7.550766468048096
IBT_2012255N16322_2012091312,2012255N16322,NADINE,2012-09-13 12:00:00,2012-09-13,2012,9,12,,TS,22.0,308.29998779296875,60.0,990.0,IBTRACS_ERA5,OBS,1,22.0,308.29998779296875,2012255N16322,NADINE,0.0,val,-0.7847765025787774,0.6197788645962544,-1.0,-1.8369701987210294e-16,-5.944995880126953,5.715423583984375,221.17251586914065,9.691720333648846e-05,61.66876220703125,4.008857727050781,-3.87662124633789,242.91688537597656,0.000364275969332,35.17085647583008,-1.904327392578125,-4.132026672363281,268.5732421875,0.0033159316517412,60.9775276184082,-6.619430541992188,-3.0535430908203125,283.7579650878906,0.007531355600804,65.86161804199219,-8.873973846435547,-1.2441139221191406,291.53741455078125,0.0132548166438937,84.90213012695312,8.143055310938507e-05,4.6229550207499415e-05,7.550766468048096,-3.866774082183838,-1.31817626953125,8.143055310938507e-05,7.039094634819776e-05,60.73382186889648,7.550766468048096
IBT_2012255N16322_2012091318,2012255N16322,NADINE,2012-09-13 18:00:00,2012-09-13,2012,9,18,,TS,23.200000762939453,307.3999938964844,60.0,989.0,IBTRACS_ERA5,OBS,1,23.200000762939453,307.3999938964844,2012255N16322,NADINE,0.0,val,-0.7944146852370018,0.6073757550971189,-1.0,-1.8369701987210294e-16,-5.944995880126953,5.715423583984375,221.17251586914065,9.691720333648846e-05,61.66876220703125,4.008857727050781,-3.87662124633789,242.91688537597656,0.000364275969332,35.17085647583008,-1.904327392578125,-4.132026672363281,268.5732421875,0.0033159316517412,60.9775276184082,-6.619430541992188,-3.0535430908203125,283.7579650878906,0.007531355600804,65.86161804199219,-8.873973846435547,-1.2441139221191406,291.53741455078125,0.0132548166438937,84.90213012695312,8.143055310938507e-05,4.6229550207499415e-05,7.550766468048096,-3.866774082183838,-1.31817626953125,8.143055310938507e-05,7.039094634819776e-05,60.73382186889648,7.550766468048096
NEG_20120913_00251,,,2012-09-13 00:00:00,2012-09-13,2012,9,0,,BG,10.0,,,,IBTRACS_ERA5,OBS,0,10.0,340.0,,,3356.8330134047987,val,-0.3420201433256686,0.9396926207859084,-1.0,-1.8369701987210294e-16,-7.956104278564453,3.385589599609375,219.6705017089844,2.7934602258028463e-05,21.22925567626953,-9.57012176513672,0.9678611755371094,242.1494903564453,0.000447104073828,46.43245697021485,-9.765899658203123,-0.8098831176757812,267.53240966796875,0.0036776871420443,73.19271087646484,-9.239791870117188,0.0756072998046875,281.9623107910156,0.007505428045988,74.09883880615234,-4.827465057373047,-0.7757301330566406,290.66973876953125,0.0119453025981783,80.84992218017578,1.6649317331030034e-05,6.35511150903767e-06,5.20624303817749,-8.271876335144043,0.5686889886856079,1.665600029809866e-05,1.6221483747358434e-05,68.94801330566406,3.58889389038086
NEG_20120913_00339,,,2012-09-13 00:00:00,2012-09-13,2012,9,0,,BG,37.5,,,,IBTRACS_ERA5,OBS,0,37.5,27.5,,,7540.03280216841,val,0.4617486132350339,0.8870108331782217,-1.0,-1.8369701987210294e-16,24.310497283935547,2.455169677734375,223.4131774902344,1.1418528629292268e-05,5.603214740753174,12.48981475830078,-3.686313629150391,233.8545684814453,9.991446131607518e-05,23.625534057617188,9.076629638671877,-1.3814163208007812,262.90350341796875,0.0005389737198129,15.372570991516112,4.3933868408203125,-1.2467803955078125,278.7529602050781,0.0016369927907362,20.15697479248047,1.5421638488769531,-1.2521705627441406,287.7103881835937,0.0048690689727663,39.87451934814453,1.6398225852753967e-05,8.705528671271168e-06,23.06818962097168,10.36249828338623,-1.022302269935608,2.502446659491397e-05,3.936182474717498e-05,36.92077255249024,14.32603359222412
NEG_20120913_02274,,,2012-09-13 00:00:00,2012-09-13,2012,9,0,,BG,15.0,,,,IBTRACS_ERA5,OBS,0,15.0,30.0,,,8367.635783456424,val,0.4999999999999999,0.8660254037844387,-1.0,-1.8369701987210294e-16,-10.273975372314451,3.566253662109375,219.9771423339844,4.761065429192968e-05,34.886043548583984,-3.762016296386719,0.8550682067871094,242.8330841064453,0.0003490171802695,33.96609115600586,0.528533935546875,-0.1199417114257812,267.63836669921875,0.0011450262973085,22.604785919189453,-2.6343231201171875,-0.2141876220703125,283.5209045410156,0.005654405336827,50.24121856689453,-1.8240470886230469,-3.5765113830566406,298.51446533203125,0.0056751323863863,23.61381721496582,6.555160325660836e-06,-4.962866114510689e-06,11.064373970031738,-3.593165636062622,0.1021362319588661,1.0139223377336748e-05,2.0636576664401215e-05,52.766387939453125,5.202059268951416
IBT_2012255N16322_2012091400,2012255N16322,NADINE,2012-09-14 00:00:00,2012-09-14,2012,9,0,,TS,24.399999618530277,306.6000061035156,60.0,989.0,IBTRACS_ERA5,OBS,1,24.399999618530277,306.6000061035156,2012255N16322,NADINE,0.0,val,-0.8028174116773944,0.596224960486903,-1.0,-1.8369701987210294e-16,1.353729248046875,5.042926788330078,221.24508666992188,8.289641846204177e-05,52.30030822753906,8.952587127685547,4.508327484130859,243.8576812744141,0.0004604455316439,40.6839714050293,7.582073211669922,5.5859222412109375,268.45379638671875,0.0026769165415316,49.67339706420898,4.1888580322265625,16.052234649658203,283.0009765625,0.0084653943777084,77.89815521240234,1.2234764099121094,17.386154174804688,290.9757080078125,0.0129921939224004,86.23966217041016,5.9054385928902775e-05,4.328156501287594e-05,12.343914985656738,4.660144805908203,9.715112686157228,8.172551315510646e-05,4.971786984242499e-05,61.56450653076172,3.7854082584381104
IBT_2012255N16322_2012091406,2012255N16322,NADINE,2012-09-14 06:00:00,2012-09-14,2012,9,6,,TS,25.600000381469727,306.0,60.0,987.0,IBTRACS_ERA5,OBS,1,25.600000381469727,306.0,2012255N16322,NADINE,0.0,val,-0.8090169943749476,0.5877852522924729,-1.0,-1.8369701987210294e-16,7.340057373046875,9.107379913330078,220.15170288085935,2.9681114028790034e-05,21.30250358581543,5.606639862060547,5.787868499755859,242.7570953369141,0.0002141777658835,20.9942626953125,4.700237274169922,-1.1364898681640625,268.8471069335937,0.0015807871241122,28.474313735961918,5.1458892822265625,-1.5567741394042969,283.9501953125,0.007323786150664,63.226219177246094,5.170986175537109,-3.877029418945313,290.2408447265625,0.0130048301070928,90.46363067626952,5.767689071944915e-05,1.85052467713831e-05,13.164336204528809,5.592761993408203,1.664991021156311,8.172551315510646e-05,4.971786984242499e-05,60.271785736083984,3.7854082584381104
IBT_2012255N16322_2012091412,2012255N16322,NADINE,2012-09-14 12:00:00,2012-09-14,2012,9,12,,TS,27.0,306.0,60.0,986.0,IBTRACS_ERA5,OBS,1,27.0,306.0,2012255N16322,NADINE,0.0,val,-0.8090169943749476,0.5877852522924729,-1.0,-1.8369701987210294e-16,7.815399169921875,7.516071319580078,220.31832885742188,3.054631088161841e-05,21.49495506286621,3.277538299560547,8.44826889038086,242.7844390869141,0.0004408840322867,43.1047248840332,0.6868095397949219,-0.6838531494140625,268.42926025390625,0.0021320704836398,39.63668441772461,-4.7024993896484375,-6.085704803466797,283.743408203125,0.0082712024450302,72.4022445678711,-4.895664215087891,-2.6294708251953125,289.9962158203125,0.0127633120864629,90.18389129638672,8.172551315510646e-05,2.716354902077001e-05,16.263553619384766,0.4363166689872741,1.313062310218811,8.172551315510646e-05,4.971786984242499e-05,63.9403076171875,3.7854082584381104
IBT_2012255N16322_2012091418,2012255N16322,NADINE,2012-09-14 18:00:00,2012-09-14,2012,9,18,,TS,28.299999237060547,306.29998779296875,65.0,984.0,IBTRACS_ERA5,OBS,1,28.299999237060547,306.29998779296875,2012255N16322,NADINE,0.0,val,-0.8059284083786143,0.5920130070938588,-1.0,-1.8369701987210294e-16,2.732879638671875,8.643146514892578,220.88748168945312,9.053885150933638e-05,59.57206344604492,0.9168205261230468,6.647121429443359,243.5822296142578,0.0006248668069019,56.65942001342773,-0.3498115539550781,6.9438323974609375,268.2987670898437,0.003570256056264,67.03291320800781,-2.429550170898437,17.896106719970703,282.3870849609375,0.0090260803699493,86.57852935791016,-8.72574234008789,22.542648315429688,290.0535888671875,0.0114428307861089,80.55712890625,6.132988346507773e-05,4.971786984242499e-05,18.013776779174805,-1.5710808038711548,12.534570693969728,8.172551315510646e-05,4.971786984242499e-05,64.60124206542969,3.7854082584381104
NEG_20120914_01125,,,2012-09-14 00:00:00,2012-09-14,2012,9,0,,BG,32.5,,,,IBTRACS_ERA5,OBS,0,32.5,25.0,,,7384.1406351008545,val,0.4226182617406994,0.90630778703665,-1.0,-1.8369701987210294e-16,27.948699951171875,16.341510772705078,222.1973571777344,1.8073575120070014e-05,10.204060554504396,21.717235565185547,10.61501693725586,240.7321929931641,8.696282748132944e-05,10.347190856933594,7.445110321044922,5.7336273193359375,266.03436279296875,0.000278813065961,6.224876403808594,-1.0701751708984375,-7.265392303466797,281.952392578125,0.0041231955401599,40.73453140258789,2.8584861755371094,0.6359100341796875,292.0692138671875,0.0058525707572698,36.24869537353516,-1.610583240108099e-05,-1.2404232620610856e-05,29.600418090820312,11.779870986938477,5.21213436126709,2.2979205823503435e-05,6.341049356706208e-06,31.90996742248535,12.07529640197754
NEG_20120914_01259,,,2012-09-14 00:00:00,2012-09-14,2012,9,0,,BG,37.5,,,,IBTRACS_ERA5,OBS,0,37.5,355.0,,,4608.032988712469,val,-0.0871557427476583,0.9961946980917455,-1.0,-1.8369701987210294e-16,2.623260498046875,0.8212471008300781,219.0830993652344,3.976500738644973e-05,32.41818618774414,6.548046112060547,-5.678195953369141,239.1593170166016,0.0001857798779383,25.76194953918457,-1.704059600830078,-7.9389801025390625,268.88507080078125,0.0004173938650637,7.49690580368042,-3.553817749023437,-4.772960662841797,283.20556640625,0.0012370790354907,11.227594375610352,-2.20108413696289,-3.5110626220703125,290.9188232421875,0.0037920977920293,25.262432098388672,8.768256520852447e-06,-2.0996196326450445e-05,6.484073638916016,0.3424690365791321,-4.215990543365479,1.203081865241984e-05,1.1397969501558693e-07,16.302648544311523,1.768476486206055
NEG_20120914_02840,,,2012-09-14 00:00:00,2012-09-14,2012,9,0,,BG,10.0,,,,IBTRACS_ERA5,OBS,0,10.0,282.5,,,3010.6430609225536,val,-0.9762960071199336,0.2164396139381024,-1.0,-1.8369701987210294e-16,-2.991973876953125,-1.661663055419922,219.35726928710935,6.335447687888518e-05,49.981327056884766,-0.9426765441894532,2.75808334350586,242.1335601806641,0.0005875263595953,61.108280181884766,-4.624225616455078,5.0551605224609375,267.26629638671875,0.0039752395823597,80.73841094970703,-4.2129974365234375,2.363147735595703,283.197265625,0.0080137699842453,72.77278137207031,-4.653964996337891,-1.0078887939453125,291.9046630859375,0.0121806170791387,76.2301025390625,1.4306870070868172e-05,-4.0722011362959165e-06,1.7859549522399902,-3.4851677417755127,1.5013679265975952,2.6592453650664535e-05,2.713475259952247e-05,68.15141296386719,1.1103720664978027
NEG_20120914_03087,,,2012-09-14 00:00:00,2012-09-14,2012,9,0,,BG,2.5,,,,IBTRACS_ERA5,OBS,0,2.5,0.0,,,6217.058809594699,val,0.0,1.0,-1.0,-1.8369701987210294e-16,-9.388702392578123,5.430866241455078,220.11520385742188,3.596008900785819e-05,25.920961380004883,-7.764453887939453,-1.6569557189941406,240.5577545166016,0.000292669632472,35.41537857055664,-3.165729522705078,1.7475433349609375,267.4472045898437,0.0016725931782275,33.504756927490234,-5.8140716552734375,-0.5000114440917969,283.32470703125,0.0057326997630298,51.61356735229492,-0.3426856994628906,-3.2930450439453125,289.1085205078125,0.0098175313323736,73.43946838378906,-2.652612010933808e-06,-4.396818440000061e-06,12.567300796508787,-5.29512882232666,0.3456794619560241,6.105549800849985e-06,4.587067451211624e-06,54.51154327392578,0.8758882284164429
IBT_2012255N16322_2012091500,2012255N16322,NADINE,2012-09-15 00:00:00,2012-09-15,2012,9,0,,TS,29.600000381469727,306.70001220703125,70.0,981.0,IBTRACS_ERA5,OBS,1,29.600000381469727,306.70001220703125,2012255N16322,NADINE,0.0,val,-0.8017755169179728,0.5976253177961235,-1.0,-1.8369701987210294e-16,10.545978546142578,2.3652000427246094,221.7543792724609,5.6918746849987656e-05,33.834922790527344,18.768638610839844,-1.3823127746582031,243.46214294433597,0.000436479167547,40.027381896972656,14.7164306640625,-5.221065521240234,268.6609802246094,0.0027188034728169,49.66627883911133,13.472145080566406,-2.3217315673828125,284.5340576171875,0.0082989335060119,68.90184783935547,9.663654327392578,-3.385883331298828,291.6280822753906,0.0132466275244951,84.36402893066406,0.0001038114278344,5.885363498236984e-05,5.818372249603272,13.433369636535645,-1.9891586303710935,0.0001038114278344,6.384852895280346e-05,63.45756912231445,2.1353487968444824
IBT_2012255N16322_2012091506,2012255N16322,NADINE,2012-09-15 06:00:00,2012-09-15,2012,9,6,,TS,30.5,307.79998779296875,70.0,980.0,IBTRACS_ERA5,OBS,1,30.5,307.79998779296875,2012255N16322,NADINE,0.0,val,-0.7901551429572901,0.6129068853081554,-1.0,-1.8369701987210294e-16,10.545978546142578,2.3652000427246094,221.7543792724609,5.6918746849987656e-05,33.834922790527344,18.768638610839844,-1.3823127746582031,243.46214294433597,0.000436479167547,40.027381896972656,14.7164306640625,-5.221065521240234,268.6609802246094,0.0027188034728169,49.66627883911133,13.472145080566406,-2.3217315673828125,284.5340576171875,0.0082989335060119,68.90184783935547,9.663654327392578,-3.385883331298828,291.6280822753906,0.0132466275244951,84.36402893066406,0.0001038114278344,5.885363498236984e-05,5.818372249603272,13.433369636535645,-1.9891586303710935,0.0001038114278344,6.384852895280346e-05,63.45756912231445,2.1353487968444824
IBT_2012255N16322_2012091512,2012255N16322,NADINE,2012-09-15 12:00:00,2012-09-15,2012,9,12,,TS,30.799999237060547,309.29998779296875,70.0,980.0,IBTRACS_ERA5,OBS,1,30.799999237060547,309.29998779296875,2012255N16322,NADINE,0.0,val,-0.7738403446701124,0.6333807077586446,-1.0,-1.8369701987210294e-16,14.632892608642578,2.6134910583496094,221.52806091308597,8.270520629594103e-05,50.47969818115234,22.639976501464844,3.227550506591797,243.25218200683597,0.0004013385041616,37.54054641723633,18.9381103515625,7.210086822509766,268.4831237792969,0.0036646844819188,67.85185241699219,17.055152893066406,12.602096557617188,283.1983642578125,0.008771538734436,79.64815521240234,12.334552764892578,14.123638153076172,290.7713928222656,0.0131909567862749,88.70471954345703,9.756532381288709e-05,6.384852895280346e-05,11.737369537353516,17.120136260986328,7.9553728103637695,0.0001038114278344,6.384852895280346e-05,62.92893600463867,2.1353487968444824
IBT_2012255N16322_2012091518,2012255N16322,NADINE,2012-09-15 18:00:00,2012-09-15,2012,9,18,,TS,30.799999237060547,310.8999938964844,70.0,980.0,IBTRACS_ERA5,OBS,1,30.799999237060547,310.8999938964844,2012255N16322,NADINE,0.0,val,-0.7558535389148457,0.6547407331989539,-1.0,-1.8369701987210294e-16,14.632892608642578,2.6134910583496094,221.52806091308597,8.270520629594103e-05,50.47969818115234,22.639976501464844,3.227550506591797,243.25218200683597,0.0004013385041616,37.54054641723633,18.9381103515625,7.210086822509766,268.4831237792969,0.0036646844819188,67.85185241699219,17.055152893066406,12.602096557617188,283.1983642578125,0.008771538734436,79.64815521240234,12.334552764892578,14.123638153076172,290.7713928222656,0.0131909567862749,88.70471954345703,9.756532381288709e-05,6.384852895280346e-05,11.737369537353516,17.120136260986328,7.9553728103637695,0.0001038114278344,6.384852895280346e-05,62.92893600463867,2.1353487968444824
NEG_20120915_00407,,,2012-09-15 00:00:00,2012-09-15,2012,9,0,,BG,35.0,,,,IBTRACS_ERA5,OBS,0,35.0,285.0,,,2121.1389766646766,val,-0.9659258262890684,0.2588190451025203,-1.0,-1.8369701987210294e-16,14.986896514892578,-5.521274566650391,218.52513122558597,1.84672353498172e-05,16.10023307800293,8.574058532714844,-5.041492462158203,235.9418792724609,0.0002580265863798,49.2949333190918,2.4820556640625,-2.4959678649902344,263.2726745605469,0.0006247880519367,17.307132720947266,3.4931411743164062,-4.6205596923828125,278.1988525390625,0.0035514829214662,45.45613479614258,0.5962715148925781,-4.623920440673828,285.8446350097656,0.0081531722098588,75.45317840576172,-1.3936063623987138e-05,-1.6163896361831576e-05,14.41857624053955,6.026484489440918,-4.460642814636231,2.3985441657714542e-05,2.714521178859286e-05,31.155851364135746,6.647534370422363
IBT_2012255N16322_2012091600,2012255N16322,NADINE,2012-09-16 00:00:00,2012-09-16,2012,9,0,,TS,30.700000762939453,312.5,70.0,981.0,IBTRACS_ERA5,OBS,1,30.700000762939453,312.5,2012255N16322,NADINE,0.0,val,-0.7372773368101242,0.6755902076156601,-1.0,-1.8369701987210294e-16,17.250732421875,0.3517265319824219,221.25880432128903,1.7559095795149915e-05,11.060439109802246,19.65276336669922,-4.294822692871094,241.82025146484372,0.0001063971503754,11.40240478515625,15.470905303955078,-9.457660675048828,268.0428161621094,0.0015681225340813,30.01942443847656,14.26531982421875,-11.589473724365234,282.99786376953125,0.0048999218270182,45.09832382202149,11.166019439697266,-10.364337921142578,290.1629333496094,0.0092924889177083,64.96277618408203,5.98080805502832e-05,3.257302159909159e-05,12.323058128356934,15.561147689819336,-7.070913791656494,8.510096813552082e-05,5.530754424398765e-05,45.0803337097168,0.8413212299346924
IBT_2012255N16322_2012091606,2012255N16322,NADINE,2012-09-16 06:00:00,2012-09-16,2012,9,6,,TS,30.600000381469727,314.6000061035156,65.0,984.0,IBTRACS_ERA5,OBS,1,30.600000381469727,314.6000061035156,2012255N16322,NADINE,0.0,val,-0.7120259711931246,0.7021531288447611,-1.0,-1.8369701987210294e-16,16.5126953125,-0.6165351867675781,221.83485412597656,6.623560329899192e-05,39.00566482543945,23.17131805419922,-4.536033630371094,243.02545166015625,0.0003286330611445,31.405288696289062,20.47920608520508,-5.842182159423828,268.5059509277344,0.0025162536185234,46.508182525634766,17.04632568359375,-3.0401573181152344,283.35626220703125,0.007419261150062,66.65657043457031,15.872318267822266,-0.0708808898925781,290.2815856933594,0.0124886091798543,86.64683532714844,8.510096813552082e-05,5.530754424398765e-05,0.8413212299346924,18.61637306213379,-2.821157932281494,8.510096813552082e-05,5.530754424398765e-05,48.04121398925781,0.8413212299346924
IBT_2012255N16322_2012091612,2012255N16322,NADINE,2012-09-16 12:00:00,2012-09-16,2012,9,12,,TS,30.600000381469727,317.0,65.0,985.0,IBTRACS_ERA5,OBS,1,30.600000381469727,317.0,2012255N16322,NADINE,0.0,val,-0.6819983600624983,0.7313537016191707,-1.0,-1.8369701987210294e-16,18.65478515625,-3.679523468017578,221.5730133056641,7.64754950068891e-05,46.43280029296875,22.17473602294922,-0.7040023803710938,244.10406494140625,0.0006613797158934,57.10404586791992,19.80122756958008,-0.0008735656738281,267.9532165527344,0.0031129557173699,60.00007247924805,21.43646240234375,4.603397369384766,282.25274658203125,0.0080264536663889,77.6947250366211,15.395511627197266,6.398845672607422,290.2649841308594,0.0129374917596578,89.85649108886719,7.825855573173612e-05,5.196946585783735e-05,10.592279434204102,19.492544174194336,1.3235687017440796,8.510096813552082e-05,5.530754424398765e-05,53.91570663452149,0.8413212299346924
IBT_2012255N16322_2012091618,2012255N16322,NADINE,2012-09-16 18:00:00,2012-09-16,2012,9,18,,TS,30.799999237060547,319.3999938964844,65.0,985.0,IBTRACS_ERA5,OBS,1,30.799999237060547,319.3999938964844,2012255N16322,NADINE,0.0,val,-0.6507742981483191,0.7592712380102137,-1.0,-1.8369701987210294e-16,23.4111328125,-7.021320343017578,221.3346099853516,8.973100921139121e-05,56.021629333496094,20.47112274169922,-1.1112289428710938,242.98980712890625,0.0007671742350794,73.56131744384766,22.30293655395508,4.234477996826172,266.8401794433594,0.0037358242552727,78.39217376708984,24.23333740234375,14.737186431884766,281.30596923828125,0.0073824254795908,76.2196044921875,15.010501861572266,16.903728485107422,289.7967224121094,0.0110461767762899,79.05485534667969,3.157962783006951e-05,2.839332591975108e-05,25.35702133178711,21.085805892944336,5.5485687255859375,8.510096813552082e-05,5.530754424398765e-05,58.57908630371094,0.8413212299346924
NEG_20120916_01893,,,2012-09-16 00:00:00,2012-09-16,2012,9,0,,BG,10.0,,,,IBTRACS_ERA5,OBS,0,10.0,325.0,,,2384.2349354151997,val,-0.5735764363510465,0.8191520442889916,-1.0,-1.8369701987210294e-16,-4.025390625,6.954265594482422,218.4649810791016,5.5251584853976965e-05,48.52069091796875,-6.064033508300781,4.358497619628906,241.40386962890625,0.0005020527751185,55.99423599243164,-7.112102508544922,-0.2093696594238281,267.0945739746094,0.0026444036047905,54.41878509521485,-7.58599853515625,-0.9488487243652344,281.88018798828125,0.0073069059289991,72.54300689697266,-1.6008262634277344,-1.954669952392578,290.1756286621094,0.0114331301301717,79.86290740966797,1.434523073839955e-05,2.364022066103644e-06,9.232965469360352,-5.277670383453369,1.6399749517440796,2.7013333237846385e-05,1.1044443454011343e-05,63.200286865234375,1.788366198539734
NEG_20120916_03740,,,2012-09-16 00:00:00,2012-09-16,2012,9,0,,BG,30.0,,,,IBTRACS_ERA5,OBS,0,30.0,267.5,,,4289.051314879991,val,-0.9990482215818578,-0.0436193873653361,-1.0,-1.8369701987210294e-16,17.896240234375,3.663494110107422,216.9675445556641,5.761341890320182e-05,60.70508575439453,12.05803680419922,1.6773452758789062,239.35137939453125,0.000435470661614,59.26067352294922,3.494342803955078,1.568950653076172,265.9668884277344,0.002892269520089,64.91119384765625,-0.54132080078125,-2.0999717712402344,279.95880126953125,0.0067473375238478,76.4166030883789,-3.2587852478027344,-1.614826202392578,289.0967712402344,0.0083054956048727,62.17582321166992,-1.0438793651701417e-05,-1.8041982912109237e-05,21.803571701049805,5.929702758789063,0.6389983892440796,1.9794912077486515e-05,3.2722095056669787e-05,73.13578796386719,8.474072456359863
IBT_2012255N16322_2012091700,2012255N16322,NADINE,2012-09-17 00:00:00,2012-09-17,2012,9,0,,TS,31.100000381469727,321.20001220703125,60.0,986.0,IBTRACS_ERA5,OBS,1,31.100000381469727,321.20001220703125,2012255N16322,NADINE,0.0,val,-0.6266036453242425,0.7793380984312077,-1.0,-1.8369701987210294e-16,15.56209945678711,2.131427764892578,222.1557464599609,1.399485336150974e-05,7.939540863037109,19.51488494873047,-4.317920684814453,241.1999969482422,6.415140524040908e-05,7.296405792236328,16.531951904296875,-10.406375885009766,266.9737548828125,0.0004526469274424,9.401535987854004,14.956390380859377,-10.09567642211914,281.8690490722656,0.0046647414565086,46.34669494628906,14.575908660888672,-12.374813079833984,289.52105712890625,0.0091523146256804,66.67008972167969,5.8785553846973926e-05,3.931573883164674e-05,14.539724349975586,16.228246688842773,-7.01267147064209,0.0001431509881513,0.0001248170592589,44.62627410888672,2.653756856918335
IBT_2012255N16322_2012091706,2012255N16322,NADINE,2012-09-17 06:00:00,2012-09-17,2012,9,6,,TS,31.700000762939453,322.8999938964844,60.0,987.0,IBTRACS_ERA5,OBS,1,31.700000762939453,322.8999938964844,2012255N16322,NADINE,0.0,val,-0.6032080727090584,0.7975838645676223,-1.0,-1.8369701987210294e-16,11.01876449584961,7.321247100830078,221.52476501464844,8.725548104848713e-05,53.27750778198242,1.8625411987304688,1.4025382995605469,244.6017303466797,0.0007404201314784,61.02476119995117,0.592010498046875,-4.148075103759766,268.2816162109375,0.0045423749834299,85.39575958251953,-4.100982666015625,-8.86874771118164,281.9878234863281,0.008837915956974,87.10285949707031,-7.443378448486328,-8.579402923583984,289.5639038085937,0.0129986321553587,94.42838287353516,0.0001431509881513,0.0001248170592589,24.365577697753903,0.385791003704071,-2.5744881629943848,0.0001431509881513,0.0001248170592589,48.51860427856445,2.653756856918335
IBT_2012255N16322_2012091712,2012255N16322,NADINE,2012-09-17 12:00:00,2012-09-17,2012,9,12,,TS,32.5,324.1000061035156,55.0,988.0,IBTRACS_ERA5,OBS,1,32.5,324.1000061035156,2012255N16322,NADINE,0.0,val,-0.586372270444931,0.810041702909953,-1.0,-1.8369701987210294e-16,16.30086898803711,8.536457061767578,221.72740173339844,7.195478247012943e-05,42.90774917602539,11.827384948730469,10.110301971435549,244.6313934326172,0.0006035213009454,49.60439682006836,10.249725341796877,14.705440521240234,268.0587158203125,0.0045501235872507,87.00038146972656,7.217376708984375,20.45510482788086,281.8109436035156,0.0088196024298667,87.9747085571289,3.879863739013672,20.426212310791016,289.71661376953125,0.0121331429108977,87.28128814697266,0.0001160048850579,0.0001056960754795,17.194408416748047,9.895044326782228,14.846704483032228,0.0001431509881513,0.0001248170592589,53.486122131347656,2.653756856918335
IBT_2012255N16322_2012091718,2012255N16322,NADINE,2012-09-17 18:00:00,2012-09-17,2012,9,18,,TS,33.099998474121094,324.8999938964844,55.0,988.0,IBTRACS_ERA5,OBS,1,33.099998474121094,324.8999938964844,2012255N16322,NADINE,0.0,val,-0.5750053391978553,0.8181496561717541,-1.0,-1.8369701987210294e-16,16.30086898803711,8.536457061767578,221.72740173339844,7.195478247012943e-05,42.90774917602539,11.827384948730469,10.110301971435549,244.6313934326172,0.0006035213009454,49.60439682006836,10.249725341796877,14.705440521240234,268.0587158203125,0.0045501235872507,87.00038146972656,7.217376708984375,20.45510482788086,281.8109436035156,0.0088196024298667,87.9747085571289,3.879863739013672,20.426212310791016,289.71661376953125,0.0121331429108977,87.28128814697266,0.0001160048850579,0.0001056960754795,17.194408416748047,9.895044326782228,14.846704483032228,0.0001431509881513,0.0001248170592589,53.486122131347656,2.653756856918335
NEG_20120917_00939,,,2012-09-17 00:00:00,2012-09-17,2012,9,0,,BG,27.5,,,,IBTRACS_ERA5,OBS,0,27.5,282.5,,,3755.2372103471535,val,-0.9762960071199336,0.2164396139381024,-1.0,-1.8369701987210294e-16,9.83565902709961,2.093585968017578,217.37767028808597,5.1563241868279874e-05,51.67096710205078,5.654777526855469,0.7902336120605469,240.1178436279297,0.0004176013462711,52.73559188842773,-0.014801025390625,2.0803184509277344,265.8988037109375,0.0027505923062562,62.05717468261719,-2.755279541015625,1.8043479919433596,281.3377990722656,0.0039210547693073,40.39484786987305,-4.699481964111328,2.313419342041016,289.25689697265625,0.0090580498799681,67.11384582519531,-4.571345016302075e-06,-2.133142743332428e-06,14.536803245544434,1.6041748523712158,1.8163810968399048,2.304669806107995e-06,2.244889947178308e-05,55.35281753540039,4.122243404388428
NEG_20120917_01190,,,2012-09-17 00:00:00,2012-09-17,2012,9,0,,BG,27.5,,,,IBTRACS_ERA5,OBS,0,27.5,287.5,,,3279.77103404732,val,-0.9537169507482268,0.3007057995042734,-1.0,-1.8369701987210294e-16,13.98885726928711,-0.5063896179199219,217.2762908935547,5.070200131740421e-05,51.44107818603516,8.799797058105469,2.464550018310547,239.7216033935547,0.0003406368487048,44.708282470703125,3.861297607421875,1.4317588806152344,267.2532958984375,0.0014335530577227,29.14487838745117,0.634368896484375,-1.1005592346191406,281.9187316894531,0.0016924816882237,16.758962631225586,-3.990863800048828,-2.0299644470214844,288.9501342773437,0.0078878914937376,59.61051177978516,-1.390649049426429e-05,-9.199608939525206e-06,18.044158935546875,4.65869140625,0.0518791191279888,3.1048925848153885e-06,2.244889947178308e-05,40.07174682617188,4.122243404388428
IBT_2012255N16322_2012091800,2012255N16322,NADINE,2012-09-18 00:00:00,2012-09-18,2012,9,0,,TS,33.5,325.5,50.0,989.0,IBTRACS_ERA5,OBS,1,33.5,325.5,2012255N16322,NADINE,0.0,val,-0.5664062369248329,0.8241261886220156,-1.0,-1.8369701987210294e-16,14.853134155273438,5.268829345703125,221.26736450195312,2.577192208264023e-05,16.217397689819336,15.775856018066406,2.019329071044922,242.6113128662109,0.0002492571366019,24.773073196411133,19.789031982421875,-7.849903106689453,268.0160827636719,0.0027659563347697,53.057838439941406,20.615062713623047,-12.678455352783203,281.2484130859375,0.0068615349009633,71.12094116210938,21.3685302734375,-14.747055053710938,289.51531982421875,0.0119100175797939,86.79059600830078,0.0001065093383658,9.37716249609366e-05,21.04960823059082,18.480321884155277,-5.597451210021973,0.0001606556179467,0.0001157847800641,45.5595703125,1.383246660232544
IBT_2012255N16322_2012091806,2012255N16322,NADINE,2012-09-18 06:00:00,2012-09-18,2012,9,6,,TS,33.900001525878906,326.1000061035156,50.0,989.0,IBTRACS_ERA5,OBS,1,33.900001525878906,326.1000061035156,2012255N16322,NADINE,0.0,val,-0.5577450205614299,0.8300123445099657,-1.0,-1.8369701987210294e-16,6.1392669677734375,6.691925048828125,221.27505493164065,4.742190867546015e-05,29.81413459777832,1.5214614868164062,-2.669147491455078,242.84922790527344,0.0006300414097495,61.22146987915039,-12.862579345703123,-7.416553497314453,267.4895935058594,0.0049089966341853,98.01761627197266,-13.767505645751951,-18.244251251220703,280.3690185546875,0.0079426141455769,87.44560241699219,-15.0006103515625,-21.135971069335938,289.19696044921875,0.0119731985032558,89.05603790283203,0.0001176135629066,0.0001107492716982,34.94690704345703,-6.7939934730529785,-8.554800033569336,0.0001606556179467,0.0001157847800641,45.247684478759766,1.383246660232544
IBT_2012255N16322_2012091812,2012255N16322,NADINE,2012-09-18 12:00:00,2012-09-18,2012,9,12,,TS,34.29999923706055,326.70001220703125,50.0,989.0,IBTRACS_ERA5,OBS,1,34.29999923706055,326.70001220703125,2012255N16322,NADINE,0.0,val,-0.5490226399269481,0.8358074783391476,-1.0,-1.8369701987210294e-16,2.176132202148437,5.673614501953125,221.76785278320312,9.535242861602455e-05,56.59253692626953,1.1572036743164062,7.580120086669922,243.47056579589844,0.0006152855348773,56.38010025024414,-8.152862548828125,10.917919158935549,268.6986999511719,0.0047105280682444,85.80559539794922,-13.765796661376951,11.815929412841797,282.4962158203125,0.0096835764124989,92.20095825195312,-16.6783447265625,11.187515258789062,289.97430419921875,0.0138620100915431,98.08465576171876,0.0001606556179467,0.0001157847800641,19.644195556640625,-7.052733421325684,9.435019493103027,0.0001606556179467,0.0001157847800641,49.36215972900391,1.383246660232544
IBT_2012255N16322_2012091818,2012255N16322,NADINE,2012-09-18 18:00:00,2012-09-18,2012,9,18,,TS,34.900001525878906,327.29998779296875,50.0,989.0,IBTRACS_ERA5,OBS,1,34.900001525878906,327.29998779296875,2012255N16322,NADINE,0.0,val,-0.5402404997639448,0.8415106668455268,-1.0,-1.8369701987210294e-16,2.176132202148437,5.673614501953125,221.76785278320312,9.535242861602455e-05,56.59253692626953,1.1572036743164062,7.580120086669922,243.47056579589844,0.0006152855348773,56.38010025024414,-8.152862548828125,10.917919158935549,268.6986999511719,0.0047105280682444,85.80559539794922,-13.765796661376951,11.815929412841797,282.4962158203125,0.0096835764124989,92.20095825195312,-16.6783447265625,11.187515258789062,289.97430419921875,0.0138620100915431,98.08465576171876,0.0001606556179467,0.0001157847800641,19.644195556640625,-7.052733421325684,9.435019493103027,0.0001606556179467,0.0001157847800641,49.36215972900391,1.383246660232544
NEG_20120918_00692,,,2012-09-18 00:00:00,2012-09-18,2012,9,0,,BG,20.0,,,,IBTRACS_ERA5,OBS,0,20.0,327.5,,,1514.1038376025367,val,-0.5372996083468242,0.8433914458128855,-1.0,-1.8369701987210294e-16,8.331649780273438,0.438995361328125,218.81790161132807,3.0125855118967596e-05,25.354612350463867,7.935768127441406,-0.4672431945800781,240.63682556152344,0.0001337731227977,16.064273834228516,-3.241973876953125,-1.0203132629394531,265.9439392089844,0.0006488441722467,14.587851524353027,-2.057788848876953,5.221691131591797,283.0943603515625,0.0040848525241017,37.35259246826172,-2.1461181640625,1.4323883056640625,295.4232788085937,0.0060082636773586,30.18911361694336,-1.7120873962994665e-05,-1.7854603356681764e-05,10.524754524230955,1.7643073797225952,1.1211036443710327,7.517669473600108e-07,2.3149468688643537e-06,38.32221603393555,0.3043193519115448
NEG_20120918_04199,,,2012-09-18 00:00:00,2012-09-18,2012,9,0,,BG,35.0,,,,IBTRACS_ERA5,OBS,0,35.0,10.0,,,3861.1238154154257,val,0.1736481776669303,0.984807753012208,-1.0,-1.8369701987210294e-16,11.437606811523438,-15.930145263671877,215.75357055664065,3.61007550964132e-05,44.18687057495117,13.122535705566406,-11.476764678955078,238.15708923339844,0.0002341548097319,35.840328216552734,9.300018310546877,-8.844287872314453,265.9878845214844,0.0011801301734521,26.44273376464844,5.254955291748047,-8.246448516845703,280.7508544921875,0.0027841301634907,29.858448028564453,4.1131591796875,-0.2033538818359375,292.42449951171875,0.0050943456590175,30.85396957397461,-1.507642627984751e-05,-1.5624789739376865e-05,17.3487606048584,8.645654678344727,-8.940199851989746,1.157595579570625e-05,2.266124647576362e-05,19.915128707885746,4.141105651855469
IBT_2012255N16322_2012091900,2012255N16322,NADINE,2012-09-19 00:00:00,2012-09-19,2012,9,0,,TS,35.5,327.70001220703125,50.0,989.0,IBTRACS_ERA5,OBS,1,35.5,327.70001220703125,2012255N16322,NADINE,0.0,val,-0.5343521693043399,0.845261947067148,-1.0,-1.8369701987210294e-16,11.501365661621094,13.376117706298828,222.94265747070312,1.2561233234009704e-05,6.506353855133057,8.399856567382812,3.1501388549804688,243.27468872070312,0.0002658785961102,24.81709861755371,17.301708221435547,1.2112045288085938,268.2716064453125,0.003562293946743,67.0212631225586,22.855010986328125,-3.990520477294922,282.1357421875,0.0074426438659429,72.61803436279297,24.525314331054688,-10.690895080566406,289.2119140625,0.0111789796501398,83.06865692138672,0.0001420083863195,0.0001071911538019,27.365020751953125,16.916650772094727,0.6112090945243835,0.0001600387622602,0.0001136881546699,51.74810409545898,2.9814960956573486
IBT_2012255N16322_2012091906,2012255N16322,NADINE,2012-09-19 06:00:00,2012-09-19,2012,9,6,,TS,36.09999847412109,328.0,50.0,989.0,IBTRACS_ERA5,OBS,1,36.09999847412109,328.0,2012255N16322,NADINE,0.0,val,-0.529919264233205,0.8480480961564258,-1.0,-1.8369701987210294e-16,11.501365661621094,13.376117706298828,222.94265747070312,1.2561233234009704e-05,6.506353855133057,8.399856567382812,3.1501388549804688,243.27468872070312,0.0002658785961102,24.81709861755371,17.301708221435547,1.2112045288085938,268.2716064453125,0.003562293946743,67.0212631225586,22.855010986328125,-3.990520477294922,282.1357421875,0.0074426438659429,72.61803436279297,24.525314331054688,-10.690895080566406,289.2119140625,0.0111789796501398,83.06865692138672,0.0001420083863195,0.0001071911538019,27.365020751953125,16.916650772094727,0.6112090945243835,0.0001600387622602,0.0001136881546699,51.74810409545898,2.9814960956573486
IBT_2012255N16322_2012091912,2012255N16322,NADINE,2012-09-19 12:00:00,2012-09-19,2012,9,12,,TS,36.70000076293945,328.0,50.0,989.0,IBTRACS_ERA5,OBS,1,36.70000076293945,328.0,2012255N16322,NADINE,0.0,val,-0.529919264233205,0.8480480961564258,-1.0,-1.8369701987210294e-16,7.062156677246094,10.651874542236328,221.99624633789065,4.484063902054913e-05,25.91486358642578,-3.1400604248046875,3.7665939331054688,243.37063598632807,0.0005559147684834,51.42167663574219,-12.644458770751951,-1.8099136352539065,267.5927124023437,0.0042396038770675,83.98880767822266,-18.26864624023437,-6.346233367919922,281.2938232421875,0.0087781902402639,90.70539855957033,-21.221267700195312,-8.281471252441406,289.1038818359375,0.0127828512340784,95.6499481201172,0.0001600387622602,0.0001136881546699,34.03562545776367,-9.642455101013184,-0.403829962015152,0.0001600387622602,0.0001136881546699,51.4499626159668,2.9814960956573486
IBT_2012255N16322_2012091918,2012255N16322,NADINE,2012-09-19 18:00:00,2012-09-19,2012,9,18,,TS,37.09999847412109,328.0,50.0,987.0,IBTRACS_ERA5,OBS,1,37.09999847412109,328.0,2012255N16322,NADINE,0.0,val,-0.529919264233205,0.8480480961564258,-1.0,-1.8369701987210294e-16,7.062156677246094,10.651874542236328,221.99624633789065,4.484063902054913e-05,25.91486358642578,-3.1400604248046875,3.7665939331054688,243.37063598632807,0.0005559147684834,51.42167663574219,-12.644458770751951,-1.8099136352539065,267.5927124023437,0.0042396038770675,83.98880767822266,-18.26864624023437,-6.346233367919922,281.2938232421875,0.0087781902402639,90.70539855957033,-21.221267700195312,-8.281471252441406,289.1038818359375,0.0127828512340784,95.6499481201172,0.0001600387622602,0.0001136881546699,34.03562545776367,-9.642455101013184,-0.403829962015152,0.0001600387622602,0.0001136881546699,51.4499626159668,2.9814960956573486
NEG_20120919_00002,,,2012-09-19 00:00:00,2012-09-19,2012,9,0,,BG,27.5,,,,IBTRACS_ERA5,OBS,0,27.5,277.5,,,4790.465056721056,val,-0.9914448613738104,0.1305261922200512,-1.0,-1.8369701987210294e-16,14.233055114746094,16.500751495361328,218.6480407714844,5.914552093599923e-05,50.80632400512695,12.424636840820312,14.012077331542969,240.47280883789065,0.0005735018639825,69.97145080566406,8.209789276123047,4.613548278808594,265.3973999023437,0.0028781369328498,67.50629425048828,9.187286376953123,4.839313507080078,281.3587646484375,0.006612604483962,68.02577209472656,7.3960418701171875,2.3927230834960938,290.5963134765625,0.0103423092514276,70.32867431640625,-1.4632680631621042e-06,-1.687356871116208e-06,15.677411079406738,10.290162086486816,8.47168254852295,3.126063893432729e-05,2.7460437195259143e-05,60.13081359863281,0.9489613175392152
NEG_20120919_00408,,,2012-09-19 00:00:00,2012-09-19,2012,9,0,,BG,27.5,,,,IBTRACS_ERA5,OBS,0,27.5,17.5,,,4719.035401342231,val,0.3007057995042731,0.9537169507482268,-1.0,-1.8369701987210294e-16,0.9270248413085938,-0.3282279968261719,218.52883911132807,1.910773244162556e-05,16.651187896728516,-1.3058319091796875,-4.462532043457031,237.7652282714844,8.379013161174953e-05,13.333456993103027,2.922801971435547,-5.636573791503906,267.2372436523437,0.000867843569722,17.665372848510742,4.040802001953125,-5.465984344482422,281.57568359375,0.0017280189786106,17.51536750793457,0.5271453857421875,-2.4413833618164062,291.327392578125,0.0070465896278619,45.74088287353516,-1.3060223864158615e-05,-3.995805855083745e-06,2.150657892227173,1.4223884344100952,-3.666940212249756,1.463982516725082e-05,3.502570507407654e-06,19.64832878112793,1.465800404548645
NEG_20120919_00684,,,2012-09-19 00:00:00,2012-09-19,2012,9,0,,BG,17.5,,,,IBTRACS_ERA5,OBS,0,17.5,272.5,,,5765.289498723028,val,-0.9990482215818578,0.0436193873653357,-1.0,-1.8369701987210294e-16,6.116722106933594,-6.573833465576172,219.56234741210935,6.860961730126292e-05,52.81753540039063,2.1078643798828125,-2.4865798950195312,241.90798950195312,0.0005559818237088,59.08598327636719,-3.549976348876953,4.380882263183594,267.22967529296875,0.0012287199497222,25.025659561157227,-4.605560302734375,4.113483428955078,282.8614501953125,0.0042530205100774,39.50647735595703,-4.7027130126953125,1.7212142944335938,292.4666748046875,0.0096621606498956,58.3638916015625,9.592271453584544e-06,-1.2277580026420765e-05,13.633340835571287,-0.9267326593399048,0.2310333251953125,1.4021766219229905e-05,2.1652393115800805e-05,59.129615783691406,5.334152698516846
NEG_20120919_01202,,,2012-09-19 00:00:00,2012-09-19,2012,9,0,,BG,37.5,,,,IBTRACS_ERA5,OBS,0,37.5,22.5,,,4750.426289242401,val,0.3826834323650898,0.9238795325112868,-1.0,-1.8369701987210294e-16,22.268699645996094,-9.315898895263672,219.7240295410156,2.634387601574417e-05,19.893102645874023,16.436965942382812,-7.775520324707031,235.8421936035156,0.0001689335040282,32.60124588012695,8.779247283935547,-3.1934585571289062,262.21392822265625,0.00076072657248,22.919782638549805,2.653839111328125,-1.249187469482422,276.7742919921875,0.0047990288585424,67.90010833740234,1.6027069091796875,-1.5062026977539062,286.2763671875,0.0083831939846277,75.40638732910156,-1.99132000489044e-06,2.411715104244649e-05,22.09241104125977,10.348291397094728,-4.608053684234619,2.1438969270093367e-05,4.066847759531811e-05,42.3511848449707,7.141805171966553
NEG_20120919_01723,,,2012-09-19 00:00:00,2012-09-19,2012,9,0,,BG,30.0,,,,IBTRACS_ERA5,OBS,0,30.0,5.0,,,3492.933944430223,val,0.0871557427476581,0.9961946980917455,-1.0,-1.8369701987210294e-16,5.010643005371094,-0.3587455749511719,217.7328186035156,2.066979322989937e-05,19.83562469482422,8.726516723632812,0.3002853393554687,237.8480529785156,8.558572153560817e-05,13.507587432861328,2.453807830810547,2.1113510131835938,266.1497802734375,0.0002790763392113,6.175501823425293,-0.680633544921875,0.1210517883300781,283.403076171875,0.001164307934232,10.427547454833984,-5.3001251220703125,0.3911361694335937,295.97265625,0.0027816388756036,13.51201629638672,-1.2142094419687057e-05,-9.11193092179019e-06,10.338001251220703,2.042041778564453,0.5130157470703125,2.3950908143888228e-05,1.4360388377099298e-05,27.812877655029297,3.5919294357299805
NEG_20120919_02231,,,2012-09-19 00:00:00,2012-09-19,2012,9,0,,BG,37.5,,,,IBTRACS_ERA5,OBS,0,37.5,350.0,,,1942.0280088916652,val,-0.1736481776669304,0.984807753012208,-1.0,-1.8369701987210294e-16,4.880271911621094,-10.732280731201172,218.4422912597656,1.5764517229399644e-05,13.882014274597168,-1.3103485107421875,-10.764656066894531,235.03530883789065,9.517461876384914e-05,19.936717987060547,0.4584465026855469,-5.246070861816406,264.2083740234375,0.0009722784161567,25.02091217041016,-0.009979248046875,-1.006389617919922,278.793212890625,0.0045324470847845,55.65361404418945,0.9217987060546876,-0.6449966430664062,286.966552734375,0.0094351861625909,81.1116943359375,1.872852953965776e-05,3.641752482508309e-05,10.836180686950684,0.988037884235382,-5.678878784179688,2.625732122396585e-05,4.873664147453383e-05,42.74825286865234,7.711447238922119
NEG_20120919_03166,,,2012-09-19 00:00:00,2012-09-19,2012,9,0,,BG,45.0,,,,IBTRACS_ERA5,OBS,0,45.0,337.5,,,1184.2119380909696,val,-0.3826834323650895,0.9238795325112868,-1.0,-1.8369701987210294e-16,22.652488708496094,-0.6546440124511719,216.76028442382807,3.379166446393356e-05,36.5225715637207,12.609329223632812,5.016593933105469,235.42153930664065,0.0002034390054177,40.97175979614258,6.236522674560547,2.4394760131835938,263.4677734375,0.0003874376125168,10.56830883026123,0.310089111328125,1.208942413330078,276.047119140625,0.0019633083138614,29.24923324584961,-0.8938751220703125,1.8445053100585935,284.05126953125,0.00225848890841,23.545246124267575,-1.979576700250618e-05,-3.034258588741068e-05,23.678619384765625,8.182910919189453,1.970974683761597,3.3646667816356057e-06,1.0712617950048298e-05,31.509340286254883,13.591958045959473
NEG_20120919_03365,,,2012-09-19 00:00:00,2012-09-19,2012,9,0,,BG,17.5,,,,IBTRACS_ERA5,OBS,0,17.5,277.5,,,5315.942218118504,val,-0.9914448613738104,0.1305261922200512,-1.0,-1.8369701987210294e-16,-0.4753189086914062,-16.531719207763672,219.66531372070312,5.626308120554313e-05,42.784297943115234,-2.3314666748046875,-7.323616027832031,240.85397338867188,0.0003050109080504,35.8671760559082,-6.052051544189453,1.8460922241210935,266.71044921875,0.0012833327054977,27.198766708374023,-5.944915771484375,1.541950225830078,283.1568603515625,0.0037536825984716,34.18000793457031,-6.7788848876953125,2.3314437866210938,291.4859619140625,0.0095150265842676,61.14632034301758,-9.06302830117056e-06,-1.180906929221237e-05,19.88853645324707,-4.316527366638184,-3.6271698474884033,9.592271453584544e-06,2.1652393115800805e-05,50.58488464355469,5.036803722381592
NEG_20120919_03826,,,2012-09-19 00:00:00,2012-09-19,2012,9,0,,BG,20.0,,,,IBTRACS_ERA5,OBS,0,20.0,260.0,,,6753.035068451508,val,-0.984807753012208,-0.1736481776669303,-1.0,-1.8369701987210294e-16,6.274314880371094,-2.188335418701172,219.7381896972656,2.630522612889763e-05,19.830442428588867,2.4179229736328125,-5.489265441894531,242.02896118164065,6.12372241448611e-05,6.433125019073486,-1.0554695129394531,-1.1650161743164062,268.4010009765625,0.0001304819743381,2.4309473037719727,-8.589813232421875,-4.047405242919922,282.334228515625,0.0051718261092901,49.78646087646485,-2.4246368408203125,-1.0341567993164062,291.2509765625,0.0081139896064996,52.92555236816406,2.8236263460712507e-06,-3.7693666854465846e-06,8.775185585021973,-0.6755363345146179,-2.7848358154296875,1.2581269402289765e-05,9.162482456304131e-06,59.38133239746094,0.5353085398674011
IBT_2012255N16322_2012092000,2012255N16322,NADINE,2012-09-20 00:00:00,2012-09-20,2012,9,0,,TS,37.20000076293945,328.3999938964844,50.0,986.0,IBTRACS_ERA5,OBS,1,37.20000076293945,328.3999938964844,2012255N16322,NADINE,0.0,val,-0.5239859967015171,0.8517268783246879,-1.0,-1.8369701987210294e-16,7.097953796386719,3.091388702392578,221.98704528808597,2.150058571714908e-05,12.439191818237305,1.5156211853027344,-4.342185974121094,240.57850646972656,0.0004813737177755,58.13324737548828,-3.030555725097656,-18.40021514892578,265.87969970703125,0.0024757052306085,55.93788909912109,-6.799564361572266,-22.191505432128903,280.173828125,0.0064283101819455,71.73151397705078,-8.638832092285156,-25.10731506347656,287.2138671875,0.0105168484151363,88.96024322509766,9.697325003799052e-05,9.977880836231634e-05,32.29262161254883,-1.971075415611267,-13.389966011047363,0.0001557716459501,0.0001205909793497,44.28693389892578,5.040841102600098
IBT_2012255N16322_2012092006,2012255N16322,NADINE,2012-09-20 06:00:00,2012-09-20,2012,9,6,,TS,36.900001525878906,329.1000061035156,50.0,986.0,IBTRACS_ERA5,OBS,1,36.900001525878906,329.1000061035156,2012255N16322,NADINE,0.0,val,-0.5135411606515647,0.8580649604293628,-1.0,-1.8369701987210294e-16,5.466484069824219,7.001300811767578,221.7141571044922,3.380405541975051e-05,20.189041137695312,-1.5045204162597656,1.4930191040039062,242.0506134033203,0.000653141294606,68.47249603271484,-7.596473693847656,1.9702682495117188,266.7137451171875,0.0042719659395515,90.51651763916016,-8.166507720947266,1.7589340209960938,281.017578125,0.0092629436403512,97.54056549072266,-9.823646545410156,0.8410491943359375,288.1944580078125,0.0123868249356746,98.29920959472656,0.0001557716459501,0.0001205909793497,16.48444175720215,-4.324933052062988,2.6129143238067627,0.0001557716459501,0.0001205909793497,51.00148010253906,0.9430387020111084
IBT_2012255N16322_2012092012,2012255N16322,NADINE,2012-09-20 12:00:00,2012-09-20,2012,9,12,,TS,36.5,330.0,50.0,986.0,IBTRACS_ERA5,OBS,1,36.5,330.0,2012255N16322,NADINE,0.0,val,-0.5000000000000004,0.8660254037844384,-1.0,-1.8369701987210294e-16,5.466484069824219,7.001300811767578,221.7141571044922,3.380405541975051e-05,20.189041137695312,-1.5045204162597656,1.4930191040039062,242.0506134033203,0.000653141294606,68.47249603271484,-7.596473693847656,1.9702682495117188,266.7137451171875,0.0042719659395515,90.51651763916016,-8.166507720947266,1.7589340209960938,281.017578125,0.0092629436403512,97.54056549072266,-9.823646545410156,0.8410491943359375,288.1944580078125,0.0123868249356746,98.29920959472656,0.0001557716459501,0.0001205909793497,16.48444175720215,-4.324933052062988,2.6129143238067627,0.0001557716459501,0.0001205909793497,51.00148010253906,0.9430387020111084
IBT_2012255N16322_2012092018,2012255N16322,NADINE,2012-09-20 18:00:00,2012-09-20,2012,9,18,,TS,36.20000076293945,331.0,55.0,984.0,IBTRACS_ERA5,OBS,1,36.20000076293945,331.0,2012255N16322,NADINE,0.0,val,-0.4848096202463369,0.8746197071393959,-1.0,-1.8369701987210294e-16,7.998222351074219,5.432941436767578,223.7729949951172,1.0148926776309963e-05,4.779361248016357,10.815792083740234,-1.2101058959960938,240.2024688720703,0.0004226799064781,52.93992614746094,20.928428649902344,-2.642280578613281,266.9700927734375,0.0027646387461572,57.438018798828125,22.56884384155273,-0.3040542602539062,280.80224609375,0.0076975463889539,82.26188659667969,22.496665954589844,0.3371429443359375,288.4100341796875,0.0114718340337276,89.77494812011719,0.000122915385873,9.871980728348716e-05,15.367889404296877,16.961589813232422,0.3227287232875824,0.0001557716459501,0.0001205909793497,50.47446441650391,0.9430387020111084
NEG_20120920_00296,,,2012-09-20 00:00:00,2012-09-20,2012,9,0,,BG,10.0,,,,IBTRACS_ERA5,OBS,0,10.0,297.5,,,4327.153526380004,val,-0.8870108331782216,0.4617486132350341,-1.0,-1.8369701987210294e-16,2.1075973510742188,-9.189128875732422,219.0306854248047,3.855286922771484e-05,31.62820625305176,2.1536827087402344,-7.503562927246094,240.9159698486328,0.0002075704542221,24.263288497924805,-4.163368225097656,-1.1200637817382812,266.4520263671875,0.0013993496540933,30.25260734558105,-5.471195220947266,0.6205062866210938,282.13720703125,0.005098336841911,49.73964691162109,-6.992591857910156,0.4282073974609375,291.0682373046875,0.0107500217854976,70.93814086914062,-6.085863333282759e-07,1.5896090189926326e-05,13.24034023284912,-2.473175048828125,-3.3528084754943848,9.107086043513846e-06,3.2883450330700725e-05,54.35345077514648,1.061709761619568
NEG_20120920_00845,,,2012-09-20 00:00:00,2012-09-20,2012,9,0,,BG,25.0,,,,IBTRACS_ERA5,OBS,0,25.0,322.5,,,1464.2280124297872,val,-0.608761429008721,0.7933533402912349,-1.0,-1.8369701987210294e-16,8.724784851074219,3.176593780517578,217.2272186279297,2.971601497847587e-05,30.330602645874023,8.090450286865234,1.5213394165039062,239.8213653564453,0.0001953775790752,25.394926071166992,0.0172958374023437,1.1589889526367188,266.2735595703125,0.000499274872709,10.943202018737791,8.850582122802734,-1.4998550415039062,280.995361328125,0.0035019756760448,36.9326286315918,4.742515563964844,-1.6806793212890625,291.8468017578125,0.0072742365300655,45.691162109375,-1.330554277956253e-05,-1.7045103959389962e-05,6.28104829788208,6.085125923156738,0.5352775454521179,2.036628757196013e-06,-6.015763119648909e-06,38.16958236694336,4.6750168800354
NEG_20120920_01573,,,2012-09-20 00:00:00,2012-09-20,2012,9,0,,BG,32.5,,,,IBTRACS_ERA5,OBS,0,32.5,307.5,,,1972.851600624518,val,-0.7933533402912352,0.6087614290087205,-1.0,-1.8369701987210294e-16,-11.91779327392578,-0.0665702819824218,220.5644989013672,2.386917185503989e-05,16.31463050842285,-13.689212799072266,-2.6734848022460938,235.4561920166016,0.0002710624539759,54.3989372253418,-9.201210021972656,0.4529342651367187,261.67205810546875,0.0020932222250849,65.8565673828125,-7.226810455322266,3.0647201538085938,277.254150390625,0.004686692263931,64.1010971069336,-6.680091857910156,4.2748870849609375,286.836669921875,0.0090131424367427,78.14521026611328,6.341475091176108e-05,8.284705836558715e-05,6.803070545196533,-9.743023872375488,1.0104973316192627,6.782617856515571e-05,8.284705836558715e-05,51.99431991577149,6.256776332855225
NEG_20120920_02464,,,2012-09-20 00:00:00,2012-09-20,2012,9,0,,BG,7.5,,,,IBTRACS_ERA5,OBS,0,7.5,10.0,,,5077.734535434555,val,0.1736481776669303,0.984807753012208,-1.0,-1.8369701987210294e-16,-8.717597961425781,-1.211101531982422,218.9966278076172,6.652793672401458e-05,54.80205154418945,-6.925662994384766,-1.8756332397460935,241.3775177001953,0.0005726377712562,64.02842712402344,-7.269325256347656,-0.7245559692382812,266.907470703125,0.003829148132354,79.93694305419922,-5.482913970947266,1.3487777709960938,282.31494140625,0.0075244246982038,72.52850341796875,-0.7640762329101562,0.5544281005859375,290.5709228515625,0.0130952261388301,89.19303131103516,-4.1121779759123456e-06,-6.460825261456193e-07,8.147122383117676,-5.831915378570557,-0.3816169798374176,1.5551515389233828e-05,8.325099770445377e-06,69.22864532470703,1.69946551322937
NEG_20120920_03686,,,2012-09-20 00:00:00,2012-09-20,2012,9,0,,BG,47.5,,,,IBTRACS_ERA5,OBS,0,47.5,317.5,,,1451.005030836336,val,-0.6755902076156605,0.7372773368101239,-1.0,-1.8369701987210294e-16,-9.13227081298828,-18.725261688232425,215.88206481933597,2.8157912311144173e-05,33.91949462890625,-0.1286659240722656,-15.995018005371094,237.4877471923828,0.0002452033222652,40.111427307128906,5.258506774902344,-10.71063995361328,264.1420288085937,0.0011081288103014,28.665660858154297,1.9857139587402344,-6.373023986816406,278.078125,0.0011275053257122,14.553661346435549,0.0132675170898437,-6.4215240478515625,286.3414306640625,0.0030229352414608,27.075056076049805,-3.969066892750561e-05,-4.492477819439955e-05,15.33045482635498,-0.4006896913051605,-11.64509391784668,-6.5101903601316735e-06,-1.4307129276858175e-05,13.99119758605957,5.146082878112793
NEG_20120920_03918,,,2012-09-20 00:00:00,2012-09-20,2012,9,0,,BG,20.0,,,,IBTRACS_ERA5,OBS,0,20.0,20.0,,,5072.077967517732,val,0.3420201433256687,0.9396926207859084,-1.0,-1.8369701987210294e-16,5.212089538574219,8.055988311767578,219.4978485107422,2.5362081942148507e-05,19.675281524658203,4.736690521240234,3.3973159790039062,240.2095489501953,0.000157156100613,19.67000770568848,-1.0798721313476562,-1.5446243286132812,266.9205322265625,0.0003642703522928,7.596864700317383,7.328121185302734,-8.053077697753906,283.0693359375,0.0047897337935864,43.87212371826172,-3.604896545410156,-6.225357055664063,294.9168701171875,0.0057195089757442,29.651195526123047,-1.1227174582018051e-05,9.448520359001122e-06,16.783803939819336,2.518426418304444,-0.8739509582519531,1.1656960850814356e-05,9.448520359001122e-06,30.27541923522949,2.31460189819336
IBT_2012255N16322_2012092100,2012255N16322,NADINE,2012-09-21 00:00:00,2012-09-21,2012,9,0,,TS,35.900001525878906,331.79998779296875,55.0,984.0,IBTRACS_ERA5,OBS,1,35.900001525878906,331.79998779296875,2012255N16322,NADINE,0.0,val,-0.4725509526332881,0.8813033513866675,-1.0,-1.8369701987210294e-16,-0.5417137145996094,-4.477230072021484,222.12013244628903,2.66739989456255e-05,15.19537353515625,-5.765739440917969,-7.383136749267578,240.7296295166016,0.0002794043393805,33.252899169921875,-2.928413391113281,-6.3201751708984375,268.0531616210937,0.0025820545852184,49.39086532592773,-4.063816070556641,-4.179473876953125,281.58905029296875,0.0081002889201045,82.030517578125,-4.430133819580078,-3.887020111083984,288.9300231933594,0.0124905593693256,94.51641082763672,0.0001804011117201,0.0001368305529467,3.9329581260681152,-3.545963287353516,-5.2494072914123535,0.0001804011117201,0.0001368305529467,46.578121185302734,2.969249725341797
IBT_2012255N16322_2012092106,2012255N16322,NADINE,2012-09-21 06:00:00,2012-09-21,2012,9,6,,TS,35.400001525878906,332.6000061035156,55.0,984.0,IBTRACS_ERA5,OBS,1,35.400001525878906,332.6000061035156,2012255N16322,NADINE,0.0,val,-0.4601996902080332,0.8878154341598429,-1.0,-1.8369701987210294e-16,-0.5417137145996094,-4.477230072021484,222.12013244628903,2.66739989456255e-05,15.19537353515625,-5.765739440917969,-7.383136749267578,240.7296295166016,0.0002794043393805,33.252899169921875,-2.928413391113281,-6.3201751708984375,268.0531616210937,0.0025820545852184,49.39086532592773,-4.063816070556641,-4.179473876953125,281.58905029296875,0.0081002889201045,82.030517578125,-4.430133819580078,-3.887020111083984,288.9300231933594,0.0124905593693256,94.51641082763672,0.0001804011117201,0.0001368305529467,3.9329581260681152,-3.545963287353516,-5.2494072914123535,0.0001804011117201,0.0001368305529467,46.578121185302734,2.969249725341797
IBT_2012255N16322_2012092112,2012255N16322,NADINE,2012-09-21 12:00:00,2012-09-21,2012,9,12,,TS,34.599998474121094,332.70001220703125,50.0,984.0,IBTRACS_ERA5,OBS,1,34.599998474121094,332.70001220703125,2012255N16322,NADINE,0.0,val,-0.4586493651618373,0.8886173303715406,-1.0,-1.8369701987210294e-16,-0.5417137145996094,-4.477230072021484,222.12013244628903,2.66739989456255e-05,15.19537353515625,-5.765739440917969,-7.383136749267578,240.7296295166016,0.0002794043393805,33.252899169921875,-2.928413391113281,-6.3201751708984375,268.0531616210937,0.0025820545852184,49.39086532592773,-4.063816070556641,-4.179473876953125,281.58905029296875,0.0081002889201045,82.030517578125,-4.430133819580078,-3.887020111083984,288.9300231933594,0.0124905593693256,94.51641082763672,0.0001804011117201,0.0001368305529467,3.9329581260681152,-3.545963287353516,-5.2494072914123535,0.0001804011117201,0.0001368305529467,46.578121185302734,2.969249725341797
IBT_2012255N16322_2012092118,2012255N16322,NADINE,2012-09-21 18:00:00,2012-09-21,2012,9,18,,DS,33.599998474121094,332.79998779296875,50.0,984.0,IBTRACS_ERA5,OBS,1,33.599998474121094,332.79998779296875,2012255N16322,NADINE,0.0,val,-0.4570981165514102,0.8894162759052442,-1.0,-1.8369701987210294e-16,10.78824234008789,-3.4491539001464844,221.33583068847656,3.25434266414959e-05,20.314884185791016,16.94861602783203,-4.238361358642578,239.1742706298828,0.000224292409257,31.05687713623047,20.12688446044922,0.2906646728515625,266.82965087890625,0.0016106255352497,33.82451629638672,20.37124252319336,-1.417144775390625,279.6024780273437,0.0064504765905439,74.87652587890625,21.115398406982425,-2.5436363220214844,287.6232604980469,0.0102508254349231,84.42518615722656,0.0001014278095681,9.401938586961478e-05,10.366779327392578,17.87007713317871,-2.271526336669922,0.0001804011117201,0.0001368305529467,44.21259689331055,3.9329581260681152
NEG_20120921_04462,,,2012-09-21 00:00:00,2012-09-21,2012,9,0,,BG,22.5,,,,IBTRACS_ERA5,OBS,0,22.5,0.0,,,2928.594163145208,val,0.0,1.0,-1.0,-1.8369701987210294e-16,18.65286636352539,-2.4679527282714844,217.91212463378903,5.6226723245345056e-05,52.79459762573242,6.805793762207031,0.7355155944824219,239.2741851806641,0.0005093851359561,69.84525299072266,-0.8202590942382812,4.1341705322265625,264.98211669921875,0.0035612694919109,86.2701644897461,-6.990329742431641,4.765106201171875,283.37567138671875,0.0071061132475733,63.75984191894531,-4.997272491455078,-2.8464927673339844,297.9642028808594,0.0083314068615436,35.83987808227539,-2.0595878595486283e-05,-2.197586218244396e-05,23.65316772460937,2.530159711837769,0.8640693426132202,1.836877709138207e-05,8.181188604794443e-06,56.89599609375,6.104148864746094
IBT_2012255N16322_2012092200,2012255N16322,NADINE,2012-09-22 00:00:00,2012-09-22,2012,9,0,,DS,32.5,333.1000061035156,45.0,985.0,IBTRACS_ERA5,OBS,1,32.5,333.1000061035156,2012255N16322,NADINE,0.0,val,-0.4524346143117611,0.8917975778014694,-1.0,-1.8369701987210294e-16,-3.3238525390625,-10.858650207519531,218.81661987304688,3.512986222631298e-05,29.570653915405277,-9.692634582519531,-16.433818817138672,239.13287353515625,0.000158743438078,22.069995880126957,-9.766162872314451,-14.331794738769531,267.6708679199219,0.0012197140604257,24.019699096679688,-8.996116638183594,-11.227317810058594,281.4735717773437,0.0076988833025097,78.58219909667969,-12.125728607177734,-14.93442153930664,287.9410400390625,0.0118794860318303,95.8368682861328,0.0001098044594982,7.991651364136487e-05,9.69973850250244,-8.780899047851562,-13.55720043182373,0.0001098044594982,9.71913177636452e-05,38.057090759277344,1.1914138793945312
IBT_2012255N16322_2012092206,2012255N16322,NADINE,2012-09-22 06:00:00,2012-09-22,2012,9,6,,DS,31.799999237060547,333.29998779296875,45.0,986.0,IBTRACS_ERA5,OBS,1,31.799999237060547,333.29998779296875,2012255N16322,NADINE,0.0,val,-0.4493191889512398,0.8933712925991074,-1.0,-1.8369701987210294e-16,-3.3238525390625,-10.858650207519531,218.81661987304688,3.512986222631298e-05,29.570653915405277,-9.692634582519531,-16.433818817138672,239.13287353515625,0.000158743438078,22.069995880126957,-9.766162872314451,-14.331794738769531,267.6708679199219,0.0012197140604257,24.019699096679688,-8.996116638183594,-11.227317810058594,281.4735717773437,0.0076988833025097,78.58219909667969,-12.125728607177734,-14.93442153930664,287.9410400390625,0.0118794860318303,95.8368682861328,0.0001098044594982,7.991651364136487e-05,9.69973850250244,-8.780899047851562,-13.55720043182373,0.0001098044594982,9.71913177636452e-05,38.057090759277344,1.1914138793945312
IBT_2012255N16322_2012092212,2012255N16322,NADINE,2012-09-22 12:00:00,2012-09-22,2012,9,12,,DS,31.0,333.6000061035156,45.0,987.0,IBTRACS_ERA5,OBS,1,31.0,333.6000061035156,2012255N16322,NADINE,0.0,val,-0.4446350837679366,0.8957118076048122,-1.0,-1.8369701987210294e-16,2.2935791015625,-2.9077224731445312,219.1358337402344,4.724823156720959e-05,38.27611923217773,2.6439132690429688,-5.187969207763672,239.4193115234375,0.0003279796510469,44.33713912963867,9.315258026123049,-5.649909973144531,265.9324035644531,0.0021968726068735,49.43595123291016,12.634620666503906,-7.215232849121094,281.0106811523437,0.008093406446278,85.26537322998047,12.400638580322266,-9.92270278930664,288.568603515625,0.0122820558026432,95.1341323852539,0.000107391475467,9.71913177636452e-05,12.302950859069824,7.857602119445801,-6.176707267761231,0.0001098044594982,9.71913177636452e-05,38.835933685302734,1.1914138793945312
IBT_2012255N16322_2012092218,2012255N16322,NADINE,2012-09-22 18:00:00,2012-09-22,2012,9,18,,DS,30.5,333.79998779296875,45.0,987.0,IBTRACS_ERA5,OBS,1,30.5,333.79998779296875,2012255N16322,NADINE,0.0,val,-0.4415060439552217,0.8972582756102112,-1.0,-1.8369701987210294e-16,11.8280029296875,3.0776290893554688,219.6705017089844,3.845049286610447e-05,29.2209415435791,7.579948425292969,4.138690948486328,239.0767822265625,0.0001821792393457,25.468036651611328,15.377758026123049,9.711174011230469,265.4962463378906,0.0016088876873254,37.44792556762695,15.615577697753906,11.425392150878906,281.97235107421875,0.0053454535081982,52.738040924072266,13.828983306884766,13.80971908569336,288.129150390625,0.0111424745991826,88.79974365234375,7.609564636368304e-05,7.302721496671438e-05,10.917036056518556,12.846054077148438,8.432520866394043,0.0001098044594982,9.71913177636452e-05,40.90797424316406,3.8578522205352783
NEG_20120922_00654,,,2012-09-22 00:00:00,2012-09-22,2012,9,0,,BG,50.0,,,,IBTRACS_ERA5,OBS,0,50.0,352.5,,,2517.535152593825,val,-0.1305261922200516,0.9914448613738104,-1.0,-1.8369701987210294e-16,33.7222900390625,11.846183776855469,215.0015563964844,1.926804361573886e-05,25.903247833251957,24.34996795654297,9.002460479736328,232.4307861328125,0.0002164258330594,59.33726119995117,9.188793182373049,2.6389083862304688,257.5643615722656,0.0009389165788888,41.285640716552734,0.3106460571289062,-2.9124984741210938,272.43035888671875,0.0011449353769421,22.14571189880371,-2.1630821228027344,-0.0347633361816406,277.428955078125,0.0029768766835331,48.87394714355469,-5.963657713436987e-06,1.2915710613015108e-05,37.80101776123047,13.0817232131958,4.108057975769043,6.298944936133921e-05,2.8013449991703965e-05,41.05479049682617,13.307014465332031
NEG_20120922_02330,,,2012-09-22 00:00:00,2012-09-22,2012,9,0,,BG,42.5,,,,IBTRACS_ERA5,OBS,0,42.5,312.5,,,2121.879503035087,val,-0.7372773368101242,0.6755902076156601,-1.0,-1.8369701987210294e-16,7.2994384765625,11.024406433105469,214.4698181152344,3.997250678366981e-05,57.449195861816406,4.743644714355469,9.516376495361328,236.85980224609372,0.0001928391575347,33.58867645263672,-1.7524909973144531,7.323112487792969,265.6808776855469,0.0015233028680086,34.95218276977539,-4.188743591308594,7.557228088378906,281.66314697265625,0.0013692872598767,13.796711921691896,-6.912471771240234,6.927394866943359,287.3885498046875,0.001893532462418,15.835453033447266,-1.93390078493394e-05,-3.845662286039442e-05,14.790669441223145,-0.1621246337890625,8.469703674316406,-3.473508058959851e-06,-9.568432687956374e-06,15.62216567993164,3.369109869003296
NEG_20120922_02658,,,2012-09-22 00:00:00,2012-09-22,2012,9,0,,BG,27.5,,,,IBTRACS_ERA5,OBS,0,27.5,7.5,,,3282.3122514626702,val,0.1305261922200515,0.9914448613738104,-1.0,-1.8369701987210294e-16,18.2005615234375,-6.503913879394531,216.98141479492188,2.6296733267372477e-05,27.660783767700195,14.523429870605469,-3.178203582763672,235.69866943359372,0.0001889592676889,36.99995040893555,3.257640838623047,-3.9532546997070312,263.5143127441406,0.0024163145571947,65.66942596435547,-4.322410583496094,-1.5785140991210938,281.31500244140625,0.0038162665441632,39.37660217285156,-9.033016204833984,2.98611068725586,295.719970703125,0.0050385119393467,24.85810089111328,-5.350033461581916e-06,-1.573529061715817e-06,28.83970069885254,4.525240898132324,-2.4455552101135254,2.0346369637991305e-05,1.118726322602015e-05,44.57405853271485,9.086932182312012
IBT_2012255N16322_2012092300,2012255N16322,NADINE,2012-09-23 00:00:00,2012-09-23,2012,9,0,,TS,30.399999618530277,334.1000061035156,45.0,987.0,IBTRACS_ERA5,OBS,1,30.399999618530277,334.1000061035156,2012255N16322,NADINE,0.0,val,-0.4368016925410091,0.8995578254861161,-1.0,-1.8369701987210294e-16,1.5130500793457031,3.5433425903320312,218.80810546875,6.0981423303019255e-05,51.38385772705078,6.652503967285156,5.983688354492188,240.15782165527344,0.0004820461617782,60.637813568115234,10.178138732910156,13.35550308227539,266.584716796875,0.003040679031983,65.06919860839844,10.888538360595703,12.92462921142578,281.74578857421875,0.0077149313874542,77.29791259765625,9.185466766357422,14.670303344726562,289.6486511230469,0.0127955973148345,92.44904327392578,0.0001269843196496,0.0001050868886522,13.515740394592283,7.683539390563965,10.09549331665039,0.0001269843196496,0.0001050868886522,45.068119049072266,3.271533966064453
IBT_2012255N16322_2012092306,2012255N16322,NADINE,2012-09-23 06:00:00,2012-09-23,2012,9,6,,TS,30.399999618530277,334.3999938964844,50.0,987.0,IBTRACS_ERA5,OBS,1,30.399999618530277,334.3999938964844,2012255N16322,NADINE,0.0,val,-0.4320858448709916,0.9018324803765504,-1.0,-1.8369701987210294e-16,1.5130500793457031,3.5433425903320312,218.80810546875,6.0981423303019255e-05,51.38385772705078,6.652503967285156,5.983688354492188,240.15782165527344,0.0004820461617782,60.637813568115234,10.178138732910156,13.35550308227539,266.584716796875,0.003040679031983,65.06919860839844,10.888538360595703,12.92462921142578,281.74578857421875,0.0077149313874542,77.29791259765625,9.185466766357422,14.670303344726562,289.6486511230469,0.0127955973148345,92.44904327392578,0.0001269843196496,0.0001050868886522,13.515740394592283,7.683539390563965,10.09549331665039,0.0001269843196496,0.0001050868886522,45.068119049072266,3.271533966064453
IBT_2012255N16322_2012092312,2012255N16322,NADINE,2012-09-23 12:00:00,2012-09-23,2012,9,12,,TS,30.600000381469727,334.6000061035156,50.0,987.0,IBTRACS_ERA5,OBS,1,30.600000381469727,334.6000061035156,2012255N16322,NADINE,0.0,val,-0.4289350371740474,0.90333533855623,-1.0,-1.8369701987210294e-16,1.5130500793457031,3.5433425903320312,218.80810546875,6.0981423303019255e-05,51.38385772705078,6.652503967285156,5.983688354492188,240.15782165527344,0.0004820461617782,60.637813568115234,10.178138732910156,13.35550308227539,266.584716796875,0.003040679031983,65.06919860839844,10.888538360595703,12.92462921142578,281.74578857421875,0.0077149313874542,77.29791259765625,9.185466766357422,14.670303344726562,289.6486511230469,0.0127955973148345,92.44904327392578,0.0001269843196496,0.0001050868886522,13.515740394592283,7.683539390563965,10.09549331665039,0.0001269843196496,0.0001050868886522,45.068119049072266,3.271533966064453
IBT_2012255N16322_2012092318,2012255N16322,NADINE,2012-09-23 18:00:00,2012-09-23,2012,9,18,,TS,30.899999618530277,334.20001220703125,50.0,988.0,IBTRACS_ERA5,OBS,1,30.899999618530277,334.20001220703125,2012255N16322,NADINE,0.0,val,-0.4352309075568044,0.9003188641294152,-1.0,-1.8369701987210294e-16,1.5130500793457031,3.5433425903320312,218.80810546875,6.0981423303019255e-05,51.38385772705078,6.652503967285156,5.983688354492188,240.15782165527344,0.0004820461617782,60.637813568115234,10.178138732910156,13.35550308227539,266.584716796875,0.003040679031983,65.06919860839844,10.888538360595703,12.92462921142578,281.74578857421875,0.0077149313874542,77.29791259765625,9.185466766357422,14.670303344726562,289.6486511230469,0.0127955973148345,92.44904327392578,0.0001269843196496,0.0001050868886522,13.515740394592283,7.683539390563965,10.09549331665039,0.0001269843196496,0.0001050868886522,45.068119049072266,3.271533966064453
NEG_20120923_00298,,,2012-09-23 00:00:00,2012-09-23,2012,9,0,,BG,30.0,,,,IBTRACS_ERA5,OBS,0,30.0,262.5,,,6744.287582483059,val,-0.9914448613738104,-0.1305261922200516,-1.0,-1.8369701987210294e-16,3.856555938720703,-0.2222824096679687,216.0703125,1.8547571016824804e-05,21.82746315002441,-1.914146423339844,-1.1120147705078125,235.2285003662109,8.11676582088694e-05,16.67105484008789,-1.4917831420898438,-0.9652976989746094,263.404541015625,0.0008598344284109,23.57139015197754,-9.059947967529297,1.7678909301757812,280.4823608398437,0.0035901709925383,39.2196044921875,-3.173297882080078,3.4017486572265625,291.1681823730469,0.0071931779384613,47.16656875610352,-1.6837355360621586e-05,-7.381926025118446e-06,7.909010410308838,-2.3565239906311035,0.5740089416503906,1.4871284292894416e-05,8.220254130719695e-06,41.321388244628906,6.917933940887451
NEG_20120923_01635,,,2012-09-23 00:00:00,2012-09-23,2012,9,0,,BG,10.0,,,,IBTRACS_ERA5,OBS,0,10.0,275.0,,,6493.087974456175,val,-0.9961946980917455,0.0871557427476578,-1.0,-1.8369701987210294e-16,-8.508922576904297,-7.851676940917969,219.366943359375,7.616850052727386e-05,60.02106094360352,-6.956871032714844,-1.3512725830078125,242.60630798339844,0.000632659648545,62.90842819213867,-5.094810485839844,2.50784683227539,267.324462890625,0.0042290166020393,85.51176452636719,-5.220348358154297,2.104316711425781,282.21893310546875,0.0077241705730557,74.94044494628906,-2.093830108642578,-0.6915130615234375,290.7633972167969,0.0124901831150054,84.0350112915039,1.3531453078030609e-05,5.105816853756551e-06,9.613602638244627,-5.57495641708374,-1.0564597845077517,2.186544043070171e-05,2.829900586220901e-05,67.18930053710938,3.2234604358673096
NEG_20120923_03078,,,2012-09-23 00:00:00,2012-09-23,2012,9,0,,BG,40.0,,,,IBTRACS_ERA5,OBS,0,40.0,30.0,,,5052.992468934618,val,0.4999999999999999,0.8660254037844387,-1.0,-1.8369701987210294e-16,19.871936798095703,-9.954216003417969,219.301025390625,1.7818345440900885e-05,14.152047157287598,13.277015686035156,-11.240921020507812,236.53648376464844,6.654216849710792e-05,11.972718238830566,7.170814514160156,-5.246547698974609,264.496826171875,0.0003951864200644,9.942742347717283,1.5550422668457031,-3.7682418823242183,279.04266357421875,0.0015202804934233,18.346153259277344,-1.119220733642578,-2.043075561523437,285.3258972167969,0.005739003419876,54.96433639526367,-3.264418410253711e-06,-1.4243767509469762e-05,22.432451248168945,8.151117324829102,-6.450600624084473,2.178183785872534e-05,1.0542729796725324e-05,22.508056640625,12.30662441253662
IBT_2012255N16322_2012092400,2012255N16322,NADINE,2012-09-24 00:00:00,2012-09-24,2012,9,0,,TS,31.100000381469727,333.79998779296875,45.0,990.0,IBTRACS_ERA5,OBS,1,31.100000381469727,333.79998779296875,2012255N16322,NADINE,0.0,val,-0.4415060439552217,0.8972582756102112,-1.0,-1.8369701987210294e-16,15.598052978515623,12.792545318603516,219.08953857421875,2.127033076249063e-05,17.327119827270508,12.43051528930664,12.903728485107422,240.1472625732422,4.862482819589786e-05,6.122920513153076,9.81463623046875,11.48270034790039,266.23663330078125,0.0005119896377436,11.253870010375977,8.601463317871094,14.636661529541016,280.0906982421875,0.0053216130472719,59.72356414794922,10.143157958984377,15.860240936279297,289.0451354980469,0.0095016714185476,71.36763000488281,5.877351941308007e-05,3.378114342922345e-05,6.258325576782227,11.317564964294434,13.535174369812012,0.0001090217847377,9.061880700755864e-05,51.789207458496094,6.258325576782227
IBT_2012255N16322_2012092406,2012255N16322,NADINE,2012-09-24 06:00:00,2012-09-24,2012,9,6,,TS,31.299999237060547,333.29998779296875,45.0,992.0,IBTRACS_ERA5,OBS,1,31.299999237060547,333.29998779296875,2012255N16322,NADINE,0.0,val,-0.4493191889512398,0.8933712925991074,-1.0,-1.8369701987210294e-16,-3.637786865234375,4.061832427978516,217.83697509765625,4.635969526134432e-05,43.92898178100586,-5.932765960693359,0.1949882507324218,240.21275329589844,0.0004654717631638,58.24134826660156,-12.99139404296875,-1.9998435974121092,266.3001708984375,0.0034862984903156,76.2568588256836,-15.066871643066406,-3.1549644470214844,280.3779296875,0.0078280931338667,86.13191986083984,-18.142852783203125,-5.296009063720703,287.8133239746094,0.0120576377958059,98.08509826660156,0.0001090217847377,9.061880700755864e-05,17.261695861816406,-11.15433406829834,-1.2387993335723877,0.0001090217847377,9.061880700755864e-05,42.29368209838867,6.258325576782227
IBT_2012255N16322_2012092412,2012255N16322,NADINE,2012-09-24 12:00:00,2012-09-24,2012,9,12,,TS,31.5,332.6000061035156,45.0,995.0,IBTRACS_ERA5,OBS,1,31.5,332.6000061035156,2012255N16322,NADINE,0.0,val,-0.4601996902080332,0.8878154341598429,-1.0,-1.8369701987210294e-16,-3.637786865234375,4.061832427978516,217.83697509765625,4.635969526134432e-05,43.92898178100586,-5.932765960693359,0.1949882507324218,240.21275329589844,0.0004654717631638,58.24134826660156,-12.99139404296875,-1.9998435974121092,266.3001708984375,0.0034862984903156,76.2568588256836,-15.066871643066406,-3.1549644470214844,280.3779296875,0.0078280931338667,86.13191986083984,-18.142852783203125,-5.296009063720703,287.8133239746094,0.0120576377958059,98.08509826660156,0.0001090217847377,9.061880700755864e-05,17.261695861816406,-11.15433406829834,-1.2387993335723877,0.0001090217847377,9.061880700755864e-05,42.29368209838867,6.258325576782227
IBT_2012255N16322_2012092418,2012255N16322,NADINE,2012-09-24 18:00:00,2012-09-24,2012,9,18,,TS,31.799999237060547,331.8999938964844,45.0,996.0,IBTRACS_ERA5,OBS,1,31.799999237060547,331.8999938964844,2012255N16322,NADINE,0.0,val,-0.4710119751892451,0.8821268158424422,-1.0,-1.8369701987210294e-16,-3.637786865234375,4.061832427978516,217.83697509765625,4.635969526134432e-05,43.92898178100586,-5.932765960693359,0.1949882507324218,240.21275329589844,0.0004654717631638,58.24134826660156,-12.99139404296875,-1.9998435974121092,266.3001708984375,0.0034862984903156,76.2568588256836,-15.066871643066406,-3.1549644470214844,280.3779296875,0.0078280931338667,86.13191986083984,-18.142852783203125,-5.296009063720703,287.8133239746094,0.0120576377958059,98.08509826660156,0.0001090217847377,9.061880700755864e-05,17.261695861816406,-11.15433406829834,-1.2387993335723877,0.0001090217847377,9.061880700755864e-05,42.29368209838867,6.258325576782227
NEG_20120924_02979,,,2012-09-24 00:00:00,2012-09-24,2012,9,0,,BG,30.0,,,,IBTRACS_ERA5,OBS,0,30.0,307.5,,,2331.7706533515397,val,-0.7933533402912352,0.6087614290087205,-1.0,-1.8369701987210294e-16,-3.526458740234375,2.671451568603516,215.68963623046875,3.509022644720972e-05,43.29263687133789,-3.88296127319336,6.026287078857422,237.5962371826172,0.000123030054965,19.909507751464844,-7.97076416015625,6.813755035400391,266.12615966796875,0.0008083290886133,17.91962242126465,-5.189308166503906,-0.3962974548339844,282.1304931640625,0.00273626181297,26.70729255676269,-6.176910400390625,0.1973991394042968,287.1933288574219,0.0090362187474966,76.53845977783203,-5.354527729650727e-06,-1.2160886399215087e-05,3.625717878341675,-5.34928035736084,3.062519073486328,2.862004294001963e-06,2.720537122513633e-05,33.28791427612305,1.695529222488403
NEG_20120924_03179,,,2012-09-24 00:00:00,2012-09-24,2012,9,0,,BG,0.0,,,,IBTRACS_ERA5,OBS,0,0.0,260.0,,,8305.146939586206,val,-0.984807753012208,-0.1736481776669303,-1.0,-1.8369701987210294e-16,-8.500091552734375,-0.8651695251464844,220.85662841796875,1.7318729078397155e-05,11.43669605255127,-11.24917221069336,-2.304279327392578,241.8093719482422,0.0002732300199568,29.31208610534668,-4.47882080078125,1.7121925354003906,268.23345947265625,0.0003765976871363,7.105859756469727,-3.607032775878906,-0.1680259704589843,284.1463623046875,0.0010067734401673,8.578064918518066,-2.920318603515625,-2.722278594970703,289.8639831542969,0.0087967868894338,62.68566131591797,-9.572856924933149e-07,-5.757766302849632e-06,5.880707263946533,-6.151087284088135,-0.8695122003555298,3.780474344239338e-06,1.0386483154434243e-05,13.811929702758787,1.6267571449279783
NEG_20120924_03245,,,2012-09-24 00:00:00,2012-09-24,2012,9,0,,BG,5.0,,,,IBTRACS_ERA5,OBS,0,5.0,272.5,,,6840.279690460248,val,-0.9990482215818578,0.0436193873653357,-1.0,-1.8369701987210294e-16,-9.788909912109377,-7.689632415771484,219.78875732421875,4.344372428022325e-05,32.553890228271484,-7.163722991943359,1.9410820007324217,241.7434539794922,0.0001565949205541,16.905765533447266,-3.29571533203125,-1.6357078552246094,267.68865966796875,0.0010878599714487,21.39409637451172,-4.655372619628906,1.7506752014160156,282.9796142578125,0.0070580155588686,65.04121398925781,0.121917724609375,-2.474475860595703,289.6269226074219,0.0131965037435293,95.47869873046876,-1.031829924613703e-05,-6.808431862737052e-06,11.199213027954102,-4.956360816955566,-1.6216118335723877,2.1632662537740543e-05,8.027413969102781e-06,63.60041809082031,0.7782791256904602
IBT_2012255N16322_2012092500,2012255N16322,NADINE,2012-09-25 00:00:00,2012-09-25,2012,9,0,,TS,32.099998474121094,331.20001220703125,40.0,996.0,IBTRACS_ERA5,OBS,1,32.099998474121094,331.20001220703125,2012255N16322,NADINE,0.0,val,-0.481753487402036,0.8763067826828549,-1.0,-1.8369701987210294e-16,-2.7450523376464844,1.832866668701172,218.53323364257807,2.117782787536271e-05,18.44537353515625,-4.887660980224609,-2.708629608154297,240.41183471679688,0.0003278733347542,40.239967346191406,-11.21344757080078,-5.955245971679688,266.6134033203125,0.0038874186575412,83.00584411621094,-12.72732925415039,-8.739959716796875,280.4046936035156,0.0084064528346061,92.32535552978516,-12.6094970703125,-10.988521575927734,287.763671875,0.0120738539844751,98.53478240966795,0.0001252814981853,0.0001119368243962,16.176998138427734,-8.836597442626953,-5.311898231506348,0.0001252814981853,0.0001119368243962,44.96220779418945,2.4876108169555664
IBT_2012255N16322_2012092506,2012255N16322,NADINE,2012-09-25 06:00:00,2012-09-25,2012,9,6,,TS,32.099998474121094,330.5,40.0,996.0,IBTRACS_ERA5,OBS,1,32.099998474121094,330.5,2012255N16322,NADINE,0.0,val,-0.4924235601034673,0.8703556959398996,-1.0,-1.8369701987210294e-16,-2.7450523376464844,1.832866668701172,218.53323364257807,2.117782787536271e-05,18.44537353515625,-4.887660980224609,-2.708629608154297,240.41183471679688,0.0003278733347542,40.239967346191406,-11.21344757080078,-5.955245971679688,266.6134033203125,0.0038874186575412,83.00584411621094,-12.72732925415039,-8.739959716796875,280.4046936035156,0.0084064528346061,92.32535552978516,-12.6094970703125,-10.988521575927734,287.763671875,0.0120738539844751,98.53478240966795,0.0001252814981853,0.0001119368243962,16.176998138427734,-8.836597442626953,-5.311898231506348,0.0001252814981853,0.0001119368243962,44.96220779418945,2.4876108169555664
IBT_2012255N16322_2012092512,2012255N16322,NADINE,2012-09-25 12:00:00,2012-09-25,2012,9,12,,TS,32.0,330.1000061035156,40.0,997.0,IBTRACS_ERA5,OBS,1,32.0,330.1000061035156,2012255N16322,NADINE,0.0,val,-0.4984876474063995,0.8668968020377241,-1.0,-1.8369701987210294e-16,-2.7450523376464844,1.832866668701172,218.53323364257807,2.117782787536271e-05,18.44537353515625,-4.887660980224609,-2.708629608154297,240.41183471679688,0.0003278733347542,40.239967346191406,-11.21344757080078,-5.955245971679688,266.6134033203125,0.0038874186575412,83.00584411621094,-12.72732925415039,-8.739959716796875,280.4046936035156,0.0084064528346061,92.32535552978516,-12.6094970703125,-10.988521575927734,287.763671875,0.0120738539844751,98.53478240966795,0.0001252814981853,0.0001119368243962,16.176998138427734,-8.836597442626953,-5.311898231506348,0.0001252814981853,0.0001119368243962,44.96220779418945,2.4876108169555664
IBT_2012255N16322_2012092518,2012255N16322,NADINE,2012-09-25 18:00:00,2012-09-25,2012,9,18,,TS,31.700000762939453,329.8999938964844,40.0,997.0,IBTRACS_ERA5,OBS,1,31.700000762939453,329.8999938964844,2012255N16322,NADINE,0.0,val,-0.5015108293209589,0.8651513671455441,-1.0,-1.8369701987210294e-16,-2.7450523376464844,1.832866668701172,218.53323364257807,2.117782787536271e-05,18.44537353515625,-4.887660980224609,-2.708629608154297,240.41183471679688,0.0003278733347542,40.239967346191406,-11.21344757080078,-5.955245971679688,266.6134033203125,0.0038874186575412,83.00584411621094,-12.72732925415039,-8.739959716796875,280.4046936035156,0.0084064528346061,92.32535552978516,-12.6094970703125,-10.988521575927734,287.763671875,0.0120738539844751,98.53478240966795,0.0001252814981853,0.0001119368243962,16.176998138427734,-8.836597442626953,-5.311898231506348,0.0001252814981853,0.0001119368243962,44.96220779418945,2.4876108169555664
NEG_20120925_01794,,,2012-09-25 00:00:00,2012-09-25,2012,9,0,,BG,7.5,,,,IBTRACS_ERA5,OBS,0,7.5,262.5,,,7436.056896207396,val,-0.9914448613738104,-0.1305261922200516,-1.0,-1.8369701987210294e-16,-12.534114837646484,-10.350605010986328,219.8812561035156,5.67371207580436e-05,42.0498046875,-10.42196273803711,-4.561534881591797,242.14108276367188,0.0004238926921971,44.057228088378906,0.9161911010742188,0.7268829345703125,267.9949951171875,0.0038785822689533,74.52002716064453,-1.2961769104003906,3.322296142578125,282.7853088378906,0.0080005452036857,74.7007064819336,2.2197265625,3.9720497131347656,290.202880859375,0.0134992990642786,94.13137817382812,2.527729066059692e-06,1.5972213077475317e-05,20.562448501586918,-4.223267555236816,-1.3781821727752686,2.715452319534961e-05,2.813748869812116e-05,57.68117141723633,4.77171516418457
NEG_20120925_02788,,,2012-09-25 00:00:00,2012-09-25,2012,9,0,,BG,27.5,,,,IBTRACS_ERA5,OBS,0,27.5,347.5,,,1651.8345692937894,val,-0.2164396139381028,0.9762960071199334,-1.0,-1.8369701987210294e-16,20.93756484985352,-2.868793487548828,217.9535217285156,3.7181907828198746e-05,34.7373046875,14.45230484008789,-1.0719108581542969,240.71157836914065,8.324468944920227e-05,9.924540519714355,13.54558563232422,2.6010284423828125,264.75164794921875,0.0021473579108715,52.96188735961914,7.467739105224609,1.360382080078125,283.0178527832031,0.0060387477278709,55.50503158569336,5.1134033203125,-0.3872032165527344,289.5234375,0.0122880432754755,89.49864959716797,2.021797808993142e-05,-1.9091146896244027e-05,16.01756477355957,12.303319931030272,-0.0732994079589843,2.021797808993142e-05,5.334494744602125e-06,51.61555480957031,7.17110538482666
NEG_20120925_03348,,,2012-09-25 00:00:00,2012-09-25,2012,9,0,,BG,45.0,,,,IBTRACS_ERA5,OBS,0,45.0,310.0,,,2258.022037891342,val,-0.7660444431189781,0.6427876096865393,-1.0,-1.8369701987210294e-16,9.820865631103516,9.760845184326172,215.59646606445312,2.41976413235534e-05,30.201868057250977,9.44070816040039,10.149280548095703,237.86203002929688,0.0002074607618851,32.697139739990234,9.32927703857422,10.612136840820312,264.4422607421875,0.0021037943661212,53.15707015991211,5.096889495849609,8.021759033203125,279.7877502441406,0.0049923881888389,57.21314239501953,6.2091064453125,8.078617095947266,286.31689453125,0.0103038940578699,92.43628692626952,-3.3108026400441304e-05,-2.660855716385413e-05,3.98430609703064,7.979369163513184,9.324527740478516,3.5778786696027964e-05,-1.004295700113289e-05,47.61319351196289,0.5128830671310425
NEG_20120925_04077,,,2012-09-25 00:00:00,2012-09-25,2012,9,0,,BG,7.5,,,,IBTRACS_ERA5,OBS,0,7.5,300.0,,,4101.409543150415,val,-0.8660254037844386,0.5000000000000001,-1.0,-1.8369701987210294e-16,9.266422271728516,-2.883197784423828,218.79055786132807,5.353430242394097e-05,45.20410919189453,5.717807769775391,0.8726692199707031,241.84738159179688,0.0004952096496708,52.93330001831055,-3.588691711425781,4.1297149658203125,267.1983642578125,0.0010724551975727,21.895336151123047,-7.324985504150391,1.882843017578125,281.9242248535156,0.0048974677920341,48.47663116455078,-5.3553466796875,1.4255409240722656,290.9619140625,0.0108325276523828,71.96731567382812,2.731140284595313e-06,-9.215336831402963e-06,15.243403434753418,-0.2569587826728821,1.0855140686035156,9.815066732699051e-06,5.502703061210923e-06,60.3106689453125,6.983663082122803
IBT_2012255N16322_2012092600,2012255N16322,NADINE,2012-09-26 00:00:00,2012-09-26,2012,9,0,,TS,31.399999618530277,329.70001220703125,40.0,998.0,IBTRACS_ERA5,OBS,1,31.399999618530277,329.70001220703125,2012255N16322,NADINE,0.0,val,-0.504527439866093,0.8633956580978189,-1.0,-1.8369701987210294e-16,-2.00478744506836,-3.1147422790527344,216.7068634033203,2.934050644398667e-05,31.920642852783203,-7.133831024169922,-3.386211395263672,238.86737060546875,0.0002074990188702,29.61060333251953,-15.639930725097656,-4.495372772216797,265.6423645019531,0.001846223603934,42.4881477355957,-16.663429260253906,-0.49908447265625,279.774169921875,0.0064290328882634,73.74640655517578,-18.050880432128903,0.2160758972167968,287.0123596191406,0.0108234323561191,92.7676010131836,8.593276288593188e-05,6.510354432975873e-05,16.38814926147461,-11.898571968078612,-2.2558670043945312,0.0001118445215979,9.929225780069828e-05,46.112674713134766,3.505302906036377
IBT_2012255N16322_2012092606,2012255N16322,NADINE,2012-09-26 06:00:00,2012-09-26,2012,9,6,,TS,31.100000381469727,329.6000061035156,40.0,998.0,IBTRACS_ERA5,OBS,1,31.100000381469727,329.6000061035156,2012255N16322,NADINE,0.0,val,-0.5060336722406472,0.8625137231132298,-1.0,-1.8369701987210294e-16,2.3792457580566406,-3.1367149353027344,217.7521514892578,5.524198422790505e-05,52.88808059692383,4.384967803955078,1.144550323486328,239.92572021484372,0.0004019144980702,51.712013244628906,12.107627868652344,2.286609649658203,266.1383361816406,0.0028709019534289,63.58446502685547,15.176414489746094,3.14422607421875,280.6064453125,0.0082171419635415,89.00303649902344,15.941795349121094,4.741466522216797,287.7875061035156,0.0118773616850376,96.78102111816406,0.0001118445215979,9.929225780069828e-05,15.68465805053711,9.998010635375977,1.6360275745391846,0.0001118445215979,9.929225780069828e-05,49.09912490844727,3.505302906036377
IBT_2012255N16322_2012092612,2012255N16322,NADINE,2012-09-26 12:00:00,2012-09-26,2012,9,12,,TS,30.700000762939453,329.5,45.0,995.0,IBTRACS_ERA5,OBS,1,30.700000762939453,329.5,2012255N16322,NADINE,0.0,val,-0.5075383629607041,0.8616291604415257,-1.0,-1.8369701987210294e-16,2.3792457580566406,-3.1367149353027344,217.7521514892578,5.524198422790505e-05,52.88808059692383,4.384967803955078,1.144550323486328,239.92572021484372,0.0004019144980702,51.712013244628906,12.107627868652344,2.286609649658203,266.1383361816406,0.0028709019534289,63.58446502685547,15.176414489746094,3.14422607421875,280.6064453125,0.0082171419635415,89.00303649902344,15.941795349121094,4.741466522216797,287.7875061035156,0.0118773616850376,96.78102111816406,0.0001118445215979,9.929225780069828e-05,15.68465805053711,9.998010635375977,1.6360275745391846,0.0001118445215979,9.929225780069828e-05,49.09912490844727,3.505302906036377
IBT_2012255N16322_2012092618,2012255N16322,NADINE,2012-09-26 18:00:00,2012-09-26,2012,9,18,,TS,30.200000762939453,329.29998779296875,50.0,993.0,IBTRACS_ERA5,OBS,1,30.200000762939453,329.29998779296875,2012255N16322,NADINE,0.0,val,-0.5105431011056031,0.8598521628242113,-1.0,-1.8369701987210294e-16,2.3792457580566406,-3.1367149353027344,217.7521514892578,5.524198422790505e-05,52.88808059692383,4.384967803955078,1.144550323486328,239.92572021484372,0.0004019144980702,51.712013244628906,12.107627868652344,2.286609649658203,266.1383361816406,0.0028709019534289,63.58446502685547,15.176414489746094,3.14422607421875,280.6064453125,0.0082171419635415,89.00303649902344,15.941795349121094,4.741466522216797,287.7875061035156,0.0118773616850376,96.78102111816406,0.0001118445215979,9.929225780069828e-05,15.68465805053711,9.998010635375977,1.6360275745391846,0.0001118445215979,9.929225780069828e-05,49.09912490844727,3.505302906036377
NEG_20120926_00970,,,2012-09-26 00:00:00,2012-09-26,2012,9,0,,BG,37.5,,,,IBTRACS_ERA5,OBS,0,37.5,5.0,,,3287.0144113989595,val,0.0871557427476581,0.9961946980917455,-1.0,-1.8369701987210294e-16,17.52939224243164,1.7854042053222656,214.2938995361328,2.3475036869058385e-05,34.495479583740234,12.765583038330078,3.023456573486328,234.32855224609372,0.0001226145686814,27.61208152770996,10.570030212402344,7.342029571533203,261.7499084472656,0.0006914581172168,21.619373321533203,13.898338317871094,8.61907958984375,277.8818359375,0.0043127103708684,56.43903350830078,9.553611755371094,10.100597381591797,290.0284729003906,0.0066387089900672,46.81147384643555,-2.123126068909187e-05,-8.99462065717671e-06,11.521957397460938,12.863390922546388,6.1741132736206055,4.470952990232036e-05,2.922848216257989e-05,53.628604888916016,8.450801849365234
NEG_20120926_03448,,,2012-09-26 00:00:00,2012-09-26,2012,9,0,,BG,7.5,,,,IBTRACS_ERA5,OBS,0,7.5,25.0,,,6299.150365866119,val,0.4226182617406994,0.90630778703665,-1.0,-1.8369701987210294e-16,-3.47597885131836,-1.8754844665527344,219.9634552001953,8.367293048650026e-05,61.409942626953125,-6.058147430419922,-1.891094207763672,241.98907470703125,0.0004535022890195,47.82331085205078,-7.680946350097656,-0.2920036315917969,266.8753967285156,0.0034785564057528,72.79681396484375,-7.418312072753906,-3.25323486328125,283.0751953125,0.006768689956516,61.97410583496094,1.5040512084960938,0.1711540222167968,292.2767639160156,0.0143815316259861,87.91600036621094,5.629039151244797e-06,2.4698640572751174e-06,5.384183406829834,-4.625866889953613,-1.4281326532363892,1.7497270164312795e-05,6.090732313168701e-06,61.12203598022461,1.1441195011138916
NEG_20120926_03543,,,2012-09-26 00:00:00,2012-09-26,2012,9,0,,BG,40.0,,,,IBTRACS_ERA5,OBS,0,40.0,315.0,,,1632.3959278674936,val,-0.7071067811865477,0.7071067811865474,-1.0,-1.8369701987210294e-16,-2.42885971069336,3.5039100646972656,213.5585479736328,2.6097175577888265e-05,42.09357452392578,-2.989543914794922,-0.6474418640136719,236.50897216796875,5.392766979639418e-05,9.729913711547852,-1.7912979125976562,-4.889171600341797,264.1937561035156,0.0003766263544093,9.70333194732666,-0.6238784790039062,0.16864013671875,281.40478515625,0.0021067720372229,21.604963302612305,0.6332015991210938,-2.898181915283203,282.6708068847656,0.0060921343974769,69.68709564208984,-1.497025277785724e-05,-3.223913154215552e-05,7.096689224243164,-1.4400756359100342,-0.9524490237236024,6.47583874524571e-07,1.5585557775921188e-05,31.43771743774414,1.464095115661621
IBT_2012255N16322_2012092700,2012255N16322,NADINE,2012-09-27 00:00:00,2012-09-27,2012,9,0,,TS,29.600000381469727,329.0,50.0,993.0,IBTRACS_ERA5,OBS,1,29.600000381469727,329.0,2012255N16322,NADINE,0.0,val,-0.5150380749100545,0.8571673007021121,-1.0,-1.8369701987210294e-16,1.1669769287109375,3.735149383544922,216.7167816162109,5.408082142821513e-05,58.76485443115234,-7.375392913818359,3.441059112548828,238.5296936035156,0.0003064013144467,45.202938079833984,-18.256671905517575,3.5075225830078125,266.378662109375,0.0011159903369843,24.263267517089844,-11.05593490600586,7.632164001464844,280.5906066894531,0.0066173393279314,71.75299072265625,-11.568233489990234,9.418453216552734,288.2040405273437,0.0115000875666737,91.20555114746094,6.60508667351678e-05,5.797731137135997e-05,13.945806503295898,-9.417851448059082,5.54686975479126,7.838882447686046e-05,7.818177982699126e-05,34.28269958496094,7.178340911865234
IBT_2012255N16322_2012092706,2012255N16322,NADINE,2012-09-27 06:00:00,2012-09-27,2012,9,6,,TS,29.100000381469727,328.6000061035156,50.0,993.0,IBTRACS_ERA5,OBS,1,29.100000381469727,328.6000061035156,2012255N16322,NADINE,0.0,val,-0.5210095409148424,0.8535508527766258,-1.0,-1.8369701987210294e-16,-2.5940093994140625,-1.600055694580078,216.43174743652344,4.442067802301608e-05,49.99239349365234,-9.39516830444336,-4.183452606201172,238.51773071289065,0.000392205954995,57.92990112304688,-21.765949249267575,-6.391159057617188,266.6419677734375,0.0012050396762788,25.674118041992188,-15.04763412475586,-8.562660217285156,280.6255187988281,0.0072032827883958,77.91937255859375,-16.946407318115234,-11.194583892822266,288.18426513671875,0.0115930708125233,92.06099700927734,7.711378566455096e-05,6.117761950008571e-05,17.26401710510254,-13.14983367919922,-6.386382102966309,7.838882447686046e-05,7.818177982699126e-05,36.07565307617188,7.178340911865234
IBT_2012255N16322_2012092712,2012255N16322,NADINE,2012-09-27 12:00:00,2012-09-27,2012,9,12,,TS,28.700000762939453,328.1000061035156,50.0,993.0,IBTRACS_ERA5,OBS,1,28.700000762939453,328.1000061035156,2012255N16322,NADINE,0.0,val,-0.5284382442844097,0.8489717439217931,-1.0,-1.8369701987210294e-16,3.349105834960937,-1.322711944580078,216.9034881591797,4.0188981074607e-05,42.67966079711914,13.17880630493164,-2.758403778076172,238.73361206054688,0.0001774131378624,25.652706146240234,11.828533172607422,-4.950119018554688,266.11041259765625,0.0019735223613679,43.803653717041016,10.12741470336914,-6.186683654785156,280.6686096191406,0.0063769835978746,68.77727508544922,10.157474517822266,-6.198856353759766,288.35479736328125,0.0112337740138173,88.22706604003906,7.838882447686046e-05,7.818177982699126e-05,8.374405860900879,9.728266716003418,-4.283354759216309,7.838882447686046e-05,7.818177982699126e-05,42.52400970458984,8.374405860900879
IBT_2012255N16322_2012092718,2012255N16322,NADINE,2012-09-27 18:00:00,2012-09-27,2012,9,18,,TS,28.5,327.5,55.0,993.0,IBTRACS_ERA5,OBS,1,28.5,327.5,2012255N16322,NADINE,0.0,val,-0.5372996083468242,0.8433914458128855,-1.0,-1.8369701987210294e-16,3.349105834960937,-1.322711944580078,216.9034881591797,4.0188981074607e-05,42.67966079711914,13.17880630493164,-2.758403778076172,238.73361206054688,0.0001774131378624,25.652706146240234,11.828533172607422,-4.950119018554688,266.11041259765625,0.0019735223613679,43.803653717041016,10.12741470336914,-6.186683654785156,280.6686096191406,0.0063769835978746,68.77727508544922,10.157474517822266,-6.198856353759766,288.35479736328125,0.0112337740138173,88.22706604003906,7.838882447686046e-05,7.818177982699126e-05,8.374405860900879,9.728266716003418,-4.283354759216309,7.838882447686046e-05,7.818177982699126e-05,42.52400970458984,8.374405860900879
NEG_20120927_02573,,,2012-09-27 00:00:00,2012-09-27,2012,9,0,,BG,0.0,,,,IBTRACS_ERA5,OBS,0,0.0,297.5,,,4496.798501974166,val,-0.8870108331782216,0.4617486132350341,-1.0,-1.8369701987210294e-16,4.4658050537109375,3.171184539794922,219.06224060058597,6.843716255389154e-05,55.932716369628906,-1.8250999450683596,1.799945831298828,242.01785278320312,0.0007081403164193,74.4708480834961,-6.204669952392578,-2.0010223388671875,267.04150390625,0.0032186335884034,66.50543212890625,-8.36697006225586,-1.6954727172851562,281.8059387207031,0.0074059087783098,73.89840698242188,-6.238643646240234,-0.8608436584472656,290.55731201171875,0.0126747163012623,86.40386199951172,-4.224571966915391e-06,-3.4844319998228457e-06,11.438639640808104,-3.633915662765503,0.082758329808712,7.324538273678627e-06,4.576638275466394e-06,71.97637939453125,4.152242660522461
NEG_20120927_03986,,,2012-09-27 00:00:00,2012-09-27,2012,9,0,,BG,7.5,,,,IBTRACS_ERA5,OBS,0,7.5,15.0,,,5387.108345241328,val,0.2588190451025207,0.9659258262890684,-1.0,-1.8369701987210294e-16,-3.7563629150390634,-5.431598663330078,219.36314392089844,7.282881415449083e-05,57.41543960571289,-5.335597991943359,-2.042827606201172,241.81753540039065,0.0005404017283581,57.928977966308594,-8.661457061767578,-1.3818817138671875,266.7906494140625,0.0033441907726228,70.44132995605469,-11.88528060913086,-3.432289123535156,282.4402160644531,0.0065955538302659,63.03741836547852,-1.0240440368652344,-1.2023963928222656,292.4320678710937,0.013766017742455,83.33436584472656,3.792580855588312e-06,4.093616098543862e-06,5.035048961639404,-6.132548332214356,-2.6981987953186035,1.3530056094168684e-05,1.5714715118519962e-05,59.1694564819336,0.5128275752067566
IBT_2012255N16322_2012092800,2012255N16322,NADINE,2012-09-28 00:00:00,2012-09-28,2012,9,0,,TS,28.5,326.79998779296875,55.0,993.0,IBTRACS_ERA5,OBS,1,28.5,326.79998779296875,2012255N16322,NADINE,0.0,val,-0.5475634017675906,0.836764196799017,-1.0,-1.8369701987210294e-16,9.611263275146484,3.450874328613281,216.3658447265625,3.104427014477551e-05,35.223419189453125,15.652175903320312,3.9136009216308594,238.28466796875,0.0001709376956569,25.8359489440918,10.229923248291016,6.690986633300781,267.37750244140625,0.0013525070389732,27.237462997436523,6.246936798095703,8.754947662353516,280.5712585449219,0.0062232143245637,67.56920623779297,6.238864898681641,9.811710357666016,288.52069091796875,0.0112018650397658,87.03656768798828,5.57824459974654e-05,4.488642298383638e-05,7.199534893035889,9.595832824707031,6.524424076080322,6.797106470912695e-05,7.173987978603691e-05,35.0071907043457,7.199534893035889
IBT_2012255N16322_2012092806,2012255N16322,NADINE,2012-09-28 06:00:00,2012-09-28,2012,9,6,,TS,28.700000762939453,326.1000061035156,60.0,991.0,IBTRACS_ERA5,OBS,1,28.700000762939453,326.1000061035156,2012255N16322,NADINE,0.0,val,-0.5577450205614299,0.8300123445099657,-1.0,-1.8369701987210294e-16,8.810359954833984,3.660957336425781,216.0465087890625,2.594085526652634e-05,30.61826515197754,13.432815551757812,3.9648704528808594,238.1121826171875,0.0001639341498957,25.204004287719727,10.513492584228516,-0.2505416870117187,267.92254638671875,0.0010702641448006,20.67675018310547,9.461048126220703,-3.999935150146485,280.5069274902344,0.0060710734687745,66.20944213867188,9.75339126586914,-5.667903900146484,288.76837158203125,0.01094467099756,83.68738555908203,6.497176946140826e-05,4.542818351183087e-05,9.376404762268066,10.394221305847168,-0.4585105776786804,6.797106470912695e-05,7.173987978603691e-05,37.06211853027344,7.199534893035889
IBT_2012255N16322_2012092812,2012255N16322,NADINE,2012-09-28 12:00:00,2012-09-28,2012,9,12,,TS,29.200000762939453,325.6000061035156,65.0,988.0,IBTRACS_ERA5,OBS,1,29.200000762939453,325.6000061035156,2012255N16322,NADINE,0.0,val,-0.5649669155285283,0.825113558462216,-1.0,-1.8369701987210294e-16,-4.038028717041016,4.700996398925781,216.462646484375,4.681831342168152e-05,52.4903678894043,1.1220245361328125,1.5566673278808594,238.85009765625,0.0002858777879737,40.86479949951172,-9.994808197021484,-3.706108093261719,266.49078369140625,0.0029242965392768,63.03227996826172,-12.898082733154297,-3.4130210876464844,280.0589294433594,0.0072441231459379,81.47793579101562,-14.95730209350586,-4.487239837646484,288.00201416015625,0.0119969910010695,96.40221405029295,6.797106470912695e-05,7.173987978603691e-05,14.270747184753418,-8.153239250183105,-1.0697410106658936,6.797106470912695e-05,7.173987978603691e-05,30.540979385375977,7.199534893035889
IBT_2012255N16322_2012092818,2012255N16322,NADINE,2012-09-28 18:00:00,2012-09-28,2012,9,18,,TS,29.700000762939453,325.20001220703125,65.0,988.0,IBTRACS_ERA5,OBS,1,29.700000762939453,325.20001220703125,2012255N16322,NADINE,0.0,val,-0.5707133927362094,0.8211493307258585,-1.0,-1.8369701987210294e-16,-4.038028717041016,4.700996398925781,216.462646484375,4.681831342168152e-05,52.4903678894043,1.1220245361328125,1.5566673278808594,238.85009765625,0.0002858777879737,40.86479949951172,-9.994808197021484,-3.706108093261719,266.49078369140625,0.0029242965392768,63.03227996826172,-12.898082733154297,-3.4130210876464844,280.0589294433594,0.0072441231459379,81.47793579101562,-14.95730209350586,-4.487239837646484,288.00201416015625,0.0119969910010695,96.40221405029295,6.797106470912695e-05,7.173987978603691e-05,14.270747184753418,-8.153239250183105,-1.0697410106658936,6.797106470912695e-05,7.173987978603691e-05,30.540979385375977,7.199534893035889
NEG_20120928_01761,,,2012-09-28 00:00:00,2012-09-28,2012,9,0,,BG,22.5,,,,IBTRACS_ERA5,OBS,0,22.5,272.5,,,5278.943438166674,val,-0.9990482215818578,0.0436193873653357,-1.0,-1.8369701987210294e-16,0.9556236267089844,-21.89678192138672,218.45306396484372,4.2387546272948384e-05,37.277374267578125,2.9887237548828125,-10.13913345336914,239.82427978515625,0.0003523779450915,45.78861618041992,-3.2211265563964844,-4.238578796386719,266.5986328125,0.0016529144486412,35.333824157714844,-5.139904022216797,-1.3691978454589844,281.6603698730469,0.0048393434844911,48.7696647644043,-6.253200531005859,-1.0892906188964844,290.9960327148437,0.0092966919764876,61.62995529174805,-7.77635068516247e-06,-9.716164640849456e-06,22.020872116088867,-2.133976697921753,-7.746596336364746,2.293470242875628e-05,1.033969510899624e-05,58.800079345703125,10.757575035095217
NEG_20120928_01880,,,2012-09-28 00:00:00,2012-09-28,2012,9,0,,BG,50.0,,,,IBTRACS_ERA5,OBS,0,50.0,282.5,,,4206.030266246361,val,-0.9762960071199336,0.2164396139381024,-1.0,-1.8369701987210294e-16,19.575496673583984,-3.0485153198242188,223.3345947265625,7.7553850132972e-06,3.840111017227173,25.88105773925781,2.52541732788086,229.0731201171875,6.901375309098512e-05,27.04793739318848,17.229068756103516,1.2435989379882812,250.9132537841797,0.0007128448924049,55.31961441040039,12.399524688720703,2.693180084228516,268.3128356933594,0.0026395446620881,69.3720703125,6.658176422119141,1.860660552978516,274.37774658203125,0.0037387674674391,76.27513122558594,9.69384200288914e-06,2.211577157140709e-05,13.8187255859375,16.348663330078125,1.0548683404922483,2.872226104955189e-05,8.209016232285649e-05,49.80854034423828,8.901269912719727
IBT_2012255N16322_2012092900,2012255N16322,NADINE,2012-09-29 00:00:00,2012-09-29,2012,9,0,,TS,30.5,324.70001220703125,65.0,988.0,IBTRACS_ERA5,OBS,1,30.5,324.70001220703125,2012255N16322,NADINE,0.0,val,-0.5778574505030223,0.816137713194377,-1.0,-1.8369701987210294e-16,4.177398681640625,8.762001037597656,215.97384643554688,3.708709118654952e-05,44.17014694213867,12.93411636352539,9.879379272460938,237.3077087402344,0.0002198643924202,36.61798095703125,9.919292449951172,9.425296783447266,266.6488037109375,0.0014151720097288,30.13528633117676,7.981136322021484,10.09890365600586,280.2088623046875,0.0060413423925638,67.25089263916016,8.891521453857422,8.452568054199219,288.8241271972656,0.0107736978679895,82.0839614868164,5.380962829804048e-05,2.60488704952877e-05,4.724267482757568,8.780693054199219,9.32362937927246,6.970505637582392e-05,5.90289564570412e-05,46.483917236328125,4.724267482757568
IBT_2012255N16322_2012092906,2012255N16322,NADINE,2012-09-29 06:00:00,2012-09-29,2012,9,6,,TS,31.399999618530277,324.29998779296875,65.0,988.0,IBTRACS_ERA5,OBS,1,31.399999618530277,324.29998779296875,2012255N16322,NADINE,0.0,val,-0.5835413843728442,0.812083402566648,-1.0,-1.8369701987210294e-16,-0.217864990234375,9.969032287597656,215.9620056152344,4.2851977923419327e-05,51.11101150512695,2.37649917602539,10.827865600585938,238.3926696777344,0.0003785170556511,56.60258102416992,-3.057514190673828,13.118900299072266,265.1756591796875,0.0024436353705823,58.311031341552734,-5.428531646728516,15.58913803100586,279.5972900390625,0.0066318158060312,77.0091552734375,-8.610431671142578,14.82146453857422,287.8646545410156,0.0113197956234216,91.7761459350586,6.970505637582392e-05,5.807830893900245e-05,9.6943941116333,-2.987568616867065,12.865280151367188,6.970505637582392e-05,5.90289564570412e-05,39.13921356201172,4.724267482757568
IBT_2012255N16322_2012092912,2012255N16322,NADINE,2012-09-29 12:00:00,2012-09-29,2012,9,12,,TS,32.599998474121094,323.8999938964844,65.0,988.0,IBTRACS_ERA5,OBS,1,32.599998474121094,323.8999938964844,2012255N16322,NADINE,0.0,val,-0.5891964434256276,0.8079898211330333,-1.0,-1.8369701987210294e-16,-0.217864990234375,9.969032287597656,215.9620056152344,4.2851977923419327e-05,51.11101150512695,2.37649917602539,10.827865600585938,238.3926696777344,0.0003785170556511,56.60258102416992,-3.057514190673828,13.118900299072266,265.1756591796875,0.0024436353705823,58.311031341552734,-5.428531646728516,15.58913803100586,279.5972900390625,0.0066318158060312,77.0091552734375,-8.610431671142578,14.82146453857422,287.8646545410156,0.0113197956234216,91.7761459350586,6.970505637582392e-05,5.807830893900245e-05,9.6943941116333,-2.987568616867065,12.865280151367188,6.970505637582392e-05,5.90289564570412e-05,39.13921356201172,4.724267482757568
IBT_2012255N16322_2012092918,2012255N16322,NADINE,2012-09-29 18:00:00,2012-09-29,2012,9,18,,TS,33.79999923706055,323.3999938964844,70.0,986.0,IBTRACS_ERA5,OBS,1,33.79999923706055,323.3999938964844,2012255N16322,NADINE,0.0,val,-0.5962249604869033,0.8028174116773942,-1.0,-1.8369701987210294e-16,0.102203369140625,16.969520568847656,214.82394409179688,4.206966696074233e-05,57.83035659790039,-3.64376449584961,8.478500366210938,237.01107788085935,0.0003837548138108,65.83705139160156,-10.704242706298828,2.8820838928222656,263.803955078125,0.0014642713358625,38.89783477783203,-10.852359771728516,2.41213607788086,280.2979736328125,0.0037159267812967,41.11173248291016,-10.282550811767578,0.3453903198242187,284.6261291503906,0.0092634353786706,92.93917846679688,3.1023362680571154e-05,1.910196624521632e-05,19.60114288330078,-7.07614278793335,6.217526435852051,6.970505637582392e-05,5.90289564570412e-05,30.420663833618164,4.724267482757568
NEG_20120929_00123,,,2012-09-29 00:00:00,2012-09-29,2012,9,0,,BG,45.0,,,,IBTRACS_ERA5,OBS,0,45.0,330.0,,,1367.2356762584643,val,-0.5000000000000004,0.8660254037844384,-1.0,-1.8369701987210294e-16,26.151519775390625,2.314735412597656,212.45065307617188,3.127936361124739e-05,58.13829040527344,22.20462417602539,4.0312347412109375,233.32553100585935,0.0001817621232476,45.39741516113281,16.208843231201172,3.6577186584472656,260.5155029296875,0.0008627263596281,29.79044342041016,11.302913665771484,4.307399749755859,278.8978271484375,0.0012670699506998,15.445345878601074,9.863689422607422,2.3739547729492188,283.4515686035156,0.0059196148067712,64.244140625,-2.5055358491954397e-05,-3.237597775296308e-05,16.28793716430664,17.146320343017578,3.3370087146759038,-3.0670216801809147e-06,-1.344359407084994e-05,34.94899368286133,7.797238349914551
IBT_2012255N16322_2012093000,2012255N16322,NADINE,2012-09-30 00:00:00,2012-09-30,2012,9,0,,TS,35.0,322.8999938964844,75.0,983.0,IBTRACS_ERA5,OBS,1,35.0,322.8999938964844,2012255N16322,NADINE,0.0,val,-0.6032080727090584,0.7975838645676223,-1.0,-1.8369701987210294e-16,-1.1685028076171875,8.100055694580078,215.9915313720703,3.156109232804738e-05,37.5064811706543,1.5100975036621094,6.124900817871094,237.03350830078125,0.000287194881821,49.16071701049805,8.599868774414062,7.953056335449219,264.0546264648437,0.0021766740828752,56.69482421875,8.621322631835938,4.062828063964844,278.1711730957031,0.0068176528438925,87.4297103881836,8.963027954101562,2.1148834228515625,287.2313537597656,0.0102587565779685,86.67801666259766,9.066193888429552e-05,7.957407069625333e-05,11.767335891723633,5.3051629066467285,5.671144962310791,9.066193888429552e-05,7.957407069625333e-05,42.7391471862793,1.608647346496582
IBT_2012255N16322_2012093006,2012255N16322,NADINE,2012-09-30 06:00:00,2012-09-30,2012,9,6,,TS,36.0,322.3999938964844,75.0,982.0,IBTRACS_ERA5,OBS,1,36.0,322.3999938964844,2012255N16322,NADINE,0.0,val,-0.6101452483010624,0.7922895783585916,-1.0,-1.8369701987210294e-16,-1.1685028076171875,8.100055694580078,215.9915313720703,3.156109232804738e-05,37.5064811706543,1.5100975036621094,6.124900817871094,237.03350830078125,0.000287194881821,49.16071701049805,8.599868774414062,7.953056335449219,264.0546264648437,0.0021766740828752,56.69482421875,8.621322631835938,4.062828063964844,278.1711730957031,0.0068176528438925,87.4297103881836,8.963027954101562,2.1148834228515625,287.2313537597656,0.0102587565779685,86.67801666259766,9.066193888429552e-05,7.957407069625333e-05,11.767335891723633,5.3051629066467285,5.671144962310791,9.066193888429552e-05,7.957407069625333e-05,42.7391471862793,1.608647346496582
IBT_2012255N16322_2012093012,2012255N16322,NADINE,2012-09-30 12:00:00,2012-09-30,2012,9,12,,TS,36.79999923706055,321.70001220703125,80.0,978.0,IBTRACS_ERA5,OBS,1,36.79999923706055,321.70001220703125,2012255N16322,NADINE,0.0,val,-0.6197788645962548,0.7847765025787771,-1.0,-1.8369701987210294e-16,-1.7666473388671875,10.843463897705078,214.5089874267578,3.855416071019136e-05,55.13811111450195,-5.396030426025391,9.585960388183594,237.16766357421875,0.0003275248745921,55.317020416259766,-11.541366577148438,10.89043426513672,264.08074951171875,0.0026819352060556,69.7120590209961,-13.342300415039062,8.828819274902344,278.3943176269531,0.0062973042950034,79.50630187988281,-14.751937866210938,6.849136352539063,286.5102844238281,0.0099512562155723,88.1455307006836,9.019098069984466e-05,7.851077680243179e-05,13.585742950439451,-9.35965633392334,9.39956283569336,9.066193888429552e-05,7.957407069625333e-05,44.0954704284668,1.608647346496582
IBT_2012255N16322_2012093018,2012255N16322,NADINE,2012-09-30 18:00:00,2012-09-30,2012,9,18,,TS,37.20000076293945,321.1000061035156,80.0,978.0,IBTRACS_ERA5,OBS,1,37.20000076293945,321.1000061035156,2012255N16322,NADINE,0.0,val,-0.6279629747458593,0.778243215420688,-1.0,-1.8369701987210294e-16,-4.383346557617188,12.943317413330078,214.2119903564453,3.489196751615964e-05,51.8051643371582,-8.06363296508789,2.2833480834960938,236.69903564453125,0.0003653402964118,64.66957092285156,-9.456527709960938,-9.46857452392578,262.19049072265625,0.0023710001260042,71.5689926147461,-7.124282836914063,-12.362709045410156,277.8391418457031,0.0042024990543723,55.16172409057617,-5.8736419677734375,-12.853866577148438,285.0733947753906,0.0082828029990196,80.66633605957031,5.6899134506238624e-05,5.738571780966595e-05,25.84019470214844,-6.980286598205566,-3.8916969299316406,9.066193888429552e-05,7.957407069625333e-05,45.809608459472656,4.500361442565918
NEG_20120930_01552,,,2012-09-30 00:00:00,2012-09-30,2012,9,0,,BG,7.5,,,,IBTRACS_ERA5,OBS,0,7.5,27.5,,,7223.412853624178,val,0.4617486132350339,0.8870108331782217,-1.0,-1.8369701987210294e-16,1.0716094970703125,-0.1714286804199218,219.8607940673828,7.940732029965147e-05,58.99485397338867,-2.77530288696289,-2.2516860961914062,241.950927734375,0.0004140186647418,43.8189811706543,-4.0168304443359375,1.6032028198242188,267.0487670898437,0.0035857949405908,74.0507583618164,-3.6317291259765625,1.6092147827148438,283.0328674316406,0.0077044805511832,70.74388122558594,-0.4031829833984375,-0.1100921630859375,292.7938537597656,0.0139825865626335,82.7422866821289,2.952371687570121e-06,-6.539868081745226e-06,1.4760674238204956,-1.951087236404419,0.1358421295881271,1.504164538346231e-05,4.960884325555526e-07,67.08132934570312,1.4760674238204956
NEG_20120930_02946,,,2012-09-30 00:00:00,2012-09-30,2012,9,0,,BG,20.0,,,,IBTRACS_ERA5,OBS,0,20.0,322.5,,,1668.3855707733258,val,-0.608761429008721,0.7933533402912349,-1.0,-1.8369701987210294e-16,13.386672973632812,7.857379913330078,217.0668487548828,4.418749813339673e-05,45.99544525146485,5.866786956787109,3.7276840209960938,239.60797119140625,0.0004781644383911,63.45854568481445,-2.120101928710937,-0.4282913208007812,267.80841064453125,0.0012991297990083,25.31710433959961,-3.9748687744140634,2.171714782714844,281.1487121582031,0.0059283813461661,61.86909866333008,-7.768905639648437,-1.7779388427734375,290.0572814941406,0.0094038471579551,66.18712615966797,-1.3537965060095305e-06,-2.37574950006092e-05,23.2464599609375,1.0779167413711548,2.310109615325928,1.458045153412968e-05,1.627269284654176e-06,53.9697151184082,4.93180513381958
NEG_20120930_02986,,,2012-09-30 00:00:00,2012-09-30,2012,9,0,,BG,7.5,,,,IBTRACS_ERA5,OBS,0,7.5,320.0,,,3072.179892092564,val,-0.6427876096865396,0.7660444431189778,-1.0,-1.8369701987210294e-16,-2.1921844482421875,2.780719757080078,218.2771759033203,4.716540206572972e-05,42.37013626098633,-4.383701324462891,1.1424789428710938,241.68585205078125,0.0005344498204067,58.01749038696289,-5.2477874755859375,-1.7432327270507812,267.2968139648437,0.0029502380639314,59.78070068359375,-3.9365386962890634,-0.1268692016601562,281.7634582519531,0.0073218783363699,73.27157592773438,-0.6119232177734375,-1.8690032958984373,289.5294494628906,0.0128466710448265,93.5312271118164,1.6438494640169665e-05,3.2687112252460797e-06,4.910921573638916,-3.2744269371032715,0.0368186943233013,1.783119842002634e-05,6.607375780731672e-06,62.727325439453125,1.6023024320602417
