sample_id,sid,name,time,date,year,month,hour,basin,nature,lat,lon,wind_kt,pres_hpa,source,experiment,label_tc,candidate_lat,candidate_lon,matched_sid,matched_name,label_distance_km,split,lon_sin,lon_cos,month_sin,month_cos,u_200,v_200,t_200,q_200,rh_200,u_300,v_300,t_300,q_300,rh_300,u_500,v_500,t_500,q_500,rh_500,u_700,v_700,t_700,q_700,rh_700,u_850,v_850,t_850,q_850,rh_850,zeta_850,zeta_500,wshear_850_200,steer_u_850_200,steer_v_850_200,zeta850_max_r500,zeta500_max_r500,rh700_mean_r500,shear_min_r500
IBT_2016215N16283_2016080206,2016215N16283,EARL,2016-08-02 06:00:00,2016-08-02,2016,8,6,,TS,16.299999237060547,282.5,40.0,1004.0,IBTRACS_ERA5,OBS,1,16.299999237060547,282.5,2016215N16283,EARL,0.0,test,-0.9762960071199336,0.2164396139381024,-0.8660254037844385,-0.5000000000000004,-3.8362884521484375,3.071327209472656,221.0665283203125,9.18185178306885e-05,59.15581512451172,-2.4762725830078125,-1.20086669921875,243.33050537109372,0.0006379190017469,59.23067474365234,-10.68378448486328,-0.8512420654296875,268.5039367675781,0.0036588022485375,67.6363296508789,-12.610565185546877,4.468238830566406,282.5744323730469,0.0083055440336465,78.6624755859375,-15.18661880493164,5.008769989013672,291.095458984375,0.0127042289823293,83.68885803222656,1.7315656805294566e-05,3.505668428260833e-05,11.514498710632324,-8.95870590209961,2.099245548248291,3.675650805234909e-05,3.505668428260833e-05,63.7541618347168,1.511851787567139
IBT_2016215N16283_2016080212,2016215N16283,EARL,2016-08-02 12:00:00,2016-08-02,2016,8,12,,TS,16.299999237060547,280.79998779296875,40.0,1003.0,IBTRACS_ERA5,OBS,1,16.299999237060547,280.79998779296875,2016215N16283,EARL,0.0,test,-0.9822872906507966,0.187381105306585,-0.8660254037844385,-0.5000000000000004,-1.8279876708984373,5.802040100097656,220.9075927734375,8.551020437153056e-05,56.13039779663086,-0.0603790283203125,-3.58868408203125,243.072998046875,0.0003776497615035,35.927616119384766,-10.26203155517578,-6.203048706054688,268.6921081542969,0.0031353763770312,57.14154815673828,-11.235198974609377,-1.4906234741210938,283.6144714355469,0.0080956611782312,71.48174285888672,-11.43588638305664,1.524394989013672,291.879150390625,0.0128432568162679,80.50676727294922,2.934682197519578e-05,1.4633704267907888e-05,10.51712703704834,-6.964296817779541,-0.7911842465400696,3.675650805234909e-05,3.505668428260833e-05,64.38533020019531,1.511851787567139
IBT_2016215N16283_2016080218,2016215N16283,EARL,2016-08-02 18:00:00,2016-08-02,2016,8,18,,TS,16.299999237060547,279.20001220703125,45.0,1001.0,IBTRACS_ERA5,OBS,1,16.299999237060547,279.20001220703125,2016215N16283,EARL,0.0,test,-0.987136231009817,0.1598813980040623,-0.8660254037844385,-0.5000000000000004,-1.8279876708984373,5.802040100097656,220.9075927734375,8.551020437153056e-05,56.13039779663086,-0.0603790283203125,-3.58868408203125,243.072998046875,0.0003776497615035,35.927616119384766,-10.26203155517578,-6.203048706054688,268.6921081542969,0.0031353763770312,57.14154815673828,-11.235198974609377,-1.4906234741210938,283.6144714355469,0.0080956611782312,71.48174285888672,-11.43588638305664,1.524394989013672,291.879150390625,0.0128432568162679,80.50676727294922,2.934682197519578e-05,1.4633704267907888e-05,10.51712703704834,-6.964296817779541,-0.7911842465400696,3.675650805234909e-05,3.505668428260833e-05,64.38533020019531,1.511851787567139
IBT_2016215N16283_2016080300,2016215N16283,EARL,2016-08-03 00:00:00,2016-08-03,2016,8,0,,TS,16.399999618530273,277.79998779296875,55.0,994.0,IBTRACS_ERA5,OBS,1,16.399999618530273,277.79998779296875,2016215N16283,EARL,0.0,test,-0.9907478693860156,0.1357153613526135,-0.8660254037844385,-0.5000000000000004,-3.4101219177246094,3.8825912475585938,221.60330200195312,0.0001023007789626,61.89351272583008,-7.271308898925781,-0.4685783386230469,244.213134765625,0.0007415256113745,63.373783111572266,-10.44416046142578,4.818565368652344,268.6690673828125,0.0045459787361323,82.99381256103516,-13.35580825805664,5.3166046142578125,282.9940795898437,0.0080553200095891,74.1591796875,-19.28530502319336,7.446712493896484,291.8955383300781,0.0128837525844573,80.67704010009766,3.541525438777171e-05,4.287206320441328e-05,16.270353317260742,-10.753340721130373,4.199179172515869,5.977100590826012e-05,4.301454464439303e-05,66.31893920898438,6.332570552825928
IBT_2016215N16283_2016080306,2016215N16283,EARL,2016-08-03 06:00:00,2016-08-03,2016,8,6,,TS,16.0,276.8999938964844,55.0,993.0,IBTRACS_ERA5,OBS,1,16.0,276.8999938964844,2016215N16283,EARL,0.0,test,-0.99275735472719,0.1201367330797376,-0.8660254037844385,-0.5000000000000004,-5.276332855224609,-2.0142593383789062,222.1312561035156,0.0001033685402944,58.80991363525391,-2.440132141113281,-0.1209220886230468,244.21392822265625,0.0008302787318825,70.95372772216797,0.9602584838867188,2.968833923339844,268.371337890625,0.0036429087631404,68.02193450927734,2.38003158569336,4.9114532470703125,283.46295166015625,0.0089801605790853,80.10310363769531,-2.18130111694336,5.917049407958984,291.9883117675781,0.0141679346561431,88.20024108886719,5.538289406104013e-05,3.4576907637529075e-05,8.513805389404297,-1.3114951848983765,2.3324310779571533,5.977100590826012e-05,4.301454464439303e-05,69.58361053466797,4.019251823425293
IBT_2016215N16283_2016080312,2016215N16283,EARL,2016-08-03 12:00:00,2016-08-03,2016,8,12,,TS,16.299999237060547,275.70001220703125,60.0,989.0,IBTRACS_ERA5,OBS,1,16.299999237060547,275.70001220703125,2016215N16283,EARL,0.0,test,-0.9950555488008442,0.0993199617430988,-0.8660254037844385,-0.5000000000000004,-4.182582855224609,1.7269515991210938,221.77493286132807,9.767815936356784e-05,57.92504501342773,-5.736763000488281,-1.7063713073730469,244.88653564453125,0.000689067877829,55.3067626953125,-9.14960479736328,-2.704505920410156,269.2315673828125,0.0041205654852092,72.10372161865234,-13.60654067993164,-1.0018768310546875,283.20782470703125,0.0087228175252676,79.15528106689453,-16.22866439819336,1.6567955017089844,291.4065246582031,0.0137844979763031,89.03024291992188,5.977100590826012e-05,4.301454464439303e-05,12.04628562927246,-9.780831336975098,-0.405801385641098,5.977100590826012e-05,4.301454464439303e-05,68.5846176147461,6.237820148468018
IBT_2016215N16283_2016080318,2016215N16283,EARL,2016-08-03 18:00:00,2016-08-03,2016,8,18,,TS,16.899999618530273,274.6000061035156,65.0,988.0,IBTRACS_ERA5,OBS,1,16.899999618530273,274.6000061035156,2016215N16283,EARL,0.0,test,-0.9967788699129352,0.0801990305121676,-0.8660254037844385,-0.5000000000000004,-4.182582855224609,1.7269515991210938,221.77493286132807,9.767815936356784e-05,57.92504501342773,-5.736763000488281,-1.7063713073730469,244.88653564453125,0.000689067877829,55.3067626953125,-9.14960479736328,-2.704505920410156,269.2315673828125,0.0041205654852092,72.10372161865234,-13.60654067993164,-1.0018768310546875,283.20782470703125,0.0087228175252676,79.15528106689453,-16.22866439819336,1.6567955017089844,291.4065246582031,0.0137844979763031,89.03024291992188,5.977100590826012e-05,4.301454464439303e-05,12.04628562927246,-9.780831336975098,-0.405801385641098,5.977100590826012e-05,4.301454464439303e-05,68.5846176147461,6.237820148468018
NEG_20160803_00264,,,2016-08-03 00:00:00,2016-08-03,2016,8,0,,BG,27.5,,,,IBTRACS_ERA5,OBS,0,27.5,345.0,,,6961.402910743277,test,-0.2588190451025207,0.9659258262890684,-0.8660254037844385,-0.5000000000000004,8.22366714477539,2.7181625366210938,220.76834106445312,1.1873083167301957e-05,7.922513484954834,7.118949890136719,2.705005645751953,240.92877197265625,2.931527342298068e-05,3.422487258911133,-0.9186477661132812,0.5848007202148438,267.2447509765625,0.0006341704865917,12.901436805725098,-4.811618804931641,6.2539825439453125,287.60357666015625,0.003551160916686,24.078702926635746,-3.36001205444336,-3.755069732666016,299.4968566894531,0.0036279854830354,14.228960037231444,9.57695101533318e-06,8.516853995388374e-07,13.269678115844728,1.2504676580429075,1.7013763189315796,2.984721322718542e-05,2.6733263439382423e-05,20.21903610229492,5.477186679840088
IBT_2016215N16283_2016080400,2016215N16283,EARL,2016-08-04 00:00:00,2016-08-04,2016,8,0,,TS,17.299999237060547,273.1000061035156,70.0,984.0,IBTRACS_ERA5,OBS,1,17.299999237060547,273.1000061035156,2016215N16283,EARL,0.0,test,-0.9985366645653824,0.0540789193553353,-0.8660254037844385,-0.5000000000000004,-3.961959838867188,1.2001419067382812,222.3894500732422,0.00011237081344,62.045372009277344,-6.795669555664063,5.507698059082031,245.4503936767578,0.0009868717752397,75.17533111572266,-7.153358459472656,7.989109039306641,269.0058288574219,0.0052884048782289,94.12535858154295,-6.704689025878906,7.9183349609375,283.04937744140625,0.0092861372977495,85.17203521728516,-6.241607666015625,6.881282806396484,291.7655029296875,0.013877548277378,87.61721801757812,6.20741120656021e-05,6.166097591631114e-05,6.121450424194336,-6.171456813812256,5.899313449859619,6.20741120656021e-05,6.555113941431046e-05,67.84104919433594,6.121450424194336
IBT_2016215N16283_2016080406,2016215N16283,EARL,2016-08-04 06:00:00,2016-08-04,2016,8,6,,TS,17.399999618530273,271.70001220703125,75.0,979.0,IBTRACS_ERA5,OBS,1,17.399999618530273,271.70001220703125,2016215N16283,EARL,0.0,test,-0.9995598537988823,0.029666457044224,-0.8660254037844385,-0.5000000000000004,-3.961959838867188,1.2001419067382812,222.3894500732422,0.00011237081344,62.045372009277344,-6.795669555664063,5.507698059082031,245.4503936767578,0.0009868717752397,75.17533111572266,-7.153358459472656,7.989109039306641,269.0058288574219,0.0052884048782289,94.12535858154295,-6.704689025878906,7.9183349609375,283.04937744140625,0.0092861372977495,85.17203521728516,-6.241607666015625,6.881282806396484,291.7655029296875,0.013877548277378,87.61721801757812,6.20741120656021e-05,6.166097591631114e-05,6.121450424194336,-6.171456813812256,5.899313449859619,6.20741120656021e-05,6.555113941431046e-05,67.84104919433594,6.121450424194336
IBT_2016215N16283_2016080412,2016215N16283,EARL,2016-08-04 12:00:00,2016-08-04,2016,8,12,,TS,17.399999618530273,270.6000061035156,60.0,989.0,IBTRACS_ERA5,OBS,1,17.399999618530273,270.6000061035156,2016215N16283,EARL,0.0,test,-0.9999451682499846,0.0104718906368485,-0.8660254037844385,-0.5000000000000004,-9.233078002929688,-4.129203796386719,222.65708923339844,0.000115096096124,61.61280822753906,-6.297134399414063,-7.440544128417969,245.4835968017578,0.0008858548826538,67.27350616455078,-3.330116271972656,-5.698268890380859,269.2983093261719,0.0054675987921655,95.19580841064452,-6.452369689941406,-3.1123046875,282.80938720703125,0.0097305346280336,90.705810546875,-2.434600830078125,-4.014896392822266,290.678466796875,0.0137702599167823,93.15003204345705,5.760751810157672e-05,6.555113941431046e-05,6.799437999725342,-5.549459934234619,-4.8790435791015625,6.20741120656021e-05,6.555113941431046e-05,68.89154052734375,6.121450424194336
IBT_2016215N16283_2016080418,2016215N16283,EARL,2016-08-04 18:00:00,2016-08-04,2016,8,18,,TS,17.600000381469727,269.70001220703125,40.0,995.0,IBTRACS_ERA5,OBS,1,17.600000381469727,269.70001220703125,2016215N16283,EARL,0.0,test,-0.9999862933629412,-0.0052357507814524,-0.8660254037844385,-0.5000000000000004,-9.233078002929688,-4.129203796386719,222.65708923339844,0.000115096096124,61.61280822753906,-6.297134399414063,-7.440544128417969,245.4835968017578,0.0008858548826538,67.27350616455078,-3.330116271972656,-5.698268890380859,269.2983093261719,0.0054675987921655,95.19580841064452,-6.452369689941406,-3.1123046875,282.80938720703125,0.0097305346280336,90.705810546875,-2.434600830078125,-4.014896392822266,290.678466796875,0.0137702599167823,93.15003204345705,5.760751810157672e-05,6.555113941431046e-05,6.799437999725342,-5.549459934234619,-4.8790435791015625,6.20741120656021e-05,6.555113941431046e-05,68.89154052734375,6.121450424194336
NEG_20160804_00083,,,2016-08-04 00:00:00,2016-08-04,2016,8,0,,BG,2.5,,,,IBTRACS_ERA5,OBS,0,2.5,297.5,,,3131.3069412790405,test,-0.8870108331782216,0.4617486132350341,-0.8660254037844385,-0.5000000000000004,-9.758590698242188,-3.1387252807617188,219.2030487060547,6.195226887939498e-05,49.78544235229492,-10.078872680664062,-0.5985031127929688,241.9599151611328,0.0005081272684037,53.73312377929688,-11.402503967285156,-1.7004661560058594,267.7424011230469,0.0034812218509614,68.182861328125,-9.691627502441406,1.3052978515625,281.48419189453125,0.0084275025874376,85.95687103271484,-4.507598876953125,0.7634849548339844,290.6578369140625,0.0119294300675392,80.80374908447266,-7.576154985144967e-06,-2.3518930447608e-06,6.542182922363281,-9.087839126586914,-0.6737823486328125,5.7726028899196535e-06,5.234084028415964e-07,74.47930908203125,3.032145500183105
NEG_20160804_02060,,,2016-08-04 00:00:00,2016-08-04,2016,8,0,,BG,2.5,,,,IBTRACS_ERA5,OBS,0,2.5,260.0,,,1984.9128975433064,test,-0.984807753012208,-0.1736481776669303,-0.8660254037844385,-0.5000000000000004,-17.639572143554688,-6.594291687011719,222.45481872558597,1.8692102457862347e-05,10.242990493774414,-11.056900024414062,2.3541336059570312,240.9807891845703,0.0001420597254764,16.50216293334961,7.066368103027344,-2.61965560913086,269.9378356933594,0.0002695520524866,4.473392486572266,-6.001441955566406,0.041748046875,282.59600830078125,0.0064821704290807,61.30356979370117,-3.161895751953125,-0.3131141662597656,289.3505859375,0.0113470926880836,83.56874084472656,-8.175136827048846e-06,-5.116481816003215e-07,15.78151798248291,-6.158688545227051,-1.426235914230347,6.457726158259902e-06,2.171842061216012e-05,52.79883193969727,2.360395908355713
NEG_20160804_03104,,,2016-08-04 00:00:00,2016-08-04,2016,8,0,,BG,50.0,,,,IBTRACS_ERA5,OBS,0,50.0,352.5,,,7792.62744038963,test,-0.1305261922200516,0.9914448613738104,-0.8660254037844385,-0.5000000000000004,25.024978637695312,-9.32793426513672,225.44175720214844,1.3292758012539709e-05,5.182147026062012,19.853500366210938,-5.187614440917969,228.6242218017578,9.345958824269474e-05,38.45608139038086,13.723106384277344,-2.53640365600586,256.3279724121094,0.0004501541552599,21.94376564025879,13.226097106933594,-1.614013671875,272.12213134765625,0.001935796579346,38.29859161376953,12.340057373046877,-2.9021034240722656,279.320556640625,0.0052771344780921,75.91918182373047,-1.0550002116360702e-06,2.392788155702874e-05,14.219653129577637,16.833547592163086,-4.3136138916015625,2.811389094858896e-05,4.7657777031417936e-05,44.61289596557617,6.5117926597595215
IBT_2016215N16283_2016080500,2016215N16283,EARL,2016-08-05 00:00:00,2016-08-05,2016,8,0,,TS,18.0,268.79998779296875,35.0,1000.0,IBTRACS_ERA5,OBS,1,18.0,268.79998779296875,2016215N16283,EARL,0.0,test,-0.9997806790129796,-0.0209426328895175,-0.8660254037844385,-0.5000000000000004,0.1557769775390625,-0.6589126586914062,221.26339721679688,8.891335892258212e-05,55.97621536254883,-0.6668052673339844,3.069175720214844,244.64263916015625,0.0008798508788459,72.24064636230469,-3.0526580810546875,8.444587707519531,268.4359741210937,0.0048429500311613,89.98809051513672,-1.7792129516601562,11.613040924072266,283.2977905273437,0.0085400184616446,77.0283203125,-6.138675689697266,11.63602066040039,292.90234375,0.0125030763447284,73.48526763916016,3.222785744583234e-05,3.210346039850265e-05,13.81251335144043,-2.2963149547576904,6.820782661437988,6.430124631151557e-05,5.451919423649088e-05,72.97179412841797,3.920416831970215
IBT_2016215N16283_2016080506,2016215N16283,EARL,2016-08-05 06:00:00,2016-08-05,2016,8,6,,TS,18.299999237060547,267.70001220703125,35.0,1001.0,IBTRACS_ERA5,OBS,1,18.299999237060547,267.70001220703125,2016215N16283,EARL,0.0,test,-0.9991944036646176,-0.0401315796513082,-0.8660254037844385,-0.5000000000000004,-4.1780853271484375,-4.318336486816406,222.2279357910156,8.828588033793494e-05,49.66830062866211,-1.0291099548339844,-1.3077774047851562,245.2637939453125,0.0009181673522107,71.16004180908203,1.2198028564453125,0.1698074340820312,268.8682861328125,0.0051184725016355,92.05052185058594,1.962730407714844,1.924747467041016,283.1889038085937,0.0095783323049545,87.02953338623047,0.2888145446777344,1.9430885314941408,291.438232421875,0.0134557075798511,86.73218536376953,6.430124631151557e-05,5.451919423649088e-05,7.691465377807617,-0.3471694886684418,-0.3176940977573395,6.430124631151557e-05,5.451919423649088e-05,75.43521118164062,3.2921011447906494
IBT_2016215N16283_2016080512,2016215N16283,EARL,2016-08-05 12:00:00,2016-08-05,2016,8,12,,TS,18.5,266.5,40.0,1001.0,IBTRACS_ERA5,OBS,1,18.5,266.5,2016215N16283,EARL,0.0,test,-0.998134798421867,-0.0610485395348568,-0.8660254037844385,-0.5000000000000004,-4.1780853271484375,-4.318336486816406,222.2279357910156,8.828588033793494e-05,49.66830062866211,-1.0291099548339844,-1.3077774047851562,245.2637939453125,0.0009181673522107,71.16004180908203,1.2198028564453125,0.1698074340820312,268.8682861328125,0.0051184725016355,92.05052185058594,1.962730407714844,1.924747467041016,283.1889038085937,0.0095783323049545,87.02953338623047,0.2888145446777344,1.9430885314941408,291.438232421875,0.0134557075798511,86.73218536376953,6.430124631151557e-05,5.451919423649088e-05,7.691465377807617,-0.3471694886684418,-0.3176940977573395,6.430124631151557e-05,5.451919423649088e-05,75.43521118164062,3.2921011447906494
IBT_2016215N16283_2016080518,2016215N16283,EARL,2016-08-05 18:00:00,2016-08-05,2016,8,18,,TS,18.700000762939453,265.29998779296875,50.0,999.0,IBTRACS_ERA5,OBS,1,18.700000762939453,265.29998779296875,2016215N16283,EARL,0.0,test,-0.9966373693607782,-0.0819387209665114,-0.8660254037844385,-0.5000000000000004,-5.8842620849609375,-6.735816955566406,222.0015563964844,0.0001069605277734,61.77780532836914,-4.376522064208984,-6.741127014160156,245.27520751953125,0.0007803483749739,60.41486740112305,-2.1468963623046875,-7.709465026855469,269.1478881835937,0.0047369729727506,83.41349029541016,1.0926132202148438,-9.236690521240234,282.83612060546875,0.0098779052495956,91.91340637207033,4.321773529052734,-11.05001449584961,290.829833984375,0.0134972818195819,90.42760467529295,2.3193524611997415e-05,3.351788473082706e-05,11.080409049987791,-1.3986587524414062,-8.294622421264648,6.430124631151557e-05,5.451919423649088e-05,76.67201232910156,3.2921011447906494
NEG_20160805_01626,,,2016-08-05 00:00:00,2016-08-05,2016,8,0,,BG,37.5,,,,IBTRACS_ERA5,OBS,0,37.5,327.5,,,6064.785589429755,test,-0.5372996083468242,0.8433914458128855,-0.8660254037844385,-0.5000000000000004,1.6095123291015625,5.229148864746094,218.7764587402344,2.295709782629274e-05,19.417762756347656,3.325016021728516,4.254722595214844,237.906982421875,0.0001770450617186,27.779193878173828,4.1482696533203125,13.770149230957031,265.7611083984375,0.0008692572591826,19.82161903381348,2.425987243652344,9.572696685791016,279.96636962890625,0.0017119939438998,19.378969192504883,2.5552940368652344,6.452793121337891,288.9927978515625,0.0057736816816031,43.5130615234375,-3.084387935814448e-05,-2.7402202249504622e-05,1.5465471744537354,2.8128159046173096,7.855902194976807,3.396215834072791e-05,3.862875382765196e-05,30.78217315673828,1.5465471744537354
NEG_20160805_01767,,,2016-08-05 00:00:00,2016-08-05,2016,8,0,,BG,27.5,,,,IBTRACS_ERA5,OBS,0,27.5,270.0,,,1049.682777142003,test,-1.0,-1.8369701987210294e-16,-0.8660254037844385,-0.5000000000000004,-7.3635101318359375,3.8523178100585938,221.19699096679688,6.40745201963e-05,40.65397262573242,-5.079891204833984,0.8452987670898438,243.31280517578125,0.0004021457280032,37.40155029296875,-1.5294647216796875,-1.6538009643554688,268.02178955078125,0.0032327305525541,61.98484420776367,0.1602401733398437,0.0877723693847656,283.01873779296875,0.0058501805178821,53.76860809326172,0.1166954040527343,0.7148780822753906,292.069091796875,0.0108762867748737,67.36428833007812,-1.3801334716845304e-05,-1.0846134500752669e-05,8.11153507232666,-2.7391860485076904,0.7692931890487671,2.061448685708456e-05,9.252857125829904e-06,56.96695327758789,1.0598610639572144
NEG_20160805_02407,,,2016-08-05 00:00:00,2016-08-05,2016,8,0,,BG,5.0,,,,IBTRACS_ERA5,OBS,0,5.0,290.0,,,2719.820729792373,test,-0.9396926207859084,0.342020143325669,-0.8660254037844385,-0.5000000000000004,-15.900131225585938,1.4748764038085938,219.7554626464844,4.602037006407045e-05,34.621604919433594,-14.177303314208984,0.8147811889648438,241.97381591796875,0.0005388154531829,56.90271759033203,-8.689376831054688,-1.2455978393554688,266.78765869140625,0.0038847010582685,81.84530639648438,-4.569252014160156,-0.1833457946777343,281.6034545898437,0.0082584768533706,83.55036163330078,4.167232513427734,2.41067886352539,290.674072265625,0.0112196095287799,75.91722869873047,-6.604436748602893e-06,-5.228243480814854e-06,20.08917236328125,-7.833765983581543,0.654278576374054,2.5722954887896776e-05,6.980675607337616e-06,79.0020523071289,3.334657907485962
NEG_20160805_02956,,,2016-08-05 00:00:00,2016-08-05,2016,8,0,,BG,45.0,,,,IBTRACS_ERA5,OBS,0,45.0,25.0,,,10507.569397325604,test,0.4226182617406994,0.90630778703665,-0.8660254037844385,-0.5000000000000004,2.0969390869140625,-7.249244689941406,216.4849548339844,3.618374103098176e-05,40.45600128173828,-0.3950767517089844,-2.600257873535156,237.14886474609372,9.704817784950136e-05,16.421689987182617,-1.0321502685546875,-1.9638595581054688,265.77667236328125,0.0016627887962386,37.87083435058594,-3.121986389160156,1.4406776428222656,281.3397827148437,0.0014340424677357,14.771553993225098,-3.7116737365722656,2.53567886352539,288.351318359375,0.0081312544643878,63.87510299682617,-2.316831159987487e-05,-2.459318784531206e-05,11.379135131835938,-1.2327896356582642,-1.5674011707305908,2.2790703951613978e-05,3.840355930151418e-05,38.53800582885742,2.090571880340576
IBT_2016215N16283_2016080600,2016215N16283,EARL,2016-08-06 00:00:00,2016-08-06,2016,8,0,,TS,18.899999618530277,264.3999938964844,50.0,999.0,IBTRACS_ERA5,OBS,1,18.899999618530277,264.3999938964844,2016215N16283,EARL,0.0,test,-0.9952273895866662,-0.0975830057771847,-0.8660254037844385,-0.5000000000000004,-3.0552520751953125,-3.2053451538085938,222.2188415527344,0.0001070695288944,60.29930114746094,-8.59634017944336,0.8210716247558594,244.68728637695312,0.000597194652073,48.82952117919922,-11.443946838378906,5.849445343017578,269.4428100585937,0.0044613294303417,76.83697509765625,-10.625015258789062,9.433242797851562,283.5897827148437,0.0086776036769151,76.74726867675781,-11.622406005859377,5.827888488769531,292.5305480957031,0.0127500556409358,76.70735931396484,2.686164225451648e-05,2.286749440827407e-05,12.449716567993164,-9.068592071533203,3.745260715484619,3.706858478835784e-05,4.3768839532276616e-05,72.39008331298828,1.1591682434082031
IBT_2016215N16283_2016080606,2016215N16283,EARL,2016-08-06 06:00:00,2016-08-06,2016,8,6,,TS,19.0,263.5,45.0,1004.0,IBTRACS_ERA5,OBS,1,19.0,263.5,2016215N16283,EARL,0.0,test,-0.9935718556765876,-0.1132032137679069,-0.8660254037844385,-0.5000000000000004,-5.6616973876953125,-0.7246322631835938,222.45639038085935,0.0001029288687277,56.39319610595703,-12.02920150756836,-0.3622779846191406,245.55545043945312,0.0007773236138746,58.640769958496094,-14.440528869628906,0.4434394836425781,269.2352905273437,0.0051302127540111,89.74591064453125,-11.063247680664062,-2.438583374023437,283.29364013671875,0.0101541299372911,91.61270904541016,-4.502532958984375,-0.7216720581054688,291.3406066894531,0.0134121440351009,86.98809814453125,3.119999746559188e-05,2.804288851621095e-05,1.1591682434082031,-9.53944206237793,-0.7607452273368835,3.706858478835784e-05,4.3768839532276616e-05,73.93097686767578,1.1591682434082031
IBT_2016215N16283_2016080612,2016215N16283,EARL,2016-08-06 12:00:00,2016-08-06,2016,8,12,,TS,19.0,262.5,25.0,1008.0,IBTRACS_ERA5,OBS,1,19.0,262.5,2016215N16283,EARL,0.0,test,-0.9914448613738104,-0.1305261922200516,-0.8660254037844385,-0.5000000000000004,-5.6616973876953125,-0.7246322631835938,222.45639038085935,0.0001029288687277,56.39319610595703,-12.02920150756836,-0.3622779846191406,245.55545043945312,0.0007773236138746,58.640769958496094,-14.440528869628906,0.4434394836425781,269.2352905273437,0.0051302127540111,89.74591064453125,-11.063247680664062,-2.438583374023437,283.29364013671875,0.0101541299372911,91.61270904541016,-4.502532958984375,-0.7216720581054688,291.3406066894531,0.0134121440351009,86.98809814453125,3.119999746559188e-05,2.804288851621095e-05,1.1591682434082031,-9.53944206237793,-0.7607452273368835,3.706858478835784e-05,4.3768839532276616e-05,73.93097686767578,1.1591682434082031
NEG_20160806_00131,,,2016-08-06 00:00:00,2016-08-06,2016,8,0,,BG,15.0,,,,IBTRACS_ERA5,OBS,0,15.0,305.0,,,4331.043790286045,test,-0.8191520442889918,0.573576436351046,-0.8660254037844385,-0.5000000000000004,-12.160720825195312,-4.688255310058594,219.77474975585935,1.995733691728674e-05,14.979679107666016,-9.85610580444336,4.439235687255859,240.61038208007807,0.0001207598397741,14.538695335388184,-10.041114807128906,-0.0753593444824218,267.6181030273437,0.0013459732290357,26.612890243530277,-8.762222290039062,2.3985748291015625,284.4979858398437,0.0051798843778669,43.10959243774414,-5.046234130859375,1.6286697387695312,291.2512512207031,0.0126816295087337,82.71770477294922,1.877698650787352e-06,-1.620864713913761e-05,9.514171600341797,-9.173279762268066,0.7405731081962585,7.671822459087707e-06,2.720375505305128e-06,50.10700607299805,2.2366831302642822
NEG_20160806_00585,,,2016-08-06 00:00:00,2016-08-06,2016,8,0,,BG,32.5,,,,IBTRACS_ERA5,OBS,0,32.5,327.5,,,6410.706625799502,test,-0.5372996083468242,0.8433914458128855,-0.8660254037844385,-0.5000000000000004,8.318038940429688,-1.1756820678710938,219.40835571289065,1.7893991753226146e-05,14.030905723571776,9.85788345336914,-5.658420562744141,238.93362426757807,0.0001873829314718,26.5664005279541,2.7309799194335938,-2.668498992919922,264.41485595703125,0.0008364429813809,21.17997360229492,-1.0742340087890625,0.6870269775390625,281.98687744140625,0.003084781114012,30.40428733825684,-1.407806396484375,-1.7603683471679688,285.5633850097656,0.0079598389565944,75.04524230957031,1.216236523760017e-05,2.9751459805993363e-05,9.743404388427734,3.684972286224365,-2.1151885986328125,3.269760782131925e-05,7.101398659870028e-05,31.26991271972656,6.752481460571289
NEG_20160806_01289,,,2016-08-06 00:00:00,2016-08-06,2016,8,0,,BG,15.0,,,,IBTRACS_ERA5,OBS,0,15.0,25.0,,,12500.24166023126,test,0.4226182617406994,0.90630778703665,-0.8660254037844385,-0.5000000000000004,-16.827224731445312,1.1120376586914062,221.5811462402344,4.030114723718725e-05,24.44598388671875,-8.86538314819336,-1.2961158752441406,243.39138793945312,0.000422404060373,38.99571228027344,-11.359962463378906,2.650226593017578,268.2689819335937,0.0031085421796888,58.49598693847656,-8.718765258789062,2.4425201416015625,284.4716186523437,0.0078326491639018,65.30204772949219,-1.029632568359375,3.8899002075195312,293.8620910644531,0.0134871266782283,74.65242767333984,1.5209979210339952e-05,2.2810550035501365e-06,16.03996467590332,-9.360193252563477,1.7597137689590454,1.811094261938706e-05,2.1789335733046755e-05,66.06063842773438,3.863477945327759
NEG_20160806_02171,,,2016-08-06 00:00:00,2016-08-06,2016,8,0,,BG,37.5,,,,IBTRACS_ERA5,OBS,0,37.5,270.0,,,2138.623975996385,test,-1.0,-1.8369701987210294e-16,-0.8660254037844385,-0.5000000000000004,8.527023315429688,4.243141174316406,221.82296752929688,7.986652781255543e-05,47.09799957275391,6.028415679931641,1.2431907653808594,243.83328247070312,0.0006802015705034,60.23892974853516,5.563865661621094,-2.350994110107422,268.65399169921875,0.0033524145837873,61.27323913574219,6.7321624755859375,-2.938583374023437,283.3031616210937,0.0073766433633863,66.51099395751953,3.947906494140625,-1.4223556518554688,292.1531066894531,0.0138675235211849,85.43712615966797,3.524028898027609e-06,-1.622435411263723e-05,7.2846527099609375,6.15987491607666,-0.2451202422380447,9.967765436158516e-06,2.477245061527356e-06,53.215553283691406,2.214383125305176
NEG_20160806_04475,,,2016-08-06 00:00:00,2016-08-06,2016,8,0,,BG,42.5,,,,IBTRACS_ERA5,OBS,0,42.5,302.5,,,4430.924806629835,test,-0.8433914458128857,0.5372996083468239,-0.8660254037844385,-0.5000000000000004,20.562911987304688,-22.812278747558597,220.0572204589844,4.094003452337347e-05,29.7143669128418,13.71579360961914,-10.37009048461914,239.2850646972656,0.0002869208401534,39.29975509643555,8.513328552246094,-3.479534149169922,264.6537475585937,0.0006099452730268,15.15894889831543,6.0034027099609375,3.5273590087890625,277.6488647460937,0.0033316039480268,44.31868362426758,4.220611572265625,7.912727355957031,285.6853332519531,0.0070095025002956,65.55499267578125,-2.011550350289326e-05,-9.199706255458295e-06,34.80081558227539,10.603209495544434,-5.044363498687744,1.739345862006303e-05,1.893553780973889e-05,43.36971282958984,4.412677764892578
IBT_2016230N12328_2016081618,2016230N12328,FIONA,2016-08-16 18:00:00,2016-08-16,2016,8,18,,TS,12.0,327.79998779296875,25.0,1009.0,IBTRACS_ERA5,OBS,1,12.0,327.79998779296875,2016230N12328,FIONA,0.0,test,-0.5328764563546151,0.8461930525967156,-0.8660254037844385,-0.5000000000000004,-5.979343414306641,1.9849510192871092,220.14495849609372,7.726109470240772e-05,55.49563217163086,-9.603378295898438,-2.302143096923828,243.60369873046875,0.0002160825533792,19.55362319946289,-14.702033996582031,-2.498180389404297,267.8407897949219,0.003032048465684,58.94238662719727,-13.48586654663086,-4.929050445556641,284.0044860839844,0.0075511652976274,64.95252990722656,-6.333953857421875,-4.514011383056641,291.20025634765625,0.0089408550411462,58.50703048706055,2.8938975447090343e-05,1.5014343262009788e-05,6.50862979888916,-10.020915031433104,-2.45168685913086,4.212011117488146e-05,3.976543302997016e-05,58.58481979370117,4.086910724639893
NEG_20160816_01713,,,2016-08-16 00:00:00,2016-08-16,2016,8,0,,BG,35.0,,,,IBTRACS_ERA5,OBS,0,35.0,270.0,,,6326.083206319903,test,-1.0,-1.8369701987210294e-16,-0.8660254037844385,-0.5000000000000004,8.28640365600586,5.509365081787109,220.12060546875,7.637866656295955e-05,55.020469665527344,6.1729888916015625,6.708477020263672,243.412109375,0.0007350899977609,67.7300033569336,6.863639831542969,9.767200469970703,267.3807067871094,0.0046038306318223,92.69154357910156,7.929172515869141,11.92251205444336,281.3764343261719,0.0083897728472948,86.20391845703125,6.028472900390625,10.44771957397461,290.17559814453125,0.0124611649662256,87.04413604736328,1.8146747606806457e-06,-2.3032675017020665e-05,5.4300642013549805,7.056135654449463,8.871054649353027,4.9573769501876086e-05,4.444144724402577e-05,68.23113250732422,1.74453604221344
NEG_20160816_02130,,,2016-08-16 00:00:00,2016-08-16,2016,8,0,,BG,40.0,,,,IBTRACS_ERA5,OBS,0,40.0,290.0,,,4833.873146869216,test,-0.9396926207859084,0.342020143325669,-0.8660254037844385,-0.5000000000000004,11.01150131225586,-6.224521636962891,218.57421875,4.345641718828119e-05,37.66287612915039,11.183242797851562,0.2973442077636719,242.401123046875,0.0002203144831582,22.338266372680664,14.375846862792969,-1.2996940612792969,266.7229919433594,0.0027942333836108,59.1635856628418,12.03171157836914,-3.1802711486816406,281.5165710449219,0.0066768545657396,67.95071411132812,4.371734619140625,-3.00418472290039,289.66436767578125,0.0088200364261865,63.66110229492188,-1.929846257553436e-05,-2.7631856937659904e-05,7.37950325012207,10.594807624816896,-2.682265520095825,1.005006106424844e-05,-7.442217793141026e-06,48.960975646972656,1.6903996467590332
NEG_20160816_02739,,,2016-08-16 00:00:00,2016-08-16,2016,8,0,,BG,35.0,,,,IBTRACS_ERA5,OBS,0,35.0,272.5,,,6101.608652940167,test,-0.9990482215818578,0.0436193873653357,-0.8660254037844385,-0.5000000000000004,-1.1061744689941406,-2.07217788696289,220.2335205078125,4.795936183654703e-05,34.08888244628906,0.3814849853515625,1.292705535888672,243.0560302734375,0.0003771864576265,35.94113540649414,3.9466476440429688,7.081165313720703,267.3593444824219,0.0025421355385333,51.26583480834961,5.525852203369141,9.75405502319336,281.7065124511719,0.0070365983992815,70.6904067993164,4.598785400390625,9.48507308959961,290.63238525390625,0.012187460437417,82.68553924560547,-2.0069070160388947e-05,-2.5611481760279275e-05,12.888623237609863,2.6693191528320312,5.108164310455322,4.9573769501876086e-05,4.444144724402577e-05,69.77079010009766,1.74453604221344
NEG_20160816_04484,,,2016-08-16 00:00:00,2016-08-16,2016,8,0,,BG,40.0,,,,IBTRACS_ERA5,OBS,0,40.0,322.5,,,3156.656029005058,test,-0.608761429008721,0.7933533402912349,-0.8660254037844385,-0.5000000000000004,33.04397201538086,-6.865634918212891,220.1533203125,5.142807276570238e-05,36.90349197387695,24.58168029785156,-5.327167510986328,241.908203125,0.0002205268247053,23.43561553955078,18.45665740966797,-3.456432342529297,266.7635192871094,0.0024383340496569,51.46759414672852,16.27536392211914,-4.569919586181641,282.2433776855469,0.0074081439524888,71.75518798828125,15.166656494140623,-3.36539077758789,289.88165283203125,0.0106778535991907,76.00399017333984,5.945817974861711e-06,-2.4641693016747013e-05,18.216753005981445,21.504863739013672,-4.716908931732178,3.3351261663483456e-05,1.6436652003903873e-05,65.1964111328125,5.6795268058776855
IBT_2016230N12328_2016081700,2016230N12328,FIONA,2016-08-17 00:00:00,2016-08-17,2016,8,0,,TS,12.399999618530272,326.3999938964844,30.0,1008.0,IBTRACS_ERA5,OBS,1,12.399999618530272,326.3999938964844,2016230N12328,FIONA,0.0,test,-0.5533916379714787,0.832921181759261,-0.8660254037844385,-0.5000000000000004,-7.207313537597656,1.7694358825683594,220.2017364501953,5.928100290475413e-05,42.29511642456055,-9.479900360107422,5.093280792236328,243.75180053710935,0.0002990963112097,26.69150733947754,-5.323707580566406,8.066455841064453,267.756591796875,0.0044219545088708,86.51445007324219,-2.4757118225097656,9.44098663330078,283.4672241210937,0.0086465543136,77.10519409179688,-1.07562255859375,8.016681671142578,290.9596252441406,0.0130762560293078,86.88646697998047,2.849868178600445e-05,1.345996315649245e-05,8.75361156463623,-5.112451076507568,6.477368354797363,3.6708755942527205e-05,4.31478038080968e-05,65.1484146118164,4.678465843200684
IBT_2016230N12328_2016081706,2016230N12328,FIONA,2016-08-17 06:00:00,2016-08-17,2016,8,6,,TS,12.899999618530272,325.20001220703125,30.0,1008.0,IBTRACS_ERA5,OBS,1,12.899999618530272,325.20001220703125,2016230N12328,FIONA,0.0,test,-0.5707133927362094,0.8211493307258585,-0.8660254037844385,-0.5000000000000004,-7.742591857910156,-1.4659156799316406,220.4790802001953,7.953983003972098e-05,54.91691207885742,-8.425823211669922,3.456562042236328,243.2730407714844,0.000529796059709,49.45883560180664,-3.3354263305664062,6.038013458251953,267.98272705078125,0.004466479178518,85.89546966552734,-3.0290565490722656,6.157295227050781,283.0057983398437,0.0091198440641164,83.89307403564453,-0.1177978515625,3.535724639892578,289.9537658691406,0.0119185848161578,84.44438934326172,3.6708755942527205e-05,4.31478038080968e-05,9.11887550354004,-4.530138969421387,3.5443358421325684,3.6708755942527205e-05,4.31478038080968e-05,64.36080169677734,4.678465843200684
IBT_2016230N12328_2016081712,2016230N12328,FIONA,2016-08-17 12:00:00,2016-08-17,2016,8,12,,TS,13.699999809265137,324.0,35.0,1007.0,IBTRACS_ERA5,OBS,1,13.699999809265137,324.0,2016230N12328,FIONA,0.0,test,-0.5877852522924734,0.8090169943749473,-0.8660254037844385,-0.5000000000000004,-7.742591857910156,-1.4659156799316406,220.4790802001953,7.953983003972098e-05,54.91691207885742,-8.425823211669922,3.456562042236328,243.2730407714844,0.000529796059709,49.45883560180664,-3.3354263305664062,6.038013458251953,267.98272705078125,0.004466479178518,85.89546966552734,-3.0290565490722656,6.157295227050781,283.0057983398437,0.0091198440641164,83.89307403564453,-0.1177978515625,3.535724639892578,289.9537658691406,0.0119185848161578,84.44438934326172,3.6708755942527205e-05,4.31478038080968e-05,9.11887550354004,-4.530138969421387,3.5443358421325684,3.6708755942527205e-05,4.31478038080968e-05,64.36080169677734,4.678465843200684
IBT_2016230N12328_2016081718,2016230N12328,FIONA,2016-08-17 18:00:00,2016-08-17,2016,8,18,,TS,14.5,322.70001220703125,35.0,1007.0,IBTRACS_ERA5,OBS,1,14.5,322.70001220703125,2016230N12328,FIONA,0.0,test,-0.6059882307877759,0.7954736099624559,-0.8660254037844385,-0.5000000000000004,-7.014564514160156,1.6947288513183594,220.5409698486328,5.764443631051108e-05,39.50970077514648,-5.232463836669922,-1.695781707763672,243.28890991210935,0.0002817811619024,26.26618194580078,-10.009742736816406,-0.5247306823730469,268.1517944335937,0.0030281892977654,57.49266052246094,-13.405765533447266,-1.4884567260742188,283.36590576171875,0.007714545354247,69.26451110839844,-11.8397216796875,-2.230876922607422,289.0379943847656,0.0121330423280596,91.17400360107422,3.566085797501728e-05,2.557847255957313e-05,6.220331192016602,-9.500452041625977,-0.8490234613418579,3.6708755942527205e-05,4.31478038080968e-05,53.104488372802734,6.220331192016602
NEG_20160817_00565,,,2016-08-17 00:00:00,2016-08-17,2016,8,0,,BG,50.0,,,,IBTRACS_ERA5,OBS,0,50.0,292.5,,,4797.258730308633,test,-0.9238795325112866,0.38268343236509,-0.8660254037844385,-0.5000000000000004,46.23397064208984,3.59414291381836,219.4075469970703,3.1907333323033527e-05,25.021352767944336,24.34053421020508,-1.000469207763672,234.74752807617188,0.0002696665178518,58.17402267456055,7.117698669433594,-2.435375213623047,260.09356689453125,0.0011315396986901,40.431434631347656,5.824214935302734,-2.4318161010742188,273.59539794921875,0.0037109614349901,65.93505859375,1.657958984375,-0.8575859069824219,284.3692932128906,0.0072565479204058,74.06118774414062,-3.730596745299408e-06,-1.6608546502538957e-06,44.79775238037109,17.034875869750977,-0.626220703125,4.928262933390215e-05,3.0755207262700424e-05,69.02047729492188,20.611223220825195
NEG_20160817_00791,,,2016-08-17 00:00:00,2016-08-17,2016,8,0,,BG,12.5,,,,IBTRACS_ERA5,OBS,0,12.5,12.5,,,4998.870637097128,test,0.2164396139381028,0.9762960071199334,-0.8660254037844385,-0.5000000000000004,-4.574867248535156,0.2220726013183593,220.8655548095703,5.97697107878048e-05,39.42842864990234,-3.421916961669922,1.492572784423828,242.82876586914065,0.0003549533139448,34.55792617797852,-11.605445861816406,2.674488067626953,267.14117431640625,0.0028872317634522,59.20439529418945,-7.165287017822266,1.1831741333007812,283.50762939453125,0.0070410282351076,62.6176643371582,-1.70074462890625,0.4694404602050781,293.1175842285156,0.0131642026826739,76.33412170410156,5.269028406473808e-06,-5.8538707889965735e-06,2.8847482204437256,-5.693652153015137,1.208349585533142,5.961502665741136e-06,1.4190254660206849e-05,62.91029739379883,0.8835165500640869
NEG_20160817_00860,,,2016-08-17 00:00:00,2016-08-17,2016,8,0,,BG,15.0,,,,IBTRACS_ERA5,OBS,0,15.0,12.5,,,4980.111237076142,test,0.2164396139381028,0.9762960071199334,-0.8660254037844385,-0.5000000000000004,-2.340003967285156,3.56924057006836,221.4309844970703,4.184035788057372e-05,25.829099655151367,-3.131389617919922,0.8759956359863281,242.32589721679688,0.0002242663904326,22.902299880981445,-8.055641174316406,1.5162849426269531,267.03973388671875,0.0023531815968453,48.62950897216797,-9.577884674072266,1.2095413208007812,284.42694091796875,0.0066817170009016,55.872928619384766,-2.8687744140625,1.975421905517578,294.8624572753906,0.0124473376199603,64.74736022949219,1.3769462157142698e-06,-1.3531085642171092e-05,1.679242730140686,-5.194738864898682,1.829296827316284,6.182724064274225e-06,1.4056957297725605e-05,58.6129150390625,0.305734783411026
NEG_20160817_01110,,,2016-08-17 00:00:00,2016-08-17,2016,8,0,,BG,12.5,,,,IBTRACS_ERA5,OBS,0,12.5,292.5,,,3270.5628581316028,test,-0.9238795325112866,0.38268343236509,-0.8660254037844385,-0.5000000000000004,-3.926918029785156,1.4933128356933594,219.0866241455078,3.862589437630959e-05,31.476215362548828,-8.324138641357422,-1.148906707763672,241.7206115722656,0.0001366065989714,14.780133247375488,-7.749366760253906,-1.2189445495605469,268.8712158203125,0.0005550733767449,9.980224609375,-10.771854400634766,0.1618118286132812,284.97821044921875,0.0027887583710253,22.47872734069824,-9.95220947265625,1.737995147705078,291.4273986816406,0.0095155639573931,61.37712478637695,7.99263216322288e-06,-7.656548405066133e-06,6.030257701873779,-8.1448974609375,0.2050537168979644,2.796368244162295e-05,4.511929091677303e-06,42.58271026611328,2.241858720779419
IBT_2016230N12328_2016081800,2016230N12328,FIONA,2016-08-18 00:00:00,2016-08-18,2016,8,0,,TS,15.199999809265137,321.5,35.0,1007.0,IBTRACS_ERA5,OBS,1,15.199999809265137,321.5,2016230N12328,FIONA,0.0,test,-0.6225146366376196,0.7826081568524138,-0.8660254037844385,-0.5000000000000004,-6.648983001708984,5.121944427490234,219.84576416015625,5.521142884390429e-05,41.092166900634766,-4.768341064453125,5.673362731933594,244.16981506347656,0.000224690826144,19.28096389770508,-1.1245880126953125,6.194690704345703,267.5551452636719,0.0037815505638718,75.12940216064453,1.148090362548828,10.222270965576172,283.6464538574219,0.0081961108371615,72.21340942382812,-0.5639152526855469,9.10391616821289,291.02117919921875,0.0127285430207848,84.24574279785156,2.390085137449205e-05,2.046354165941011e-05,7.272148609161377,-2.391547441482544,7.263236999511719,4.667440225603059e-05,2.989370113937184e-05,64.49000549316406,4.277500152587891
IBT_2016230N12328_2016081806,2016230N12328,FIONA,2016-08-18 06:00:00,2016-08-18,2016,8,6,,TS,15.699999809265137,320.6000061035156,40.0,1006.0,IBTRACS_ERA5,OBS,1,15.699999809265137,320.6000061035156,2016230N12328,FIONA,0.0,test,-0.6347304308857046,0.7727336411129309,-0.8660254037844385,-0.5000000000000004,-6.965633392333984,5.702754974365234,220.06304931640625,5.046727164881304e-05,36.60391998291016,-3.805938720703125,-0.4081802368164062,243.6515045166016,0.0002039446844719,18.372468948364254,1.1849822998046875,0.4551887512207031,268.6665954589844,0.0021446729078888,39.16161346435547,1.231830596923828,1.799175262451172,283.2680358886719,0.0086813233792781,78.45989227294922,1.7083015441894531,0.1337013244628906,290.7987670898437,0.0127034494653344,85.27764892578125,4.667440225603059e-05,2.392099486314692e-05,10.30783748626709,-1.329291582107544,1.5365279912948608,4.667440225603059e-05,2.989370113937184e-05,63.72940826416016,4.277500152587891
IBT_2016230N12328_2016081812,2016230N12328,FIONA,2016-08-18 12:00:00,2016-08-18,2016,8,12,,TS,16.100000381469727,319.8999938964844,40.0,1006.0,IBTRACS_ERA5,OBS,1,16.100000381469727,319.8999938964844,2016230N12328,FIONA,0.0,test,-0.6441237112457395,0.7649213323022278,-0.8660254037844385,-0.5000000000000004,-6.965633392333984,5.702754974365234,220.06304931640625,5.046727164881304e-05,36.60391998291016,-3.805938720703125,-0.4081802368164062,243.6515045166016,0.0002039446844719,18.372468948364254,1.1849822998046875,0.4551887512207031,268.6665954589844,0.0021446729078888,39.16161346435547,1.231830596923828,1.799175262451172,283.2680358886719,0.0086813233792781,78.45989227294922,1.7083015441894531,0.1337013244628906,290.7987670898437,0.0127034494653344,85.27764892578125,4.667440225603059e-05,2.392099486314692e-05,10.30783748626709,-1.329291582107544,1.5365279912948608,4.667440225603059e-05,2.989370113937184e-05,63.72940826416016,4.277500152587891
IBT_2016230N12328_2016081818,2016230N12328,FIONA,2016-08-18 18:00:00,2016-08-18,2016,8,18,,TS,16.5,319.20001220703125,40.0,1005.0,IBTRACS_ERA5,OBS,1,16.5,319.20001220703125,2016230N12328,FIONA,0.0,test,-0.6534204427101086,0.7569951948648853,-0.8660254037844385,-0.5000000000000004,-0.5752525329589844,5.809200286865234,220.44915771484372,6.946345820324495e-05,48.12974166870117,-2.085235595703125,-0.2536392211914062,243.3137359619141,0.0003328844322822,30.957178115844727,-7.989089965820312,4.395374298095703,268.2747497558594,0.0045743519440293,86.04169464111328,-11.358257293701172,3.213726043701172,283.0817565917969,0.009427186101675,86.27711486816406,-11.835399627685549,3.17325210571289,290.35662841796875,0.0138194868341088,95.42205047607422,3.72134309145622e-05,2.989370113937184e-05,11.564563751220703,-6.768647193908691,3.267582654953003,4.667440225603059e-05,2.989370113937184e-05,58.53471755981445,4.277500152587891
NEG_20160818_00110,,,2016-08-18 00:00:00,2016-08-18,2016,8,0,,BG,17.5,,,,IBTRACS_ERA5,OBS,0,17.5,260.0,,,6269.503071874247,test,-0.984807753012208,-0.1736481776669303,-0.8660254037844385,-0.5000000000000004,-8.360164642333984,-11.535037994384766,220.52508544921875,7.824862404959276e-05,53.73258972167969,-8.295928955078125,-6.356910705566406,243.3713531494141,0.0005834511830471,53.96512985229492,-7.629470825195312,0.2891731262207031,268.5556335449219,0.0039317244663834,72.39785766601562,-6.342632293701172,3.843120574951172,283.0094909667969,0.0084125660359859,77.3675765991211,-4.334911346435547,2.18814468383789,292.46795654296875,0.0128079364076256,77.35958862304688,-1.7499605746706948e-05,1.3685197473023436e-06,14.301342964172363,-6.992621421813965,-2.3143019676208496,1.8568138330010697e-05,2.141239383490756e-05,75.6757583618164,0.1631234437227249
NEG_20160818_00892,,,2016-08-18 00:00:00,2016-08-18,2016,8,0,,BG,37.5,,,,IBTRACS_ERA5,OBS,0,37.5,7.5,,,5143.405661774822,test,0.1305261922200515,0.9914448613738104,-0.8660254037844385,-0.5000000000000004,14.116275787353516,-20.517093658447266,217.65533447265625,3.739941894309595e-05,36.23008728027344,14.013153076171877,-14.989845275878906,237.3500518798828,0.0002681183977983,44.46628189086914,11.782638549804688,-8.785533905029297,264.4547424316406,0.0017136270180344,43.25636291503906,5.757587432861328,-6.191425323486328,280.3339538574219,0.0041005415841937,45.25472259521485,2.607715606689453,-2.8012351989746094,292.51544189453125,0.0058088013902306,34.98035430908203,-1.123951642512111e-05,-1.0414075859443983e-06,21.12578010559082,9.655473709106444,-10.657026290893556,1.2281578165129758e-05,2.791416773106903e-05,55.11411666870117,7.698400974273682
NEG_20160818_01493,,,2016-08-18 00:00:00,2016-08-18,2016,8,0,,BG,25.0,,,,IBTRACS_ERA5,OBS,0,25.0,355.0,,,3652.394423169061,test,-0.0871557427476583,0.9961946980917455,-0.8660254037844385,-0.5000000000000004,4.696475982666016,-6.758670806884766,219.46856689453125,3.167318209307268e-05,24.657350540161133,-2.586212158203125,-5.363746643066406,239.70008850097656,9.784095891518518e-05,12.868518829345703,-3.794998168945313,-4.046276092529297,265.0804138183594,0.0017831112490966,42.86576461791992,-1.389263153076172,-0.4435005187988281,286.9701843261719,0.0045578135177493,32.21119689941406,0.2966804504394531,3.75870132446289,302.5726928710937,0.0050983736291527,16.6560115814209,2.639098602230661e-05,-1.5990860902093118e-06,11.40058422088623,-0.555463433265686,-2.570698499679565,2.639098602230661e-05,8.514106411894318e-06,43.412384033203125,2.0978753566741943
IBT_2016230N12328_2016081900,2016230N12328,FIONA,2016-08-19 00:00:00,2016-08-19,2016,8,0,,TS,16.899999618530273,318.5,45.0,1004.0,IBTRACS_ERA5,OBS,1,16.899999618530273,318.5,2016230N12328,FIONA,0.0,test,-0.6626200482157378,0.7489557207890019,-0.8660254037844385,-0.5000000000000004,1.0305252075195312,2.7751693725585938,219.6968536376953,6.01264437136706e-05,45.55060958862305,0.0682830810546875,1.2214279174804688,243.7797698974609,0.0006687330314889,59.52153396606445,-1.157123565673828,5.821750640869141,267.94415283203125,0.003775967285037,72.82933044433594,-0.9673690795898438,2.49951171875,284.4317321777344,0.0080100409686565,66.95902252197266,-3.94989013671875,2.7693443298339844,291.291015625,0.0140285696834325,91.27274322509766,5.156713450560346e-05,1.848219653766137e-05,4.980418682098389,-0.9951149225234984,3.017440795898437,5.156713450560346e-05,2.6874313334701583e-05,55.16343688964844,1.9753769636154173
IBT_2016230N12328_2016081906,2016230N12328,FIONA,2016-08-19 06:00:00,2016-08-19,2016,8,6,,TS,17.299999237060547,317.70001220703125,45.0,1004.0,IBTRACS_ERA5,OBS,1,17.299999237060547,317.70001220703125,2016230N12328,FIONA,0.0,test,-0.673012355929218,0.7396312383658518,-0.8660254037844385,-0.5000000000000004,1.0305252075195312,2.7751693725585938,219.6968536376953,6.01264437136706e-05,45.55060958862305,0.0682830810546875,1.2214279174804688,243.7797698974609,0.0006687330314889,59.52153396606445,-1.157123565673828,5.821750640869141,267.94415283203125,0.003775967285037,72.82933044433594,-0.9673690795898438,2.49951171875,284.4317321777344,0.0080100409686565,66.95902252197266,-3.94989013671875,2.7693443298339844,291.291015625,0.0140285696834325,91.27274322509766,5.156713450560346e-05,1.848219653766137e-05,4.980418682098389,-0.9951149225234984,3.017440795898437,5.156713450560346e-05,2.6874313334701583e-05,55.16343688964844,1.9753769636154173
IBT_2016230N12328_2016081912,2016230N12328,FIONA,2016-08-19 12:00:00,2016-08-19,2016,8,12,,TS,17.700000762939453,316.8999938964844,40.0,1005.0,IBTRACS_ERA5,OBS,1,17.700000762939453,316.8999938964844,2016230N12328,FIONA,0.0,test,-0.6832738514623856,0.7301622038340233,-0.8660254037844385,-0.5000000000000004,1.0305252075195312,2.7751693725585938,219.6968536376953,6.01264437136706e-05,45.55060958862305,0.0682830810546875,1.2214279174804688,243.7797698974609,0.0006687330314889,59.52153396606445,-1.157123565673828,5.821750640869141,267.94415283203125,0.003775967285037,72.82933044433594,-0.9673690795898438,2.49951171875,284.4317321777344,0.0080100409686565,66.95902252197266,-3.94989013671875,2.7693443298339844,291.291015625,0.0140285696834325,91.27274322509766,5.156713450560346e-05,1.848219653766137e-05,4.980418682098389,-0.9951149225234984,3.017440795898437,5.156713450560346e-05,2.6874313334701583e-05,55.16343688964844,1.9753769636154173
IBT_2016230N12328_2016081918,2016230N12328,FIONA,2016-08-19 18:00:00,2016-08-19,2016,8,18,,TS,18.0,316.1000061035156,40.0,1006.0,IBTRACS_ERA5,OBS,1,18.0,316.1000061035156,2016230N12328,FIONA,0.0,test,-0.6934017515180619,0.7205511855459568,-0.8660254037844385,-0.5000000000000004,-3.3599777221679688,8.826805114746094,219.6164093017578,5.166444316273555e-05,39.51704788208008,1.0212860107421875,3.5784835815429688,243.3940887451172,0.0001579100207891,14.57430648803711,-0.4734077453613281,1.3515357971191406,268.3284912109375,0.0016518884804099,30.94504737854004,0.8102188110351562,-5.935791015625,283.7144470214844,0.0062441644258797,54.76484298706055,-2.30572509765625,-6.887149810791016,290.5894775390625,0.0128485765308141,87.40962219238281,3.667831333586946e-05,2.6874313334701583e-05,15.749279975891112,-0.8615211248397827,0.186776727437973,5.156713450560346e-05,2.6874313334701583e-05,53.06792068481445,4.980418682098389
NEG_20160819_00295,,,2016-08-19 00:00:00,2016-08-19,2016,8,0,,BG,20.0,,,,IBTRACS_ERA5,OBS,0,20.0,30.0,,,7491.62088232699,test,0.4999999999999999,0.8660254037844387,-0.8660254037844385,-0.5000000000000004,-9.322868347167969,-1.7247085571289062,223.2700958251953,1.3433188541966956e-05,6.700910568237305,-5.2209014892578125,-3.9464187622070312,244.0909881591797,4.345420893514529e-05,3.75646710395813,1.241191864013672,-3.48781967163086,268.9818115234375,0.0002791935112327,4.978212356567383,10.962074279785156,0.943603515625,283.8658142089844,0.0035860356874763,31.133811950683597,3.64520263671875,-4.077823638916016,297.4383544921875,0.0044370498508214,19.70644187927246,-4.707752850663383e-06,9.275958291254938e-06,13.17983341217041,0.2609397768974304,-2.4586334228515625,1.7899648810271174e-05,1.8318853108212352e-05,36.31014251708984,5.139631271362305
NEG_20160819_00332,,,2016-08-19 00:00:00,2016-08-19,2016,8,0,,BG,0.0,,,,IBTRACS_ERA5,OBS,0,0.0,25.0,,,7513.619628689536,test,0.4226182617406994,0.90630778703665,-0.8660254037844385,-0.5000000000000004,-5.117790222167969,-4.976173400878906,220.2910919189453,6.514208507724106e-05,45.98748397827149,-10.687698364257812,-1.6680984497070312,241.7433319091797,0.000148797960719,16.064208984375,-3.321796417236328,0.8071022033691406,266.7252197265625,0.0029212886001914,61.84319686889648,-6.082847595214844,4.574462890625,282.6827087402344,0.0067313727922737,63.28800582885742,1.50506591796875,-0.3629798889160156,292.5628662109375,0.0123670902103185,74.25231170654297,-4.641518387416e-07,1.354559208266437e-05,8.07116985321045,-4.741013526916504,-0.3251373171806335,9.663135642767884e-06,1.4297995221568272e-05,65.44354248046875,1.5168687105178833
NEG_20160819_00862,,,2016-08-19 00:00:00,2016-08-19,2016,8,0,,BG,22.5,,,,IBTRACS_ERA5,OBS,0,22.5,345.0,,,2838.9294734084247,test,-0.2588190451025207,0.9659258262890684,-0.8660254037844385,-0.5000000000000004,11.254524230957031,-5.680274963378906,220.3234405517578,2.1952462702756748e-05,15.43825340270996,8.634567260742188,-7.901252746582031,241.2411346435547,0.0001005107551463,11.386677742004396,-3.323749542236328,-1.5046653747558594,266.2928466796875,0.0010459774639457,22.891891479492188,-4.412193298339844,-1.884521484375,284.5389099121094,0.0075361840426921,62.54888153076172,-5.86529541015625,-2.795352935791016,299.2518310546875,0.0065754856914281,26.171327590942383,-3.626843863457907e-06,-3.033581378986128e-06,17.36119270324707,1.2575706243515017,-3.953213453292847,2.142476660083048e-05,6.729951564921066e-06,43.40103912353516,1.6440081596374512
NEG_20160819_01061,,,2016-08-19 00:00:00,2016-08-19,2016,8,0,,BG,35.0,,,,IBTRACS_ERA5,OBS,0,35.0,17.5,,,6140.28151746761,test,0.3007057995042731,0.9537169507482268,-0.8660254037844385,-0.5000000000000004,21.08020782470703,-1.3580093383789062,222.1249542236328,1.9266528397565708e-05,10.969417572021484,13.395553588867188,-13.119026184082031,235.8370819091797,0.0001511784212198,29.18992805480957,9.789775848388672,-8.41604232788086,265.7635498046875,0.0005260908510535,11.99415111541748,5.294349670410156,-4.425048828125,280.7935485839844,0.0020345565862953,21.75580406188965,3.14349365234375,-4.249698638916016,290.2874755859375,0.0076282229274511,52.90522766113281,3.196086026946432e-06,1.8654580344446003e-05,18.168312072753903,10.54067611694336,-6.313565254211426,1.6243844584096223e-05,3.194873715983704e-05,42.363616943359375,13.376250267028809
NEG_20160819_02183,,,2016-08-19 00:00:00,2016-08-19,2016,8,0,,BG,47.5,,,,IBTRACS_ERA5,OBS,0,47.5,12.5,,,5953.223950822857,test,0.2164396139381028,0.9762960071199334,-0.8660254037844385,-0.5000000000000004,17.68689727783203,-14.223365783691406,219.44093322753903,2.200065682700369e-05,17.183979034423828,14.184738159179688,-11.240486145019531,233.9065399169922,0.0002016915095737,47.43642807006836,8.450420379638672,-2.90884017944336,260.66436767578125,0.0013827288057655,47.17544174194336,5.429359436035156,0.716064453125,275.5339050292969,0.0052736517973244,81.49479675292969,1.69757080078125,0.5953941345214844,286.1380615234375,0.0080549027770757,73.1158676147461,7.967205419845413e-07,1.5404559235321358e-05,21.80032539367676,9.489797592163086,-5.4122467041015625,1.8892696971306577e-05,2.008745832426939e-05,56.79729843139648,9.277541160583496
NEG_20160819_04030,,,2016-08-19 00:00:00,2016-08-19,2016,8,0,,BG,7.5,,,,IBTRACS_ERA5,OBS,0,7.5,305.0,,,1675.5490752867572,test,-0.8191520442889918,0.573576436351046,-0.8660254037844385,-0.5000000000000004,-8.823600769042969,-0.2498550415039062,219.3196563720703,5.644120028591715e-05,44.72806167602539,-3.984573364257813,1.1361007690429688,242.6705780029297,7.98391192802228e-05,7.890515327453613,-4.622577667236328,0.2563209533691406,267.362548828125,0.0007578039076179,15.278470039367676,-4.365074157714844,1.79296875,282.8816833496094,0.0042462763376533,39.38996887207031,-3.04010009765625,2.4627037048339844,291.8619384765625,0.0083375182002782,52.319820404052734,-2.9642092158610467e-06,-1.2167775821581016e-05,6.38802433013916,-4.967185020446777,1.0796477794647217,7.480159183614887e-06,-1.3029284673393704e-07,43.39388656616211,0.9833394885063172
NEG_20160819_04252,,,2016-08-19 00:00:00,2016-08-19,2016,8,0,,BG,32.5,,,,IBTRACS_ERA5,OBS,0,32.5,335.0,,,2399.1280741401624,test,-0.4226182617406992,0.90630778703665,-0.8660254037844385,-0.5000000000000004,-0.7413253784179688,-1.1229019165039062,219.4409942626953,1.9588298528105952e-05,15.299649238586426,-4.4157257080078125,-2.1117019653320312,239.8944549560547,0.0001144470588769,14.770134925842283,3.801982879638672,0.0759010314941406,268.3228759765625,0.000454177847132,8.511795997619629,1.6901016235351562,-0.70556640625,283.2764587402344,0.0047192689962685,42.62752914428711,0.20062255859375,-1.0040931701660156,289.6011962890625,0.0101900305598974,73.8482666015625,-1.7198659406858496e-05,-2.2469232135335915e-05,0.9494110941886902,0.1071311980485916,-0.9736725091934204,1.929798054334242e-05,1.7611318980925716e-05,33.83955001831055,0.9494110941886902
IBT_2016230N12328_2016082000,2016230N12328,FIONA,2016-08-20 00:00:00,2016-08-20,2016,8,0,,TS,18.5,315.1000061035156,40.0,1005.0,IBTRACS_ERA5,OBS,1,18.5,315.1000061035156,2016230N12328,FIONA,0.0,test,-0.7058714952217534,0.7083399129185127,-0.8660254037844385,-0.5000000000000004,0.5376396179199219,1.3982582092285156,219.4076690673828,4.6274533815449104e-05,36.28742599487305,0.1757926940917968,-2.3159942626953125,243.51657104492188,0.0003692321770358,33.68739700317383,-1.1560821533203125,5.955287933349609,268.0575256347656,0.0019963011145591,38.17361068725586,-1.5211868286132812,5.288936614990234,284.5748291015625,0.004730365704745,39.16716384887695,-1.436809539794922,4.824516296386719,291.6007385253906,0.0130725363269448,83.39950561523438,1.966478885151446e-05,1.36299422592856e-06,3.9544525146484375,-0.6801292300224304,3.030200958251953,4.759470175486058e-05,2.1555859348154627e-05,50.63924789428711,1.3594564199447632
IBT_2016230N12328_2016082006,2016230N12328,FIONA,2016-08-20 06:00:00,2016-08-20,2016,8,6,,TS,19.200000762939453,313.8999938964844,40.0,1005.0,IBTRACS_ERA5,OBS,1,19.200000762939453,313.8999938964844,2016230N12328,FIONA,0.0,test,-0.7205511855459571,0.6934017515180617,-0.8660254037844385,-0.5000000000000004,8.222942352294922,4.813053131103516,219.8383331298828,7.57574089220725e-05,56.43374633789063,6.544200897216797,0.2670135498046875,242.97384643554688,0.0004091747396159,39.2934455871582,-3.729568481445313,10.66939926147461,267.5871887207031,0.0032804980874061,65.01577758789062,-7.285102844238281,10.974361419677734,283.8109130859375,0.0066593210212886,58.02920150756836,-10.599651336669922,8.352348327636719,290.8414611816406,0.0142718413844704,95.5461883544922,2.011385004152544e-05,1.5552888726233505e-05,19.15245819091797,-1.3694359064102173,7.01523494720459,4.759470175486058e-05,2.1555859348154627e-05,52.00401306152344,1.3594564199447632
IBT_2016230N12328_2016082012,2016230N12328,FIONA,2016-08-20 12:00:00,2016-08-20,2016,8,12,,TS,20.0,312.79998779296875,45.0,1004.0,IBTRACS_ERA5,OBS,1,20.0,312.79998779296875,2016230N12328,FIONA,0.0,test,-0.733730009259791,0.6794411479382352,-0.8660254037844385,-0.5000000000000004,6.947063446044922,6.560611724853516,220.0841827392578,2.851095268852077e-05,20.627212524414062,8.546642303466797,2.0345916748046875,243.00131225585935,0.0001545660488773,14.804615020751951,-1.1826934814453125,1.2487449645996094,268.3623352050781,0.0036000832915306,67.26814270019531,-3.821723937988281,1.4186973571777344,283.3048095703125,0.0079603716731071,71.76615905761719,-6.080120086669922,0.5649948120117188,291.0799865722656,0.0133225182071328,87.84813690185547,4.759470175486058e-05,2.1524767362279817e-05,14.34067440032959,0.8818336725234985,2.365528106689453,4.759470175486058e-05,2.1555859348154627e-05,46.05512237548828,2.8125948905944824
IBT_2016230N12328_2016082018,2016230N12328,FIONA,2016-08-20 18:00:00,2016-08-20,2016,8,18,,TS,20.799999237060547,311.6000061035156,45.0,1004.0,IBTRACS_ERA5,OBS,1,20.799999237060547,311.6000061035156,2016230N12328,FIONA,0.0,test,-0.7477980197728293,0.6639262923125089,-0.8660254037844385,-0.5000000000000004,6.947063446044922,6.560611724853516,220.0841827392578,2.851095268852077e-05,20.627212524414062,8.546642303466797,2.0345916748046875,243.00131225585935,0.0001545660488773,14.804615020751951,-1.1826934814453125,1.2487449645996094,268.3623352050781,0.0036000832915306,67.26814270019531,-3.821723937988281,1.4186973571777344,283.3048095703125,0.0079603716731071,71.76615905761719,-6.080120086669922,0.5649948120117188,291.0799865722656,0.0133225182071328,87.84813690185547,4.759470175486058e-05,2.1524767362279817e-05,14.34067440032959,0.8818336725234985,2.365528106689453,4.759470175486058e-05,2.1555859348154627e-05,46.05512237548828,2.8125948905944824
NEG_20160820_01113,,,2016-08-20 00:00:00,2016-08-20,2016,8,0,,BG,47.5,,,,IBTRACS_ERA5,OBS,0,47.5,355.0,,,4836.302013644189,test,-0.0871557427476583,0.9961946980917455,-0.8660254037844385,-0.5000000000000004,35.17606735229492,-0.3334312438964844,224.6428985595703,9.986015356844293e-06,4.25983476638794,38.6696891784668,1.2611541748046875,230.58932495117188,0.0001147128787124,38.20284652709961,25.983810424804688,2.1093406677246094,257.8523254394531,0.0003337039379402,14.327588081359863,18.21099090576172,1.1846885681152344,272.4202880859375,0.0011375765316188,22.019609451293945,14.852741241455078,1.6655807495117188,279.3692932128906,0.0047923782840371,68.71279907226562,-6.863855560368393e-06,3.0327193599077876e-05,20.421401977539062,26.578659057617188,1.177466630935669,7.217580423457548e-05,7.127687422325835e-05,43.02998352050781,1.9907584190368648
NEG_20160820_03142,,,2016-08-20 00:00:00,2016-08-20,2016,8,0,,BG,37.5,,,,IBTRACS_ERA5,OBS,0,37.5,342.5,,,3397.8829012891256,test,-0.300705799504273,0.9537169507482268,-0.8660254037844385,-0.5000000000000004,8.455974578857422,-5.569881439208984,217.89637756347656,3.666957127279602e-05,34.49713134765625,10.670299530029297,-6.3491973876953125,240.1073303222656,0.0002314672165084,29.26005744934082,7.799484252929687,-1.8873634338378904,268.0765686035156,0.0016902684001252,32.27489471435547,7.265556335449219,-1.8430213928222656,281.9425048828125,0.0042829732410609,42.341495513916016,3.595783233642578,-1.8909378051757808,287.3253479003906,0.0087365666404366,73.36512756347656,-1.784411142580211e-05,-1.624003198230639e-05,6.095579147338867,7.557419776916504,-3.508080244064331,-1.0792523426061962e-06,-8.748014806769788e-06,32.488075256347656,1.763254165649414
IBT_2016230N12328_2016082100,2016230N12328,FIONA,2016-08-21 00:00:00,2016-08-21,2016,8,0,,TS,21.5,310.3999938964844,45.0,1004.0,IBTRACS_ERA5,OBS,1,21.5,310.3999938964844,2016230N12328,FIONA,0.0,test,-0.7615383765786403,0.6481198199391599,-0.8660254037844385,-0.5000000000000004,11.504974365234377,-1.7463645935058594,219.72276306152344,3.866024781018496e-05,29.197986602783203,7.691173553466797,-2.523975372314453,242.469482421875,0.0001399058237439,14.093512535095217,-1.8519325256347656,0.8526344299316406,267.4889221191406,0.0017782994545996,35.509010314941406,-7.927898406982422,7.734394073486328,283.5999450683594,0.0067910021170973,60.02062225341797,-10.055927276611328,5.813716888427734,290.88848876953125,0.0136165218427777,90.8865966796875,1.6483223589602858e-05,1.5287720088963397e-05,22.84791755676269,-0.1279220581054687,2.026081085205078,3.0179449822753668e-05,1.5855470337555744e-05,50.2213020324707,3.77327036857605
IBT_2016230N12328_2016082106,2016230N12328,FIONA,2016-08-21 06:00:00,2016-08-21,2016,8,6,,TS,22.100000381469727,308.8999938964844,40.0,1005.0,IBTRACS_ERA5,OBS,1,22.100000381469727,308.8999938964844,2016230N12328,FIONA,0.0,test,-0.7782432154206878,0.6279629747458596,-0.8660254037844385,-0.5000000000000004,11.504974365234377,-1.7463645935058594,219.72276306152344,3.866024781018496e-05,29.197986602783203,7.691173553466797,-2.523975372314453,242.469482421875,0.0001399058237439,14.093512535095217,-1.8519325256347656,0.8526344299316406,267.4889221191406,0.0017782994545996,35.509010314941406,-7.927898406982422,7.734394073486328,283.5999450683594,0.0067910021170973,60.02062225341797,-10.055927276611328,5.813716888427734,290.88848876953125,0.0136165218427777,90.8865966796875,1.6483223589602858e-05,1.5287720088963397e-05,22.84791755676269,-0.1279220581054687,2.026081085205078,3.0179449822753668e-05,1.5855470337555744e-05,50.2213020324707,3.77327036857605
IBT_2016230N12328_2016082112,2016230N12328,FIONA,2016-08-21 12:00:00,2016-08-21,2016,8,12,,TS,22.600000381469727,307.3999938964844,35.0,1006.0,IBTRACS_ERA5,OBS,1,22.600000381469727,307.3999938964844,2016230N12328,FIONA,0.0,test,-0.7944146852370018,0.6073757550971189,-0.8660254037844385,-0.5000000000000004,11.803070068359377,-1.3224143981933594,219.26231384277344,3.897177521139383e-05,31.096668243408203,5.649181365966797,-1.6230964660644531,242.68426513671875,0.0001406210794812,13.879573822021484,-3.4509315490722656,-1.8343772888183596,268.3243103027344,0.0025391750968992,47.581787109375,-5.958171844482422,3.608661651611328,283.5804138183594,0.0049154818989336,43.50132369995117,-7.474384307861328,0.0727500915527343,291.28045654296875,0.0122046368196606,79.45906829833984,3.0179449822753668e-05,6.0017309806426056e-06,19.3278751373291,0.1137527450919151,-0.2196952849626541,3.0179449822753668e-05,1.5855470337555744e-05,42.88298797607422,3.77327036857605
IBT_2016230N12328_2016082118,2016230N12328,FIONA,2016-08-21 18:00:00,2016-08-21,2016,8,18,,TS,23.100000381469727,305.79998779296875,35.0,1006.0,IBTRACS_ERA5,OBS,1,23.100000381469727,305.79998779296875,2016230N12328,FIONA,0.0,test,-0.8110639436162299,0.5849575021877137,-0.8660254037844385,-0.5000000000000004,10.272552490234377,3.4469947814941406,219.10899353027344,4.1020684875547886e-05,33.33821487426758,4.783946990966797,0.9921379089355468,242.603515625,9.567172673996538e-05,9.515625,-1.7669715881347656,-2.56557846069336,268.0917053222656,0.0020602294243872,39.29395294189453,-6.433025360107422,-1.112041473388672,282.8414001464844,0.0033643008209764,31.293487548828125,-6.146015167236328,-3.2263221740722656,290.78350830078125,0.0108685689046978,73.03108215332031,7.5601446951623075e-06,-8.899969543563202e-06,17.722938537597656,0.1420974731445312,-0.4929618835449219,3.0179449822753668e-05,1.5855470337555744e-05,42.12100982666016,3.77327036857605
IBT_2016235N11341_2016082112,2016235N11341,GASTON,2016-08-21 12:00:00,2016-08-21,2016,8,12,,DS,11.0,340.6000061035156,20.0,1009.0,IBTRACS_ERA5,OBS,1,11.0,340.6000061035156,2016235N11341,GASTON,0.0,test,-0.3321610314055465,0.9432226933315396,-0.8660254037844385,-0.5000000000000004,-6.638580322265625,0.6994361877441406,219.93614196777344,8.344894740730524e-05,61.44465637207031,-1.6086311340332031,-1.879199981689453,243.2822265625,0.0007833268027752,73.06368255615234,-1.0875282287597656,-2.17373275756836,268.3484191894531,0.0031671770848333,59.24164962768555,2.017414093017578,-3.784160614013672,282.2535095214844,0.0091244634240865,88.31869506835938,6.690166473388672,-4.050296783447266,290.11798095703125,0.0135579900816082,95.05534362792967,3.142319474136457e-05,1.9502174836816263e-05,14.149750709533691,-0.1254318207502365,-2.237590789794922,5.468150629894808e-05,4.4912492739968e-05,76.1910400390625,3.2761335372924805
IBT_2016235N11341_2016082118,2016235N11341,GASTON,2016-08-21 18:00:00,2016-08-21,2016,8,18,,DS,11.0,338.79998779296875,20.0,1009.0,IBTRACS_ERA5,OBS,1,11.0,338.79998779296875,2016235N11341,GASTON,0.0,test,-0.3616247687163622,0.9323237241703322,-0.8660254037844385,-0.5000000000000004,-6.638580322265625,0.6994361877441406,219.93614196777344,8.344894740730524e-05,61.44465637207031,-1.6086311340332031,-1.879199981689453,243.2822265625,0.0007833268027752,73.06368255615234,-1.0875282287597656,-2.17373275756836,268.3484191894531,0.0031671770848333,59.24164962768555,2.017414093017578,-3.784160614013672,282.2535095214844,0.0091244634240865,88.31869506835938,6.690166473388672,-4.050296783447266,290.11798095703125,0.0135579900816082,95.05534362792967,3.142319474136457e-05,1.9502174836816263e-05,14.149750709533691,-0.1254318207502365,-2.237590789794922,5.468150629894808e-05,4.4912492739968e-05,76.1910400390625,3.2761335372924805
NEG_20160821_03801,,,2016-08-21 00:00:00,2016-08-21,2016,8,0,,BG,7.5,,,,IBTRACS_ERA5,OBS,0,7.5,2.5,,,2434.0290583160804,test,0.043619387365336,0.9990482215818578,-0.8660254037844385,-0.5000000000000004,-16.066802978515625,-1.4475364685058594,220.2621917724609,5.453440826386213e-05,38.63091659545898,-11.819324493408203,-0.4893074035644531,242.56207275390625,0.0003391343634575,33.86371612548828,-8.972049713134766,0.1393775939941406,266.1502990722656,0.0038599842227995,85.41172790527344,-7.601360321044922,-0.2032890319824218,283.0950622558594,0.0078384643420577,71.6728744506836,-2.272968292236328,0.4306602478027344,290.76422119140625,0.0135751860216259,91.3302230834961,9.905817933031358e-06,9.878604032564908e-06,13.921116828918455,-9.346501350402832,-0.3140190243721008,1.2140254511905368e-05,1.936091030074749e-05,68.01730346679688,5.408384323120117
IBT_2016230N12328_2016082200,2016230N12328,FIONA,2016-08-22 00:00:00,2016-08-22,2016,8,0,,TS,23.700000762939453,304.1000061035156,35.0,1007.0,IBTRACS_ERA5,OBS,1,23.700000762939453,304.1000061035156,2016230N12328,FIONA,0.0,test,-0.8280602748996114,0.5606390827735612,-0.8660254037844385,-0.5000000000000004,8.870182037353516,-1.140277862548828,219.1161193847656,3.9532500522909686e-05,32.101295471191406,6.153827667236328,-5.533725738525391,241.9097900390625,0.0001312095409957,13.94166374206543,-4.055858612060547,0.6018180847167969,267.7786560058594,0.0032890141010284,64.24076080322266,-5.686973571777344,5.928455352783203,283.71075439453125,0.0043774805963039,38.402488708496094,-6.098171234130859,4.896945953369141,291.2344970703125,0.0130188018083572,85.00729370117188,6.4907926571322605e-06,6.365844456013292e-07,16.14000129699707,-0.1633987426757812,0.9506431818008424,2.182889875257388e-05,8.313433681905735e-06,53.43083953857422,3.780960321426392
IBT_2016230N12328_2016082206,2016230N12328,FIONA,2016-08-22 06:00:00,2016-08-22,2016,8,6,,TS,24.200000762939453,302.3999938964844,30.0,1008.0,IBTRACS_ERA5,OBS,1,24.200000762939453,302.3999938964844,2016230N12328,FIONA,0.0,test,-0.8443279825817331,0.5358267050357425,-0.8660254037844385,-0.5000000000000004,10.185611724853516,0.5936088562011719,218.99832153320312,4.206569792586379e-05,34.644371032714844,5.614276885986328,-1.9463233947753904,241.1815185546875,0.0001552413887111,17.68814468383789,-4.940868377685547,-0.6279182434082031,268.0225524902344,0.0018329174490645,35.1425895690918,-6.580039978027344,4.100086212158203,283.50885009765625,0.0047522149980068,42.25920104980469,-8.81447982788086,3.8227272033691406,291.5025634765625,0.0124730020761489,80.07086944580078,2.182889875257388e-05,3.1197250791592523e-06,19.272537231445312,-0.9070999026298524,1.1884361505508425,2.182889875257388e-05,8.103908839984797e-06,49.821044921875,3.212106704711914
IBT_2016230N12328_2016082212,2016230N12328,FIONA,2016-08-22 12:00:00,2016-08-22,2016,8,12,,TS,24.5,300.8999938964844,30.0,1008.0,IBTRACS_ERA5,OBS,1,24.5,300.8999938964844,2016230N12328,FIONA,0.0,test,-0.858064960429363,0.5135411606515643,-0.8660254037844385,-0.5000000000000004,9.398990631103516,4.245952606201172,218.89065551757807,3.1763407605467364e-05,26.50004768371582,6.157733917236328,1.1969871520996094,240.885498046875,0.0001721206790534,20.178730010986328,-4.855663299560547,-2.119617462158203,268.7061462402344,0.0010995119810104,20.01712417602539,-5.759239196777344,-0.5366325378417969,283.85260009765625,0.004761304706335,41.37408828735352,-6.103542327880859,-0.4419212341308594,291.1812744140625,0.0119956284761428,78.59146118164062,1.3027716704527847e-05,-3.139447244393523e-06,16.195823669433594,-0.2323440611362457,0.4689536988735199,2.182889875257388e-05,1.4464477317233104e-05,47.18014144897461,3.212106704711914
IBT_2016230N12328_2016082218,2016230N12328,FIONA,2016-08-22 18:00:00,2016-08-22,2016,8,18,,TS,25.0,299.5,30.0,1009.0,IBTRACS_ERA5,OBS,1,25.0,299.5,2016230N12328,FIONA,0.0,test,-0.8703556959398998,0.4924235601034669,-0.8660254037844385,-0.5000000000000004,9.398990631103516,4.245952606201172,218.89065551757807,3.1763407605467364e-05,26.50004768371582,6.157733917236328,1.1969871520996094,240.885498046875,0.0001721206790534,20.178730010986328,-4.855663299560547,-2.119617462158203,268.7061462402344,0.0010995119810104,20.01712417602539,-5.759239196777344,-0.5366325378417969,283.85260009765625,0.004761304706335,41.37408828735352,-6.103542327880859,-0.4419212341308594,291.1812744140625,0.0119956284761428,78.59146118164062,1.3027716704527847e-05,-3.139447244393523e-06,16.195823669433594,-0.2323440611362457,0.4689536988735199,2.182889875257388e-05,1.4464477317233104e-05,47.18014144897461,3.212106704711914
IBT_2016235N11341_2016082200,2016235N11341,GASTON,2016-08-22 00:00:00,2016-08-22,2016,8,0,,DS,11.0,337.0,25.0,1009.0,IBTRACS_ERA5,OBS,1,11.0,337.0,2016235N11341,GASTON,0.0,test,-0.3907311284892739,0.9205048534524404,-0.8660254037844385,-0.5000000000000004,-5.939876556396484,-3.108539581298828,220.34439086914065,5.45575276191812e-05,38.27302932739258,-8.492900848388672,3.71163558959961,243.436767578125,0.0005419414374046,49.81774520874024,-5.612499237060547,5.675060272216797,268.1358337402344,0.0041493326425552,78.87397003173828,-3.814170837402344,5.314685821533203,282.61309814453125,0.0086906515061855,82.09474182128906,1.0146217346191406,6.329319000244141,290.7122802734375,0.0121894031763076,82.27877807617188,3.156781167490408e-05,2.419687007204629e-05,11.72340488433838,-4.568964958190918,3.5844321250915527,4.9340203986503184e-05,3.757668673642911e-05,75.81204223632812,2.1248486042022705
IBT_2016235N11341_2016082206,2016235N11341,GASTON,2016-08-22 06:00:00,2016-08-22,2016,8,6,,DS,11.199999809265137,335.20001220703125,25.0,1009.0,IBTRACS_ERA5,OBS,1,11.199999809265137,335.20001220703125,2016235N11341,GASTON,0.0,test,-0.4194518890415546,0.9077775678983654,-0.8660254037844385,-0.5000000000000004,-4.686946868896484,-8.186176300048828,220.77810668945312,9.005209722090513e-05,60.01969146728516,-7.957988739013672,-0.8889503479003906,243.745849609375,0.0006860691937617,61.2594108581543,-3.554882049560547,1.1455192565917969,268.3482360839844,0.0034071654081344,63.73147964477539,-1.6747665405273438,1.4243049621582031,283.09625244140625,0.0084525607526302,77.28180694580078,2.9482154846191406,2.2294654846191406,290.9962158203125,0.012003019452095,79.56991577148438,4.7407022066181526e-05,3.440146610955708e-05,12.914382934570312,-2.985273838043213,-0.8551673889160156,4.9340203986503184e-05,3.757668673642911e-05,77.22979736328125,3.4891765117645264
IBT_2016235N11341_2016082212,2016235N11341,GASTON,2016-08-22 12:00:00,2016-08-22,2016,8,12,,TS,11.5,333.5,30.0,1008.0,IBTRACS_ERA5,OBS,1,11.5,333.5,2016235N11341,GASTON,0.0,test,-0.4461978131098086,0.8949343616020251,-0.8660254037844385,-0.5000000000000004,-8.172542572021484,3.684673309326172,220.6285095214844,7.415069558192044e-05,50.30072021484375,-7.862041473388672,0.2754783630371094,244.11297607421875,0.0004889510455541,42.18121337890625,-10.762279510498049,-1.5890998840332031,268.4049987792969,0.0042920038104057,79.93807220458984,-10.825401306152344,-4.767711639404297,283.11285400390625,0.0087402425706386,79.82269287109375,-7.099514007568359,-4.408962249755859,291.2872314453125,0.0131385475397109,85.50260162353516,4.758955037686974e-05,3.757668673642911e-05,8.16445541381836,-8.944355964660645,-1.3611243963241575,4.9340203986503184e-05,3.757668673642911e-05,68.62865447998047,3.4891765117645264
IBT_2016235N11341_2016082218,2016235N11341,GASTON,2016-08-22 18:00:00,2016-08-22,2016,8,18,,TS,12.0,331.79998779296875,35.0,1007.0,IBTRACS_ERA5,OBS,1,12.0,331.79998779296875,2016235N11341,GASTON,0.0,test,-0.4725509526332881,0.8813033513866675,-0.8660254037844385,-0.5000000000000004,-8.172542572021484,3.684673309326172,220.6285095214844,7.415069558192044e-05,50.30072021484375,-7.862041473388672,0.2754783630371094,244.11297607421875,0.0004889510455541,42.18121337890625,-10.762279510498049,-1.5890998840332031,268.4049987792969,0.0042920038104057,79.93807220458984,-10.825401306152344,-4.767711639404297,283.11285400390625,0.0087402425706386,79.82269287109375,-7.099514007568359,-4.408962249755859,291.2872314453125,0.0131385475397109,85.50260162353516,4.758955037686974e-05,3.757668673642911e-05,8.16445541381836,-8.944355964660645,-1.3611243963241575,4.9340203986503184e-05,3.757668673642911e-05,68.62865447998047,3.4891765117645264
NEG_20160822_00548,,,2016-08-22 00:00:00,2016-08-22,2016,8,0,,BG,40.0,,,,IBTRACS_ERA5,OBS,0,40.0,302.5,,,1691.1866471197943,test,-0.8433914458128857,0.5372996083468239,-0.8660254037844385,-0.5000000000000004,4.593814849853516,-2.701557159423828,216.9969787597656,4.483545126277022e-05,47.07120895385742,1.859149932861328,4.238735198974609,239.694580078125,0.0002037893718807,26.81778335571289,4.335498809814453,7.498058319091797,267.1549987792969,0.0016129910945892,33.04037094116211,5.957313537597656,6.834949493408203,280.85845947265625,0.00580820068717,61.83203506469727,3.0473365783691406,7.644260406494141,289.2125244140625,0.0082754045724868,61.49037551879883,-2.1867417672183365e-05,-1.1861549864988774e-05,10.46076202392578,3.958622694015503,4.702889442443848,2.469193714205176e-05,1.874130066426005e-05,50.41008758544922,3.603646278381348
NEG_20160822_01657,,,2016-08-22 00:00:00,2016-08-22,2016,8,0,,BG,45.0,,,,IBTRACS_ERA5,OBS,0,45.0,267.5,,,3626.5994219454415,test,-0.9990482215818578,-0.0436193873653361,-0.8660254037844385,-0.5000000000000004,22.40045547485352,-13.151020050048828,214.6605529785156,2.9414612072287127e-05,41.27262878417969,20.804706573486328,-11.57425308227539,233.582275390625,0.0001391034311382,33.83080291748047,17.218555450439453,-9.444568634033203,262.1567077636719,0.0010524542303755,31.85418701171875,9.858924865722656,-2.487071990966797,276.76348876953125,0.0036630295217037,51.86680603027344,8.07858657836914,5.476047515869141,285.7108154296875,0.006368055474013,59.4558219909668,-2.608700378914364e-05,-1.9015198631677777e-05,23.496458053588867,15.67224407196045,-6.236173152923584,3.4708268685790244e-06,5.213127224124037e-06,45.46569442749024,16.7286319732666
NEG_20160822_01830,,,2016-08-22 00:00:00,2016-08-22,2016,8,0,,BG,45.0,,,,IBTRACS_ERA5,OBS,0,45.0,265.0,,,3803.974965005297,test,-0.9961946980917455,-0.0871557427476582,-0.8660254037844385,-0.5000000000000004,19.30524063110352,-9.015277862548828,214.70095825195312,3.0111241358099505e-05,42.03609085083008,18.400897979736328,-8.15555191040039,233.864501953125,0.0001642826682655,38.80609130859375,14.546680450439451,-6.554676055908203,262.8018493652344,0.0010576993227005,30.411754608154297,9.940956115722656,1.8222541809082031,278.66119384765625,0.0041714571416378,51.69450759887695,9.57663345336914,8.77536392211914,288.8863525390625,0.0076357866637408,57.94325637817383,-1.23659347082139e-05,-2.278781175846234e-05,20.276901245117188,14.354082107543944,-2.625577449798584,1.6528329069842584e-05,-2.2239657937461743e-06,45.72392654418945,15.574444770812988
NEG_20160822_03490,,,2016-08-22 00:00:00,2016-08-22,2016,8,0,,BG,40.0,,,,IBTRACS_ERA5,OBS,0,40.0,270.0,,,3207.5580470234963,test,-1.0,-1.8369701987210294e-16,-0.8660254037844385,-0.5000000000000004,28.74567031860352,-0.7281684875488281,217.32058715820312,2.614380900922697e-05,26.3817138671875,19.258319854736328,-3.01932144165039,234.835693359375,6.965284410398453e-05,14.891036033630373,15.514453887939451,-2.388660430908203,264.7994079589844,0.0005957633838988,14.63910675048828,7.364784240722656,-4.406749725341797,279.98248291015625,0.001140143838711,12.891545295715332,3.1488990783691406,-0.8237571716308594,283.5704345703125,0.0069639231078326,74.97701263427734,-1.6633281120448373e-05,-2.31767917284742e-05,25.59695053100586,14.806424140930176,-2.2733314037323,8.637001883471385e-06,1.6456018784083426e-05,24.075063705444336,16.7286319732666
NEG_20160822_03705,,,2016-08-22 00:00:00,2016-08-22,2016,8,0,,BG,0.0,,,,IBTRACS_ERA5,OBS,0,0.0,297.5,,,2729.908592561402,test,-0.8870108331782216,0.4617486132350341,-0.8660254037844385,-0.5000000000000004,5.172916412353516,-1.905170440673828,219.61819458007807,6.174267764436081e-05,47.21562957763672,-11.763164520263672,-3.01028823852539,242.5972900390625,0.0002021353429881,20.116514205932617,-14.036083221435549,1.1494255065917969,268.5772399902344,0.0003117472515441,5.731069087982178,-12.075645446777344,3.751453399658203,282.13409423828125,0.0039432011544704,38.478214263916016,-6.204372406005859,2.1576881408691406,291.5738525390625,0.0115761905908584,73.97900390625,-3.887765615218086e-06,5.592656179942424e-06,12.080957412719728,-7.781270027160644,0.4286216795444488,1.0918563020823058e-05,1.0721279977587985e-05,48.41219711303711,3.0463898181915283
IBT_2016230N12328_2016082300,2016230N12328,FIONA,2016-08-23 00:00:00,2016-08-23,2016,8,0,,TS,25.299999237060547,298.29998779296875,30.0,1010.0,IBTRACS_ERA5,OBS,1,25.299999237060547,298.29998779296875,2016230N12328,FIONA,0.0,test,-0.8804774545150037,0.4740880214588632,-0.8660254037844385,-0.5000000000000004,6.074337005615234,-1.9048080444335935,219.13308715820312,4.809806705452502e-05,38.97740173339844,4.572227478027344,-1.680572509765625,241.03109741210935,0.000218524626689,25.26182556152344,-4.418792724609375,-1.6120262145996094,267.4875183105469,0.0019200942479074,38.34446716308594,-4.597995758056641,1.6370162963867188,283.5417785644531,0.0060207350179553,53.421180725097656,-4.660625457763672,2.66290283203125,291.62921142578125,0.0126040810719132,80.26610565185547,1.5830781194381416e-05,-8.098407306533772e-06,11.666336059570312,-0.6061698794364929,-0.1794975250959396,1.5830781194381416e-05,7.420751899189781e-06,54.44428634643555,2.700784683227539
IBT_2016230N12328_2016082306,2016230N12328,FIONA,2016-08-23 06:00:00,2016-08-23,2016,8,6,,TS,25.600000381469727,297.1000061035156,25.0,1012.0,IBTRACS_ERA5,OBS,1,25.600000381469727,297.1000061035156,2016230N12328,FIONA,0.0,test,-0.8902127560835427,0.4555450020647169,-0.8660254037844385,-0.5000000000000004,6.074337005615234,-1.9048080444335935,219.13308715820312,4.809806705452502e-05,38.97740173339844,4.572227478027344,-1.680572509765625,241.03109741210935,0.000218524626689,25.26182556152344,-4.418792724609375,-1.6120262145996094,267.4875183105469,0.0019200942479074,38.34446716308594,-4.597995758056641,1.6370162963867188,283.5417785644531,0.0060207350179553,53.421180725097656,-4.660625457763672,2.66290283203125,291.62921142578125,0.0126040810719132,80.26610565185547,1.5830781194381416e-05,-8.098407306533772e-06,11.666336059570312,-0.6061698794364929,-0.1794975250959396,1.5830781194381416e-05,7.420751899189781e-06,54.44428634643555,2.700784683227539
IBT_2016230N12328_2016082312,2016230N12328,FIONA,2016-08-23 12:00:00,2016-08-23,2016,8,12,,DS,25.899999618530277,296.0,20.0,1014.0,IBTRACS_ERA5,OBS,1,25.899999618530277,296.0,2016230N12328,FIONA,0.0,test,-0.898794046299167,0.4383711467890774,-0.8660254037844385,-0.5000000000000004,-1.2218055725097656,-0.7661361694335938,218.92898559570312,4.98778244946152e-05,41.421634674072266,-0.6592178344726562,-0.438140869140625,240.95687866210935,0.0001247963227797,14.530237197875977,-2.345306396484375,-0.9494285583496094,267.3254089355469,0.0012959142914041,26.20181655883789,-4.504245758056641,-0.8720169067382812,283.6645812988281,0.0056444806978106,49.6712760925293,-3.627422332763672,-1.99383544921875,291.22027587890625,0.0123787159100174,80.90079498291016,8.175607945304364e-06,-1.0637011655489914e-05,2.700784683227539,-2.471599578857422,-1.0039116144180298,1.5830781194381416e-05,7.420751899189781e-06,52.7972526550293,2.424018859863281
IBT_2016230N12328_2016082318,2016230N12328,FIONA,2016-08-23 18:00:00,2016-08-23,2016,8,18,,DS,26.299999237060547,295.1000061035156,20.0,1015.0,IBTRACS_ERA5,OBS,1,26.299999237060547,295.1000061035156,2016230N12328,FIONA,0.0,test,-0.9055687538226784,0.4241995192124115,-0.8660254037844385,-0.5000000000000004,-6.765018463134766,-5.869163513183594,218.49758911132807,5.556448013521731e-05,48.60383987426758,-1.7358779907226562,-3.539703369140625,241.3130798339844,0.0002588322677183,29.12055206298828,-0.839202880859375,0.6533546447753906,266.7087097167969,0.0015075554838404,31.955183029174805,-3.9515113830566406,1.1846237182617188,283.5141906738281,0.0056519610807299,50.24216842651367,-4.620830535888672,-0.14617919921875,291.61895751953125,0.0122525328770279,78.07801055908203,7.459816970367683e-06,-4.216112756694202e-07,6.111472129821777,-3.5824882984161377,-1.543413519859314,1.5830781194381416e-05,7.420751899189781e-06,57.65928268432617,2.424018859863281
IBT_2016235N11341_2016082300,2016235N11341,GASTON,2016-08-23 00:00:00,2016-08-23,2016,8,0,,TS,12.5,330.1000061035156,40.0,1006.0,IBTRACS_ERA5,OBS,1,12.5,330.1000061035156,2016235N11341,GASTON,0.0,test,-0.4984876474063995,0.8668968020377241,-0.8660254037844385,-0.5000000000000004,-4.124149322509766,0.4008560180664062,220.38882446289065,6.824909360148013e-05,47.62688064575195,-8.307167053222656,5.188079833984375,243.5796813964844,0.0006700111553072,60.76741409301758,-9.182464599609377,8.10281753540039,267.6789245605469,0.0046856454573571,92.2173080444336,-6.558689117431641,9.06304168701172,282.5256652832031,0.0084670288488268,80.45712280273438,-5.477519989013672,8.76153564453125,291.31817626953125,0.0122020477429032,79.25235748291016,3.647432822617702e-05,3.03748638543766e-05,8.469508171081543,-6.7299981117248535,6.3032660484313965,5.636265632347204e-05,4.841494228458032e-05,73.30563354492188,3.147801399230957
IBT_2016235N11341_2016082306,2016235N11341,GASTON,2016-08-23 06:00:00,2016-08-23,2016,8,6,,TS,13.0,328.3999938964844,45.0,1005.0,IBTRACS_ERA5,OBS,1,13.0,328.3999938964844,2016235N11341,GASTON,0.0,test,-0.5239859967015171,0.8517268783246879,-0.8660254037844385,-0.5000000000000004,-6.734134674072266,1.6618423461914062,220.67111206054688,8.581244037486613e-05,57.91975402832031,-6.920936584472656,1.429656982421875,244.02963256835935,0.000633074901998,55.04253387451172,-6.555999755859375,3.88882827758789,268.6081237792969,0.0043958402238786,80.62332153320312,-5.290134429931641,3.8866500854492183,282.5724182128906,0.0091831041499972,86.98577880859375,-3.534282684326172,2.95184326171875,290.67340087890625,0.0130016738548874,87.97928619384766,5.636265632347204e-05,4.841494228458032e-05,3.4500949382781982,-5.807097434997559,2.7637641429901123,5.636265632347204e-05,4.841494228458032e-05,68.51445007324219,3.147801399230957
IBT_2016235N11341_2016082312,2016235N11341,GASTON,2016-08-23 12:00:00,2016-08-23,2016,8,12,,TS,13.5,326.6000061035156,55.0,1003.0,IBTRACS_ERA5,OBS,1,13.5,326.6000061035156,2016235N11341,GASTON,0.0,test,-0.5504806511516189,0.8348479219041571,-0.8660254037844385,-0.5000000000000004,-6.734134674072266,1.6618423461914062,220.67111206054688,8.581244037486613e-05,57.91975402832031,-6.920936584472656,1.429656982421875,244.02963256835935,0.000633074901998,55.04253387451172,-6.555999755859375,3.88882827758789,268.6081237792969,0.0043958402238786,80.62332153320312,-5.290134429931641,3.8866500854492183,282.5724182128906,0.0091831041499972,86.98577880859375,-3.534282684326172,2.95184326171875,290.67340087890625,0.0130016738548874,87.97928619384766,5.636265632347204e-05,4.841494228458032e-05,3.4500949382781982,-5.807097434997559,2.7637641429901123,5.636265632347204e-05,4.841494228458032e-05,68.51445007324219,3.147801399230957
IBT_2016235N11341_2016082318,2016235N11341,GASTON,2016-08-23 18:00:00,2016-08-23,2016,8,18,,TS,13.899999618530272,325.0,55.0,1003.0,IBTRACS_ERA5,OBS,1,13.899999618530272,325.0,2016235N11341,GASTON,0.0,test,-0.5735764363510465,0.8191520442889916,-0.8660254037844385,-0.5000000000000004,-8.666629791259766,7.890113830566406,220.61624145507807,8.824365795589983e-05,59.94752883911133,-9.129920959472656,-2.475250244140625,243.78500366210935,0.0003761714615393,33.4652214050293,-17.385833740234375,0.2112159729003906,267.9015808105469,0.0041102371178567,79.5335693359375,-13.17172622680664,-3.159126281738281,283.0586242675781,0.0066816611215472,61.24568557739258,-13.807598114013672,-4.13104248046875,292.34429931640625,0.0108342403545975,65.9498519897461,3.874197864206508e-05,2.5833633117144927e-05,13.07431697845459,-12.43234157562256,-0.3328178524971008,5.636265632347204e-05,4.841494228458032e-05,57.07942962646485,3.147801399230957
NEG_20160823_00237,,,2016-08-23 00:00:00,2016-08-23,2016,8,0,,BG,50.0,,,,IBTRACS_ERA5,OBS,0,50.0,7.5,,,5378.324654173684,test,0.1305261922200515,0.9914448613738104,-0.8660254037844385,-0.5000000000000004,13.795284271240234,-12.311058044433594,217.76223754882807,2.126992512785364e-05,20.3386344909668,12.185997009277344,-10.033111572265623,236.45443725585935,0.0001528626598883,27.732027053833008,6.607574462890625,-5.984828948974609,264.0511169433594,0.0009159197797998,23.863115310668945,4.203029632568359,-5.637397766113281,280.8174133300781,0.00404445361346,43.17717742919922,1.196063995361328,-1.53045654296875,288.01837158203125,0.0027218693867325,21.848445892333984,-2.556412800913677e-05,-4.04288039135281e-05,16.58197021484375,7.59758996963501,-7.09937047958374,-9.054961083165836e-07,-1.3221968401921911e-05,47.298133850097656,15.956801414489746
NEG_20160823_01305,,,2016-08-23 00:00:00,2016-08-23,2016,8,0,,BG,37.5,,,,IBTRACS_ERA5,OBS,0,37.5,287.5,,,1435.9498404168814,test,-0.9537169507482268,0.3007057995042734,-0.8660254037844385,-0.5000000000000004,30.94457626342773,8.158912658691406,219.4917907714844,3.0034601877559908e-05,23.31696891784668,24.257041931152344,1.536956787109375,238.18881225585935,0.0002803979732561,42.78385543823242,12.277252197265623,-1.9519920349121092,265.9367980957031,0.0003054415865335,6.8709797859191895,5.801418304443359,-4.180610656738281,283.2958068847656,0.0008240893948823,7.434024333953857,1.105731964111328,-5.10601806640625,285.17169189453125,0.0059546465054154,57.615455627441406,-1.0959281553368785e-06,-2.3799200789653696e-05,32.65447998046875,14.877202987670898,-0.3085502684116363,7.904376616352238e-06,1.097247877623886e-05,23.73216819763184,2.9676191806793213
NEG_20160823_02375,,,2016-08-23 00:00:00,2016-08-23,2016,8,0,,BG,47.5,,,,IBTRACS_ERA5,OBS,0,47.5,10.0,,,5367.73249307279,test,0.1736481776669303,0.984807753012208,-0.8660254037844385,-0.5000000000000004,3.7137413024902335,-19.967796325683597,217.50857543945312,2.0930458049406298e-05,20.64184188842773,3.014122009277344,-16.775054931640625,236.3536071777344,0.0001748344220686,32.041744232177734,-1.152679443359375,-11.78927230834961,264.8017272949219,0.000723709759768,17.779788970947266,-4.909763336181641,-6.468696594238281,279.8061828613281,0.0048693222925066,55.73174285888672,-1.438945770263672,-0.22991943359375,287.31671142578125,0.0071866149082779,60.38346862792969,-9.92921195575036e-06,-3.700693923747167e-05,20.399362564086918,-0.1547050476074218,-11.046148300170898,3.464617839199491e-05,6.858424603706226e-05,44.847782135009766,14.727333068847656
NEG_20160823_03963,,,2016-08-23 00:00:00,2016-08-23,2016,8,0,,BG,40.0,,,,IBTRACS_ERA5,OBS,0,40.0,300.0,,,1589.4804264718612,test,-0.8660254037844386,0.5000000000000001,-0.8660254037844385,-0.5000000000000004,17.776729583740234,7.820777893066406,219.14553833007807,6.322460831142962e-05,51.159156799316406,15.128868103027344,10.175140380859377,241.26547241210935,0.0004910072311758,55.49528503417969,11.075103759765623,2.06863784790039,266.2196960449219,0.0015386542072519,33.86481857299805,10.40346908569336,4.243705749511719,282.4756164550781,0.0054580974392592,52.04115295410156,9.197772979736328,4.38946533203125,289.81158447265625,0.0106312269344925,76.0126953125,1.690984208835289e-05,-9.553284144203644e-06,9.239718437194824,12.716388702392578,5.7395453453063965,3.149824988213368e-05,4.472235741559416e-05,51.14344787597656,1.887669324874878
IBT_2016230N12328_2016082400,2016230N12328,FIONA,2016-08-24 00:00:00,2016-08-24,2016,8,0,,DS,26.700000762939453,294.20001220703125,20.0,1016.0,IBTRACS_ERA5,OBS,1,26.700000762939453,294.20001220703125,2016230N12328,FIONA,0.0,test,-0.9121200288369664,0.4099232281713879,-0.8660254037844385,-0.5000000000000004,-8.396102905273438,-3.258533477783203,218.8943634033203,5.747305112890899e-05,47.92812347412109,-6.570747375488281,-3.228199005126953,242.2149200439453,0.0004687479231506,48.377567291259766,-2.5197792053222656,0.6292037963867188,266.57037353515625,0.0024745853152126,53.01344680786133,-2.357952117919922,5.333992004394531,282.9170227050781,0.0061676912009716,57.07733154296875,-4.275001525878906,6.392429351806641,291.314208984375,0.0119496593251824,77.63263702392578,-1.7749798644217665e-06,-2.467099875502754e-06,10.494025230407717,-4.823916435241699,1.1737785339355469,1.4689215277030598e-05,6.670370112260571e-06,57.73101043701172,2.982454538345337
IBT_2016230N12328_2016082406,2016230N12328,FIONA,2016-08-24 06:00:00,2016-08-24,2016,8,6,,DS,27.100000381469727,293.29998779296875,20.0,1016.0,IBTRACS_ERA5,OBS,1,27.100000381469727,293.29998779296875,2016230N12328,FIONA,0.0,test,-0.9184464656151776,0.3955453068853028,-0.8660254037844385,-0.5000000000000004,-10.023544311523438,0.3831901550292969,219.1042633056641,5.949728074483573e-05,48.38187026977539,-6.871284484863281,-0.5361824035644531,241.9394073486328,0.0004589578602463,48.62874984741211,-3.5356483459472656,-0.6165237426757812,267.051025390625,0.0031988041009753,66.04753112792969,-3.032390594482422,1.6261672973632812,283.6141662597656,0.0057585504837334,50.846954345703125,-3.748878479003906,2.1961402893066406,291.756103515625,0.0120493182912468,76.1197280883789,1.4689215277030598e-05,6.179820957186166e-07,6.531325817108154,-5.442349433898926,0.6105583310127258,1.4689215277030598e-05,6.670370112260571e-06,55.20724487304688,2.982454538345337
IBT_2016235N11341_2016082400,2016235N11341,GASTON,2016-08-24 00:00:00,2016-08-24,2016,8,0,,TS,14.199999809265137,323.5,55.0,1000.0,IBTRACS_ERA5,OBS,1,14.199999809265137,323.5,2016235N11341,GASTON,0.0,test,-0.594822786751341,0.8038568606172175,-0.8660254037844385,-0.5000000000000004,-2.088729858398437,1.8725700378417969,220.4789581298828,8.604602771811187e-05,59.409854888916016,-0.3212356567382812,1.8125724792480469,243.8242950439453,0.0007655194494873,67.85191345214844,-6.165042877197266,10.33989715576172,267.99102783203125,0.0045918617397546,88.25101470947266,-4.938274383544922,11.050544738769531,283.1421203613281,0.0075331144034862,68.66265106201172,-2.6697769165039062,8.90927505493164,290.51513671875,0.0122680673375725,83.85698699951172,6.2800150772091e-05,6.041321830707602e-05,7.0606536865234375,-3.236611843109131,6.796971797943115,6.2800150772091e-05,6.041321830707602e-05,65.72383117675781,5.856627941131592
IBT_2016235N11341_2016082406,2016235N11341,GASTON,2016-08-24 06:00:00,2016-08-24,2016,8,6,,TS,14.800000190734863,322.1000061035156,60.0,997.0,IBTRACS_ERA5,OBS,1,14.800000190734863,322.1000061035156,2016235N11341,GASTON,0.0,test,-0.6142851160406184,0.7890841502723039,-0.8660254037844385,-0.5000000000000004,-2.088729858398437,1.8725700378417969,220.4789581298828,8.604602771811187e-05,59.409854888916016,-0.3212356567382812,1.8125724792480469,243.8242950439453,0.0007655194494873,67.85191345214844,-6.165042877197266,10.33989715576172,267.99102783203125,0.0045918617397546,88.25101470947266,-4.938274383544922,11.050544738769531,283.1421203613281,0.0075331144034862,68.66265106201172,-2.6697769165039062,8.90927505493164,290.51513671875,0.0122680673375725,83.85698699951172,6.2800150772091e-05,6.041321830707602e-05,7.0606536865234375,-3.236611843109131,6.796971797943115,6.2800150772091e-05,6.041321830707602e-05,65.72383117675781,5.856627941131592
IBT_2016235N11341_2016082412,2016235N11341,GASTON,2016-08-24 12:00:00,2016-08-24,2016,8,12,,TS,15.800000190734863,320.8999938964844,65.0,992.0,IBTRACS_ERA5,OBS,1,15.800000190734863,320.8999938964844,2016235N11341,GASTON,0.0,test,-0.6306758901007469,0.7760463398828904,-0.8660254037844385,-0.5000000000000004,-3.350448608398437,-1.9211311340332031,220.3727569580078,7.817914593033493e-05,54.66025924682617,2.1353073120117188,-3.075366973876953,243.6759796142578,0.0002871102187782,25.8050537109375,-1.7675819396972656,-1.3495559692382812,268.3768920898437,0.004691669717431,87.5679931640625,2.399372100830078,-2.6009445190429688,282.2102355957031,0.0089663378894329,87.04340362548828,2.4378890991210938,-2.81289291381836,290.853759765625,0.012543142773211,83.90730285644531,5.631198291666806e-05,4.621395419235341e-05,5.856627941131592,0.3709076046943664,-2.351978302001953,6.2800150772091e-05,6.041321830707602e-05,59.95489883422852,1.0233912467956543
IBT_2016235N11341_2016082418,2016235N11341,GASTON,2016-08-24 18:00:00,2016-08-24,2016,8,18,,TS,16.899999618530273,319.79998779296875,65.0,988.0,IBTRACS_ERA5,OBS,1,16.899999618530273,319.79998779296875,2016235N11341,GASTON,0.0,test,-0.6454578504528852,0.7637958911180007,-0.8660254037844385,-0.5000000000000004,2.4691314697265625,3.517345428466797,220.5777130126953,8.478315430693328e-05,57.85912322998047,-2.372505187988281,-1.0958747863769531,243.3997344970703,0.0003984218928962,36.752777099609375,-14.431888580322266,1.3528366088867188,268.09625244140625,0.004343369975686,82.81079864501953,-14.821331024169922,1.3260574340820312,282.9241027832031,0.0088054947555065,81.44925689697266,-14.778175354003906,1.0057106018066406,290.432373046875,0.0133517989888787,91.7479476928711,5.54998878214974e-05,4.396268195705488e-05,17.42922592163086,-8.786953926086426,1.221215009689331,6.2800150772091e-05,6.041321830707602e-05,59.5586166381836,1.0233912467956543
NEG_20160824_00071,,,2016-08-24 00:00:00,2016-08-24,2016,8,0,,BG,5.0,,,,IBTRACS_ERA5,OBS,0,5.0,25.0,,,6801.891158712809,test,0.4226182617406994,0.90630778703665,-0.8660254037844385,-0.5000000000000004,-9.067245483398438,-5.007556915283203,220.0189971923828,4.702454316429794e-05,34.285736083984375,-6.547309875488281,-5.127124786376953,242.3825225830078,0.0003819561388809,38.79611587524414,-3.3530311584472656,-0.1478958129882812,267.09637451171875,0.0035984311252832,74.04135131835938,-1.169963836669922,4.167854309082031,282.7346496582031,0.0072139021940529,67.58690643310547,0.1488265991210937,-0.2743186950683594,292.154052734375,0.0143974432721734,88.69662475585938,-3.6325300243333913e-06,-2.210785396528081e-06,10.360479354858398,-3.9977447986602783,-1.277808427810669,6.99543124937918e-06,7.5054877015645616e-06,69.11859130859375,5.972324371337891
NEG_20160824_03982,,,2016-08-24 00:00:00,2016-08-24,2016,8,0,,BG,45.0,,,,IBTRACS_ERA5,OBS,0,45.0,330.0,,,3266.271165253332,test,-0.5000000000000004,0.8660254037844384,-0.8660254037844385,-0.5000000000000004,14.943496704101562,-38.2394905090332,218.4440460205078,3.549849134287797e-05,31.252857208251957,17.65581512451172,-36.83024978637695,235.0192413330078,0.0002471304032951,51.85261917114258,10.626461029052734,-15.49262237548828,259.9310913085937,0.0006586106610484,23.845638275146484,9.403278350830078,-6.899772644042969,271.8586730957031,0.0036493653897196,73.61198425292969,7.811912536621094,-2.44179916381836,281.493408203125,0.0051293978467583,63.55540084838867,-6.86019666318316e-06,1.964960574696306e-05,36.50115203857422,12.0881929397583,-19.980785369873047,9.50299909163732e-06,5.3109681175556034e-05,48.89373397827149,20.898822784423828
IBT_2016235N11341_2016082500,2016235N11341,GASTON,2016-08-25 00:00:00,2016-08-25,2016,8,0,,TS,18.0,318.6000061035156,65.0,988.0,IBTRACS_ERA5,OBS,1,18.0,318.6000061035156,2016235N11341,GASTON,0.0,test,-0.661311785416984,0.750111140077656,-0.8660254037844385,-0.5000000000000004,1.455535888671875,2.56011962890625,220.23239135742188,7.045191887300462e-05,50.08295822143555,3.8041305541992183,-2.7823486328125,242.38931274414065,0.0003147066745441,31.944807052612305,2.193450927734375,5.389827728271484,267.5142822265625,0.0041866046376526,83.43636322021484,2.7241973876953125,9.383243560791016,282.8042907714844,0.0068846605718135,64.19933319091797,3.234844207763672,6.414417266845703,291.6117858886719,0.0114789921790361,73.18190002441406,5.99794220761396e-05,4.735436959890649e-05,4.245179653167725,2.682431697845459,4.193051815032959,6.179778574733064e-05,6.0437181673478335e-05,59.58876037597656,1.919477105140686
IBT_2016235N11341_2016082506,2016235N11341,GASTON,2016-08-25 06:00:00,2016-08-25,2016,8,6,,TS,18.899999618530277,317.29998779296875,65.0,988.0,IBTRACS_ERA5,OBS,1,18.899999618530277,317.29998779296875,2016235N11341,GASTON,0.0,test,-0.6781598264437316,0.7349144506660674,-0.8660254037844385,-0.5000000000000004,1.121795654296875,4.83221435546875,221.09371948242188,8.801340300124139e-05,56.5235481262207,3.0404586791992188,5.782470703125,242.85794067382807,0.000617470301222,59.9504280090332,-8.791290283203125,12.716121673583984,267.2041015625,0.0042737242765724,87.21444702148438,-16.840621948242188,17.244449615478516,281.7017517089844,0.0070668724365532,71.01757049560547,-16.004413604736328,11.348499298095703,290.6748962402344,0.0123215932399034,83.369384765625,5.812025483464822e-05,6.0437181673478335e-05,18.32400131225586,-7.494814395904541,10.384751319885254,6.179778574733064e-05,6.0437181673478335e-05,63.37991714477539,1.919477105140686
IBT_2016235N11341_2016082512,2016235N11341,GASTON,2016-08-25 12:00:00,2016-08-25,2016,8,12,,TS,19.799999237060547,316.0,60.0,992.0,IBTRACS_ERA5,OBS,1,19.799999237060547,316.0,2016235N11341,GASTON,0.0,test,-0.6946583704589976,0.7193398003386509,-0.8660254037844385,-0.5000000000000004,3.147186279296875,5.08514404296875,220.72140502929688,4.9402635340811685e-05,33.14756393432617,7.355888366699219,-1.31591796875,241.8729553222656,0.0003989634278696,42.54133605957031,-0.487579345703125,-1.980899810791016,267.6749267578125,0.0035532680340111,69.95249938964844,-4.970993041992188,-2.4428062438964844,283.0518493652344,0.0079803429543972,73.18313598632812,-5.808368682861328,-4.626598358154297,291.3760681152344,0.0130016822367906,84.13654327392578,6.179778574733064e-05,4.513769818004221e-05,13.21059799194336,-0.1527732908725738,-1.0562156438827517,6.179778574733064e-05,6.0437181673478335e-05,59.25477981567383,1.919477105140686
IBT_2016235N11341_2016082518,2016235N11341,GASTON,2016-08-25 18:00:00,2016-08-25,2016,8,18,,TS,21.0,315.0,55.0,996.0,IBTRACS_ERA5,OBS,1,21.0,315.0,2016235N11341,GASTON,0.0,test,-0.7071067811865477,0.7071067811865474,-0.8660254037844385,-0.5000000000000004,3.147186279296875,5.08514404296875,220.72140502929688,4.9402635340811685e-05,33.14756393432617,7.355888366699219,-1.31591796875,241.8729553222656,0.0003989634278696,42.54133605957031,-0.487579345703125,-1.980899810791016,267.6749267578125,0.0035532680340111,69.95249938964844,-4.970993041992188,-2.4428062438964844,283.0518493652344,0.0079803429543972,73.18313598632812,-5.808368682861328,-4.626598358154297,291.3760681152344,0.0130016822367906,84.13654327392578,6.179778574733064e-05,4.513769818004221e-05,13.21059799194336,-0.1527732908725738,-1.0562156438827517,6.179778574733064e-05,6.0437181673478335e-05,59.25477981567383,1.919477105140686
NEG_20160825_01370,,,2016-08-25 00:00:00,2016-08-25,2016,8,0,,BG,35.0,,,,IBTRACS_ERA5,OBS,0,35.0,350.0,,,3627.795152368018,test,-0.1736481776669304,0.984807753012208,-0.8660254037844385,-0.5000000000000004,17.691131591796875,17.02606201171875,221.98922729492188,1.4727633242728189e-05,8.51853084564209,12.28459930419922,11.0185546875,236.1600646972656,0.0001169738534372,21.860157012939453,5.320526123046875,9.613338470458984,263.9649658203125,0.0004952814779244,12.991510391235352,2.0705108642578125,5.557193756103516,283.4346618652344,0.0038555231876671,34.45679473876953,-0.6604194641113281,2.343372344970703,295.7080993652344,0.0060262698680162,29.7530460357666,2.5178316718665883e-05,1.2826777492591646e-05,23.50235748291016,7.341269493103027,9.111703872680664,3.942284456570633e-05,4.900255589745939e-05,39.72408676147461,8.935423851013184
NEG_20160825_01496,,,2016-08-25 00:00:00,2016-08-25,2016,8,0,,BG,32.5,,,,IBTRACS_ERA5,OBS,0,32.5,25.0,,,6765.757396472319,test,0.4226182617406994,0.90630778703665,-0.8660254037844385,-0.5000000000000004,17.376190185546875,12.80950927734375,225.71371459960935,1.2417021935107186e-05,4.695392608642578,21.48284149169922,10.711669921875,244.29666137695312,0.0001037788752,8.800374031066895,8.955780029296875,5.754451751708984,266.3988037109375,0.0003964271745644,8.605554580688477,6.5487823486328125,3.736759185791016,283.5391540527344,0.0013148452853783,11.66850471496582,3.088359832763672,2.976795196533203,291.9444274902344,0.0082017797976732,51.20054244995117,-3.9435544749721885e-06,-1.6754409443819895e-05,17.344289779663086,11.49039077758789,7.197836875915527,4.164183701504953e-05,5.8572401030687615e-05,28.61750030517578,10.646954536437988
NEG_20160825_02434,,,2016-08-25 00:00:00,2016-08-25,2016,8,0,,BG,40.0,,,,IBTRACS_ERA5,OBS,0,40.0,280.0,,,3924.684523874641,test,-0.984807753012208,0.1736481776669299,-0.8660254037844385,-0.5000000000000004,13.240936279296877,-7.81329345703125,219.23532104492188,7.198161620181054e-05,57.62204360961914,8.514091491699219,-3.2001953125,242.3456115722656,0.0004162711265962,42.4303092956543,11.697479248046877,-1.3861732482910156,267.1900634765625,0.0027174321003258,55.51455307006836,10.811721801757812,-1.3178062438964844,281.8653259277344,0.0070850816555321,70.41190338134766,9.720928192138672,2.373157501220703,290.3843688964844,0.0118939895182847,81.98135375976562,-1.1252939657424577e-05,-1.4529063264490104e-05,10.777487754821776,10.79703140258789,-2.268862247467041,1.4575185559806414e-05,-5.458023224491626e-06,46.295040130615234,1.3428125381469729
NEG_20160825_02442,,,2016-08-25 00:00:00,2016-08-25,2016,8,0,,BG,27.5,,,,IBTRACS_ERA5,OBS,0,27.5,300.0,,,1681.913656501783,test,-0.8660254037844386,0.5000000000000001,-0.8660254037844385,-0.5000000000000004,0.776092529296875,-13.42657470703125,218.39633178710935,5.506973320734687e-05,48.76349639892578,-0.6524124145507812,-8.68994140625,241.6078186035156,0.0004785952332895,52.34395980834961,-1.666778564453125,-2.093936920166016,266.181640625,0.0025501963682472,56.29316711425781,0.1002960205078125,-3.1795005798339844,281.3265075683594,0.0072019658982753,74.25216674804688,-4.086200714111328,1.2234992980957031,290.6678161621094,0.0101650971919298,68.80931854248047,-1.2481633348215835e-05,-1.4701505278935656e-05,15.435885429382324,-1.1058006286621094,-5.233290672302246,2.400235825916752e-05,3.314484638394788e-05,59.87994766235352,5.330044746398926
NEG_20160825_04405,,,2016-08-25 00:00:00,2016-08-25,2016,8,0,,BG,22.5,,,,IBTRACS_ERA5,OBS,0,22.5,20.0,,,6381.884256025042,test,0.3420201433256687,0.9396926207859084,-0.8660254037844385,-0.5000000000000004,-4.596466064453125,5.66790771484375,222.2417907714844,3.345466757309623e-05,18.79085731506348,1.3012008666992188,2.170166015625,243.13833618164065,8.26117757242173e-05,7.810877323150635,3.045379638671875,0.5359458923339844,266.7894287109375,0.0014571067877113,30.69506454467773,0.4301300048828125,2.765079498291016,284.6641540527344,0.0051896241493523,42.71465301513672,-4.173114776611328,1.9040412902832031,299.0904235839844,0.0062178391963243,24.989206314086918,7.973358151502907e-06,-1.048597005137708e-05,3.78760027885437,-0.7985740900039673,2.608628034591675,1.7217542335856706e-05,5.152847734279931e-06,50.949737548828125,2.5357601642608643
IBT_2016235N11341_2016082600,2016235N11341,GASTON,2016-08-26 00:00:00,2016-08-26,2016,8,0,,TS,22.299999237060547,314.0,55.0,996.0,IBTRACS_ERA5,OBS,1,22.299999237060547,314.0,2016235N11341,GASTON,0.0,test,-0.7193398003386511,0.6946583704589973,-0.8660254037844385,-0.5000000000000004,0.6834297180175781,6.948513031005859,219.7337188720703,6.985486834309995e-05,52.68880462646485,3.632465362548828,9.537628173828123,242.57298278808597,0.0003184196830261,31.76235580444336,4.417770385742188,15.57510757446289,267.10748291015625,0.0029630367644131,60.915672302246094,-0.2676429748535156,21.27783203125,282.8262939453125,0.0066083334386348,61.53104782104492,-3.640171051025391,16.411075592041016,290.6844482421875,0.0133090419694781,89.99580383300781,4.220580740366131e-05,2.4574714188929647e-05,10.403538703918455,0.9651702642440796,13.950030326843262,6.598087202291936e-05,6.46387561573647e-05,63.31558227539063,0.6048277616500854
IBT_2016235N11341_2016082606,2016235N11341,GASTON,2016-08-26 06:00:00,2016-08-26,2016,8,6,,TS,23.600000381469727,313.0,55.0,996.0,IBTRACS_ERA5,OBS,1,23.600000381469727,313.0,2016235N11341,GASTON,0.0,test,-0.7313537016191703,0.6819983600624986,-0.8660254037844385,-0.5000000000000004,-1.588787078857422,12.16433334350586,219.7870635986328,4.094847827218473e-05,30.69029426574707,2.259418487548828,9.701690673828123,241.65098571777344,0.0002047051966655,22.29620933532715,6.278366088867188,4.958164215087891,267.744140625,0.0022810257505625,44.6700325012207,5.284603118896484,2.5,282.3070068359375,0.0067482106387615,65.08153533935547,2.5855369567871094,-0.3191490173339844,290.285400390625,0.0106867356225848,74.12725067138672,6.217315967660397e-05,3.448038114584051e-05,13.162914276123049,2.963827610015869,5.8010077476501465,6.598087202291936e-05,6.46387561573647e-05,61.7814826965332,0.6048277616500854
IBT_2016235N11341_2016082612,2016235N11341,GASTON,2016-08-26 12:00:00,2016-08-26,2016,8,12,,TS,24.799999237060547,312.1000061035156,55.0,996.0,IBTRACS_ERA5,OBS,1,24.799999237060547,312.1000061035156,2016235N11341,GASTON,0.0,test,-0.7419757695574485,0.6704266979988431,-0.8660254037844385,-0.5000000000000004,-6.840984344482422,10.01125717163086,219.9492950439453,6.67051353957504e-05,49.03923416137695,-2.127788543701172,4.214630126953125,242.25852966308597,0.0004340750456321,44.6134033203125,-3.0580596923828125,5.452060699462891,267.72393798828125,0.0036464636214077,71.51974487304688,-10.621402740478516,10.465576171875,282.2620849609375,0.0081843994557857,79.17342376708984,-12.85354995727539,8.420841217041016,290.1998291015625,0.0125868720933794,87.78610229492188,6.598087202291936e-05,6.46387561573647e-05,6.219354152679443,-7.100357055664063,7.712872982025146,6.598087202291936e-05,6.46387561573647e-05,65.2538070678711,0.9447377324104308
IBT_2016235N11341_2016082618,2016235N11341,GASTON,2016-08-26 18:00:00,2016-08-26,2016,8,18,,TS,25.799999237060547,310.8999938964844,55.0,996.0,IBTRACS_ERA5,OBS,1,25.799999237060547,310.8999938964844,2016235N11341,GASTON,0.0,test,-0.7558535389148457,0.6547407331989539,-0.8660254037844385,-0.5000000000000004,-7.394207000732422,12.69338607788086,218.8495635986328,3.943321644328535e-05,33.061798095703125,-8.656108856201172,5.707061767578125,241.5156097412109,0.0003780392289627,41.713260650634766,-5.2548370361328125,0.2257423400878906,267.18145751953125,0.0036293868906795,74.1937484741211,-4.070133209228516,-4.72509765625,281.2991943359375,0.0077092610299587,79.630859375,-3.14041519165039,-5.933650970458984,289.8492431640625,0.0117018623277544,83.4659423828125,4.8587309720460325e-05,3.923109034076333e-05,19.106576919555664,-5.703140258789063,1.593488335609436,6.598087202291936e-05,6.46387561573647e-05,63.524024963378906,0.9447377324104308
NEG_20160826_00049,,,2016-08-26 00:00:00,2016-08-26,2016,8,0,,BG,15.0,,,,IBTRACS_ERA5,OBS,0,15.0,260.0,,,5405.806383687811,test,-0.984807753012208,-0.1736481776669303,-0.8660254037844385,-0.5000000000000004,0.3274726867675781,-2.9892311096191406,218.8959503173828,5.3695490350946784e-05,44.76938247680664,-2.509624481201172,-1.308563232421875,242.1039886474609,0.0001943675015354,20.273141860961918,-5.8266143798828125,0.4903907775878906,267.34918212890625,0.0020774609874933,41.92753601074219,-5.575992584228516,-0.1748046875,282.6131591796875,0.0058455429971218,55.21868896484375,-0.6262550354003906,-0.2974205017089844,292.4986572265625,0.0096184415742754,57.9830322265625,-1.3758228305960074e-05,-6.658837264694739e-06,2.8557732105255127,-2.842202663421631,-0.8559257388114929,2.3436012270394716e-05,3.040575165869086e-06,66.10205841064453,1.547992467880249
NEG_20160826_04026,,,2016-08-26 00:00:00,2016-08-26,2016,8,0,,BG,12.5,,,,IBTRACS_ERA5,OBS,0,12.5,15.0,,,6523.201866398858,test,0.2588190451025207,0.9659258262890684,-0.8660254037844385,-0.5000000000000004,-6.233562469482422,-4.437717437744141,220.3626251220703,7.487469702027738e-05,52.41267395019531,-7.753276824951172,-3.106170654296875,243.08921813964844,0.000637908000499,60.59424591064453,-9.816360473632812,1.2611427307128906,267.98687744140625,0.0039863591082394,76.63803100585938,-8.095279693603516,3.71875,282.6500244140625,0.0082097612321376,77.35858154296875,-1.2700538635253906,1.4562416076660156,291.2879638671875,0.0133698983117938,87.00413513183594,1.7682814359432086e-05,1.2793911082553676e-05,7.705528736114502,-6.633706569671631,-0.2215507477521896,3.9023172575980425e-05,2.8726080927299336e-05,71.91004180908203,0.6607424020767212
IBT_2016235N11341_2016082700,2016235N11341,GASTON,2016-08-27 00:00:00,2016-08-27,2016,8,0,,TS,26.700000762939453,309.70001220703125,55.0,996.0,IBTRACS_ERA5,OBS,1,26.700000762939453,309.70001220703125,2016235N11341,GASTON,0.0,test,-0.7693994189555495,0.6387679814383801,-0.8660254037844385,-0.5000000000000004,4.331531524658203,5.172191619873047,220.2705993652344,7.246588938869536e-05,51.28207778930664,0.6836738586425781,9.867164611816406,242.631103515625,0.0002421968092676,24.02618789672852,-1.6847076416015625,14.147102355957031,267.0748291015625,0.0026699493173509,55.027587890625,-4.912044525146484,13.637977600097656,282.97509765625,0.006388870999217,58.892845153808594,-8.493770599365234,14.357337951660156,290.04852294921875,0.011991549283266,84.44746398925781,4.540617737802677e-05,2.6943256671074774e-05,15.775147438049316,-2.015063524246216,11.436354637145996,8.47386836539954e-05,6.721056706737727e-05,54.69097137451172,1.2182024717330933
IBT_2016235N11341_2016082706,2016235N11341,GASTON,2016-08-27 06:00:00,2016-08-27,2016,8,6,,TS,27.5,308.5,55.0,996.0,IBTRACS_ERA5,OBS,1,27.5,308.5,2016235N11341,GASTON,0.0,test,-0.782608156852414,0.6225146366376193,-0.8660254037844385,-0.5000000000000004,-2.581554412841797,2.774364471435547,220.47952270507807,8.492000051774085e-05,58.62849044799805,-0.6266288757324219,2.3429946899414062,243.3236083984375,0.0006549292011186,60.84964370727539,-1.5509185791015625,3.0055007934570312,268.11065673828125,0.0037850181106477,72.08638763427734,-2.5144615173339844,2.634071350097656,282.644775390625,0.0086562018841505,81.59424591064453,-3.7847862243652335,2.964759826660156,290.5282592773437,0.0129940696060657,88.74518585205078,8.47386836539954e-05,6.721056706737727e-05,1.2182024717330933,-2.211669921875,2.744338274002075,8.47386836539954e-05,6.721056706737727e-05,55.79436874389648,1.2182024717330933
IBT_2016235N11341_2016082712,2016235N11341,GASTON,2016-08-27 12:00:00,2016-08-27,2016,8,12,,TS,28.100000381469727,307.20001220703125,60.0,992.0,IBTRACS_ERA5,OBS,1,28.100000381469727,307.20001220703125,2016235N11341,GASTON,0.0,test,-0.7965297892125914,0.6045992845653595,-0.8660254037844385,-0.5000000000000004,-2.581554412841797,2.774364471435547,220.47952270507807,8.492000051774085e-05,58.62849044799805,-0.6266288757324219,2.3429946899414062,243.3236083984375,0.0006549292011186,60.84964370727539,-1.5509185791015625,3.0055007934570312,268.11065673828125,0.0037850181106477,72.08638763427734,-2.5144615173339844,2.634071350097656,282.644775390625,0.0086562018841505,81.59424591064453,-3.7847862243652335,2.964759826660156,290.5282592773437,0.0129940696060657,88.74518585205078,8.47386836539954e-05,6.721056706737727e-05,1.2182024717330933,-2.211669921875,2.744338274002075,8.47386836539954e-05,6.721056706737727e-05,55.79436874389648,1.2182024717330933
IBT_2016235N11341_2016082718,2016235N11341,GASTON,2016-08-27 18:00:00,2016-08-27,2016,8,18,,TS,28.700000762939453,306.3999938964844,65.0,989.0,IBTRACS_ERA5,OBS,1,28.700000762939453,306.3999938964844,2016235N11341,GASTON,0.0,test,-0.804893860570713,0.5934188008612244,-0.8660254037844385,-0.5000000000000004,-2.581554412841797,2.774364471435547,220.47952270507807,8.492000051774085e-05,58.62849044799805,-0.6266288757324219,2.3429946899414062,243.3236083984375,0.0006549292011186,60.84964370727539,-1.5509185791015625,3.0055007934570312,268.11065673828125,0.0037850181106477,72.08638763427734,-2.5144615173339844,2.634071350097656,282.644775390625,0.0086562018841505,81.59424591064453,-3.7847862243652335,2.964759826660156,290.5282592773437,0.0129940696060657,88.74518585205078,8.47386836539954e-05,6.721056706737727e-05,1.2182024717330933,-2.211669921875,2.744338274002075,8.47386836539954e-05,6.721056706737727e-05,55.79436874389648,1.2182024717330933
IBT_2016240N31295_2016082700,2016240N31295,UNNAMED,2016-08-27 00:00:00,2016-08-27,2016,8,0,,DS,30.700000762939453,295.0,20.0,1012.0,IBTRACS_ERA5,OBS,1,30.700000762939453,295.0,2016240N31295,UNNAMED,0.0,test,-0.9063077870366498,0.4226182617406996,-0.8660254037844385,-0.5000000000000004,-1.5263786315917969,1.7136955261230469,219.30062866210935,6.477782153524458e-05,51.451602935791016,1.243732452392578,1.7758560180664062,242.5240478515625,0.0006488271756097,65.02202606201172,-0.3565826416015625,1.2137527465820312,268.134765625,0.0030200369656085,57.412017822265625,1.3872718811035156,1.5122451782226562,282.479736328125,0.0085057895630598,81.07725524902344,2.3072547912597656,2.803871154785156,290.2064819335937,0.012843657284975,89.53895568847656,4.533799801720306e-05,2.247667362098582e-05,3.9856276512146,0.6110595464706421,1.8038841485977173,4.533799801720306e-05,3.116780135314912e-05,54.48289108276367,0.3660595715045929
IBT_2016240N31295_2016082706,2016240N31295,UNNAMED,2016-08-27 06:00:00,2016-08-27,2016,8,6,,DS,30.799999237060547,294.3999938964844,25.0,1011.0,IBTRACS_ERA5,OBS,1,30.799999237060547,294.3999938964844,2016240N31295,UNNAMED,0.0,test,-0.9106837048127178,0.4131043328126477,-0.8660254037844385,-0.5000000000000004,-1.5263786315917969,1.7136955261230469,219.30062866210935,6.477782153524458e-05,51.451602935791016,1.243732452392578,1.7758560180664062,242.5240478515625,0.0006488271756097,65.02202606201172,-0.3565826416015625,1.2137527465820312,268.134765625,0.0030200369656085,57.412017822265625,1.3872718811035156,1.5122451782226562,282.479736328125,0.0085057895630598,81.07725524902344,2.3072547912597656,2.803871154785156,290.2064819335937,0.012843657284975,89.53895568847656,4.533799801720306e-05,2.247667362098582e-05,3.9856276512146,0.6110595464706421,1.8038841485977173,4.533799801720306e-05,3.116780135314912e-05,54.48289108276367,0.3660595715045929
IBT_2016240N31295_2016082712,2016240N31295,UNNAMED,2016-08-27 12:00:00,2016-08-27,2016,8,12,,DS,30.899999618530277,293.79998779296875,25.0,1011.0,IBTRACS_ERA5,OBS,1,30.899999618530277,293.79998779296875,2016240N31295,UNNAMED,0.0,test,-0.9149597538262948,0.4035451014175816,-0.8660254037844385,-0.5000000000000004,-1.5263786315917969,1.7136955261230469,219.30062866210935,6.477782153524458e-05,51.451602935791016,1.243732452392578,1.7758560180664062,242.5240478515625,0.0006488271756097,65.02202606201172,-0.3565826416015625,1.2137527465820312,268.134765625,0.0030200369656085,57.412017822265625,1.3872718811035156,1.5122451782226562,282.479736328125,0.0085057895630598,81.07725524902344,2.3072547912597656,2.803871154785156,290.2064819335937,0.012843657284975,89.53895568847656,4.533799801720306e-05,2.247667362098582e-05,3.9856276512146,0.6110595464706421,1.8038841485977173,4.533799801720306e-05,3.116780135314912e-05,54.48289108276367,0.3660595715045929
IBT_2016240N31295_2016082718,2016240N31295,UNNAMED,2016-08-27 18:00:00,2016-08-27,2016,8,18,,DS,31.0,293.1000061035156,25.0,1011.0,IBTRACS_ERA5,OBS,1,31.0,293.1000061035156,2016240N31295,UNNAMED,0.0,test,-0.9198214555274548,0.3923372145888718,-0.8660254037844385,-0.5000000000000004,-1.0097770690917969,12.555004119873049,219.4263610839844,3.619553535827436e-05,28.32037734985352,2.370197296142578,7.809059143066406,242.2427978515625,0.0002500199188943,25.7351016998291,0.2581634521484375,-1.2291183471679688,268.108154296875,0.00017817709886,3.394061088562012,1.0757484436035156,-3.941123962402344,282.690185546875,0.0047958176583051,45.06722259521485,2.4544715881347656,-5.677574157714844,290.63299560546875,0.0114735849201679,77.83922576904297,3.3425978472223505e-05,1.8042690498987213e-05,18.55876922607422,1.029760718345642,1.9032493829727173,4.533799801720306e-05,3.116780135314912e-05,52.1109504699707,0.3660595715045929
NEG_20160827_01770,,,2016-08-27 00:00:00,2016-08-27,2016,8,0,,BG,45.0,,,,IBTRACS_ERA5,OBS,0,45.0,262.5,,,3073.286492125667,test,-0.9914448613738104,-0.1305261922200516,-0.8660254037844385,-0.5000000000000004,30.218250274658203,28.370677947998047,219.23422241210935,2.427367508062161e-05,19.43387985229492,26.664142608642575,21.643043518066406,232.6524658203125,0.000160083945957,42.88457489013672,15.797714233398438,8.786018371582031,259.4417724609375,0.0012584517244249,47.415924072265625,8.284488677978516,5.656288146972656,275.50537109375,0.0048386733978986,74.92559814453125,0.7652626037597656,6.407142639160156,285.16082763671875,0.0075777061283588,73.37255859375,-2.350761496927589e-05,1.969115692190826e-05,36.74065017700195,16.345972061157227,14.172633171081545,1.6899042748264037e-05,4.4683398300549015e-05,66.44342041015625,4.70536470413208
NEG_20160827_02586,,,2016-08-27 00:00:00,2016-08-27,2016,8,0,,BG,12.5,,,,IBTRACS_ERA5,OBS,0,12.5,317.5,,,1776.4822057340016,test,-0.6755902076156605,0.7372773368101239,-0.8660254037844385,-0.5000000000000004,-8.916759490966797,2.571727752685547,219.05844116210935,2.9856022592866797e-05,24.412029266357425,-10.116374969482422,2.9274673461914062,242.01031494140625,7.602650293847546e-05,8.001005172729492,-10.557144165039062,1.4140701293945312,266.9754638671875,0.0007127562421374,14.802101135253906,-13.372005462646484,-2.800010681152344,283.558349609375,0.0053433459252119,47.358028411865234,-8.437252044677734,-4.026206970214844,291.98541259765625,0.0101290829479694,63.068546295166016,5.303394573275e-06,4.148359494138276e-06,6.615335941314697,-10.2799072265625,0.0174095146358013,1.6844609490362927e-05,1.5473820894840173e-05,45.7774543762207,1.953708291053772
NEG_20160827_03745,,,2016-08-27 00:00:00,2016-08-27,2016,8,0,,BG,7.5,,,,IBTRACS_ERA5,OBS,0,7.5,267.5,,,3727.9361984907537,test,-0.9990482215818578,-0.0436193873653361,-0.8660254037844385,-0.5000000000000004,-14.553722381591797,-4.176685333251953,220.64822387695312,4.539979636319913e-05,30.72579002380371,-9.729900360107422,-1.7036361694335938,242.14044189453125,0.0005745039088651,59.714637756347656,-0.7686920166015625,3.9536209106445312,268.1986083984375,0.0021063874009996,39.84970474243164,-0.8915367126464844,-2.935386657714844,281.9967041015625,0.0080412309616804,79.20323181152344,4.141971588134766,-1.5457382202148438,289.84796142578125,0.0126632936298847,90.33097076416016,6.715265953971539e-06,6.014798145770328e-06,18.879905700683597,-4.360375881195068,-1.2815650701522827,2.059550206467975e-05,2.345691609662026e-05,76.03255462646484,5.883711338043213
NEG_20160827_04059,,,2016-08-27 00:00:00,2016-08-27,2016,8,0,,BG,10.0,,,,IBTRACS_ERA5,OBS,0,10.0,272.5,,,3158.5145524665427,test,-0.9990482215818578,0.0436193873653357,-0.8660254037844385,-0.5000000000000004,-10.441905975341797,-5.263355255126953,219.51437377929688,7.657860987819731e-05,59.29071807861328,-5.153728485107422,1.4970474243164062,242.8177490234375,0.00066468201112,64.7803955078125,-3.9444732666015625,4.938362121582031,267.691650390625,0.0042614229023456,83.7869873046875,-3.0306968688964844,2.146034240722656,282.607421875,0.0080323498696088,75.9053726196289,-4.691036224365234,0.0465469360351562,290.83660888671875,0.0124764330685138,83.55217742919922,1.3825405403622426e-05,9.706134733278304e-06,7.827360153198242,-5.452368259429932,0.6729270815849304,2.059550206467975e-05,2.345691609662026e-05,76.44807434082031,4.362462997436523
NEG_20160827_04207,,,2016-08-27 00:00:00,2016-08-27,2016,8,0,,BG,37.5,,,,IBTRACS_ERA5,OBS,0,37.5,5.0,,,5269.476870542961,test,0.0871557427476581,0.9961946980917455,-0.8660254037844385,-0.5000000000000004,6.505847930908203,-2.494312286376953,223.33737182617188,1.2907814380014315e-05,6.3893208503723145,6.272541046142578,-10.157737731933594,235.591552734375,0.0001179732789751,23.35258674621582,1.9434661865234373,-5.305046081542969,264.0384521484375,0.000627864326816,16.374467849731445,3.955387115478516,-2.025108337402344,283.462646484375,0.0012200159253552,10.88277816772461,-0.4888877868652344,0.9930801391601562,293.0326538085937,0.0066752918064594,38.913944244384766,3.11282929033041e-06,-7.029087555565639e-06,7.815896034240723,3.637670993804932,-3.7978248596191406,2.737108115979936e-05,1.2319997949816752e-05,34.902137756347656,1.9610483646392824
IBT_2016235N11341_2016082800,2016235N11341,GASTON,2016-08-28 00:00:00,2016-08-28,2016,8,0,,TS,29.299999237060547,305.79998779296875,75.0,980.0,IBTRACS_ERA5,OBS,1,29.299999237060547,305.79998779296875,2016235N11341,GASTON,0.0,test,-0.8110639436162299,0.5849575021877137,-0.8660254037844385,-0.5000000000000004,-0.3086013793945312,0.5657844543457031,222.1226959228516,0.000108109015855,61.568115234375,4.778007507324219,-3.032855987548828,244.35345458984372,0.0008499639807268,71.69488525390625,4.383953094482422,-3.2577896118164062,269.8847961425781,0.0047864308580756,79.749755859375,2.829448699951172,-0.4499893188476562,283.4820861816406,0.0088594406843185,78.9246826171875,2.362613677978516,-0.4327583312988281,291.57330322265625,0.0146907595917582,93.88630676269533,0.000110154513095,9.321199468104167e-05,2.851749897003174,2.809084415435791,-1.3215217590332031,0.000110154513095,9.321199468104167e-05,44.70014953613281,2.851749897003174
IBT_2016235N11341_2016082806,2016235N11341,GASTON,2016-08-28 06:00:00,2016-08-28,2016,8,6,,TS,29.899999618530277,305.5,80.0,976.0,IBTRACS_ERA5,OBS,1,29.899999618530277,305.5,2016235N11341,GASTON,0.0,test,-0.814115518356319,0.58070295571094,-0.8660254037844385,-0.5000000000000004,-0.3086013793945312,0.5657844543457031,222.1226959228516,0.000108109015855,61.568115234375,4.778007507324219,-3.032855987548828,244.35345458984372,0.0008499639807268,71.69488525390625,4.383953094482422,-3.2577896118164062,269.8847961425781,0.0047864308580756,79.749755859375,2.829448699951172,-0.4499893188476562,283.4820861816406,0.0088594406843185,78.9246826171875,2.362613677978516,-0.4327583312988281,291.57330322265625,0.0146907595917582,93.88630676269533,0.000110154513095,9.321199468104167e-05,2.851749897003174,2.809084415435791,-1.3215217590332031,0.000110154513095,9.321199468104167e-05,44.70014953613281,2.851749897003174
IBT_2016235N11341_2016082812,2016235N11341,GASTON,2016-08-28 12:00:00,2016-08-28,2016,8,12,,TS,30.299999237060547,305.29998779296875,90.0,969.0,IBTRACS_ERA5,OBS,1,30.299999237060547,305.29998779296875,2016235N11341,GASTON,0.0,test,-0.8161377131943772,0.577857450503022,-0.8660254037844385,-0.5000000000000004,-0.3086013793945312,0.5657844543457031,222.1226959228516,0.000108109015855,61.568115234375,4.778007507324219,-3.032855987548828,244.35345458984372,0.0008499639807268,71.69488525390625,4.383953094482422,-3.2577896118164062,269.8847961425781,0.0047864308580756,79.749755859375,2.829448699951172,-0.4499893188476562,283.4820861816406,0.0088594406843185,78.9246826171875,2.362613677978516,-0.4327583312988281,291.57330322265625,0.0146907595917582,93.88630676269533,0.000110154513095,9.321199468104167e-05,2.851749897003174,2.809084415435791,-1.3215217590332031,0.000110154513095,9.321199468104167e-05,44.70014953613281,2.851749897003174
IBT_2016235N11341_2016082818,2016235N11341,GASTON,2016-08-28 18:00:00,2016-08-28,2016,8,18,,TS,30.5,305.0,100.0,962.0,IBTRACS_ERA5,OBS,1,30.5,305.0,2016235N11341,GASTON,0.0,test,-0.8191520442889918,0.573576436351046,-0.8660254037844385,-0.5000000000000004,-0.3086013793945312,0.5657844543457031,222.1226959228516,0.000108109015855,61.568115234375,4.778007507324219,-3.032855987548828,244.35345458984372,0.0008499639807268,71.69488525390625,4.383953094482422,-3.2577896118164062,269.8847961425781,0.0047864308580756,79.749755859375,2.829448699951172,-0.4499893188476562,283.4820861816406,0.0088594406843185,78.9246826171875,2.362613677978516,-0.4327583312988281,291.57330322265625,0.0146907595917582,93.88630676269533,0.000110154513095,9.321199468104167e-05,2.851749897003174,2.809084415435791,-1.3215217590332031,0.000110154513095,9.321199468104167e-05,44.70014953613281,2.851749897003174
IBT_2016240N31295_2016082800,2016240N31295,UNNAMED,2016-08-28 00:00:00,2016-08-28,2016,8,0,,DS,31.100000381469727,292.20001220703125,25.0,1011.0,IBTRACS_ERA5,OBS,1,31.100000381469727,292.20001220703125,2016240N31295,UNNAMED,0.0,test,-0.9258705043099033,0.3778409840778596,-0.8660254037844385,-0.5000000000000004,-11.273200988769531,-1.5806999206542969,219.6648101806641,3.409029159229249e-05,25.924938201904297,-10.13751983642578,-1.476947784423828,241.77532958984372,0.0002402084355708,25.85358619689941,-3.711750030517578,-0.2629165649414062,268.0483703613281,0.0012534849811345,23.986024856567383,-1.849750518798828,3.473838806152344,283.5431213378906,0.0031410306692123,27.867431640625,2.082096099853516,2.735698699951172,290.93048095703125,0.0108799366280436,72.42691802978516,2.280800799780991e-05,1.36816515805549e-06,14.035499572753906,-4.978024959564209,0.5777946710586548,3.742704575415701e-05,2.5049825126188807e-05,53.81626892089844,3.4756875038146973
IBT_2016240N31295_2016082806,2016240N31295,UNNAMED,2016-08-28 06:00:00,2016-08-28,2016,8,6,,DS,31.299999237060547,291.29998779296875,25.0,1011.0,IBTRACS_ERA5,OBS,1,31.299999237060547,291.29998779296875,2016240N31295,UNNAMED,0.0,test,-0.9316913049772514,0.3632510319734637,-0.8660254037844385,-0.5000000000000004,-12.806648254394531,1.2914924621582031,219.5409698486328,4.667665052693337e-05,36.02472686767578,-11.38581085205078,2.907939910888672,242.22625732421875,0.0002432594483252,25.07872009277344,-7.227008819580078,2.0075912475585938,268.5503845214844,0.0022702061105519,41.81964874267578,-7.736347198486328,4.598716735839844,283.2206115722656,0.0072463005781173,65.69998168945312,-8.157894134521484,5.299785614013672,291.0399780273437,0.0121835200116038,80.54212188720703,2.673064955160953e-05,8.365568646695465e-07,6.138185977935791,-9.46274185180664,3.221105098724365,3.742704575415701e-05,2.5049825126188807e-05,48.062644958496094,3.4756875038146973
IBT_2016240N31295_2016082812,2016240N31295,UNNAMED,2016-08-28 12:00:00,2016-08-28,2016,8,12,,TS,31.5,290.3999938964844,30.0,1010.0,IBTRACS_ERA5,OBS,1,31.5,290.3999938964844,2016240N31295,UNNAMED,0.0,test,-0.9372820266240268,0.348571947476496,-0.8660254037844385,-0.5000000000000004,-12.868415832519531,6.885364532470703,219.94471740722656,6.69073051540181e-05,49.214630126953125,-9.99689483642578,7.238628387451172,242.19805908203125,0.0003095882420893,32.00273132324219,-7.222492218017578,2.2871322631835938,268.6476135253906,0.0025024705100804,45.76057434082031,-7.919574737548828,0.0185165405273437,283.1820373535156,0.0075234621763229,68.39044189453125,-8.849056243896484,-1.872455596923828,290.95269775390625,0.0129168657585978,85.86518859863281,3.742704575415701e-05,1.5844088920857757e-05,9.636112213134766,-9.371286392211914,2.9114372730255127,3.742704575415701e-05,2.621876774355769e-05,47.75440979003906,3.4756875038146973
IBT_2016240N31295_2016082818,2016240N31295,UNNAMED,2016-08-28 18:00:00,2016-08-28,2016,8,18,,TS,31.700000762939453,289.3999938964844,30.0,1010.0,IBTRACS_ERA5,OBS,1,31.700000762939453,289.3999938964844,2016240N31295,UNNAMED,0.0,test,-0.9432226933315396,0.3321610314055461,-0.8660254037844385,-0.5000000000000004,-12.868415832519531,6.885364532470703,219.94471740722656,6.69073051540181e-05,49.214630126953125,-9.99689483642578,7.238628387451172,242.19805908203125,0.0003095882420893,32.00273132324219,-7.222492218017578,2.2871322631835938,268.6476135253906,0.0025024705100804,45.76057434082031,-7.919574737548828,0.0185165405273437,283.1820373535156,0.0075234621763229,68.39044189453125,-8.849056243896484,-1.872455596923828,290.95269775390625,0.0129168657585978,85.86518859863281,3.742704575415701e-05,1.5844088920857757e-05,9.636112213134766,-9.371286392211914,2.9114372730255127,3.742704575415701e-05,2.621876774355769e-05,47.75440979003906,3.4756875038146973
IBT_2016242N24279_2016082818,2016242N24279,HERMINE,2016-08-28 18:00:00,2016-08-28,2016,8,18,,TS,23.799999237060547,278.6000061035156,30.0,1009.0,IBTRACS_ERA5,OBS,1,23.799999237060547,278.6000061035156,2016242N24279,HERMINE,0.0,test,-0.9887563651175318,0.1495354487724098,-0.8660254037844385,-0.5000000000000004,0.7175216674804688,-5.576061248779297,220.63282775878903,6.550007674377412e-05,44.40987777709961,-0.9993362426757812,-6.118061065673828,243.33782958984372,0.0004394593124743,40.77555847167969,-5.259845733642578,-1.1093521118164062,267.6194152832031,0.0030953281093388,61.1954231262207,-7.227924346923828,-1.960243225097656,283.5692443847656,0.0070514529943466,62.45123672485352,-7.604671478271484,-1.672992706298828,291.80670166015625,0.011955919675529,75.2884750366211,1.6038962712627836e-05,9.198307452606969e-06,9.191998481750488,-4.074851036071777,-3.287342071533203,3.734736674232408e-05,3.138981992378831e-05,64.49385070800781,3.171929121017456
NEG_20160828_00827,,,2016-08-28 00:00:00,2016-08-28,2016,8,0,,BG,50.0,,,,IBTRACS_ERA5,OBS,0,50.0,285.0,,,2067.321536656243,test,-0.9659258262890684,0.2588190451025203,-0.8660254037844385,-0.5000000000000004,54.54637908935547,12.683948516845703,217.97596740722656,4.055646422784776e-05,37.78694152832031,34.32781219482422,6.594585418701172,234.57293701171875,0.0002947466855403,64.7314682006836,15.182292938232422,5.954124450683594,260.7634582519531,0.002308189170435,78.12248229980469,7.981304168701172,5.175010681152344,275.5509338378906,0.0039477795362472,60.93165588378906,1.810855865478516,5.889995574951172,282.15679931640625,0.0073375734500586,86.90553283691406,1.2707516361842863e-05,-3.3232317946385592e-06,53.17135620117188,22.76972961425781,7.259532928466797,2.496387969586067e-05,2.6847124900086783e-05,59.86061477661133,20.52936744689941
IBT_2016235N11341_2016082900,2016235N11341,GASTON,2016-08-29 00:00:00,2016-08-29,2016,8,0,,TS,30.600000381469727,304.79998779296875,105.0,955.0,IBTRACS_ERA5,OBS,1,30.600000381469727,304.79998779296875,2016235N11341,GASTON,0.0,test,-0.8211493307258587,0.5707133927362089,-0.8660254037844385,-0.5000000000000004,12.646827697753906,3.809249877929688,223.72235107421875,0.0001328520302195,62.9260139465332,14.034244537353516,12.161457061767578,246.3871612548828,0.0011142098810523,77.86190795898438,21.56583023071289,10.916770935058594,268.0650634765625,0.0053234901279211,101.73844909667967,24.035839080810547,15.071025848388672,282.33642578125,0.0090756919234991,87.35391998291016,24.283302307128903,14.71432876586914,291.4777526855469,0.0142577569931745,91.6721420288086,0.0001079866342479,0.000101427998743,15.947673797607422,19.313209533691406,11.334566116333008,0.0001079866342479,0.000101427998743,48.21028900146485,2.2506697177886963
IBT_2016235N11341_2016082906,2016235N11341,GASTON,2016-08-29 06:00:00,2016-08-29,2016,8,6,,TS,30.700000762939453,304.70001220703125,100.0,960.0,IBTRACS_ERA5,OBS,1,30.700000762939453,304.70001220703125,2016235N11341,GASTON,0.0,test,-0.822143919744073,0.5692796985909926,-0.8660254037844385,-0.5000000000000004,12.646827697753906,3.809249877929688,223.72235107421875,0.0001328520302195,62.9260139465332,14.034244537353516,12.161457061767578,246.3871612548828,0.0011142098810523,77.86190795898438,21.56583023071289,10.916770935058594,268.0650634765625,0.0053234901279211,101.73844909667967,24.035839080810547,15.071025848388672,282.33642578125,0.0090756919234991,87.35391998291016,24.283302307128903,14.71432876586914,291.4777526855469,0.0142577569931745,91.6721420288086,0.0001079866342479,0.000101427998743,15.947673797607422,19.313209533691406,11.334566116333008,0.0001079866342479,0.000101427998743,48.21028900146485,2.2506697177886963
IBT_2016235N11341_2016082912,2016235N11341,GASTON,2016-08-29 12:00:00,2016-08-29,2016,8,12,,TS,30.799999237060547,304.6000061035156,95.0,964.0,IBTRACS_ERA5,OBS,1,30.799999237060547,304.6000061035156,2016235N11341,GASTON,0.0,test,-0.8231363080440628,0.5678438327388876,-0.8660254037844385,-0.5000000000000004,12.646827697753906,3.809249877929688,223.72235107421875,0.0001328520302195,62.9260139465332,14.034244537353516,12.161457061767578,246.3871612548828,0.0011142098810523,77.86190795898438,21.56583023071289,10.916770935058594,268.0650634765625,0.0053234901279211,101.73844909667967,24.035839080810547,15.071025848388672,282.33642578125,0.0090756919234991,87.35391998291016,24.283302307128903,14.71432876586914,291.4777526855469,0.0142577569931745,91.6721420288086,0.0001079866342479,0.000101427998743,15.947673797607422,19.313209533691406,11.334566116333008,0.0001079866342479,0.000101427998743,48.21028900146485,2.2506697177886963
IBT_2016235N11341_2016082918,2016235N11341,GASTON,2016-08-29 18:00:00,2016-08-29,2016,8,18,,TS,31.100000381469727,304.6000061035156,90.0,967.0,IBTRACS_ERA5,OBS,1,31.100000381469727,304.6000061035156,2016235N11341,GASTON,0.0,test,-0.8231363080440628,0.5678438327388876,-0.8660254037844385,-0.5000000000000004,12.646827697753906,3.809249877929688,223.72235107421875,0.0001328520302195,62.9260139465332,14.034244537353516,12.161457061767578,246.3871612548828,0.0011142098810523,77.86190795898438,21.56583023071289,10.916770935058594,268.0650634765625,0.0053234901279211,101.73844909667967,24.035839080810547,15.071025848388672,282.33642578125,0.0090756919234991,87.35391998291016,24.283302307128903,14.71432876586914,291.4777526855469,0.0142577569931745,91.6721420288086,0.0001079866342479,0.000101427998743,15.947673797607422,19.313209533691406,11.334566116333008,0.0001079866342479,0.000101427998743,48.21028900146485,2.2506697177886963
IBT_2016240N31295_2016082900,2016240N31295,UNNAMED,2016-08-29 00:00:00,2016-08-29,2016,8,0,,TS,32.0,288.29998779296875,30.0,1010.0,IBTRACS_ERA5,OBS,1,32.0,288.29998779296875,2016240N31295,UNNAMED,0.0,test,-0.9494255445388816,0.3139922536895588,-0.8660254037844385,-0.5000000000000004,-7.450950622558594,10.035446166992188,219.94482421875,3.08060843963176e-05,22.659576416015625,-7.233089447021484,8.029010772705078,240.66651916503903,0.0001516917545814,18.163822174072266,-3.632656097412109,4.322288513183594,267.9293212890625,0.0017325782682746,33.4549674987793,-3.778369903564453,3.152935028076172,283.5654296875,0.0067542698234319,59.83455657958984,-2.3806381225585938,3.2022438049316406,291.5817565917969,0.0137132685631513,87.59241485595703,4.184508725302294e-05,1.768063611962134e-06,8.508861541748047,-4.895140647888184,5.748384952545166,4.184508725302294e-05,1.606061778147705e-05,49.02682113647461,4.494288444519043
IBT_2016240N31295_2016082906,2016240N31295,UNNAMED,2016-08-29 06:00:00,2016-08-29,2016,8,6,,TS,32.400001525878906,287.3999938964844,30.0,1010.0,IBTRACS_ERA5,OBS,1,32.400001525878906,287.3999938964844,2016240N31295,UNNAMED,0.0,test,-0.9542403603720238,0.299040690604256,-0.8660254037844385,-0.5000000000000004,-7.450950622558594,10.035446166992188,219.94482421875,3.08060843963176e-05,22.659576416015625,-7.233089447021484,8.029010772705078,240.66651916503903,0.0001516917545814,18.163822174072266,-3.632656097412109,4.322288513183594,267.9293212890625,0.0017325782682746,33.4549674987793,-3.778369903564453,3.152935028076172,283.5654296875,0.0067542698234319,59.83455657958984,-2.3806381225585938,3.2022438049316406,291.5817565917969,0.0137132685631513,87.59241485595703,4.184508725302294e-05,1.768063611962134e-06,8.508861541748047,-4.895140647888184,5.748384952545166,4.184508725302294e-05,1.606061778147705e-05,49.02682113647461,4.494288444519043
IBT_2016240N31295_2016082912,2016240N31295,UNNAMED,2016-08-29 12:00:00,2016-08-29,2016,8,12,,TS,32.900001525878906,286.79998779296875,30.0,1011.0,IBTRACS_ERA5,OBS,1,32.900001525878906,286.79998779296875,2016240N31295,UNNAMED,0.0,test,-0.9573195591111044,0.2890315929847822,-0.8660254037844385,-0.5000000000000004,-7.450950622558594,10.035446166992188,219.94482421875,3.08060843963176e-05,22.659576416015625,-7.233089447021484,8.029010772705078,240.66651916503903,0.0001516917545814,18.163822174072266,-3.632656097412109,4.322288513183594,267.9293212890625,0.0017325782682746,33.4549674987793,-3.778369903564453,3.152935028076172,283.5654296875,0.0067542698234319,59.83455657958984,-2.3806381225585938,3.2022438049316406,291.5817565917969,0.0137132685631513,87.59241485595703,4.184508725302294e-05,1.768063611962134e-06,8.508861541748047,-4.895140647888184,5.748384952545166,4.184508725302294e-05,1.606061778147705e-05,49.02682113647461,4.494288444519043
IBT_2016240N31295_2016082918,2016240N31295,UNNAMED,2016-08-29 18:00:00,2016-08-29,2016,8,18,,TS,33.400001525878906,286.20001220703125,30.0,1012.0,IBTRACS_ERA5,OBS,1,33.400001525878906,286.20001220703125,2016240N31295,UNNAMED,0.0,test,-0.9602936262370606,0.2789913106325653,-0.8660254037844385,-0.5000000000000004,-9.542869567871094,8.513839721679688,219.59637451171875,5.477180820889771e-05,41.99401473999024,-3.666683197021485,8.053791046142578,240.3581085205078,0.0003651955921668,45.05455017089844,-2.7950096130371094,3.4011459350585938,267.6121826171875,0.0019470655824989,38.51520156860352,-2.688770294189453,-0.5427436828613281,282.415283203125,0.0077496077865362,74.19261932373047,-2.2987289428710938,-4.745632171630859,290.7973327636719,0.0112485568970441,75.51789855957031,1.7981285054702312e-05,1.113221424020594e-05,15.109307289123535,-4.198412418365479,2.93608021736145,4.184508725302294e-05,2.643504558363929e-05,52.35066223144531,3.709263801574707
IBT_2016242N24279_2016082900,2016242N24279,HERMINE,2016-08-29 00:00:00,2016-08-29,2016,8,0,,TS,23.399999618530277,277.6000061035156,30.0,1007.0,IBTRACS_ERA5,OBS,1,23.399999618530277,277.6000061035156,2016242N24279,HERMINE,0.0,test,-0.9912155261627332,0.1322564958477876,-0.8660254037844385,-0.5000000000000004,-2.0741195678710938,-3.0288848876953125,221.2911376953125,9.715164196677506e-05,60.96419525146485,-3.984310150146485,-3.240520477294922,243.92030334472656,0.0006427296902984,56.45758056640625,-1.2902488708496094,-1.2424087524414062,269.016357421875,0.0047561880201101,84.58560180664062,1.0141105651855469,2.878765106201172,282.799560546875,0.0085422750562429,79.68202209472656,2.7649917602539062,6.049045562744141,290.9322204589844,0.0133376102894544,88.77764129638672,4.419864126248285e-05,3.048896905966103e-05,10.2871675491333,-0.713915228843689,0.2831993103027344,4.419864126248285e-05,3.048896905966103e-05,71.51111602783203,5.313843727111816
IBT_2016242N24279_2016082906,2016242N24279,HERMINE,2016-08-29 06:00:00,2016-08-29,2016,8,6,,TS,23.399999618530277,276.70001220703125,30.0,1007.0,IBTRACS_ERA5,OBS,1,23.399999618530277,276.70001220703125,2016242N24279,HERMINE,0.0,test,-0.993170624681426,0.1166709486972046,-0.8660254037844385,-0.5000000000000004,-2.0741195678710938,-3.0288848876953125,221.2911376953125,9.715164196677506e-05,60.96419525146485,-3.984310150146485,-3.240520477294922,243.92030334472656,0.0006427296902984,56.45758056640625,-1.2902488708496094,-1.2424087524414062,269.016357421875,0.0047561880201101,84.58560180664062,1.0141105651855469,2.878765106201172,282.799560546875,0.0085422750562429,79.68202209472656,2.7649917602539062,6.049045562744141,290.9322204589844,0.0133376102894544,88.77764129638672,4.419864126248285e-05,3.048896905966103e-05,10.2871675491333,-0.713915228843689,0.2831993103027344,4.419864126248285e-05,3.048896905966103e-05,71.51111602783203,5.313843727111816
IBT_2016242N24279_2016082912,2016242N24279,HERMINE,2016-08-29 12:00:00,2016-08-29,2016,8,12,,TS,23.5,276.0,30.0,1007.0,IBTRACS_ERA5,OBS,1,23.5,276.0,2016242N24279,HERMINE,0.0,test,-0.9945218953682734,0.1045284632676529,-0.8660254037844385,-0.5000000000000004,-2.1661605834960938,-0.0393829345703125,221.30499267578125,9.38389275688678e-05,58.78991317749024,-4.319271087646484,-2.724529266357422,243.6441192626953,0.0006875523831695,61.98158645629883,-2.1265525817871094,-4.464576721191406,268.9561767578125,0.0036600735038518,65.38785552978516,1.1146965026855469,-2.659931182861328,283.670166015625,0.0080887880176305,71.15443420410156,2.6636734008789062,-2.25515365600586,291.5712585449219,0.0130923073738813,83.68167114257812,3.944375202991069e-05,1.775605051079765e-05,5.313843727111816,-0.966722846031189,-2.4287147521972656,4.419864126248285e-05,3.048896905966103e-05,70.57061767578125,3.6529791355133057
IBT_2016242N24279_2016082918,2016242N24279,HERMINE,2016-08-29 18:00:00,2016-08-29,2016,8,18,,TS,23.700000762939453,275.3999938964844,30.0,1005.0,IBTRACS_ERA5,OBS,1,23.700000762939453,275.3999938964844,2016242N24279,HERMINE,0.0,test,-0.9955619746280984,0.0941082072648384,-0.8660254037844385,-0.5000000000000004,-2.1661605834960938,-0.0393829345703125,221.30499267578125,9.38389275688678e-05,58.78991317749024,-4.319271087646484,-2.724529266357422,243.6441192626953,0.0006875523831695,61.98158645629883,-2.1265525817871094,-4.464576721191406,268.9561767578125,0.0036600735038518,65.38785552978516,1.1146965026855469,-2.659931182861328,283.670166015625,0.0080887880176305,71.15443420410156,2.6636734008789062,-2.25515365600586,291.5712585449219,0.0130923073738813,83.68167114257812,3.944375202991069e-05,1.775605051079765e-05,5.313843727111816,-0.966722846031189,-2.4287147521972656,4.419864126248285e-05,3.048896905966103e-05,70.57061767578125,3.6529791355133057
NEG_20160829_00168,,,2016-08-29 00:00:00,2016-08-29,2016,8,0,,BG,17.5,,,,IBTRACS_ERA5,OBS,0,17.5,262.5,,,1508.1987582065767,test,-0.9914448613738104,-0.1305261922200516,-0.8660254037844385,-0.5000000000000004,-3.1192855834960938,0.7158660888671875,220.78985595703125,6.121190381236374e-05,40.74129104614258,-7.314144134521484,-0.3978691101074219,243.3742218017578,0.0003248283464927,30.03621482849121,-6.759243011474609,-2.3703384399414062,268.36236572265625,0.0021387094166129,39.96204376220703,-2.834644317626953,-1.248310089111328,283.2845458984375,0.0084326323121786,76.12759399414062,-0.1447982788085937,0.1044654846191406,293.8813171386719,0.0123136918991804,68.07575988769531,-4.970025202055695e-06,-1.975528539333027e-05,3.0366733074188232,-4.034422874450684,-0.6392372250556946,1.7753625797922723e-05,3.181410284014419e-05,69.6568832397461,0.3934478461742401
IBT_2016235N11341_2016083000,2016235N11341,GASTON,2016-08-30 00:00:00,2016-08-30,2016,8,0,,TS,31.399999618530277,305.1000061035156,85.0,970.0,IBTRACS_ERA5,OBS,1,31.399999618530277,305.1000061035156,2016235N11341,GASTON,0.0,test,-0.8181496561717543,0.575005339197855,-0.8660254037844385,-0.5000000000000004,-5.062370300292969,3.2351303100585938,223.24301147460935,0.0001246467290911,62.37146759033203,-4.821891784667969,-10.836246490478516,243.60745239257807,0.00044789200183,40.51609420776367,-7.512798309326172,-14.968353271484377,269.5228576660156,0.0025269454345107,43.26056289672852,-9.166118621826172,-11.254230499267578,283.2838439941406,0.0072729545645415,65.66142272949219,-7.961502075195312,-11.088233947753906,292.029052734375,0.0133096743375062,82.64447021484375,0.0001030603307299,7.574591290904209e-05,14.61382007598877,-6.90493631362915,-8.982386589050293,0.0001030603307299,8.487588638672605e-05,49.7388916015625,6.796864986419678
IBT_2016235N11341_2016083006,2016235N11341,GASTON,2016-08-30 06:00:00,2016-08-30,2016,8,6,,TS,31.700000762939453,305.6000061035156,85.0,970.0,IBTRACS_ERA5,OBS,1,31.700000762939453,305.6000061035156,2016235N11341,GASTON,0.0,test,-0.8131006990355331,0.5821230567740188,-0.8660254037844385,-0.5000000000000004,-5.062370300292969,3.2351303100585938,223.24301147460935,0.0001246467290911,62.37146759033203,-4.821891784667969,-10.836246490478516,243.60745239257807,0.00044789200183,40.51609420776367,-7.512798309326172,-14.968353271484377,269.5228576660156,0.0025269454345107,43.26056289672852,-9.166118621826172,-11.254230499267578,283.2838439941406,0.0072729545645415,65.66142272949219,-7.961502075195312,-11.088233947753906,292.029052734375,0.0133096743375062,82.64447021484375,0.0001030603307299,7.574591290904209e-05,14.61382007598877,-6.90493631362915,-8.982386589050293,0.0001030603307299,8.487588638672605e-05,49.7388916015625,6.796864986419678
IBT_2016235N11341_2016083012,2016235N11341,GASTON,2016-08-30 12:00:00,2016-08-30,2016,8,12,,TS,32.0,306.5,85.0,968.0,IBTRACS_ERA5,OBS,1,32.0,306.5,2016235N11341,GASTON,0.0,test,-0.8038568606172173,0.5948227867513414,-0.8660254037844385,-0.5000000000000004,7.023811340332031,8.219383239746094,222.9002990722656,0.0001210155096487,62.989139556884766,-4.636955261230469,7.489192962646484,244.80044555664065,0.000731574720703,59.19043350219727,-4.368755340576172,11.573150634765623,268.4641418457031,0.0036432510241866,67.5519790649414,-2.900249481201172,15.344524383544922,283.0602111816406,0.0073567884974181,67.42684173583984,-1.9027862548828125,18.554222106933597,291.584228515625,0.0127723086625337,81.56934356689453,8.537400572095066e-05,8.487588638672605e-05,13.656245231628418,-1.3569869995117188,12.23609447479248,0.0001030603307299,8.487588638672605e-05,53.31628036499024,6.796864986419678
IBT_2016235N11341_2016083018,2016235N11341,GASTON,2016-08-30 18:00:00,2016-08-30,2016,8,18,,TS,32.400001525878906,307.5,95.0,963.0,IBTRACS_ERA5,OBS,1,32.400001525878906,307.5,2016235N11341,GASTON,0.0,test,-0.7933533402912352,0.6087614290087205,-0.8660254037844385,-0.5000000000000004,7.023811340332031,8.219383239746094,222.9002990722656,0.0001210155096487,62.989139556884766,-4.636955261230469,7.489192962646484,244.80044555664065,0.000731574720703,59.19043350219727,-4.368755340576172,11.573150634765623,268.4641418457031,0.0036432510241866,67.5519790649414,-2.900249481201172,15.344524383544922,283.0602111816406,0.0073567884974181,67.42684173583984,-1.9027862548828125,18.554222106933597,291.584228515625,0.0127723086625337,81.56934356689453,8.537400572095066e-05,8.487588638672605e-05,13.656245231628418,-1.3569869995117188,12.23609447479248,0.0001030603307299,8.487588638672605e-05,53.31628036499024,6.796864986419678
IBT_2016240N31295_2016083000,2016240N31295,UNNAMED,2016-08-30 00:00:00,2016-08-30,2016,8,0,,TS,33.70000076293945,285.5,30.0,1012.0,IBTRACS_ERA5,OBS,1,33.70000076293945,285.5,2016240N31295,UNNAMED,0.0,test,-0.9636304532086232,0.2672383760782567,-0.8660254037844385,-0.5000000000000004,2.2225418090820312,0.8376693725585938,218.74984741210935,6.416478572646156e-05,54.44643783569336,4.246223449707031,4.655941009521484,241.10354614257807,0.0004576001083478,52.53153610229492,2.370990753173828,5.027984619140625,266.4900207519531,0.0023768758401274,51.23580551147461,2.983783721923828,1.117351531982422,282.9523010253906,0.0062537752091884,57.73630142211914,4.219894409179688,1.2428207397460938,291.488037109375,0.0115868616849184,74.45073699951172,2.973015944007784e-05,5.27594465893344e-06,2.038029670715332,3.208686828613281,2.5763535499572754,3.5153534554410726e-05,2.499723268556409e-05,61.296295166015625,2.038029670715332
IBT_2016240N31295_2016083006,2016240N31295,UNNAMED,2016-08-30 06:00:00,2016-08-30,2016,8,6,,TS,33.900001525878906,285.0,30.0,1011.0,IBTRACS_ERA5,OBS,1,33.900001525878906,285.0,2016240N31295,UNNAMED,0.0,test,-0.9659258262890684,0.2588190451025203,-0.8660254037844385,-0.5000000000000004,-0.0970382690429687,3.2671127319335938,219.32394409179688,7.480048952857032e-05,59.24690246582031,2.1283035278320312,-2.911685943603516,241.04568481445312,0.0005014057969674,57.8819694519043,-3.876811981201172,0.292144775390625,266.3424377441406,0.0032433038577437,70.71116638183594,-5.906352996826172,1.054607391357422,282.7516174316406,0.0065929852426052,61.69873428344727,-8.261550903320312,-1.5972671508789062,291.376953125,0.0119084287434816,77.05754089355469,3.5153534554410726e-05,1.5160683688009158e-05,9.50376033782959,-3.2026901245117188,0.0209823604673147,3.5153534554410726e-05,2.499723268556409e-05,50.17793273925781,2.038029670715332
IBT_2016240N31295_2016083012,2016240N31295,UNNAMED,2016-08-30 12:00:00,2016-08-30,2016,8,12,,TS,34.20000076293945,285.0,30.0,1011.0,IBTRACS_ERA5,OBS,1,34.20000076293945,285.0,2016240N31295,UNNAMED,0.0,test,-0.9659258262890684,0.2588190451025203,-0.8660254037844385,-0.5000000000000004,-0.0970382690429687,3.2671127319335938,219.32394409179688,7.480048952857032e-05,59.24690246582031,2.1283035278320312,-2.911685943603516,241.04568481445312,0.0005014057969674,57.8819694519043,-3.876811981201172,0.292144775390625,266.3424377441406,0.0032433038577437,70.71116638183594,-5.906352996826172,1.054607391357422,282.7516174316406,0.0065929852426052,61.69873428344727,-8.261550903320312,-1.5972671508789062,291.376953125,0.0119084287434816,77.05754089355469,3.5153534554410726e-05,1.5160683688009158e-05,9.50376033782959,-3.2026901245117188,0.0209823604673147,3.5153534554410726e-05,2.499723268556409e-05,50.17793273925781,2.038029670715332
IBT_2016240N31295_2016083018,2016240N31295,UNNAMED,2016-08-30 18:00:00,2016-08-30,2016,8,18,,TS,34.400001525878906,285.1000061035156,30.0,1011.0,IBTRACS_ERA5,OBS,1,34.400001525878906,285.1000061035156,2016240N31295,UNNAMED,0.0,test,-0.9654726031286006,0.2605046114910129,-0.8660254037844385,-0.5000000000000004,-0.0970382690429687,3.2671127319335938,219.32394409179688,7.480048952857032e-05,59.24690246582031,2.1283035278320312,-2.911685943603516,241.04568481445312,0.0005014057969674,57.8819694519043,-3.876811981201172,0.292144775390625,266.3424377441406,0.0032433038577437,70.71116638183594,-5.906352996826172,1.054607391357422,282.7516174316406,0.0065929852426052,61.69873428344727,-8.261550903320312,-1.5972671508789062,291.376953125,0.0119084287434816,77.05754089355469,3.5153534554410726e-05,1.5160683688009158e-05,9.50376033782959,-3.2026901245117188,0.0209823604673147,3.5153534554410726e-05,2.499723268556409e-05,50.17793273925781,2.038029670715332
IBT_2016242N24279_2016083000,2016242N24279,HERMINE,2016-08-30 00:00:00,2016-08-30,2016,8,0,,TS,23.799999237060547,274.6000061035156,30.0,1003.0,IBTRACS_ERA5,OBS,1,23.799999237060547,274.6000061035156,2016242N24279,HERMINE,0.0,test,-0.9967788699129352,0.0801990305121676,-0.8660254037844385,-0.5000000000000004,8.407844543457031,2.4726791381835938,221.60275268554688,0.0001009706538752,61.09270477294922,0.9119949340820312,1.3895835876464844,243.69143676757807,0.0005884881829842,52.81567001342773,-7.553569793701172,-1.584320068359375,269.4247131347656,0.0038680499419569,66.70958709716797,-7.881938934326172,2.700603485107422,284.2101135253906,0.0096952281892299,82.25524139404297,-7.676589965820312,6.946189880371094,291.74609375,0.0134672094136476,85.13091278076172,5.386874545365572e-05,1.1488400559755974e-05,16.694950103759766,-2.7584519386291504,2.3849472999572754,5.386874545365572e-05,3.971720070694573e-05,71.86871337890625,7.742073535919189
IBT_2016242N24279_2016083006,2016242N24279,HERMINE,2016-08-30 06:00:00,2016-08-30,2016,8,6,,TS,23.799999237060547,273.79998779296875,30.0,1003.0,IBTRACS_ERA5,OBS,1,23.799999237060547,273.79998779296875,2016242N24279,HERMINE,0.0,test,-0.9978014824118732,0.0662736878155149,-0.8660254037844385,-0.5000000000000004,8.407844543457031,2.4726791381835938,221.60275268554688,0.0001009706538752,61.09270477294922,0.9119949340820312,1.3895835876464844,243.69143676757807,0.0005884881829842,52.81567001342773,-7.553569793701172,-1.584320068359375,269.4247131347656,0.0038680499419569,66.70958709716797,-7.881938934326172,2.700603485107422,284.2101135253906,0.0096952281892299,82.25524139404297,-7.676589965820312,6.946189880371094,291.74609375,0.0134672094136476,85.13091278076172,5.386874545365572e-05,1.1488400559755974e-05,16.694950103759766,-2.7584519386291504,2.3849472999572754,5.386874545365572e-05,3.971720070694573e-05,71.86871337890625,7.742073535919189
IBT_2016242N24279_2016083012,2016242N24279,HERMINE,2016-08-30 12:00:00,2016-08-30,2016,8,12,,TS,23.899999618530277,273.20001220703125,30.0,1003.0,IBTRACS_ERA5,OBS,1,23.899999618530277,273.20001220703125,2016242N24279,HERMINE,0.0,test,-0.9984407522890256,0.05582171771385,-0.8660254037844385,-0.5000000000000004,7.485481262207031,7.072776794433594,221.68649291992188,7.910785643616691e-05,47.39889907836914,1.9386062622070312,0.6146812438964844,243.53628540039065,0.0002646486973389,24.10082626342773,-5.425640106201172,-3.173431396484375,269.4374084472656,0.0023583238944411,40.63362503051758,-7.976665496826172,-3.274005889892578,285.4903869628906,0.0085091553628444,66.29546356201172,-10.473464965820312,-4.884620666503906,292.690185546875,0.0140324998646974,83.58000946044922,5.315997259458527e-05,2.6909619919024408e-06,21.57552146911621,-2.890336513519287,-0.7289199829101562,5.386874545365572e-05,3.971720070694573e-05,69.439208984375,4.719365119934082
IBT_2016242N24279_2016083018,2016242N24279,HERMINE,2016-08-30 18:00:00,2016-08-30,2016,8,18,,TS,24.0,272.70001220703125,30.0,1003.0,IBTRACS_ERA5,OBS,1,24.0,272.70001220703125,2016242N24279,HERMINE,0.0,test,-0.998889864925782,0.0471066635260131,-0.8660254037844385,-0.5000000000000004,7.485481262207031,7.072776794433594,221.68649291992188,7.910785643616691e-05,47.39889907836914,1.9386062622070312,0.6146812438964844,243.53628540039065,0.0002646486973389,24.10082626342773,-5.425640106201172,-3.173431396484375,269.4374084472656,0.0023583238944411,40.63362503051758,-7.976665496826172,-3.274005889892578,285.4903869628906,0.0085091553628444,66.29546356201172,-10.473464965820312,-4.884620666503906,292.690185546875,0.0140324998646974,83.58000946044922,5.315997259458527e-05,2.6909619919024408e-06,21.57552146911621,-2.890336513519287,-0.7289199829101562,5.386874545365572e-05,3.971720070694573e-05,69.439208984375,4.719365119934082
NEG_20160830_01025,,,2016-08-30 00:00:00,2016-08-30,2016,8,0,,BG,47.5,,,,IBTRACS_ERA5,OBS,0,47.5,325.0,,,2235.4328085933275,test,-0.5735764363510465,0.8191520442889916,-0.8660254037844385,-0.5000000000000004,37.40027618408203,-8.562721252441406,217.2393493652344,2.696403498703148e-05,27.48092269897461,32.24768829345703,-6.208805084228516,233.1278381347656,0.0002588484203442,65.99165344238281,22.845111846923828,2.055816650390625,259.0000305175781,0.0018139100866392,70.8582534790039,13.903949737548828,2.126628875732422,273.5565490722656,0.0015232523437589,27.14101219177246,9.366134643554688,1.6541976928710938,276.741943359375,0.004716055933386,81.27172088623047,-2.4970278900582343e-05,-1.6933319784584455e-05,29.837871551513672,23.15262985229492,-1.7869765758514404,3.39493271894753e-05,2.7376660000300035e-05,37.93191909790039,7.587667465209961
IBT_2016235N11341_2016083100,2016235N11341,GASTON,2016-08-31 00:00:00,2016-08-31,2016,8,0,,TS,32.70000076293945,308.5,105.0,955.0,IBTRACS_ERA5,OBS,1,32.70000076293945,308.5,2016235N11341,GASTON,0.0,test,-0.782608156852414,0.6225146366376193,-0.8660254037844385,-0.5000000000000004,10.378345489501951,-4.663825988769531,222.6576995849609,5.115777094033547e-05,27.38365364074707,10.942035675048828,-9.91814422607422,242.85772705078125,0.000201026618015,19.518146514892575,11.97073745727539,-16.107376098632812,268.8531799316406,0.0011535948142409,20.76988983154297,9.032600402832031,-10.650169372558594,282.7455749511719,0.0071632615290582,67.06290435791016,8.298397064208984,-12.1600341796875,291.0888977050781,0.0120572438463568,79.45995330810547,5.3659350669477135e-05,2.990256325574592e-05,7.779416561126709,10.124423027038574,-10.699910163879396,9.87357198027894e-05,8.821822120808065e-05,50.12143707275391,2.243730306625366
IBT_2016235N11341_2016083106,2016235N11341,GASTON,2016-08-31 06:00:00,2016-08-31,2016,8,6,,TS,33.099998474121094,309.5,105.0,955.0,IBTRACS_ERA5,OBS,1,33.099998474121094,309.5,2016235N11341,GASTON,0.0,test,-0.7716245833877202,0.6360782202777636,-0.8660254037844385,-0.5000000000000004,10.200000762939451,1.5012130737304688,223.0164031982422,9.194247832056136e-05,47.22089767456055,13.495868682861328,3.044868469238281,244.99090576171875,0.0007436673040501,59.11313247680664,17.99954605102539,3.649337768554688,268.3666076660156,0.0032485118135809,60.67934036254883,19.67713165283203,9.324562072753906,282.7994079589844,0.0085215922445058,79.48992156982422,17.307918548583984,9.3153076171875,291.3397521972656,0.0128284683451056,83.20701599121094,9.87357198027894e-05,8.821822120808065e-05,10.563264846801758,15.736093521118164,5.367057800292969,9.87357198027894e-05,8.821822120808065e-05,50.8457145690918,2.243730306625366
IBT_2016235N11341_2016083112,2016235N11341,GASTON,2016-08-31 12:00:00,2016-08-31,2016,8,12,,TS,33.70000076293945,310.79998779296875,100.0,960.0,IBTRACS_ERA5,OBS,1,33.70000076293945,310.79998779296875,2016235N11341,GASTON,0.0,test,-0.7569951948648856,0.6534204427101082,-0.8660254037844385,-0.5000000000000004,10.200000762939451,1.5012130737304688,223.0164031982422,9.194247832056136e-05,47.22089767456055,13.495868682861328,3.044868469238281,244.99090576171875,0.0007436673040501,59.11313247680664,17.99954605102539,3.649337768554688,268.3666076660156,0.0032485118135809,60.67934036254883,19.67713165283203,9.324562072753906,282.7994079589844,0.0085215922445058,79.48992156982422,17.307918548583984,9.3153076171875,291.3397521972656,0.0128284683451056,83.20701599121094,9.87357198027894e-05,8.821822120808065e-05,10.563264846801758,15.736093521118164,5.367057800292969,9.87357198027894e-05,8.821822120808065e-05,50.8457145690918,2.243730306625366
IBT_2016235N11341_2016083118,2016235N11341,GASTON,2016-08-31 18:00:00,2016-08-31,2016,8,18,,TS,34.5,312.1000061035156,95.0,965.0,IBTRACS_ERA5,OBS,1,34.5,312.1000061035156,2016235N11341,GASTON,0.0,test,-0.7419757695574485,0.6704266979988431,-0.8660254037844385,-0.5000000000000004,13.131397247314451,6.740226745605469,221.9434051513672,0.0001079169887816,62.75333786010742,4.185321807861328,10.60517120361328,243.70989990234372,0.0007156493957154,64.11680603027344,-3.2370262145996094,17.714767456054688,267.0497131347656,0.00308523979038,63.709102630615234,-6.202262878417969,17.062110900878906,282.3811950683594,0.0067210546694695,64.494384765625,-7.327823638916016,18.1898193359375,291.4215393066406,0.0088767996057868,57.278228759765625,5.816298653371632e-05,3.79877383238636e-05,23.445104598999023,0.1099212616682052,14.062418937683104,9.87357198027894e-05,8.821822120808065e-05,49.92907333374024,7.461974143981934
IBT_2016240N31295_2016083100,2016240N31295,UNNAMED,2016-08-31 00:00:00,2016-08-31,2016,8,0,,TS,34.599998474121094,285.29998779296875,30.0,1011.0,IBTRACS_ERA5,OBS,1,34.599998474121094,285.29998779296875,2016240N31295,UNNAMED,0.0,test,-0.9645574746766914,0.2638728444636239,-0.8660254037844385,-0.5000000000000004,10.327686309814451,6.629631042480469,218.3986053466797,6.856907566543669e-05,60.7003288269043,4.544208526611328,2.248970031738281,241.81390380859372,0.0003370332415215,36.1412239074707,1.9868507385253904,0.0128631591796875,267.4033508300781,0.0022960295900702,46.147422790527344,1.0865554809570312,-0.8087387084960938,283.0108337402344,0.0067153922282159,61.753639221191406,-0.7399330139160156,-2.6217041015625,290.8002014160156,0.0128393163904547,86.18182373046875,3.0096820410108197e-05,-2.276635314046871e-06,14.424957275390623,3.4410736560821533,1.0922043323516846,3.4705164580373093e-05,2.459878305671737e-05,57.99903869628906,2.783799171447754
IBT_2016240N31295_2016083106,2016240N31295,UNNAMED,2016-08-31 06:00:00,2016-08-31,2016,8,6,,TS,34.79999923706055,285.5,30.0,1011.0,IBTRACS_ERA5,OBS,1,34.79999923706055,285.5,2016240N31295,UNNAMED,0.0,test,-0.9636304532086232,0.2672383760782567,-0.8660254037844385,-0.5000000000000004,10.327686309814451,6.629631042480469,218.3986053466797,6.856907566543669e-05,60.7003288269043,4.544208526611328,2.248970031738281,241.81390380859372,0.0003370332415215,36.1412239074707,1.9868507385253904,0.0128631591796875,267.4033508300781,0.0022960295900702,46.147422790527344,1.0865554809570312,-0.8087387084960938,283.0108337402344,0.0067153922282159,61.753639221191406,-0.7399330139160156,-2.6217041015625,290.8002014160156,0.0128393163904547,86.18182373046875,3.0096820410108197e-05,-2.276635314046871e-06,14.424957275390623,3.4410736560821533,1.0922043323516846,3.4705164580373093e-05,2.459878305671737e-05,57.99903869628906,2.783799171447754
IBT_2016240N31295_2016083112,2016240N31295,UNNAMED,2016-08-31 12:00:00,2016-08-31,2016,8,12,,TS,35.20000076293945,286.20001220703125,30.0,1010.0,IBTRACS_ERA5,OBS,1,35.20000076293945,286.20001220703125,2016240N31295,UNNAMED,0.0,test,-0.9602936262370606,0.2789913106325653,-0.8660254037844385,-0.5000000000000004,10.327686309814451,6.629631042480469,218.3986053466797,6.856907566543669e-05,60.7003288269043,4.544208526611328,2.248970031738281,241.81390380859372,0.0003370332415215,36.1412239074707,1.9868507385253904,0.0128631591796875,267.4033508300781,0.0022960295900702,46.147422790527344,1.0865554809570312,-0.8087387084960938,283.0108337402344,0.0067153922282159,61.753639221191406,-0.7399330139160156,-2.6217041015625,290.8002014160156,0.0128393163904547,86.18182373046875,3.0096820410108197e-05,-2.276635314046871e-06,14.424957275390623,3.4410736560821533,1.0922043323516846,3.4705164580373093e-05,2.459878305671737e-05,57.99903869628906,2.783799171447754
IBT_2016240N31295_2016083118,2016240N31295,UNNAMED,2016-08-31 18:00:00,2016-08-31,2016,8,18,,TS,35.900001525878906,287.29998779296875,30.0,1010.0,IBTRACS_ERA5,OBS,1,35.900001525878906,287.29998779296875,2016240N31295,UNNAMED,0.0,test,-0.9547608628593514,0.2973746706632338,-0.8660254037844385,-0.5000000000000004,11.815967559814451,-2.6408767700195312,218.4459686279297,6.763263081666082e-05,59.5299186706543,4.177265167236328,0.6391067504882812,241.82830810546875,0.0004108088905923,43.99178695678711,6.365756988525391,2.2714080810546875,267.0451965332031,0.003468825481832,71.65478515625,5.498420715332031,5.021339416503906,282.4844665527344,0.007116740103811,67.8150863647461,4.180721282958984,6.0665283203125,290.4774475097656,0.0123535981401801,84.64490509033203,2.1027755792601965e-05,3.6287713101046393e-06,11.580841064453123,6.407626152038574,2.271501064300537,3.0096820410108197e-05,5.677975423168391e-06,52.94780349731445,5.720600128173828
IBT_2016242N24279_2016083100,2016242N24279,HERMINE,2016-08-31 00:00:00,2016-08-31,2016,8,0,,TS,24.100000381469727,272.20001220703125,30.0,1003.0,IBTRACS_ERA5,OBS,1,24.100000381469727,272.20001220703125,2016242N24279,HERMINE,0.0,test,-0.999262908231965,0.0383880219833687,-0.8660254037844385,-0.5000000000000004,-0.8095207214355469,5.391349792480469,223.0082244873047,0.0001239734556293,63.73170852661133,-0.8432426452636719,-1.5535202026367188,244.93548583984372,0.0006220365758053,49.70003128051758,-6.543910980224609,-5.5825958251953125,269.9263000488281,0.0037265857681632,61.89851379394531,-4.082878112792969,-0.9630355834960938,284.8772888183594,0.00885353051126,71.84440612792969,-2.601016998291016,1.7652587890625,292.6712951660156,0.01478838827461,88.18678283691406,7.495872705476359e-05,4.241349597577937e-05,4.044501781463623,-2.976113796234131,-0.1885085999965667,7.495872705476359e-05,4.471863940125331e-05,69.69989013671875,4.044501781463623
IBT_2016242N24279_2016083106,2016242N24279,HERMINE,2016-08-31 06:00:00,2016-08-31,2016,8,6,,TS,24.399999618530277,272.0,35.0,1003.0,IBTRACS_ERA5,OBS,1,24.399999618530277,272.0,2016242N24279,HERMINE,0.0,test,-0.9993908270190958,0.0348994967025012,-0.8660254037844385,-0.5000000000000004,-0.8095207214355469,5.391349792480469,223.0082244873047,0.0001239734556293,63.73170852661133,-0.8432426452636719,-1.5535202026367188,244.93548583984372,0.0006220365758053,49.70003128051758,-6.543910980224609,-5.5825958251953125,269.9263000488281,0.0037265857681632,61.89851379394531,-4.082878112792969,-0.9630355834960938,284.8772888183594,0.00885353051126,71.84440612792969,-2.601016998291016,1.7652587890625,292.6712951660156,0.01478838827461,88.18678283691406,7.495872705476359e-05,4.241349597577937e-05,4.044501781463623,-2.976113796234131,-0.1885085999965667,7.495872705476359e-05,4.471863940125331e-05,69.69989013671875,4.044501781463623
IBT_2016242N24279_2016083112,2016242N24279,HERMINE,2016-08-31 12:00:00,2016-08-31,2016,8,12,,TS,24.799999237060547,272.1000061035156,40.0,1003.0,IBTRACS_ERA5,OBS,1,24.799999237060547,272.1000061035156,2016242N24279,HERMINE,0.0,test,-0.9993283898751266,0.0366438151614561,-0.8660254037844385,-0.5000000000000004,-0.8095207214355469,5.391349792480469,223.0082244873047,0.0001239734556293,63.73170852661133,-0.8432426452636719,-1.5535202026367188,244.93548583984372,0.0006220365758053,49.70003128051758,-6.543910980224609,-5.5825958251953125,269.9263000488281,0.0037265857681632,61.89851379394531,-4.082878112792969,-0.9630355834960938,284.8772888183594,0.00885353051126,71.84440612792969,-2.601016998291016,1.7652587890625,292.6712951660156,0.01478838827461,88.18678283691406,7.495872705476359e-05,4.241349597577937e-05,4.044501781463623,-2.976113796234131,-0.1885085999965667,7.495872705476359e-05,4.471863940125331e-05,69.69989013671875,4.044501781463623
IBT_2016242N24279_2016083118,2016242N24279,HERMINE,2016-08-31 18:00:00,2016-08-31,2016,8,18,,TS,25.100000381469727,272.29998779296875,45.0,1002.0,IBTRACS_ERA5,OBS,1,25.100000381469727,272.29998779296875,2016242N24279,HERMINE,0.0,test,-0.9991944036646176,0.0401315796513079,-0.8660254037844385,-0.5000000000000004,-0.8095207214355469,5.391349792480469,223.0082244873047,0.0001239734556293,63.73170852661133,-0.8432426452636719,-1.5535202026367188,244.93548583984372,0.0006220365758053,49.70003128051758,-6.543910980224609,-5.5825958251953125,269.9263000488281,0.0037265857681632,61.89851379394531,-4.082878112792969,-0.9630355834960938,284.8772888183594,0.00885353051126,71.84440612792969,-2.601016998291016,1.7652587890625,292.6712951660156,0.01478838827461,88.18678283691406,7.495872705476359e-05,4.241349597577937e-05,4.044501781463623,-2.976113796234131,-0.1885085999965667,7.495872705476359e-05,4.471863940125331e-05,69.69989013671875,4.044501781463623
NEG_20160831_00796,,,2016-08-31 00:00:00,2016-08-31,2016,8,0,,BG,15.0,,,,IBTRACS_ERA5,OBS,0,15.0,305.0,,,1999.67592356998,test,-0.8191520442889918,0.573576436351046,-0.8660254037844385,-0.5000000000000004,-3.758251190185547,-1.9055252075195312,218.8321990966797,5.109281119075604e-05,42.927005767822266,-3.068584442138672,-0.3931198120117187,240.89691162109372,8.165714098140597e-05,9.562616348266602,-4.878383636474609,-1.7586212158203125,267.7204895019531,0.0003625443205237,7.112613677978516,-8.818717956542969,-1.9815902709960935,283.1763610839844,0.004102801438421,37.30992126464844,-9.057315826416016,-1.0689697265625,289.9466857910156,0.0107492199167609,76.19385528564453,7.537972123827785e-06,-2.348559064557776e-06,5.364691257476807,-5.916250705718994,-1.421565294265747,8.48070703796111e-06,1.7368136468576267e-05,41.259220123291016,1.1465352773666382
NEG_20160831_03636,,,2016-08-31 00:00:00,2016-08-31,2016,8,0,,BG,5.0,,,,IBTRACS_ERA5,OBS,0,5.0,320.0,,,3303.3531633542643,test,-0.6427876096865396,0.7660444431189778,-0.8660254037844385,-0.5000000000000004,-14.531688690185549,6.490959167480469,219.3346405029297,4.24324425694067e-05,33.56631088256836,-8.327861785888672,-1.4712448120117188,241.61932373046875,0.0004302698071114,47.00677490234375,-3.93209457397461,1.0465545654296875,267.1120910644531,0.0025891354307532,53.21003723144531,-4.587272644042969,-2.0309066772460938,282.1773376464844,0.0065617910586297,63.84296798706055,-2.763858795166016,-1.4195556640625,290.4100646972656,0.0116116991266608,79.90442657470703,-1.3597724318969996e-05,2.3199795577966142e-06,14.179494857788086,-6.828555107116699,0.5231612920761108,1.0715891221479978e-05,1.2814223737223074e-05,49.90240859985352,1.984473705291748
IBT_2016235N11341_2016090100,2016235N11341,GASTON,2016-09-01 00:00:00,2016-09-01,2016,9,0,,TS,35.5,313.70001220703125,90.0,969.0,IBTRACS_ERA5,OBS,1,35.5,313.70001220703125,2016235N11341,GASTON,0.0,test,-0.7229669987150598,0.6908825651070801,-1.0,-1.8369701987210294e-16,7.875701904296875,-2.066791534423828,220.2926483154297,4.87772049382329e-05,34.42825698852539,11.205795288085938,-9.717060089111328,242.21890258789065,0.0002379190118517,24.54534721374512,14.88930892944336,-9.128040313720703,268.31744384765625,0.0016874496359378,31.6377010345459,13.54443359375,-7.24407958984375,281.665771484375,0.0050902580842375,51.2794303894043,11.879207611083984,-8.720409393310547,290.1513977050781,0.0099175907671451,69.38397216796875,4.151921166339889e-05,1.57549529831158e-05,7.765223026275635,11.878889083862305,-7.3752760887146,6.73410904710181e-05,4.644306318368763e-05,39.132102966308594,3.322422742843628
IBT_2016235N11341_2016090106,2016235N11341,GASTON,2016-09-01 06:00:00,2016-09-01,2016,9,6,,TS,36.29999923706055,315.70001220703125,85.0,973.0,IBTRACS_ERA5,OBS,1,36.29999923706055,315.70001220703125,2016235N11341,GASTON,0.0,test,-0.6984151329505868,0.7156928825031127,-1.0,-1.8369701987210294e-16,10.362518310546877,11.349224090576172,220.2980194091797,7.696833927184343e-05,54.291778564453125,13.237533569335938,-5.209980010986328,242.24771118164065,0.0004110257723368,42.28800201416016,7.457912445068359,-5.252063751220703,266.78741455078125,0.0025741432327777,54.23466491699219,-1.608642578125,-3.60198974609375,281.43798828125,0.0049698567017912,50.850494384765625,-4.774845123291016,-3.475536346435547,289.9013977050781,0.0097955800592899,69.63587188720703,4.466346581466496e-05,3.7733680073870346e-05,21.18757438659668,4.934895515441895,-1.2380691766738892,6.73410904710181e-05,4.644306318368763e-05,44.41314315795898,3.322422742843628
IBT_2016235N11341_2016090112,2016235N11341,GASTON,2016-09-01 12:00:00,2016-09-01,2016,9,12,,TS,37.09999847412109,318.0,80.0,976.0,IBTRACS_ERA5,OBS,1,37.09999847412109,318.0,2016235N11341,GASTON,0.0,test,-0.6691306063588581,0.7431448254773942,-1.0,-1.8369701987210294e-16,13.530487060546877,8.572734832763672,221.3931121826172,8.754536975175142e-05,54.28398132324219,15.402084350585938,5.682476043701172,243.15493774414065,0.000543383473996,51.29597854614258,7.283840179443359,4.230358123779297,267.24639892578125,0.0027171645779162,55.27050018310547,2.111572265625,2.26947021484375,282.03564453125,0.0063427900895476,62.30904769897461,-0.6117591857910156,3.847339630126953,290.2591857910156,0.0109818913042545,76.30225372314453,5.776190300821327e-05,4.644306318368763e-05,14.910818099975586,7.5432448387146,4.920475959777832,6.73410904710181e-05,4.644306318368763e-05,47.95948791503906,3.322422742843628
IBT_2016235N11341_2016090118,2016235N11341,GASTON,2016-09-01 18:00:00,2016-09-01,2016,9,18,,TS,37.79999923706055,320.5,75.0,981.0,IBTRACS_ERA5,OBS,1,37.79999923706055,320.5,2016235N11341,GASTON,0.0,test,-0.636078220277764,0.77162458338772,-1.0,-1.8369701987210294e-16,16.215057373046875,6.729595184326172,222.0673065185547,9.723904076963664e-05,55.73520278930664,16.775619506835938,8.644268035888672,242.54898071289065,0.0005399394431151,53.98186492919922,12.10000228881836,7.435680389404297,267.04058837890625,0.0014774773735553,30.53070640563965,8.60302734375,8.53985595703125,282.745361328125,0.0048691546544432,45.58598327636719,6.518856048583984,9.779346466064451,289.9695129394531,0.0104673840105533,74.08772277832031,4.842212001676671e-05,3.550996189005673e-05,10.164511680603027,12.042512893676758,8.225749015808105,6.73410904710181e-05,4.644306318368763e-05,48.52426910400391,3.322422742843628
IBT_2016240N31295_2016090100,2016240N31295,UNNAMED,2016-09-01 00:00:00,2016-09-01,2016,9,0,,TS,36.79999923706055,288.79998779296875,30.0,1010.0,IBTRACS_ERA5,OBS,1,36.79999923706055,288.79998779296875,2016240N31295,UNNAMED,0.0,test,-0.9466493287753118,0.3222654935441454,-1.0,-1.8369701987210294e-16,32.163787841796875,8.085308074951172,219.0282440185547,7.41264084354043e-05,60.83002853393555,20.303939819335938,8.020244598388672,241.5023498535156,0.0004798616864718,53.01585388183594,12.41323471069336,6.092906951904297,266.5639038085937,0.0030969802755862,66.380126953125,7.98291015625,4.37799072265625,281.736572265625,0.0069095408543944,69.27196502685547,6.089412689208984,2.859424591064453,289.9150695800781,0.0115695334970951,82.17473602294922,2.478241731296293e-05,6.809268597862683e-07,26.59291076660156,15.790658950805664,5.8871750831604,2.6450114091858268e-05,1.5394371075672098e-05,66.25886535644531,6.136981010437012
IBT_2016242N24279_2016090100,2016242N24279,HERMINE,2016-09-01 00:00:00,2016-09-01,2016,9,0,,TS,25.5,272.79998779296875,50.0,999.0,IBTRACS_ERA5,OBS,1,25.5,272.79998779296875,2016242N24279,HERMINE,0.0,test,-0.998806147748996,0.048849556997081,-1.0,-1.8369701987210294e-16,2.571014404296875,-2.635883331298828,223.4664764404297,0.000113756977953,55.48209381103516,8.264877319335938,-2.264667510986328,245.02395629882807,0.0004767100908793,37.77696228027344,8.62905502319336,-4.434192657470703,269.08184814453125,0.0031733785290271,56.158653259277344,9.66943359375,-0.05023193359375,284.541259765625,0.0102982437238097,85.46002960205078,9.953182220458984,1.7942390441894531,292.4446105957031,0.0145771242678165,88.17485809326172,7.599330274388194e-05,3.5198441764805466e-05,8.60943603515625,7.817512512207031,-1.5181472301483154,8.858890942065045e-05,6.684555410174653e-05,65.9302749633789,1.6633001565933228
IBT_2016242N24279_2016090106,2016242N24279,HERMINE,2016-09-01 06:00:00,2016-09-01,2016,9,6,,TS,26.0,273.20001220703125,55.0,995.0,IBTRACS_ERA5,OBS,1,26.0,273.20001220703125,2016242N24279,HERMINE,0.0,test,-0.9984407522890256,0.05582171771385,-1.0,-1.8369701987210294e-16,2.571014404296875,-2.635883331298828,223.4664764404297,0.000113756977953,55.48209381103516,8.264877319335938,-2.264667510986328,245.02395629882807,0.0004767100908793,37.77696228027344,8.62905502319336,-4.434192657470703,269.08184814453125,0.0031733785290271,56.158653259277344,9.66943359375,-0.05023193359375,284.541259765625,0.0102982437238097,85.46002960205078,9.953182220458984,1.7942390441894531,292.4446105957031,0.0145771242678165,88.17485809326172,7.599330274388194e-05,3.5198441764805466e-05,8.60943603515625,7.817512512207031,-1.5181472301483154,8.858890942065045e-05,6.684555410174653e-05,65.9302749633789,1.6633001565933228
IBT_2016242N24279_2016090112,2016242N24279,HERMINE,2016-09-01 12:00:00,2016-09-01,2016,9,12,,TS,26.899999618530277,273.79998779296875,60.0,991.0,IBTRACS_ERA5,OBS,1,26.899999618530277,273.79998779296875,2016242N24279,HERMINE,0.0,test,-0.9978014824118732,0.0662736878155149,-1.0,-1.8369701987210294e-16,4.371307373046875,10.013286590576172,223.5210418701172,0.0001194091746583,57.87602996826172,0.4035491943359375,11.534160614013672,246.38577270507807,0.0009495128178969,66.3611831665039,1.6434593200683594,11.563854217529297,269.59185791015625,0.0055982596240937,95.34571075439452,2.411376953125,15.48077392578125,283.700439453125,0.0094375228509306,82.85027313232422,2.0330162048339844,19.069873809814453,291.4072570800781,0.0135826207697391,87.7222900390625,7.476674363715574e-05,6.684555410174653e-05,9.353575706481934,2.172541856765747,13.532389640808104,8.858890942065045e-05,6.684555410174653e-05,69.77371978759766,1.6633001565933228
IBT_2016242N24279_2016090118,2016242N24279,HERMINE,2016-09-01 18:00:00,2016-09-01,2016,9,18,,TS,27.899999618530277,274.5,65.0,988.0,IBTRACS_ERA5,OBS,1,27.899999618530277,274.5,2016242N24279,HERMINE,0.0,test,-0.996917333733128,0.0784590957278452,-1.0,-1.8369701987210294e-16,4.371307373046875,10.013286590576172,223.5210418701172,0.0001194091746583,57.87602996826172,0.4035491943359375,11.534160614013672,246.38577270507807,0.0009495128178969,66.3611831665039,1.6434593200683594,11.563854217529297,269.59185791015625,0.0055982596240937,95.34571075439452,2.411376953125,15.48077392578125,283.700439453125,0.0094375228509306,82.85027313232422,2.0330162048339844,19.069873809814453,291.4072570800781,0.0135826207697391,87.7222900390625,7.476674363715574e-05,6.684555410174653e-05,9.353575706481934,2.172541856765747,13.532389640808104,8.858890942065045e-05,6.684555410174653e-05,69.77371978759766,1.6633001565933228
NEG_20160901_00950,,,2016-09-01 00:00:00,2016-09-01,2016,9,0,,BG,22.5,,,,IBTRACS_ERA5,OBS,0,22.5,350.0,,,3285.9341940056165,test,-0.1736481776669304,0.984807753012208,-1.0,-1.8369701987210294e-16,7.941619873046875,-2.001361846923828,219.4471893310547,2.56003113463521e-05,19.98061180114746,2.598861694335937,-1.039813995361328,241.81155395507807,7.86926393629983e-05,8.440377235412598,-1.7154273986816406,2.886608123779297,265.96466064453125,0.0021373752970248,47.97736358642578,-7.397216796875,2.99102783203125,283.82373046875,0.0067827021703124,59.05355453491211,-4.205265045166016,2.914112091064453,296.7661437988281,0.0101815797388553,47.11127853393555,-1.1488138625281865e-05,-1.5893774616415612e-05,13.103766441345217,-0.5554855465888977,1.1501144170761108,1.3568183021561708e-05,2.3352658899966627e-05,55.58918380737305,4.446267604827881
NEG_20160901_03579,,,2016-09-01 00:00:00,2016-09-01,2016,9,0,,BG,40.0,,,,IBTRACS_ERA5,OBS,0,40.0,275.0,,,1252.59420878427,test,-0.9961946980917455,0.0871557427476578,-1.0,-1.8369701987210294e-16,27.474334716796875,-3.729389190673828,219.8674774169922,2.8201029635965824e-05,20.935014724731445,23.184310913085938,-1.492938995361328,237.38381958007807,0.0002511847706045,41.517826080322266,11.26015853881836,-5.599475860595703,264.35089111328125,0.0009907756466418,25.21383285522461,5.27099609375,-4.81805419921875,279.671875,0.0024344839621335,28.123851776123047,-0.6618080139160156,-5.154491424560547,285.3952941894531,0.0098128654062747,93.55017852783205,4.245646778144874e-06,5.59720956516685e-06,28.17221069335937,13.3056001663208,-4.158869743347168,1.3265518646221608e-05,4.35063848271966e-05,47.0918083190918,12.181872367858888
IBT_2016235N11341_2016090200,2016235N11341,GASTON,2016-09-02 00:00:00,2016-09-02,2016,9,0,,TS,38.20000076293945,323.0,70.0,985.0,IBTRACS_ERA5,OBS,1,38.20000076293945,323.0,2016235N11341,GASTON,0.0,test,-0.6018150231520483,0.7986355100472928,-1.0,-1.8369701987210294e-16,11.220592498779297,-6.769687652587891,218.87115478515625,4.278399865143001e-05,35.77821350097656,14.852699279785156,-11.94695281982422,241.6519775390625,0.0001475743483752,16.072067260742188,15.687091827392578,-8.534164428710938,269.5255432128906,0.0012996784644201,22.245630264282227,16.236167907714844,-6.501728057861328,283.876708984375,0.0040859011933207,35.44772720336914,13.699542999267578,-7.309978485107422,289.54412841796875,0.0091199139133095,66.335693359375,4.025678208563477e-05,8.25345250632381e-06,2.5371460914611816,14.339218139648438,-8.212502479553223,6.667761772405356e-05,2.807857526931912e-05,39.19356536865234,2.5371460914611816
IBT_2016235N11341_2016090206,2016235N11341,GASTON,2016-09-02 06:00:00,2016-09-02,2016,9,6,,TS,38.5,325.0,65.0,988.0,IBTRACS_ERA5,OBS,1,38.5,325.0,2016235N11341,GASTON,0.0,test,-0.5735764363510465,0.8191520442889916,-1.0,-1.8369701987210294e-16,13.044200897216797,-3.35306167602539,220.01055908203125,3.903566175722517e-05,28.48954391479492,12.483314514160156,-8.910331726074219,241.85400390625,0.0003691825550049,39.43718338012695,17.155353546142578,-3.8666839599609375,268.6755065917969,0.001546568237245,28.22124671936035,17.881065368652344,0.0892143249511718,283.15869140625,0.0051812855526804,47.17354202270508,17.107135772705078,1.324420928955078,290.11676025390625,0.0108217159286141,75.87718963623047,6.568426033481956e-05,2.807857526931912e-05,6.195666313171387,15.534213066101074,-2.943288326263428,6.667761772405356e-05,2.807857526931912e-05,41.79780197143555,2.5371460914611816
IBT_2016235N11341_2016090212,2016235N11341,GASTON,2016-09-02 12:00:00,2016-09-02,2016,9,12,,TS,38.900001525878906,327.0,60.0,992.0,IBTRACS_ERA5,OBS,1,38.900001525878906,327.0,2016235N11341,GASTON,0.0,test,-0.544639035015027,0.838670567945424,-1.0,-1.8369701987210294e-16,19.3547477722168,5.566860198974609,218.71966552734372,6.824426236562431e-05,58.11879348754883,16.527748107910156,-2.9691696166992188,241.1114501953125,0.0003446478222031,39.53475570678711,8.689044952392578,4.195816040039063,267.5701599121094,0.0018003053264692,35.72637939453125,0.4333114624023437,7.272441864013672,281.510009765625,0.0065515665337443,66.70550537109375,-2.582317352294922,5.694538116455078,288.77154541015625,0.0106364050880074,81.31360626220703,6.667761772405356e-05,1.7491734979557805e-05,21.93743705749512,8.484506607055664,3.952097415924072,6.667761772405356e-05,2.807857526931912e-05,49.799407958984375,1.853225350379944
IBT_2016235N11341_2016090218,2016235N11341,GASTON,2016-09-02 18:00:00,2016-09-02,2016,9,18,,DS,39.29999923706055,328.79998779296875,45.0,1003.0,IBTRACS_ERA5,OBS,1,39.29999923706055,328.79998779296875,2016235N11341,GASTON,0.0,test,-0.5180271916109439,0.8553641497933371,-1.0,-1.8369701987210294e-16,22.9965934753418,8.17550277709961,219.29034423828125,7.159422966651618e-05,56.935733795166016,17.329017639160156,-1.1310348510742188,240.6533203125,0.0003180156927555,38.128360748291016,9.649250030517578,8.226089477539062,266.8755798339844,0.0013815379934385,28.91146278381348,2.530723571777344,14.137187957763672,280.255615234375,0.0053204027935862,59.03507995605469,1.260700225830078,16.142780303955078,289.04010009765625,0.0092349806800484,69.38703918457031,1.8129208910977468e-05,1.039472954289522e-05,23.150087356567383,10.753256797790527,9.110105514526367,6.667761772405356e-05,2.807857526931912e-05,51.6308708190918,1.853225350379944
IBT_2016242N24279_2016090200,2016242N24279,HERMINE,2016-09-02 00:00:00,2016-09-02,2016,9,0,,TS,29.0,275.20001220703125,70.0,983.0,IBTRACS_ERA5,OBS,1,29.0,275.20001220703125,2016242N24279,HERMINE,0.0,test,-0.9958843793064148,0.0906327923738241,-1.0,-1.8369701987210294e-16,4.298351287841797,7.211635589599609,223.92974853515625,9.691595914773644e-05,44.83089065551758,3.240150451660156,-0.9376754760742188,245.56005859375,0.0007254730444401,54.705902099609375,3.822101593017578,-7.5942230224609375,269.1602478027344,0.0038448788691312,67.64163208007812,2.036582946777344,-8.564716339111328,283.413330078125,0.0094802705571055,84.84680938720703,-0.0776786804199218,-10.632610321044922,291.52301025390625,0.0139339715242385,89.3338394165039,8.806826372165233e-05,6.296108040260151e-05,18.372989654541016,2.6639015674591064,-4.103518009185791,9.43890627240762e-05,7.413443381665275e-05,68.8292007446289,3.9644582271575928
IBT_2016242N24279_2016090206,2016242N24279,HERMINE,2016-09-02 06:00:00,2016-09-02,2016,9,6,,TS,30.299999237060547,276.0,65.0,982.0,IBTRACS_ERA5,OBS,1,30.299999237060547,276.0,2016242N24279,HERMINE,0.0,test,-0.9945218953682734,0.1045284632676529,-1.0,-1.8369701987210294e-16,4.298351287841797,7.211635589599609,223.92974853515625,9.691595914773644e-05,44.83089065551758,3.240150451660156,-0.9376754760742188,245.56005859375,0.0007254730444401,54.705902099609375,3.822101593017578,-7.5942230224609375,269.1602478027344,0.0038448788691312,67.64163208007812,2.036582946777344,-8.564716339111328,283.413330078125,0.0094802705571055,84.84680938720703,-0.0776786804199218,-10.632610321044922,291.52301025390625,0.0139339715242385,89.3338394165039,8.806826372165233e-05,6.296108040260151e-05,18.372989654541016,2.6639015674591064,-4.103518009185791,9.43890627240762e-05,7.413443381665275e-05,68.8292007446289,3.9644582271575928
IBT_2016242N24279_2016090212,2016242N24279,HERMINE,2016-09-02 12:00:00,2016-09-02,2016,9,12,,TS,31.399999618530277,277.20001220703125,50.0,989.0,IBTRACS_ERA5,OBS,1,31.399999618530277,277.20001220703125,2016242N24279,HERMINE,0.0,test,-0.992114674611848,0.125333444937203,-1.0,-1.8369701987210294e-16,8.268444061279297,13.84481430053711,222.88623046875,0.0001138101506512,59.33481979370117,2.356849670410156,7.300361633300781,245.6719970703125,0.0009446151088923,70.4984359741211,-1.798137664794922,3.0040435791015625,268.8438415527344,0.0047947829589247,86.38847351074219,-1.1914443969726562,3.674297332763672,282.7120361328125,0.0097993789240717,91.95066833496094,-5.789592742919922,2.626056671142578,290.6019897460937,0.0133077958598732,90.46150970458984,8.860819070832804e-05,6.464708712883294e-05,17.985797882080078,0.3692237734794616,6.089914798736572,9.43890627240762e-05,7.413443381665275e-05,63.829837799072266,4.927787780761719
IBT_2016242N24279_2016090218,2016242N24279,HERMINE,2016-09-02 18:00:00,2016-09-02,2016,9,18,,TS,32.400001525878906,278.79998779296875,50.0,990.0,IBTRACS_ERA5,OBS,1,32.400001525878906,278.79998779296875,2016242N24279,HERMINE,0.0,test,-0.9882284140406046,0.1529856257391246,-1.0,-1.8369701987210294e-16,17.174327850341797,13.52657699584961,222.04608154296875,0.0001085528347175,62.37373352050781,9.185462951660156,12.84162139892578,244.6778564453125,0.0007943648379296,65.00817108154297,5.121417999267578,16.038833618164062,268.6451110839844,0.0049082702025771,89.7703857421875,7.726036071777344,19.523418426513672,282.70263671875,0.0087941316887736,82.57058715820312,6.804401397705078,17.233600616455078,291.16729736328125,0.0132933417335152,87.17097473144531,5.146536568645388e-05,2.6906274797511287e-05,11.012601852416992,9.202329635620115,15.832809448242188,9.43890627240762e-05,7.413443381665275e-05,64.93098449707031,4.927787780761719
NEG_20160902_00140,,,2016-09-02 00:00:00,2016-09-02,2016,9,0,,BG,27.5,,,,IBTRACS_ERA5,OBS,0,27.5,12.5,,,4218.159259241996,test,0.2164396139381028,0.9762960071199334,-1.0,-1.8369701987210294e-16,14.127819061279297,5.743129730224609,222.75823974609372,1.5086932762642393e-05,7.982513427734375,9.157142639160156,0.5459671020507812,242.17498779296875,4.541944508673623e-05,4.705430507659912,1.452106475830078,-2.908432006835937,266.3518371582031,0.0008395976619794,18.29183006286621,-6.204627990722656,-10.317035675048828,282.49267578125,0.0053004501387476,50.47966766357422,-4.783123016357422,-2.299480438232422,296.4491577148437,0.0056001101620495,26.419572830200195,-1.72026630025357e-05,-1.0103749445988797e-05,20.55011749267578,2.749863386154175,-1.8471702337265012,1.1388870007067451e-05,-2.7322832920617657e-06,38.2258415222168,9.300270080566406
NEG_20160902_01458,,,2016-09-02 00:00:00,2016-09-02,2016,9,0,,BG,40.0,,,,IBTRACS_ERA5,OBS,0,40.0,27.5,,,4931.357059748697,test,0.4617486132350339,0.8870108331782217,-1.0,-1.8369701987210294e-16,23.4304313659668,7.279994964599609,224.57196044921875,1.2008212252112573e-05,5.1637701988220215,3.835365295410156,0.1890335083007812,233.885009765625,0.0001937102060765,45.66059112548828,0.1719551086425781,-0.7162933349609375,261.7077331542969,0.0009169942932203,28.76801109313965,-2.838417053222656,-1.148700714111328,279.620361328125,0.0015586342196911,18.07009506225586,-8.275188446044922,-7.386028289794922,285.35186767578125,0.0068481122143566,65.47393798828125,2.989030872413423e-05,1.7440288502257317e-05,34.933345794677734,3.264829158782959,-0.3563987612724304,5.815023178001866e-05,3.095734791713767e-05,43.65674209594727,4.438529014587402
NEG_20160902_02291,,,2016-09-02 00:00:00,2016-09-02,2016,9,0,,BG,5.0,,,,IBTRACS_ERA5,OBS,0,5.0,262.5,,,2985.063813330787,test,-0.9914448613738104,-0.1305261922200516,-1.0,-1.8369701987210294e-16,-15.904773712158203,-17.18753433227539,219.54913330078125,6.460185977630317e-05,49.81070709228516,-10.904380798339844,-4.784843444824219,241.845947265625,0.0005532938521355,59.15005874633789,2.498126983642578,-1.4887542724609375,268.4739685058594,0.0019416129216551,35.973995208740234,-1.851112365722656,2.123638153076172,282.2666015625,0.0076612262055277,74.08971405029297,0.6325263977050781,-0.1101493835449218,290.78228759765625,0.0081939259544014,55.063175201416016,-1.1162630471517332e-05,4.5979431888554245e-06,23.772239685058597,-5.105922698974609,-4.289528846740723,1.5420551790157333e-05,4.133674156037159e-05,63.81199645996094,16.012409210205078
NEG_20160902_02643,,,2016-09-02 00:00:00,2016-09-02,2016,9,0,,BG,22.5,,,,IBTRACS_ERA5,OBS,0,22.5,302.5,,,2576.7140587883805,test,-0.8433914458128857,0.5372996083468239,-1.0,-1.8369701987210294e-16,-8.890735626220703,-12.15713882446289,221.1588134765625,1.7611047951504588e-05,11.224000930786133,-6.665855407714844,-6.033378601074219,239.31243896484372,9.51706970226951e-05,13.000699043273926,-8.489788055419922,0.3549957275390625,266.5670471191406,0.0005163765745237,11.065250396728516,-5.781776428222656,7.643352508544922,282.4853515625,0.0043559847399592,41.5054931640625,-6.813640594482422,0.912433624267578,293.13580322265625,0.0069865444675087,40.466068267822266,-1.6649355529807508e-05,-4.285475370124914e-07,13.233595848083496,-7.328359127044678,-1.8559471368789675,8.86829093360575e-06,7.642645869054832e-06,45.60255813598633,3.0687596797943115
NEG_20160902_03140,,,2016-09-02 00:00:00,2016-09-02,2016,9,0,,BG,20.0,,,,IBTRACS_ERA5,OBS,0,20.0,12.5,,,4677.74657508313,test,0.2164396139381028,0.9762960071199334,-1.0,-1.8369701987210294e-16,-7.445056915283203,5.854457855224609,220.70587158203125,3.659419598989189e-05,24.5985107421875,-7.998130798339844,1.7315139770507812,243.039306640625,0.000245104311034,23.39232635498047,-5.637126922607422,-1.7316741943359375,267.5413513183594,0.0009159214096143,18.21608543395996,1.4169540405273438,0.2197074890136718,284.482666015625,0.0054346052929759,45.27577209472656,-5.952922821044922,-2.542034149169922,299.19683837890625,0.0057690297253429,23.03755187988281,2.71061944658868e-05,9.178476148008484e-07,8.528044700622559,-5.123256683349609,0.7063941955566406,2.71061944658868e-05,2.2615172383666504e-06,40.5271110534668,4.455317974090576
NEG_20160902_03542,,,2016-09-02 00:00:00,2016-09-02,2016,9,0,,BG,30.0,,,,IBTRACS_ERA5,OBS,0,30.0,292.5,,,1329.0693360358864,test,-0.9238795325112866,0.38268343236509,-1.0,-1.8369701987210294e-16,-3.783924102783203,-4.774936676025391,220.59686279296875,6.17934565525502e-05,42.07491683959961,3.236732482910156,1.0274124145507812,242.42041015625,0.000169153092429,17.11944580078125,8.408527374267578,5.328384399414063,267.9165954589844,0.0017200923757627,33.24601364135742,7.998985290527344,0.2709770202636719,282.0634765625,0.0076383976265788,74.89478302001953,7.565143585205078,0.2924385070800781,291.71392822265625,0.0103609124198555,65.6282958984375,-2.716238668654114e-05,-2.1995118004269895e-05,12.428983688354492,4.685092926025391,0.4288551211357116,2.6187342882622037e-05,-4.375482149043819e-06,63.2114372253418,1.8594045639038088
NEG_20160902_03585,,,2016-09-02 00:00:00,2016-09-02,2016,9,0,,BG,45.0,,,,IBTRACS_ERA5,OBS,0,45.0,345.0,,,1474.7366240745075,test,-0.2588190451025207,0.9659258262890684,-1.0,-1.8369701987210294e-16,35.2421989440918,-1.9333839416503904,218.24835205078125,6.81297096889466e-05,61.416770935058594,23.43643951416016,2.897773742675781,236.632568359375,0.0003437947016209,61.26335525512695,17.076007843017578,3.0068511962890625,262.8377380371094,0.001446149428375,41.46258163452149,10.149375915527344,1.170146942138672,278.539794921875,0.0061692921444773,77.102783203125,5.942340850830078,-0.905559539794922,287.46783447265625,0.0093496600165963,77.78713989257812,-3.6211786209605634e-05,-3.686752097564749e-05,29.317880630493164,18.369272232055664,0.8471657037734985,1.526392952655442e-05,-1.8544240447226912e-05,54.55901718139648,15.26663589477539
NEG_20160902_04235,,,2016-09-02 00:00:00,2016-09-02,2016,9,0,,BG,40.0,,,,IBTRACS_ERA5,OBS,0,40.0,272.5,,,1016.0649897181502,test,-0.9990482215818578,0.0436193873653357,-1.0,-1.8369701987210294e-16,21.4294548034668,-4.974399566650391,223.57659912109372,1.2644305570574945e-05,6.089678764343262,13.105384826660156,-9.15373992919922,235.6923828125,4.850957338931039e-05,9.50467300415039,-0.6039237976074219,-8.112289428710938,263.3291931152344,0.000185228040209,5.10811185836792,-5.144081115722656,-5.143695831298828,279.497802734375,0.0009510841919109,11.120421409606934,-8.137981414794922,-4.395061492919922,282.99005126953125,0.0068543110974133,76.73445892333984,-6.463161298597697e-06,2.338113699806854e-05,29.573110580444336,4.129770755767822,-6.355837345123291,1.2831320418627e-05,2.891312396968715e-05,22.792762756347656,7.070023059844971
IBT_2016235N11341_2016090300,2016235N11341,GASTON,2016-09-03 00:00:00,2016-09-03,2016,9,0,,DS,39.70000076293945,330.5,35.0,1006.0,IBTRACS_ERA5,OBS,1,39.70000076293945,330.5,2016235N11341,GASTON,0.0,test,-0.4924235601034673,0.8703556959398996,-1.0,-1.8369701987210294e-16,11.919914245605469,-9.650959014892578,218.52581787109372,5.078433605376631e-05,44.27147674560547,13.694374084472656,-2.644378662109375,242.0342712402344,0.0003955396241508,41.5313835144043,12.489696502685549,-1.3098716735839844,269.7960205078125,0.0022119642235338,37.10065078735352,9.402469635009766,-4.2803802490234375,283.7236328125,0.0054767858237028,48.00490188598633,8.16525650024414,-5.28131103515625,290.3947448730469,0.0086558926850557,59.6226921081543,3.762627966352738e-05,-1.7434911569580436e-05,5.761187076568604,11.134342193603516,-4.633379936218262,5.6434673751937225e-05,2.704980033740867e-06,49.031211853027344,3.462993621826172
IBT_2016235N11341_2016090306,2016235N11341,GASTON,2016-09-03 06:00:00,2016-09-03,2016,9,6,,DS,40.20000076293945,332.20001220703125,30.0,1007.0,IBTRACS_ERA5,OBS,1,40.20000076293945,332.20001220703125,2016235N11341,GASTON,0.0,test,-0.46638645187735,0.8845810745800841,-1.0,-1.8369701987210294e-16,12.537345886230469,-11.751789093017578,218.11383056640625,5.293708818498999e-05,48.50461196899414,11.475379943847656,-3.842132568359375,241.7251892089844,0.0002365144318901,25.57844352722168,10.797557830810549,-0.3291587829589844,270.3193359375,0.0018209279514849,29.370695114135746,10.543338775634766,4.5719146728515625,282.892822265625,0.0066908132284879,62.01969146728516,10.92258071899414,7.64422607421875,289.4469909667969,0.0110149253159761,80.6211166381836,5.6434673751937225e-05,-3.6462633943301626e-06,19.463115692138672,11.255240440368652,-0.7413879632949829,5.6434673751937225e-05,2.704980033740867e-06,47.47998428344727,3.462993621826172
IBT_2016235N11341_2016090312,2016235N11341,GASTON,2016-09-03 12:00:00,2016-09-03,2016,9,12,,DS,40.900001525878906,333.8999938964844,25.0,1008.0,IBTRACS_ERA5,OBS,1,40.900001525878906,333.8999938964844,2016235N11341,GASTON,0.0,test,-0.4399392655195969,0.8980275288954552,-1.0,-1.8369701987210294e-16,12.050773620605469,-14.993732452392578,217.69354248046875,5.36239385837689e-05,51.706336975097656,8.863807678222656,-4.136077880859375,240.9224548339844,0.0001990082091651,23.247886657714844,9.591747283935549,1.948429107666016,268.9578857421875,0.0016831816174089,30.066465377807617,10.088993072509766,8.806045532226562,281.53662109375,0.0051795374602079,52.640380859375,10.59250259399414,10.65228271484375,288.8888854980469,0.0101393330842256,76.92855072021484,1.1902661753993016e-05,4.1563725972082476e-07,25.687440872192383,10.23756504058838,0.4553894102573395,5.6434673751937225e-05,2.704980033740867e-06,44.38751602172852,3.462993621826172
IBT_2016242N24279_2016090300,2016242N24279,HERMINE,2016-09-03 00:00:00,2016-09-03,2016,9,0,,TS,33.599998474121094,280.79998779296875,50.0,991.0,IBTRACS_ERA5,OBS,1,33.599998474121094,280.79998779296875,2016242N24279,HERMINE,0.0,test,-0.9822872906507966,0.187381105306585,-1.0,-1.8369701987210294e-16,12.732414245605469,14.248455047607422,222.46392822265625,5.859440716449171e-05,32.07501220703125,16.699745178222656,9.042633056640623,244.62521362304688,0.000562458706554,46.25601577758789,14.765087127685549,-0.9622154235839844,268.98095703125,0.002505084965378,44.67026138305664,14.416629791259766,-4.6193695068359375,282.3671875,0.0061583649367094,59.15102767944336,10.13962173461914,-6.33428955078125,290.3049011230469,0.0106544364243745,73.8111801147461,4.955288386554457e-05,1.943559436767828e-05,20.745407104492188,13.750699043273926,2.275042772293091,0.0001193829957628,6.526549259433523e-05,57.49274826049805,5.116388320922852
IBT_2016242N24279_2016090306,2016242N24279,HERMINE,2016-09-03 06:00:00,2016-09-03,2016,9,6,,TS,34.900001525878906,282.79998779296875,55.0,993.0,IBTRACS_ERA5,OBS,1,34.900001525878906,282.79998779296875,2016242N24279,HERMINE,0.0,test,-0.9751494015070882,0.2215482898610768,-1.0,-1.8369701987210294e-16,17.60961151123047,14.992595672607422,222.83428955078125,6.429410132113844e-05,33.72096252441406,17.313758850097656,10.119781494140623,245.26608276367188,0.000590405834373,45.74807357788086,8.935497283935547,3.840030670166016,269.7880859375,0.0032380286138504,54.34281921386719,5.247684478759766,0.0050201416015625,282.608642578125,0.0089708101004362,84.76677703857422,-7.000270843505859,-6.51519775390625,289.1952819824219,0.013088034465909,97.358642578125,0.0001110551384044,5.256357326288708e-05,32.68381118774414,8.421256065368652,4.488446235656738,0.0001193829957628,6.526549259433523e-05,49.75737380981445,7.830794334411621
IBT_2016256N20312_2016091200,2016256N20312,IAN,2016-09-12 00:00:00,2016-09-12,2016,9,0,,DS,20.0,311.5,35.0,1007.0,IBTRACS_ERA5,OBS,1,20.0,311.5,2016256N20312,IAN,0.0,test,-0.7489557207890021,0.6626200482157375,-1.0,-1.8369701987210294e-16,-0.977153778076172,4.659214019775391,220.7391815185547,8.52478260640055e-05,57.078834533691406,2.120227813720703,5.00994873046875,243.08230590820312,0.0005442667170427,51.73315048217773,2.5640220642089844,5.916599273681641,269.05548095703125,0.0034006685018539,60.300594329833984,0.3925971984863281,14.862079620361328,283.17779541015625,0.0088717881590127,80.67018127441406,-1.6102180480957031,16.04248809814453,291.200927734375,0.0133830048143863,87.57178497314453,4.082832674612291e-05,2.351003604417201e-05,11.400863647460938,0.4978950619697571,9.298066139221191,7.181417458923534e-05,3.776334415306337e-05,61.87914657592773,5.139471054077148
IBT_2016256N20312_2016091206,2016256N20312,IAN,2016-09-12 06:00:00,2016-09-12,2016,9,6,,TS,20.5,310.70001220703125,35.0,1007.0,IBTRACS_ERA5,OBS,1,20.5,310.70001220703125,2016256N20312,IAN,0.0,test,-0.7581341972661872,0.6520985653530867,-1.0,-1.8369701987210294e-16,-3.784770965576172,8.95340347290039,220.6997528076172,3.947098957723938e-05,26.55142974853516,3.718860626220703,5.94940185546875,242.67446899414065,0.0001261066208826,12.458539962768556,2.8154869079589844,2.3611793518066406,269.08953857421875,0.0013762712478637,24.34149932861328,-0.6933403015136719,3.631855010986328,284.43463134765625,0.008510673418641,71.13023376464844,-0.6070442199707031,4.914070129394531,291.395263671875,0.0139184333384037,89.95947265625,7.181417458923534e-05,6.481362106569577e-06,5.139471054077148,0.2898384034633636,5.16198205947876,7.181417458923534e-05,3.776334415306337e-05,61.55637741088867,5.139471054077148
IBT_2016256N20312_2016091212,2016256N20312,IAN,2016-09-12 12:00:00,2016-09-12,2016,9,12,,TS,21.200000762939453,309.79998779296875,35.0,1006.0,IBTRACS_ERA5,OBS,1,21.200000762939453,309.79998779296875,2016256N20312,IAN,0.0,test,-0.7682836599707256,0.640109535799918,-1.0,-1.8369701987210294e-16,-3.784770965576172,8.95340347290039,220.6997528076172,3.947098957723938e-05,26.55142974853516,3.718860626220703,5.94940185546875,242.67446899414065,0.0001261066208826,12.458539962768556,2.8154869079589844,2.3611793518066406,269.08953857421875,0.0013762712478637,24.34149932861328,-0.6933403015136719,3.631855010986328,284.43463134765625,0.008510673418641,71.13023376464844,-0.6070442199707031,4.914070129394531,291.395263671875,0.0139184333384037,89.95947265625,7.181417458923534e-05,6.481362106569577e-06,5.139471054077148,0.2898384034633636,5.16198205947876,7.181417458923534e-05,3.776334415306337e-05,61.55637741088867,5.139471054077148
IBT_2016256N20312_2016091218,2016256N20312,IAN,2016-09-12 18:00:00,2016-09-12,2016,9,18,,TS,22.200000762939453,309.3999938964844,35.0,1003.0,IBTRACS_ERA5,OBS,1,22.200000762939453,309.3999938964844,2016256N20312,IAN,0.0,test,-0.7727336411129311,0.6347304308857042,-1.0,-1.8369701987210294e-16,0.3341255187988281,14.28787612915039,220.2222137451172,5.803178282803856e-05,41.30350112915039,6.998157501220703,8.09344482421875,242.61233520507807,0.0001022014330374,10.156569480895996,1.4778404235839844,2.7330055236816406,269.02215576171875,0.002712607383728,48.220821380615234,-5.384258270263672,1.377582550048828,283.75054931640625,0.0092040840536355,80.52965545654297,-10.400501251220703,3.3200759887695312,290.518310546875,0.013224933296442,90.37921905517578,7.17094517312944e-05,3.199361526640132e-05,15.346818923950195,-1.3949272632598877,5.96239709854126,7.181417458923534e-05,3.776334415306337e-05,60.656776428222656,5.139471054077148
IBT_2016257N13341_2016091218,2016257N13341,KARL,2016-09-12 18:00:00,2016-09-12,2016,9,18,,DS,13.100000381469728,341.0,20.0,1010.0,IBTRACS_ERA5,OBS,1,13.100000381469728,341.0,2016257N13341,KARL,0.0,test,-0.3255681544571567,0.9455185755993168,-1.0,-1.8369701987210294e-16,-6.254497528076172,0.9565773010253906,219.6971893310547,7.455251761712134e-05,56.47726058959961,-4.384654998779297,-1.64971923828125,242.5936584472656,0.0005467142327688,54.42776107788086,0.0171470642089843,-1.4825706481933594,267.56805419921875,0.0044329017400741,87.9833755493164,-1.617900848388672,1.457538604736328,282.12017822265625,0.0080297533422708,78.42935180664062,1.0421257019042969,1.5341873168945312,290.5615234375,0.0136416293680667,92.9703598022461,2.0525763829937205e-05,2.8961030693608336e-05,7.31944990158081,-2.239556074142456,0.1632026731967926,2.248195778520312e-05,2.8961030693608336e-05,78.29411315917969,1.2863150835037231
NEG_20160912_01099,,,2016-09-12 00:00:00,2016-09-12,2016,9,0,,BG,7.5,,,,IBTRACS_ERA5,OBS,0,7.5,30.0,,,5388.844127446843,test,0.4999999999999999,0.8660254037844387,-1.0,-1.8369701987210294e-16,-15.069927215576172,0.7307472229003906,219.8756561279297,2.2013813577359546e-05,16.3260555267334,-12.659069061279297,0.54705810546875,242.55960083007807,9.711268648970872e-05,9.699305534362791,-11.242618560791016,-0.3792991638183594,266.6342163085937,0.0023625344038009,50.36524963378906,-2.517559051513672,1.487812042236328,282.49737548828125,0.0078734997659921,74.96065521240234,0.3228874206542969,-0.7058029174804688,293.9921875,0.0116468407213687,63.94602966308594,3.1714130273030605e-06,1.2751099347951822e-05,15.45970344543457,-8.233257293701172,0.3361030519008636,2.562890949775465e-05,1.943988354469184e-05,69.98766326904297,4.890072822570801
NEG_20160912_01543,,,2016-09-12 00:00:00,2016-09-12,2016,9,0,,BG,42.5,,,,IBTRACS_ERA5,OBS,0,42.5,337.5,,,3286.471597047236,test,-0.3826834323650895,0.9238795325112868,-1.0,-1.8369701987210294e-16,36.15456008911133,-12.67965316772461,224.5932464599609,1.556533607072197e-05,6.677290916442871,36.1783332824707,-12.50689697265625,232.62228393554688,8.443924889434129e-05,22.691686630249023,23.145565032958984,-0.5700950622558594,254.90061950683597,0.0001742616004776,9.581857681274414,14.327777862548828,-4.435344696044922,270.06756591796875,0.0012117116712033,27.91056251525879,10.959606170654297,-7.359123229980469,278.4847412109375,0.0049481433816254,75.44633483886719,9.798579412745312e-06,6.867232150398195e-05,25.750606536865234,24.15316772460937,-7.510222434997559,2.732249049586244e-05,7.190477481344715e-05,36.394229888916016,8.162971496582031
IBT_2016256N20312_2016091300,2016256N20312,IAN,2016-09-13 00:00:00,2016-09-13,2016,9,0,,TS,23.0,308.79998779296875,35.0,1000.0,IBTRACS_ERA5,OBS,1,23.0,308.79998779296875,2016256N20312,IAN,0.0,test,-0.7793380984312075,0.6266036453242428,-1.0,-1.8369701987210294e-16,1.0801506042480469,10.391639709472656,220.29754638671875,6.237950583454221e-05,44.00359344482422,4.975334167480469,4.911144256591797,242.64068603515625,0.0001102343085221,10.925423622131348,2.3169479370117188,5.857295989990234,269.7965087890625,0.0008613747777417,14.447068214416504,2.80059814453125,12.173545837402344,284.1799621582031,0.006415472831577,54.53935623168945,0.3490562438964844,15.10482406616211,291.4617004394531,0.0140848467126488,90.65254974365234,3.744768400792964e-05,-8.989497473521624e-06,4.76954984664917,2.304417371749878,9.687689781188965,8.433585753664374e-05,2.752798172878101e-05,53.57334518432617,4.76954984664917
IBT_2016256N20312_2016091306,2016256N20312,IAN,2016-09-13 06:00:00,2016-09-13,2016,9,6,,TS,23.899999618530277,308.29998779296875,40.0,1000.0,IBTRACS_ERA5,OBS,1,23.899999618530277,308.29998779296875,2016256N20312,IAN,0.0,test,-0.7847765025787774,0.6197788645962544,-1.0,-1.8369701987210294e-16,6.398754119873047,19.416542053222656,220.89495849609372,1.931561200763099e-05,12.69796657562256,12.483879089355469,14.945323944091797,241.97430419921875,0.0001666575553826,17.599395751953125,2.7222213745117188,7.121944427490234,269.650634765625,0.0008399469079449,14.242490768432615,-2.24993896484375,0.8254013061523438,284.3686828613281,0.0081755090504884,68.63059997558594,-4.347721099853516,-1.2237892150878906,291.4099426269531,0.0138247916474938,89.27113342285156,8.433585753664374e-05,2.4902174118324183e-05,23.27036666870117,3.001438856124878,8.217084884643555,8.433585753664374e-05,3.6260444176150486e-05,53.6229362487793,4.76954984664917
IBT_2016256N20312_2016091312,2016256N20312,IAN,2016-09-13 12:00:00,2016-09-13,2016,9,12,,TS,24.799999237060547,307.8999938964844,45.0,999.0,IBTRACS_ERA5,OBS,1,24.799999237060547,307.8999938964844,2016256N20312,IAN,0.0,test,-0.7890841502723037,0.6142851160406188,-1.0,-1.8369701987210294e-16,6.398754119873047,19.416542053222656,220.89495849609372,1.931561200763099e-05,12.69796657562256,12.483879089355469,14.945323944091797,241.97430419921875,0.0001666575553826,17.599395751953125,2.7222213745117188,7.121944427490234,269.650634765625,0.0008399469079449,14.242490768432615,-2.24993896484375,0.8254013061523438,284.3686828613281,0.0081755090504884,68.63059997558594,-4.347721099853516,-1.2237892150878906,291.4099426269531,0.0138247916474938,89.27113342285156,8.433585753664374e-05,2.4902174118324183e-05,23.27036666870117,3.001438856124878,8.217084884643555,8.433585753664374e-05,3.6260444176150486e-05,53.6229362487793,4.76954984664917
IBT_2016256N20312_2016091318,2016256N20312,IAN,2016-09-13 18:00:00,2016-09-13,2016,9,18,,TS,26.0,307.6000061035156,45.0,998.0,IBTRACS_ERA5,OBS,1,26.0,307.6000061035156,2016256N20312,IAN,0.0,test,-0.7922895783585919,0.6101452483010621,-1.0,-1.8369701987210294e-16,6.398754119873047,19.416542053222656,220.89495849609372,1.931561200763099e-05,12.69796657562256,12.483879089355469,14.945323944091797,241.97430419921875,0.0001666575553826,17.599395751953125,2.7222213745117188,7.121944427490234,269.650634765625,0.0008399469079449,14.242490768432615,-2.24993896484375,0.8254013061523438,284.3686828613281,0.0081755090504884,68.63059997558594,-4.347721099853516,-1.2237892150878906,291.4099426269531,0.0138247916474938,89.27113342285156,8.433585753664374e-05,2.4902174118324183e-05,23.27036666870117,3.001438856124878,8.217084884643555,8.433585753664374e-05,3.6260444176150486e-05,53.6229362487793,4.76954984664917
IBT_2016257N13341_2016091300,2016257N13341,KARL,2016-09-13 00:00:00,2016-09-13,2016,9,0,,DS,13.300000190734863,340.70001220703125,20.0,1010.0,IBTRACS_ERA5,OBS,1,13.300000190734863,340.70001220703125,2016257N13341,KARL,0.0,test,-0.3305141916336983,0.9438010220002536,-1.0,-1.8369701987210294e-16,-1.5463142395019531,2.599159240722656,219.08416748046875,7.434141298290342e-05,60.5986213684082,-4.986824035644531,0.2126579284667968,243.28851318359372,0.0007825001957826,72.94332122802734,1.9653854370117188,1.4512901306152344,268.0137939453125,0.0050363671034574,96.626708984375,2.24005126953125,5.853233337402344,281.6689758300781,0.008483724668622,85.4466781616211,4.670589447021484,5.406093597412109,290.1225891113281,0.0131517359986901,92.1799087524414,2.4238601326942444e-05,4.048224218422547e-05,6.821200370788574,0.4685775637626648,3.10448694229126,3.8670143112540245e-05,4.048224218422547e-05,75.31543731689453,5.916324138641357
IBT_2016257N13341_2016091306,2016257N13341,KARL,2016-09-13 06:00:00,2016-09-13,2016,9,6,,DS,13.600000381469728,340.3999938964844,20.0,1010.0,IBTRACS_ERA5,OBS,1,13.600000381469728,340.3999938964844,2016257N13341,KARL,0.0,test,-0.3354516701042835,0.9420574170528284,-1.0,-1.8369701987210294e-16,-1.5463142395019531,2.599159240722656,219.08416748046875,7.434141298290342e-05,60.5986213684082,-4.986824035644531,0.2126579284667968,243.28851318359372,0.0007825001957826,72.94332122802734,1.9653854370117188,1.4512901306152344,268.0137939453125,0.0050363671034574,96.626708984375,2.24005126953125,5.853233337402344,281.6689758300781,0.008483724668622,85.4466781616211,4.670589447021484,5.406093597412109,290.1225891113281,0.0131517359986901,92.1799087524414,2.4238601326942444e-05,4.048224218422547e-05,6.821200370788574,0.4685775637626648,3.10448694229126,3.8670143112540245e-05,4.048224218422547e-05,75.31543731689453,5.916324138641357
IBT_2016257N13341_2016091312,2016257N13341,KARL,2016-09-13 12:00:00,2016-09-13,2016,9,12,,DS,14.100000381469728,340.0,25.0,1010.0,IBTRACS_ERA5,OBS,1,14.100000381469728,340.0,2016257N13341,KARL,0.0,test,-0.3420201433256686,0.9396926207859084,-1.0,-1.8369701987210294e-16,-0.1964607238769531,5.843544006347656,219.93280029296875,8.143529703374952e-05,59.985801696777344,-2.1508865356445312,4.964855194091797,242.44598388671875,0.0005568742635659,56.22257614135742,-11.07709503173828,6.477901458740234,268.092529296875,0.0047125052660703,89.87416076660156,-10.22845458984375,4.794151306152344,281.8362121582031,0.0079010594636201,78.6768798828125,-7.623111724853516,4.515712738037109,291.0759582519531,0.0124728986993432,82.26683044433594,3.1916093576001e-05,3.620451388997026e-05,7.544420719146728,-6.255201816558838,5.319232940673828,3.8670143112540245e-05,4.048224218422547e-05,74.40455627441406,5.916324138641357
IBT_2016257N13341_2016091318,2016257N13341,KARL,2016-09-13 18:00:00,2016-09-13,2016,9,18,,DS,14.800000190734863,339.20001220703125,25.0,1009.0,IBTRACS_ERA5,OBS,1,14.800000190734863,339.20001220703125,2016257N13341,KARL,0.0,test,-0.3551067632408193,0.9348257520525568,-1.0,-1.8369701987210294e-16,-0.1964607238769531,5.843544006347656,219.93280029296875,8.143529703374952e-05,59.985801696777344,-2.1508865356445312,4.964855194091797,242.44598388671875,0.0005568742635659,56.22257614135742,-11.07709503173828,6.477901458740234,268.092529296875,0.0047125052660703,89.87416076660156,-10.22845458984375,4.794151306152344,281.8362121582031,0.0079010594636201,78.6768798828125,-7.623111724853516,4.515712738037109,291.0759582519531,0.0124728986993432,82.26683044433594,3.1916093576001e-05,3.620451388997026e-05,7.544420719146728,-6.255201816558838,5.319232940673828,3.8670143112540245e-05,4.048224218422547e-05,74.40455627441406,5.916324138641357
IBT_2016257N27280_2016091306,2016257N27280,JULIA,2016-09-13 06:00:00,2016-09-13,2016,9,6,,TS,27.299999237060547,279.79998779296875,30.0,1010.0,IBTRACS_ERA5,OBS,1,27.299999237060547,279.79998779296875,2016257N27280,JULIA,0.0,test,-0.985407934747093,0.1702092892220305,-1.0,-1.8369701987210294e-16,2.458812713623047,2.889198303222656,219.06341552734372,7.247923349495977e-05,59.227909088134766,1.9660568237304688,3.106212615966797,242.26556396484372,0.0006658762576989,68.39166259765625,-0.6718215942382812,1.8206748962402344,267.54443359375,0.0040231626480817,79.99490356445312,-1.83636474609375,4.982627868652344,282.2612609863281,0.0074683595448732,72.25070190429688,-1.999576568603516,6.244960784912109,290.3586730957031,0.0125571200624108,86.69422149658203,3.774143260670826e-05,2.107393811456859e-05,5.580177307128906,-0.0165786743164062,3.808734893798828,3.774143260670826e-05,2.107393811456859e-05,68.05142211914062,5.580177307128906
IBT_2016257N27280_2016091312,2016257N27280,JULIA,2016-09-13 12:00:00,2016-09-13,2016,9,12,,TS,28.0,279.29998779296875,35.0,1010.0,IBTRACS_ERA5,OBS,1,28.0,279.29998779296875,2016257N27280,JULIA,0.0,test,-0.9868557508369457,0.161603610850898,-1.0,-1.8369701987210294e-16,2.458812713623047,2.889198303222656,219.06341552734372,7.247923349495977e-05,59.227909088134766,1.9660568237304688,3.106212615966797,242.26556396484372,0.0006658762576989,68.39166259765625,-0.6718215942382812,1.8206748962402344,267.54443359375,0.0040231626480817,79.99490356445312,-1.83636474609375,4.982627868652344,282.2612609863281,0.0074683595448732,72.25070190429688,-1.999576568603516,6.244960784912109,290.3586730957031,0.0125571200624108,86.69422149658203,3.774143260670826e-05,2.107393811456859e-05,5.580177307128906,-0.0165786743164062,3.808734893798828,3.774143260670826e-05,2.107393811456859e-05,68.05142211914062,5.580177307128906
IBT_2016257N27280_2016091318,2016257N27280,JULIA,2016-09-13 18:00:00,2016-09-13,2016,9,18,,TS,29.0,278.79998779296875,45.0,1010.0,IBTRACS_ERA5,OBS,1,29.0,278.79998779296875,2016257N27280,JULIA,0.0,test,-0.9882284140406046,0.1529856257391246,-1.0,-1.8369701987210294e-16,8.308422088623047,9.797645568847656,218.69476318359372,7.087316771503538e-05,60.538841247558594,2.1640548706054688,6.913585662841797,241.52020263671875,0.000659997749608,72.79281616210938,-4.706489562988281,6.896846771240234,266.624755859375,0.0041013490408658,87.4974136352539,-8.85247802734375,7.269248962402344,281.6589660644531,0.0068383682519197,68.92192077636719,-10.720767974853516,7.412685394287109,290.3108215332031,0.0110242674127221,76.34439849853516,1.6808600776130334e-05,8.364319000975229e-06,19.178062438964844,-2.7614517211914062,7.6580023765563965,3.774143260670826e-05,2.107393811456859e-05,65.71886444091797,5.580177307128906
NEG_20160913_01726,,,2016-09-13 00:00:00,2016-09-13,2016,9,0,,BG,30.0,,,,IBTRACS_ERA5,OBS,0,30.0,260.0,,,1820.8049260968676,test,-0.984807753012208,-0.1736481776669303,-1.0,-1.8369701987210294e-16,11.393383026123049,3.836708068847656,219.76336669921875,4.405945583130233e-05,33.11521530151367,7.943351745605469,5.823741912841797,241.35223388671875,0.0005959749105386,66.79984283447266,3.6016159057617188,2.5301475524902344,267.72607421875,0.0026117099914699,51.21632766723633,2.28717041015625,2.526084899902344,281.8547668457031,0.0083707440644502,83.2486801147461,-1.7119789123535156,6.600673675537109,291.6452941894531,0.0126309702172875,80.35550689697266,-1.230761881743092e-05,1.1100462870672343e-05,13.39365577697754,4.7027082443237305,4.2634711265563965,3.287561412435025e-05,1.1100462870672343e-05,57.37741088867188,7.150982856750488
IBT_2016256N20312_2016091400,2016256N20312,IAN,2016-09-14 00:00:00,2016-09-14,2016,9,0,,TS,27.299999237060547,307.3999938964844,45.0,998.0,IBTRACS_ERA5,OBS,1,27.299999237060547,307.3999938964844,2016256N20312,IAN,0.0,test,-0.7944146852370018,0.6073757550971189,-1.0,-1.8369701987210294e-16,9.449623107910156,17.48963165283203,221.2573699951172,1.937930574058555e-05,12.209039688110352,12.983184814453123,14.97991180419922,242.7606201171875,8.403735409956425e-05,8.234807014465332,8.873401641845703,13.79733657836914,268.574462890625,0.0006005955510772,11.043489456176758,4.302574157714844,10.222572326660156,283.1788024902344,0.005031073000282,45.7438850402832,1.8709373474121092,8.355941772460938,290.8006896972656,0.0118142096325755,79.29852294921875,4.548988363239914e-05,2.6773115678224716e-05,11.868477821350098,7.495944023132324,12.969079971313477,6.55706026009284e-05,7.401348557323217e-05,51.81949615478516,3.7507338523864746
IBT_2016256N20312_2016091406,2016256N20312,IAN,2016-09-14 06:00:00,2016-09-14,2016,9,6,,TS,28.899999618530277,307.0,45.0,998.0,IBTRACS_ERA5,OBS,1,28.899999618530277,307.0,2016256N20312,IAN,0.0,test,-0.798635510047293,0.6018150231520479,-1.0,-1.8369701987210294e-16,8.669349670410156,23.61011505126953,221.66075134277344,4.696228643297218e-05,28.22296714782715,10.801177978515623,19.03032684326172,243.330810546875,0.0002755638561211,25.585323333740234,0.9739875793457032,17.83578872680664,267.45166015625,0.0021242541261017,42.53779602050781,-0.8483047485351562,12.197792053222656,281.6751403808594,0.0066246329806745,66.69417572021484,-0.6454200744628906,10.037216186523438,290.9429016113281,0.0118140010163187,78.58280944824219,6.55706026009284e-05,5.903611963731237e-05,16.461729049682617,3.790158033370972,16.542247772216797,6.55706026009284e-05,7.401348557323217e-05,56.31607818603516,4.374508857727051
IBT_2016256N20312_2016091412,2016256N20312,IAN,2016-09-14 12:00:00,2016-09-14,2016,9,12,,TS,30.5,306.5,45.0,998.0,IBTRACS_ERA5,OBS,1,30.5,306.5,2016256N20312,IAN,0.0,test,-0.8038568606172173,0.5948227867513414,-1.0,-1.8369701987210294e-16,8.669349670410156,23.61011505126953,221.66075134277344,4.696228643297218e-05,28.22296714782715,10.801177978515623,19.03032684326172,243.330810546875,0.0002755638561211,25.585323333740234,0.9739875793457032,17.83578872680664,267.45166015625,0.0021242541261017,42.53779602050781,-0.8483047485351562,12.197792053222656,281.6751403808594,0.0066246329806745,66.69417572021484,-0.6454200744628906,10.037216186523438,290.9429016113281,0.0118140010163187,78.58280944824219,6.55706026009284e-05,5.903611963731237e-05,16.461729049682617,3.790158033370972,16.542247772216797,6.55706026009284e-05,7.401348557323217e-05,56.31607818603516,4.374508857727051
IBT_2016257N13341_2016091400,2016257N13341,KARL,2016-09-14 00:00:00,2016-09-14,2016,9,0,,DS,15.5,338.1000061035156,25.0,1009.0,IBTRACS_ERA5,OBS,1,15.5,338.1000061035156,2016257N13341,KARL,0.0,test,-0.3729876837367107,0.9278362936319764,-1.0,-1.8369701987210294e-16,2.235755920410156,-1.2827072143554688,219.6484222412109,7.502397056668997e-05,57.165672302246094,-2.522308349609375,3.2437057495117188,242.8924560546875,0.0007526431581936,72.8359603881836,0.1129035949707031,6.748386383056641,267.510498046875,0.0045532775111496,90.77013397216795,0.0118026733398437,8.388954162597656,282.5809020996094,0.0080842617899179,76.5331802368164,3.893886566162109,7.0115814208984375,291.2331848144531,0.0130103258416056,84.95902252197266,4.468084443942644e-05,3.826744796242565e-05,8.458405494689941,0.7464081048965454,4.82198429107666,5.5589869589312e-05,4.667872417485341e-05,70.73059844970703,3.886120080947876
IBT_2016257N13341_2016091406,2016257N13341,KARL,2016-09-14 06:00:00,2016-09-14,2016,9,6,,TS,16.200000762939453,336.79998779296875,25.0,1009.0,IBTRACS_ERA5,OBS,1,16.200000762939453,336.79998779296875,2016257N13341,KARL,0.0,test,-0.39394210541538,0.9191352553247524,-1.0,-1.8369701987210294e-16,2.235755920410156,-1.2827072143554688,219.6484222412109,7.502397056668997e-05,57.165672302246094,-2.522308349609375,3.2437057495117188,242.8924560546875,0.0007526431581936,72.8359603881836,0.1129035949707031,6.748386383056641,267.510498046875,0.0045532775111496,90.77013397216795,0.0118026733398437,8.388954162597656,282.5809020996094,0.0080842617899179,76.5331802368164,3.893886566162109,7.0115814208984375,291.2331848144531,0.0130103258416056,84.95902252197266,4.468084443942644e-05,3.826744796242565e-05,8.458405494689941,0.7464081048965454,4.82198429107666,5.5589869589312e-05,4.667872417485341e-05,70.73059844970703,3.886120080947876
IBT_2016257N13341_2016091412,2016257N13341,KARL,2016-09-14 12:00:00,2016-09-14,2016,9,12,,TS,16.799999237060547,335.5,30.0,1009.0,IBTRACS_ERA5,OBS,1,16.799999237060547,335.5,2016257N13341,KARL,0.0,test,-0.4146932426562393,0.9099612708765432,-1.0,-1.8369701987210294e-16,-0.1636581420898437,8.618659973144531,219.51744079589844,7.450475823134184e-05,57.66396331787109,-0.804534912109375,0.2573776245117187,242.529541015625,0.0006912280223332,69.23507690429688,-7.789440155029297,3.4598121643066406,268.2889404296875,0.0045547527261078,85.58094024658203,-11.670570373535156,3.055946350097656,282.3121032714844,0.0083451811224222,80.45532989501953,-8.48575210571289,2.160751342773437,291.3408508300781,0.0120600489899516,78.2175064086914,5.5589869589312e-05,4.667872417485341e-05,10.533842086791992,-5.7827911376953125,3.510509490966797,5.5589869589312e-05,4.667872417485341e-05,72.70011901855469,5.002404689788818
IBT_2016257N13341_2016091418,2016257N13341,KARL,2016-09-14 18:00:00,2016-09-14,2016,9,18,,TS,17.200000762939453,334.20001220703125,30.0,1009.0,IBTRACS_ERA5,OBS,1,17.200000762939453,334.20001220703125,2016257N13341,KARL,0.0,test,-0.4352309075568044,0.9003188641294152,-1.0,-1.8369701987210294e-16,-0.1636581420898437,8.618659973144531,219.51744079589844,7.450475823134184e-05,57.66396331787109,-0.804534912109375,0.2573776245117187,242.529541015625,0.0006912280223332,69.23507690429688,-7.789440155029297,3.4598121643066406,268.2889404296875,0.0045547527261078,85.58094024658203,-11.670570373535156,3.055946350097656,282.3121032714844,0.0083451811224222,80.45532989501953,-8.48575210571289,2.160751342773437,291.3408508300781,0.0120600489899516,78.2175064086914,5.5589869589312e-05,4.667872417485341e-05,10.533842086791992,-5.7827911376953125,3.510509490966797,5.5589869589312e-05,4.667872417485341e-05,72.70011901855469,5.002404689788818
IBT_2016257N27280_2016091400,2016257N27280,JULIA,2016-09-14 00:00:00,2016-09-14,2016,9,0,,TS,29.799999237060547,278.5,45.0,1010.0,IBTRACS_ERA5,OBS,1,29.799999237060547,278.5,2016257N27280,JULIA,0.0,test,-0.9890158633619168,0.1478094111296109,-1.0,-1.8369701987210294e-16,2.846351623535156,7.053474426269531,219.66270446777344,6.910168303875253e-05,52.56353759765625,4.767242431640625,0.4497604370117187,242.5076904296875,0.000217009728658,21.781396865844727,2.843860626220703,-3.07632064819336,267.630126953125,0.003423084039241,67.62001037597656,1.3018417358398438,-1.3525009155273438,282.4954528808594,0.0085058156400918,80.99124145507812,1.6802635192871094,1.7286224365234375,289.9856262207031,0.0130628375336527,92.36288452148438,5.057440284872428e-05,1.6788046195870265e-05,5.451037406921387,2.6879119873046875,0.9606071710586548,5.057440284872428e-05,3.197800469934009e-05,69.80075073242188,3.891850233078003
IBT_2016257N27280_2016091406,2016257N27280,JULIA,2016-09-14 06:00:00,2016-09-14,2016,9,6,,TS,30.5,278.29998779296875,40.0,1011.0,IBTRACS_ERA5,OBS,1,30.5,278.29998779296875,2016257N27280,JULIA,0.0,test,-0.9895258198244524,0.1443559901796431,-1.0,-1.8369701987210294e-16,2.846351623535156,7.053474426269531,219.66270446777344,6.910168303875253e-05,52.56353759765625,4.767242431640625,0.4497604370117187,242.5076904296875,0.000217009728658,21.781396865844727,2.843860626220703,-3.07632064819336,267.630126953125,0.003423084039241,67.62001037597656,1.3018417358398438,-1.3525009155273438,282.4954528808594,0.0085058156400918,80.99124145507812,1.6802635192871094,1.7286224365234375,289.9856262207031,0.0130628375336527,92.36288452148438,5.057440284872428e-05,1.6788046195870265e-05,5.451037406921387,2.6879119873046875,0.9606071710586548,5.057440284872428e-05,3.197800469934009e-05,69.80075073242188,3.891850233078003
IBT_2016257N27280_2016091412,2016257N27280,JULIA,2016-09-14 12:00:00,2016-09-14,2016,9,12,,TS,31.299999237060547,278.5,40.0,1011.0,IBTRACS_ERA5,OBS,1,31.299999237060547,278.5,2016257N27280,JULIA,0.0,test,-0.9890158633619168,0.1478094111296109,-1.0,-1.8369701987210294e-16,4.673133850097656,11.574348449707031,220.2905120849609,5.540356141864322e-05,39.11519241333008,5.697296142578125,5.979301452636719,241.29559326171875,0.0003285821876488,37.03010559082031,-1.1621208190917969,-2.34902572631836,267.225830078125,0.0030706045217812,62.558197021484375,-6.643836975097656,-2.831138610839844,281.4737243652344,0.0075153652578592,76.70824432373047,-9.45401382446289,-2.8742828369140625,289.6445617675781,0.0105109540745615,75.9622802734375,2.790347207337618e-05,1.4175987416820137e-05,20.20740509033203,-1.3779083490371704,1.8998405933380127,5.057440284872428e-05,3.197800469934009e-05,64.19532012939453,3.891850233078003
IBT_2016257N27280_2016091418,2016257N27280,JULIA,2016-09-14 18:00:00,2016-09-14,2016,9,18,,TS,31.799999237060547,279.29998779296875,40.0,1009.0,IBTRACS_ERA5,OBS,1,31.799999237060547,279.29998779296875,2016257N27280,JULIA,0.0,test,-0.9868557508369457,0.161603610850898,-1.0,-1.8369701987210294e-16,8.028968811035156,14.641120910644531,219.28257751464844,7.712037768214941e-05,61.38745880126953,0.775787353515625,6.709037780761719,242.324462890625,0.0007259589037857,74.14573669433594,-3.040660858154297,4.626071929931641,266.9818115234375,0.0043543172068893,90.3839340209961,-4.713050842285156,6.908241271972656,280.7881774902344,0.0075784269720315,81.06707763671875,-5.912998199462891,6.1273040771484375,289.7090148925781,0.011295679025352,81.2965087890625,3.004939208040014e-05,3.184610977768898e-05,16.33595848083496,-0.9723907709121704,7.8023552894592285,5.057440284872428e-05,3.197800469934009e-05,59.834129333496094,3.891850233078003
NEG_20160914_00582,,,2016-09-14 00:00:00,2016-09-14,2016,9,0,,BG,0.0,,,,IBTRACS_ERA5,OBS,0,0.0,315.0,,,2842.0200257809383,test,-0.7071067811865477,0.7071067811865474,-1.0,-1.8369701987210294e-16,0.4852676391601562,-2.4020919799804688,219.56748962402344,3.12955780827906e-05,24.077402114868164,-9.460540771484377,-5.536567687988281,240.9530029296875,0.0005337190232239,62.164981842041016,-6.516002655029297,2.7376441955566406,268.2181396484375,0.0004900736385025,9.25773811340332,-4.897132873535156,5.175086975097656,283.3023376464844,0.0040153204463422,36.20586395263672,-7.119052886962891,5.6326751708984375,291.5564270019531,0.0114666251465678,73.35971069335938,7.893216206866782e-06,-1.5716173038526904e-06,11.062692642211914,-5.501492500305176,1.1213493347167969,1.3368078725761734e-05,9.368881364935078e-06,51.73151397705078,4.818989276885986
NEG_20160914_03619,,,2016-09-14 00:00:00,2016-09-14,2016,9,0,,BG,40.0,,,,IBTRACS_ERA5,OBS,0,40.0,0.0,,,3452.927608908248,test,0.0,1.0,-1.0,-1.8369701987210294e-16,23.50479888916016,17.64087677001953,221.84800720214844,1.1701481525960844e-05,6.880366325378418,29.605377197265625,23.24370574951172,231.6197509765625,0.0001878109032986,56.07262420654297,22.022571563720703,16.63705825805664,258.7657470703125,0.0003106338554061,12.369937896728516,8.502281188964844,5.235145568847656,273.0835876464844,0.0023433505557477,43.21416473388672,3.753993988037109,-0.1461334228515625,284.5476379394531,0.0052549866959452,52.99913024902344,2.73030800599372e-05,6.633636076003313e-05,26.57954216003418,17.47780418395996,12.522130966186523,7.026866660453379e-05,0.000100655015558,57.87447738647461,5.233417510986328
IBT_2016256N20312_2016091512,2016256N20312,IAN,2016-09-15 12:00:00,2016-09-15,2016,9,12,,TS,36.29999923706055,308.5,45.0,998.0,IBTRACS_ERA5,OBS,1,36.29999923706055,308.5,2016256N20312,IAN,0.0,test,-0.782608156852414,0.6225146366376193,-1.0,-1.8369701987210294e-16,4.31005859375,7.010295867919922,218.5843048095703,5.418941145762801e-05,46.90789031982422,2.67010498046875,7.248989105224609,240.66546630859372,0.0004304272588342,51.54533004760742,1.8740692138671875,5.001926422119141,265.7619323730469,0.0025451055262237,58.032188415527344,0.9207077026367188,2.212047576904297,280.9064025878906,0.0070119379088282,74.4016342163086,-0.9527587890625,1.6256828308105469,288.9178771972656,0.0114676682278513,86.84420013427734,4.7172616177704185e-05,3.7964946386637166e-05,7.529362678527832,1.7644363641738892,4.61978816986084,6.646412657573819e-05,6.031102384440601e-05,58.49995422363281,3.6516013145446777
IBT_2016256N20312_2016091518,2016256N20312,IAN,2016-09-15 18:00:00,2016-09-15,2016,9,18,,TS,38.29999923706055,310.79998779296875,45.0,998.0,IBTRACS_ERA5,OBS,1,38.29999923706055,310.79998779296875,2016256N20312,IAN,0.0,test,-0.7569951948648856,0.6534204427101082,-1.0,-1.8369701987210294e-16,10.32763671875,18.769939422607425,218.9976348876953,4.174088462605141e-05,34.37969970703125,6.78570556640625,10.90719223022461,240.9759521484375,0.0004111730959266,47.78559112548828,5.875289916992188,13.27695083618164,265.7304992675781,0.0028857535216957,65.9597396850586,4.135185241699219,14.733409881591797,280.7760314941406,0.0073202429339289,78.37055206298828,1.94677734375,13.849132537841797,289.0691223144531,0.0105310110375285,78.97687530517578,4.713438102044165e-05,4.379942038212903e-05,9.718700408935549,5.8141188621521,14.307324409484863,6.646412657573819e-05,6.031102384440601e-05,61.77937316894531,5.795938968658447
IBT_2016257N13341_2016091500,2016257N13341,KARL,2016-09-15 00:00:00,2016-09-15,2016,9,0,,TS,17.399999618530273,332.70001220703125,30.0,1009.0,IBTRACS_ERA5,OBS,1,17.399999618530273,332.70001220703125,2016257N13341,KARL,0.0,test,-0.4586493651618373,0.8886173303715406,-1.0,-1.8369701987210294e-16,-0.4139404296875,2.885417938232422,219.2555694580078,7.458700565621257e-05,59.56312561035156,1.02178955078125,-2.40567398071289,242.67205810546875,0.0005157084669917,50.96039962768555,1.6410369873046875,3.5690650939941406,268.2427062988281,0.0045563448220491,85.91145324707031,-4.267280578613281,10.822399139404297,282.0552062988281,0.0082769421860575,81.20136260986328,-6.5284423828125,8.234264373779297,290.6123352050781,0.0131034580990672,89.01377868652344,4.807015648111701e-05,5.266861990094185e-05,8.123871803283691,-1.7093673944473269,4.621094703674316,6.809310434618965e-05,5.266861990094185e-05,70.69280242919922,2.157065153121948
IBT_2016257N13341_2016091506,2016257N13341,KARL,2016-09-15 06:00:00,2016-09-15,2016,9,6,,TS,17.5,331.29998779296875,35.0,1008.0,IBTRACS_ERA5,OBS,1,17.5,331.29998779296875,2016257N13341,KARL,0.0,test,-0.4802236843217009,0.8771460613925661,-1.0,-1.8369701987210294e-16,-0.4139404296875,2.885417938232422,219.2555694580078,7.458700565621257e-05,59.56312561035156,1.02178955078125,-2.40567398071289,242.67205810546875,0.0005157084669917,50.96039962768555,1.6410369873046875,3.5690650939941406,268.2427062988281,0.0045563448220491,85.91145324707031,-4.267280578613281,10.822399139404297,282.0552062988281,0.0082769421860575,81.20136260986328,-6.5284423828125,8.234264373779297,290.6123352050781,0.0131034580990672,89.01377868652344,4.807015648111701e-05,5.266861990094185e-05,8.123871803283691,-1.7093673944473269,4.621094703674316,6.809310434618965e-05,5.266861990094185e-05,70.69280242919922,2.157065153121948
IBT_2016257N13341_2016091512,2016257N13341,KARL,2016-09-15 12:00:00,2016-09-15,2016,9,12,,TS,17.600000381469727,330.20001220703125,35.0,1007.0,IBTRACS_ERA5,OBS,1,17.600000381469727,330.20001220703125,2016257N13341,KARL,0.0,test,-0.4969737761476085,0.8677655592506461,-1.0,-1.8369701987210294e-16,0.601806640625,4.108318328857422,219.1864776611328,6.434362148866057e-05,51.80986404418945,4.38189697265625,-1.5503273010253906,242.3394775390625,0.0003570893313735,36.41920471191406,-0.7926788330078125,-3.37807846069336,269.0337219238281,0.0027194565627723,48.30046463012695,-2.330146789550781,-0.4564094543457031,282.7992248535156,0.0092500625178217,86.28620147705078,-4.305908203125,-1.2189826965332031,290.7676086425781,0.013173165731132,88.6064224243164,6.809310434618965e-05,3.336987356306054e-05,7.243328094482422,-0.4890060424804687,-0.4990959167480469,6.809310434618965e-05,5.266861990094185e-05,73.68885803222656,6.262157440185547
IBT_2016257N13341_2016091518,2016257N13341,KARL,2016-09-15 18:00:00,2016-09-15,2016,9,18,,TS,17.700000762939453,329.20001220703125,35.0,1006.0,IBTRACS_ERA5,OBS,1,17.700000762939453,329.20001220703125,2016257N13341,KARL,0.0,test,-0.5120426818666742,0.8589600060228554,-1.0,-1.8369701987210294e-16,0.601806640625,4.108318328857422,219.1864776611328,6.434362148866057e-05,51.80986404418945,4.38189697265625,-1.5503273010253906,242.3394775390625,0.0003570893313735,36.41920471191406,-0.7926788330078125,-3.37807846069336,269.0337219238281,0.0027194565627723,48.30046463012695,-2.330146789550781,-0.4564094543457031,282.7992248535156,0.0092500625178217,86.28620147705078,-4.305908203125,-1.2189826965332031,290.7676086425781,0.013173165731132,88.6064224243164,6.809310434618965e-05,3.336987356306054e-05,7.243328094482422,-0.4890060424804687,-0.4990959167480469,6.809310434618965e-05,5.266861990094185e-05,73.68885803222656,6.262157440185547
IBT_2016257N27280_2016091500,2016257N27280,JULIA,2016-09-15 00:00:00,2016-09-15,2016,9,0,,TS,31.899999618530277,279.8999938964844,40.0,1007.0,IBTRACS_ERA5,OBS,1,31.899999618530277,279.8999938964844,2016257N27280,JULIA,0.0,test,-0.985109344469764,0.1719289953392151,-1.0,-1.8369701987210294e-16,7.539306640625,5.724285125732422,220.5119171142578,4.1719464206835255e-05,28.692949295043945,8.46881103515625,0.8449363708496094,241.35302734375,0.0001570561289554,17.602298736572266,3.0720672607421875,-4.752590179443359,268.6057434082031,0.0019935762975364,36.570411682128906,-2.462959289550781,-5.513538360595703,282.6341857910156,0.007963883690536,75.12220001220703,-6.450927734375,-5.956897735595703,289.8083801269531,0.0122403530403971,87.53583526611328,5.690002944902517e-05,1.800442441890482e-05,18.22571563720703,2.033259630203247,-1.9307609796524048,5.690002944902517e-05,3.7147823604755104e-05,62.26178741455078,2.092820882797241
IBT_2016257N27280_2016091506,2016257N27280,JULIA,2016-09-15 06:00:00,2016-09-15,2016,9,6,,TS,31.899999618530277,280.5,40.0,1007.0,IBTRACS_ERA5,OBS,1,31.899999618530277,280.5,2016257N27280,JULIA,0.0,test,-0.9832549075639546,0.1822355254921474,-1.0,-1.8369701987210294e-16,7.539306640625,5.724285125732422,220.5119171142578,4.1719464206835255e-05,28.692949295043945,8.46881103515625,0.8449363708496094,241.35302734375,0.0001570561289554,17.602298736572266,3.0720672607421875,-4.752590179443359,268.6057434082031,0.0019935762975364,36.570411682128906,-2.462959289550781,-5.513538360595703,282.6341857910156,0.007963883690536,75.12220001220703,-6.450927734375,-5.956897735595703,289.8083801269531,0.0122403530403971,87.53583526611328,5.690002944902517e-05,1.800442441890482e-05,18.22571563720703,2.033259630203247,-1.9307609796524048,5.690002944902517e-05,3.7147823604755104e-05,62.26178741455078,2.092820882797241
IBT_2016257N27280_2016091512,2016257N27280,JULIA,2016-09-15 12:00:00,2016-09-15,2016,9,12,,TS,31.899999618530277,281.29998779296875,40.0,1007.0,IBTRACS_ERA5,OBS,1,31.899999618530277,281.29998779296875,2016257N27280,JULIA,0.0,test,-0.9806147002934824,0.1959459353197288,-1.0,-1.8369701987210294e-16,9.860107421875,6.629314422607422,220.1389312744141,7.280049612745643e-05,52.32901382446289,9.99273681640625,2.5679588317871094,242.8162841796875,0.0004997418727725,48.71197509765625,5.755538940429688,2.5978736877441406,268.1501770019531,0.0041959900408983,79.6740951538086,1.7399215698242188,5.291454315185547,281.5585021972656,0.0085619566962122,86.8865966796875,-1.969970703125,5.531566619873047,290.0033264160156,0.0122022656723856,86.18034362792969,5.035391222918406e-05,3.7147823604755104e-05,11.880900382995604,5.075666904449463,4.5236334800720215,5.690002944902517e-05,3.7147823604755104e-05,58.537445068359375,2.092820882797241
IBT_2016257N27280_2016091518,2016257N27280,JULIA,2016-09-15 18:00:00,2016-09-15,2016,9,18,,TS,31.899999618530277,282.1000061035156,40.0,1007.0,IBTRACS_ERA5,OBS,1,31.899999618530277,282.1000061035156,2016257N27280,JULIA,0.0,test,-0.9777832144286804,0.2096186670635915,-1.0,-1.8369701987210294e-16,9.860107421875,6.629314422607422,220.1389312744141,7.280049612745643e-05,52.32901382446289,9.99273681640625,2.5679588317871094,242.8162841796875,0.0004997418727725,48.71197509765625,5.755538940429688,2.5978736877441406,268.1501770019531,0.0041959900408983,79.6740951538086,1.7399215698242188,5.291454315185547,281.5585021972656,0.0085619566962122,86.8865966796875,-1.969970703125,5.531566619873047,290.0033264160156,0.0122022656723856,86.18034362792969,5.035391222918406e-05,3.7147823604755104e-05,11.880900382995604,5.075666904449463,4.5236334800720215,5.690002944902517e-05,3.7147823604755104e-05,58.537445068359375,2.092820882797241
IBT_2016256N20312_2016091600,2016256N20312,IAN,2016-09-16 00:00:00,2016-09-16,2016,9,0,,TS,41.20000076293945,313.20001220703125,45.0,998.0,IBTRACS_ERA5,OBS,1,41.20000076293945,313.20001220703125,2016256N20312,IAN,0.0,test,-0.7289684815766576,0.684547261237544,-1.0,-1.8369701987210294e-16,22.77827835083008,16.040077209472656,220.1963348388672,3.2841297070262954e-05,23.446237564086918,22.977020263671875,10.946052551269531,236.67037963867188,0.0001882102078525,33.41143798828125,21.128368377685547,3.2722702026367188,264.17437744140625,0.001066563418135,27.520526885986328,17.9171142578125,0.5642166137695312,279.84405517578125,0.0022874558344483,26.112598419189453,15.789451599121094,-3.035919189453125,285.4273986816406,0.0076631223782896,72.90068054199219,3.930114326067269e-05,1.539114600745961e-05,20.31593894958496,20.11804580688477,5.557339668273926,5.091361163067632e-05,3.87108520953916e-05,37.348758697509766,12.576930046081545
IBT_2016256N20312_2016091606,2016256N20312,IAN,2016-09-16 06:00:00,2016-09-16,2016,9,6,,TS,44.0,317.20001220703125,50.0,994.0,IBTRACS_ERA5,OBS,1,44.0,317.20001220703125,2016256N20312,IAN,0.0,test,-0.6794411479382348,0.7337300092597914,-1.0,-1.8369701987210294e-16,25.43965530395508,23.811317443847656,219.5290985107422,3.277284486102872e-05,25.3297119140625,23.243865966796875,24.20459747314453,237.35250854492188,0.0002600412699393,43.11616897583008,22.874462127685547,16.16631317138672,263.07928466796875,0.0020276138093322,57.03200149536133,15.8973388671875,11.728034973144531,278.41436767578125,0.0042423391714692,53.48645782470703,8.438865661621094,8.277191162109375,283.2093811035156,0.0072145378217101,79.58293914794922,2.7111751478514637e-05,3.186418325640261e-05,23.029024124145508,19.17883682250977,16.83749008178711,7.0520858571399e-05,8.607526251580566e-05,46.561668395996094,3.357024669647217
IBT_2016257N13341_2016091600,2016257N13341,KARL,2016-09-16 00:00:00,2016-09-16,2016,9,0,,TS,17.799999237060547,328.20001220703125,40.0,1004.0,IBTRACS_ERA5,OBS,1,17.799999237060547,328.20001220703125,2016257N13341,KARL,0.0,test,-0.5269556144245737,0.8498928052562982,-1.0,-1.8369701987210294e-16,5.793170928955078,-1.1110458374023438,219.9714813232422,5.583727761404589e-05,40.94152069091797,7.583221435546875,0.0072097778320312,242.68130493164065,0.000189515936654,18.71084213256836,2.414134979248047,3.647514343261719,268.3438720703125,0.0018589326646178,34.783077239990234,0.744140625,8.092536926269531,283.40838623046875,0.0085084969177842,76.1749267578125,-1.3829116821289062,8.528656005859375,290.9767150878906,0.0128974532708525,85.60531616210938,6.408408808056265e-05,2.4667857360327616e-05,12.01748752593994,3.030351161956787,3.8329741954803462,7.01948010828346e-05,5.074813816463575e-05,66.31885528564453,2.9874203205108643
IBT_2016257N13341_2016091606,2016257N13341,KARL,2016-09-16 06:00:00,2016-09-16,2016,9,6,,TS,18.0,327.20001220703125,40.0,1004.0,IBTRACS_ERA5,OBS,1,18.0,327.20001220703125,2016257N13341,KARL,0.0,test,-0.5417080311975858,0.8405667189081634,-1.0,-1.8369701987210294e-16,5.793170928955078,-1.1110458374023438,219.9714813232422,5.583727761404589e-05,40.94152069091797,7.583221435546875,0.0072097778320312,242.68130493164065,0.000189515936654,18.71084213256836,2.414134979248047,3.647514343261719,268.3438720703125,0.0018589326646178,34.783077239990234,0.744140625,8.092536926269531,283.40838623046875,0.0085084969177842,76.1749267578125,-1.3829116821289062,8.528656005859375,290.9767150878906,0.0128974532708525,85.60531616210938,6.408408808056265e-05,2.4667857360327616e-05,12.01748752593994,3.030351161956787,3.8329741954803462,7.01948010828346e-05,5.074813816463575e-05,66.31885528564453,2.9874203205108643
IBT_2016257N13341_2016091612,2016257N13341,KARL,2016-09-16 12:00:00,2016-09-16,2016,9,12,,TS,18.299999237060547,326.20001220703125,40.0,1004.0,IBTRACS_ERA5,OBS,1,18.299999237060547,326.20001220703125,2016257N13341,KARL,0.0,test,-0.5562954384566516,0.8309845877946965,-1.0,-1.8369701987210294e-16,8.460895538330078,-2.989219665527344,219.4010467529297,2.729946209001355e-05,21.42455291748047,6.639373779296875,-2.4736251831054688,242.73629760742188,0.0001448143157176,14.223090171813965,1.5160636901855469,-0.7731399536132812,268.3720092773437,0.0010561177041381,19.719276428222656,0.4959716796875,-0.9680099487304688,283.48760986328125,0.007890828885138,70.26966857910156,-1.3663101196289062,-4.766021728515625,290.8675842285156,0.0127786910161376,85.40782928466797,7.01948010828346e-05,3.059714799746871e-05,9.98654079437256,3.1491990089416504,-2.394003391265869,7.01948010828346e-05,5.074813816463575e-05,66.56305694580078,2.9874203205108643
IBT_2016257N13341_2016091618,2016257N13341,KARL,2016-09-16 18:00:00,2016-09-16,2016,9,18,,TS,18.5,325.1000061035156,40.0,1004.0,IBTRACS_ERA5,OBS,1,18.5,325.1000061035156,2016257N13341,KARL,0.0,test,-0.5721457860776509,0.8201519368224324,-1.0,-1.8369701987210294e-16,8.460895538330078,-2.989219665527344,219.4010467529297,2.729946209001355e-05,21.42455291748047,6.639373779296875,-2.4736251831054688,242.73629760742188,0.0001448143157176,14.223090171813965,1.5160636901855469,-0.7731399536132812,268.3720092773437,0.0010561177041381,19.719276428222656,0.4959716796875,-0.9680099487304688,283.48760986328125,0.007890828885138,70.26966857910156,-1.3663101196289062,-4.766021728515625,290.8675842285156,0.0127786910161376,85.40782928466797,7.01948010828346e-05,3.059714799746871e-05,9.98654079437256,3.1491990089416504,-2.394003391265869,7.01948010828346e-05,5.074813816463575e-05,66.56305694580078,2.9874203205108643
IBT_2016257N27280_2016091600,2016257N27280,JULIA,2016-09-16 00:00:00,2016-09-16,2016,9,0,,TS,31.5,282.79998779296875,40.0,1007.0,IBTRACS_ERA5,OBS,1,31.5,282.79998779296875,2016257N27280,JULIA,0.0,test,-0.9751494015070882,0.2215482898610768,-1.0,-1.8369701987210294e-16,12.216022491455078,-1.1471786499023438,220.7504730224609,2.390455847489648e-05,15.984334945678713,8.798309326171875,-4.236686706542969,240.4805603027344,0.000157126400154,19.156185150146484,4.379222869873047,-2.788887023925781,268.75616455078125,0.0007793286349624,14.134543418884276,-3.3983154296875,-4.410026550292969,282.67645263671875,0.0072806114330887,68.48089599609375,-10.313087463378906,-6.873748779296875,290.0556945800781,0.0117231225594878,82.5192642211914,4.578113293973729e-05,-7.067329534038436e-06,23.24552345275879,2.336430311203003,-3.891305446624756,5.521041384781711e-05,1.2678331586357672e-05,60.2208251953125,2.802064657211304
IBT_2016257N27280_2016091606,2016257N27280,JULIA,2016-09-16 06:00:00,2016-09-16,2016,9,6,,TS,31.200000762939453,283.3999938964844,40.0,1008.0,IBTRACS_ERA5,OBS,1,31.200000762939453,283.3999938964844,2016257N27280,JULIA,0.0,test,-0.9727759028966708,0.2317477998678015,-1.0,-1.8369701987210294e-16,8.143024444580078,1.3794326782226562,220.1956024169922,3.222802115487866e-05,23.010400772094727,6.695770263671875,-1.5468673706054688,241.55612182617188,0.0001220006233779,13.409488677978516,3.901561737060547,-2.995063781738281,268.78668212890625,0.000826341798529,14.952718734741213,6.4764404296875,-2.3810958862304688,283.63238525390625,0.0066508734598755,58.6541862487793,7.552391052246094,-2.663238525390625,291.3775939941406,0.0126068508252501,81.57360076904297,4.7535315388813615e-05,-6.605813723581377e-06,4.0855889320373535,6.553837776184082,-1.6413666009902954,5.521041384781711e-05,1.2678331586357672e-05,55.59553146362305,2.802064657211304
IBT_2016257N27280_2016091612,2016257N27280,JULIA,2016-09-16 12:00:00,2016-09-16,2016,9,12,,TS,31.100000381469727,284.1000061035156,40.0,1008.0,IBTRACS_ERA5,OBS,1,31.100000381469727,284.1000061035156,2016257N27280,JULIA,0.0,test,-0.9698719893333004,0.2436151151030373,-1.0,-1.8369701987210294e-16,7.274860382080078,1.3381729125976562,219.6537322998047,6.38915880699642e-05,48.65236282348633,10.583953857421877,2.3759841918945312,242.41720581054688,0.0001593317720107,16.13037109375,6.942333221435547,-2.748970031738281,267.99627685546875,0.0021858790423721,41.99367141723633,8.9503173828125,3.7024002075195312,282.80816650390625,0.0074051404371857,69.03472137451172,8.483299255371094,6.068695068359375,291.0773010253906,0.0119701540097594,78.94416046142578,2.7786087230197157e-05,1.0995693628501613e-05,4.882434368133545,8.446952819824219,2.147256374359131,5.521041384781711e-05,1.2678331586357672e-05,54.61663436889648,2.802064657211304
IBT_2016257N27280_2016091618,2016257N27280,JULIA,2016-09-16 18:00:00,2016-09-16,2016,9,18,,TS,30.899999618530277,284.29998779296875,40.0,1008.0,IBTRACS_ERA5,OBS,1,30.899999618530277,284.29998779296875,2016257N27280,JULIA,0.0,test,-0.9690157840307004,0.2469988062711381,-1.0,-1.8369701987210294e-16,7.274860382080078,1.3381729125976562,219.6537322998047,6.38915880699642e-05,48.65236282348633,10.583953857421877,2.3759841918945312,242.41720581054688,0.0001593317720107,16.13037109375,6.942333221435547,-2.748970031738281,267.99627685546875,0.0021858790423721,41.99367141723633,8.9503173828125,3.7024002075195312,282.80816650390625,0.0074051404371857,69.03472137451172,8.483299255371094,6.068695068359375,291.0773010253906,0.0119701540097594,78.94416046142578,2.7786087230197157e-05,1.0995693628501613e-05,4.882434368133545,8.446952819824219,2.147256374359131,5.521041384781711e-05,1.2678331586357672e-05,54.61663436889648,2.802064657211304
NEG_20160916_00208,,,2016-09-16 00:00:00,2016-09-16,2016,9,0,,BG,42.5,,,,IBTRACS_ERA5,OBS,0,42.5,0.0,,,3431.263802369317,test,0.0,1.0,-1.0,-1.8369701987210294e-16,13.644733428955078,-4.271446228027344,220.4620819091797,1.0124011168954894e-05,7.004003524780273,7.511688232421875,-14.947502136230469,228.74118041992188,0.0001020852287183,41.47499084472656,6.194286346435547,-10.35321807861328,258.1068725585937,0.0010686793830245,44.92856597900391,4.8743896484375,-4.594474792480469,272.51715087890625,0.0040833139792084,78.48059844970703,3.7770004272460938,-2.703277587890625,282.3016662597656,0.0061967885121703,72.67693328857422,5.7132519941660576e-06,3.07245682051871e-05,9.991561889648438,7.200419425964356,-7.373983860015869,2.3979617253644392e-05,7.180288230301812e-05,58.504032135009766,3.331465005874634
NEG_20160916_00985,,,2016-09-16 00:00:00,2016-09-16,2016,9,0,,BG,0.0,,,,IBTRACS_ERA5,OBS,0,0.0,15.0,,,5484.605520067091,test,0.2588190451025207,0.9659258262890684,-1.0,-1.8369701987210294e-16,-7.149944305419922,-9.376670837402344,218.4908905029297,6.363547436194494e-05,55.70875549316406,-4.139678955078125,-5.295402526855469,241.80099487304688,0.0004633229109458,49.745079040527344,4.028270721435547,-0.5453567504882812,266.28387451171875,0.0035905817057937,78.63653564453125,3.0103759765625,-1.4670333862304688,282.22662353515625,0.0068715000525116,66.63298034667969,5.074119567871094,-0.048980712890625,291.1266174316406,0.0132778799161314,87.29481506347656,2.011178366956301e-06,-5.906189244342386e-07,15.376395225524902,0.1646285951137542,-3.346688747406006,1.958368011401035e-05,3.53577925125137e-05,69.7612533569336,9.090319633483888
NEG_20160916_02894,,,2016-09-16 00:00:00,2016-09-16,2016,9,0,,BG,50.0,,,,IBTRACS_ERA5,OBS,0,50.0,357.5,,,3088.4458216066664,test,-0.0436193873653361,0.9990482215818578,-1.0,-1.8369701987210294e-16,6.023883819580078,-8.707725524902344,218.3164520263672,1.3873981515644118e-05,12.40438175201416,13.796112060546877,-19.94969940185547,229.9253845214844,0.0001587133738212,56.7454948425293,9.728466033935549,-12.32514190673828,258.09332275390625,0.0006531456019729,27.48975944519043,6.3519287109375,-7.687492370605469,273.25469970703125,0.0031604850664734,57.56160736083984,4.145896911621094,-9.088653564453123,281.3214416503906,0.0057776486501097,72.4322280883789,2.3989068722585216e-05,1.883711593109183e-05,1.9162309169769287,8.009257316589355,-11.551742553710938,5.270781184663065e-05,6.83473190292716e-05,54.42475128173828,1.9162309169769287
NEG_20160916_03521,,,2016-09-16 00:00:00,2016-09-16,2016,9,0,,BG,37.5,,,,IBTRACS_ERA5,OBS,0,37.5,265.0,,,1758.701288199506,test,-0.9961946980917455,-0.0871557427476582,-1.0,-1.8369701987210294e-16,26.93623733520508,15.226112365722656,217.9814910888672,4.569587326841429e-05,42.54687881469727,15.361541748046877,13.624519348144531,238.93331909179688,0.0004618216189555,65.47716522216797,9.331493377685549,10.08013153076172,263.90728759765625,0.0025397667195647,66.92208099365234,6.5350341796875,6.562751770019531,280.11163330078125,0.0070796096697449,79.33863830566406,4.760398864746094,5.320770263671875,290.4857482910156,0.0111240660771727,76.17998504638672,-1.4220515367924236e-05,-4.263854862074368e-06,24.28751945495605,12.584940910339355,10.162857055664062,2.9356628147070296e-05,1.9109058484900743e-05,65.55200958251953,13.11735725402832
IBT_2016257N13341_2016091700,2016257N13341,KARL,2016-09-17 00:00:00,2016-09-17,2016,9,0,,TS,18.399999618530277,323.79998779296875,40.0,1004.0,IBTRACS_ERA5,OBS,1,18.399999618530277,323.79998779296875,2016257N13341,KARL,0.0,test,-0.5906058395451365,0.8069601863135408,-1.0,-1.8369701987210294e-16,4.902900695800781,2.7283287048339844,219.2834014892578,3.231204755138606e-05,25.717700958251957,5.684627532958984,0.283294677734375,242.007080078125,0.0001351882528979,14.231560707092283,1.8064842224121092,3.636241912841797,266.38946533203125,0.0015667849220335,34.035884857177734,-0.7730140686035156,13.72213363647461,282.9147644042969,0.0062708165496587,58.04051971435547,-5.525726318359375,7.951251983642578,290.6820983886719,0.0130919469520449,88.54104614257812,1.980343768082093e-05,1.2648158190131651e-05,11.663412094116213,1.2190544605255127,5.664250373840332,5.759212945122272e-05,4.10660904890392e-05,62.04094696044922,1.3525699377059937
IBT_2016257N13341_2016091706,2016257N13341,KARL,2016-09-17 06:00:00,2016-09-17,2016,9,6,,TS,18.299999237060547,322.6000061035156,40.0,1004.0,IBTRACS_ERA5,OBS,1,18.299999237060547,322.6000061035156,2016257N13341,KARL,0.0,test,-0.6073757550971193,0.7944146852370015,-1.0,-1.8369701987210294e-16,6.314643859863281,0.6711997985839844,219.0764923095703,3.141308843623847e-05,25.629627227783203,6.008358001708984,-4.235504150390625,241.43499755859372,0.000124006794067,13.789284706115724,1.2022361755371094,-0.0345344543457031,267.819580078125,0.0021388777531683,41.646484375,-0.1976966857910156,5.982021331787109,283.7939147949219,0.0070705171674489,61.68263626098633,-3.252410888671875,4.327350616455078,290.4065856933594,0.0136612011119723,94.02869415283205,5.759212945122272e-05,2.6975107175530862e-05,10.241873741149902,2.015026092529297,1.342106580734253,5.759212945122272e-05,4.10660904890392e-05,59.19349670410156,1.3525699377059937
IBT_2016257N13341_2016091712,2016257N13341,KARL,2016-09-17 12:00:00,2016-09-17,2016,9,12,,TS,18.200000762939453,321.3999938964844,40.0,1004.0,IBTRACS_ERA5,OBS,1,18.200000762939453,321.3999938964844,2016257N13341,KARL,0.0,test,-0.6238796799619792,0.7815204059591395,-1.0,-1.8369701987210294e-16,6.314643859863281,0.6711997985839844,219.0764923095703,3.141308843623847e-05,25.629627227783203,6.008358001708984,-4.235504150390625,241.43499755859372,0.000124006794067,13.789284706115724,1.2022361755371094,-0.0345344543457031,267.819580078125,0.0021388777531683,41.646484375,-0.1976966857910156,5.982021331787109,283.7939147949219,0.0070705171674489,61.68263626098633,-3.252410888671875,4.327350616455078,290.4065856933594,0.0136612011119723,94.02869415283205,5.759212945122272e-05,2.6975107175530862e-05,10.241873741149902,2.015026092529297,1.342106580734253,5.759212945122272e-05,4.10660904890392e-05,59.19349670410156,1.3525699377059937
IBT_2016257N13341_2016091718,2016257N13341,KARL,2016-09-17 18:00:00,2016-09-17,2016,9,18,,TS,18.100000381469727,320.29998779296875,40.0,1005.0,IBTRACS_ERA5,OBS,1,18.100000381469727,320.29998779296875,2016257N13341,KARL,0.0,test,-0.6387679814383798,0.7693994189555499,-1.0,-1.8369701987210294e-16,4.162666320800781,-2.763370513916016,218.4209747314453,2.933554060291499e-05,25.8990421295166,1.5852622985839844,-6.112213134765625,241.5821533203125,0.0001067195771611,11.700666427612305,-2.61172866821289,-4.894275665283203,269.09649658203125,0.000527279858943,9.320879936218262,-2.557193756103516,-4.552280426025391,283.8249206542969,0.006796320900321,59.16739654541016,-4.397796630859375,-7.528240203857422,290.3344421386719,0.0132855428382754,91.86529541015624,4.9423812015447766e-05,2.130871689587366e-05,9.797219276428224,-0.7637580633163452,-5.1700758934021,5.759212945122272e-05,4.10660904890392e-05,55.870723724365234,2.6207337379455566
IBT_2016257N27280_2016091700,2016257N27280,JULIA,2016-09-17 00:00:00,2016-09-17,2016,9,0,,TS,30.399999618530277,284.0,30.0,1009.0,IBTRACS_ERA5,OBS,1,30.399999618530277,284.0,2016257N27280,JULIA,0.0,test,-0.9702957262759966,0.2419218955996674,-1.0,-1.8369701987210294e-16,7.881416320800781,0.6985435485839844,220.1214141845703,4.921462095808238e-05,35.449058532714844,7.035213470458984,-4.551177978515625,239.94677734375,0.0002146375190932,27.559616088867188,3.4244041442871094,-1.5053596496582031,268.2997436523437,0.0018695467151701,35.098854064941406,2.1874351501464844,2.7463035583496094,283.6952819824219,0.0069786813110113,61.28575897216797,3.757965087890625,6.945392608642578,291.4115905761719,0.0129549754783511,83.64570617675781,4.326844646129757e-05,9.663662012826537e-07,7.485050201416016,4.8572869300842285,0.8667404055595398,5.042582051828504e-05,9.61873411142733e-06,53.21769714355469,0.2173587828874588
IBT_2016257N27280_2016091706,2016257N27280,JULIA,2016-09-17 06:00:00,2016-09-17,2016,9,6,,TS,30.299999237060547,283.8999938964844,30.0,1009.0,IBTRACS_ERA5,OBS,1,30.299999237060547,283.8999938964844,2016257N27280,JULIA,0.0,test,-0.9707165071688244,0.2402279390702875,-1.0,-1.8369701987210294e-16,7.881416320800781,0.6985435485839844,220.1214141845703,4.921462095808238e-05,35.449058532714844,7.035213470458984,-4.551177978515625,239.94677734375,0.0002146375190932,27.559616088867188,3.4244041442871094,-1.5053596496582031,268.2997436523437,0.0018695467151701,35.098854064941406,2.1874351501464844,2.7463035583496094,283.6952819824219,0.0069786813110113,61.28575897216797,3.757965087890625,6.945392608642578,291.4115905761719,0.0129549754783511,83.64570617675781,4.326844646129757e-05,9.663662012826537e-07,7.485050201416016,4.8572869300842285,0.8667404055595398,5.042582051828504e-05,9.61873411142733e-06,53.21769714355469,0.2173587828874588
IBT_2016257N27280_2016091712,2016257N27280,JULIA,2016-09-17 12:00:00,2016-09-17,2016,9,12,,TS,30.200000762939453,283.79998779296875,30.0,1010.0,IBTRACS_ERA5,OBS,1,30.200000762939453,283.79998779296875,2016257N27280,JULIA,0.0,test,-0.971134330729856,0.238533250675613,-1.0,-1.8369701987210294e-16,7.881416320800781,0.6985435485839844,220.1214141845703,4.921462095808238e-05,35.449058532714844,7.035213470458984,-4.551177978515625,239.94677734375,0.0002146375190932,27.559616088867188,3.4244041442871094,-1.5053596496582031,268.2997436523437,0.0018695467151701,35.098854064941406,2.1874351501464844,2.7463035583496094,283.6952819824219,0.0069786813110113,61.28575897216797,3.757965087890625,6.945392608642578,291.4115905761719,0.0129549754783511,83.64570617675781,4.326844646129757e-05,9.663662012826537e-07,7.485050201416016,4.8572869300842285,0.8667404055595398,5.042582051828504e-05,9.61873411142733e-06,53.21769714355469,0.2173587828874588
IBT_2016257N27280_2016091718,2016257N27280,JULIA,2016-09-17 18:00:00,2016-09-17,2016,9,18,,TS,30.399999618530277,283.70001220703125,30.0,1010.0,IBTRACS_ERA5,OBS,1,30.399999618530277,283.70001220703125,2016257N27280,JULIA,0.0,test,-0.9715490695385732,0.2368383530569585,-1.0,-1.8369701987210294e-16,5.604316711425781,-10.003604888916016,220.4038848876953,3.39632824761793e-05,23.658729553222656,6.308895111083984,-6.013580322265625,240.1224365234375,0.0001669351768214,21.071521759033203,4.682949066162109,-2.247058868408203,269.37860107421875,0.0008046649745665,13.925651550292969,1.3334312438964844,-4.439975738525391,284.0949401855469,0.0048323180526494,41.31497573852539,-0.702972412109375,-5.433269500732422,291.7145690917969,0.0132461441680789,83.90058898925781,5.042582051828504e-05,-1.32748129999527e-06,7.789085865020752,3.445323944091797,-5.627497673034668,5.042582051828504e-05,9.61873411142733e-06,51.30281829833984,0.2173587828874588
NEG_20160917_01511,,,2016-09-17 00:00:00,2016-09-17,2016,9,0,,BG,37.5,,,,IBTRACS_ERA5,OBS,0,37.5,332.5,,,2286.490333551638,test,-0.4617486132350336,0.8870108331782218,-1.0,-1.8369701987210294e-16,7.491767883300781,-10.849796295166016,215.4646148681641,4.83857438666746e-05,61.39165878295898,3.650569915771485,-4.813385009765625,236.80999755859372,0.0002977561962325,52.12275314331055,5.094081878662109,1.3338737487792969,264.21649169921875,0.0006328769377432,16.276287078857422,2.5051841735839844,0.5566062927246094,278.7845153808594,0.0027521457523107,33.81388854980469,1.508819580078125,0.3795967102050781,287.8501892089844,0.0041600419208407,33.75960922241211,-2.488195605110377e-05,-2.360662074352149e-05,12.723793983459473,4.050084590911865,-2.6786208152771,1.234201954503078e-05,-9.27673409023555e-06,32.88590621948242,3.6079392433166495
NEG_20160917_02646,,,2016-09-17 00:00:00,2016-09-17,2016,9,0,,BG,7.5,,,,IBTRACS_ERA5,OBS,0,7.5,20.0,,,6185.734477906721,test,0.3420201433256687,0.9396926207859084,-1.0,-1.8369701987210294e-16,-17.35881805419922,-2.065616607666016,218.7571563720703,6.186524115037173e-05,52.44904708862305,-10.085636138916016,1.223236083984375,241.2845458984375,0.0004751992237288,53.610233306884766,-5.401279449462891,4.104747772216797,266.90704345703125,0.0036347084678709,75.88033294677734,-5.198551177978516,2.2580223083496094,282.0466003417969,0.007435193285346,72.98602294921875,-0.615325927734375,2.137287139892578,292.1886901855469,0.0136508597061038,83.91378784179688,-1.257446342606272e-06,1.0394205673947e-05,17.262935638427734,-7.731922149658203,1.5315353870391846,1.3671135093318298e-05,2.6859990612138063e-05,64.57684326171875,11.309581756591797
NEG_20160917_04363,,,2016-09-17 00:00:00,2016-09-17,2016,9,0,,BG,2.5,,,,IBTRACS_ERA5,OBS,0,2.5,285.0,,,3082.694044623878,test,-0.9659258262890684,0.2588190451025203,-1.0,-1.8369701987210294e-16,-3.3883590698242188,2.4851646423339844,220.4306182861328,2.6889421860687435e-05,18.671985626220703,-8.725528717041016,0.707122802734375,242.338134765625,0.0003628966223914,37.01621627807617,-5.041660308837891,0.8386344909667969,267.5702514648437,0.0019237571395933,38.175968170166016,-4.013492584228516,1.9015769958496092,282.0490417480469,0.0073989834636449,72.61851501464844,-1.714202880859375,-0.1703300476074218,292.4467468261719,0.0114216459915041,69.07855987548828,-1.050103833222238e-06,3.218790425307816e-07,3.139179944992065,-4.576648712158203,1.1524337530136108,2.0812771253986284e-05,4.486382294999203e-06,67.26184844970703,2.350867509841919
IBT_2016257N13341_2016091800,2016257N13341,KARL,2016-09-18 00:00:00,2016-09-18,2016,9,0,,TS,17.899999618530273,319.29998779296875,35.0,1006.0,IBTRACS_ERA5,OBS,1,17.899999618530273,319.29998779296875,2016257N13341,KARL,0.0,test,-0.6520985653530863,0.7581341972661875,-1.0,-1.8369701987210294e-16,-1.3412246704101562,2.6438064575195312,219.4898376464844,3.066681892960332e-05,23.81333351135254,2.320133209228516,0.0138664245605468,242.31710815429688,0.0001732291420921,17.705129623413086,-2.757781982421875,3.6610069274902335,267.4718017578125,0.0021964623592793,43.91619491577149,-3.8753738403320312,9.892616271972656,283.04254150390625,0.0063292835839092,58.07868194580078,-7.194854736328125,9.281688690185549,290.4557800292969,0.0135016581043601,92.63924407958984,3.0000486731296405e-05,1.8747618014458567e-05,8.850224494934082,-2.5698204040527344,5.098597049713135,6.178923649713397e-05,3.356633533257991e-05,58.03413391113281,1.889639973640442
IBT_2016257N13341_2016091806,2016257N13341,KARL,2016-09-18 06:00:00,2016-09-18,2016,9,6,,TS,17.899999618530273,318.20001220703125,35.0,1006.0,IBTRACS_ERA5,OBS,1,17.899999618530273,318.20001220703125,2016257N13341,KARL,0.0,test,-0.6665323114236232,0.7454761416895125,-1.0,-1.8369701987210294e-16,-3.447425842285156,-1.0722579956054688,219.17886352539065,4.346225978224538e-05,35.02800750732422,0.2168617248535156,-3.286304473876953,242.01773071289065,0.0001965643605217,20.671730041503903,-2.205902099609375,-2.4934120178222656,268.382568359375,0.0020168586634099,37.62762069702149,-3.5056228637695312,0.0004043579101562,283.73077392578125,0.0066232685931026,58.02618408203125,-4.903594970703125,0.1320304870605468,290.6404724121094,0.0136178275570273,92.34222412109376,6.178923649713397e-05,3.1181902159005404e-05,1.889639973640442,-2.769136905670166,-1.3439079523086548,6.178923649713397e-05,3.356633533257991e-05,52.76677322387695,1.889639973640442
IBT_2016257N13341_2016091812,2016257N13341,KARL,2016-09-18 12:00:00,2016-09-18,2016,9,12,,TS,18.0,317.1000061035156,35.0,1006.0,IBTRACS_ERA5,OBS,1,18.0,317.1000061035156,2016257N13341,KARL,0.0,test,-0.680720790923724,0.7325429713021481,-1.0,-1.8369701987210294e-16,-3.447425842285156,-1.0722579956054688,219.17886352539065,4.346225978224538e-05,35.02800750732422,0.2168617248535156,-3.286304473876953,242.01773071289065,0.0001965643605217,20.671730041503903,-2.205902099609375,-2.4934120178222656,268.382568359375,0.0020168586634099,37.62762069702149,-3.5056228637695312,0.0004043579101562,283.73077392578125,0.0066232685931026,58.02618408203125,-4.903594970703125,0.1320304870605468,290.6404724121094,0.0136178275570273,92.34222412109376,6.178923649713397e-05,3.1181902159005404e-05,1.889639973640442,-2.769136905670166,-1.3439079523086548,6.178923649713397e-05,3.356633533257991e-05,52.76677322387695,1.889639973640442
IBT_2016257N13341_2016091818,2016257N13341,KARL,2016-09-18 18:00:00,2016-09-18,2016,9,18,,TS,18.100000381469727,315.70001220703125,35.0,1006.0,IBTRACS_ERA5,OBS,1,18.100000381469727,315.70001220703125,2016257N13341,KARL,0.0,test,-0.6984151329505868,0.7156928825031127,-1.0,-1.8369701987210294e-16,-3.571693420410156,2.2409744262695312,218.80062866210935,2.9665647161891684e-05,25.019197463989254,-1.6347007751464844,-3.991992950439453,241.13314819335935,0.0001075597101589,12.31248950958252,-4.309295654296875,-6.087039947509766,269.0968017578125,0.0015164627693593,26.806337356567383,-3.6866531372070312,-8.968345642089844,283.54010009765625,0.0042048250325024,37.31306076049805,-5.426788330078125,-9.965625762939451,290.6957702636719,0.0126375695690512,85.39366912841797,3.4642693208297715e-05,9.713428880786523e-06,12.346758842468262,-3.7258262634277344,-5.354405879974365,6.178923649713397e-05,3.356633533257991e-05,50.39923858642578,1.889639973640442
IBT_2016257N27280_2016091800,2016257N27280,JULIA,2016-09-18 00:00:00,2016-09-18,2016,9,0,,TS,30.700000762939453,283.6000061035156,30.0,1010.0,IBTRACS_ERA5,OBS,1,30.700000762939453,283.6000061035156,2016257N27280,JULIA,0.0,test,-0.9719609755296876,0.2351422166421376,-1.0,-1.8369701987210294e-16,-3.377357482910156,-16.00707244873047,220.01364135742188,3.710272358148359e-05,27.06891822814941,-2.2118492126464844,-8.636035919189453,240.95736694335935,0.0001526133710285,17.768186569213867,2.024688720703125,-3.4534950256347656,268.1453857421875,0.0011831237934529,22.473501205444336,3.1849288940429688,-1.7426376342773438,283.69757080078125,0.0060369526036083,53.00749969482422,4.575653076171875,-1.2291755676269531,291.3656921386719,0.0127042075619101,82.26560974121094,4.402981721796096e-05,5.749967385781929e-06,16.782032012939453,0.8392127752304077,-6.213683128356934,4.402981721796096e-05,2.0897978174616583e-05,52.6435546875,4.270734786987305
IBT_2016257N27280_2016091806,2016257N27280,JULIA,2016-09-18 06:00:00,2016-09-18,2016,9,6,,TS,31.100000381469727,283.3999938964844,25.0,1010.0,IBTRACS_ERA5,OBS,1,31.100000381469727,283.3999938964844,2016257N27280,JULIA,0.0,test,-0.9727759028966708,0.2317477998678015,-1.0,-1.8369701987210294e-16,-3.377357482910156,-16.00707244873047,220.01364135742188,3.710272358148359e-05,27.06891822814941,-2.2118492126464844,-8.636035919189453,240.95736694335935,0.0001526133710285,17.768186569213867,2.024688720703125,-3.4534950256347656,268.1453857421875,0.0011831237934529,22.473501205444336,3.1849288940429688,-1.7426376342773438,283.69757080078125,0.0060369526036083,53.00749969482422,4.575653076171875,-1.2291755676269531,291.3656921386719,0.0127042075619101,82.26560974121094,4.402981721796096e-05,5.749967385781929e-06,16.782032012939453,0.8392127752304077,-6.213683128356934,4.402981721796096e-05,2.0897978174616583e-05,52.6435546875,4.270734786987305
IBT_2016257N27280_2016091812,2016257N27280,JULIA,2016-09-18 12:00:00,2016-09-18,2016,9,12,,TS,31.700000762939453,283.0,25.0,1010.0,IBTRACS_ERA5,OBS,1,31.700000762939453,283.0,2016257N27280,JULIA,0.0,test,-0.9743700647852352,0.2249510543438649,-1.0,-1.8369701987210294e-16,1.0457382202148438,-15.263175964355469,220.08615112304688,3.486591958790086e-05,25.21903419494629,0.3582191467285156,-7.736377716064453,241.5917053222656,0.0001206503802677,13.21592617034912,-0.128509521484375,-4.285282135009766,267.6629638671875,0.0012283488176763,24.204315185546875,-4.591194152832031,0.0720596313476562,283.44598388671875,0.0063078557141125,56.33037185668945,-6.769439697265625,0.5448112487792969,291.1182556152344,0.0126817962154746,83.4201889038086,4.008960240753368e-05,2.840471552190138e-06,17.634326934814453,-2.0170371532440186,-5.333592891693115,4.402981721796096e-05,2.0897978174616583e-05,57.833587646484375,4.569645881652832
IBT_2016257N27280_2016091818,2016257N27280,JULIA,2016-09-18 18:00:00,2016-09-18,2016,9,18,,TS,32.0,282.20001220703125,25.0,1010.0,IBTRACS_ERA5,OBS,1,32.0,282.20001220703125,2016257N27280,JULIA,0.0,test,-0.9774158492627156,0.2113250046966621,-1.0,-1.8369701987210294e-16,1.0457382202148438,-15.263175964355469,220.08615112304688,3.486591958790086e-05,25.21903419494629,0.3582191467285156,-7.736377716064453,241.5917053222656,0.0001206503802677,13.21592617034912,-0.128509521484375,-4.285282135009766,267.6629638671875,0.0012283488176763,24.204315185546875,-4.591194152832031,0.0720596313476562,283.44598388671875,0.0063078557141125,56.33037185668945,-6.769439697265625,0.5448112487792969,291.1182556152344,0.0126817962154746,83.4201889038086,4.008960240753368e-05,2.840471552190138e-06,17.634326934814453,-2.0170371532440186,-5.333592891693115,4.402981721796096e-05,2.0897978174616583e-05,57.833587646484375,4.569645881652832
NEG_20160918_00886,,,2016-09-18 00:00:00,2016-09-18,2016,9,0,,BG,42.5,,,,IBTRACS_ERA5,OBS,0,42.5,272.5,,,1447.0636888176891,test,-0.9990482215818578,0.0436193873653357,-1.0,-1.8369701987210294e-16,27.445030212402344,10.073371887207031,222.07302856445312,1.1060383258154616e-05,6.335344314575195,22.012149810791016,8.352611541748047,232.44650268554688,9.310744644608349e-05,25.485231399536133,12.321563720703123,3.4248008728027344,260.5595703125,0.0003412528603803,11.741748809814451,9.587882995605469,0.1951675415039062,277.14996337890625,0.0021379445679485,29.45685386657715,8.176483154296875,0.0828361511230468,285.0945739746094,0.0069215432740747,67.31433868408203,4.745270416606218e-06,1.5164479918894358e-05,21.70455551147461,15.908620834350586,4.42575740814209,1.8073918909067288e-05,3.0043796868994832e-05,48.34650421142578,6.972817897796631
NEG_20160918_01831,,,2016-09-18 00:00:00,2016-09-18,2016,9,0,,BG,2.5,,,,IBTRACS_ERA5,OBS,0,2.5,25.0,,,7353.559157909274,test,0.4226182617406994,0.90630778703665,-1.0,-1.8369701987210294e-16,-15.218666076660156,3.4736404418945312,219.86471557617188,4.5033400965621695e-05,33.44150161743164,-7.697200775146484,5.581249237060547,240.16915893554688,0.0004209199687466,52.89032745361328,-2.700897216796875,0.6373252868652344,266.84033203125,0.0027360781095921,57.41292572021485,-3.6561355590820312,-0.4617538452148437,283.50762939453125,0.0069272969849407,61.606224060058594,0.167449951171875,-1.3384284973144531,292.4999694824219,0.0135991116985678,81.97300720214844,-4.389416062622331e-06,-2.3485449673898984e-06,16.12105941772461,-5.821089744567871,1.578406572341919,7.731067853455897e-06,3.112322019660496e-06,63.90483093261719,11.117643356323242
IBT_2016257N13341_2016091900,2016257N13341,KARL,2016-09-19 00:00:00,2016-09-19,2016,9,0,,TS,18.100000381469727,314.3999938964844,35.0,1006.0,IBTRACS_ERA5,OBS,1,18.100000381469727,314.3999938964844,2016257N13341,KARL,0.0,test,-0.7144727541654471,0.6996632644031274,-1.0,-1.8369701987210294e-16,-7.552791595458984,1.70635986328125,219.42868041992188,4.0514460124541074e-05,31.69083976745605,-2.70815658569336,0.8329658508300781,242.00331115722656,0.0002075158554362,21.853504180908203,-1.1166305541992188,0.6932487487792969,267.8506164550781,0.0036697476170957,71.28581237792969,-2.299396514892578,7.867893218994141,283.5712890625,0.0059876847080886,53.02267837524414,-4.181720733642578,8.285041809082031,290.9326477050781,0.0129958288744091,86.50032806396484,3.9280668715946376e-05,2.083067738567479e-05,7.392102241516113,-3.571739196777344,3.87710189819336,5.301886994857341e-05,2.882378248614259e-05,56.27741622924805,2.520254135131836
IBT_2016257N13341_2016091906,2016257N13341,KARL,2016-09-19 06:00:00,2016-09-19,2016,9,6,,TS,18.200000762939453,313.20001220703125,35.0,1006.0,IBTRACS_ERA5,OBS,1,18.200000762939453,313.20001220703125,2016257N13341,KARL,0.0,test,-0.7289684815766576,0.684547261237544,-1.0,-1.8369701987210294e-16,-8.177059173583984,2.90447998046875,219.33792114257807,3.9210142858792096e-05,31.005128860473636,-1.5797386169433594,-0.7924003601074219,241.01759338378903,0.0001306668564211,15.124984741210938,-1.1388473510742188,-4.112537384033203,269.2585754394531,0.0017193423118442,30.02486038208008,-1.487323760986328,0.6907691955566406,284.012451171875,0.0067886966280639,58.362892150878906,-1.025226593017578,0.9840164184570312,291.1802062988281,0.0130764143541455,85.6782455444336,5.301886994857341e-05,1.396472544001881e-05,7.405193328857422,-2.6816391944885254,-0.0651344284415245,5.301886994857341e-05,2.882378248614259e-05,54.54980850219727,2.8517401218414307
IBT_2016257N13341_2016091912,2016257N13341,KARL,2016-09-19 12:00:00,2016-09-19,2016,9,12,,TS,18.399999618530277,312.20001220703125,35.0,1006.0,IBTRACS_ERA5,OBS,1,18.399999618530277,312.20001220703125,2016257N13341,KARL,0.0,test,-0.7408044531747221,0.6717207471535332,-1.0,-1.8369701987210294e-16,-8.177059173583984,2.90447998046875,219.33792114257807,3.9210142858792096e-05,31.005128860473636,-1.5797386169433594,-0.7924003601074219,241.01759338378903,0.0001306668564211,15.124984741210938,-1.1388473510742188,-4.112537384033203,269.2585754394531,0.0017193423118442,30.02486038208008,-1.487323760986328,0.6907691955566406,284.012451171875,0.0067886966280639,58.362892150878906,-1.025226593017578,0.9840164184570312,291.1802062988281,0.0130764143541455,85.6782455444336,5.301886994857341e-05,1.396472544001881e-05,7.405193328857422,-2.6816391944885254,-0.0651344284415245,5.301886994857341e-05,2.882378248614259e-05,54.54980850219727,2.8517401218414307
IBT_2016257N13341_2016091918,2016257N13341,KARL,2016-09-19 18:00:00,2016-09-19,2016,9,18,,TS,19.0,311.1000061035156,35.0,1006.0,IBTRACS_ERA5,OBS,1,19.0,311.1000061035156,2016257N13341,KARL,0.0,test,-0.7535633222737869,0.65737532606852,-1.0,-1.8369701987210294e-16,-5.561580657958984,8.86334228515625,219.4771423339844,4.521950177149847e-05,35.167030334472656,-0.5548362731933594,0.6913642883300781,239.9884185791016,0.0002392516180407,30.59584617614746,-2.5446090698242188,-3.081653594970703,269.2602844238281,0.0018364876741543,32.066444396972656,-9.037067413330078,-4.240749359130859,283.37060546875,0.0073630916886031,66.0881118774414,-10.541584014892578,-5.586784362792969,290.7742004394531,0.0128728644922375,86.55016326904297,3.890434163622558e-05,8.553461157134734e-06,15.284193992614746,-5.647935390472412,-0.6708961725234985,5.301886994857341e-05,2.882378248614259e-05,58.789344787597656,2.8517401218414307
IBT_2016257N27280_2016091900,2016257N27280,JULIA,2016-09-19 00:00:00,2016-09-19,2016,9,0,,DS,32.20000076293945,281.70001220703125,30.0,1010.0,IBTRACS_ERA5,OBS,1,32.20000076293945,281.70001220703125,2016257N27280,JULIA,0.0,test,-0.9792227674173248,0.2027875039827545,-1.0,-1.8369701987210294e-16,3.394962310791016,-1.71380615234375,219.9276428222656,6.786740414099768e-05,50.02224349975586,3.8269996643066406,-3.411174774169922,241.8697052001953,0.0003012404486071,32.13114547729492,1.4169387817382812,-2.011463165283203,267.3048400878906,0.0014901997055858,30.177419662475582,1.112590789794922,0.0168190002441406,283.15478515625,0.0065124440006911,59.30881881713867,1.321453094482422,2.4993972778320312,291.5228576660156,0.0128055112436413,82.0998306274414,4.33963505201973e-05,4.350950803200249e-06,4.695798397064209,2.2145888805389404,-0.9240455627441406,4.33963505201973e-05,2.3769345716573295e-05,66.42481231689453,2.4013915061950684
IBT_2016257N27280_2016091906,2016257N27280,JULIA,2016-09-19 06:00:00,2016-09-19,2016,9,6,,DS,32.400001525878906,281.79998779296875,30.0,1011.0,IBTRACS_ERA5,OBS,1,32.400001525878906,281.79998779296875,2016257N27280,JULIA,0.0,test,-0.9788674323301372,0.2044958432912625,-1.0,-1.8369701987210294e-16,3.394962310791016,-1.71380615234375,219.9276428222656,6.786740414099768e-05,50.02224349975586,3.8269996643066406,-3.411174774169922,241.8697052001953,0.0003012404486071,32.13114547729492,1.4169387817382812,-2.011463165283203,267.3048400878906,0.0014901997055858,30.177419662475582,1.112590789794922,0.0168190002441406,283.15478515625,0.0065124440006911,59.30881881713867,1.321453094482422,2.4993972778320312,291.5228576660156,0.0128055112436413,82.0998306274414,4.33963505201973e-05,4.350950803200249e-06,4.695798397064209,2.2145888805389404,-0.9240455627441406,4.33963505201973e-05,2.3769345716573295e-05,66.42481231689453,2.4013915061950684
IBT_2016257N27280_2016091912,2016257N27280,JULIA,2016-09-19 12:00:00,2016-09-19,2016,9,12,,DS,32.79999923706055,282.29998779296875,30.0,1011.0,IBTRACS_ERA5,OBS,1,32.79999923706055,282.29998779296875,2016257N27280,JULIA,0.0,test,-0.9770456198219803,0.2130301781125908,-1.0,-1.8369701987210294e-16,3.394962310791016,-1.71380615234375,219.9276428222656,6.786740414099768e-05,50.02224349975586,3.8269996643066406,-3.411174774169922,241.8697052001953,0.0003012404486071,32.13114547729492,1.4169387817382812,-2.011463165283203,267.3048400878906,0.0014901997055858,30.177419662475582,1.112590789794922,0.0168190002441406,283.15478515625,0.0065124440006911,59.30881881713867,1.321453094482422,2.4993972778320312,291.5228576660156,0.0128055112436413,82.0998306274414,4.33963505201973e-05,4.350950803200249e-06,4.695798397064209,2.2145888805389404,-0.9240455627441406,4.33963505201973e-05,2.3769345716573295e-05,66.42481231689453,2.4013915061950684
IBT_2016257N27280_2016091918,2016257N27280,JULIA,2016-09-19 18:00:00,2016-09-19,2016,9,18,,DS,33.20000076293945,283.0,30.0,1011.0,IBTRACS_ERA5,OBS,1,33.20000076293945,283.0,2016257N27280,JULIA,0.0,test,-0.9743700647852352,0.2249510543438649,-1.0,-1.8369701987210294e-16,3.394962310791016,-1.71380615234375,219.9276428222656,6.786740414099768e-05,50.02224349975586,3.8269996643066406,-3.411174774169922,241.8697052001953,0.0003012404486071,32.13114547729492,1.4169387817382812,-2.011463165283203,267.3048400878906,0.0014901997055858,30.177419662475582,1.112590789794922,0.0168190002441406,283.15478515625,0.0065124440006911,59.30881881713867,1.321453094482422,2.4993972778320312,291.5228576660156,0.0128055112436413,82.0998306274414,4.33963505201973e-05,4.350950803200249e-06,4.695798397064209,2.2145888805389404,-0.9240455627441406,4.33963505201973e-05,2.3769345716573295e-05,66.42481231689453,2.4013915061950684
IBT_2016263N13333_2016091906,2016263N13333,LISA,2016-09-19 06:00:00,2016-09-19,2016,9,6,,DS,13.199999809265137,333.29998779296875,25.0,1008.0,IBTRACS_ERA5,OBS,1,13.199999809265137,333.29998779296875,2016263N13333,LISA,0.0,test,-0.4493191889512398,0.8933712925991074,-1.0,-1.8369701987210294e-16,-6.179500579833984,-4.07342529296875,220.3106384277344,7.468515104847029e-05,52.60261535644531,-6.618312835693359,-1.495891571044922,243.5070953369141,0.0005743079236708,52.44453430175781,-0.6442184448242188,-0.1579475402832031,269.0726013183594,0.003947080578655,69.89936828613281,0.4241752624511719,-2.40468978881836,282.693603515625,0.0092678479850292,87.07161712646484,2.906536102294922,-0.2694015502929687,290.3464660644531,0.0123960273340344,85.6487808227539,4.277196785551496e-05,3.815163654508069e-05,9.850211143493652,-2.022264003753662,-1.6802711486816406,5.0684706366155297e-05,3.815163654508069e-05,66.9707260131836,6.026003837585449
IBT_2016263N13333_2016091912,2016263N13333,LISA,2016-09-19 12:00:00,2016-09-19,2016,9,12,,TS,13.399999618530272,332.70001220703125,30.0,1007.0,IBTRACS_ERA5,OBS,1,13.399999618530272,332.70001220703125,2016263N13333,LISA,0.0,test,-0.4586493651618373,0.8886173303715406,-1.0,-1.8369701987210294e-16,-6.179500579833984,-4.07342529296875,220.3106384277344,7.468515104847029e-05,52.60261535644531,-6.618312835693359,-1.495891571044922,243.5070953369141,0.0005743079236708,52.44453430175781,-0.6442184448242188,-0.1579475402832031,269.0726013183594,0.003947080578655,69.89936828613281,0.4241752624511719,-2.40468978881836,282.693603515625,0.0092678479850292,87.07161712646484,2.906536102294922,-0.2694015502929687,290.3464660644531,0.0123960273340344,85.6487808227539,4.277196785551496e-05,3.815163654508069e-05,9.850211143493652,-2.022264003753662,-1.6802711486816406,5.0684706366155297e-05,3.815163654508069e-05,66.9707260131836,6.026003837585449
IBT_2016263N13333_2016091918,2016263N13333,LISA,2016-09-19 18:00:00,2016-09-19,2016,9,18,,TS,13.600000381469728,332.20001220703125,30.0,1007.0,IBTRACS_ERA5,OBS,1,13.600000381469728,332.20001220703125,2016263N13333,LISA,0.0,test,-0.46638645187735,0.8845810745800841,-1.0,-1.8369701987210294e-16,-6.179500579833984,-4.07342529296875,220.3106384277344,7.468515104847029e-05,52.60261535644531,-6.618312835693359,-1.495891571044922,243.5070953369141,0.0005743079236708,52.44453430175781,-0.6442184448242188,-0.1579475402832031,269.0726013183594,0.003947080578655,69.89936828613281,0.4241752624511719,-2.40468978881836,282.693603515625,0.0092678479850292,87.07161712646484,2.906536102294922,-0.2694015502929687,290.3464660644531,0.0123960273340344,85.6487808227539,4.277196785551496e-05,3.815163654508069e-05,9.850211143493652,-2.022264003753662,-1.6802711486816406,5.0684706366155297e-05,3.815163654508069e-05,66.9707260131836,6.026003837585449
NEG_20160919_01947,,,2016-09-19 00:00:00,2016-09-19,2016,9,0,,BG,12.5,,,,IBTRACS_ERA5,OBS,0,12.5,27.5,,,5864.4678863274,test,0.4617486132350339,0.8870108331782217,-1.0,-1.8369701987210294e-16,-18.425106048583984,6.70550537109375,220.94711303710935,5.549105844693258e-05,36.25640869140625,-7.609035491943359,1.813556671142578,242.2188262939453,0.0004040193452965,41.68168640136719,-3.5647506713867188,-2.117542266845703,267.7394104003906,0.0030301900114864,59.36251449584961,-6.981830596923828,-4.700099945068359,283.856689453125,0.0084499828517436,73.40729522705078,-1.525592803955078,-0.0594406127929687,296.2544250488281,0.0124645726755261,59.50970077514648,7.351515250775264e-06,-7.735046892776154e-06,18.203243255615234,-7.621263027191162,0.3283958435058594,2.5146367988782004e-05,1.7889362425194122e-05,63.87248229980469,12.216924667358398
NEG_20160919_02040,,,2016-09-19 00:00:00,2016-09-19,2016,9,0,,BG,42.5,,,,IBTRACS_ERA5,OBS,0,42.5,322.5,,,2819.0439036314583,test,-0.608761429008721,0.7933533402912349,-1.0,-1.8369701987210294e-16,13.361759185791016,-10.72955322265625,214.47164916992188,3.959897003369406e-05,56.89924240112305,15.99643325805664,-6.187419891357422,236.58644104003903,0.0002554678067099,45.73520660400391,13.14411163330078,-2.632556915283203,263.4464416503906,0.0016107948031276,44.01236343383789,10.737224578857422,0.3901100158691406,279.8045654296875,0.0006653774762526,7.61641788482666,8.083782196044922,2.8529129028320312,280.5724182128906,0.0060745673254132,80.16123962402344,-1.4236742572393268e-05,-4.3657597416313365e-05,14.571905136108398,12.26466178894043,-3.2613015174865723,3.2287612157233525e-06,-1.6409694580943326e-07,29.73531723022461,4.997942924499512
NEG_20160919_03296,,,2016-09-19 00:00:00,2016-09-19,2016,9,0,,BG,50.0,,,,IBTRACS_ERA5,OBS,0,50.0,12.5,,,5416.135249166141,test,0.2164396139381028,0.9762960071199334,-1.0,-1.8369701987210294e-16,-5.559139251708984,-7.12469482421875,219.4224548339844,1.0118418686033692e-05,7.920624732971191,-6.798488616943359,-5.218547821044922,228.8996734619141,0.0001260512217413,50.3388671875,-6.994804382324219,-4.476184844970703,257.3613586425781,0.0012947709765285,57.90074157714844,-3.421222686767578,-3.55935287475586,272.173828125,0.0044263112358748,87.24032592773438,-4.710773468017578,-5.183708190917969,279.7505187988281,0.0068789618089795,96.06261444091795,1.8849568732548505e-05,1.986085044336505e-05,2.1182901859283447,-5.496885776519775,-5.112497806549072,3.0235209123929963e-05,3.2814074074849486e-05,60.13616180419922,2.1182901859283447
NEG_20160919_04485,,,2016-09-19 00:00:00,2016-09-19,2016,9,0,,BG,20.0,,,,IBTRACS_ERA5,OBS,0,20.0,300.0,,,1168.547544143475,test,-0.8660254037844386,0.5000000000000001,-1.0,-1.8369701987210294e-16,-7.631893157958984,-12.61566162109375,217.3511657714844,4.418666503624991e-05,44.42251586914063,0.0467262268066406,-6.312541961669922,240.1681060791016,0.0003345147415529,42.03746032714844,-1.1847457885742188,-0.7247200012207031,267.5974426269531,0.000730374478735,14.463889122009276,-5.416217803955078,0.5737037658691406,281.72412109375,0.0049846279434859,50.01605987548828,-6.530353546142578,1.6607742309570312,290.7156066894531,0.010116864927113,68.27462768554688,-7.536644261563197e-06,1.0228186511085369e-06,14.31886863708496,-4.143296718597412,-3.483689069747925,3.5074995139439125e-06,2.108929766109213e-05,50.393157958984375,4.552102088928223
IBT_2016257N13341_2016092000,2016257N13341,KARL,2016-09-20 00:00:00,2016-09-20,2016,9,0,,TS,19.700000762939453,309.70001220703125,35.0,1006.0,IBTRACS_ERA5,OBS,1,19.700000762939453,309.70001220703125,2016257N13341,KARL,0.0,test,-0.7693994189555495,0.6387679814383801,-1.0,-1.8369701987210294e-16,-6.491874694824219,4.813079833984375,220.02951049804688,7.512253796448931e-05,54.70372772216797,-3.864688873291016,3.28664779663086,242.1976318359375,0.000475279346574,49.13253402709961,-1.3208961486816406,1.9922561645507808,268.0665283203125,0.0040573286823928,77.53192138671875,-6.388111114501953,6.860954284667969,282.3531494140625,0.0081141600385308,78.01062774658203,-8.609001159667969,9.239376068115234,290.6686706542969,0.0125080905854702,84.66484069824219,3.4973054425790906e-05,3.452694363659248e-05,4.906558990478516,-5.334914207458496,5.238462924957275,6.08804912189953e-05,3.452694363659248e-05,59.84812927246094,1.4929935932159424
IBT_2016257N13341_2016092006,2016257N13341,KARL,2016-09-20 06:00:00,2016-09-20,2016,9,6,,TS,20.0,307.8999938964844,35.0,1006.0,IBTRACS_ERA5,OBS,1,20.0,307.8999938964844,2016257N13341,KARL,0.0,test,-0.7890841502723037,0.6142851160406188,-1.0,-1.8369701987210294e-16,-9.94890594482422,9.282562255859377,220.33541870117188,7.680590351810679e-05,53.93787384033203,0.6179771423339844,1.3227806091308594,241.064453125,0.0003307343285996,38.110801696777344,0.7355003356933594,-2.7103805541992188,268.4530029296875,0.0020515429787337,38.071136474609375,-5.935230255126953,-0.3815994262695312,283.9705810546875,0.0085181007161736,73.43637084960938,-7.767448425292969,1.0329551696777344,291.1974792480469,0.0142037235200405,92.96249389648438,6.08804912189953e-05,2.029375173151493e-05,8.533157348632812,-4.459621429443359,1.709263563156128,6.08804912189953e-05,3.452694363659248e-05,60.79363250732422,1.4929935932159424
IBT_2016257N13341_2016092012,2016257N13341,KARL,2016-09-20 12:00:00,2016-09-20,2016,9,12,,TS,20.0,306.29998779296875,35.0,1006.0,IBTRACS_ERA5,OBS,1,20.0,306.29998779296875,2016257N13341,KARL,0.0,test,-0.8059284083786143,0.5920130070938588,-1.0,-1.8369701987210294e-16,-9.94890594482422,9.282562255859377,220.33541870117188,7.680590351810679e-05,53.93787384033203,0.6179771423339844,1.3227806091308594,241.064453125,0.0003307343285996,38.110801696777344,0.7355003356933594,-2.7103805541992188,268.4530029296875,0.0020515429787337,38.071136474609375,-5.935230255126953,-0.3815994262695312,283.9705810546875,0.0085181007161736,73.43637084960938,-7.767448425292969,1.0329551696777344,291.1974792480469,0.0142037235200405,92.96249389648438,6.08804912189953e-05,2.029375173151493e-05,8.533157348632812,-4.459621429443359,1.709263563156128,6.08804912189953e-05,3.452694363659248e-05,60.79363250732422,1.4929935932159424
IBT_2016257N13341_2016092018,2016257N13341,KARL,2016-09-20 18:00:00,2016-09-20,2016,9,18,,TS,20.0,305.1000061035156,35.0,1006.0,IBTRACS_ERA5,OBS,1,20.0,305.1000061035156,2016257N13341,KARL,0.0,test,-0.8181496561717543,0.575005339197855,-1.0,-1.8369701987210294e-16,-8.059257507324219,11.513763427734377,219.43795776367188,6.358438258757815e-05,49.68128967285156,3.3491783142089844,7.722682952880859,240.5706787109375,0.0001845651277108,22.305952072143555,-0.1851539611816406,-1.7753219604492188,267.7325439453125,0.0021858024410903,42.843055725097656,-5.027271270751953,-3.8885574340820312,284.0352783203125,0.0081216106191277,69.71540832519531,-7.743766784667969,-5.703006744384766,291.2409362792969,0.0139840207993984,91.27245330810548,3.787181412917562e-05,3.7313525353965815e-06,17.21965980529785,-3.533254146575928,1.5739120244979858,6.08804912189953e-05,3.452694363659248e-05,59.678497314453125,1.941417098045349
IBT_2016263N13333_2016092000,2016263N13333,LISA,2016-09-20 00:00:00,2016-09-20,2016,9,0,,TS,13.899999618530272,331.6000061035156,30.0,1007.0,IBTRACS_ERA5,OBS,1,13.899999618530272,331.6000061035156,2016263N13333,LISA,0.0,test,-0.4756241153644388,0.8796486235331668,-1.0,-1.8369701987210294e-16,-0.8126754760742188,-3.329010009765625,220.42428588867188,8.398640056839213e-05,58.363746643066406,-2.402530670166016,1.1457786560058594,243.204345703125,0.0006423920858651,60.36022186279297,-1.5994606018066406,8.400215148925781,268.5364990234375,0.0041885483078658,77.23865509033203,-2.298023223876953,12.040031433105469,282.8197021484375,0.0090771028771996,84.55571746826172,-4.977165222167969,12.775142669677734,290.7316589355469,0.0127229653298854,85.77439880371094,4.288672062102705e-05,2.1865243979846127e-05,16.633901596069336,-2.417971134185791,6.2064313888549805,6.785191362723708e-05,3.311918771942146e-05,73.30425262451172,6.506462097167969
IBT_2016263N13333_2016092006,2016263N13333,LISA,2016-09-20 06:00:00,2016-09-20,2016,9,6,,TS,14.399999618530272,330.70001220703125,30.0,1007.0,IBTRACS_ERA5,OBS,1,14.399999618530272,330.70001220703125,2016263N13333,LISA,0.0,test,-0.489382265951959,0.872069376696445,-1.0,-1.8369701987210294e-16,-7.905937194824219,1.972747802734375,220.70944213867188,9.31063768803142e-05,62.55950927734375,-4.440372467041016,-4.572727203369141,243.3338623046875,0.0004943974781781,45.89019775390625,-0.2330055236816406,-1.4789352416992188,269.1094970703125,0.0039464938454329,69.69506072998047,-1.5760993957519531,-0.5689773559570312,283.8126220703125,0.009981513954699,86.96876525878906,-1.8150558471679688,-0.3153114318847656,291.1393737792969,0.0145457349717617,95.55282592773438,6.785191362723708e-05,2.8676586225628853e-05,6.506462097167969,-3.194094181060791,-0.9926406741142272,6.785191362723708e-05,3.311918771942146e-05,68.16966247558594,6.506462097167969
IBT_2016263N13333_2016092012,2016263N13333,LISA,2016-09-20 12:00:00,2016-09-20,2016,9,12,,TS,15.100000381469728,330.0,35.0,1006.0,IBTRACS_ERA5,OBS,1,15.100000381469728,330.0,2016263N13333,LISA,0.0,test,-0.5000000000000004,0.8660254037844384,-1.0,-1.8369701987210294e-16,-7.905937194824219,1.972747802734375,220.70944213867188,9.31063768803142e-05,62.55950927734375,-4.440372467041016,-4.572727203369141,243.3338623046875,0.0004943974781781,45.89019775390625,-0.2330055236816406,-1.4789352416992188,269.1094970703125,0.0039464938454329,69.69506072998047,-1.5760993957519531,-0.5689773559570312,283.8126220703125,0.009981513954699,86.96876525878906,-1.8150558471679688,-0.3153114318847656,291.1393737792969,0.0145457349717617,95.55282592773438,6.785191362723708e-05,2.8676586225628853e-05,6.506462097167969,-3.194094181060791,-0.9926406741142272,6.785191362723708e-05,3.311918771942146e-05,68.16966247558594,6.506462097167969
IBT_2016263N13333_2016092018,2016263N13333,LISA,2016-09-20 18:00:00,2016-09-20,2016,9,18,,TS,16.0,329.29998779296875,40.0,1004.0,IBTRACS_ERA5,OBS,1,16.0,329.29998779296875,2016263N13333,LISA,0.0,test,-0.5105431011056031,0.8598521628242113,-1.0,-1.8369701987210294e-16,-7.905937194824219,1.972747802734375,220.70944213867188,9.31063768803142e-05,62.55950927734375,-4.440372467041016,-4.572727203369141,243.3338623046875,0.0004943974781781,45.89019775390625,-0.2330055236816406,-1.4789352416992188,269.1094970703125,0.0039464938454329,69.69506072998047,-1.5760993957519531,-0.5689773559570312,283.8126220703125,0.009981513954699,86.96876525878906,-1.8150558471679688,-0.3153114318847656,291.1393737792969,0.0145457349717617,95.55282592773438,6.785191362723708e-05,2.8676586225628853e-05,6.506462097167969,-3.194094181060791,-0.9926406741142272,6.785191362723708e-05,3.311918771942146e-05,68.16966247558594,6.506462097167969
NEG_20160920_00560,,,2016-09-20 00:00:00,2016-09-20,2016,9,0,,BG,47.5,,,,IBTRACS_ERA5,OBS,0,47.5,270.0,,,4392.809741439757,test,-1.0,-1.8369701987210294e-16,-1.0,-1.8369701987210294e-16,49.77472686767578,-9.171051025390623,218.1001892089844,1.6947940821410157e-05,15.554557800292969,53.527156829833984,-12.18112564086914,233.405517578125,0.0001471147697884,36.440277099609375,38.26430892944336,-7.816825866699219,257.6429443359375,0.0008695680880919,37.98794174194336,22.378002166748047,-5.675422668457031,271.8514404296875,0.0013287672773003,26.81706428527832,18.57849884033203,-3.7131385803222656,282.7316589355469,0.00387429818511,44.13577651977539,-2.22481776290806e-05,1.0355038284615148e-05,31.670072555541992,36.504539489746094,-7.711512565612793,3.1032319384394214e-05,6.135270814411342e-05,47.20792388916016,3.1965510845184326
NEG_20160920_02065,,,2016-09-20 00:00:00,2016-09-20,2016,9,0,,BG,25.0,,,,IBTRACS_ERA5,OBS,0,25.0,335.0,,,1163.139375598508,test,-0.4226182617406992,0.90630778703665,-1.0,-1.8369701987210294e-16,22.39582061767578,3.227630615234375,218.99874877929688,2.2274640286923383e-05,18.34395217895508,12.690486907958984,-0.8173561096191406,238.4219970703125,0.0001143135959864,17.04474449157715,1.8910179138183596,-2.4286422729492188,266.1536865234375,0.0003443766327109,7.618195533752441,1.3155021667480469,2.0950851440429688,281.5919189453125,0.0038012871518731,38.487579345703125,-0.5162277221679688,0.1895713806152343,287.7472839355469,0.0108283124864101,88.46417999267578,7.532380550401285e-07,-9.446284821024163e-07,23.11258888244629,7.555319786071777,0.4532577395439148,1.7981368728214875e-05,4.211931445752271e-05,48.49759292602539,7.68107795715332
IBT_2016257N13341_2016092100,2016257N13341,KARL,2016-09-21 00:00:00,2016-09-21,2016,9,0,,TS,20.0,304.0,35.0,1006.0,IBTRACS_ERA5,OBS,1,20.0,304.0,2016257N13341,KARL,0.0,test,-0.8290375725550416,0.559192903470747,-1.0,-1.8369701987210294e-16,-8.176101684570312,4.694572448730469,220.07537841796875,8.344006346305832e-05,60.43061065673828,1.1073684692382812,0.8143692016601562,241.8449859619141,0.0004641567938961,49.62538528442383,2.3567848205566406,0.6457672119140625,267.8026733398437,0.0026721591129899,52.09709167480469,-0.0085487365722656,5.835857391357422,283.71978759765625,0.0085287131369113,74.77481842041016,-2.3139190673828125,8.464630126953125,291.4469909667969,0.0138234933838248,89.05339050292969,4.579668529913761e-05,9.035342372953892e-06,6.969829082489014,-1.4068832397460938,4.091039180755615,4.7932087909430265e-05,4.238672772771679e-05,56.61090469360352,3.739020586013794
IBT_2016257N13341_2016092106,2016257N13341,KARL,2016-09-21 06:00:00,2016-09-21,2016,9,6,,TS,20.200000762939453,303.1000061035156,30.0,1006.0,IBTRACS_ERA5,OBS,1,20.200000762939453,303.1000061035156,2016257N13341,KARL,0.0,test,-0.8377186584461341,0.5461020502536218,-1.0,-1.8369701987210294e-16,-9.920486450195312,10.238517761230469,220.08966064453125,8.027449803194031e-05,58.0395622253418,2.372016906738281,2.042884826660156,241.14002990722656,0.000274822639767,31.43844985961914,1.3763160705566406,1.0971832275390625,267.96539306640625,0.0015641236677765,30.119516372680664,-0.2390174865722656,0.3524589538574219,284.15167236328125,0.0075880326330661,64.6297378540039,-1.2372589111328125,-0.712615966796875,291.7472839355469,0.0138220032677054,87.36711883544922,4.591715332935564e-05,8.066599548328668e-07,13.975899696350098,-1.5296859741210938,2.6036858558654785,4.7932087909430265e-05,4.238672772771679e-05,59.90333557128906,5.652138710021973
IBT_2016257N13341_2016092112,2016257N13341,KARL,2016-09-21 12:00:00,2016-09-21,2016,9,12,,TS,20.799999237060547,302.5,30.0,1007.0,IBTRACS_ERA5,OBS,1,20.799999237060547,302.5,2016257N13341,KARL,0.0,test,-0.8433914458128857,0.5372996083468239,-1.0,-1.8369701987210294e-16,-9.920486450195312,10.238517761230469,220.08966064453125,8.027449803194031e-05,58.0395622253418,2.372016906738281,2.042884826660156,241.14002990722656,0.000274822639767,31.43844985961914,1.3763160705566406,1.0971832275390625,267.96539306640625,0.0015641236677765,30.119516372680664,-0.2390174865722656,0.3524589538574219,284.15167236328125,0.0075880326330661,64.6297378540039,-1.2372589111328125,-0.712615966796875,291.7472839355469,0.0138220032677054,87.36711883544922,4.591715332935564e-05,8.066599548328668e-07,13.975899696350098,-1.5296859741210938,2.6036858558654785,4.7932087909430265e-05,4.238672772771679e-05,59.90333557128906,5.652138710021973
IBT_2016257N13341_2016092118,2016257N13341,KARL,2016-09-21 18:00:00,2016-09-21,2016,9,18,,TS,21.5,301.79998779296875,30.0,1007.0,IBTRACS_ERA5,OBS,1,21.5,301.79998779296875,2016257N13341,KARL,0.0,test,-0.8498928052562984,0.5269556144245734,-1.0,-1.8369701987210294e-16,-7.417800903320312,10.534782409667969,220.37835693359372,8.752228313824162e-05,61.152156829833984,0.7866897583007812,3.222450256347656,241.43788146972656,0.000398302974645,44.27815628051758,-2.19472885131836,0.6248931884765625,267.89385986328125,0.0025834450498223,50.019325256347656,-7.098514556884766,0.8839530944824219,282.8861694335937,0.0084876902401447,78.71098327636719,-11.027053833007812,1.633087158203125,290.8298034667969,0.0133609315380454,89.5142822265625,4.7932087909430265e-05,2.551262150518596e-05,9.605565071105955,-5.390281677246094,3.379833221435547,4.7932087909430265e-05,4.238672772771679e-05,62.33086013793945,5.558949947357178
IBT_2016263N13333_2016092100,2016263N13333,LISA,2016-09-21 00:00:00,2016-09-21,2016,9,0,,TS,16.700000762939453,328.70001220703125,40.0,1004.0,IBTRACS_ERA5,OBS,1,16.700000762939453,328.70001220703125,2016263N13333,LISA,0.0,test,-0.5195189298345767,0.8544589408178348,-1.0,-1.8369701987210294e-16,-7.1608428955078125,2.1070480346679688,220.704833984375,8.954488293966278e-05,60.19918823242188,2.812934875488281,-7.244834899902344,242.8931427001953,0.00025682389969,24.852144241333008,1.5263404846191406,-3.530624389648437,269.06903076171875,0.0027734050527215,49.12780380249024,-1.6251258850097656,-0.2182197570800781,283.96295166015625,0.0094650574028491,81.6419906616211,-2.5733184814453125,1.610198974609375,290.9779968261719,0.0139113804325461,92.3276138305664,8.367985719814897e-05,4.197518137516454e-05,4.614351272583008,-1.4040024280548096,-1.4552863836288452,8.367985719814897e-05,4.5441556721925735e-05,70.70877075195312,4.614351272583008
IBT_2016263N13333_2016092106,2016263N13333,LISA,2016-09-21 06:00:00,2016-09-21,2016,9,6,,TS,17.200000762939453,328.29998779296875,45.0,1002.0,IBTRACS_ERA5,OBS,1,17.200000762939453,328.29998779296875,2016263N13333,LISA,0.0,test,-0.5254718323400189,0.8508109974707797,-1.0,-1.8369701987210294e-16,-7.1608428955078125,2.1070480346679688,220.704833984375,8.954488293966278e-05,60.19918823242188,2.812934875488281,-7.244834899902344,242.8931427001953,0.00025682389969,24.852144241333008,1.5263404846191406,-3.530624389648437,269.06903076171875,0.0027734050527215,49.12780380249024,-1.6251258850097656,-0.2182197570800781,283.96295166015625,0.0094650574028491,81.6419906616211,-2.5733184814453125,1.610198974609375,290.9779968261719,0.0139113804325461,92.3276138305664,8.367985719814897e-05,4.197518137516454e-05,4.614351272583008,-1.4040024280548096,-1.4552863836288452,8.367985719814897e-05,4.5441556721925735e-05,70.70877075195312,4.614351272583008
IBT_2016263N13333_2016092112,2016263N13333,LISA,2016-09-21 12:00:00,2016-09-21,2016,9,12,,TS,17.700000762939453,327.8999938964844,45.0,1002.0,IBTRACS_ERA5,OBS,1,17.700000762939453,327.8999938964844,2016263N13333,LISA,0.0,test,-0.5313986697589655,0.8471218647741315,-1.0,-1.8369701987210294e-16,-7.1608428955078125,2.1070480346679688,220.704833984375,8.954488293966278e-05,60.19918823242188,2.812934875488281,-7.244834899902344,242.8931427001953,0.00025682389969,24.852144241333008,1.5263404846191406,-3.530624389648437,269.06903076171875,0.0027734050527215,49.12780380249024,-1.6251258850097656,-0.2182197570800781,283.96295166015625,0.0094650574028491,81.6419906616211,-2.5733184814453125,1.610198974609375,290.9779968261719,0.0139113804325461,92.3276138305664,8.367985719814897e-05,4.197518137516454e-05,4.614351272583008,-1.4040024280548096,-1.4552863836288452,8.367985719814897e-05,4.5441556721925735e-05,70.70877075195312,4.614351272583008
IBT_2016263N13333_2016092118,2016263N13333,LISA,2016-09-21 18:00:00,2016-09-21,2016,9,18,,TS,18.299999237060547,327.6000061035156,40.0,1004.0,IBTRACS_ERA5,OBS,1,18.299999237060547,327.6000061035156,2016263N13333,LISA,0.0,test,-0.5358267050357428,0.8443279825817329,-1.0,-1.8369701987210294e-16,-7.1608428955078125,2.1070480346679688,220.704833984375,8.954488293966278e-05,60.19918823242188,2.812934875488281,-7.244834899902344,242.8931427001953,0.00025682389969,24.852144241333008,1.5263404846191406,-3.530624389648437,269.06903076171875,0.0027734050527215,49.12780380249024,-1.6251258850097656,-0.2182197570800781,283.96295166015625,0.0094650574028491,81.6419906616211,-2.5733184814453125,1.610198974609375,290.9779968261719,0.0139113804325461,92.3276138305664,8.367985719814897e-05,4.197518137516454e-05,4.614351272583008,-1.4040024280548096,-1.4552863836288452,8.367985719814897e-05,4.5441556721925735e-05,70.70877075195312,4.614351272583008
NEG_20160921_00398,,,2016-09-21 00:00:00,2016-09-21,2016,9,0,,BG,2.5,,,,IBTRACS_ERA5,OBS,0,2.5,322.5,,,1718.3197659216555,test,-0.608761429008721,0.7933533402912349,-1.0,-1.8369701987210294e-16,-6.1063995361328125,-3.5935134887695312,219.92767333984372,2.2979067580308765e-05,16.936853408813477,-8.246269226074219,-0.1513290405273437,241.5503692626953,0.0002196548157371,24.15630340576172,-6.435207366943359,-2.275375366210937,267.35772705078125,0.0036549204960465,73.71585083007812,-2.2529335021972656,3.038249969482422,281.2821655273437,0.0065195448696613,67.42041015625,-0.1697540283203125,3.206817626953125,291.2443542480469,0.0067829331383109,44.262001037597656,-5.107247034175089e-06,-1.2943103683937808e-05,9.027085304260254,-4.642112731933594,0.0449699386954307,9.967438018065876e-06,8.762527613725979e-06,58.6511116027832,4.540329456329346
NEG_20160921_00912,,,2016-09-21 00:00:00,2016-09-21,2016,9,0,,BG,37.5,,,,IBTRACS_ERA5,OBS,0,37.5,307.5,,,1861.6175309978328,test,-0.7933533402912352,0.6087614290087205,-1.0,-1.8369701987210294e-16,2.0514373779296875,-6.161506652832031,216.7896728515625,3.673819446703419e-05,39.564090728759766,5.698799133300781,1.4133682250976562,239.0680694580078,0.0002063294523395,28.86882972717285,6.663547515869141,2.7902984619140625,264.8495483398437,0.0024626413360238,60.27588272094727,6.557125091552734,2.717693328857422,279.92291259765625,0.0060521103441715,68.7129135131836,7.2183074951171875,2.128143310546875,288.4580993652344,0.0097538074478507,76.09304809570312,-5.740416781918611e-07,2.707738531171344e-07,9.768052101135254,5.637843132019043,0.5775993466377258,5.989930286887102e-06,1.679803608567454e-05,45.29548645019531,1.2708779573440552
NEG_20160921_02310,,,2016-09-21 00:00:00,2016-09-21,2016,9,0,,BG,20.0,,,,IBTRACS_ERA5,OBS,0,20.0,7.5,,,4102.578256607791,test,0.1305261922200515,0.9914448613738104,-1.0,-1.8369701987210294e-16,-0.1236114501953125,3.4221115112304688,220.30328369140625,3.0290881113614887e-05,21.353212356567383,-6.034965515136719,3.088294982910156,241.1949615478516,0.0001586271100677,18.050556182861328,-14.75625228881836,-0.3959808349609375,267.79754638671875,0.0006002718582749,11.70761775970459,-6.031742095947266,-1.110187530517578,285.93170166015625,0.0016726891044527,12.657150268554688,-5.9191436767578125,0.691680908203125,300.1911315917969,0.0028356155380606,10.668499946594238,5.622458047582768e-06,-1.648255783948116e-05,6.406515598297119,-6.573143005371094,1.139183759689331,1.658514520386234e-05,2.018710074480623e-05,31.761594772338867,1.641266703605652
NEG_20160921_03278,,,2016-09-21 00:00:00,2016-09-21,2016,9,0,,BG,5.0,,,,IBTRACS_ERA5,OBS,0,5.0,280.0,,,2980.74255956005,test,-0.984807753012208,0.1736481776669299,-1.0,-1.8369701987210294e-16,-0.1228790283203125,-5.308845520019531,220.37420654296875,7.985819684108719e-05,55.82462310791016,1.5556106567382812,-1.7823104858398438,242.96876525878903,0.0007356410496868,70.67829132080078,-1.5353050231933594,1.1814117431640625,267.5116577148437,0.003925853408873,78.25542449951172,-3.1320838928222656,-0.0933418273925781,283.39312744140625,0.0091729797422885,82.208251953125,1.4355926513671875,-1.381561279296875,290.6257019042969,0.0145062049850821,98.45891571044922,5.24095321452478e-06,-1.568333391332999e-05,4.225209712982178,-0.3598129153251648,-1.4769294261932373,2.27682448894484e-05,1.8334198102820665e-05,70.9112319946289,2.0793886184692383
IBT_2016257N13341_2016092200,2016257N13341,KARL,2016-09-22 00:00:00,2016-09-22,2016,9,0,,TS,22.5,300.79998779296875,30.0,1007.0,IBTRACS_ERA5,OBS,1,22.5,300.79998779296875,2016257N13341,KARL,0.0,test,-0.8589600060228556,0.5120426818666739,-1.0,-1.8369701987210294e-16,-12.432708740234377,4.303558349609375,219.75543212890625,7.613287016283721e-05,57.2757682800293,-3.460803985595703,4.186779022216797,242.4225616455078,0.0005396332708187,54.6033821105957,3.49066162109375,5.242439270019531,267.9409484863281,0.0019098198972642,36.84479904174805,1.30865478515625,6.698642730712891,283.8398132324219,0.0073725199326872,64.11959838867188,2.1565704345703125,7.584999084472656,291.55377197265625,0.0132596110925078,84.84491729736328,5.501585110323504e-05,2.7516587579157203e-05,14.95375919342041,-1.7875251770019531,5.603283882141113,5.8761637774296105e-05,4.552386235445738e-05,61.493309020996094,4.122411251068115
IBT_2016257N13341_2016092206,2016257N13341,KARL,2016-09-22 06:00:00,2016-09-22,2016,9,6,,TS,23.5,299.70001220703125,30.0,1007.0,IBTRACS_ERA5,OBS,1,23.5,299.70001220703125,2016257N13341,KARL,0.0,test,-0.8686314088792719,0.495458853496848,-1.0,-1.8369701987210294e-16,-12.432708740234377,4.303558349609375,219.75543212890625,7.613287016283721e-05,57.2757682800293,-3.460803985595703,4.186779022216797,242.4225616455078,0.0005396332708187,54.6033821105957,3.49066162109375,5.242439270019531,267.9409484863281,0.0019098198972642,36.84479904174805,1.30865478515625,6.698642730712891,283.8398132324219,0.0073725199326872,64.11959838867188,2.1565704345703125,7.584999084472656,291.55377197265625,0.0132596110925078,84.84491729736328,5.501585110323504e-05,2.7516587579157203e-05,14.95375919342041,-1.7875251770019531,5.603283882141113,5.8761637774296105e-05,4.552386235445738e-05,61.493309020996094,4.122411251068115
IBT_2016257N13341_2016092212,2016257N13341,KARL,2016-09-22 12:00:00,2016-09-22,2016,9,12,,TS,24.399999618530277,298.29998779296875,30.0,1007.0,IBTRACS_ERA5,OBS,1,24.399999618530277,298.29998779296875,2016257N13341,KARL,0.0,test,-0.8804774545150037,0.4740880214588632,-1.0,-1.8369701987210294e-16,-11.346527099609377,10.740325927734377,219.98382568359372,8.377018093597144e-05,61.332740783691406,-5.275745391845703,5.077892303466797,242.3893585205078,0.0005543556180782,56.270503997802734,-2.87139892578125,-0.5439376831054688,268.1211242675781,0.0042480654083192,80.84095764160156,-6.22564697265625,-3.707118988037109,282.4657897949219,0.0078263198956847,74.67106628417969,-7.339035034179687,-3.643760681152344,291.19293212890625,0.0122576570138335,80.248779296875,5.4301901400322095e-05,4.380440077511594e-05,14.931910514831545,-6.61167049407959,1.584680199623108,5.8761637774296105e-05,4.552386235445738e-05,60.84760284423828,4.122411251068115
IBT_2016257N13341_2016092218,2016257N13341,KARL,2016-09-22 18:00:00,2016-09-22,2016,9,18,,TS,25.299999237060547,297.1000061035156,35.0,1005.0,IBTRACS_ERA5,OBS,1,25.299999237060547,297.1000061035156,2016257N13341,KARL,0.0,test,-0.8902127560835427,0.4555450020647169,-1.0,-1.8369701987210294e-16,-11.346527099609377,10.740325927734377,219.98382568359372,8.377018093597144e-05,61.332740783691406,-5.275745391845703,5.077892303466797,242.3893585205078,0.0005543556180782,56.270503997802734,-2.87139892578125,-0.5439376831054688,268.1211242675781,0.0042480654083192,80.84095764160156,-6.22564697265625,-3.707118988037109,282.4657897949219,0.0078263198956847,74.67106628417969,-7.339035034179687,-3.643760681152344,291.19293212890625,0.0122576570138335,80.248779296875,5.4301901400322095e-05,4.380440077511594e-05,14.931910514831545,-6.61167049407959,1.584680199623108,5.8761637774296105e-05,4.552386235445738e-05,60.84760284423828,4.122411251068115
IBT_2016263N13333_2016092200,2016263N13333,LISA,2016-09-22 00:00:00,2016-09-22,2016,9,0,,TS,18.899999618530277,327.29998779296875,40.0,1005.0,IBTRACS_ERA5,OBS,1,18.899999618530277,327.29998779296875,2016263N13333,LISA,0.0,test,-0.5402404997639448,0.8415106668455268,-1.0,-1.8369701987210294e-16,3.822418212890625,5.451507568359375,220.17718505859372,8.343164518009871e-05,59.699337005615234,3.888317108154297,0.1650505065917968,242.8549346923828,0.0003573659923858,34.70668029785156,1.86517333984375,6.079109191894531,268.5813293457031,0.0040196604095399,73.87339782714844,-1.62017822265625,13.55215835571289,282.5336608886719,0.0095640337094664,90.83210754394533,-6.264816284179688,14.699012756347656,290.27325439453125,0.0136015629395842,94.41883850097656,7.74273939896375e-05,4.800122769665904e-05,13.684613227844238,0.3381828367710113,7.989367485046387,7.74273939896375e-05,4.800122769665904e-05,64.48307800292969,5.616423606872559
IBT_2016263N13333_2016092206,2016263N13333,LISA,2016-09-22 06:00:00,2016-09-22,2016,9,6,,TS,19.299999237060547,326.70001220703125,40.0,1004.0,IBTRACS_ERA5,OBS,1,19.299999237060547,326.70001220703125,2016263N13333,LISA,0.0,test,-0.5490226399269481,0.8358074783391476,-1.0,-1.8369701987210294e-16,3.822418212890625,5.451507568359375,220.17718505859372,8.343164518009871e-05,59.699337005615234,3.888317108154297,0.1650505065917968,242.8549346923828,0.0003573659923858,34.70668029785156,1.86517333984375,6.079109191894531,268.5813293457031,0.0040196604095399,73.87339782714844,-1.62017822265625,13.55215835571289,282.5336608886719,0.0095640337094664,90.83210754394533,-6.264816284179688,14.699012756347656,290.27325439453125,0.0136015629395842,94.41883850097656,7.74273939896375e-05,4.800122769665904e-05,13.684613227844238,0.3381828367710113,7.989367485046387,7.74273939896375e-05,4.800122769665904e-05,64.48307800292969,5.616423606872559
IBT_2016263N13333_2016092212,2016263N13333,LISA,2016-09-22 12:00:00,2016-09-22,2016,9,12,,TS,19.700000762939453,326.20001220703125,45.0,999.0,IBTRACS_ERA5,OBS,1,19.700000762939453,326.20001220703125,2016263N13333,LISA,0.0,test,-0.5562954384566516,0.8309845877946965,-1.0,-1.8369701987210294e-16,8.716217041015625,6.593353271484375,220.07037353515625,2.5306409952463586e-05,18.33879280090332,6.459117889404297,-2.424060821533203,242.0174102783203,0.0001399953034706,14.72308349609375,-1.97125244140625,-4.510002136230469,268.3216857910156,0.0012878157431259,24.13727188110352,-2.05950927734375,-6.845790863037109,283.9318542480469,0.0077606653794646,67.08019256591797,-4.981613159179688,-8.716026306152344,290.37872314453125,0.013084135018289,90.21715545654295,7.628432649653405e-05,2.3917145881569013e-05,20.54282569885254,1.232591986656189,-3.1805052757263184,7.74273939896375e-05,4.800122769665904e-05,56.436485290527344,5.05035400390625
IBT_2016263N13333_2016092218,2016263N13333,LISA,2016-09-22 18:00:00,2016-09-22,2016,9,18,,TS,20.299999237060547,325.79998779296875,45.0,999.0,IBTRACS_ERA5,OBS,1,20.299999237060547,325.79998779296875,2016263N13333,LISA,0.0,test,-0.5620835540640226,0.8270804545210563,-1.0,-1.8369701987210294e-16,8.716217041015625,6.593353271484375,220.07037353515625,2.5306409952463586e-05,18.33879280090332,6.459117889404297,-2.424060821533203,242.0174102783203,0.0001399953034706,14.72308349609375,-1.97125244140625,-4.510002136230469,268.3216857910156,0.0012878157431259,24.13727188110352,-2.05950927734375,-6.845790863037109,283.9318542480469,0.0077606653794646,67.08019256591797,-4.981613159179688,-8.716026306152344,290.37872314453125,0.013084135018289,90.21715545654295,7.628432649653405e-05,2.3917145881569013e-05,20.54282569885254,1.232591986656189,-3.1805052757263184,7.74273939896375e-05,4.800122769665904e-05,56.436485290527344,5.05035400390625
NEG_20160922_01350,,,2016-09-22 00:00:00,2016-09-22,2016,9,0,,BG,47.5,,,,IBTRACS_ERA5,OBS,0,47.5,337.5,,,3203.1459417245933,test,-0.3826834323650895,0.9238795325112868,-1.0,-1.8369701987210294e-16,35.912628173828125,-8.633819580078125,213.8670654296875,1.8901939256465997e-05,29.31646156311035,32.8979606628418,-5.711292266845703,229.02247619628903,0.0001510538277216,59.52654266357422,23.29571533203125,-1.4698410034179688,256.9981384277344,0.0010700054699555,49.31795120239258,17.02392578125,1.3773536682128906,271.7511901855469,0.0026638128329068,54.15895462036133,12.771194458007812,6.149085998535156,276.6102905273437,0.0048662638291716,84.64508819580078,-1.3954666428617202e-05,-1.1972016181971412e-05,27.46015739440918,24.380285263061523,-1.6577026844024658,2.1560890672844835e-05,4.524333053268492e-05,38.06608200073242,16.6561222076416
NEG_20160922_01549,,,2016-09-22 00:00:00,2016-09-22,2016,9,0,,BG,22.5,,,,IBTRACS_ERA5,OBS,0,22.5,30.0,,,6487.325872285543,test,0.4999999999999999,0.8660254037844387,-1.0,-1.8369701987210294e-16,-1.466888427734375,10.865814208984377,221.25250244140625,2.447939550620504e-05,15.430912971496582,-1.6141242980957031,5.138195037841797,243.4950714111328,6.077328725950792e-05,5.555968761444092,-3.83209228515625,-1.4265060424804688,268.0738830566406,0.0003312654735054,6.326653003692627,3.92718505859375,1.1905860900878906,285.6142272949219,0.0046923076733946,36.259552001953125,-4.119796752929688,-7.008262634277344,298.65313720703125,0.003943464718759,16.27170181274414,1.3768531061941758e-06,3.921098596038064e-06,18.06987953186035,-1.4211432933807373,1.7519652843475342,9.802191016206052e-06,6.1437517615559045e-06,33.0048942565918,10.201021194458008
IBT_2016257N13341_2016092300,2016257N13341,KARL,2016-09-23 00:00:00,2016-09-23,2016,9,0,,TS,26.399999618530277,296.29998779296875,40.0,1001.0,IBTRACS_ERA5,OBS,1,26.399999618530277,296.29998779296875,2016257N13341,KARL,0.0,test,-0.8964865247810169,0.4430709998251469,-1.0,-1.8369701987210294e-16,-3.894817352294922,6.852451324462891,220.4414978027344,7.789680967107415e-05,54.02193832397461,-0.9002151489257812,11.462745666503906,243.34078979492188,0.0005402964889071,50.11781692504883,-1.4471817016601562,14.466014862060549,269.5659484863281,0.0020627113990485,35.19902420043945,-1.280120849609375,16.001419067382812,283.82177734375,0.0086965337395668,75.7262191772461,-1.6398773193359375,15.621574401855469,291.6185913085937,0.012867203913629,81.99683380126953,7.03916884958744e-05,3.3476015232736245e-05,9.05440616607666,-1.8324425220489504,12.880841255187988,9.045794286066666e-05,7.631659536855295e-05,63.590702056884766,9.05440616607666
IBT_2016257N13341_2016092306,2016257N13341,KARL,2016-09-23 06:00:00,2016-09-23,2016,9,6,,TS,27.299999237060547,295.70001220703125,50.0,997.0,IBTRACS_ERA5,OBS,1,27.299999237060547,295.70001220703125,2016257N13341,KARL,0.0,test,-0.9010769289297512,0.4336592765645951,-1.0,-1.8369701987210294e-16,-3.992107391357422,6.361118316650391,220.81460571289065,7.826561341062188e-05,51.94025421142578,-1.6073684692382812,8.762062072753906,244.0542907714844,0.0005145733593963,44.63623809814453,2.527793884277344,2.600048065185547,269.5566101074219,0.0047427522949874,80.98915100097656,5.112457275390625,-1.4172210693359375,283.6871337890625,0.0093897655606269,82.5046615600586,6.4073638916015625,-3.7485427856445312,291.49591064453125,0.013371936045587,85.8777847290039,9.045794286066666e-05,7.631659536855295e-05,14.503594398498535,1.6896278858184814,2.511492967605591,9.045794286066666e-05,7.631659536855295e-05,65.44903564453125,9.05440616607666
IBT_2016257N13341_2016092312,2016257N13341,KARL,2016-09-23 12:00:00,2016-09-23,2016,9,12,,TS,28.200000762939453,295.1000061035156,50.0,992.0,IBTRACS_ERA5,OBS,1,28.200000762939453,295.1000061035156,2016257N13341,KARL,0.0,test,-0.9055687538226784,0.4241995192124115,-1.0,-1.8369701987210294e-16,-3.992107391357422,6.361118316650391,220.81460571289065,7.826561341062188e-05,51.94025421142578,-1.6073684692382812,8.762062072753906,244.0542907714844,0.0005145733593963,44.63623809814453,2.527793884277344,2.600048065185547,269.5566101074219,0.0047427522949874,80.98915100097656,5.112457275390625,-1.4172210693359375,283.6871337890625,0.0093897655606269,82.5046615600586,6.4073638916015625,-3.7485427856445312,291.49591064453125,0.013371936045587,85.8777847290039,9.045794286066666e-05,7.631659536855295e-05,14.503594398498535,1.6896278858184814,2.511492967605591,9.045794286066666e-05,7.631659536855295e-05,65.44903564453125,9.05440616607666
IBT_2016257N13341_2016092318,2016257N13341,KARL,2016-09-23 18:00:00,2016-09-23,2016,9,18,,TS,29.200000762939453,294.70001220703125,55.0,988.0,IBTRACS_ERA5,OBS,1,29.200000762939453,294.70001220703125,2016257N13341,KARL,0.0,test,-0.9085080884989148,0.4178672673613573,-1.0,-1.8369701987210294e-16,-0.3231620788574219,11.41434097290039,220.91421508789065,9.450368816033006e-05,61.98558807373047,-3.497505187988281,11.168312072753906,244.07650756835935,0.000765687727835,66.28087615966797,-11.813270568847656,6.070507049560547,268.9081726074219,0.0045848744921386,82.20661163330078,-13.970062255859377,2.9546051025390625,283.1112060546875,0.0094796791672706,86.58541107177734,-17.356918334960938,1.9277267456054688,290.77789306640625,0.0132866417989134,89.31119537353516,6.514835695270449e-05,5.247103399597109e-05,19.497299194335938,-9.392183303833008,6.707098484039307,9.045794286066666e-05,7.631659536855295e-05,63.151973724365234,9.05440616607666
IBT_2016263N13333_2016092300,2016263N13333,LISA,2016-09-23 00:00:00,2016-09-23,2016,9,0,,TS,20.899999618530277,325.20001220703125,40.0,1003.0,IBTRACS_ERA5,OBS,1,20.899999618530277,325.20001220703125,2016263N13333,LISA,0.0,test,-0.5707133927362094,0.8211493307258585,-1.0,-1.8369701987210294e-16,2.211505889892578,11.48025894165039,219.49136352539065,3.692933023557998e-05,28.671066284179688,4.196342468261719,6.278663635253906,242.80014038085935,0.00010871788254,10.61341953277588,2.026084899902344,2.414745330810547,268.3144226074219,0.0003468948416411,6.505359649658203,4.412750244140625,8.539810180664062,284.5667724609375,0.0046261325478553,38.32470703125,4.298599243164063,10.017570495605469,290.69537353515625,0.0124596869572997,84.19384002685547,5.300360498949885e-05,6.257639597606612e-06,2.54861068725586,3.4290566444396973,7.746209621429443,6.534035492222756e-05,4.628343594959006e-05,54.491729736328125,2.54861068725586
IBT_2016263N13333_2016092306,2016263N13333,LISA,2016-09-23 06:00:00,2016-09-23,2016,9,6,,TS,21.5,324.6000061035156,35.0,1007.0,IBTRACS_ERA5,OBS,1,21.5,324.6000061035156,2016263N13333,LISA,0.0,test,-0.5792810855100103,0.8151278574373128,-1.0,-1.8369701987210294e-16,8.594806671142578,12.55154800415039,219.6449279785156,2.734788358793594e-05,20.846818923950195,10.99834442138672,8.179054260253906,242.40548706054688,0.0001353686093352,13.719679832458496,2.273887634277344,2.790966033935547,269.0506286621094,0.0017096358351409,30.32631492614746,-5.864593505859375,9.845230102539062,282.5780029296875,0.0078985467553138,74.7896957397461,-9.823593139648438,9.478019714355469,289.65533447265625,0.0127938902005553,92.39704895019533,6.534035492222756e-05,2.003296140173916e-05,18.67308235168457,1.2357704639434814,8.568964004516602,6.534035492222756e-05,4.628343594959006e-05,55.2314682006836,2.54861068725586
IBT_2016263N13333_2016092312,2016263N13333,LISA,2016-09-23 12:00:00,2016-09-23,2016,9,12,,TS,22.0,324.1000061035156,35.0,1008.0,IBTRACS_ERA5,OBS,1,22.0,324.1000061035156,2016263N13333,LISA,0.0,test,-0.586372270444931,0.810041702909953,-1.0,-1.8369701987210294e-16,8.594806671142578,12.55154800415039,219.6449279785156,2.734788358793594e-05,20.846818923950195,10.99834442138672,8.179054260253906,242.40548706054688,0.0001353686093352,13.719679832458496,2.273887634277344,2.790966033935547,269.0506286621094,0.0017096358351409,30.32631492614746,-5.864593505859375,9.845230102539062,282.5780029296875,0.0078985467553138,74.7896957397461,-9.823593139648438,9.478019714355469,289.65533447265625,0.0127938902005553,92.39704895019533,6.534035492222756e-05,2.003296140173916e-05,18.67308235168457,1.2357704639434814,8.568964004516602,6.534035492222756e-05,4.628343594959006e-05,55.2314682006836,2.54861068725586
IBT_2016263N13333_2016092318,2016263N13333,LISA,2016-09-23 18:00:00,2016-09-23,2016,9,18,,TS,22.399999618530277,323.70001220703125,35.0,1009.0,IBTRACS_ERA5,OBS,1,22.399999618530277,323.70001220703125,2016263N13333,LISA,0.0,test,-0.5920130070938585,0.8059284083786147,-1.0,-1.8369701987210294e-16,14.203693389892578,15.95572280883789,219.62759399414065,2.292340286658145e-05,17.5102596282959,15.40215301513672,8.001197814941406,241.78689575195312,0.0001206462620757,12.970776557922363,3.626304626464844,0.2581291198730469,267.6182556152344,0.0003431248478591,6.784265041351318,-4.877655029296875,-6.6978607177734375,283.0484619140625,0.0068677589297294,62.99467086791992,-8.079879760742188,-7.776863098144531,289.65643310546875,0.0122312819585204,88.32769775390625,4.7393950808327645e-05,1.2949006304552311e-05,32.554466247558594,4.054923057556152,1.948065161705017,6.534035492222756e-05,4.628343594959006e-05,47.71635437011719,2.54861068725586
NEG_20160923_00700,,,2016-09-23 00:00:00,2016-09-23,2016,9,0,,BG,22.5,,,,IBTRACS_ERA5,OBS,0,22.5,0.0,,,3591.7913135183294,test,0.0,1.0,-1.0,-1.8369701987210294e-16,13.129474639892578,2.63479995727539,221.45681762695312,1.6548732673982158e-05,10.185126304626465,5.272026062011719,4.278175354003906,239.9952087402344,0.0001321462332271,16.88789176940918,-7.130165100097656,-1.3635749816894531,264.3805847167969,0.0010271477513015,26.078754425048828,-8.793304443359375,-0.2826995849609375,286.3045654296875,0.0033167973160743,24.48842430114746,-5.1598968505859375,1.9238204956054688,301.97540283203125,0.0030789291486144,10.41910171508789,1.3027804016019218e-05,-2.3246380806085654e-05,18.303186416625977,-0.5363731384277344,1.438104271888733,1.4764565094083082e-05,9.139532266999597e-06,35.51762390136719,1.0140302181243896
NEG_20160923_02935,,,2016-09-23 00:00:00,2016-09-23,2016,9,0,,BG,5.0,,,,IBTRACS_ERA5,OBS,0,5.0,265.0,,,4087.103106830216,test,-0.9961946980917455,-0.0871557427476582,-1.0,-1.8369701987210294e-16,-9.602458953857422,-4.700893402099609,219.20816040039065,5.6117369240382686e-05,45.06884765625,-6.576606750488281,0.0179214477539062,242.78305053710935,0.0002622445463202,25.64272117614746,-2.720985412597656,3.078319549560547,266.9770202636719,0.0020555811934173,42.68401336669922,0.526031494140625,0.9421539306640624,283.6278076171875,0.003284253180027,28.97279930114746,0.9404449462890624,0.0834884643554687,289.75982666015625,0.0130161559209227,93.3741683959961,-4.049098151881481e-06,6.35480364508112e-06,11.577699661254885,-3.4867148399353027,-0.1158020049333572,2.410747947578784e-05,1.0578711226116866e-05,53.82941436767578,0.5321824550628662
NEG_20160923_03991,,,2016-09-23 00:00:00,2016-09-23,2016,9,0,,BG,2.5,,,,IBTRACS_ERA5,OBS,0,2.5,322.5,,,2066.797041385631,test,-0.608761429008721,0.7933533402912349,-1.0,-1.8369701987210294e-16,6.654743194580078,2.50052261352539,220.33663940429688,2.2634692868450657e-05,15.893197059631348,-14.93671417236328,1.2552261352539062,241.97854614257807,0.0002181780873797,23.030744552612305,-10.632972717285156,-3.826953887939453,266.5129699707031,0.0034568714909255,74.38471984863281,-7.978607177734375,-0.4088592529296875,282.0157470703125,0.0036235377192497,35.64436721801758,-6.6502532958984375,-1.3389968872070312,290.88873291015625,0.0067751919850707,45.22187805175781,-7.162596830312396e-06,-2.019997964453069e-06,13.847918510437012,-6.708760738372803,-0.3638122677803039,1.155748304881854e-05,1.252256151929032e-05,45.02814865112305,4.631717205047607
IBT_2016257N13341_2016092400,2016257N13341,KARL,2016-09-24 00:00:00,2016-09-24,2016,9,0,,TS,30.299999237060547,294.70001220703125,55.0,990.0,IBTRACS_ERA5,OBS,1,30.299999237060547,294.70001220703125,2016257N13341,KARL,0.0,test,-0.9085080884989148,0.4178672673613573,-1.0,-1.8369701987210294e-16,6.494258880615234,10.738971710205078,221.08892822265625,6.773964560125023e-05,43.52790069580078,10.233718872070312,15.167343139648438,243.44943237304688,0.0001641123380977,15.067970275878906,12.254165649414062,2.7950172424316406,270.5052490234375,0.00359763414599,57.22985076904297,15.760616302490234,-2.3234939575195312,284.2411804199219,0.0084244655445218,71.32566833496094,16.49468231201172,-4.39349365234375,291.77264404296875,0.013211203739047,83.37252807617188,6.875555118313059e-05,5.39719476364553e-05,18.138357162475582,12.247488021850586,4.396868705749512,8.824223186820745e-05,5.39719476364553e-05,64.85826873779297,8.52554702758789
IBT_2016257N13341_2016092406,2016257N13341,KARL,2016-09-24 06:00:00,2016-09-24,2016,9,6,,TS,31.5,295.20001220703125,55.0,990.0,IBTRACS_ERA5,OBS,1,31.5,295.20001220703125,2016257N13341,KARL,0.0,test,-0.9048269617524916,0.425779484341079,-1.0,-1.8369701987210294e-16,9.690303802490234,11.019489288330078,221.20294189453125,6.622950604651123e-05,41.99195861816406,7.931716918945312,9.503768920898438,244.39425659179688,0.0005265309009701,44.24424743652344,-1.9782562255859373,-2.67788314819336,268.9765625,0.0038830656558275,69.26512145996094,-2.1951942443847656,-9.269294738769531,283.6144714355469,0.0079202698543667,69.93309783935547,-3.490669250488281,-10.28839111328125,291.4877319335937,0.0125603806227445,80.70759582519531,6.801138079026714e-05,4.58378235634882e-05,25.05521583557129,1.9915802478790283,-0.3424621522426605,8.824223186820745e-05,5.39719476364553e-05,65.12422943115234,8.52554702758789
IBT_2016257N13341_2016092412,2016257N13341,KARL,2016-09-24 12:00:00,2016-09-24,2016,9,12,,TS,32.20000076293945,296.70001220703125,55.0,994.0,IBTRACS_ERA5,OBS,1,32.20000076293945,296.70001220703125,2016257N13341,KARL,0.0,test,-0.8933712925991072,0.4493191889512402,-1.0,-1.8369701987210294e-16,10.694454193115234,7.004108428955078,221.0423583984375,8.937566599342972e-05,57.74566268920898,15.002273559570312,12.131332397460938,243.52279663085935,0.0004248211917001,38.736446380615234,6.1488189697265625,9.98532485961914,269.5870361328125,0.003515267977491,59.89128494262695,1.4056358337402344,8.997917175292969,284.1023864746094,0.0085443295538425,73.01524353027344,1.2761764526367188,9.2703857421875,291.85650634765625,0.0133483540266752,83.79273223876953,8.824223186820745e-05,5.02538459841162e-05,9.687103271484377,6.9054718017578125,9.477813720703123,8.824223186820745e-05,5.39719476364553e-05,68.43209838867188,8.52554702758789
IBT_2016257N13341_2016092418,2016257N13341,KARL,2016-09-24 18:00:00,2016-09-24,2016,9,18,,TS,32.900001525878906,298.5,55.0,994.0,IBTRACS_ERA5,OBS,1,32.900001525878906,298.5,2016257N13341,KARL,0.0,test,-0.8788171126619654,0.4771587602596083,-1.0,-1.8369701987210294e-16,10.694454193115234,7.004108428955078,221.0423583984375,8.937566599342972e-05,57.74566268920898,15.002273559570312,12.131332397460938,243.52279663085935,0.0004248211917001,38.736446380615234,6.1488189697265625,9.98532485961914,269.5870361328125,0.003515267977491,59.89128494262695,1.4056358337402344,8.997917175292969,284.1023864746094,0.0085443295538425,73.01524353027344,1.2761764526367188,9.2703857421875,291.85650634765625,0.0133483540266752,83.79273223876953,8.824223186820745e-05,5.02538459841162e-05,9.687103271484377,6.9054718017578125,9.477813720703123,8.824223186820745e-05,5.39719476364553e-05,68.43209838867188,8.52554702758789
IBT_2016263N13333_2016092400,2016263N13333,LISA,2016-09-24 00:00:00,2016-09-24,2016,9,0,,TS,22.899999618530277,323.20001220703125,35.0,1009.0,IBTRACS_ERA5,OBS,1,22.899999618530277,323.20001220703125,2016263N13333,LISA,0.0,test,-0.5990234279174419,0.8007314985724224,-1.0,-1.8369701987210294e-16,8.819576263427734,7.754474639892578,218.49688720703125,4.1216975660063326e-05,36.05672073364258,10.673294067382812,5.6758880615234375,241.8160095214844,0.0001408367243129,15.099359512329102,3.6690826416015625,1.7879371643066406,268.39068603515625,0.000169428254594,3.159003496170044,4.622188568115234,9.178703308105469,284.0146179199219,0.003573362249881,30.71599006652832,1.2742233276367188,4.847900390625,292.02423095703125,0.0106149446219205,65.93199920654297,5.197520658839494e-05,1.033327862387523e-05,8.085822105407715,5.811673164367676,5.848980903625488,5.8115696447202936e-05,4.735649417852983e-05,45.30385208129883,4.368489265441895
IBT_2016263N13333_2016092406,2016263N13333,LISA,2016-09-24 06:00:00,2016-09-24,2016,9,6,,TS,23.600000381469727,322.6000061035156,40.0,1007.0,IBTRACS_ERA5,OBS,1,23.600000381469727,322.6000061035156,2016263N13333,LISA,0.0,test,-0.6073757550971193,0.7944146852370015,-1.0,-1.8369701987210294e-16,8.819576263427734,7.754474639892578,218.49688720703125,4.1216975660063326e-05,36.05672073364258,10.673294067382812,5.6758880615234375,241.8160095214844,0.0001408367243129,15.099359512329102,3.6690826416015625,1.7879371643066406,268.39068603515625,0.000169428254594,3.159003496170044,4.622188568115234,9.178703308105469,284.0146179199219,0.003573362249881,30.71599006652832,1.2742233276367188,4.847900390625,292.02423095703125,0.0106149446219205,65.93199920654297,5.197520658839494e-05,1.033327862387523e-05,8.085822105407715,5.811673164367676,5.848980903625488,5.8115696447202936e-05,4.735649417852983e-05,45.30385208129883,4.368489265441895
IBT_2016263N13333_2016092412,2016263N13333,LISA,2016-09-24 12:00:00,2016-09-24,2016,9,12,,TS,24.399999618530277,321.8999938964844,40.0,1007.0,IBTRACS_ERA5,OBS,1,24.399999618530277,321.8999938964844,2016263N13333,LISA,0.0,test,-0.6170359589701342,0.7869349562306956,-1.0,-1.8369701987210294e-16,15.337520599365234,7.171344757080078,218.50213623046875,4.447520768735558e-05,38.88239669799805,13.613601684570312,3.116073608398437,241.5782165527344,0.0002389198925811,26.204906463623047,-0.6628265380859375,1.8213844299316408,267.823974609375,0.0036605913192033,71.25222778320312,-5.392704010009766,5.524528503417969,282.2030944824219,0.0068001192994415,66.04619598388672,-12.01898956298828,4.62115478515625,289.5673217773437,0.0122912656515836,89.27013397216797,5.8115696447202936e-05,3.9497575926361606e-05,27.47511863708496,2.1753203868865967,4.450897216796875,5.8115696447202936e-05,4.735649417852983e-05,43.96678161621094,4.368489265441895
IBT_2016263N13333_2016092418,2016263N13333,LISA,2016-09-24 18:00:00,2016-09-24,2016,9,18,,TS,24.899999618530277,320.79998779296875,35.0,1009.0,IBTRACS_ERA5,OBS,1,24.899999618530277,320.79998779296875,2016263N13333,LISA,0.0,test,-0.6320294677689976,0.774944354048494,-1.0,-1.8369701987210294e-16,15.289669036865234,5.973346710205078,218.37774658203125,4.703261947724968e-05,41.74037170410156,8.406570434570312,0.2464447021484375,240.83395385742188,6.18829217273742e-05,7.291077136993408,-5.0422210693359375,-4.237209320068359,267.7769775390625,0.0002024343266384,3.95443606376648,-7.515750885009766,-5.835456848144531,282.8041687011719,0.0056340140290558,52.53751373291016,-10.15619659423828,-7.12615966796875,289.16424560546875,0.0117740165442228,87.75922393798828,3.354536238475703e-05,1.6804086044430733e-05,28.619733810424805,0.1964141875505447,-2.1958069801330566,5.8115696447202936e-05,4.735649417852983e-05,36.26388168334961,3.740806579589844
NEG_20160924_00835,,,2016-09-24 00:00:00,2016-09-24,2016,9,0,,BG,15.0,,,,IBTRACS_ERA5,OBS,0,15.0,285.0,,,1968.717034724487,test,-0.9659258262890684,0.2588190451025203,-1.0,-1.8369701987210294e-16,8.760860443115234,-1.625774383544922,218.99249267578125,3.266790008638054e-05,26.92337989807129,8.201980590820312,0.0589447021484375,241.28195190429688,0.0003402589645702,38.39634704589844,-5.8464202880859375,0.9092750549316406,267.4007568359375,0.0007797351572662,15.67483901977539,-7.359989166259766,2.1628341674804688,283.5131530761719,0.0048001450486481,42.673072814941406,-9.08344268798828,1.06036376953125,292.56756591796875,0.010083032771945,60.5208854675293,-4.116328000236536e-06,-1.176801379187964e-05,18.045345306396484,-1.065402269363403,0.5131286382675171,2.613041397125926e-05,3.852714598906459e-06,49.71770477294922,0.7434694766998291
NEG_20160924_01044,,,2016-09-24 00:00:00,2016-09-24,2016,9,0,,BG,20.0,,,,IBTRACS_ERA5,OBS,0,20.0,7.5,,,4579.302415155036,test,0.1305261922200515,0.9914448613738104,-1.0,-1.8369701987210294e-16,1.5704307556152344,4.225788116455078,220.73687744140625,2.9662991437362507e-05,19.86664581298828,-0.3370819091796875,6.4224700927734375,241.81295776367188,0.000208912679227,22.40443992614746,-3.364486694335937,1.6070289611816406,263.1265869140625,0.0022195300552994,62.19694519042969,-4.601688385009766,-1.1064529418945312,285.8893737792969,0.0035058301873505,26.60269546508789,-6.628608703613281,-1.23529052734375,301.6771850585937,0.0032483465038239,11.187915802001951,-2.869593572540907e-06,-1.1854681361000983e-05,9.851275444030762,-2.6722869873046875,1.9827086925506592,1.5960064047249034e-05,4.1491675801808015e-06,33.58761215209961,3.8525214195251465
IBT_2016257N13341_2016092500,2016257N13341,KARL,2016-09-25 00:00:00,2016-09-25,2016,9,0,,TS,33.79999923706055,300.70001220703125,55.0,992.0,IBTRACS_ERA5,OBS,1,33.79999923706055,300.70001220703125,2016257N13341,KARL,0.0,test,-0.8598521628242111,0.5105431011056035,-1.0,-1.8369701987210294e-16,24.921276092529297,15.122135162353516,220.75973510742188,4.30701911682263e-05,28.76847076416016,26.108966827392575,7.685459136962891,241.85549926757807,8.828004501992837e-05,9.428990364074709,18.417972564697266,-3.5882568359375,268.45233154296875,0.0004214916552882,7.822150707244873,13.35409164428711,-7.316249847412109,281.9062194824219,0.0030302484519779,30.03108787536621,7.268459320068359,-9.462898254394531,288.04705810546875,0.009183564223349,73.57927703857422,2.891972690122202e-05,-6.852000296930783e-06,30.26624870300293,18.0141544342041,0.4880378842353821,4.037721737404354e-05,3.6858138628304005e-05,45.15385818481445,8.781510353088379
IBT_2016257N13341_2016092506,2016257N13341,KARL,2016-09-25 06:00:00,2016-09-25,2016,9,6,,TS,35.79999923706055,304.8999938964844,60.0,990.0,IBTRACS_ERA5,OBS,1,35.79999923706055,304.8999938964844,2016257N13341,KARL,0.0,test,-0.8201519368224326,0.5721457860776504,-1.0,-1.8369701987210294e-16,20.013561248779297,12.112857818603516,220.68478393554688,7.586671563331038e-05,51.12434387207031,26.496173858642575,10.80948257446289,243.44998168945312,0.0002829488075803,25.97759246826172,20.850589752197266,7.6373291015625,268.9530639648437,0.0013819907326251,24.695301055908203,18.70614242553711,6.969882965087891,283.8739929199219,0.0050283749587833,43.63220977783203,14.83291244506836,4.605461120605469,290.45037841796875,0.0112100029364228,76.94196319580078,3.740396277862601e-05,-3.80150322598638e-06,9.121410369873049,20.17987632751465,8.427002906799316,4.5753356971545145e-05,2.83645567833446e-05,50.01705551147461,2.2640628814697266
IBT_2016263N13333_2016092500,2016263N13333,LISA,2016-09-25 00:00:00,2016-09-25,2016,9,0,,TS,25.399999618530277,319.6000061035156,30.0,1011.0,IBTRACS_ERA5,OBS,1,25.399999618530277,319.6000061035156,2016263N13333,LISA,0.0,test,-0.6481198199391595,0.7615383765786407,-1.0,-1.8369701987210294e-16,10.380748748779297,1.7114906311035156,218.36642456054688,2.712594869080931e-05,24.106603622436523,10.312091827392578,-2.0635643005371094,240.31033325195312,0.0001576821960043,19.54375267028809,-1.0639610290527344,-0.2005615234375,268.05633544921875,0.0002251241821795,4.305252552032471,5.500087738037109,10.75406265258789,283.0175476074219,0.0042918999679386,39.44973373413086,0.5399436950683594,8.191398620605469,291.06903076171875,0.0104670906439423,69.06761932373047,2.3018292267806828e-05,-2.8503827707027085e-06,11.782642364501951,5.133782386779785,3.678565263748169,3.1468280212720856e-05,3.4435655834386125e-05,45.71404266357422,5.351519584655762
IBT_2016263N13333_2016092506,2016263N13333,LISA,2016-09-25 06:00:00,2016-09-25,2016,9,6,,DS,26.5,318.6000061035156,30.0,1011.0,IBTRACS_ERA5,OBS,1,26.5,318.6000061035156,2016263N13333,LISA,0.0,test,-0.661311785416984,0.750111140077656,-1.0,-1.8369701987210294e-16,8.474376678466797,1.2155189514160156,217.98208618164065,2.622116880957037e-05,24.41245651245117,6.111774444580078,1.8104591369628904,239.63211059570312,0.0001252833462785,16.587560653686523,-2.4525108337402344,1.2950439453125,268.89337158203125,0.0005575169343501,10.007420539855955,-2.71976089477539,3.49051284790039,282.2196960449219,0.0066707958467304,64.71717071533203,-3.7737770080566406,2.0914230346679688,289.56451416015625,0.0126719260588288,92.05142974853516,3.1468280212720856e-05,-1.175813486042898e-05,12.279433250427246,1.1280205249786377,1.9805915355682373,3.1468280212720856e-05,2.219150155724492e-05,34.356136322021484,5.351519584655762
IBT_2016263N13333_2016092512,2016263N13333,LISA,2016-09-25 12:00:00,2016-09-25,2016,9,12,,DS,27.600000381469727,317.5,30.0,1012.0,IBTRACS_ERA5,OBS,1,27.600000381469727,317.5,2016263N13333,LISA,0.0,test,-0.6755902076156605,0.7372773368101239,-1.0,-1.8369701987210294e-16,8.474376678466797,1.2155189514160156,217.98208618164065,2.622116880957037e-05,24.41245651245117,6.111774444580078,1.8104591369628904,239.63211059570312,0.0001252833462785,16.587560653686523,-2.4525108337402344,1.2950439453125,268.89337158203125,0.0005575169343501,10.007420539855955,-2.71976089477539,3.49051284790039,282.2196960449219,0.0066707958467304,64.71717071533203,-3.7737770080566406,2.0914230346679688,289.56451416015625,0.0126719260588288,92.05142974853516,3.1468280212720856e-05,-1.175813486042898e-05,12.279433250427246,1.1280205249786377,1.9805915355682373,3.1468280212720856e-05,2.219150155724492e-05,34.356136322021484,5.351519584655762
IBT_2016263N13333_2016092518,2016263N13333,LISA,2016-09-25 18:00:00,2016-09-25,2016,9,18,,DS,28.899999618530277,317.5,35.0,1013.0,IBTRACS_ERA5,OBS,1,28.899999618530277,317.5,2016263N13333,LISA,0.0,test,-0.6755902076156605,0.7372773368101239,-1.0,-1.8369701987210294e-16,-7.027698516845703,0.4998207092285156,218.15475463867188,2.4039080017246303e-05,21.9173583984375,-5.426433563232422,1.0580177307128906,239.0604553222656,8.03936054580845e-05,11.256776809692385,-1.8007774353027344,1.7513427734375,268.34930419921875,0.0009978387970477,18.66319465637207,-3.14566421508789,5.368076324462891,282.0207214355469,0.0054706712253391,53.796234130859375,-5.156833648681641,5.513664245605469,289.01824951171875,0.0113500142470002,85.39854431152344,1.4119214029051363e-06,-2.055776712950319e-05,5.351519584655762,-4.511481285095215,2.838184356689453,3.1468280212720856e-05,2.219150155724492e-05,31.975385665893555,5.351519584655762
NEG_20160925_03570,,,2016-09-25 00:00:00,2016-09-25,2016,9,0,,BG,2.5,,,,IBTRACS_ERA5,OBS,0,2.5,7.5,,,5716.446533654168,test,0.1305261922200515,0.9914448613738104,-1.0,-1.8369701987210294e-16,-10.035144805908203,1.4586830139160156,219.56417846679688,6.838842818979174e-05,52.6357650756836,-5.618450164794922,-1.3172264099121094,242.00485229492188,0.0006569288671016,69.17103576660156,-0.5074424743652344,-3.5501708984375,267.30908203125,0.0042002322152256,85.02960205078125,-1.6374855041503906,-2.5796775817871094,282.0425720214844,0.0079445922747254,78.00778198242188,3.7763938903808594,0.2775802612304687,290.12310791015625,0.0123413288965821,86.49694061279297,8.644531135360013e-08,-3.1660949844081188e-06,13.861948013305664,-2.8044257164001465,-1.1421623229980469,2.095093805110082e-05,2.006647082453128e-05,72.48870849609375,2.196173429489136
NEG_20160925_03816,,,2016-09-25 00:00:00,2016-09-25,2016,9,0,,BG,27.5,,,,IBTRACS_ERA5,OBS,0,27.5,15.0,,,5473.863352361568,test,0.2588190451025207,0.9659258262890684,-1.0,-1.8369701987210294e-16,22.932506561279297,8.480045318603516,221.08981323242188,1.568558218423277e-05,10.078136444091797,20.017902374267575,7.377841949462891,239.31619262695312,0.0001697186089586,23.175722122192383,10.575931549072266,-3.2091064453125,265.80157470703125,0.0007828001398593,17.794343948364258,7.458339691162109,-4.737148284912109,281.2421569824219,0.0041213710792362,42.73697280883789,-3.1304664611816406,-0.1469802856445312,292.54461669921875,0.0071361446753144,42.894779205322266,-1.909330603666604e-05,-1.8322185496799648e-05,27.453672409057617,11.570842742919922,1.552930474281311,5.907854301767657e-06,1.5757417713757604e-05,44.44398498535156,14.62161922454834
IBT_2016263N13333_2016092600,2016263N13333,LISA,2016-09-26 00:00:00,2016-09-26,2016,9,0,,DS,29.799999237060547,317.8999938964844,40.0,1014.0,IBTRACS_ERA5,OBS,1,29.799999237060547,317.8999938964844,2016263N13333,LISA,0.0,test,-0.6704266979988428,0.7419757695574488,-1.0,-1.8369701987210294e-16,9.06351089477539,3.8465538024902335,217.54495239257807,3.584583828342147e-05,35.19514083862305,11.10434341430664,4.263622283935547,238.76939392089844,0.0002016914659179,29.060630798339844,2.2120094299316406,4.161003112792969,267.2301025390625,0.0010112330783158,20.59537506103516,3.69451904296875,2.553695678710937,281.5022888183594,0.0059150732122361,60.2567138671875,5.501304626464844,0.8153800964355469,289.7545471191406,0.009514233097434,68.27550506591797,9.571767805027775e-06,-8.248059202742297e-06,4.67732048034668,6.3151373863220215,3.1280510425567627,1.9126759070786647e-05,2.380945807090029e-05,44.575626373291016,1.930804252624512
IBT_2016263N13333_2016092606,2016263N13333,LISA,2016-09-26 06:00:00,2016-09-26,2016,9,6,,DS,30.600000381469727,318.79998779296875,40.0,1014.0,IBTRACS_ERA5,OBS,1,30.600000381469727,318.79998779296875,2016263N13333,LISA,0.0,test,-0.6586896204228343,0.752414768560016,-1.0,-1.8369701987210294e-16,5.473667144775391,1.4771690368652344,217.36453247070312,4.688480476033874e-05,47.05818176269531,4.965427398681641,-1.1025886535644531,239.0195159912109,0.0001867232494987,26.250438690185547,2.4358863830566406,1.3450851440429688,266.641357421875,0.0018353865016251,39.10588455200195,5.37615966796875,5.7575531005859375,281.5115661621094,0.005063650663942,51.55064392089844,6.349205017089844,8.655223846435547,289.4085998535156,0.0115111675113439,84.46144104003906,1.5298357538995333e-05,7.254807314893696e-07,7.23125410079956,4.920069217681885,3.2264885902404785,1.9126759070786647e-05,3.193685915903188e-05,46.59098052978516,2.724794864654541
IBT_2016263N13333_2016092612,2016263N13333,LISA,2016-09-26 12:00:00,2016-09-26,2016,9,12,,DS,31.600000381469727,319.5,40.0,1014.0,IBTRACS_ERA5,OBS,1,31.600000381469727,319.5,2016263N13333,LISA,0.0,test,-0.6494480483301834,0.760405965600031,-1.0,-1.8369701987210294e-16,-0.4540672302246094,6.841915130615234,217.79885864257807,2.985091487062164e-05,28.41711807250977,-0.4142112731933594,5.357860565185547,238.8657073974609,0.0001116884377552,15.940813064575195,0.3428688049316406,4.117546081542969,266.74072265625,0.0007493601297028,15.844958305358888,1.38372802734375,5.5424652099609375,281.7496032714844,0.005739030893892,57.48590850830078,2.894126892089844,7.466259002685547,289.5079650878906,0.0120891537517309,88.13762664794922,1.9126759070786647e-05,3.412761316212709e-06,3.4059078693389893,0.7504890561103821,5.865209102630615,1.9126759070786647e-05,3.193685915903188e-05,45.7933349609375,2.724794864654541
IBT_2016273N13300_2016092812,2016273N13300,MATTHEW,2016-09-28 12:00:00,2016-09-28,2016,9,12,,TS,13.399999618530272,300.20001220703125,50.0,1009.0,IBTRACS_ERA5,OBS,1,13.399999618530272,300.20001220703125,2016273N13300,MATTHEW,0.0,test,-0.8642746947838331,0.5030201307664656,-1.0,-1.8369701987210294e-16,-9.820636749267578,2.7171363830566406,220.9213714599609,9.08776419237256e-05,59.55709838867188,-1.7168235778808594,1.3581924438476562,243.06509399414065,0.0004497212939895,42.81609725952149,-3.884311676025391,-1.6637115478515625,268.8565673828125,0.0033563948236405,60.41473388671875,-4.446361541748047,-1.173004150390625,283.7204284667969,0.0089070750400424,78.08869934082031,-3.623394012451172,-0.6661262512207031,291.32977294921875,0.0137785607948899,89.42601776123047,5.245970169198699e-05,2.4542796381865628e-05,7.060615062713623,-4.698305606842041,0.1144973784685134,5.245970169198699e-05,3.594005829654634e-05,60.0805778503418,0.4005034565925598
IBT_2016273N13300_2016092818,2016273N13300,MATTHEW,2016-09-28 18:00:00,2016-09-28,2016,9,18,,TS,13.600000381469728,298.79998779296875,50.0,1008.0,IBTRACS_ERA5,OBS,1,13.600000381469728,298.79998779296875,2016273N13300,MATTHEW,0.0,test,-0.8763067826828551,0.4817534874020356,-1.0,-1.8369701987210294e-16,-9.820636749267578,2.7171363830566406,220.9213714599609,9.08776419237256e-05,59.55709838867188,-1.7168235778808594,1.3581924438476562,243.06509399414065,0.0004497212939895,42.81609725952149,-3.884311676025391,-1.6637115478515625,268.8565673828125,0.0033563948236405,60.41473388671875,-4.446361541748047,-1.173004150390625,283.7204284667969,0.0089070750400424,78.08869934082031,-3.623394012451172,-0.6661262512207031,291.32977294921875,0.0137785607948899,89.42601776123047,5.245970169198699e-05,2.4542796381865628e-05,7.060615062713623,-4.698305606842041,0.1144973784685134,5.245970169198699e-05,3.594005829654634e-05,60.0805778503418,0.4005034565925598
NEG_20160928_02564,,,2016-09-28 00:00:00,2016-09-28,2016,9,0,,BG,42.5,,,,IBTRACS_ERA5,OBS,0,42.5,297.5,,,3215.9639795567887,test,-0.8870108331782216,0.4617486132350341,-1.0,-1.8369701987210294e-16,52.49442672729492,14.96677017211914,215.5809783935547,4.414387512952089e-05,55.20372009277344,34.85715103149414,13.504432678222656,236.68630981445312,0.0004000129119958,70.89755249023438,16.66854476928711,7.536727905273437,261.8057861328125,0.002843854483217,88.52030944824219,14.165454864501951,6.113983154296875,275.5291442871094,0.0060697300359606,93.8286590576172,12.588886260986328,9.245494842529297,283.8432006835937,0.0091507071629166,96.73577117919922,1.0376684258517344e-05,-3.4349457564530894e-05,40.31358337402344,26.15489196777344,10.273481369018556,4.88248115289025e-05,6.524897617055103e-05,52.67951202392578,18.911895751953125
NEG_20160928_03063,,,2016-09-28 00:00:00,2016-09-28,2016,9,0,,BG,5.0,,,,IBTRACS_ERA5,OBS,0,5.0,5.0,,,7155.835375715105,test,0.0871557427476581,0.9961946980917455,-1.0,-1.8369701987210294e-16,-0.6582832336425781,6.420993804931641,220.25999450683597,2.5651068426668644e-05,18.17534446716309,-2.82668685913086,-1.1354598999023438,241.04495239257807,0.000487972603878,56.33522415161133,-1.5051612854003906,-1.7992095947265625,267.4349365234375,0.0033464557491242,67.09774017333984,-4.347484588623047,-1.469635009765625,282.8544616699219,0.0081746531650424,75.97054290771484,-1.968120574951172,0.3285026550292969,290.51531982421875,0.01303815189749,89.11978912353516,2.619147608129424e-06,1.0427946108393373e-05,6.23170280456543,-2.2611472606658936,0.4690383970737457,1.0766150808194652e-05,1.413401241734391e-05,68.25238800048828,2.3282933235168457
NEG_20160928_03720,,,2016-09-28 00:00:00,2016-09-28,2016,9,0,,BG,10.0,,,,IBTRACS_ERA5,OBS,0,10.0,270.0,,,3158.2083647581603,test,-1.0,-1.8369701987210294e-16,-1.0,-1.8369701987210294e-16,-5.351154327392578,-8.31484603881836,219.60227966308597,3.915710840374231e-05,30.000953674316406,-7.230983734130859,-8.532920837402344,242.74172973632807,0.0003549722605384,34.84602737426758,-7.687778472900391,2.795516967773437,267.7266845703125,0.0037365383468568,73.2710952758789,-5.595043182373047,3.274993896484375,282.7665710449219,0.0078476024791598,73.36553955078125,-5.238628387451172,0.4911003112792969,291.44207763671875,0.0120665961876511,77.75936126708984,1.2397174032230396e-05,9.603638773114652e-09,8.806665420532227,-6.220717430114746,-2.0572311878204346,1.9760125724133104e-05,1.1579457350308076e-05,71.43285369873047,6.0656352043151855
IBT_2016273N13300_2016092900,2016273N13300,MATTHEW,2016-09-29 00:00:00,2016-09-29,2016,9,0,,TS,13.899999618530272,297.3999938964844,55.0,1004.0,IBTRACS_ERA5,OBS,1,13.899999618530272,297.3999938964844,2016273N13300,MATTHEW,0.0,test,-0.8878154341598427,0.4601996902080336,-1.0,-1.8369701987210294e-16,-5.561557769775391,1.2851066589355469,221.16363525390625,9.592478454578668e-05,61.10092544555664,-2.278236389160156,3.930328369140625,244.66722106933597,0.0009223444503732,75.55640411376953,-9.662521362304688,10.184577941894531,268.4136657714844,0.0049144523218274,91.47105407714844,-19.363658905029297,6.864887237548828,281.9601135253906,0.0089546525850892,88.41980743408203,-24.543399810791016,4.146827697753906,290.4339599609375,0.0112661346793174,77.4083023071289,3.781056875595823e-05,4.18434756284114e-05,19.196348190307617,-12.281874656677246,5.282345771789551,7.924415695015341e-05,6.661203224211931e-05,58.866302490234375,5.930344104766846
IBT_2016273N13300_2016092906,2016273N13300,MATTHEW,2016-09-29 06:00:00,2016-09-29,2016,9,6,,TS,14.0,296.0,55.0,1002.0,IBTRACS_ERA5,OBS,1,14.0,296.0,2016273N13300,MATTHEW,0.0,test,-0.898794046299167,0.4383711467890774,-1.0,-1.8369701987210294e-16,-8.83890151977539,1.8251457214355469,221.21759033203125,9.63359634624794e-05,60.97573852539063,3.077720642089844,-0.598480224609375,243.6288909912109,0.0006520373863168,58.86418151855469,-12.467697143554688,0.7934646606445312,269.2561950683594,0.0050609456375241,88.39508056640625,-20.629039764404297,0.7970161437988281,283.0445861816406,0.0094156051054596,86.38741302490234,-24.823917388916016,-2.1021957397460938,290.7249755859375,0.0123393163084983,83.2233657836914,6.437784759327769e-05,6.661203224211931e-05,16.460399627685547,-12.736367225646973,0.1429901123046875,7.924415695015341e-05,6.661203224211931e-05,59.61785507202149,1.1464035511016846
IBT_2016273N13300_2016092912,2016273N13300,MATTHEW,2016-09-29 12:00:00,2016-09-29,2016,9,12,,TS,14.100000381469728,294.5,60.0,995.0,IBTRACS_ERA5,OBS,1,14.100000381469728,294.5,2016273N13300,MATTHEW,0.0,test,-0.9099612708765432,0.4146932426562389,-1.0,-1.8369701987210294e-16,-8.83890151977539,1.8251457214355469,221.21759033203125,9.63359634624794e-05,60.97573852539063,3.077720642089844,-0.598480224609375,243.6288909912109,0.0006520373863168,58.86418151855469,-12.467697143554688,0.7934646606445312,269.2561950683594,0.0050609456375241,88.39508056640625,-20.629039764404297,0.7970161437988281,283.0445861816406,0.0094156051054596,86.38741302490234,-24.823917388916016,-2.1021957397460938,290.7249755859375,0.0123393163084983,83.2233657836914,6.437784759327769e-05,6.661203224211931e-05,16.460399627685547,-12.736367225646973,0.1429901123046875,7.924415695015341e-05,6.661203224211931e-05,59.61785507202149,1.1464035511016846
IBT_2016273N13300_2016092918,2016273N13300,MATTHEW,2016-09-29 18:00:00,2016-09-29,2016,9,18,,TS,14.199999809265137,293.1000061035156,65.0,993.0,IBTRACS_ERA5,OBS,1,14.199999809265137,293.1000061035156,2016273N13300,MATTHEW,0.0,test,-0.9198214555274548,0.3923372145888718,-1.0,-1.8369701987210294e-16,-8.25857925415039,8.526073455810547,221.71405029296875,8.974965021479875e-05,53.602500915527344,2.788902282714844,1.857330322265625,243.4452972412109,0.0004724821192212,43.39784622192383,-10.771652221679688,-8.818107604980469,269.3317565917969,0.0033735232427716,58.58857345581055,-19.087047576904297,-9.347270965576172,283.5550842285156,0.0089258635416626,79.12721252441406,-19.308292388916016,-9.161033630371094,291.3057861328125,0.0123917683959007,80.5478744506836,3.687902062665671e-05,2.898742604884319e-05,20.85497283935547,-10.92733383178711,-3.388601779937744,7.924415695015341e-05,6.661203224211931e-05,57.94707489013672,1.1464035511016846
IBT_2016273N13300_2016093000,2016273N13300,MATTHEW,2016-09-30 00:00:00,2016-09-30,2016,9,0,,TS,14.199999809265137,291.8999938964844,70.0,987.0,IBTRACS_ERA5,OBS,1,14.199999809265137,291.8999938964844,2016273N13300,MATTHEW,0.0,test,-0.9278362936319768,0.3729876837367104,-1.0,-1.8369701987210294e-16,-1.5395240783691406,5.999744415283203,221.41526794433597,9.870341455098242e-05,61.04422378540039,-3.8783187866210938,6.138160705566406,244.5460662841797,0.0009251710725948,76.64845275878906,-10.502311706542969,7.532936096191406,268.70172119140625,0.0051390267908573,93.5896453857422,-14.063289642333984,9.896865844726562,282.69659423828125,0.0085702361539006,80.50125885009766,-22.28179168701172,6.103527069091797,290.9408569335937,0.0119418632239103,79.44364166259766,3.814930823864415e-05,4.90657112095505e-05,20.74252700805664,-10.453046798706056,7.134246826171875,8.653131226310506e-05,7.133297913242131e-05,67.22665405273438,5.349153518676758
IBT_2016273N13300_2016093006,2016273N13300,MATTHEW,2016-09-30 06:00:00,2016-09-30,2016,9,6,,TS,14.0,290.70001220703125,85.0,979.0,IBTRACS_ERA5,OBS,1,14.0,290.70001220703125,2016273N13300,MATTHEW,0.0,test,-0.9354439555210102,0.3534750430783003,-1.0,-1.8369701987210294e-16,-10.53342056274414,4.865222930908203,222.2607269287109,0.0001112827885663,62.36830139160156,-5.662010192871094,-2.5515365600585938,244.6083221435547,0.000802717055194,66.11858367919922,-13.410758972167969,-4.693870544433594,269.19659423828125,0.00472167506814,82.83989715576172,-20.039852142333984,-2.918319702148437,282.95196533203125,0.0087595703080296,80.8722152709961,-24.28643035888672,-5.264148712158203,291.13494873046875,0.0122339259833097,80.38884735107422,6.910801312187687e-05,7.133297913242131e-05,17.08067512512207,-14.786494255065918,-2.112530469894409,8.653131226310506e-05,7.133297913242131e-05,66.08393096923828,5.349153518676758
IBT_2016273N13300_2016093012,2016273N13300,MATTHEW,2016-09-30 12:00:00,2016-09-30,2016,9,12,,TS,13.800000190734863,289.6000061035156,100.0,968.0,IBTRACS_ERA5,OBS,1,13.800000190734863,289.6000061035156,2016273N13300,MATTHEW,0.0,test,-0.9420574170528286,0.3354516701042831,-1.0,-1.8369701987210294e-16,-10.53342056274414,4.865222930908203,222.2607269287109,0.0001112827885663,62.36830139160156,-5.662010192871094,-2.5515365600585938,244.6083221435547,0.000802717055194,66.11858367919922,-13.410758972167969,-4.693870544433594,269.19659423828125,0.00472167506814,82.83989715576172,-20.039852142333984,-2.918319702148437,282.95196533203125,0.0087595703080296,80.8722152709961,-24.28643035888672,-5.264148712158203,291.13494873046875,0.0122339259833097,80.38884735107422,6.910801312187687e-05,7.133297913242131e-05,17.08067512512207,-14.786494255065918,-2.112530469894409,8.653131226310506e-05,7.133297913242131e-05,66.08393096923828,5.349153518676758
IBT_2016273N13300_2016093018,2016273N13300,MATTHEW,2016-09-30 18:00:00,2016-09-30,2016,9,18,,TS,13.5,288.79998779296875,120.0,955.0,IBTRACS_ERA5,OBS,1,13.5,288.79998779296875,2016273N13300,MATTHEW,0.0,test,-0.9466493287753118,0.3222654935441454,-1.0,-1.8369701987210294e-16,1.0063743591308594,-1.1491813659667969,222.38121032714844,0.0001089698489522,60.225006103515625,7.136085510253906,-1.6811752319335938,243.5886688232422,0.0006141465855762,55.65364837646485,6.292610168457031,-2.1855697631835938,269.42559814453125,0.0038818009197711,66.94229125976562,7.133487701416016,3.1368560791015625,283.46905517578125,0.009823721833527,87.59173583984375,4.124458312988281,4.386974334716797,291.4164428710937,0.0139673482626676,90.15451049804688,8.653131226310506e-05,5.788143607787788e-05,6.353854656219482,5.138603210449219,0.5015808343887329,8.653131226310506e-05,7.133297913242131e-05,70.10179901123047,5.349153518676758
NEG_20160930_00655,,,2016-09-30 00:00:00,2016-09-30,2016,9,0,,BG,17.5,,,,IBTRACS_ERA5,OBS,0,17.5,345.0,,,5674.3894483268205,test,-0.2588190451025207,0.9659258262890684,-1.0,-1.8369701987210294e-16,10.67019271850586,-2.516857147216797,219.57591247558597,3.447475319262594e-05,26.49667739868164,7.071388244628906,-3.9966049194335938,241.7510223388672,0.0003450130170676,37.22015380859375,-4.589958190917969,1.8591079711914065,265.96710205078125,0.0030922184232622,69.39750671386719,-7.933895111083984,3.5345611572265625,282.34527587890625,0.0068614305928349,66.0019302368164,-1.6194381713867188,-0.8930549621582031,295.79705810546875,0.0090347658842802,44.363243103027344,-1.2234550013090484e-05,-1.386892927257577e-05,12.396441459655762,0.7196578979492188,-0.4025695919990539,2.029234019573778e-05,-1.011269205264398e-06,57.23625183105469,2.8696248531341557
NEG_20160930_03281,,,2016-09-30 00:00:00,2016-09-30,2016,9,0,,BG,25.0,,,,IBTRACS_ERA5,OBS,0,25.0,15.0,,,8664.646300010783,test,0.2588190451025207,0.9659258262890684,-1.0,-1.8369701987210294e-16,9.54812240600586,14.496082305908203,220.12913513183597,2.261529152747244e-05,16.2747802734375,8.583595275878906,7.298072814941406,240.2057342529297,0.0001084421746782,13.577889442443848,-1.1900558471679688,2.8866958618164062,267.31304931640625,0.0007161240209825,14.492836952209473,-13.159969329833984,-2.984237670898437,282.28985595703125,0.0035771252587437,34.53890609741211,-12.96709442138672,0.1728630065917968,293.24969482421875,0.0063062440603971,36.26627349853516,-2.9149799956940114e-05,-2.4526019842596725e-05,26.685007095336918,-1.8370803594589236,4.373895168304443,2.845637391146738e-05,3.7387164866231615e-06,35.033939361572266,7.494818210601807
NEG_20160930_03334,,,2016-09-30 00:00:00,2016-09-30,2016,9,0,,BG,32.5,,,,IBTRACS_ERA5,OBS,0,32.5,287.5,,,2082.5741024848803,test,-0.9537169507482268,0.3007057995042734,-1.0,-1.8369701987210294e-16,-3.7974586486816406,10.773426055908203,217.3953094482422,3.7650796002708375e-05,37.64829254150391,-1.2616195678710938,8.993141174316406,240.2900238037109,0.0004953768802806,61.52007293701172,2.0659255981445312,9.226417541503906,266.056640625,0.0033979977015405,75.73450469970703,3.680362701416016,9.105117797851562,280.9476928710937,0.0061316611245274,64.8774185180664,2.859809875488281,8.774913787841797,289.9926147460937,0.0100078713148832,70.73059844970703,-1.2639234228117855e-06,-1.0942814697045831e-05,6.950775146484375,0.7094039916992188,9.374603271484377,3.436754195718095e-05,9.853820301941596e-06,62.750858306884766,0.903282344341278
