sample_id,sid,name,time,date,year,month,hour,basin,nature,lat,lon,wind_kt,pres_hpa,source,experiment,label_tc,candidate_lat,candidate_lon,matched_sid,matched_name,label_distance_km,split,lon_sin,lon_cos,month_sin,month_cos,u_200,v_200,t_200,q_200,rh_200,u_300,v_300,t_300,q_300,rh_300,u_500,v_500,t_500,q_500,rh_500,u_700,v_700,t_700,q_700,rh_700,u_850,v_850,t_850,q_850,rh_850,zeta_850,zeta_500,wshear_850_200,steer_u_850_200,steer_v_850_200,zeta850_max_r500,zeta500_max_r500,rh700_mean_r500,shear_min_r500
IBT_2004214N30282_2004073118,2004214N30282,ALEX,2004-07-31 18:00:00,2004-07-31,2004,7,18,,TS,30.299999237060547,281.70001220703125,25.0,1010.0,IBTRACS_ERA5,OBS,1,30.299999237060547,281.70001220703125,2004214N30282,ALEX,0.0,train,-0.9792227674173248,0.2027875039827545,-0.4999999999999997,-0.8660254037844388,-3.501380920410156,3.623481750488281,218.48892211914065,6.890420627314597e-05,60.33555603027344,-5.91790771484375,1.0069122314453125,241.29513549804688,0.0005243985797278,59.10055923461914,-7.388217926025391,1.0802001953125,267.9361572265625,0.0034402145538479,66.39380645751953,-6.328441619873047,2.9418487548828125,282.5546264648437,0.0076193278655409,72.26009368896484,-6.169097900390625,3.488567352294922,290.1350402832031,0.0127435242757201,89.24765014648438,6.0276928707025945e-05,3.241524245822802e-05,2.671126365661621,-5.861009120941162,2.4282021522521973,6.0276928707025945e-05,3.2862571970326826e-05,66.67691802978516,2.671126365661621
NEG_20040731_00798,,,2004-07-31 00:00:00,2004-07-31,2004,7,0,,BG,30.0,,,,IBTRACS_ERA5,OBS,0,30.0,327.5,,,4372.879498216521,train,-0.5372996083468242,0.8433914458128855,-0.4999999999999997,-0.8660254037844388,-4.675697326660156,1.2306594848632812,218.34304809570312,1.9046781744691543e-05,16.974592208862305,-12.32049560546875,2.5869903564453125,239.28854370117188,0.0001211731578223,16.591520309448242,-5.819858551025391,4.0643310546875,264.4100341796875,0.0016570372972637,41.97446441650391,-2.372142791748047,1.0852813720703125,281.6010131835937,0.0062683289870619,63.42675018310547,-2.233062744140625,-1.036945343017578,292.9792785644531,0.0041545541025698,24.30034828186035,-6.739521722920472e-06,-4.396918484417256e-06,3.332941055297852,-5.484251499176025,1.5860633850097656,7.026137154753087e-06,4.73086693091318e-05,52.88174819946289,1.7841777801513672
NEG_20040731_01639,,,2004-07-31 00:00:00,2004-07-31,2004,7,0,,BG,0.0,,,,IBTRACS_ERA5,OBS,0,0.0,310.0,,,4505.411486587248,train,-0.7660444431189781,0.6427876096865393,-0.4999999999999997,-0.8660254037844388,-7.767982482910156,-3.3860397338867188,218.3021545410156,2.9648026611539532e-05,26.55341148376465,-8.02191162109375,-2.8600311279296875,240.38998413085935,0.0002438469527987,29.990833282470703,-12.18460464477539,-7.2947998046875,265.993896484375,0.0022588504943996,50.589725494384766,-9.041576385498049,2.0133819580078125,281.1386108398437,0.0049645071849226,51.84585189819336,-10.281402587890623,2.919353485107422,289.6611633300781,0.0103986775502562,75.07081604003906,2.353473519178806e-06,1.1197607818758116e-07,6.787876129150391,-9.459495544433594,-1.7216269969940186,8.055152648012154e-06,1.3438246242003515e-05,49.563323974609375,0.4098257720470428
NEG_20040731_02209,,,2004-07-31 00:00:00,2004-07-31,2004,7,0,,BG,40.0,,,,IBTRACS_ERA5,OBS,0,40.0,287.5,,,1199.8733942051986,train,-0.9537169507482268,0.3007057995042734,-0.4999999999999997,-0.8660254037844388,8.121665954589844,-14.44438934326172,217.77554321289065,5.1070310291834176e-05,48.75530624389648,3.91949462890625,-0.0079803466796875,239.94174194335935,0.0003917074645869,50.3201789855957,6.857143402099609,6.1082763671875,265.1925048828125,0.0010514988098293,25.05845642089844,7.033618927001953,8.156814575195312,281.3505249023437,0.0039108460769057,40.25465774536133,5.419525146484375,7.781291961669922,289.9179992675781,0.008631638251245,61.29630279541016,-2.870467687898781e-05,-2.202610085078049e-05,22.38933753967285,6.270289421081543,1.5188026428222656,2.6681123927119188e-05,9.350653726869496e-07,54.64474487304688,11.835634231567385
NEG_20040731_03342,,,2004-07-31 00:00:00,2004-07-31,2004,7,0,,BG,15.0,,,,IBTRACS_ERA5,OBS,0,15.0,22.5,,,10171.232411867431,train,0.3826834323650898,0.9238795325112868,-0.4999999999999997,-0.8660254037844388,-13.997474670410156,5.499458312988281,219.99880981445312,3.3014759537763894e-05,24.12893486022949,-8.72576904296875,2.4588165283203125,242.67501831054688,0.0001916072214953,18.928598403930664,-6.256870269775391,0.8472900390625,266.267578125,0.0027919097337871,61.221824645996094,-6.940502166748047,-5.665695190429688,285.3016967773437,0.0046397214755415,36.60343170166016,-0.034088134765625,-4.512287139892578,299.8484191894531,0.0073531186208128,28.237625122070312,9.595033588993829e-06,-9.89611362456344e-06,17.181711196899414,-7.190940856933594,-0.2744835019111633,3.2369229302275926e-05,1.436189813830424e-05,43.063594818115234,7.535387516021728
IBT_2004214N30282_2004080100,2004214N30282,ALEX,2004-08-01 00:00:00,2004-08-01,2004,8,0,,TS,31.0,281.20001220703125,25.0,1009.0,IBTRACS_ERA5,OBS,1,31.0,281.20001220703125,2004214N30282,ALEX,0.0,train,-0.98095511396698,0.1942345602152958,-0.8660254037844385,-0.5000000000000004,-2.1085205078125,-1.7015457153320312,220.0186767578125,8.261420589406043e-05,60.23656463623047,-3.95699691772461,-1.421173095703125,242.6231384277344,0.0006921241874806,68.7114028930664,0.5314826965332031,-4.192424774169922,267.969482421875,0.0036333340685814,69.94349670410156,5.036323547363281,-1.857715606689453,282.4595642089844,0.009221114218235,88.01593017578125,6.697509765625,-1.4445915222167969,290.5160217285156,0.0127412471920251,87.08643341064453,5.020131357014179e-05,3.6867506423732266e-05,8.809778213500977,1.239959716796875,-2.12349009513855,6.242565723368898e-05,3.6867506423732266e-05,69.70825958251953,1.9527395963668823
IBT_2004214N30282_2004080106,2004214N30282,ALEX,2004-08-01 06:00:00,2004-08-01,2004,8,6,,TS,31.5,281.0,25.0,1009.0,IBTRACS_ERA5,OBS,1,31.5,281.0,2004214N30282,ALEX,0.0,train,-0.981627183447664,0.1908089953765451,-0.8660254037844385,-0.5000000000000004,-5.8775634765625,-2.5670242309570312,220.456298828125,6.790024053771049e-05,47.006935119628906,-6.726772308349609,-1.359893798828125,242.47299194335935,0.0001806902582757,18.19588851928711,-5.187023162841797,-2.616008758544922,268.4735107421875,0.0029179591219872,54.06550598144531,-4.854057312011719,-3.464649200439453,283.6968688964844,0.0086607113480567,76.04900360107422,-4.5732421875,-4.020275115966797,291.0287170410156,0.0132798347622156,87.8524398803711,6.242565723368898e-05,1.6125355614349246e-05,1.9527395963668823,-5.443731784820557,-2.805570125579834,6.242565723368898e-05,3.6867506423732266e-05,68.35627746582031,1.9527395963668823
IBT_2004214N30282_2004080112,2004214N30282,ALEX,2004-08-01 12:00:00,2004-08-01,2004,8,12,,TS,31.600000381469727,280.8999938964844,30.0,1009.0,IBTRACS_ERA5,OBS,1,31.600000381469727,280.8999938964844,2004214N30282,ALEX,0.0,train,-0.981958732840103,0.1890953383853211,-0.8660254037844385,-0.5000000000000004,-5.8775634765625,-2.5670242309570312,220.456298828125,6.790024053771049e-05,47.006935119628906,-6.726772308349609,-1.359893798828125,242.47299194335935,0.0001806902582757,18.19588851928711,-5.187023162841797,-2.616008758544922,268.4735107421875,0.0029179591219872,54.06550598144531,-4.854057312011719,-3.464649200439453,283.6968688964844,0.0086607113480567,76.04900360107422,-4.5732421875,-4.020275115966797,291.0287170410156,0.0132798347622156,87.8524398803711,6.242565723368898e-05,1.6125355614349246e-05,1.9527395963668823,-5.443731784820557,-2.805570125579834,6.242565723368898e-05,3.6867506423732266e-05,68.35627746582031,1.9527395963668823
IBT_2004214N30282_2004080118,2004214N30282,ALEX,2004-08-01 18:00:00,2004-08-01,2004,8,18,,TS,31.600000381469727,280.79998779296875,35.0,1009.0,IBTRACS_ERA5,OBS,1,31.600000381469727,280.79998779296875,2004214N30282,ALEX,0.0,train,-0.9822872906507966,0.187381105306585,-0.8660254037844385,-0.5000000000000004,-5.8775634765625,-2.5670242309570312,220.456298828125,6.790024053771049e-05,47.006935119628906,-6.726772308349609,-1.359893798828125,242.47299194335935,0.0001806902582757,18.19588851928711,-5.187023162841797,-2.616008758544922,268.4735107421875,0.0029179591219872,54.06550598144531,-4.854057312011719,-3.464649200439453,283.6968688964844,0.0086607113480567,76.04900360107422,-4.5732421875,-4.020275115966797,291.0287170410156,0.0132798347622156,87.8524398803711,6.242565723368898e-05,1.6125355614349246e-05,1.9527395963668823,-5.443731784820557,-2.805570125579834,6.242565723368898e-05,3.6867506423732266e-05,68.35627746582031,1.9527395963668823
NEG_20040801_00708,,,2004-08-01 00:00:00,2004-08-01,2004,8,0,,BG,2.5,,,,IBTRACS_ERA5,OBS,0,2.5,335.0,,,6461.974864507999,train,-0.4226182617406992,0.90630778703665,-0.8660254037844385,-0.5000000000000004,-8.2396240234375,-2.4149246215820312,218.8734130859375,1.5531973986071534e-05,12.985121726989746,-17.64962387084961,1.353973388671875,241.89767456054688,9.494897676631808e-05,10.100481986999512,-5.614513397216797,-0.0998954772949218,266.5196533203125,0.0008113968069665,17.450607299804688,-5.401908874511719,-2.233936309814453,281.4087829589844,0.0033070815261453,33.90488052368164,-0.76953125,4.390979766845703,288.6647033691406,0.0070109153166413,53.96861267089844,-1.4130489944363944e-05,-2.93485754809808e-06,10.105573654174805,-7.535040378570557,0.1992393434047699,1.0505661975912517e-06,1.513391680418863e-06,49.39521408081055,5.292083263397217
NEG_20040801_01616,,,2004-08-01 00:00:00,2004-08-01,2004,8,0,,BG,0.0,,,,IBTRACS_ERA5,OBS,0,0.0,30.0,,,11790.62655059986,train,0.4999999999999999,0.8660254037844387,-0.8660254037844385,-0.5000000000000004,-7.7974853515625,-4.075080871582031,217.9974365234375,6.233651947695762e-05,57.92862701416016,-8.25143051147461,-3.884063720703125,240.33090209960935,0.0004456142778508,55.12111282348633,-1.5803337097167969,-2.248088836669922,266.450439453125,0.0037224132101982,80.48486328125,-3.827934265136719,5.511425018310547,281.9068298339844,0.0080509558320045,79.7851791381836,0.202392578125,-0.4243278503417969,292.6815490722656,0.0121571216732263,72.44922637939453,-6.038584615453146e-06,-2.0985635273973458e-06,8.793522834777832,-4.250958442687988,-1.0240272283554075,2.107062391587533e-05,1.2001415598206222e-05,70.08541870117188,0.9748100638389589
NEG_20040801_03595,,,2004-08-01 00:00:00,2004-08-01,2004,8,0,,BG,25.0,,,,IBTRACS_ERA5,OBS,0,25.0,352.5,,,6913.813558945521,train,-0.1305261922200516,0.9914448613738104,-0.8660254037844385,-0.5000000000000004,10.4476318359375,6.813102722167969,219.72412109375,9.95568098005606e-06,7.517770290374756,7.729526519775391,12.844451904296877,239.54635620117188,0.0002420569653622,32.31797409057617,-0.4707145690917969,4.396686553955078,265.2484130859375,0.0029299545567482,69.521484375,-0.0828170776367187,-1.1672859191894531,284.7027282714844,0.0063076689839363,51.78374862670898,0.492919921875,4.424671173095703,298.5941467285156,0.0083656106144189,34.641658782958984,8.148177585098892e-06,1.6011690604500473e-05,10.237231254577637,3.623309373855591,5.462325096130371,2.717163624765817e-05,1.6011690604500473e-05,41.44269943237305,3.419558525085449
IBT_2004214N30282_2004080200,2004214N30282,ALEX,2004-08-02 00:00:00,2004-08-02,2004,8,0,,TS,31.5,280.70001220703125,35.0,1007.0,IBTRACS_ERA5,OBS,1,31.5,280.70001220703125,2004214N30282,ALEX,0.0,train,-0.9826127569867844,0.1856668247340661,-0.8660254037844385,-0.5000000000000004,7.661106109619141,1.7551193237304688,221.54037475585935,8.758621697779745e-05,53.381961822509766,-0.7274627685546875,0.6657257080078125,243.0237579345703,0.0005405573174357,51.66575241088867,-4.029994964599609,-5.413410186767578,268.5093078613281,0.00242221634835,44.75870513916016,-5.522655487060547,-5.238590240478516,283.95721435546875,0.008758402429521,75.57572174072266,-6.8202667236328125,-5.532814025878906,291.647216796875,0.0138638718053698,88.188232421875,7.753626414341852e-05,2.820331064867787e-05,16.211851119995117,-1.887854814529419,-2.752793788909912,7.753626414341852e-05,3.916286368621513e-05,72.15364074707031,4.948348045349121
IBT_2004214N30282_2004080206,2004214N30282,ALEX,2004-08-02 06:00:00,2004-08-02,2004,8,6,,TS,31.399999618530277,280.6000061035156,40.0,1005.0,IBTRACS_ERA5,OBS,1,31.399999618530277,280.6000061035156,2004214N30282,ALEX,0.0,train,-0.9829353295538656,0.183951455321326,-0.8660254037844385,-0.5000000000000004,7.661106109619141,1.7551193237304688,221.54037475585935,8.758621697779745e-05,53.381961822509766,-0.7274627685546875,0.6657257080078125,243.0237579345703,0.0005405573174357,51.66575241088867,-4.029994964599609,-5.413410186767578,268.5093078613281,0.00242221634835,44.75870513916016,-5.522655487060547,-5.238590240478516,283.95721435546875,0.008758402429521,75.57572174072266,-6.8202667236328125,-5.532814025878906,291.647216796875,0.0138638718053698,88.188232421875,7.753626414341852e-05,2.820331064867787e-05,16.211851119995117,-1.887854814529419,-2.752793788909912,7.753626414341852e-05,3.916286368621513e-05,72.15364074707031,4.948348045349121
IBT_2004214N30282_2004080212,2004214N30282,ALEX,2004-08-02 12:00:00,2004-08-02,2004,8,12,,TS,31.299999237060547,281.0,50.0,992.0,IBTRACS_ERA5,OBS,1,31.299999237060547,281.0,2004214N30282,ALEX,0.0,train,-0.981627183447664,0.1908089953765451,-0.8660254037844385,-0.5000000000000004,7.661106109619141,1.7551193237304688,221.54037475585935,8.758621697779745e-05,53.381961822509766,-0.7274627685546875,0.6657257080078125,243.0237579345703,0.0005405573174357,51.66575241088867,-4.029994964599609,-5.413410186767578,268.5093078613281,0.00242221634835,44.75870513916016,-5.522655487060547,-5.238590240478516,283.95721435546875,0.008758402429521,75.57572174072266,-6.8202667236328125,-5.532814025878906,291.647216796875,0.0138638718053698,88.188232421875,7.753626414341852e-05,2.820331064867787e-05,16.211851119995117,-1.887854814529419,-2.752793788909912,7.753626414341852e-05,3.916286368621513e-05,72.15364074707031,4.948348045349121
IBT_2004214N30282_2004080218,2004214N30282,ALEX,2004-08-02 18:00:00,2004-08-02,2004,8,18,,TS,31.799999237060547,281.29998779296875,50.0,993.0,IBTRACS_ERA5,OBS,1,31.799999237060547,281.29998779296875,2004214N30282,ALEX,0.0,train,-0.9806147002934824,0.1959459353197288,-0.8660254037844385,-0.5000000000000004,8.34775161743164,-0.5728836059570312,221.38687133789065,9.148822573479264e-05,56.77027130126953,-3.4932098388671875,5.0799102783203125,242.5515289306641,0.00028130505234,28.117406845092773,-4.928310394287109,6.150798797607422,268.2032165527344,0.003224934451282,60.989627838134766,-4.378246307373047,10.026058197021484,283.06024169921875,0.0081065809354186,74.29872131347656,-4.1951446533203125,11.858055114746094,290.7926025390625,0.0133249266073107,89.48469543457031,6.076271529309452e-05,2.995649629156105e-05,17.659345626831055,-1.7294318675994873,6.508387565612793,7.753626414341852e-05,3.916286368621513e-05,75.76219940185547,4.948348045349121
NEG_20040802_00254,,,2004-08-02 00:00:00,2004-08-02,2004,8,0,,BG,12.5,,,,IBTRACS_ERA5,OBS,0,12.5,305.0,,,3225.85158015255,train,-0.8191520442889918,0.573576436351046,-0.8660254037844385,-0.5000000000000004,-4.777858734130859,12.067619323730469,217.90841674804688,3.895674308296293e-05,36.59525680541992,-7.643966674804687,6.3703155517578125,240.1892852783203,0.0002235798165202,28.038856506347656,-10.36764144897461,-1.678058624267578,268.3832092285156,0.0004137781797908,7.719298362731934,-7.867137908935547,-0.5398597717285156,282.54705810546875,0.0037261014804244,35.35566711425781,-8.853225708007812,-2.2137222290039062,290.4091796875,0.0107898218557238,74.25298309326172,-1.7814877537603024e-06,-1.3349877917789854e-05,14.851442337036133,-7.901966094970703,2.8012588024139404,1.3518205378204584e-05,1.3346580090001224e-05,44.88722229003906,2.945404291152954
NEG_20040802_01241,,,2004-08-02 00:00:00,2004-08-02,2004,8,0,,BG,50.0,,,,IBTRACS_ERA5,OBS,0,50.0,320.0,,,3769.4084982798154,train,-0.6427876096865396,0.7660444431189778,-0.8660254037844385,-0.5000000000000004,42.95358657836914,-18.73535919189453,221.11325073242188,2.2869076929055154e-05,14.653233528137209,36.45930480957031,-16.003463745117188,233.2627716064453,0.0001438660547137,36.16718673706055,15.71414566040039,-8.437580108642578,258.7236633300781,0.0008209226070903,32.80360412597656,8.205127716064453,-4.619449615478516,274.02459716796875,0.0020474556367844,35.26504135131836,0.6448211669921875,-0.0059585571289062,280.13037109375,0.0038821203634142,52.81048202514648,7.322055353142787e-06,1.6464062355225906e-05,46.269020080566406,20.795394897460938,-9.560361862182615,3.314089190098457e-05,3.003840902238153e-05,54.45111846923828,8.35598373413086
NEG_20040802_01959,,,2004-08-02 00:00:00,2004-08-02,2004,8,0,,BG,7.5,,,,IBTRACS_ERA5,OBS,0,7.5,302.5,,,3461.294886705903,train,-0.8433914458128857,0.5372996083468239,-0.8660254037844385,-0.5000000000000004,-0.3672142028808594,7.212028503417969,218.6045837402344,2.9199974960647523e-05,25.214630126953125,-13.411056518554688,5.1981964111328125,240.4724884033203,0.0003351373597979,40.89048385620117,-11.51192855834961,-1.310382843017578,266.9447937011719,0.0023249713703989,48.397247314453125,-7.590892791748047,-0.9329261779785156,281.89959716796875,0.0059677576646208,59.16974258422852,-5.6165313720703125,-2.2983169555664062,289.95068359375,0.0115398569032549,81.77719116210938,4.821941729460377e-06,4.303091373003554e-06,10.862873077392578,-7.699524879455566,1.5737197399139404,9.534771379549056e-06,1.3346580090001224e-05,60.103816986083984,7.526342391967773
NEG_20040802_02748,,,2004-08-02 00:00:00,2004-08-02,2004,8,0,,BG,40.0,,,,IBTRACS_ERA5,OBS,0,40.0,357.5,,,6715.607992881932,train,-0.0436193873653361,0.9990482215818578,-0.8660254037844385,-0.5000000000000004,16.97165298461914,12.337638854980469,217.0562438964844,2.945585583802313e-05,30.700904846191406,11.957595825195312,11.621292114257812,234.9889678955078,0.0001894561573863,39.87448501586914,9.05350112915039,8.238201141357422,262.2464904785156,0.0016903458163142,50.79609680175781,4.756397247314453,4.049739837646484,281.4940795898437,0.0059839552268385,60.99256134033203,2.2676239013671875,4.388084411621094,293.57275390625,0.0085641844198107,48.26677703857422,-5.405655656431918e-07,-1.855806476669386e-05,16.715377807617188,9.001354217529297,8.126991271972656,2.094026785925962e-05,1.3732770639762748e-05,48.888580322265625,5.628183841705322
NEG_20040802_03892,,,2004-08-02 00:00:00,2004-08-02,2004,8,0,,BG,25.0,,,,IBTRACS_ERA5,OBS,0,25.0,307.5,,,2664.2613621032374,train,-0.7933533402912352,0.6087614290087205,-0.8660254037844385,-0.5000000000000004,16.62497329711914,13.699455261230469,217.90011596679688,1.922853698488325e-05,18.08115005493164,9.984695434570312,10.171340942382812,237.4373321533203,0.0001725917682051,28.375526428222656,-6.526332855224609,2.880535125732422,265.7792053222656,0.0011168447090312,25.43170166015625,-7.908641815185547,2.9108238220214844,281.7206420898437,0.0023912552278488,23.999685287475582,-7.259963989257812,2.9500961303710938,289.388671875,0.0090934140607714,66.80709075927734,-1.4640766039519804e-06,-2.3782470179867232e-06,26.192344665527344,0.9829460382461548,6.52245044708252,1.6541318473173305e-05,1.3818462321069092e-05,38.74338912963867,8.52312183380127
IBT_2004214N30282_2004080300,2004214N30282,ALEX,2004-08-03 00:00:00,2004-08-03,2004,8,0,,TS,32.400001525878906,281.79998779296875,60.0,987.0,IBTRACS_ERA5,OBS,1,32.400001525878906,281.79998779296875,2004214N30282,ALEX,0.0,train,-0.9788674323301372,0.2044958432912625,-0.8660254037844385,-0.5000000000000004,8.402103424072266,1.4975357055664062,222.27413940429688,7.379529415629804e-05,41.29419708251953,8.540843963623047,2.2739791870117188,244.07131958007807,0.0006795563967898,58.85361099243164,7.421562194824219,3.637737274169922,268.85748291015625,0.0038627344183623,69.52400207519531,7.55194091796875,3.447063446044922,283.0961303710937,0.0078892642632126,72.13217163085938,8.009780883789062,3.461200714111328,291.53485107421875,0.0142739946022629,91.44520568847656,6.584762741113082e-05,3.727033254108392e-05,2.0024728775024414,7.985246181488037,2.863503217697144,6.769850733689964e-05,3.727033254108392e-05,73.62210083007812,1.8711923360824585
IBT_2004214N30282_2004080306,2004214N30282,ALEX,2004-08-03 06:00:00,2004-08-03,2004,8,6,,TS,33.0,282.6000061035156,70.0,983.0,IBTRACS_ERA5,OBS,1,33.0,282.6000061035156,2004214N30282,ALEX,0.0,train,-0.9759167387007184,0.2181433453574827,-0.8660254037844385,-0.5000000000000004,8.402103424072266,1.4975357055664062,222.27413940429688,7.379529415629804e-05,41.29419708251953,8.540843963623047,2.2739791870117188,244.07131958007807,0.0006795563967898,58.85361099243164,7.421562194824219,3.637737274169922,268.85748291015625,0.0038627344183623,69.52400207519531,7.55194091796875,3.447063446044922,283.0961303710937,0.0078892642632126,72.13217163085938,8.009780883789062,3.461200714111328,291.53485107421875,0.0142739946022629,91.44520568847656,6.584762741113082e-05,3.727033254108392e-05,2.0024728775024414,7.985246181488037,2.863503217697144,6.769850733689964e-05,3.727033254108392e-05,73.62210083007812,1.8711923360824585
IBT_2004214N30282_2004080312,2004214N30282,ALEX,2004-08-03 12:00:00,2004-08-03,2004,8,12,,TS,34.20000076293945,283.6000061035156,85.0,974.0,IBTRACS_ERA5,OBS,1,34.20000076293945,283.6000061035156,2004214N30282,ALEX,0.0,train,-0.9719609755296876,0.2351422166421376,-0.8660254037844385,-0.5000000000000004,7.213871002197266,9.851905822753906,221.75442504882807,7.049585110507905e-05,41.90550994873047,8.874217987060547,6.428153991699219,243.31082153320312,0.000519577472005,48.33232116699219,-0.1715774536132812,0.7532157897949219,267.9503173828125,0.0044521796517074,85.83161163330078,-3.64312744140625,-1.238971710205078,282.90106201171875,0.0078641707077622,72.85543060302734,-5.2051849365234375,-3.100444793701172,290.84442138671875,0.0129178101196885,86.46501922607422,6.769850733689964e-05,3.164200461469591e-05,17.944255828857422,1.413639783859253,2.538771867752075,6.769850733689964e-05,3.727033254108392e-05,70.83749389648438,1.8711923360824585
IBT_2004214N30282_2004080318,2004214N30282,ALEX,2004-08-03 18:00:00,2004-08-03,2004,8,18,,TS,35.29999923706055,284.79998779296875,85.0,972.0,IBTRACS_ERA5,OBS,1,35.29999923706055,284.79998779296875,2004214N30282,ALEX,0.0,train,-0.9668234430278938,0.25544555195127,-0.8660254037844385,-0.5000000000000004,13.037601470947266,8.140235900878906,220.8065490722656,9.504225454293191e-05,63.13379669189453,8.922557830810547,6.503837585449219,243.5502014160156,0.0008502901764586,77.33222961425781,1.6455612182617188,9.354290008544922,267.50146484375,0.0038904207758605,77.60945892333984,-0.83990478515625,12.979900360107422,283.02557373046875,0.009219073690474,84.69281005859375,-1.9417572021484373,15.507709503173828,290.91961669921875,0.0137097183614969,91.3276596069336,5.3202034905552864e-05,2.151746048184577e-05,16.693138122558594,4.164811611175537,10.497194290161133,6.769850733689964e-05,3.727033254108392e-05,73.9559097290039,1.8711923360824585
IBT_2004217N13306_2004080312,2004217N13306,BONNIE,2004-08-03 12:00:00,2004-08-03,2004,8,12,,TS,12.899999618530272,306.3999938964844,25.0,1010.0,IBTRACS_ERA5,OBS,1,12.899999618530272,306.3999938964844,2004217N13306,BONNIE,0.0,train,-0.804893860570713,0.5934188008612244,-0.8660254037844385,-0.5000000000000004,-6.375972747802734,2.4168472290039062,218.4654235839844,5.372785381041467e-05,47.1800651550293,-8.892505645751953,2.4701461791992188,241.22103881835935,0.0004826599033549,54.785430908203125,-11.97089385986328,0.912395477294922,267.82452392578125,0.0039591374807059,77.06011962890625,-8.58673095703125,1.9319267272949217,281.67974853515625,0.0083696329966187,84.2356948852539,-6.8835296630859375,3.065570831298828,290.13287353515625,0.0121623212471604,85.1890869140625,2.1708898202632557e-05,1.7735850633471273e-05,0.8236846327781677,-8.541926383972168,2.159377336502075,2.1708898202632557e-05,1.7735850633471273e-05,66.14598083496094,0.526744544506073
IBT_2004217N13306_2004080318,2004217N13306,BONNIE,2004-08-03 18:00:00,2004-08-03,2004,8,18,,TS,13.199999809265137,304.6000061035156,25.0,1010.0,IBTRACS_ERA5,OBS,1,13.199999809265137,304.6000061035156,2004217N13306,BONNIE,0.0,train,-0.8231363080440628,0.5678438327388876,-0.8660254037844385,-0.5000000000000004,-5.289546966552734,2.4822769165039062,218.47634887695312,5.2684772526845336e-05,46.20314025878906,-8.402637481689453,2.5272750854492188,241.19998168945312,0.0004903600784018,55.77228546142578,-13.31684112548828,-0.4940986633300781,267.745361328125,0.0032433231826871,63.509090423583984,-8.45806884765625,-1.377033233642578,282.2553100585937,0.0072438949719071,70.10749053955078,-7.224227905273437,-0.3155326843261719,290.0961303710937,0.0121900374069809,85.58415985107422,2.1244772142381407e-05,1.6602436517132446e-05,3.401577472686768,-8.538264274597168,0.5645774602890015,2.1708898202632557e-05,1.7735850633471273e-05,64.13812255859375,0.526744544506073
NEG_20040803_03154,,,2004-08-03 00:00:00,2004-08-03,2004,8,0,,BG,40.0,,,,IBTRACS_ERA5,OBS,0,40.0,12.5,,,7062.102573875717,train,0.2164396139381028,0.9762960071199334,-0.8660254037844385,-0.5000000000000004,17.355228424072266,-4.729637145996094,218.42935180664065,2.149664214812219e-05,18.9592399597168,14.043651580810549,-3.865058898925781,235.18814086914065,0.0001846627274062,38.08418655395508,11.57207489013672,-4.321735382080078,263.2135009765625,0.0016316283727064,45.409271240234375,6.97625732421875,-4.510700225830078,279.9672241210937,0.0055639976635575,62.978118896484375,6.6810455322265625,-2.306499481201172,292.1937866210937,0.0057554775848984,35.368377685546875,-7.227572496049106e-06,-3.342539912409848e-06,10.945765495300291,11.325651168823242,-3.946726322174072,2.273248537676409e-05,4.347979938756907e-06,48.69693374633789,5.9517693519592285
IBT_2004214N30282_2004080400,2004214N30282,ALEX,2004-08-04 00:00:00,2004-08-04,2004,8,0,,TS,36.0,286.29998779296875,80.0,974.0,IBTRACS_ERA5,OBS,1,36.0,286.29998779296875,2004214N30282,ALEX,0.0,train,-0.959805351772018,0.2806665044314925,-0.8660254037844385,-0.5000000000000004,9.450794219970703,5.998165130615234,222.99185180664065,5.027998122386634e-05,25.896465301513672,14.815628051757812,5.193775177001953,243.08029174804688,0.0003630631836131,34.51612854003906,12.170726776123049,4.524913787841797,268.3182983398437,0.002510005608201,47.05661010742188,13.804256439208984,3.003673553466797,283.0941467285156,0.0059245144948363,54.17556381225586,14.077037811279297,2.7292556762695312,290.9779663085937,0.0111306235194206,73.87232971191406,5.5572803830727935e-05,4.275174796930514e-05,5.664618015289307,12.863688468933104,4.289956569671631,7.350822852458805e-05,5.589229112956673e-05,61.69114685058594,2.4948065280914307
IBT_2004214N30282_2004080406,2004214N30282,ALEX,2004-08-04 06:00:00,2004-08-04,2004,8,6,,TS,36.79999923706055,287.8999938964844,80.0,973.0,IBTRACS_ERA5,OBS,1,36.79999923706055,287.8999938964844,2004214N30282,ALEX,0.0,train,-0.9515944366210404,0.3073565164298376,-0.8660254037844385,-0.5000000000000004,5.967273712158203,7.298824310302734,222.67550659179688,7.010178524069488e-05,37.446895599365234,3.3949737548828125,1.1832771301269531,243.54299926757807,0.0006563347997143,59.73283767700195,2.182201385498047,-3.300403594970703,268.42803955078125,0.0026928803417831,50.06715774536133,1.1690025329589844,-2.886585235595703,282.7430725097656,0.0070920502766966,66.4074478149414,-0.2453498840332031,-6.158195495605469,290.76300048828125,0.011432372033596,76.91991424560547,6.44885003566742e-05,2.9700955565203916e-05,14.82187843322754,2.4936203956604004,-0.7726165652275085,7.350822852458805e-05,5.589229112956673e-05,60.86842346191406,2.4948065280914307
IBT_2004214N30282_2004080412,2004214N30282,ALEX,2004-08-04 12:00:00,2004-08-04,2004,8,12,,TS,37.29999923706055,289.79998779296875,85.0,973.0,IBTRACS_ERA5,OBS,1,37.29999923706055,289.79998779296875,2004214N30282,ALEX,0.0,train,-0.9408808411232962,0.3387377197879189,-0.8660254037844385,-0.5000000000000004,9.943225860595703,4.718624114990234,222.22915649414065,0.0001106837007682,62.26012802124024,8.531692504882812,4.605396270751953,244.66891479492188,0.0009245910914614,75.72850036621094,7.950023651123047,5.187755584716797,268.20135498046875,0.0043225530534982,81.75921630859375,5.023494720458984,4.392345428466797,283.1361389160156,0.0084296977147459,76.86579895019531,3.747447967529297,5.663337707519531,291.6141967773437,0.0135709568858146,86.5055923461914,7.350822852458805e-05,5.589229112956673e-05,6.267387390136719,7.039176940917969,4.913491725921631,7.350822852458805e-05,5.589229112956673e-05,64.68428039550781,2.4948065280914307
IBT_2004214N30282_2004080418,2004214N30282,ALEX,2004-08-04 18:00:00,2004-08-04,2004,8,18,,TS,37.79999923706055,291.70001220703125,95.0,965.0,IBTRACS_ERA5,OBS,1,37.79999923706055,291.70001220703125,2004214N30282,ALEX,0.0,train,-0.9291324927584208,0.3697469552281982,-0.8660254037844385,-0.5000000000000004,15.038806915283203,3.3978233337402344,221.71939086914065,0.0001044175296556,62.323997497558594,14.490921020507812,10.149219512939451,243.74496459960935,0.0007286706240847,65.0687026977539,11.476879119873049,14.541515350341797,267.9013061523437,0.0039928052574396,77.26287078857422,9.825496673583984,13.412120819091797,282.1763000488281,0.0082656657323241,80.4264907836914,9.308483123779297,14.863777160644531,290.76336669921875,0.0126820132136344,85.32584381103516,3.5481098166201264e-05,1.855559821706265e-05,12.818140029907228,12.028117179870604,11.2728910446167,7.350822852458805e-05,5.589229112956673e-05,68.99002075195312,2.4948065280914307
IBT_2004217N13306_2004080400,2004217N13306,BONNIE,2004-08-04 00:00:00,2004-08-04,2004,8,0,,TS,13.5,302.6000061035156,30.0,1010.0,IBTRACS_ERA5,OBS,1,13.5,302.6000061035156,2004217N13306,BONNIE,0.0,train,-0.8424523396138072,0.5387708747503177,-0.8660254037844385,-0.5000000000000004,-1.1538200378417969,-0.2766151428222656,218.48001098632807,6.167401443235576e-05,54.06258392333984,-6.157272338867188,3.995166778564453,241.27902221679688,0.0004485474200919,50.63036346435547,-8.372852325439453,2.171886444091797,267.61785888671875,0.002887861803174,57.10052108764648,-8.861881256103516,5.574474334716797,281.5724182128906,0.0075978254899382,77.02945709228516,-5.726428985595703,5.795051574707031,290.32098388671875,0.0114010795950889,78.90262603759766,4.034887297166279e-06,1.1570147762540728e-05,7.600913524627685,-6.054450988769531,3.4519927501678467,1.9245493604103103e-05,2.7712067094398662e-05,62.309818267822266,1.881385326385498
IBT_2004217N13306_2004080406,2004217N13306,BONNIE,2004-08-04 06:00:00,2004-08-04,2004,8,6,,TS,13.600000381469728,300.5,30.0,1010.0,IBTRACS_ERA5,OBS,1,13.600000381469728,300.5,2004217N13306,BONNIE,0.0,train,-0.8616291604415259,0.5075383629607038,-0.8660254037844385,-0.5000000000000004,-2.493053436279297,0.8633995056152344,218.90261840820312,7.326129707507789e-05,61.03373336791992,-6.051071166992188,0.4291267395019531,241.43722534179688,0.0006134324939921,68.19776153564453,-8.219654083251953,2.049816131591797,266.99139404296875,0.0040749702602624,84.52336883544922,-7.895206451416016,4.264904022216797,282.0292053222656,0.00802459474653,78.86492919921875,-6.025745391845703,4.424934387207031,290.7582397460937,0.0119423791766166,80.37574768066406,1.558158328407444e-05,2.684372520889156e-05,5.016417503356934,-6.136946201324463,2.4064362049102783,1.9245493604103103e-05,2.7712067094398662e-05,65.0307846069336,0.9333460330963136
IBT_2004217N13306_2004080412,2004217N13306,BONNIE,2004-08-04 12:00:00,2004-08-04,2004,8,12,,TS,13.600000381469728,298.3999938964844,30.0,1010.0,IBTRACS_ERA5,OBS,1,13.600000381469728,298.3999938964844,2004217N13306,BONNIE,0.0,train,-0.879648623533167,0.4756241153644384,-0.8660254037844385,-0.5000000000000004,-2.426647186279297,1.0845909118652344,219.1288146972656,6.723726983182132e-05,54.51522064208984,-6.850265502929688,-1.8920402526855469,241.46188354492188,0.0004642830463126,51.49422073364258,-9.776782989501951,-1.9555549621582031,267.54754638671875,0.0036011729389429,71.58724212646484,-7.573673248291016,0.9437370300292968,282.2127990722656,0.00787731166929,76.45805358886719,-6.255481719970703,1.4485549926757812,290.67974853515625,0.012246660888195,82.83678436279297,1.7614733224036172e-05,2.7712067094398662e-05,3.8460946083068848,-6.5765700340271,-0.0741424560546875,1.9245493604103103e-05,2.7712067094398662e-05,65.12616729736328,0.9333460330963136
IBT_2004217N13306_2004080418,2004217N13306,BONNIE,2004-08-04 18:00:00,2004-08-04,2004,8,18,,DS,13.699999809265137,296.29998779296875,30.0,1010.0,IBTRACS_ERA5,OBS,1,13.699999809265137,296.29998779296875,2004217N13306,BONNIE,0.0,train,-0.8964865247810169,0.4430709998251469,-0.8660254037844385,-0.5000000000000004,-2.426647186279297,1.0845909118652344,219.1288146972656,6.723726983182132e-05,54.51522064208984,-6.850265502929688,-1.8920402526855469,241.46188354492188,0.0004642830463126,51.49422073364258,-9.776782989501951,-1.9555549621582031,267.54754638671875,0.0036011729389429,71.58724212646484,-7.573673248291016,0.9437370300292968,282.2127990722656,0.00787731166929,76.45805358886719,-6.255481719970703,1.4485549926757812,290.67974853515625,0.012246660888195,82.83678436279297,1.7614733224036172e-05,2.7712067094398662e-05,3.8460946083068848,-6.5765700340271,-0.0741424560546875,1.9245493604103103e-05,2.7712067094398662e-05,65.12616729736328,0.9333460330963136
NEG_20040804_01625,,,2004-08-04 00:00:00,2004-08-04,2004,8,0,,BG,50.0,,,,IBTRACS_ERA5,OBS,0,50.0,312.5,,,2136.15499093332,train,-0.7372773368101242,0.6755902076156601,-0.8660254037844385,-0.5000000000000004,33.4390754699707,-7.353641510009766,217.44729614257807,3.849176573567093e-05,38.24577713012695,22.25727844238281,-7.871654510498047,234.59445190429688,0.0002284125657752,50.05287551879883,12.427806854248049,-2.477527618408203,261.51092529296875,0.001074964297004,34.25984191894531,10.783260345458984,-1.5822639465332031,275.6341857910156,0.0032187618780881,49.38521194458008,10.437633514404297,0.4084548950195312,283.65106201171875,0.0068562552332878,73.4195785522461,-1.015875386656262e-05,-3.972926606365945e-06,24.275840759277344,17.8690128326416,-3.7753264904022217,1.863711077021435e-05,7.653547072550282e-06,46.34959411621094,18.28143119812012
NEG_20040804_02613,,,2004-08-04 00:00:00,2004-08-04,2004,8,0,,BG,10.0,,,,IBTRACS_ERA5,OBS,0,10.0,352.5,,,5437.6573837923925,train,-0.1305261922200516,0.9914448613738104,-0.8660254037844385,-0.5000000000000004,-14.981334686279297,-0.6973915100097656,219.03054809570312,5.8267469285056e-05,47.80255508422852,-8.889938354492188,-0.5933341979980469,241.26632690429688,0.0005794094176962,65.4814453125,-11.475513458251951,-2.986804962158203,266.50885009765625,0.0027660820633172,59.53921890258789,-8.405948638916016,-0.4936408996582031,282.1564025878906,0.0075181936845183,73.2523422241211,0.3697624206542969,1.5836257934570312,290.60418701171875,0.0135623142123222,92.17872619628906,1.129947031586198e-05,7.66486300562974e-06,15.51963996887207,-8.676594734191895,-0.6375091671943665,1.490675458626356e-05,1.2148332643846516e-05,65.60545349121094,6.283913612365723
IBT_2004214N30282_2004080500,2004214N30282,ALEX,2004-08-05 00:00:00,2004-08-05,2004,8,0,,TS,38.5,294.0,105.0,957.0,IBTRACS_ERA5,OBS,1,38.5,294.0,2004214N30282,ALEX,0.0,train,-0.9135454576426012,0.4067366430757997,-0.8660254037844385,-0.5000000000000004,12.531940460205078,9.518741607666016,222.7393951416016,6.10829665674828e-05,32.38942337036133,18.426647186279297,11.653087615966797,243.4364471435547,0.0004432454006746,40.74638748168945,14.149188995361328,7.024715423583984,268.2857666015625,0.0015633287839591,29.381032943725582,14.06423568725586,5.153278350830078,282.5888061523437,0.0050582746043801,47.86074447631836,13.531604766845703,4.489658355712891,290.83074951171875,0.0101008350029587,67.66851806640625,3.219073551008478e-05,1.731084739731159e-05,5.127475738525391,14.540722846984863,7.567896366119385,4.937688208883628e-05,1.731084739731159e-05,62.02464294433594,0.6476879715919495
IBT_2004214N30282_2004080506,2004214N30282,ALEX,2004-08-05 06:00:00,2004-08-05,2004,8,6,,TS,39.5,296.8999938964844,105.0,957.0,IBTRACS_ERA5,OBS,1,39.5,296.8999938964844,2004214N30282,ALEX,0.0,train,-0.8917975778014696,0.4524346143117607,-0.8660254037844385,-0.5000000000000004,16.225543975830078,12.999210357666016,222.67774963378903,7.208095485111699e-05,38.49413299560547,15.362682342529297,11.453136444091797,243.7971649169922,0.0006126790540292,54.443359375,13.014179229736328,9.408748626708984,267.902099609375,0.0031755748204886,61.4453239440918,10.14309310913086,5.312091827392578,282.12567138671875,0.0075055221095681,73.28164672851562,9.454456329345703,5.256259918212891,290.47625732421875,0.0104722315445542,71.759521484375,4.1719238652149215e-05,7.840661965019535e-06,10.28595733642578,12.839990615844728,8.885889053344727,5.779148341389373e-05,1.731084739731159e-05,58.38305282592773,0.6476879715919495
IBT_2004214N30282_2004080512,2004214N30282,ALEX,2004-08-05 12:00:00,2004-08-05,2004,8,12,,TS,40.79999923706055,300.3999938964844,100.0,962.0,IBTRACS_ERA5,OBS,1,40.79999923706055,300.3999938964844,2004214N30282,ALEX,0.0,train,-0.86251372311323,0.5060336722406469,-0.8660254037844385,-0.5000000000000004,18.08613967895508,7.789493560791016,221.7663726806641,8.920704567572102e-05,52.9543342590332,18.092662811279297,9.311046600341797,243.6963348388672,0.0006519659655168,58.48575973510742,20.494403839111328,8.375789642333984,268.18798828125,0.0037206443957984,70.44577026367188,19.71047592163086,8.812824249267578,282.8031616210937,0.0078382948413491,73.0975341796875,17.923450469970703,8.41641616821289,290.8778686523437,0.0104969078674912,70.11138916015625,3.635319080785848e-05,3.104471488768468e-06,0.6476879715919495,18.861425399780277,8.54111385345459,5.779148341389373e-05,1.731084739731159e-05,60.97834396362305,0.6476879715919495
IBT_2004214N30282_2004080518,2004214N30282,ALEX,2004-08-05 18:00:00,2004-08-05,2004,8,18,,TS,42.70000076293945,305.0,90.0,970.0,IBTRACS_ERA5,OBS,1,42.70000076293945,305.0,2004214N30282,ALEX,0.0,train,-0.8191520442889918,0.573576436351046,-0.8660254037844385,-0.5000000000000004,28.37154006958008,6.440372467041016,220.7613677978516,9.080101153813304e-05,60.63829803466797,23.288463592529297,7.016613006591797,243.4662322998047,0.0007383777992799,67.68696594238281,20.897480010986328,8.597957611083984,267.819091796875,0.0043776961974799,85.24211120605469,20.08034896850586,11.523883819580078,282.34051513671875,0.0075039425864815,72.20573425292969,19.193714141845703,14.82315444946289,290.4213256835937,0.011430793441832,78.60301971435547,3.433757592574693e-05,1.4108718460192904e-07,12.42994499206543,22.366308212280277,9.68039608001709,5.779148341389373e-05,2.1912139345658943e-05,59.46768569946289,0.6476879715919495
IBT_2004217N13306_2004080500,2004217N13306,BONNIE,2004-08-05 00:00:00,2004-08-05,2004,8,0,,DS,14.0,294.29998779296875,25.0,1010.0,IBTRACS_ERA5,OBS,1,14.0,294.29998779296875,2004217N13306,BONNIE,0.0,train,-0.9114033643097468,0.4115141644279999,-0.8660254037844385,-0.5000000000000004,0.0456123352050781,1.1796302795410156,217.79640197753903,6.056328857084736e-05,57.67152786254883,-4.242298126220703,-2.106433868408203,240.7310028076172,0.0003280296223238,39.03478240966797,-14.082256317138672,0.2029380798339843,267.128173828125,0.0018441411666572,37.852840423583984,-7.766574859619141,8.977863311767578,281.8207397460937,0.0070168236270546,69.94549560546875,-8.217174530029297,9.06729507446289,290.7391967773437,0.0110859209671616,74.70207977294922,-1.037311108120775e-06,8.54726204124745e-06,11.423173904418944,-6.852538108825684,3.4642586708068848,3.173318691551685e-05,2.2640673705609515e-05,58.88105773925781,6.542033672332764
IBT_2004217N13306_2004080506,2004217N13306,BONNIE,2004-08-05 06:00:00,2004-08-05,2004,8,6,,DS,14.899999618530272,292.29998779296875,25.0,1010.0,IBTRACS_ERA5,OBS,1,14.899999618530272,292.29998779296875,2004217N13306,BONNIE,0.0,train,-0.9252097992299914,0.379455962410395,-0.8660254037844385,-0.5000000000000004,2.353229522705078,5.568546295166016,219.34559631347656,7.448795804521069e-05,58.846778869628906,-2.885608673095703,-0.6452522277832031,240.3215789794922,0.0004826477961614,59.75605773925781,-12.762187957763672,-0.4892005920410156,267.3408203125,0.0030826511792838,62.25413513183594,-6.452121734619141,4.606647491455078,282.4794311523437,0.00805698428303,76.80082702636719,-8.098766326904297,6.820468902587891,290.99383544921875,0.0121407443657517,80.49508666992188,2.098010736517608e-05,5.3850626500207e-06,10.526705741882324,-5.569090843200684,3.1722419261932373,3.173318691551685e-05,2.2640673705609515e-05,61.28074264526367,0.6319658160209656
IBT_2004217N13306_2004080512,2004217N13306,BONNIE,2004-08-05 12:00:00,2004-08-05,2004,8,12,,DS,16.0,290.29998779296875,25.0,1011.0,IBTRACS_ERA5,OBS,1,16.0,290.29998779296875,2004217N13306,BONNIE,0.0,train,-0.9378890085275188,0.3469354517533024,-0.8660254037844385,-0.5000000000000004,6.075885772705078,3.410587310791016,218.9826812744141,6.381081038853154e-05,52.651893615722656,0.3490104675292969,2.915050506591797,240.6716766357422,0.0003972008125856,47.53777694702149,-10.720439910888672,-3.238468170166016,267.5390625,0.0020015868358314,39.815032958984375,-8.27145767211914,-0.3236503601074219,283.5253295898437,0.0070399502292275,62.53363800048828,-7.476940155029297,0.9774513244628906,291.3378295898437,0.0123296314850449,79.98125457763672,1.8652181097422726e-05,-4.1363464333699085e-06,13.769503593444824,-4.008788108825684,0.7481940984725952,3.173318691551685e-05,2.2640673705609515e-05,58.50076675415039,0.6319658160209656
IBT_2004217N13306_2004080518,2004217N13306,BONNIE,2004-08-05 18:00:00,2004-08-05,2004,8,18,,DS,16.5,288.5,25.0,1011.0,IBTRACS_ERA5,OBS,1,16.5,288.5,2004217N13306,BONNIE,0.0,train,-0.9483236552061992,0.3173046564050922,-0.8660254037844385,-0.5000000000000004,6.600543975830078,4.722232818603516,217.36024475097656,2.1777430447400548e-05,21.86941146850586,0.9105339050292968,2.783824920654297,238.2478485107422,0.0003675959305837,55.76203536987305,-4.450420379638672,-1.7882728576660156,267.2659912109375,0.0003573256835807,7.257568836212158,-4.240085601806641,-0.988567352294922,283.52130126953125,0.0038220593705773,33.959327697753906,-6.915416717529297,-2.3459129333496094,292.00079345703125,0.0095294946804642,59.27763366699219,-8.07642481959192e-06,-2.0143372239544988e-05,15.25253677368164,-1.6189689636230469,0.4766609072685241,2.6700559828896075e-05,2.0357780158519745e-05,43.84819793701172,3.295536994934082
NEG_20040805_02364,,,2004-08-05 00:00:00,2004-08-05,2004,8,0,,BG,27.5,,,,IBTRACS_ERA5,OBS,0,27.5,270.0,,,2261.1400961126187,train,-1.0,-1.8369701987210294e-16,-0.8660254037844385,-0.5000000000000004,7.339801788330078,0.2445716857910156,221.01710510253903,5.869598680874333e-05,38.03620147705078,8.611949920654297,4.307384490966797,243.3477020263672,0.0004314883844926,39.99871444702149,4.145771026611328,-0.6508216857910156,268.18603515625,0.0014861258678138,28.142112731933597,6.581569671630859,0.8614082336425781,282.54901123046875,0.0063129821792244,59.89375305175781,5.228870391845703,1.2574806213378906,291.6605834960937,0.0114955836907029,73.06171417236328,-7.527524985562195e-07,1.9221877664676867e-05,2.3413705825805664,6.381592750549316,1.2040046453475952,8.64969570102403e-06,1.9221877664676867e-05,48.03971099853516,0.6996676921844482
NEG_20040805_02403,,,2004-08-05 00:00:00,2004-08-05,2004,8,0,,BG,5.0,,,,IBTRACS_ERA5,OBS,0,5.0,297.5,,,1060.375510863365,train,-0.8870108331782216,0.4617486132350341,-0.8660254037844385,-0.5000000000000004,-4.730998992919922,-6.163631439208984,218.6436920166016,5.474624776979908e-05,47.05197143554688,-4.275012969970703,-0.2966194152832031,241.3227996826172,0.0002053856151178,23.085834503173828,-9.877910614013672,1.4126548767089844,267.266357421875,0.0012450101785361,25.286439895629883,-9.88547134399414,2.040485382080078,281.25115966796875,0.0076029757037758,78.79130554199219,-4.208385467529297,1.2623634338378906,290.92010498046875,0.0124445492401719,82.8971176147461,-8.723640121388598e-07,-5.547914042836055e-06,7.444362163543701,-6.595555782318115,-0.3489494323730469,1.3798529835185036e-05,2.7615797080216e-06,74.18165588378906,3.9273018836975098
NEG_20040805_03591,,,2004-08-05 00:00:00,2004-08-05,2004,8,0,,BG,7.5,,,,IBTRACS_ERA5,OBS,0,7.5,342.5,,,5306.020311377783,train,-0.300705799504273,0.9537169507482268,-0.8660254037844385,-0.5000000000000004,-13.695964813232422,-1.7222251892089844,218.7729034423828,5.344379314919934e-05,45.22361373901367,-10.027820587158203,0.1856803894042968,240.9744110107422,0.0005259691970422,61.13602066040039,-8.029033660888672,-2.017276763916016,266.79302978515625,0.0035143005661666,74.01095581054688,0.7518577575683594,1.514484405517578,281.04571533203125,0.0074329236522316,78.11942291259766,4.873035430908203,2.23257827758789,288.89715576171875,0.0125918323174119,95.48504638671876,3.1541924272460165e-07,1.385670475428924e-05,18.9854736328125,-5.225584983825684,0.0386482253670692,2.4226355890277773e-05,2.4335915441042744e-05,60.40763854980469,7.161606311798096
NEG_20040805_04072,,,2004-08-05 00:00:00,2004-08-05,2004,8,0,,BG,37.5,,,,IBTRACS_ERA5,OBS,0,37.5,280.0,,,1230.5485392047178,train,-0.984807753012208,0.1736481776669299,-0.8660254037844385,-0.5000000000000004,23.14302444458008,3.829288482666016,221.27284240722656,4.738600546261296e-05,29.799280166625977,18.524303436279297,5.946788787841797,242.1915740966797,0.0006020768778398,62.27630615234375,14.014423370361328,-0.2987709045410156,265.947998046875,0.0031784358434379,71.43780517578125,11.27492904663086,-0.6401786804199219,280.6752319335937,0.0066941836848855,72.16552734375,8.647327423095703,-2.2217674255371094,290.23797607421875,0.0111574465408921,77.62718200683594,1.5306351997423917e-05,-3.3027426979970187e-06,15.70797634124756,15.120800971984863,1.323072075843811,2.6474766855244525e-05,2.3211299776448868e-05,56.62636566162109,2.6023690700531006
IBT_2004214N30282_2004080600,2004214N30282,ALEX,2004-08-06 00:00:00,2004-08-06,2004,8,0,,TS,44.5,310.70001220703125,75.0,978.0,IBTRACS_ERA5,OBS,1,44.5,310.70001220703125,2004214N30282,ALEX,0.0,train,-0.7581341972661872,0.6520985653530867,-0.8660254037844385,-0.5000000000000004,28.721858978271484,9.877822875976562,221.51058959960935,4.56981870229356e-05,27.94921875,29.39788055419922,5.0276947021484375,242.77386474609372,0.0003869278880301,37.867435455322266,19.11101531982422,4.465545654296875,268.28057861328125,0.0023867764975875,44.87445831298828,17.347652435302734,1.9915084838867188,282.5782470703125,0.0059793358668684,56.61614990234375,9.344825744628906,2.870391845703125,287.1908569335937,0.0076312636956572,64.64867401123047,3.495756755000912e-05,-4.2066312744282186e-07,20.605180740356445,20.784648895263672,4.846592903137207,3.495756755000912e-05,2.754672459559515e-05,47.00724029541016,1.287836670875549
IBT_2004214N30282_2004080606,2004214N30282,ALEX,2004-08-06 06:00:00,2004-08-06,2004,8,6,,TS,46.09999847412109,315.79998779296875,65.0,984.0,IBTRACS_ERA5,OBS,1,46.09999847412109,315.79998779296875,2004214N30282,ALEX,0.0,train,-0.6971652555944238,0.7169104591174282,-0.8660254037844385,-0.5000000000000004,27.613948822021484,1.2469635009765625,222.07504272460935,4.290701326681301e-05,24.571229934692383,28.08147430419922,0.6614837646484375,242.86029052734372,0.0004194348002783,40.71402359008789,24.77410125732422,1.333221435546875,268.55133056640625,0.0017247773939743,31.769989013671875,22.67968368530273,1.5293502807617188,283.3433837890625,0.005415535531938,48.69676971435547,17.876075744628906,2.899444580078125,288.3119506835937,0.009795150719583,77.14237976074219,2.127889274561312e-05,-2.4803044652799144e-05,9.877087593078612,24.205059051513672,1.534092664718628,3.495756755000912e-05,6.521898285427596e-06,47.3454704284668,1.287836670875549
IBT_2004214N30282_2004080612,2004214N30282,ALEX,2004-08-06 12:00:00,2004-08-06,2004,8,12,,TS,47.0,322.5,50.0,987.0,IBTRACS_ERA5,OBS,1,47.0,322.5,2004214N30282,ALEX,0.0,train,-0.608761429008721,0.7933533402912349,-0.8660254037844385,-0.5000000000000004,39.41253280639648,-12.298080444335938,221.31661987304688,5.0297756388317794e-05,31.46855926513672,32.21440887451172,-4.6949615478515625,241.4415283203125,0.0005849177832715,65.00081634521484,24.27629852294922,-1.471343994140625,267.232177734375,0.0031779909040778,64.71459197998047,17.436763763427734,0.8384933471679688,280.4002685546875,0.006692118011415,73.51976776123047,11.589942932128906,-1.013214111328125,287.83111572265625,0.0096446489915251,78.36546325683594,2.499429501767736e-05,-8.054803402046673e-06,30.02406883239746,24.98598861694336,-3.727821350097656,4.0308659663423896e-05,4.179098687018268e-05,54.770164489746094,8.771782875061035
IBT_2004217N13306_2004080600,2004217N13306,BONNIE,2004-08-06 00:00:00,2004-08-06,2004,8,0,,DS,17.0,287.0,25.0,1011.0,IBTRACS_ERA5,OBS,1,17.0,287.0,2004217N13306,BONNIE,0.0,train,-0.9563047559630354,0.2923717047227367,-0.8660254037844385,-0.5000000000000004,8.820247650146484,5.745376586914063,218.97677612304688,6.183800724102184e-05,51.06027221679688,-3.259346008300781,4.1873626708984375,240.08294677734372,0.0005142397130839,65.1599349975586,-6.607246398925781,1.305145263671875,266.4232788085937,0.002846737857908,61.68006134033203,-6.739994049072266,5.652641296386719,282.197265625,0.0076097315177321,73.93881225585938,-8.336082458496094,6.569549560546875,290.76641845703125,0.011937073431909,80.29821014404297,-3.202721018169541e-06,1.1568206900847144e-05,17.176115036010742,-3.224484205245972,4.692015171051025,3.213799209333956e-05,2.8210750315338373e-05,55.53867721557617,2.3005712032318115
IBT_2004217N13306_2004080606,2004217N13306,BONNIE,2004-08-06 06:00:00,2004-08-06,2004,8,6,,DS,17.100000381469727,285.3999938964844,25.0,1011.0,IBTRACS_ERA5,OBS,1,17.100000381469727,285.3999938964844,2004217N13306,BONNIE,0.0,train,-0.9640954325228536,0.2655560147851525,-0.8660254037844385,-0.5000000000000004,5.782894134521484,6.7823638916015625,219.15890502929688,4.954361793352291e-05,40.024810791015625,-3.371406555175781,4.3572845458984375,238.89776611328125,0.0003618827904574,51.48744201660156,-5.760810852050781,-5.216583251953125,266.80914306640625,0.0015605665976181,32.824832916259766,-5.899662017822266,0.7003707885742188,282.3009033203125,0.0067346757277846,64.9779052734375,-5.888328552246094,2.065948486328125,291.1508178710937,0.0119967078790068,78.75068664550781,6.29904207016807e-07,9.485625923844054e-06,12.588170051574709,-3.027462720870972,1.7378768920898438,3.213799209333956e-05,2.8210750315338373e-05,54.36872863769531,2.3005712032318115
IBT_2004217N13306_2004080612,2004217N13306,BONNIE,2004-08-06 12:00:00,2004-08-06,2004,8,12,,DS,17.200000762939453,283.79998779296875,25.0,1011.0,IBTRACS_ERA5,OBS,1,17.200000762939453,283.79998779296875,2004217N13306,BONNIE,0.0,train,-0.971134330729856,0.238533250675613,-0.8660254037844385,-0.5000000000000004,5.782894134521484,6.7823638916015625,219.15890502929688,4.954361793352291e-05,40.024810791015625,-3.371406555175781,4.3572845458984375,238.89776611328125,0.0003618827904574,51.48744201660156,-5.760810852050781,-5.216583251953125,266.80914306640625,0.0015605665976181,32.824832916259766,-5.899662017822266,0.7003707885742188,282.3009033203125,0.0067346757277846,64.9779052734375,-5.888328552246094,2.065948486328125,291.1508178710937,0.0119967078790068,78.75068664550781,6.29904207016807e-07,9.485625923844054e-06,12.588170051574709,-3.027462720870972,1.7378768920898438,3.213799209333956e-05,2.8210750315338373e-05,54.36872863769531,2.3005712032318115
IBT_2004217N13306_2004080618,2004217N13306,BONNIE,2004-08-06 18:00:00,2004-08-06,2004,8,18,,DS,17.0,282.79998779296875,25.0,1011.0,IBTRACS_ERA5,OBS,1,17.0,282.79998779296875,2004217N13306,BONNIE,0.0,train,-0.9751494015070882,0.2215482898610768,-0.8660254037844385,-0.5000000000000004,-2.886661529541016,0.2271881103515625,218.93704223632807,2.995813702000305e-05,24.85504531860352,-5.627998352050781,-2.0522613525390625,238.5965576171875,0.0001334181724814,19.553611755371094,-3.807441711425781,-5.724639892578125,266.55712890625,0.0008368545095436,17.94633674621582,-3.0415077209472656,0.0657272338867187,282.6470947265625,0.0045389300212264,42.7777099609375,-4.385032653808594,-1.518524169921875,291.59332275390625,0.0105535602197051,67.36068725585938,-7.069181265251245e-06,-1.4907554032106418e-05,2.3005712032318115,-3.949728488922119,-1.800502061843872,3.213799209333956e-05,2.8210750315338373e-05,49.08823394775391,2.3005712032318115
NEG_20040806_01123,,,2004-08-06 00:00:00,2004-08-06,2004,8,0,,BG,40.0,,,,IBTRACS_ERA5,OBS,0,40.0,347.5,,,2149.9805110380144,train,-0.2164396139381028,0.9762960071199334,-0.8660254037844385,-0.5000000000000004,12.862972259521484,-9.192489624023438,215.65853881835935,3.451393422437832e-05,42.74659729003906,14.38030242919922,-8.180068969726562,235.41021728515625,0.0001872597931651,37.75676727294922,9.28801727294922,-2.020782470703125,263.19256591796875,0.0011143216397613,31.063655853271484,4.814693450927734,-0.8454055786132812,278.2418212890625,0.0033957723062485,43.33270263671875,2.7913589477539062,-3.398284912109375,287.41180419921875,0.0081607913598418,68.1445541381836,-1.4044688214198686e-05,9.878478522296064e-06,11.619389533996582,8.827468872070312,-4.72740650177002,1.7835911421570927e-05,2.574927930254489e-05,39.36592864990234,5.059618949890137
NEG_20040806_01216,,,2004-08-06 00:00:00,2004-08-06,2004,8,0,,BG,32.5,,,,IBTRACS_ERA5,OBS,0,32.5,295.0,,,1901.6877337459268,train,-0.9063077870366498,0.4226182617406996,-0.8660254037844385,-0.5000000000000004,1.1915855407714844,-6.4681243896484375,218.98422241210935,5.342257645679638e-05,44.07216644287109,2.6823043823242188,-1.8170318603515625,241.52984619140625,0.0006006850744597,66.18982696533203,4.975761413574219,8.645965576171875,266.5502319335937,0.0032315531279891,69.3373794555664,7.466793060302734,9.86992645263672,281.7806396484375,0.0061130290850996,61.10282897949219,7.771095275878906,9.528717041015623,290.32147216796875,0.0091201281175017,63.11503601074219,-1.1530009942362083e-05,-2.360839062021114e-05,17.297077178955078,4.817507743835449,3.951890468597412,3.084220952587202e-05,1.1448651093814988e-05,60.83732986450195,3.845778465270996
NEG_20040806_03441,,,2004-08-06 00:00:00,2004-08-06,2004,8,0,,BG,5.0,,,,IBTRACS_ERA5,OBS,0,5.0,340.0,,,4962.25163479668,train,-0.3420201433256686,0.9396926207859084,-0.8660254037844385,-0.5000000000000004,-19.28204727172852,0.6121978759765625,218.10043334960935,2.794159081531689e-05,25.64360809326172,-15.34284210205078,-0.3175201416015625,240.64862060546875,8.6498141172342e-05,10.375370025634766,-12.41876983642578,-2.748321533203125,266.17169189453125,0.0034107544925063,75.34696197509766,-2.3466835021972656,4.666069030761719,281.5050048828125,0.0025168422143906,25.63426399230957,1.0879898071289062,2.292510986328125,289.9457397460937,0.0085072135552763,60.30546569824219,-1.5814437574590556e-05,-1.2842870091844816e-05,20.439224243164062,-9.660470962524414,0.9009872674942015,1.1328115760989022e-05,2.0529565517790616e-05,46.68003845214844,8.161486625671387
IBT_2004217N13306_2004080700,2004217N13306,BONNIE,2004-08-07 00:00:00,2004-08-07,2004,8,0,,DS,17.100000381469727,281.79998779296875,25.0,1011.0,IBTRACS_ERA5,OBS,1,17.100000381469727,281.79998779296875,2004217N13306,BONNIE,0.0,train,-0.9788674323301372,0.2044958432912625,-0.8660254037844385,-0.5000000000000004,-6.942741394042969,6.622997283935547,218.5858459472656,5.905962461838499e-05,51.11420440673828,-5.075962066650391,6.435447692871094,241.59811401367188,0.0005343684460967,58.49825286865234,-5.285427093505859,-0.8449134826660156,267.0274658203125,0.0028786074835807,59.5435676574707,-7.238132476806641,3.1072731018066406,281.9122009277344,0.00691653881222,68.5180435180664,-9.464519500732422,5.892070770263672,290.8834533691406,0.0116029176861047,77.4711685180664,3.805216692853719e-06,1.9055645680055026e-05,2.625570058822632,-6.801356315612793,4.242575168609619,2.902341293520294e-05,1.9055645680055026e-05,53.940311431884766,2.200176239013672
IBT_2004217N13306_2004080706,2004217N13306,BONNIE,2004-08-07 06:00:00,2004-08-07,2004,8,6,,DS,17.399999618530273,280.79998779296875,20.0,1013.0,IBTRACS_ERA5,OBS,1,17.399999618530273,280.79998779296875,2004217N13306,BONNIE,0.0,train,-0.9822872906507966,0.187381105306585,-0.8660254037844385,-0.5000000000000004,-8.093620300292969,7.862133026123047,218.7660217285156,4.911100404569879e-05,41.59166717529297,-6.163852691650391,7.135398864746094,241.05612182617188,0.0002701187331695,31.150999069213867,-5.526393890380859,-2.225772857666016,266.6500244140625,0.0021724489051848,46.25673675537109,-6.187229156494141,0.2317848205566406,282.7884216308594,0.0049779871478676,46.46944808959961,-6.759807586669922,1.631145477294922,291.1760559082031,0.0111012253910303,72.75572204589844,8.499822797602974e-06,5.07661707160878e-06,6.372147560119629,-6.546180725097656,2.9269378185272217,1.9462462660158053e-05,1.9055645680055026e-05,52.34936141967773,2.200176239013672
IBT_2004217N13306_2004080712,2004217N13306,BONNIE,2004-08-07 12:00:00,2004-08-07,2004,8,12,,DS,17.799999237060547,279.79998779296875,20.0,1013.0,IBTRACS_ERA5,OBS,1,17.799999237060547,279.79998779296875,2004217N13306,BONNIE,0.0,train,-0.985407934747093,0.1702092892220305,-0.8660254037844385,-0.5000000000000004,-8.093620300292969,7.862133026123047,218.7660217285156,4.911100404569879e-05,41.59166717529297,-6.163852691650391,7.135398864746094,241.05612182617188,0.0002701187331695,31.150999069213867,-5.526393890380859,-2.225772857666016,266.6500244140625,0.0021724489051848,46.25673675537109,-6.187229156494141,0.2317848205566406,282.7884216308594,0.0049779871478676,46.46944808959961,-6.759807586669922,1.631145477294922,291.1760559082031,0.0111012253910303,72.75572204589844,8.499822797602974e-06,5.07661707160878e-06,6.372147560119629,-6.546180725097656,2.9269378185272217,1.9462462660158053e-05,1.9055645680055026e-05,52.34936141967773,2.200176239013672
IBT_2004217N13306_2004080718,2004217N13306,BONNIE,2004-08-07 18:00:00,2004-08-07,2004,8,18,,DS,18.399999618530277,278.8999938964844,20.0,1013.0,IBTRACS_ERA5,OBS,1,18.399999618530277,278.8999938964844,2004217N13306,BONNIE,0.0,train,-0.9879598822501308,0.1547102810556161,-0.8660254037844385,-0.5000000000000004,-8.093620300292969,7.862133026123047,218.7660217285156,4.911100404569879e-05,41.59166717529297,-6.163852691650391,7.135398864746094,241.05612182617188,0.0002701187331695,31.150999069213867,-5.526393890380859,-2.225772857666016,266.6500244140625,0.0021724489051848,46.25673675537109,-6.187229156494141,0.2317848205566406,282.7884216308594,0.0049779871478676,46.46944808959961,-6.759807586669922,1.631145477294922,291.1760559082031,0.0111012253910303,72.75572204589844,8.499822797602974e-06,5.07661707160878e-06,6.372147560119629,-6.546180725097656,2.9269378185272217,1.9462462660158053e-05,1.9055645680055026e-05,52.34936141967773,2.200176239013672
NEG_20040807_00814,,,2004-08-07 00:00:00,2004-08-07,2004,8,0,,BG,12.5,,,,IBTRACS_ERA5,OBS,0,12.5,332.5,,,5460.243419569194,train,-0.4617486132350336,0.8870108331782218,-0.8660254037844385,-0.5000000000000004,-1.0626144409179688,-0.3916511535644531,219.12777709960935,1.5935660485411063e-05,12.922056198120115,0.7752342224121094,1.3872299194335938,241.2320251464844,0.0004025714297313,45.64656066894531,-12.71523666381836,1.1077232360839844,265.6842041015625,0.0028529402334243,65.44386291503906,-10.55466079711914,-2.9988670349121094,283.6226501464844,0.0065976390615105,58.22277069091797,-1.209026336669922,-1.028461456298828,290.3021545410156,0.0127254519611597,88.17411041259766,7.356672085734317e-06,5.596217306447215e-06,0.6534246802330017,-4.953260898590088,-0.384805291891098,2.151197259081528e-05,1.814362440200057e-05,58.39522933959961,0.6534246802330017
NEG_20040807_02647,,,2004-08-07 00:00:00,2004-08-07,2004,8,0,,BG,27.5,,,,IBTRACS_ERA5,OBS,0,27.5,292.5,,,1594.8559441649631,train,-0.9238795325112866,0.38268343236509,-0.8660254037844385,-0.5000000000000004,9.132698059082031,-2.509082794189453,218.4686584472656,6.753326306352392e-05,59.27985382080078,6.097011566162109,1.4013900756835938,241.57052612304688,0.0006478631403297,71.11051177978516,8.70029067993164,5.786800384521484,266.42633056640625,0.003812150331214,82.57818603515625,9.37014389038086,11.87417984008789,280.8072204589844,0.0062055448070168,66.2945785522461,7.522785186767578,14.256572723388672,290.3268127441406,0.0102213416248559,70.7117691040039,-8.809218343230896e-06,-9.29950056161033e-06,16.8427734375,8.164586067199707,6.1619720458984375,3.264603219577111e-05,5.740783308283426e-06,57.62583923339844,7.160604476928711
NEG_20040807_03445,,,2004-08-07 00:00:00,2004-08-07,2004,8,0,,BG,22.5,,,,IBTRACS_ERA5,OBS,0,22.5,357.5,,,7860.676624276404,train,-0.0436193873653361,0.9990482215818578,-0.8660254037844385,-0.5000000000000004,10.728279113769531,7.838329315185547,219.96829223632807,3.879427458741702e-05,28.45586585998535,6.196743011474609,5.173728942871094,239.85708618164065,0.0002133061934728,27.628931045532227,-2.63369369506836,3.2824058532714844,265.8685913085937,0.001397491665557,31.60308074951172,-0.3027076721191406,0.6586036682128906,288.3285827636719,0.004196778871119,27.144981384277344,4.849079132080078,-0.6333808898925781,301.1291809082031,0.0052116909064352,18.542673110961918,-8.736724339541979e-07,-1.3147358913556673e-05,10.311880111694336,3.767539978027344,3.263937473297119,4.965134576195851e-05,-4.707694643002469e-07,30.579669952392575,5.974719047546387
NEG_20040807_04325,,,2004-08-07 00:00:00,2004-08-07,2004,8,0,,BG,0.0,,,,IBTRACS_ERA5,OBS,0,0.0,315.0,,,4102.151362791416,train,-0.7071067811865477,0.7071067811865474,-0.8660254037844385,-0.5000000000000004,10.449104309082031,9.843090057373049,218.42752075195312,4.9097965529654175e-05,43.31214141845703,6.291713714599609,-1.2591323852539062,241.38107299804688,0.0001694092352408,18.93571281433105,-10.29250717163086,-1.841495513916016,266.590087890625,0.0019743230659514,42.23220443725586,-11.86716079711914,0.7913551330566406,280.7278747558594,0.0076216319575905,81.86732482910156,-12.560100555419922,3.626140594482422,289.7846984863281,0.0105910692363977,75.85621643066406,-4.925849680148531e-06,1.6734935570639209e-06,23.83430290222168,-3.595790147781372,2.2319915294647217,9.013336239149794e-06,1.9583843823056668e-05,80.22337341308594,5.3474440574646
IBT_2004217N13306_2004080800,2004217N13306,BONNIE,2004-08-08 00:00:00,2004-08-08,2004,8,0,,DS,19.0,278.1000061035156,20.0,1012.0,IBTRACS_ERA5,OBS,1,19.0,278.1000061035156,2004217N13306,BONNIE,0.0,train,-0.9900236427068448,0.1409013374012811,-0.8660254037844385,-0.5000000000000004,-8.802074432373047,3.035507202148437,219.3670196533203,5.657067958964035e-05,44.57749557495117,-8.264274597167969,2.833599090576172,242.2406768798828,0.0005901782424189,60.76063919067383,-4.157085418701172,4.008533477783203,267.7127380371094,0.0036407224833965,71.46807861328125,-5.597679138183594,2.975791931152344,282.3480224609375,0.0071818134747445,69.0709228515625,-8.042972564697266,4.156028747558594,291.24090576171875,0.0115937460213899,75.67149353027344,5.133011200086912e-06,1.1970746527367735e-05,1.353441596031189,-6.972817420959473,3.4018921852111816,9.077634786081036e-06,1.1970746527367735e-05,54.46311569213867,1.353441596031189
IBT_2004217N13306_2004080806,2004217N13306,BONNIE,2004-08-08 06:00:00,2004-08-08,2004,8,6,,DS,19.700000762939453,277.29998779296875,25.0,1010.0,IBTRACS_ERA5,OBS,1,19.700000762939453,277.29998779296875,2004217N13306,BONNIE,0.0,train,-0.9918944696614888,0.1270643972753725,-0.8660254037844385,-0.5000000000000004,-8.802074432373047,3.035507202148437,219.3670196533203,5.657067958964035e-05,44.57749557495117,-8.264274597167969,2.833599090576172,242.2406768798828,0.0005901782424189,60.76063919067383,-4.157085418701172,4.008533477783203,267.7127380371094,0.0036407224833965,71.46807861328125,-5.597679138183594,2.975791931152344,282.3480224609375,0.0071818134747445,69.0709228515625,-8.042972564697266,4.156028747558594,291.24090576171875,0.0115937460213899,75.67149353027344,5.133011200086912e-06,1.1970746527367735e-05,1.353441596031189,-6.972817420959473,3.4018921852111816,9.077634786081036e-06,1.1970746527367735e-05,54.46311569213867,1.353441596031189
IBT_2004217N13306_2004080812,2004217N13306,BONNIE,2004-08-08 12:00:00,2004-08-08,2004,8,12,,TS,20.299999237060547,276.5,25.0,1009.0,IBTRACS_ERA5,OBS,1,20.299999237060547,276.5,2004217N13306,BONNIE,0.0,train,-0.9935718556765876,0.1132032137679065,-0.8660254037844385,-0.5000000000000004,-8.802074432373047,3.035507202148437,219.3670196533203,5.657067958964035e-05,44.57749557495117,-8.264274597167969,2.833599090576172,242.2406768798828,0.0005901782424189,60.76063919067383,-4.157085418701172,4.008533477783203,267.7127380371094,0.0036407224833965,71.46807861328125,-5.597679138183594,2.975791931152344,282.3480224609375,0.0071818134747445,69.0709228515625,-8.042972564697266,4.156028747558594,291.24090576171875,0.0115937460213899,75.67149353027344,5.133011200086912e-06,1.1970746527367735e-05,1.353441596031189,-6.972817420959473,3.4018921852111816,9.077634786081036e-06,1.1970746527367735e-05,54.46311569213867,1.353441596031189
IBT_2004217N13306_2004080818,2004217N13306,BONNIE,2004-08-08 18:00:00,2004-08-08,2004,8,18,,TS,20.899999618530277,275.70001220703125,25.0,1008.0,IBTRACS_ERA5,OBS,1,20.899999618530277,275.70001220703125,2004217N13306,BONNIE,0.0,train,-0.9950555488008442,0.0993199617430988,-0.8660254037844385,-0.5000000000000004,-12.419017791748049,6.8899993896484375,219.2498321533203,4.820879985345528e-05,38.5246467590332,-8.745231628417969,6.264019012451172,242.4134063720703,0.0004989905864931,50.534889221191406,-5.807964324951172,0.4977912902832031,267.2747497558594,0.0029521696269512,59.92079544067383,-6.336936950683594,-1.1736221313476562,283.0401611328125,0.0061737201176583,56.66029739379883,-6.223880767822266,0.9697494506835938,291.45672607421875,0.0116848219186067,75.22927856445312,1.3831031537847591e-06,4.321923370298464e-06,8.569077491760254,-7.906606197357178,2.689587354660034,9.077634786081036e-06,1.1970746527367735e-05,53.563594818115234,1.353441596031189
NEG_20040808_02575,,,2004-08-08 00:00:00,2004-08-08,2004,8,0,,BG,12.5,,,,IBTRACS_ERA5,OBS,0,12.5,0.0,,,8721.227966499331,train,0.0,1.0,-0.8660254037844385,-0.5000000000000004,-13.849681854248049,-0.4034576416015625,219.5074005126953,5.579814751399681e-05,43.23750305175781,-10.726432800292969,-1.174213409423828,242.2650909423828,0.0004676049866247,48.02952575683594,-9.295757293701172,-3.014415740966797,266.6010437011719,0.0032641850411891,69.7645263671875,-9.822776794433594,-3.120155334472656,283.3243408203125,0.0067562065087258,60.8300666809082,0.6547813415527344,-3.6987075805664062,293.08319091796875,0.0132353175431489,76.9120101928711,-3.804052312261774e-06,5.778209015261382e-06,14.874075889587402,-8.607973098754883,-2.2821898460388184,1.0636011211317964e-05,8.030592653085478e-06,60.41280746459961,11.172565460205078
NEG_20040808_03000,,,2004-08-08 00:00:00,2004-08-08,2004,8,0,,BG,42.5,,,,IBTRACS_ERA5,OBS,0,42.5,7.5,,,8546.968744191796,train,0.1305261922200515,0.9914448613738104,-0.8660254037844385,-0.5000000000000004,16.696338653564453,-2.9024810791015625,217.3850250244141,3.2029398425947875e-05,32.0675048828125,16.76355743408203,-1.182880401611328,234.0379180908203,0.0002465946890879,57.2171516418457,16.948871612548828,-1.0919303894042969,261.8993835449219,0.0015332734910771,47.37018203735352,9.430763244628906,1.1049423217773438,279.9671630859375,0.005715852137655,64.69721984863281,2.7271690368652344,3.7777328491210938,291.28204345703125,0.004888015333563,31.820531845092773,-6.313294306892203e-06,-4.85585178466863e-06,15.484280586242676,12.51333999633789,-0.0589233413338661,2.0433011741261e-05,2.6776631784741767e-05,54.3945426940918,8.126408576965332
NEG_20040808_03284,,,2004-08-08 00:00:00,2004-08-08,2004,8,0,,BG,7.5,,,,IBTRACS_ERA5,OBS,0,7.5,280.0,,,1295.107846847348,train,-0.984807753012208,0.1736481776669299,-0.8660254037844385,-0.5000000000000004,-5.612621307373047,0.8836517333984375,219.1327667236328,5.4554369853576645e-05,44.21110534667969,-13.251579284667969,-0.8924751281738281,241.3188018798828,0.0003302162804175,37.13136291503906,-7.843608856201172,2.530506134033203,267.4983825683594,0.0023671351373195,47.23274993896485,-6.146507263183594,1.6933212280273438,284.0784912109375,0.0071886978112161,61.52906799316406,-5.385501861572266,-5.298316955566406,291.74285888671875,0.0132489074021577,83.76808166503906,5.681932179868454e-06,4.352046744315885e-06,6.186139583587647,-7.647963523864746,-0.2166626006364822,2.93409830192104e-05,2.164013494621031e-05,59.6008415222168,2.8927175998687744
NEG_20040808_03364,,,2004-08-08 00:00:00,2004-08-08,2004,8,0,,BG,10.0,,,,IBTRACS_ERA5,OBS,0,10.0,297.5,,,2312.957693629948,train,-0.8870108331782216,0.4617486132350341,-0.8660254037844385,-0.5000000000000004,-5.724193572998047,-1.0579986572265625,218.5994415283203,4.0906765207182616e-05,35.34550857543945,-11.848258972167969,1.493999481201172,240.0391387939453,0.0001825234212446,23.22647857666016,-10.835552215576172,0.6525764465332031,266.8123474121094,0.0016249826876446,34.17136001586914,-8.071800231933594,1.928428649902344,281.2313232421875,0.0066867968998849,69.39078521728516,-6.443851470947266,3.6765365600585938,290.3402709960937,0.0107749570161104,74.4776611328125,-9.94305173662724e-06,-3.5798864246316957e-06,4.788917541503906,-8.584731101989746,1.338708519935608,1.5712750609964132e-05,3.9797220097170793e-07,65.42303466796875,0.3018225729465484
IBT_2004217N13306_2004080900,2004217N13306,BONNIE,2004-08-09 00:00:00,2004-08-09,2004,8,0,,TS,21.5,274.5,25.0,1008.0,IBTRACS_ERA5,OBS,1,21.5,274.5,2004217N13306,BONNIE,0.0,train,-0.996917333733128,0.0784590957278452,-0.8660254037844385,-0.5000000000000004,-4.891754150390625,-4.054618835449219,219.98220825195312,7.845774234738201e-05,57.454246520996094,-4.357200622558594,-2.341552734375,242.1710357666016,0.0006340063409879,65.70745849609375,-5.321792602539063,5.658901214599609,267.9576721191406,0.0036852492485195,71.00657653808594,-5.098705291748047,5.673572540283203,282.560546875,0.0069242264144122,65.6415786743164,-6.347194671630859,7.845706939697266,291.10040283203125,0.0103230886161327,67.9817886352539,-6.833442967035808e-06,4.844962404604303e-06,11.98899745941162,-5.203329563140869,2.55640172958374,1.5029074347694404e-05,1.0565510820015334e-05,52.9160270690918,1.1356488466262815
IBT_2004217N13306_2004080906,2004217N13306,BONNIE,2004-08-09 06:00:00,2004-08-09,2004,8,6,,TS,22.0,273.3999938964844,30.0,1008.0,IBTRACS_ERA5,OBS,1,22.0,273.3999938964844,2004217N13306,BONNIE,0.0,train,-0.9982398342414568,0.0593062672370221,-0.8660254037844385,-0.5000000000000004,-6.974884033203125,-0.8945846557617188,219.96487426757807,6.510094681289047e-05,47.771392822265625,-6.940452575683594,-0.6463623046875,242.6353302001953,0.000621975515969,61.675899505615234,-4.9935455322265625,0.1873435974121093,267.9870910644531,0.0037628470454365,72.3398208618164,-3.126171112060547,1.2098274230957031,282.4346923828125,0.0073918993584811,70.67498779296875,-4.570827484130859,2.7913856506347656,291.37603759765625,0.0113070718944072,73.17049407958984,1.5029074347694404e-05,1.0565510820015334e-05,4.400666236877441,-5.321176052093506,0.5295219421386719,2.13939965760801e-05,1.0565510820015334e-05,52.56295394897461,0.3475914001464844
IBT_2004217N13306_2004080912,2004217N13306,BONNIE,2004-08-09 12:00:00,2004-08-09,2004,8,12,,TS,22.5,272.3999938964844,35.0,1008.0,IBTRACS_ERA5,OBS,1,22.5,272.3999938964844,2004217N13306,BONNIE,0.0,train,-0.9991228345597172,0.0418755472961973,-0.8660254037844385,-0.5000000000000004,-6.974884033203125,-0.8945846557617188,219.96487426757807,6.510094681289047e-05,47.771392822265625,-6.940452575683594,-0.6463623046875,242.6353302001953,0.000621975515969,61.675899505615234,-4.9935455322265625,0.1873435974121093,267.9870910644531,0.0037628470454365,72.3398208618164,-3.126171112060547,1.2098274230957031,282.4346923828125,0.0073918993584811,70.67498779296875,-4.570827484130859,2.7913856506347656,291.37603759765625,0.0113070718944072,73.17049407958984,1.5029074347694404e-05,1.0565510820015334e-05,4.400666236877441,-5.321176052093506,0.5295219421386719,2.13939965760801e-05,1.0565510820015334e-05,52.56295394897461,0.3475914001464844
IBT_2004217N13306_2004080918,2004217N13306,BONNIE,2004-08-09 18:00:00,2004-08-09,2004,8,18,,TS,22.899999618530277,271.70001220703125,40.0,1007.0,IBTRACS_ERA5,OBS,1,22.899999618530277,271.70001220703125,2004217N13306,BONNIE,0.0,train,-0.9995598537988823,0.029666457044224,-0.8660254037844385,-0.5000000000000004,-6.974884033203125,-0.8945846557617188,219.96487426757807,6.510094681289047e-05,47.771392822265625,-6.940452575683594,-0.6463623046875,242.6353302001953,0.000621975515969,61.675899505615234,-4.9935455322265625,0.1873435974121093,267.9870910644531,0.0037628470454365,72.3398208618164,-3.126171112060547,1.2098274230957031,282.4346923828125,0.0073918993584811,70.67498779296875,-4.570827484130859,2.7913856506347656,291.37603759765625,0.0113070718944072,73.17049407958984,1.5029074347694404e-05,1.0565510820015334e-05,4.400666236877441,-5.321176052093506,0.5295219421386719,2.13939965760801e-05,1.0565510820015334e-05,52.56295394897461,0.3475914001464844
IBT_2004223N11301_2004080912,2004223N11301,CHARLEY,2004-08-09 12:00:00,2004-08-09,2004,8,12,,TS,11.399999618530272,300.79998779296875,30.0,1010.0,IBTRACS_ERA5,OBS,1,11.399999618530272,300.79998779296875,2004223N11301,CHARLEY,0.0,train,-0.8589600060228556,0.5120426818666739,-0.8660254037844385,-0.5000000000000004,-12.846099853515623,5.037910461425781,219.11233520507807,7.096525223460048e-05,57.65157699584961,-9.506614685058594,2.669189453125,241.5182037353516,0.0005909419851377,65.18894958496094,-11.101089477539062,0.1923484802246093,267.2451477050781,0.003763927379623,76.57026672363281,-11.998607635498049,0.5090217590332031,281.989501953125,0.007763460278511,76.50473022460938,-12.06692123413086,-0.2910118103027344,290.12847900390625,0.0125816874206066,88.1512451171875,3.415935498196632e-05,2.2128087948658504e-05,5.385585784912109,-11.503866195678713,1.623491644859314,3.415935498196632e-05,2.2128087948658504e-05,66.25177001953125,3.444776058197021
IBT_2004223N11301_2004080918,2004223N11301,CHARLEY,2004-08-09 18:00:00,2004-08-09,2004,8,18,,TS,11.699999809265137,298.8999938964844,30.0,1009.0,IBTRACS_ERA5,OBS,1,11.699999809265137,298.8999938964844,2004223N11301,CHARLEY,0.0,train,-0.8754645784823663,0.4832822899948774,-0.8660254037844385,-0.5000000000000004,-12.846099853515623,5.037910461425781,219.11233520507807,7.096525223460048e-05,57.65157699584961,-9.506614685058594,2.669189453125,241.5182037353516,0.0005909419851377,65.18894958496094,-11.101089477539062,0.1923484802246093,267.2451477050781,0.003763927379623,76.57026672363281,-11.998607635498049,0.5090217590332031,281.989501953125,0.007763460278511,76.50473022460938,-12.06692123413086,-0.2910118103027344,290.12847900390625,0.0125816874206066,88.1512451171875,3.415935498196632e-05,2.2128087948658504e-05,5.385585784912109,-11.503866195678713,1.623491644859314,3.415935498196632e-05,2.2128087948658504e-05,66.25177001953125,3.444776058197021
NEG_20040809_00341,,,2004-08-09 00:00:00,2004-08-09,2004,8,0,,BG,42.5,,,,IBTRACS_ERA5,OBS,0,42.5,355.0,,,6249.100546145111,train,-0.0871557427476583,0.9961946980917455,-0.8660254037844385,-0.5000000000000004,26.44393920898437,32.51862335205078,219.73928833007807,4.174454443273135e-05,31.46540641784668,23.097389221191406,33.51318359375,235.83448791503903,0.0003233059542253,62.4411506652832,19.052474975585938,18.87813949584961,261.0289611816406,0.0017461612587794,57.84881591796875,10.346607208251951,8.341785430908203,276.114990234375,0.002887740265578,42.81413650512695,4.265110015869141,3.8151893615722656,286.20928955078125,0.0077920965850353,70.39949035644531,2.508796796973911e-06,1.7251495592063293e-05,36.27378463745117,16.641103744506836,19.41338157653809,2.7654459699988365e-05,4.900220665149391e-05,52.02392959594727,2.70235013961792
NEG_20040809_00776,,,2004-08-09 00:00:00,2004-08-09,2004,8,0,,BG,12.5,,,,IBTRACS_ERA5,OBS,0,12.5,265.0,,,1356.1685896968957,train,-0.9961946980917455,-0.0871557427476582,-0.8660254037844385,-0.5000000000000004,-14.797027587890623,5.789863586425781,219.25112915039065,4.9468468205304816e-05,39.525150299072266,-11.407493591308594,4.906982421875,240.9919586181641,0.000212478582398,24.655704498291016,-10.235366821289062,3.3473777770996094,267.0636291503906,0.0019235595827922,39.67852783203125,-10.021068572998049,-1.4511833190917969,282.855224609375,0.004662677180022,43.33001708984375,-6.112331390380859,0.1193885803222656,292.11798095703125,0.0104501657187938,64.52572631835938,-8.58561361383181e-06,4.396072654344607e-06,10.371993064880373,-10.514657974243164,2.54248571395874,2.343288178963121e-05,1.5252498997142538e-05,54.12759780883789,2.662705183029175
NEG_20040809_01447,,,2004-08-09 00:00:00,2004-08-09,2004,8,0,,BG,37.5,,,,IBTRACS_ERA5,OBS,0,37.5,297.5,,,2835.5138668649465,train,-0.8870108331782216,0.4617486132350341,-0.8660254037844385,-0.5000000000000004,32.204681396484375,14.49762725830078,220.24411010742188,1.763586260494776e-05,12.51962184906006,24.939430236816406,11.39501953125,235.1901397705078,0.0002290244592586,47.22357177734375,16.115585327148438,7.389858245849609,263.5908508300781,0.000705434300471,19.056644439697266,11.788013458251951,3.681140899658203,279.09228515625,0.0010737623088061,12.913125991821287,6.711521148681641,0.6402626037597656,284.3319702148437,0.0072867390699684,74.55474853515625,-2.887695700337645e-07,-2.093927832902409e-06,29.0159912109375,18.35184669494629,7.520781517028809,2.029899951594416e-05,4.381760663818568e-05,38.30845642089844,13.61734104156494
NEG_20040809_03207,,,2004-08-09 00:00:00,2004-08-09,2004,8,0,,BG,0.0,,,,IBTRACS_ERA5,OBS,0,0.0,262.5,,,2716.660763826041,train,-0.9914448613738104,-0.1305261922200516,-0.8660254037844385,-0.5000000000000004,7.730560302734375,-4.422782897949219,220.27017211914065,1.9664283172460276e-05,13.916563987731934,-0.5451889038085938,-2.14208984375,240.2628326416016,5.49546821275726e-05,6.842765808105469,-0.0847320556640625,-1.8181495666503904,268.3460998535156,0.0002320393396075,4.341029167175293,-9.484935760498049,-2.278331756591797,283.1376953125,0.0039792503230273,36.28079605102539,-7.547634124755859,-4.106685638427734,288.26788330078125,0.0118975453078746,93.96792602539062,-5.289442924549803e-06,4.463674486032687e-06,15.281463623046877,-1.9863860607147217,-2.95360803604126,1.1764506098188576e-06,1.4719170394528192e-05,37.92418670654297,2.4501514434814453
NEG_20040809_03407,,,2004-08-09 00:00:00,2004-08-09,2004,8,0,,BG,37.5,,,,IBTRACS_ERA5,OBS,0,37.5,0.0,,,6534.421629317856,train,0.0,1.0,-0.8660254037844385,-0.5000000000000004,8.009368896484375,1.4361038208007812,217.35623168945312,4.130682282266207e-05,41.50163650512695,6.571998596191406,3.305419921875,238.5583648681641,0.0002003117988351,29.468242645263672,13.254135131835938,10.88473129272461,266.8063049316406,0.0006243570824153,13.135538101196287,11.361255645751951,9.323474884033203,282.778076171875,0.0040149833075702,37.50603103637695,8.81637954711914,4.015140533447266,293.01324462890625,0.0066535882651805,38.83464050292969,7.985305273905396e-06,1.3578754078480417e-05,2.70235013961792,9.602627754211426,5.79297399520874,3.239340730942786e-05,1.7251495592063293e-05,45.294464111328125,2.70235013961792
NEG_20040809_04307,,,2004-08-09 00:00:00,2004-08-09,2004,8,0,,BG,15.0,,,,IBTRACS_ERA5,OBS,0,15.0,332.5,,,3452.0252080549467,train,-0.4617486132350336,0.8870108331782218,-0.8660254037844385,-0.5000000000000004,-0.516510009765625,8.373115539550781,219.01187133789065,2.5444071070523933e-05,20.921119689941406,1.5011978149414062,8.619384765625,241.89588928222656,0.0002743183868005,29.186426162719727,-4.166275024414063,1.8649559020996092,267.9667053222656,0.0012004658346995,23.114444732666016,-3.658275604248047,2.893054962158203,283.491455078125,0.0058315242640674,51.91765213012695,-2.45583724975586,0.6196327209472656,290.02642822265625,0.0081431083381176,57.42694854736328,1.2564654753077775e-05,-7.433634436893044e-06,7.992339134216309,-1.8591400384902956,4.474028587341309,1.7320237020612694e-05,1.3548651622841136e-05,47.5365104675293,4.448653697967529
IBT_2004217N13306_2004081000,2004217N13306,BONNIE,2004-08-10 00:00:00,2004-08-10,2004,8,0,,TS,23.100000381469727,271.0,45.0,1006.0,IBTRACS_ERA5,OBS,1,23.100000381469727,271.0,2004217N13306,BONNIE,0.0,train,-0.9998476951563912,0.0174524064372831,-0.8660254037844385,-0.5000000000000004,-7.387863159179687,-6.497383117675781,219.9684295654297,7.654036744497716e-05,56.1419792175293,-5.3766632080078125,-1.04736328125,242.14566040039065,0.0006034416728653,62.69124984741211,-1.8228530883789065,2.107406616210937,267.79425048828125,0.0037239044904708,72.64872741699219,1.469696044921875,-0.8072509765625,282.0030822753906,0.0065024560317397,64.01908874511719,-1.099750518798828,2.15911865234375,291.9044494628906,0.0107238432392477,67.11406707763672,6.53528377370094e-06,1.876991700555664e-05,10.69931697845459,-2.843486785888672,-0.8170944452285767,2.5692759663797915e-05,1.876991700555664e-05,52.58111953735352,3.3174846172332764
IBT_2004217N13306_2004081006,2004217N13306,BONNIE,2004-08-10 06:00:00,2004-08-10,2004,8,6,,TS,23.399999618530277,270.20001220703125,45.0,1005.0,IBTRACS_ERA5,OBS,1,23.399999618530277,270.20001220703125,2004217N13306,BONNIE,0.0,train,-0.9999939069140744,0.0034908644668125,-0.8660254037844385,-0.5000000000000004,-7.387863159179687,-6.497383117675781,219.9684295654297,7.654036744497716e-05,56.1419792175293,-5.3766632080078125,-1.04736328125,242.14566040039065,0.0006034416728653,62.69124984741211,-1.8228530883789065,2.107406616210937,267.79425048828125,0.0037239044904708,72.64872741699219,1.469696044921875,-0.8072509765625,282.0030822753906,0.0065024560317397,64.01908874511719,-1.099750518798828,2.15911865234375,291.9044494628906,0.0107238432392477,67.11406707763672,6.53528377370094e-06,1.876991700555664e-05,10.69931697845459,-2.843486785888672,-0.8170944452285767,2.5692759663797915e-05,1.876991700555664e-05,52.58111953735352,3.3174846172332764
IBT_2004217N13306_2004081012,2004217N13306,BONNIE,2004-08-10 12:00:00,2004-08-10,2004,8,12,,TS,24.0,269.3999938964844,50.0,1002.0,IBTRACS_ERA5,OBS,1,24.0,269.3999938964844,2004217N13306,BONNIE,0.0,train,-0.9999451682499846,-0.0104718906368489,-0.8660254037844385,-0.5000000000000004,-0.1976776123046875,-0.9951858520507812,220.4081268310547,7.503348751924932e-05,52.24190139770508,-1.2418975830078125,-4.304931640625,241.75796508789065,0.0002971929789055,32.04001235961914,-3.1316909790039062,1.9677581787109373,268.02703857421875,0.0033250746782869,63.73004150390625,-3.054718017578125,2.768310546875,283.1459045410156,0.0068596070632338,62.50784683227539,-2.616596221923828,3.75018310546875,291.4730529785156,0.0119117638096213,76.61106872558594,1.1842217645607889e-05,1.3693352229893208e-08,5.326320648193359,-2.048516035079956,0.6372268795967102,2.7837064408231527e-05,1.876991700555664e-05,56.54392623901367,3.3174846172332764
IBT_2004217N13306_2004081018,2004217N13306,BONNIE,2004-08-10 18:00:00,2004-08-10,2004,8,18,,TS,24.399999618530277,269.3999938964844,45.0,1003.0,IBTRACS_ERA5,OBS,1,24.399999618530277,269.3999938964844,2004217N13306,BONNIE,0.0,train,-0.9999451682499846,-0.0104718906368489,-0.8660254037844385,-0.5000000000000004,-0.1976776123046875,-0.9951858520507812,220.4081268310547,7.503348751924932e-05,52.24190139770508,-1.2418975830078125,-4.304931640625,241.75796508789065,0.0002971929789055,32.04001235961914,-3.1316909790039062,1.9677581787109373,268.02703857421875,0.0033250746782869,63.73004150390625,-3.054718017578125,2.768310546875,283.1459045410156,0.0068596070632338,62.50784683227539,-2.616596221923828,3.75018310546875,291.4730529785156,0.0119117638096213,76.61106872558594,1.1842217645607889e-05,1.3693352229893208e-08,5.326320648193359,-2.048516035079956,0.6372268795967102,2.7837064408231527e-05,1.876991700555664e-05,56.54392623901367,3.3174846172332764
IBT_2004223N11301_2004081000,2004223N11301,CHARLEY,2004-08-10 00:00:00,2004-08-10,2004,8,0,,TS,12.199999809265137,296.79998779296875,30.0,1009.0,IBTRACS_ERA5,OBS,1,12.199999809265137,296.79998779296875,2004223N11301,CHARLEY,0.0,train,-0.8925859145128671,0.4508773505214347,-0.8660254037844385,-0.5000000000000004,-6.330368041992188,-0.6986770629882812,218.5665740966797,5.764825618825853e-05,50.00875854492188,-9.342239379882812,1.912353515625,241.88796997070312,0.0004194868088234,44.66558074951172,-7.152320861816406,5.1684417724609375,266.7420654296875,0.0036312192678451,76.77296447753906,-10.458038330078123,7.24810791015625,281.3614807128906,0.0077057098969817,79.25616455078125,-6.859027862548828,6.99835205078125,290.9243469238281,0.0114690205082297,76.3781967163086,1.3304340427566784e-05,9.29879843170056e-06,7.715162754058838,-8.028398513793945,4.125715732574463,3.870272121275775e-05,2.5117265977314677e-05,67.3524398803711,3.041311025619507
IBT_2004223N11301_2004081006,2004223N11301,CHARLEY,2004-08-10 06:00:00,2004-08-10,2004,8,6,,TS,12.899999618530272,294.70001220703125,35.0,1007.0,IBTRACS_ERA5,OBS,1,12.899999618530272,294.70001220703125,2004223N11301,CHARLEY,0.0,train,-0.9085080884989148,0.4178672673613573,-0.8660254037844385,-0.5000000000000004,-8.181808471679688,-1.2290725708007812,218.7660369873047,6.915684207342565e-05,58.56819915771485,-7.636428833007812,0.17333984375,241.86672973632807,0.0005538841360248,59.09563064575195,-5.459571838378906,2.996810913085937,266.91082763671875,0.0036762652453035,76.72562408447266,-7.668975830078125,7.2596435546875,281.7943420410156,0.0075846379622817,75.7416000366211,-4.867816925048828,6.17742919921875,290.6791076660156,0.0121962567791342,82.49921417236328,3.133902282570489e-05,2.5117265977314677e-05,8.11411190032959,-6.762920379638672,3.075630187988281,3.870272121275775e-05,2.5117265977314677e-05,69.67497253417969,3.041311025619507
IBT_2004223N11301_2004081012,2004223N11301,CHARLEY,2004-08-10 12:00:00,2004-08-10,2004,8,12,,TS,13.800000190734863,292.3999938964844,40.0,1004.0,IBTRACS_ERA5,OBS,1,13.800000190734863,292.3999938964844,2004223N11301,CHARLEY,0.0,train,-0.9245460742063796,0.3810702778616713,-0.8660254037844385,-0.5000000000000004,-11.085128784179688,4.160331726074219,219.1561737060547,7.419157191179693e-05,59.956764221191406,-8.117385864257812,3.74951171875,241.95193481445312,0.0005859812372364,62.01321029663086,-13.910987854003906,1.8461761474609373,267.7626342773437,0.0027718842029571,54.20629119873047,-14.150421142578123,6.15234375,282.1366271972656,0.0073693459853529,71.8985595703125,-14.012348175048828,4.98553466796875,290.5792541503906,0.0124347349628806,84.64938354492188,3.361479321029037e-05,1.9678853277582675e-05,3.041311025619507,-12.255254745483398,4.178779602050781,3.870272121275775e-05,2.5117265977314677e-05,59.96064758300781,1.1859713792800903
IBT_2004223N11301_2004081018,2004223N11301,CHARLEY,2004-08-10 18:00:00,2004-08-10,2004,8,18,,TS,14.899999618530272,290.20001220703125,45.0,1000.0,IBTRACS_ERA5,OBS,1,14.899999618530272,290.20001220703125,2004223N11301,CHARLEY,0.0,train,-0.9384929491927564,0.3452983989471751,-0.8660254037844385,-0.5000000000000004,-11.362716674804688,6.011650085449219,218.9791717529297,6.391070201061666e-05,52.75654983520508,-6.6872100830078125,2.374755859375,241.81704711914065,0.0003759232640732,40.299415588378906,-12.720069885253906,-3.1967926025390625,267.63592529296875,0.0024859604891389,49.08626556396485,-11.098175048828123,-0.316650390625,282.8260803222656,0.0077446168288588,72.11217498779297,-11.777729034423828,-0.15899658203125,290.9374084472656,0.0125857731327414,83.74564361572266,2.5773882953217253e-05,8.235739187512081e-06,6.184587001800537,-10.729180335998535,0.9427932500839232,3.870272121275775e-05,2.5117265977314677e-05,57.93280792236328,1.1859713792800903
NEG_20040810_00487,,,2004-08-10 00:00:00,2004-08-10,2004,8,0,,BG,42.5,,,,IBTRACS_ERA5,OBS,0,42.5,7.5,,,7517.632192822755,train,0.1305261922200515,0.9914448613738104,-0.8660254037844385,-0.5000000000000004,15.620803833007812,2.6704635620117188,216.0673675537109,5.0103848479921e-05,58.98556518554688,15.922653198242188,2.682861328125,237.9244079589844,0.0002867919683922,44.92124557495117,13.525291442871094,6.1462249755859375,265.7781982421875,0.0010729578789323,24.43426322937012,11.465789794921877,6.13958740234375,283.3386535644531,0.0051683252677321,46.48863983154297,1.897686004638672,3.10040283203125,292.2540588378906,0.0072985724546015,44.680912017822266,8.489881111017894e-06,-2.7134974516229704e-05,13.729850769042969,11.686445236206056,4.1479082107543945,2.608456452435348e-05,1.0983090760419144e-05,55.16297912597656,3.619972944259644
NEG_20040810_00936,,,2004-08-10 00:00:00,2004-08-10,2004,8,0,,BG,22.5,,,,IBTRACS_ERA5,OBS,0,22.5,282.5,,,1170.6795213431135,train,-0.9762960071199336,0.2164396139381024,-0.8660254037844385,-0.5000000000000004,-13.367355346679688,-2.880928039550781,219.1035003662109,3.356542219989933e-05,27.29715347290039,-6.3424835205078125,-0.73974609375,240.54031372070312,0.0002146014303434,26.012374877929688,-1.8973159790039065,-1.6190338134765625,267.042236328125,0.0024923754390329,51.49614715576172,-4.646636962890625,-0.6641845703125,283.4774475097656,0.0030104585457593,26.82716178894043,-6.428485870361328,-0.01019287109375,291.4669494628906,0.010084374807775,64.88322448730469,5.191363925405312e-07,-1.7390404536854476e-05,7.509263038635254,-6.536455631256104,-1.1828171014785769,3.991362063970882e-06,-1.3099906936986372e-06,48.96791458129883,2.0701568126678467
NEG_20040810_01768,,,2004-08-10 00:00:00,2004-08-10,2004,8,0,,BG,37.5,,,,IBTRACS_ERA5,OBS,0,37.5,265.0,,,1515.3474076156654,train,-0.9961946980917455,-0.0871557427476582,-0.8660254037844385,-0.5000000000000004,31.270095825195312,-6.759590148925781,217.3596649169922,4.28055391239468e-05,42.98937225341797,14.729782104492188,-4.763916015625,236.34292602539065,0.0002041762054432,37.45948791503906,9.363182067871094,-6.183609008789063,263.7001342773437,0.0012833175715059,34.370506286621094,6.773895263671875,-4.66650390625,280.0260314941406,0.0052774911746382,59.49321365356445,2.026226043701172,-1.88385009765625,290.3236389160156,0.0100642582401633,69.63917541503906,-2.3266989956027828e-05,-1.8050865037366748e-05,29.64754295349121,12.832635879516602,-4.851493835449219,2.696523370104842e-05,2.197076173615642e-05,51.98851013183594,21.44081687927246
IBT_2004217N13306_2004081100,2004217N13306,BONNIE,2004-08-11 00:00:00,2004-08-11,2004,8,0,,TS,24.700000762939453,269.3999938964844,40.0,1003.0,IBTRACS_ERA5,OBS,1,24.700000762939453,269.3999938964844,2004217N13306,BONNIE,0.0,train,-0.9999451682499846,-0.0104718906368489,-0.8660254037844385,-0.5000000000000004,3.9402122497558594,-0.7176399230957031,220.0956573486328,8.407417044509202e-05,60.7435417175293,1.4095191955566406,-0.6802558898925781,242.00282287597656,0.000685560691636,72.19981384277344,2.005897521972656,5.046730041503906,268.2133483886719,0.0033941366709768,64.1402587890625,3.1715316772460938,4.205295562744141,282.8749389648437,0.0077547552064061,71.96863555908203,3.338050842285156,8.44662094116211,291.775146484375,0.0140053145587444,88.36997985839844,2.4289849534397945e-05,1.579776289872825e-05,9.184022903442385,2.7730422019958496,3.260150194168091,2.4289849534397945e-05,1.579776289872825e-05,57.14665222167969,1.9973788261413572
IBT_2004217N13306_2004081106,2004217N13306,BONNIE,2004-08-11 06:00:00,2004-08-11,2004,8,6,,TS,25.200000762939453,269.3999938964844,40.0,1003.0,IBTRACS_ERA5,OBS,1,25.200000762939453,269.3999938964844,2004217N13306,BONNIE,0.0,train,-0.9999451682499846,-0.0104718906368489,-0.8660254037844385,-0.5000000000000004,3.9402122497558594,-0.7176399230957031,220.0956573486328,8.407417044509202e-05,60.7435417175293,1.4095191955566406,-0.6802558898925781,242.00282287597656,0.000685560691636,72.19981384277344,2.005897521972656,5.046730041503906,268.2133483886719,0.0033941366709768,64.1402587890625,3.1715316772460938,4.205295562744141,282.8749389648437,0.0077547552064061,71.96863555908203,3.338050842285156,8.44662094116211,291.775146484375,0.0140053145587444,88.36997985839844,2.4289849534397945e-05,1.579776289872825e-05,9.184022903442385,2.7730422019958496,3.260150194168091,2.4289849534397945e-05,1.579776289872825e-05,57.14665222167969,1.9973788261413572
IBT_2004217N13306_2004081112,2004217N13306,BONNIE,2004-08-11 12:00:00,2004-08-11,2004,8,12,,TS,25.700000762939453,269.6000061035156,45.0,1001.0,IBTRACS_ERA5,OBS,1,25.700000762939453,269.6000061035156,2004217N13306,BONNIE,0.0,train,-0.999975631449078,-0.0069811537741135,-0.8660254037844385,-0.5000000000000004,3.9402122497558594,-0.7176399230957031,220.0956573486328,8.407417044509202e-05,60.7435417175293,1.4095191955566406,-0.6802558898925781,242.00282287597656,0.000685560691636,72.19981384277344,2.005897521972656,5.046730041503906,268.2133483886719,0.0033941366709768,64.1402587890625,3.1715316772460938,4.205295562744141,282.8749389648437,0.0077547552064061,71.96863555908203,3.338050842285156,8.44662094116211,291.775146484375,0.0140053145587444,88.36997985839844,2.4289849534397945e-05,1.579776289872825e-05,9.184022903442385,2.7730422019958496,3.260150194168091,2.4289849534397945e-05,1.579776289872825e-05,57.14665222167969,1.9973788261413572
IBT_2004217N13306_2004081118,2004217N13306,BONNIE,2004-08-11 18:00:00,2004-08-11,2004,8,18,,TS,26.399999618530277,270.3999938964844,55.0,1001.0,IBTRACS_ERA5,OBS,1,26.399999618530277,270.3999938964844,2004217N13306,BONNIE,0.0,train,-0.999975631449078,0.006981153774114,-0.8660254037844385,-0.5000000000000004,9.15017318725586,2.016490936279297,219.8096466064453,7.390040263999254e-05,55.23862457275391,9.08920669555664,-0.993244171142578,242.1607818603516,0.0003394178929738,35.2111701965332,4.259559631347656,2.9063491821289062,267.5400085449219,0.0027833231724798,55.36113357543945,0.1393051147460937,4.300510406494141,282.70672607421875,0.0073350789025425,68.85208129882812,-1.3435897827148438,5.305263519287109,291.343505859375,0.0120622031390666,78.21829986572266,1.8809843822964467e-05,-7.484068191843107e-07,10.99704933166504,4.2589311599731445,2.707073926925659,2.4289849534397945e-05,1.579776289872825e-05,56.36612319946289,1.9973788261413572
IBT_2004223N11301_2004081100,2004223N11301,CHARLEY,2004-08-11 00:00:00,2004-08-11,2004,8,0,,TS,15.600000381469728,288.20001220703125,55.0,999.0,IBTRACS_ERA5,OBS,1,15.600000381469728,288.20001220703125,2004223N11301,CHARLEY,0.0,train,-0.9499719849807748,0.3123351209065135,-0.8660254037844385,-0.5000000000000004,-5.004611968994141,-3.356800079345703,220.0298614501953,8.392702147830278e-05,61.112552642822266,-4.190578460693359,0.5399589538574219,242.30409240722656,0.0004987038555555,51.0339241027832,-3.090049743652344,4.289894104003906,266.9593200683594,0.0035036897752434,72.85263061523438,-7.583839416503906,9.41257095336914,282.7260131835937,0.0077036148868501,72.21717071533203,-10.912681579589844,8.43685531616211,292.22265625,0.0118730776011943,72.82941436767578,3.4673688787734136e-05,2.447125370963477e-05,13.190738677978516,-6.156352043151856,3.864495754241944,3.982346242992208e-05,2.7166599465999752e-05,61.977840423583984,2.154900312423706
IBT_2004223N11301_2004081106,2004223N11301,CHARLEY,2004-08-11 06:00:00,2004-08-11,2004,8,6,,TS,16.0,286.29998779296875,55.0,999.0,IBTRACS_ERA5,OBS,1,16.0,286.29998779296875,2004223N11301,CHARLEY,0.0,train,-0.959805351772018,0.2806665044314925,-0.8660254037844385,-0.5000000000000004,-5.004611968994141,-3.356800079345703,220.0298614501953,8.392702147830278e-05,61.112552642822266,-4.190578460693359,0.5399589538574219,242.30409240722656,0.0004987038555555,51.0339241027832,-3.090049743652344,4.289894104003906,266.9593200683594,0.0035036897752434,72.85263061523438,-7.583839416503906,9.41257095336914,282.7260131835937,0.0077036148868501,72.21717071533203,-10.912681579589844,8.43685531616211,292.22265625,0.0118730776011943,72.82941436767578,3.4673688787734136e-05,2.447125370963477e-05,13.190738677978516,-6.156352043151856,3.864495754241944,3.982346242992208e-05,2.7166599465999752e-05,61.977840423583984,2.154900312423706
IBT_2004223N11301_2004081112,2004223N11301,CHARLEY,2004-08-11 12:00:00,2004-08-11,2004,8,12,,TS,16.299999237060547,284.6000061035156,60.0,995.0,IBTRACS_ERA5,OBS,1,16.299999237060547,284.6000061035156,2004223N11301,CHARLEY,0.0,train,-0.9677091436299134,0.2520694613297286,-0.8660254037844385,-0.5000000000000004,-8.48703384399414,9.648815155029297,219.9735870361328,7.258910045493394e-05,53.21115112304688,-9.62368392944336,5.173748016357422,242.37599182128903,0.0005870789173059,59.667945861816406,-10.671104431152344,1.8982925415039065,267.5115661621094,0.0027840086258947,55.49501800537109,-11.567726135253906,4.796604156494141,282.05047607421875,0.0071213371120393,69.88670349121094,-14.573081970214844,3.665370941162109,290.93798828125,0.0126205198466777,83.97373962402344,1.7076014046324417e-05,2.7166599465999752e-05,8.534728050231934,-10.984525680541992,5.036566257476807,3.982346242992208e-05,2.7166599465999752e-05,56.53654479980469,2.154900312423706
IBT_2004223N11301_2004081118,2004223N11301,CHARLEY,2004-08-11 18:00:00,2004-08-11,2004,8,18,,TS,16.700000762939453,283.20001220703125,65.0,993.0,IBTRACS_ERA5,OBS,1,16.700000762939453,283.20001220703125,2004223N11301,CHARLEY,0.0,train,-0.973578854222326,0.2283510775344465,-0.8660254037844385,-0.5000000000000004,-4.994113922119141,8.070568084716797,219.4944610595703,5.796687037218362e-05,44.98746871948242,-4.823635101318359,4.137981414794922,241.8461456298828,0.0002979647251777,31.85340690612793,-7.140342712402344,-4.519309997558594,267.5774841308594,0.0016767778433859,33.25644302368164,-9.854103088378906,-1.6028099060058594,282.7719116210937,0.0067534721456468,63.11396789550781,-10.195884704589844,-1.4014015197753906,291.3946533203125,0.0122508518397808,79.18439483642578,9.544138265482616e-06,9.069205589185003e-06,10.806323051452637,-7.401616096496582,0.9370056390762328,3.982346242992208e-05,2.7166599465999752e-05,55.1032829284668,2.154900312423706
NEG_20040811_02980,,,2004-08-11 00:00:00,2004-08-11,2004,8,0,,BG,45.0,,,,IBTRACS_ERA5,OBS,0,45.0,290.0,,,2707.1969379240986,train,-0.9396926207859084,0.342020143325669,-0.8660254037844385,-0.5000000000000004,21.55544662475586,6.949840545654297,214.0917510986328,2.922113344538957e-05,44.049930572509766,18.01401138305664,8.177654266357422,233.2286529541016,0.0001734301185933,43.754154205322266,12.728553771972656,7.033546447753906,260.7387390136719,0.0017181136645376,58.26704025268555,9.778465270996094,8.24240493774414,276.6796264648437,0.0054042465053498,76.97724151611328,7.125160217285156,8.26546859741211,287.015380859375,0.0088214986026287,75.59408569335938,5.025281097914558e-06,-2.1183437638683245e-05,14.49013614654541,13.840327262878418,7.733782768249512,3.6916379031026736e-05,3.627839760156348e-05,62.02763748168945,10.057899475097656
IBT_2004217N13306_2004081200,2004217N13306,BONNIE,2004-08-12 00:00:00,2004-08-12,2004,8,0,,TS,27.0,271.20001220703125,50.0,1007.0,IBTRACS_ERA5,OBS,1,27.0,271.20001220703125,2004217N13306,BONNIE,0.0,train,-0.9997806790129796,0.0209426328895172,-0.8660254037844385,-0.5000000000000004,14.879650115966797,2.0256118774414062,220.4071044921875,4.540276859188453e-05,31.61540412902832,13.380123138427734,1.877178192138672,242.2423858642578,0.0004378172452561,45.06727600097656,10.137657165527344,0.7543525695800781,267.16455078125,0.0028054467402398,57.42455291748047,6.280479431152344,-0.5555839538574219,281.9378356933594,0.0083815334364771,82.8862075805664,4.214149475097656,-1.542011260986328,290.8004150390625,0.0110370982438325,74.08372497558594,1.7355156160192564e-05,6.868320724606747e-06,11.246370315551758,9.778411865234377,0.5119094848632812,2.7621279514278285e-05,1.844374673964921e-05,58.72916412353516,3.849087715148926
IBT_2004217N13306_2004081206,2004217N13306,BONNIE,2004-08-12 06:00:00,2004-08-12,2004,8,6,,TS,27.700000762939453,271.8999938964844,45.0,1008.0,IBTRACS_ERA5,OBS,1,27.700000762939453,271.8999938964844,2004217N13306,BONNIE,0.0,train,-0.9994502194736548,0.0331550719206493,-0.8660254037844385,-0.5000000000000004,9.795177459716797,6.995460510253906,220.0350341796875,7.421416376018897e-05,54.00682830810547,9.890499114990234,5.755352020263672,242.5802764892578,0.0005297089810483,52.801883697509766,9.969688415527344,4.632282257080078,267.302734375,0.0032843104563653,66.51991271972656,7.346641540527344,4.561847686767578,282.2328796386719,0.0079456595703959,77.01640319824219,5.200111389160156,3.724224090576172,291.0360107421875,0.0118164885789155,78.13546752929688,2.7621279514278285e-05,1.435162266716361e-05,5.640533447265625,8.440423965454102,5.133833408355713,2.7621279514278285e-05,1.844374673964921e-05,62.22136306762695,3.849087715148926
IBT_2004217N13306_2004081212,2004217N13306,BONNIE,2004-08-12 12:00:00,2004-08-12,2004,8,12,,TS,29.0,273.8999938964844,45.0,1002.0,IBTRACS_ERA5,OBS,1,29.0,273.8999938964844,2004217N13306,BONNIE,0.0,train,-0.9976842860810268,0.0680151843854896,-0.8660254037844385,-0.5000000000000004,18.2668571472168,15.602027893066406,219.91943359375,8.31455472507514e-05,61.34294891357422,13.351558685302734,11.942607879638672,241.6614532470703,0.0005219268496148,56.79060363769531,10.607139587402344,7.618610382080078,266.2872314453125,0.0031782439909875,69.58802795410156,5.001182556152344,5.761798858642578,281.7901306152344,0.0069714062847197,69.63773345947266,2.918251037597656,6.303447723388672,290.3465576171875,0.0110986698418855,76.68439483642578,2.071811286441516e-05,1.124378468375653e-05,17.94556427001953,10.028997421264648,9.445698738098145,2.7621279514278285e-05,1.5775629435665905e-05,66.01359558105469,3.849087715148926
IBT_2004217N13306_2004081218,2004217N13306,BONNIE,2004-08-12 18:00:00,2004-08-12,2004,8,18,,TS,30.200000762939453,276.0,30.0,1006.0,IBTRACS_ERA5,OBS,1,30.200000762939453,276.0,2004217N13306,BONNIE,0.0,train,-0.9945218953682734,0.1045284632676529,-0.8660254037844385,-0.5000000000000004,18.2668571472168,15.602027893066406,219.91943359375,8.31455472507514e-05,61.34294891357422,13.351558685302734,11.942607879638672,241.6614532470703,0.0005219268496148,56.79060363769531,10.607139587402344,7.618610382080078,266.2872314453125,0.0031782439909875,69.58802795410156,5.001182556152344,5.761798858642578,281.7901306152344,0.0069714062847197,69.63773345947266,2.918251037597656,6.303447723388672,290.3465576171875,0.0110986698418855,76.68439483642578,2.071811286441516e-05,1.124378468375653e-05,17.94556427001953,10.028997421264648,9.445698738098145,2.7621279514278285e-05,1.5775629435665905e-05,66.01359558105469,3.849087715148926
IBT_2004223N11301_2004081200,2004223N11301,CHARLEY,2004-08-12 00:00:00,2004-08-12,2004,8,0,,TS,17.399999618530273,281.8999938964844,65.0,992.0,IBTRACS_ERA5,OBS,1,17.399999618530273,281.8999938964844,2004223N11301,CHARLEY,0.0,train,-0.9785090070679714,0.2062040811595464,-0.8660254037844385,-0.5000000000000004,-2.654041290283203,-0.0951156616210937,220.0509033203125,8.174111280823126e-05,59.372371673583984,-4.128543853759766,3.624736785888672,242.6902618408203,0.0006849418277852,67.56664276123047,-1.893714904785156,8.134601593017578,266.86065673828125,0.0031929365359246,66.89512634277344,-5.821327209472656,11.807697296142578,282.5846862792969,0.0071271089836955,67.45458984375,-11.104454040527344,12.034526824951172,291.36083984375,0.0122263003140687,79.1953125,2.773166124825366e-05,2.450072133797221e-05,14.783020973205566,-5.120416164398193,7.10128927230835,5.60770567972213e-05,4.237714529153891e-05,53.176883697509766,2.7063839435577397
IBT_2004223N11301_2004081206,2004223N11301,CHARLEY,2004-08-12 06:00:00,2004-08-12,2004,8,6,,TS,18.200000762939453,280.70001220703125,75.0,988.0,IBTRACS_ERA5,OBS,1,18.200000762939453,280.70001220703125,2004223N11301,CHARLEY,0.0,train,-0.9826127569867844,0.1856668247340661,-0.8660254037844385,-0.5000000000000004,-6.798084259033203,-0.3301010131835937,220.7060546875,8.853511099005118e-05,59.51176452636719,4.131832122802734,1.327129364013672,242.3903350830078,0.0005559387500397,56.425968170166016,2.073692321777344,1.570758819580078,267.5096435546875,0.0023513785563409,46.8780632019043,-0.7458877563476562,2.540363311767578,283.2268981933594,0.0067326007410883,61.0165901184082,-1.3681259155273438,2.037090301513672,291.2537841796875,0.013471471145749,87.85543060302734,5.60770567972213e-05,2.6332181732868776e-05,5.923516273498535,-0.5413147211074829,1.4290481805801392,5.60770567972213e-05,4.237714529153891e-05,56.28608322143555,2.7063839435577397
IBT_2004223N11301_2004081212,2004223N11301,CHARLEY,2004-08-12 12:00:00,2004-08-12,2004,8,12,,TS,19.200000762939453,279.29998779296875,80.0,984.0,IBTRACS_ERA5,OBS,1,19.200000762939453,279.29998779296875,2004223N11301,CHARLEY,0.0,train,-0.9868557508369457,0.161603610850898,-0.8660254037844385,-0.5000000000000004,-8.344470977783203,10.670387268066406,220.3798828125,8.799214992905036e-05,61.469337463378906,-3.9492225646972656,9.794658660888672,243.7534942626953,0.0007522242958657,67.11820983886719,-6.953895568847656,8.486774444580078,268.0186767578125,0.003945832606405,75.67585754394531,-13.597450256347656,8.869709014892578,281.6929626464844,0.0076842182315886,77.26776123046875,-16.859092712402344,10.630596160888672,291.3753662109375,0.01310102827847,84.78318786621094,4.657038516597822e-05,4.237714529153891e-05,8.514714241027832,-9.940826416015623,9.690424919128418,5.60770567972213e-05,4.237714529153891e-05,55.285247802734375,3.060214042663574
IBT_2004223N11301_2004081218,2004223N11301,CHARLEY,2004-08-12 18:00:00,2004-08-12,2004,8,18,,TS,20.5,278.3999938964844,90.0,980.0,IBTRACS_ERA5,OBS,1,20.5,278.3999938964844,2004223N11301,CHARLEY,0.0,train,-0.9892723485246884,0.1460829231787469,-0.8660254037844385,-0.5000000000000004,-5.136951446533203,9.795387268066406,220.5399169921875,6.425087485695258e-05,44.04325485229492,-1.7136268615722656,5.381816864013672,241.1592559814453,0.0003135639126412,35.803977966308594,-3.255653381347656,-3.932415008544922,267.427490234375,0.0022718957625329,45.57829284667969,-4.449989318847656,-5.540203094482422,283.0686950683594,0.0061289840377867,56.14157104492188,-5.430381774902344,-4.651142120361328,292.3934326171875,0.0112706292420625,68.39431762695312,3.5826669773086905e-05,2.9217098926892504e-05,14.449508666992188,-3.9973206520080566,0.2106887847185135,5.60770567972213e-05,4.237714529153891e-05,56.51734924316406,3.060214042663574
NEG_20040812_01785,,,2004-08-12 00:00:00,2004-08-12,2004,8,0,,BG,5.0,,,,IBTRACS_ERA5,OBS,0,5.0,340.0,,,6460.702734613908,train,-0.3420201433256686,0.9396926207859084,-0.8660254037844385,-0.5000000000000004,-16.590564727783203,-1.3955307006835938,218.69775390625,5.604219768429175e-05,47.85321044921875,-6.469242095947266,-1.068134307861328,241.5447540283203,0.0004651832277886,51.18558120727539,-4.692176818847656,0.4589424133300781,267.1353759765625,0.00226337229833,46.4323844909668,0.2414169311523437,-2.971599578857422,280.7510681152344,0.008235621266067,88.32174682617188,6.384559631347656,3.577373504638672,288.5926513671875,0.0112092960625886,86.6898193359375,-1.0327464678994147e-06,-1.1531533345987557e-06,23.50715065002441,-4.225201606750488,-0.2797897458076477,3.131612902507186e-05,2.723580109886825e-05,73.0375747680664,4.815723896026611
NEG_20040812_02857,,,2004-08-12 00:00:00,2004-08-12,2004,8,0,,BG,17.5,,,,IBTRACS_ERA5,OBS,0,17.5,267.5,,,1122.6629238103783,train,-0.9990482215818578,-0.0436193873653361,-0.8660254037844385,-0.5000000000000004,-9.305408477783203,-2.7320785522460938,219.83489990234372,4.460974741959944e-05,33.24458694458008,-3.3468055725097656,-1.350116729736328,241.7450714111328,0.0001489657006459,16.079641342163086,-6.348670959472656,-0.5388603210449219,267.26373291015625,0.0008945813169702,18.17279624938965,-4.587928771972656,-0.6885185241699219,283.3750915527344,0.0054484782740473,48.88856506347656,-3.921714782714844,0.7875785827636719,292.7850341796875,0.0121283698827028,71.80965423583984,9.115371540246995e-06,-2.06594449991826e-05,6.432117938995361,-5.502105712890625,-0.9043990969657898,9.115371540246995e-06,8.545118362235371e-06,53.1682014465332,1.5393940210342407
NEG_20040812_02880,,,2004-08-12 00:00:00,2004-08-12,2004,8,0,,BG,17.5,,,,IBTRACS_ERA5,OBS,0,17.5,335.0,,,5613.0931759867935,train,-0.4226182617406992,0.90630778703665,-0.8660254037844385,-0.5000000000000004,-5.520252227783203,2.5126724243164062,220.474365234375,2.672323171282187e-05,18.460878372192383,-12.551273345947266,-0.5249214172363281,241.1022491455078,0.0001220393023686,14.011603355407717,-12.479530334472656,0.7499580383300781,265.881591796875,0.0009635737515054,21.768505096435547,-11.688270568847656,-2.709880828857422,285.2183532714844,0.0044305799528956,35.147335052490234,-8.245567321777344,-6.026386260986328,296.2950439453125,0.0068056448362767,32.41144943237305,-9.128580131800844e-06,-7.784910849295557e-06,8.963418006896973,-10.096979141235352,-1.199711561203003,5.859535303898156e-05,1.8858116163755767e-05,37.99728012084961,2.1835336685180664
NEG_20040812_02921,,,2004-08-12 00:00:00,2004-08-12,2004,8,0,,BG,7.5,,,,IBTRACS_ERA5,OBS,0,7.5,352.5,,,7707.118639266077,train,-0.1305261922200516,0.9914448613738104,-0.8660254037844385,-0.5000000000000004,-5.057605743408203,-4.484519958496094,219.33795166015625,5.729529220843688e-05,45.3056755065918,-6.863651275634766,-2.319477081298828,241.8072662353516,0.0004350642557255,46.683048248291016,-3.431678771972656,-0.2490653991699218,267.4428100585937,0.0029278597794473,58.66945266723633,1.3599472045898438,2.497394561767578,281.2306823730469,0.0083795664831995,86.96095275878906,4.633949279785156,5.660137176513672,289.0345458984375,0.0123502481728792,92.82682037353516,-8.989702109829523e-06,3.1770609894010704e-06,14.02997875213623,-1.8718078136444087,0.2208938598632812,2.2617665308644064e-05,2.454670175211504e-05,68.13146209716797,1.0676016807556152
IBT_2004217N13306_2004081300,2004217N13306,BONNIE,2004-08-13 00:00:00,2004-08-13,2004,8,0,,TS,31.899999618530277,278.70001220703125,25.0,1008.0,IBTRACS_ERA5,OBS,1,31.899999618530277,278.70001220703125,2004217N13306,BONNIE,0.0,train,-0.9884938545821066,0.1512610308486926,-0.8660254037844385,-0.5000000000000004,23.822025299072266,35.027320861816406,220.4878692626953,5.45009970664978e-05,37.5902214050293,17.672054290771484,26.166481018066406,240.90460205078125,0.0005291022825986,61.915565490722656,13.854331970214844,11.604549407958984,265.39910888671875,0.0018214688170701,42.71661758422852,8.608489990234375,6.766597747802734,280.3768615722656,0.0067311488091945,74.06776428222656,4.800910949707031,2.816009521484375,288.6401062011719,0.0107816150411963,83.12677001953125,2.918941027019173e-05,4.510665348789189e-06,37.40817260742188,13.751562118530272,16.476192474365234,3.763759013963863e-05,5.031782711739652e-05,59.26032257080078,3.809249401092529
IBT_2004217N13306_2004081306,2004217N13306,BONNIE,2004-08-13 06:00:00,2004-08-13,2004,8,6,,TS,33.5,281.0,25.0,1008.0,IBTRACS_ERA5,OBS,1,33.5,281.0,2004217N13306,BONNIE,0.0,train,-0.981627183447664,0.1908089953765451,-0.8660254037844385,-0.5000000000000004,21.268558502197266,26.642677307128903,220.3479766845703,6.742076948285103e-05,47.27677154541016,14.645931243896484,22.448463439941406,242.15570068359372,0.0006321214605122,65.60796356201172,14.537559509277344,14.608089447021484,266.36407470703125,0.0034282908309251,74.61983489990234,12.359344482421877,12.777950286865234,280.9723205566406,0.0067591778934001,71.39642333984375,7.749885559082031,10.000701904296877,289.9230651855469,0.0117940893396735,83.726806640625,2.286853123223409e-05,-1.509652065578848e-06,21.440845489501957,14.112256050109863,17.295576095581055,3.763759013963863e-05,5.031782711739652e-05,62.95333862304688,3.809249401092529
IBT_2004217N13306_2004081312,2004217N13306,BONNIE,2004-08-13 12:00:00,2004-08-13,2004,8,12,,TS,35.5,283.5,25.0,1008.0,IBTRACS_ERA5,OBS,1,35.5,283.5,2004217N13306,BONNIE,0.0,train,-0.9723699203976766,0.2334453638559056,-0.8660254037844385,-0.5000000000000004,22.272708892822266,26.064064025878903,219.6330108642578,7.404154166579247e-05,56.52082824707031,13.746761322021484,23.057106018066406,242.00750732421875,0.0006818652618676,71.77849578857422,12.989707946777344,14.892024993896484,265.87908935546875,0.0034785226453095,78.59998321533203,12.431854248046877,12.999385833740234,280.9840393066406,0.0067429356276988,71.1677017211914,8.801399230957031,9.947479248046877,289.4650573730469,0.0121394982561469,88.74903869628906,2.3620432330062613e-05,2.9223542696854565e-06,21.0052490234375,14.048486709594728,17.392013549804688,3.763759013963863e-05,4.741705924971029e-05,69.43603515625,3.809249401092529
IBT_2004217N13306_2004081318,2004217N13306,BONNIE,2004-08-13 18:00:00,2004-08-13,2004,8,18,,TS,37.09999847412109,285.1000061035156,25.0,1008.0,IBTRACS_ERA5,OBS,1,37.09999847412109,285.1000061035156,2004217N13306,BONNIE,0.0,train,-0.9654726031286006,0.2605046114910129,-0.8660254037844385,-0.5000000000000004,25.529788970947266,22.214942932128903,218.7592315673828,7.126899436116219e-05,60.40639877319336,13.746028900146484,21.435279846191406,241.56378173828125,0.0006090917158871,66.89812469482422,11.411094665527344,15.646419525146484,265.5658569335937,0.0033946291077882,78.58695220947266,10.303192138671877,12.952266693115234,280.5755920410156,0.0069263689219951,75.18138885498047,6.777961730957031,10.385223388671877,289.5644226074219,0.0112115135416388,81.44316864013672,1.8917338820756413e-05,-8.529809747415129e-07,22.17145156860352,13.553613662719728,16.526826858520508,4.323110624682158e-05,2.4057650080067106e-05,74.30175018310547,7.761077880859375
IBT_2004223N11301_2004081300,2004223N11301,CHARLEY,2004-08-13 00:00:00,2004-08-13,2004,8,0,,TS,21.700000762939453,277.79998779296875,90.0,976.0,IBTRACS_ERA5,OBS,1,21.700000762939453,277.79998779296875,2004223N11301,CHARLEY,0.0,train,-0.9907478693860156,0.1357153613526135,-0.8660254037844385,-0.5000000000000004,-1.4655723571777344,7.735328674316406,221.39491271972656,9.888154454529284e-05,61.30024337768555,-2.075138092041016,9.248146057128906,243.17333984375,0.0007404994685202,69.78257751464844,2.179405212402344,4.444759368896484,267.1273193359375,0.0035579234827309,73.03470611572266,1.462249755859375,7.335018157958984,282.3059387207031,0.0075325779616832,72.65143585205078,-1.5003585815429688,5.540618896484375,291.7409362792969,0.0132306506857275,83.6628189086914,3.384679075679742e-05,3.752163320314139e-05,2.1949853897094727,-0.2798828184604645,6.860774040222168,3.384679075679742e-05,3.752163320314139e-05,52.47760391235352,2.1949853897094727
IBT_2004223N11301_2004081306,2004223N11301,CHARLEY,2004-08-13 06:00:00,2004-08-13,2004,8,6,,TS,23.0,277.3999938964844,105.0,966.0,IBTRACS_ERA5,OBS,1,23.0,277.3999938964844,2004223N11301,CHARLEY,0.0,train,-0.9916711761032216,0.1287954909383596,-0.8660254037844385,-0.5000000000000004,-1.4655723571777344,7.735328674316406,221.39491271972656,9.888154454529284e-05,61.30024337768555,-2.075138092041016,9.248146057128906,243.17333984375,0.0007404994685202,69.78257751464844,2.179405212402344,4.444759368896484,267.1273193359375,0.0035579234827309,73.03470611572266,1.462249755859375,7.335018157958984,282.3059387207031,0.0075325779616832,72.65143585205078,-1.5003585815429688,5.540618896484375,291.7409362792969,0.0132306506857275,83.6628189086914,3.384679075679742e-05,3.752163320314139e-05,2.1949853897094727,-0.2798828184604645,6.860774040222168,3.384679075679742e-05,3.752163320314139e-05,52.47760391235352,2.1949853897094727
IBT_2004223N11301_2004081312,2004223N11301,CHARLEY,2004-08-13 12:00:00,2004-08-13,2004,8,12,,TS,24.399999618530277,277.1000061035156,95.0,969.0,IBTRACS_ERA5,OBS,1,24.399999618530277,277.1000061035156,2004223N11301,CHARLEY,0.0,train,-0.9923319247186572,0.1236015824500843,-0.8660254037844385,-0.5000000000000004,-0.4641075134277344,12.160011291503906,221.1127471923828,9.54577699303627e-05,61.16765213012695,-2.508365631103516,11.356910705566406,242.95941162109372,0.0007526495028287,72.3764419555664,-1.880409240722656,6.464534759521484,266.79083251953125,0.003763104788959,79.26411437988281,-1.970489501953125,8.395259857177734,282.8209533691406,0.0076152794063091,70.93244934082031,-1.3414230346679688,9.340301513671877,292.3693542480469,0.0131543865427374,79.94673156738281,2.513301296858117e-05,2.833332291629631e-05,2.95304012298584,-1.632959008216858,9.54340362548828,3.384679075679742e-05,3.752163320314139e-05,56.553409576416016,2.1949853897094727
IBT_2004223N11301_2004081318,2004223N11301,CHARLEY,2004-08-13 18:00:00,2004-08-13,2004,8,18,,TS,26.100000381469727,277.6000061035156,125.0,947.0,IBTRACS_ERA5,OBS,1,26.100000381469727,277.6000061035156,2004223N11301,CHARLEY,0.0,train,-0.9912155261627332,0.1322564958477876,-0.8660254037844385,-0.5000000000000004,-0.4641075134277344,12.160011291503906,221.1127471923828,9.54577699303627e-05,61.16765213012695,-2.508365631103516,11.356910705566406,242.95941162109372,0.0007526495028287,72.3764419555664,-1.880409240722656,6.464534759521484,266.79083251953125,0.003763104788959,79.26411437988281,-1.970489501953125,8.395259857177734,282.8209533691406,0.0076152794063091,70.93244934082031,-1.3414230346679688,9.340301513671877,292.3693542480469,0.0131543865427374,79.94673156738281,2.513301296858117e-05,2.833332291629631e-05,2.95304012298584,-1.632959008216858,9.54340362548828,3.384679075679742e-05,3.752163320314139e-05,56.553409576416016,2.1949853897094727
IBT_2004227N09314_2004081318,2004227N09314,EARL,2004-08-13 18:00:00,2004-08-13,2004,8,18,,TS,9.0,314.3999938964844,30.0,1011.0,IBTRACS_ERA5,OBS,1,9.0,314.3999938964844,2004227N09314,EARL,0.0,train,-0.7144727541654471,0.6996632644031274,-0.8660254037844385,-0.5000000000000004,-9.749507904052734,5.880226135253906,218.1498565673828,6.612809374928474e-05,60.32728576660156,-8.190738677978516,3.4401626586914062,241.35687255859372,0.0006658874917775,74.6027603149414,-11.362831115722656,-0.9841957092285156,266.82440185546875,0.0035978064406663,75.58744812011719,-11.352813720703123,-1.3005409240722656,281.5885314941406,0.0068673603236675,69.54727935791016,-12.039665222167969,-3.254669189453125,289.8732604980469,0.0120666613802313,85.9355697631836,2.3196476831799373e-05,1.1302679922664538e-05,9.417596817016602,-10.539111137390137,0.7561966180801392,3.4921416954603046e-05,1.7104170183301903e-05,64.6186294555664,3.8742074966430655
IBT_2004227N12338_2004081312,2004227N12338,DANIELLE,2004-08-13 12:00:00,2004-08-13,2004,8,12,,TS,12.300000190734863,338.20001220703125,30.0,1009.0,IBTRACS_ERA5,OBS,1,12.300000190734863,338.20001220703125,2004227N12338,DANIELLE,0.0,train,-0.3713676377336406,0.928485906001882,-0.8660254037844385,-0.5000000000000004,-7.833003997802734,-0.8416976928710938,219.3327789306641,7.359171286225319e-05,58.227909088134766,-7.957706451416016,0.1120376586914062,242.63690185546875,0.0005462870467454,54.16245269775391,-9.449623107910156,-2.220035552978516,267.48651123046875,0.0040205670520663,80.29727172851562,-10.866851806640623,-1.8241004943847656,282.6107482910156,0.0073173157870769,69.13276672363281,-2.6745529174804688,-1.884063720703125,290.4556579589844,0.0132890632376074,91.18125915527344,5.7884019042830914e-05,4.8165493353735656e-05,5.262712478637695,-7.75634765625,-1.3315719366073608,5.7884019042830914e-05,4.8165493353735656e-05,65.71646118164062,1.988125681877136
IBT_2004227N12338_2004081318,2004227N12338,DANIELLE,2004-08-13 18:00:00,2004-08-13,2004,8,18,,TS,12.399999618530272,337.0,30.0,1009.0,IBTRACS_ERA5,OBS,1,12.399999618530272,337.0,2004227N12338,DANIELLE,0.0,train,-0.3907311284892739,0.9205048534524404,-0.8660254037844385,-0.5000000000000004,-7.833003997802734,-0.8416976928710938,219.3327789306641,7.359171286225319e-05,58.227909088134766,-7.957706451416016,0.1120376586914062,242.63690185546875,0.0005462870467454,54.16245269775391,-9.449623107910156,-2.220035552978516,267.48651123046875,0.0040205670520663,80.29727172851562,-10.866851806640623,-1.8241004943847656,282.6107482910156,0.0073173157870769,69.13276672363281,-2.6745529174804688,-1.884063720703125,290.4556579589844,0.0132890632376074,91.18125915527344,5.7884019042830914e-05,4.8165493353735656e-05,5.262712478637695,-7.75634765625,-1.3315719366073608,5.7884019042830914e-05,4.8165493353735656e-05,65.71646118164062,1.988125681877136
NEG_20040813_00154,,,2004-08-13 00:00:00,2004-08-13,2004,8,0,,BG,25.0,,,,IBTRACS_ERA5,OBS,0,25.0,25.0,,,5101.299730969007,train,0.4226182617406994,0.90630778703665,-0.8660254037844385,-0.5000000000000004,1.9497108459472656,1.8201675415039065,221.9184112548828,2.8236303478479385e-05,16.467138290405273,-0.0374183654785156,-1.1076889038085938,243.56097412109372,7.016138988547027e-05,6.374575614929199,0.9257431030273438,-1.2102699279785156,269.47576904296875,0.0001741454470902,2.991873979568481,1.077850341796875,-5.082035064697266,284.9308166503906,0.0024402849376201,19.731969833374023,-1.4029464721679688,-3.853790283203125,295.4616394042969,0.0069989552721381,35.08388137817383,5.763505441791494e-07,1.105619412555825e-05,6.590456008911133,0.5025879144668579,-1.886723279953003,1.9158316717948765e-05,1.3173805200494826e-05,24.43535614013672,2.635654926300049
NEG_20040813_00412,,,2004-08-13 00:00:00,2004-08-13,2004,8,0,,BG,27.5,,,,IBTRACS_ERA5,OBS,0,27.5,290.0,,,1081.5117267887426,train,-0.9396926207859084,0.342020143325669,-0.8660254037844385,-0.5000000000000004,-6.781246185302734,-12.111717224121094,218.9867706298828,6.117764860391617e-05,50.45444107055664,-1.5032386779785156,-3.1279525756835938,241.17364501953125,0.0001536339696031,17.518264770507812,-0.0871963500976562,-2.786685943603516,266.4335327148437,0.0020629421342164,44.662353515625,-0.518096923828125,-2.7962684631347656,281.4649963378906,0.0063648931682109,65.00425720214844,-2.1314620971679688,-0.075714111328125,291.0258483886719,0.0099678626284003,65.95417785644531,-2.6842426450457424e-05,-2.18788227357436e-05,12.902939796447754,-2.2042479515075684,-4.179667472839356,4.816265573026612e-06,-5.868832317901251e-07,57.275177001953125,7.7263407707214355
NEG_20040813_00530,,,2004-08-13 00:00:00,2004-08-13,2004,8,0,,BG,22.5,,,,IBTRACS_ERA5,OBS,0,22.5,342.5,,,1222.224399548208,train,-0.300705799504273,0.9537169507482268,-0.8660254037844385,-0.5000000000000004,5.678836822509766,4.615943908691406,219.9240875244141,2.0945444703102112e-05,15.444540977478027,4.859554290771484,2.0928726196289062,241.24530029296875,6.351174670271575e-05,7.1922478675842285,-1.4291152954101562,2.0706138610839844,264.9691162109375,0.0010617331136018,25.746065139770508,-0.138824462890625,2.2600059509277344,286.0148010253906,0.0037102214992046,27.921459197998047,-0.2770919799804687,-0.604644775390625,296.8066101074219,0.0042679300531744,19.69942092895508,1.3724002201342958e-07,-6.65192783344537e-06,7.920077800750732,1.738671898841858,2.086958408355713,1.925288961501792e-05,1.2903070455649868e-05,33.8305549621582,3.41649866104126
NEG_20040813_02458,,,2004-08-13 00:00:00,2004-08-13,2004,8,0,,BG,50.0,,,,IBTRACS_ERA5,OBS,0,50.0,317.5,,,2946.4177913863136,train,-0.6755902076156605,0.7372773368101239,-0.8660254037844385,-0.5000000000000004,4.193851470947266,-19.200096130371094,218.2681427001953,2.3739412426948547e-05,21.34916114807129,3.1083335876464844,-22.234153747558597,231.10113525390625,0.0001095898624043,34.56394958496094,2.379112243652344,-17.401920318603516,259.9130249023437,0.0006950304377824,25.201231002807617,1.593475341796875,-12.728153228759766,274.3397521972656,0.0018752927426248,31.57295608520508,1.7457351684570312,-9.589385986328123,278.5468444824219,0.0048857918009161,74.17363739013672,8.122256076603662e-06,1.5179241017904133e-05,9.917612075805664,2.604101657867432,-16.230741500854492,2.0526322259684093e-05,3.454831676208414e-05,47.40884399414063,0.5331403017044067
NEG_20040813_02918,,,2004-08-13 00:00:00,2004-08-13,2004,8,0,,BG,12.5,,,,IBTRACS_ERA5,OBS,0,12.5,305.0,,,1097.960002487221,train,-0.8191520442889918,0.573576436351046,-0.8660254037844385,-0.5000000000000004,-9.427242279052734,4.813575744628906,217.4676055908203,5.143461748957634e-05,50.979434967041016,-8.826969146728516,3.1691665649414062,238.86639404296875,0.0002522982831578,36.00702667236328,-7.118446350097656,-0.2395668029785156,267.24578857421875,0.0019173726905137,39.00355529785156,-7.138458251953125,0.8459434509277344,281.6429748535156,0.0069679436273872,70.3044662475586,-9.161491394042969,0.586151123046875,290.0004577636719,0.01135581638664,80.2168960571289,-5.050153504271293e-07,-4.275553692423273e-06,4.235769271850586,-8.334521293640137,1.8350540399551392,4.312495093472535e-06,1.1032203474314883e-05,52.01750564575195,2.3560791015625
NEG_20040813_03268,,,2004-08-13 00:00:00,2004-08-13,2004,8,0,,BG,40.0,,,,IBTRACS_ERA5,OBS,0,40.0,322.5,,,3244.4386913717176,train,-0.608761429008721,0.7933533402912349,-0.8660254037844385,-0.5000000000000004,29.144779205322266,-1.5689926147460938,216.7126007080078,2.491706982254982e-05,27.08910179138184,23.020931243896484,-3.6775131225585938,231.99896240234372,9.8749267635867e-05,28.32838249206543,16.325157165527344,-7.462955474853516,261.40289306640625,0.0006121501792222,19.67946434020996,11.813934326171877,-5.386356353759766,276.3641662597656,0.0015403742436319,22.43708229064941,8.355110168457031,-4.701202392578125,283.1794128417969,0.0051787486299872,57.24165725708008,-2.392278247498325e-06,7.022540103207575e-06,21.0242977142334,17.731983184814453,-4.559403896331787,2.738757393672131e-05,6.004475653753616e-05,39.96180725097656,9.206881523132324
NEG_20040813_03270,,,2004-08-13 00:00:00,2004-08-13,2004,8,0,,BG,45.0,,,,IBTRACS_ERA5,OBS,0,45.0,25.0,,,5717.924759121031,train,0.4226182617406994,0.90630778703665,-0.8660254037844385,-0.5000000000000004,18.567386627197266,-7.290184020996094,216.8795928955078,3.036810267076362e-05,32.34486389160156,16.488948822021484,-8.733665466308594,235.83880615234372,0.0002169452782254,41.881046295166016,10.655723571777344,-4.144840240478516,264.64862060546875,0.0011841759551316,29.44207572937012,8.580780029296875,-2.4563026428222656,279.0992736816406,0.0047661773860454,57.290489196777344,6.577522277832031,2.253631591796875,289.3293151855469,0.009281693957746,68.45115661621094,-6.043768735253252e-06,-1.1542024367372504e-05,15.32453155517578,12.174072265625,-4.074272155761719,1.6968255295068957e-05,7.891755558375735e-06,50.3410530090332,11.345277786254885
NEG_20040813_04131,,,2004-08-13 00:00:00,2004-08-13,2004,8,0,,BG,35.0,,,,IBTRACS_ERA5,OBS,0,35.0,332.5,,,2553.5819716569167,train,-0.4617486132350336,0.8870108331782218,-0.8660254037844385,-0.5000000000000004,19.635501861572266,1.6058120727539062,218.0532989501953,1.9268132746219635e-05,17.784778594970703,12.779964447021484,-0.0232162475585937,237.03106689453125,0.0001674361701589,28.667970657348636,10.903526306152344,3.0114097595214844,263.52276611328125,0.0009418830741196,25.580989837646484,6.522674560546875,-0.0867958068847656,278.8185119628906,0.004524003714323,55.4521369934082,6.519172668457031,0.108123779296875,287.7677917480469,0.0091598620638251,74.733642578125,-1.5116658687475136e-05,-1.3828044757246973e-05,13.20155906677246,11.272168159484863,0.9230667352676392,1.6186504581128247e-06,7.150314104364952e-06,41.029903411865234,11.201699256896973
IBT_2004217N13306_2004081400,2004217N13306,BONNIE,2004-08-14 00:00:00,2004-08-14,2004,8,0,,DS,39.0,286.5,20.0,1012.0,IBTRACS_ERA5,OBS,1,39.0,286.5,2004217N13306,BONNIE,0.0,train,-0.9588197348681932,0.2840153447039223,-0.8660254037844385,-0.5000000000000004,23.56717300415039,26.780345916748047,220.2416839599609,4.8476656957063824e-05,34.42324447631836,16.060871124267578,30.113300323486328,241.8143310546875,0.0005206696805544,55.83090591430664,14.378677368164062,17.764053344726562,265.7231750488281,0.00319957989268,73.17435455322266,10.636768341064451,8.233867645263672,279.8318786621094,0.0061665447428822,70.45384216308594,7.287284851074219,3.489326477050781,288.5850524902344,0.0101158916950225,78.27216339111328,2.427824801998213e-05,-9.307846084993798e-06,28.416656494140625,14.38615608215332,17.276180267333984,2.427824801998213e-05,2.550838871684391e-05,66.37808990478516,1.342148780822754
IBT_2004223N11301_2004081400,2004223N11301,CHARLEY,2004-08-14 00:00:00,2004-08-14,2004,8,0,,TS,28.100000381469727,278.3999938964844,75.0,970.0,IBTRACS_ERA5,OBS,1,28.100000381469727,278.3999938964844,2004223N11301,CHARLEY,0.0,train,-0.9892723485246884,0.1460829231787469,-0.8660254037844385,-0.5000000000000004,3.724643707275391,9.764232635498049,220.47398376464844,8.191043889382854e-05,56.587703704833984,8.577838897705078,6.790790557861328,242.23699951171875,0.0005897495429962,60.73777389526367,7.3181304931640625,3.5011138916015625,267.1731872558594,0.0034997561015188,71.58903503417969,7.547901153564453,4.674907684326172,282.1349792480469,0.0072909565642476,71.14170837402344,7.082450866699219,6.562568664550781,290.6683044433594,0.0117542147636413,79.56383514404297,2.686439802346285e-05,5.448008323583053e-06,4.639560222625732,6.850193023681641,6.25872278213501,4.458555486053229e-05,2.199335904151667e-05,51.50465774536133,4.028462886810303
IBT_2004223N11301_2004081406,2004223N11301,CHARLEY,2004-08-14 06:00:00,2004-08-14,2004,8,6,,TS,30.100000381469727,279.20001220703125,75.0,993.0,IBTRACS_ERA5,OBS,1,30.100000381469727,279.20001220703125,2004223N11301,CHARLEY,0.0,train,-0.987136231009817,0.1598813980040623,-0.8660254037844385,-0.5000000000000004,7.563510894775391,16.524242401123047,220.43235778808597,8.081636769929901e-05,56.10726165771485,8.607990264892578,13.069355010986328,242.580322265625,0.000641998660285,63.994728088378906,7.5605621337890625,14.051406860351562,267.0462951660156,0.0032084905542433,66.27153015136719,4.062061309814453,20.617168426513672,281.2007751464844,0.0069096060469746,71.85289001464844,2.4572067260742188,17.43781280517578,290.3177185058594,0.0108745396137237,75.27433776855469,1.7065598512999713e-05,1.0264757293043658e-05,5.187384128570557,6.050266265869141,16.339998245239258,4.458555486053229e-05,2.370864240219817e-05,59.447147369384766,3.440728187561035
IBT_2004223N11301_2004081412,2004223N11301,CHARLEY,2004-08-14 12:00:00,2004-08-14,2004,8,12,,TS,32.29999923706055,280.29998779296875,65.0,988.0,IBTRACS_ERA5,OBS,1,32.29999923706055,280.29998779296875,2004223N11301,CHARLEY,0.0,train,-0.9838850760278476,0.1788020054967976,-0.8660254037844385,-0.5000000000000004,9.63357925415039,27.527660369873047,220.25755310058597,7.694532541790977e-05,54.53624725341797,7.959552764892578,18.077899932861328,241.328857421875,0.0005615435075014,63.08211517333984,10.021743774414062,10.079727172851562,267.3210754394531,0.0029530548490583,59.72695541381836,5.517871856689453,13.064189910888672,281.5184020996094,0.0071777375414967,73.03909301757812,2.8986129760742188,7.329170227050781,289.7544860839844,0.0105725228786468,75.87024688720703,2.3211237930809148e-05,1.3092576409690082e-05,21.2917537689209,7.206272125244141,15.215730667114258,4.458555486053229e-05,2.6810723284143023e-05,59.891700744628906,3.440728187561035
IBT_2004223N11301_2004081418,2004223N11301,CHARLEY,2004-08-14 18:00:00,2004-08-14,2004,8,18,,TS,34.5,281.8999938964844,60.0,1000.0,IBTRACS_ERA5,OBS,1,34.5,281.8999938964844,2004223N11301,CHARLEY,0.0,train,-0.9785090070679714,0.2062040811595464,-0.8660254037844385,-0.5000000000000004,19.14090347290039,29.621166229248047,219.9330902099609,6.931686220923439e-05,51.05753326416016,11.143634796142578,24.187030792236328,241.486083984375,0.0006478882860392,71.69145965576172,11.853775024414062,18.39198303222656,266.0040588378906,0.0037211650051176,83.27465057373047,5.732227325439453,20.947490692138672,279.0020446777344,0.0068975361064076,83.47220611572266,1.5289840698242188,13.98688507080078,288.5574645996094,0.0103183686733245,79.98145294189453,1.2554824024846312e-05,4.402006197778974e-06,23.550168991088867,9.879904747009276,21.426912307739254,4.458555486053229e-05,2.0928071535308845e-05,64.36550903320312,3.440728187561035
IBT_2004227N09314_2004081400,2004227N09314,EARL,2004-08-14 00:00:00,2004-08-14,2004,8,0,,TS,9.199999809265137,312.6000061035156,30.0,1011.0,IBTRACS_ERA5,OBS,1,9.199999809265137,312.6000061035156,2004227N09314,EARL,0.0,train,-0.7360970150145405,0.6768760480964615,-0.8660254037844385,-0.5000000000000004,-6.467250823974609,-0.1962165832519531,218.00865173339844,5.108436016598717e-05,47.4075813293457,-7.628582000732422,1.781757354736328,241.94873046875,0.0004482798103708,47.455074310302734,-10.093490600585938,2.5252838134765625,266.6820373535156,0.0039455317892134,83.80367279052734,-12.707958221435549,4.682842254638672,281.6204528808594,0.0066251130774617,66.94811248779297,-9.98395538330078,2.324531555175781,290.3001403808594,0.0113631188869476,78.74469757080078,1.6980140571831726e-05,1.1508689567563124e-05,4.326821327209473,-9.37624740600586,2.223639726638794,2.539185697969515e-05,1.7814052625908516e-05,64.41654968261719,0.9856183528900146
IBT_2004227N09314_2004081406,2004227N09314,EARL,2004-08-14 06:00:00,2004-08-14,2004,8,6,,TS,9.600000381469728,310.79998779296875,30.0,1011.0,IBTRACS_ERA5,OBS,1,9.600000381469728,310.79998779296875,2004227N09314,EARL,0.0,train,-0.7569951948648856,0.6534204427101082,-0.8660254037844385,-0.5000000000000004,-7.348110198974609,0.8440666198730469,217.89768981933597,5.440312816062942e-05,51.17193984985352,-5.323162078857422,0.6123237609863281,241.53076171875,0.0005394190084189,59.43367385864258,-7.8574066162109375,1.2066802978515625,266.9498596191406,0.0040688542649149,84.6655044555664,-11.539012908935549,2.236309051513672,281.6216735839844,0.0072630615904927,73.38860321044922,-11.41730499267578,2.448066711425781,289.7239685058594,0.0114711821079254,82.48047637939453,2.1605937945423648e-05,1.7814052625908516e-05,4.373918533325195,-8.696999549865723,1.469489336013794,2.539185697969515e-05,1.7814052625908516e-05,65.92459869384766,0.9856183528900146
IBT_2004227N09314_2004081412,2004227N09314,EARL,2004-08-14 12:00:00,2004-08-14,2004,8,12,,TS,10.100000381469728,308.6000061035156,30.0,1011.0,IBTRACS_ERA5,OBS,1,10.100000381469728,308.6000061035156,2004227N09314,EARL,0.0,train,-0.7815204059591399,0.6238796799619789,-0.8660254037844385,-0.5000000000000004,-9.75069808959961,3.325756072998047,218.41612243652344,6.59245197311975e-05,58.23593521118164,-3.245037078857422,2.513690948486328,240.98876953125,0.0004571124736685,53.0589714050293,-8.242660522460938,-1.5806732177734375,267.2225646972656,0.0038089184090495,77.61942291259766,-9.945507049560549,0.0009574890136718,281.4734802246094,0.007513609714806,76.69159698486328,-8.023262023925781,0.1944046020507812,289.4622497558594,0.0120144784450531,87.85089874267578,2.539185697969515e-05,1.4425583685806488e-05,3.5762267112731934,-7.841433048248291,0.8908271789550781,2.539185697969515e-05,1.7814052625908516e-05,66.5147933959961,0.9856183528900146
IBT_2004227N09314_2004081418,2004227N09314,EARL,2004-08-14 18:00:00,2004-08-14,2004,8,18,,TS,10.5,306.5,35.0,1010.0,IBTRACS_ERA5,OBS,1,10.5,306.5,2004227N09314,EARL,0.0,train,-0.8038568606172173,0.5948227867513414,-0.8660254037844385,-0.5000000000000004,-9.75069808959961,3.325756072998047,218.41612243652344,6.59245197311975e-05,58.23593521118164,-3.245037078857422,2.513690948486328,240.98876953125,0.0004571124736685,53.0589714050293,-8.242660522460938,-1.5806732177734375,267.2225646972656,0.0038089184090495,77.61942291259766,-9.945507049560549,0.0009574890136718,281.4734802246094,0.007513609714806,76.69159698486328,-8.023262023925781,0.1944046020507812,289.4622497558594,0.0120144784450531,87.85089874267578,2.539185697969515e-05,1.4425583685806488e-05,3.5762267112731934,-7.841433048248291,0.8908271789550781,2.539185697969515e-05,1.7814052625908516e-05,66.5147933959961,0.9856183528900146
IBT_2004227N12338_2004081400,2004227N12338,DANIELLE,2004-08-14 00:00:00,2004-08-14,2004,8,0,,TS,12.600000381469728,335.79998779296875,35.0,1009.0,IBTRACS_ERA5,OBS,1,12.600000381469728,335.79998779296875,2004227N12338,DANIELLE,0.0,train,-0.4099232281713875,0.9121200288369664,-0.8660254037844385,-0.5000000000000004,-5.153285980224609,-2.813404083251953,219.6918792724609,8.151579095283523e-05,61.79136657714844,-4.240154266357422,3.218524932861328,242.886962890625,0.0007393255364149,71.58439636230469,-4.2153167724609375,6.3990631103515625,267.9376525878906,0.0042260908521711,81.55140686035156,-3.318065643310547,5.382061004638672,282.3162536621094,0.0083345146849751,80.32987213134766,-0.5423049926757812,5.690498352050781,290.2632751464844,0.0130186378955841,90.42994689941406,6.124702485976741e-05,4.658810212276876e-05,9.67354679107666,-3.493825435638428,3.5753486156463623,6.124702485976741e-05,5.416746353148483e-05,69.83686828613281,3.0294289588928223
IBT_2004227N12338_2004081406,2004227N12338,DANIELLE,2004-08-14 06:00:00,2004-08-14,2004,8,6,,TS,12.899999618530272,334.5,40.0,1004.0,IBTRACS_ERA5,OBS,1,12.899999618530272,334.5,2004227N12338,DANIELLE,0.0,train,-0.4305110968082952,0.9025852843498606,-0.8660254037844385,-0.5000000000000004,-5.153285980224609,-2.813404083251953,219.6918792724609,8.151579095283523e-05,61.79136657714844,-4.240154266357422,3.218524932861328,242.886962890625,0.0007393255364149,71.58439636230469,-4.2153167724609375,6.3990631103515625,267.9376525878906,0.0042260908521711,81.55140686035156,-3.318065643310547,5.382061004638672,282.3162536621094,0.0083345146849751,80.32987213134766,-0.5423049926757812,5.690498352050781,290.2632751464844,0.0130186378955841,90.42994689941406,6.124702485976741e-05,4.658810212276876e-05,9.67354679107666,-3.493825435638428,3.5753486156463623,6.124702485976741e-05,5.416746353148483e-05,69.83686828613281,3.0294289588928223
IBT_2004227N12338_2004081412,2004227N12338,DANIELLE,2004-08-14 12:00:00,2004-08-14,2004,8,12,,TS,13.199999809265137,333.20001220703125,45.0,1004.0,IBTRACS_ERA5,OBS,1,13.199999809265137,333.20001220703125,2004227N12338,DANIELLE,0.0,train,-0.4508773505214351,0.892585914512867,-0.8660254037844385,-0.5000000000000004,-7.683803558349609,-1.2748298645019531,220.1557464599609,8.08582772151567e-05,58.005184173583984,-3.650554656982422,-0.4213676452636719,243.0548095703125,0.0006844055023975,65.2228012084961,-4.1016693115234375,-1.7574310302734375,267.5908508300781,0.0041933157481253,83.0835952758789,-5.041820526123047,-5.307758331298828,281.6919860839844,0.0077077867463231,77.50989532470703,-0.5354690551757812,-3.993705749511719,290.3738708496094,0.0136178731918334,93.92643737792967,5.306200182531029e-05,5.416746353148483e-05,7.647939205169678,-4.202663421630859,-2.551018476486206,6.124702485976741e-05,5.416746353148483e-05,65.31954956054688,3.0294289588928223
IBT_2004227N12338_2004081418,2004227N12338,DANIELLE,2004-08-14 18:00:00,2004-08-14,2004,8,18,,TS,13.5,331.8999938964844,55.0,994.0,IBTRACS_ERA5,OBS,1,13.5,331.8999938964844,2004227N12338,DANIELLE,0.0,train,-0.4710119751892451,0.8821268158424422,-0.8660254037844385,-0.5000000000000004,-7.683803558349609,-1.2748298645019531,220.1557464599609,8.08582772151567e-05,58.005184173583984,-3.650554656982422,-0.4213676452636719,243.0548095703125,0.0006844055023975,65.2228012084961,-4.1016693115234375,-1.7574310302734375,267.5908508300781,0.0041933157481253,83.0835952758789,-5.041820526123047,-5.307758331298828,281.6919860839844,0.0077077867463231,77.50989532470703,-0.5354690551757812,-3.993705749511719,290.3738708496094,0.0136178731918334,93.92643737792967,5.306200182531029e-05,5.416746353148483e-05,7.647939205169678,-4.202663421630859,-2.551018476486206,6.124702485976741e-05,5.416746353148483e-05,65.31954956054688,3.0294289588928223
NEG_20040814_02309,,,2004-08-14 00:00:00,2004-08-14,2004,8,0,,BG,37.5,,,,IBTRACS_ERA5,OBS,0,37.5,330.0,,,2675.313748336602,train,-0.5000000000000004,0.8660254037844384,-0.8660254037844385,-0.5000000000000004,35.75784683227539,6.047924041748047,218.4369964599609,2.3919079467304986e-05,21.07627296447754,28.470539093017575,6.436054229736328,232.5960693359375,0.0001159429521067,31.243247985839844,17.815689086914062,1.5970611572265625,261.1240539550781,0.0005234803538769,17.210229873657227,12.757129669189451,0.4130668640136719,275.6311950683594,0.0022875936701893,35.105865478515625,7.652275085449219,-1.5035934448242188,283.7789001464844,0.006558209657669,69.62871551513672,6.099147867644206e-06,1.5225548850139605e-05,29.10238075256348,20.49069595336914,2.598102569580078,1.358839563181391e-05,4.583661939250305e-05,54.60041046142578,8.151972770690918
IBT_2004227N09314_2004081500,2004227N09314,EARL,2004-08-15 00:00:00,2004-08-15,2004,8,0,,TS,11.0,304.1000061035156,35.0,1010.0,IBTRACS_ERA5,OBS,1,11.0,304.1000061035156,2004227N09314,EARL,0.0,train,-0.8280602748996114,0.5606390827735612,-0.8660254037844385,-0.5000000000000004,-6.755397796630859,-0.747222900390625,218.0738525390625,4.171744149061851e-05,38.4100227355957,-3.335437774658203,3.1115875244140625,241.50489807128903,0.0003136208688374,34.64084243774414,-7.932415008544922,3.304847717285156,266.7780456542969,0.0035887314006686,75.66541290283203,-9.220672607421877,5.29534912109375,281.8409423828125,0.0069216336123645,68.90180206298828,-6.7713165283203125,3.6595306396484375,290.4010009765625,0.0104570351541042,72.00039672851562,2.44145849137567e-06,2.4699861569388304e-06,4.406782150268555,-6.803048133850098,2.924818515777588,2.4518700229236856e-05,1.719598367344588e-05,65.28326416015625,0.4368191361427307
IBT_2004227N09314_2004081506,2004227N09314,EARL,2004-08-15 06:00:00,2004-08-15,2004,8,6,,TS,11.5,301.70001220703125,45.0,1009.0,IBTRACS_ERA5,OBS,1,11.5,301.70001220703125,2004227N09314,EARL,0.0,train,-0.8508109974707794,0.5254718323400193,-0.8660254037844385,-0.5000000000000004,-5.653713226318359,3.684661865234375,218.64306640625,6.346475129248574e-05,54.54924774169922,-6.748279571533203,3.1186676025390625,241.68006896972656,0.0004852226411458,52.70276641845703,-9.953899383544922,3.290321350097656,266.7705993652344,0.003672863356769,77.48353576660156,-12.043426513671877,5.293701171875,281.89013671875,0.0073520839214324,72.94214630126953,-12.561355590820312,3.502426147460937,290.364013671875,0.0113114081323146,78.06720733642578,1.0016113265010064e-05,8.871627869666554e-06,6.910045623779297,-9.392134666442873,3.777955532073975,2.497611785656773e-05,1.719598367344588e-05,62.261627197265625,0.4368191361427307
IBT_2004227N09314_2004081512,2004227N09314,EARL,2004-08-15 12:00:00,2004-08-15,2004,8,12,,TS,11.800000190734863,299.20001220703125,45.0,1009.0,IBTRACS_ERA5,OBS,1,11.800000190734863,299.20001220703125,2004227N09314,EARL,0.0,train,-0.8729219733298809,0.4878598451172906,-0.8660254037844385,-0.5000000000000004,-8.88357162475586,5.446624755859375,218.5677490234375,6.346614827634767e-05,55.04787063598633,-4.714832305908203,2.3601226806640625,241.95057678222656,0.0005218981532379,55.23860549926758,-8.958293914794922,2.464027404785156,267.0653991699219,0.0033442927524447,68.97557067871094,-11.489227294921877,4.25091552734375,282.0899658203125,0.0072679668664932,71.13455963134766,-10.768630981445312,3.6937103271484375,290.4295654296875,0.0122569762170314,84.2398910522461,2.4518700229236856e-05,1.719598367344588e-05,2.574132442474365,-8.962911605834961,3.643080234527588,2.497611785656773e-05,1.719598367344588e-05,63.69432067871094,0.4368191361427307
IBT_2004227N09314_2004081518,2004227N09314,EARL,2004-08-15 18:00:00,2004-08-15,2004,8,18,,TS,12.100000381469728,297.20001220703125,35.0,1010.0,IBTRACS_ERA5,OBS,1,12.100000381469728,297.20001220703125,2004227N09314,EARL,0.0,train,-0.8894162759052444,0.4570981165514098,-0.8660254037844385,-0.5000000000000004,-8.75259017944336,4.085296630859375,218.60540771484372,5.83087166887708e-05,50.345481872558594,-6.982410430908203,1.9239654541015625,241.5968170166016,0.0004180444811936,45.76975631713867,-8.685588836669922,-0.2434921264648437,267.1966247558594,0.0026388270780444,53.881683349609375,-10.649139404296877,1.38702392578125,282.19287109375,0.0069218720309436,67.27538299560547,-10.187332153320312,-0.3864898681640625,290.87158203125,0.0120919309556484,80.7972412109375,2.497611785656773e-05,1.4685398127767256e-05,4.696313381195068,-9.05141258239746,1.3532607555389404,2.497611785656773e-05,1.719598367344588e-05,63.65073394775391,0.4368191361427307
IBT_2004227N12338_2004081500,2004227N12338,DANIELLE,2004-08-15 00:00:00,2004-08-15,2004,8,0,,TS,13.800000190734863,330.70001220703125,65.0,987.0,IBTRACS_ERA5,OBS,1,13.800000190734863,330.70001220703125,2004227N12338,DANIELLE,0.0,train,-0.489382265951959,0.872069376696445,-0.8660254037844385,-0.5000000000000004,-8.94729232788086,3.313812255859375,220.0826416015625,7.103454117896035e-05,51.4017333984375,-13.737781524658203,6.860610961914063,243.0593414306641,0.0007416344014927,70.64634704589844,-13.460735321044922,10.140785217285156,267.8388366699219,0.0038179708644747,74.23157501220703,-11.296356201171877,6.17987060546875,282.5172119140625,0.0082885473966598,78.80622100830078,-10.283035278320312,5.7830657958984375,290.7091064453125,0.0134925805032253,91.09366607666016,4.675179297919385e-05,3.4780754504026845e-05,2.807387113571167,-11.545040130615234,6.455628871917725,5.0349481170997024e-05,5.2848965424345806e-05,61.30859375,2.1594276428222656
IBT_2004227N12338_2004081506,2004227N12338,DANIELLE,2004-08-15 06:00:00,2004-08-15,2004,8,6,,TS,14.100000381469728,329.20001220703125,75.0,981.0,IBTRACS_ERA5,OBS,1,14.100000381469728,329.20001220703125,2004227N12338,DANIELLE,0.0,train,-0.5120426818666742,0.8589600060228554,-0.8660254037844385,-0.5000000000000004,-8.94729232788086,3.313812255859375,220.0826416015625,7.103454117896035e-05,51.4017333984375,-13.737781524658203,6.860610961914063,243.0593414306641,0.0007416344014927,70.64634704589844,-13.460735321044922,10.140785217285156,267.8388366699219,0.0038179708644747,74.23157501220703,-11.296356201171877,6.17987060546875,282.5172119140625,0.0082885473966598,78.80622100830078,-10.283035278320312,5.7830657958984375,290.7091064453125,0.0134925805032253,91.09366607666016,4.675179297919385e-05,3.4780754504026845e-05,2.807387113571167,-11.545040130615234,6.455628871917725,5.0349481170997024e-05,5.2848965424345806e-05,61.30859375,2.1594276428222656
IBT_2004227N12338_2004081512,2004227N12338,DANIELLE,2004-08-15 12:00:00,2004-08-15,2004,8,12,,TS,14.699999809265137,327.8999938964844,80.0,978.0,IBTRACS_ERA5,OBS,1,14.699999809265137,327.8999938964844,2004227N12338,DANIELLE,0.0,train,-0.5313986697589655,0.8471218647741315,-0.8660254037844385,-0.5000000000000004,-8.29665756225586,2.529876708984375,220.218994140625,7.563946564914659e-05,53.85612106323242,-8.427234649658203,1.5507965087890625,243.4835357666016,0.0005630886298604,51.53418350219727,-10.422405242919922,1.0951309204101562,267.8957214355469,0.0040322048589587,78.05841064453125,-7.962127685546875,-4.22869873046875,282.8963623046875,0.0071435417048633,66.20036315917969,-7.660964965820312,-1.9801177978515625,291.4173583984375,0.0121732912957668,78.5699234008789,5.0349481170997024e-05,5.2848965424345806e-05,4.554575443267822,-8.553877830505371,-0.2066024839878082,5.0349481170997024e-05,5.2848965424345806e-05,51.27473068237305,2.574500799179077
IBT_2004227N12338_2004081518,2004227N12338,DANIELLE,2004-08-15 18:00:00,2004-08-15,2004,8,18,,TS,15.199999809265137,326.5,85.0,975.0,IBTRACS_ERA5,OBS,1,15.199999809265137,326.5,2004227N12338,DANIELLE,0.0,train,-0.5519369853120584,0.833885822067168,-0.8660254037844385,-0.5000000000000004,-8.29665756225586,2.529876708984375,220.218994140625,7.563946564914659e-05,53.85612106323242,-8.427234649658203,1.5507965087890625,243.4835357666016,0.0005630886298604,51.53418350219727,-10.422405242919922,1.0951309204101562,267.8957214355469,0.0040322048589587,78.05841064453125,-7.962127685546875,-4.22869873046875,282.8963623046875,0.0071435417048633,66.20036315917969,-7.660964965820312,-1.9801177978515625,291.4173583984375,0.0121732912957668,78.5699234008789,5.0349481170997024e-05,5.2848965424345806e-05,4.554575443267822,-8.553877830505371,-0.2066024839878082,5.0349481170997024e-05,5.2848965424345806e-05,51.27473068237305,2.574500799179077
NEG_20040815_01020,,,2004-08-15 00:00:00,2004-08-15,2004,8,0,,BG,30.0,,,,IBTRACS_ERA5,OBS,0,30.0,267.5,,,3649.699861624688,train,-0.9990482215818578,-0.0436193873653361,-0.8660254037844385,-0.5000000000000004,18.89548110961914,-3.011627197265625,217.0650634765625,4.5472068450180814e-05,47.34292984008789,15.173351287841797,0.5202789306640625,239.21864318847656,0.0003011150693055,41.51324081420898,6.449909210205078,0.0013809204101562,265.8570251464844,0.000357280485332,8.086822509765625,-1.587371826171875,-3.38751220703125,281.5091552734375,0.0011544968001544,11.755321502685549,-6.3482208251953125,-6.4610748291015625,285.0294189453125,0.005478199571371,53.50821304321289,2.6082722115461365e-07,-6.257362201722572e-06,25.47828865051269,6.516629695892334,-2.4677109718322754,2.531029531382956e-05,2.460996438458096e-05,41.783790588378906,2.170859098434448
NEG_20040815_03478,,,2004-08-15 00:00:00,2004-08-15,2004,8,0,,BG,32.5,,,,IBTRACS_ERA5,OBS,0,32.5,347.5,,,2688.8508994024096,train,-0.2164396139381028,0.9762960071199334,-0.8660254037844385,-0.5000000000000004,16.44980239868164,0.368011474609375,220.9522705078125,9.260849765269086e-06,6.0471272468566895,9.740489959716797,-0.4915618896484375,238.00880432128903,6.979129830142483e-05,10.840532302856444,7.574176788330078,4.206092834472656,265.3367614746094,0.0003562001511454,8.394047737121582,9.006988525390625,1.7445068359375,285.1251220703125,0.0009923870675265,7.921393394470215,-0.0272979736328125,-1.1519927978515625,293.608154296875,0.0023566149175167,13.252297401428224,7.110603291948792e-06,-1.422363675374072e-05,16.547061920166016,8.548831939697266,0.9350112676620485,1.121202512877062e-05,1.701071141724242e-06,23.43001747131348,8.190972328186035
IBT_2004227N12338_2004081600,2004227N12338,DANIELLE,2004-08-16 00:00:00,2004-08-16,2004,8,0,,TS,16.0,325.20001220703125,90.0,970.0,IBTRACS_ERA5,OBS,1,16.0,325.20001220703125,2004227N12338,DANIELLE,0.0,train,-0.5707133927362094,0.8211493307258585,-0.8660254037844385,-0.5000000000000004,-5.239681243896484,-0.7033157348632812,219.9320068359375,6.509483500849456e-05,47.95380783081055,-1.6274566650390625,8.225723266601562,242.4302978515625,0.0003846826730296,38.89591598510742,0.0838661193847656,10.249950408935549,267.67877197265625,0.0028882785700261,56.84433364868164,3.406829833984375,5.908592224121094,283.97247314453125,0.0067393537610769,58.09403610229492,3.469345092773437,5.320789337158203,290.79595947265625,0.0125169064849615,84.0404052734375,4.110878944629803e-05,2.577513077994809e-05,10.58947467803955,0.0185806266963481,5.800347805023193,4.8451562179252505e-05,4.9779569962993264e-05,49.93690872192383,1.5837550163269043
IBT_2004227N12338_2004081606,2004227N12338,DANIELLE,2004-08-16 06:00:00,2004-08-16,2004,8,6,,TS,16.799999237060547,324.0,90.0,970.0,IBTRACS_ERA5,OBS,1,16.799999237060547,324.0,2004227N12338,DANIELLE,0.0,train,-0.5877852522924734,0.8090169943749473,-0.8660254037844385,-0.5000000000000004,-1.4743003845214844,5.893363952636719,220.169189453125,8.253571286331862e-05,59.114234924316406,-4.314712524414063,14.281875610351562,242.517578125,0.0005610751686617,56.26255416870117,-11.700069427490234,13.935009002685549,267.9926147460937,0.0026526167057454,50.97451400756836,-10.039459228515623,10.299095153808594,282.99786376953125,0.0077253933995962,71.10364532470703,-12.267227172851562,7.577869415283203,290.82110595703125,0.013156047090888,88.1904067993164,3.889535219059326e-05,2.783606032608077e-05,10.923590660095217,-7.959153652191162,10.397442817687988,4.8451562179252505e-05,4.9779569962993264e-05,51.215633392333984,1.5837550163269043
IBT_2004227N12338_2004081612,2004227N12338,DANIELLE,2004-08-16 12:00:00,2004-08-16,2004,8,12,,TS,17.700000762939453,322.79998779296875,90.0,970.0,IBTRACS_ERA5,OBS,1,17.700000762939453,322.79998779296875,2004227N12338,DANIELLE,0.0,train,-0.6045992845653598,0.7965297892125912,-0.8660254037844385,-0.5000000000000004,-3.3513755798339844,2.9446334838867188,220.4757080078125,7.802857726346701e-05,53.89495086669922,0.3621673583984375,-0.1863861083984375,243.05645751953125,0.0003591253480408,34.21876907348633,-5.442134857177734,4.084545135498047,267.61700439453125,0.0040622293017804,80.32605743408203,-5.055938720703125,0.4167709350585937,283.34454345703125,0.0077481921762228,69.66668701171875,-5.7340240478515625,-0.7773551940917969,290.82086181640625,0.0130291786044836,87.34131622314453,4.8451562179252505e-05,4.9779569962993264e-05,4.419300079345703,-3.8442611694335938,1.296441674232483,4.8451562179252505e-05,4.9779569962993264e-05,42.53098678588867,4.085579872131348
IBT_2004227N12338_2004081618,2004227N12338,DANIELLE,2004-08-16 18:00:00,2004-08-16,2004,8,18,,TS,19.0,321.79998779296875,95.0,964.0,IBTRACS_ERA5,OBS,1,19.0,321.79998779296875,2004227N12338,DANIELLE,0.0,train,-0.6184085627866199,0.7858567614216901,-0.8660254037844385,-0.5000000000000004,1.7500648498535156,12.08965301513672,219.581787109375,5.81117783440277e-05,44.63239288330078,-3.0891265869140625,7.374404907226562,241.905029296875,0.000446235644631,47.436309814453125,-12.299922943115234,7.533397674560547,267.13677978515625,0.0028569563291966,58.6032829284668,-11.819000244140623,3.6775131225585938,282.70269775390625,0.007166510913521,67.2881088256836,-13.227432250976562,0.6694221496582031,290.25567626953125,0.0112883951514959,78.4494400024414,2.2305321181192998e-05,1.839865217334591e-05,18.83473014831543,-7.737083435058594,6.268877983093262,4.8451562179252505e-05,4.9779569962993264e-05,44.45785140991211,4.085579872131348
NEG_20040816_00896,,,2004-08-16 00:00:00,2004-08-16,2004,8,0,,BG,20.0,,,,IBTRACS_ERA5,OBS,0,20.0,272.5,,,5149.59428090295,train,-0.9990482215818578,0.0436193873653357,-0.8660254037844385,-0.5000000000000004,-9.433528900146484,5.676322937011719,219.1214599609375,4.80455782962963e-05,38.98915481567383,-6.795425415039063,1.7069244384765625,241.170166015625,0.000286495196633,32.678829193115234,-7.409786224365234,1.5849113464355469,266.2699584960937,0.00215116282925,47.162689208984375,-7.468658447265625,2.6567611694335938,281.87945556640625,0.0052320715039968,51.946624755859375,-7.329483032226562,2.035144805908203,291.43707275390625,0.0106906201690435,68.91417694091797,-5.116469765198417e-06,-1.19619035103824e-05,4.205376148223877,-7.687376499176025,2.732012987136841,2.443518678774126e-05,8.471889486827422e-06,57.44332504272461,1.411202311515808
NEG_20040816_01416,,,2004-08-16 00:00:00,2004-08-16,2004,8,0,,BG,10.0,,,,IBTRACS_ERA5,OBS,0,10.0,352.5,,,3029.1786040802453,train,-0.1305261922200516,0.9914448613738104,-0.8660254037844385,-0.5000000000000004,-14.047298431396484,-1.5163040161132812,220.4173583984375,3.3761883969418705e-05,23.480993270874023,-8.662857055664062,-0.0528411865234375,242.4443359375,0.0003089922247454,31.20105361938477,-9.060176849365234,-2.498340606689453,266.3436889648437,0.003265009727329,71.17752838134766,-8.193756103515625,-2.6584243774414062,283.03106689453125,0.0068012829869985,62.45816040039063,1.2200775146484375,0.6789436340332031,290.98516845703125,0.013822903856635,91.69859313964844,2.7640742246148875e-06,-6.740565368090756e-06,15.424392700195312,-7.748802185058594,-1.2093932628631592,1.946494376170449e-05,1.3447142919176258e-05,63.18108367919922,9.497453689575195
NEG_20040816_01798,,,2004-08-16 00:00:00,2004-08-16,2004,8,0,,BG,27.5,,,,IBTRACS_ERA5,OBS,0,27.5,317.5,,,1041.9924790478376,train,-0.6755902076156605,0.7372773368101239,-0.8660254037844385,-0.5000000000000004,-1.2506675720214844,-1.9063186645507808,218.79364013671875,2.0381337890285067e-05,17.203519821166992,-1.8977203369140625,-6.3473968505859375,234.91900634765625,6.675523763988167e-05,14.1505765914917,-1.0084190368652344,-1.7578620910644531,264.2666015625,0.0014089583419263,36.09347915649414,-3.566680908203125,-0.5868301391601562,279.87261962890625,0.0040021743625402,45.59700012207031,-6.1649322509765625,-3.335582733154297,288.39141845703125,0.0094697382301092,74.19659423828125,1.142783548857551e-05,3.511636168695986e-05,5.117889404296875,-2.777683973312378,-2.7867980003356934,1.142783548857551e-05,3.511636168695986e-05,32.8911018371582,2.029501438140869
NEG_20040816_01988,,,2004-08-16 00:00:00,2004-08-16,2004,8,0,,BG,37.5,,,,IBTRACS_ERA5,OBS,0,37.5,295.0,,,3313.8185429249525,train,-0.9063077870366498,0.4226182617406996,-0.8660254037844385,-0.5000000000000004,2.308658599853516,8.087699890136719,216.297119140625,3.814329102169722e-05,43.64689636230469,2.253402709960937,13.164932250976562,238.025390625,0.0002281273482367,35.37630844116211,-0.0601768493652343,8.902538299560547,264.8563842773437,0.0017718239687383,43.3442611694336,0.075286865234375,4.802513122558594,279.50616455078125,0.0044421609491109,51.90927505493164,-1.1544342041015625,6.106189727783203,288.90069580078125,0.0092105772346258,69.82872009277344,-1.1608412023633718e-05,-4.866854396823328e-06,3.989911556243897,0.6845474243164062,8.212774276733398,1.989610245800577e-05,1.9807612261502072e-05,56.13558197021485,1.9478434324264529
IBT_2004227N12338_2004081700,2004227N12338,DANIELLE,2004-08-17 00:00:00,2004-08-17,2004,8,0,,TS,20.299999237060547,321.1000061035156,95.0,965.0,IBTRACS_ERA5,OBS,1,20.299999237060547,321.1000061035156,2004227N12338,DANIELLE,0.0,train,-0.6279629747458593,0.778243215420688,-0.8660254037844385,-0.5000000000000004,1.157207489013672,7.143016815185547,220.24496459960935,5.823772517032921e-05,41.338504791259766,5.025669097900391,4.8032073974609375,241.9744873046875,0.0001039282942656,10.974859237670898,1.6459388732910156,5.161300659179688,267.8671569824219,0.0027648769319057,53.64094161987305,1.5780372619628906,7.047183990478516,283.9029846191406,0.0067473361268639,58.43431854248047,1.887134552001953,0.192474365234375,291.5802001953125,0.0124275833368301,79.38801574707031,3.268539148848504e-05,3.0238159524742517e-05,6.988764762878418,2.258797407150269,4.869436740875244,4.527979763224721e-05,3.644452226581052e-05,45.40330123901367,1.214205980300903
IBT_2004227N12338_2004081706,2004227N12338,DANIELLE,2004-08-17 06:00:00,2004-08-17,2004,8,6,,TS,21.700000762939453,320.3999938964844,90.0,970.0,IBTRACS_ERA5,OBS,1,21.700000762939453,320.3999938964844,2004227N12338,DANIELLE,0.0,train,-0.6374240718287215,0.7705131748732742,-0.8660254037844385,-0.5000000000000004,3.797832489013672,12.953075408935549,220.09152221679688,6.683383253403008e-05,48.31110382080078,8.11258316040039,9.214096069335938,241.8582763671875,0.0003013090754393,32.17359161376953,-3.2410240173339844,14.111495971679688,267.1418151855469,0.0039022229611873,80.01348114013672,-8.68246078491211,15.187808990478516,283.1044006347656,0.0074426541104912,68.01084899902344,-8.172435760498047,9.557464599609377,291.0994873046875,0.0129221826791763,85.10282897949219,4.527979763224721e-05,3.644452226581052e-05,12.442567825317385,-1.6371009349822998,12.204788208007812,4.527979763224721e-05,3.644452226581052e-05,49.34407043457031,1.214205980300903
IBT_2004227N12338_2004081712,2004227N12338,DANIELLE,2004-08-17 12:00:00,2004-08-17,2004,8,12,,TS,23.299999237060547,320.0,90.0,970.0,IBTRACS_ERA5,OBS,1,23.299999237060547,320.0,2004227N12338,DANIELLE,0.0,train,-0.6427876096865396,0.7660444431189778,-0.8660254037844385,-0.5000000000000004,3.797832489013672,12.953075408935549,220.09152221679688,6.683383253403008e-05,48.31110382080078,8.11258316040039,9.214096069335938,241.8582763671875,0.0003013090754393,32.17359161376953,-3.2410240173339844,14.111495971679688,267.1418151855469,0.0039022229611873,80.01348114013672,-8.68246078491211,15.187808990478516,283.1044006347656,0.0074426541104912,68.01084899902344,-8.172435760498047,9.557464599609377,291.0994873046875,0.0129221826791763,85.10282897949219,4.527979763224721e-05,3.644452226581052e-05,12.442567825317385,-1.6371009349822998,12.204788208007812,4.527979763224721e-05,3.644452226581052e-05,49.34407043457031,1.214205980300903
IBT_2004227N12338_2004081718,2004227N12338,DANIELLE,2004-08-17 18:00:00,2004-08-17,2004,8,18,,TS,24.600000381469727,319.70001220703125,85.0,974.0,IBTRACS_ERA5,OBS,1,24.600000381469727,319.70001220703125,2004227N12338,DANIELLE,0.0,train,-0.6467896170217552,0.7626684674961011,-0.8660254037844385,-0.5000000000000004,9.070293426513672,22.830516815185547,219.9424743652344,5.528077235794626e-05,40.67340469360352,7.266880035400391,13.604965209960938,240.1756591796875,0.0002295972371939,28.831632614135746,-4.369197845458984,17.983566284179688,265.6894226074219,0.0033490324858576,76.79273223876953,-9.34579086303711,11.247379302978516,282.1471252441406,0.0075670192018151,73.77452087402344,-10.990795135498049,2.510833740234375,291.2720947265625,0.009213700890541,60.01822280883789,6.878072781546507e-06,1.59382962010568e-05,28.55410385131836,-1.6737220287322998,13.635452270507812,4.527979763224721e-05,3.644452226581052e-05,50.190032958984375,5.521088600158691
NEG_20040817_00014,,,2004-08-17 00:00:00,2004-08-17,2004,8,0,,BG,2.5,,,,IBTRACS_ERA5,OBS,0,2.5,297.5,,,3235.912233849346,train,-0.8870108331782216,0.4617486132350341,-0.8660254037844385,-0.5000000000000004,-10.086933135986328,-3.013721466064453,218.9922790527344,6.835235399194062e-05,56.33428955078125,-9.91744613647461,-0.9300689697265624,242.2431640625,0.0005908405291847,60.81439208984375,-10.464534759521484,-0.1355743408203125,267.0143127441406,0.0030746646225452,63.663082122802734,-9.47335433959961,0.0202064514160156,281.7145080566406,0.0083146849647164,83.48470306396484,-7.416332244873047,-0.232452392578125,290.037353515625,0.012590542435646,88.7291259765625,-1.3031401977059431e-05,-6.080805178498849e-06,3.8558483123779297,-9.471719741821287,-0.8583221435546875,1.3070659406366758e-05,6.6720090217131656e-06,80.84884643554688,1.5227121114730835
NEG_20040817_01365,,,2004-08-17 00:00:00,2004-08-17,2004,8,0,,BG,35.0,,,,IBTRACS_ERA5,OBS,0,35.0,287.5,,,3297.546370953444,train,-0.9537169507482268,0.3007057995042734,-0.8660254037844385,-0.5000000000000004,22.781230926513672,4.755321502685547,216.6812438964844,5.154290920472704e-05,56.25244522094727,17.26004409790039,3.456771850585937,238.2734375,0.0002893955970648,43.7885627746582,8.259464263916016,1.6940155029296875,265.6950378417969,0.0008400493534281,19.253814697265625,6.520175933837891,1.5979652404785156,280.1227111816406,0.004627794958651,51.82242965698242,3.847583770751953,-1.600494384765625,288.4005126953125,0.0090487152338027,70.85607147216797,9.764986316440629e-06,-7.096999070199672e-06,19.97196578979492,11.733699798583984,1.9807159900665283,2.478806345607154e-05,2.0423391106305644e-05,47.91902160644531,9.446440696716309
NEG_20040817_02413,,,2004-08-17 00:00:00,2004-08-17,2004,8,0,,BG,30.0,,,,IBTRACS_ERA5,OBS,0,30.0,0.0,,,4006.646957124875,train,0.0,1.0,-0.8660254037844385,-0.5000000000000004,6.929668426513672,-2.294483184814453,221.24008178710935,9.709297046356369e-06,6.129302024841309,-1.0944480895996094,-0.5996246337890625,239.0264892578125,4.269942292012274e-05,5.998778343200684,4.089786529541016,-0.9051055908203124,263.8295593261719,0.0026296637952327,69.71553802490234,3.80118179321289,2.159000396728516,287.6148986816406,0.0040993997827172,27.775522232055664,2.525806427001953,7.034759521484375,302.9166259765625,0.0041824732907116,13.390395164489746,-9.805105037230533e-06,-3.769219256355427e-05,10.316431999206545,3.250399112701416,1.0789092779159546,2.5483961508143693e-05,5.792599040432833e-07,26.65882110595703,6.350541591644287
NEG_20040817_03596,,,2004-08-17 00:00:00,2004-08-17,2004,8,0,,BG,30.0,,,,IBTRACS_ERA5,OBS,0,30.0,300.0,,,2033.871160257837,train,-0.8660254037844386,0.5000000000000001,-0.8660254037844385,-0.5000000000000004,-1.414081573486328,-2.609912872314453,215.92855834960935,4.6490949898725376e-05,55.68174743652344,-1.5905418395996094,-2.1523590087890625,238.3817138671875,0.0001777933503035,26.6156063079834,-1.2857017517089844,-0.4578399658203125,266.1735534667969,0.0009144805953837,20.19888687133789,-2.6319236755371094,-4.317562103271484,281.0172424316406,0.0070510217919945,74.25030517578125,-2.961009979248047,-0.152740478515625,288.9083251953125,0.0098326355218887,74.50806427001953,-7.143759376049275e-06,-1.6037611203501e-05,2.903563976287842,-1.976651787757873,-1.9380829334259035,4.688405169872567e-06,4.825461928703589e-06,46.76417922973633,1.0377607345581057
NEG_20040817_03612,,,2004-08-17 00:00:00,2004-08-17,2004,8,0,,BG,40.0,,,,IBTRACS_ERA5,OBS,0,40.0,327.5,,,1860.7502244973707,train,-0.5372996083468242,0.8433914458128855,-0.8660254037844385,-0.5000000000000004,33.90647506713867,-16.025196075439453,217.33786010742188,2.9860788345104083e-05,30.069005966186523,29.86014175415039,-12.631118774414062,238.400390625,0.0001986102724913,29.677082061767575,21.886417388916016,-12.313552856445312,267.0137634277344,0.00053399434546,11.057191848754885,15.27212905883789,-10.274837493896484,281.3727111816406,0.0014834412140771,15.24605941772461,10.673023223876951,-8.467926025390625,284.8436279296875,0.0031837972346693,31.48386573791504,-3.5515008676156867e-06,-3.0577401048503816e-05,24.4316520690918,22.31963539123535,-11.94252586364746,8.126915417960845e-06,4.5939752453705296e-05,23.968101501464844,2.5464491844177246
NEG_20040817_04345,,,2004-08-17 00:00:00,2004-08-17,2004,8,0,,BG,40.0,,,,IBTRACS_ERA5,OBS,0,40.0,267.5,,,5116.553813333749,train,-0.9990482215818578,-0.0436193873653361,-0.8660254037844385,-0.5000000000000004,14.388408660888672,-13.016651153564451,214.30587768554688,2.912085255957209e-05,42.72710037231445,14.97635269165039,-11.294448852539062,234.071533203125,0.0001661890710238,38.42741012573242,10.305118560791016,-6.3435821533203125,262.8085632324219,0.0008302592323161,23.859516143798828,7.727695465087891,-1.3060874938964844,278.0980529785156,0.003505022265017,45.17918395996094,7.230884552001953,2.570892333984375,288.6114501953125,0.0092522054910659,71.46723937988281,1.2242700904607773e-05,7.722306690993719e-06,17.152307510375977,10.925691604614258,-5.877975463867188,2.4972781830001622e-05,2.9304466806934212e-05,49.50586318969727,8.362194061279297
IBT_2004227N12338_2004081800,2004227N12338,DANIELLE,2004-08-18 00:00:00,2004-08-18,2004,8,0,,TS,25.899999618530277,319.3999938964844,75.0,981.0,IBTRACS_ERA5,OBS,1,25.899999618530277,319.3999938964844,2004227N12338,DANIELLE,0.0,train,-0.6507742981483191,0.7592712380102137,-0.8660254037844385,-0.5000000000000004,9.525100708007812,8.720413208007812,220.02102661132807,6.183315417729318e-05,45.07188415527344,14.475017547607422,8.560237884521484,241.737548828125,0.0002619212027639,28.29263687133789,9.38134765625,9.841537475585938,266.53790283203125,0.0009972763946279,21.418216705322266,8.71170425415039,14.141239166259766,284.8455810546875,0.0043235160410404,35.15847396850586,1.7837257385253906,10.045921325683594,293.2181396484375,0.0091624213382601,52.79588317871094,2.8654420020757243e-05,-5.4635966080240905e-06,7.854034423828125,8.775379180908203,10.261869430541992,2.8654420020757243e-05,3.698746877489612e-05,42.5080680847168,3.945127248764038
IBT_2004227N12338_2004081806,2004227N12338,DANIELLE,2004-08-18 06:00:00,2004-08-18,2004,8,6,,TS,27.299999237060547,319.70001220703125,65.0,985.0,IBTRACS_ERA5,OBS,1,27.299999237060547,319.70001220703125,2004227N12338,DANIELLE,0.0,train,-0.6467896170217552,0.7626684674961011,-0.8660254037844385,-0.5000000000000004,14.802932739257812,19.36201477050781,219.27664184570312,4.565887866192497e-05,36.37007522583008,11.890056610107422,9.470149993896484,240.77392578125,0.0003310923930257,39.23622894287109,7.8095703125,7.4765472412109375,266.4418334960937,0.0020076346118003,43.43720245361328,-1.3088035583496094,10.234256744384766,282.1617431640625,0.0061107315123081,59.517364501953125,-5.826137542724609,3.4966049194335938,291.3714599609375,0.0107186986133456,69.38314819335938,2.79048163065454e-05,3.698746877489612e-05,26.02440643310547,5.473523616790772,10.007914543151855,2.8654420020757243e-05,3.698746877489612e-05,44.45164489746094,5.323797702789307
IBT_2004227N12338_2004081812,2004227N12338,DANIELLE,2004-08-18 12:00:00,2004-08-18,2004,8,12,,TS,28.100000381469727,320.20001220703125,55.0,994.0,IBTRACS_ERA5,OBS,1,28.100000381469727,320.20001220703125,2004227N12338,DANIELLE,0.0,train,-0.6401095357999184,0.7682836599707253,-0.8660254037844385,-0.5000000000000004,14.802932739257812,19.36201477050781,219.27664184570312,4.565887866192497e-05,36.37007522583008,11.890056610107422,9.470149993896484,240.77392578125,0.0003310923930257,39.23622894287109,7.8095703125,7.4765472412109375,266.4418334960937,0.0020076346118003,43.43720245361328,-1.3088035583496094,10.234256744384766,282.1617431640625,0.0061107315123081,59.517364501953125,-5.826137542724609,3.4966049194335938,291.3714599609375,0.0107186986133456,69.38314819335938,2.79048163065454e-05,3.698746877489612e-05,26.02440643310547,5.473523616790772,10.007914543151855,2.8654420020757243e-05,3.698746877489612e-05,44.45164489746094,5.323797702789307
IBT_2004227N12338_2004081818,2004227N12338,DANIELLE,2004-08-18 18:00:00,2004-08-18,2004,8,18,,TS,28.899999618530277,321.1000061035156,45.0,1005.0,IBTRACS_ERA5,OBS,1,28.899999618530277,321.1000061035156,2004227N12338,DANIELLE,0.0,train,-0.6279629747458593,0.778243215420688,-0.8660254037844385,-0.5000000000000004,11.691604614257812,23.49092102050781,219.54812622070312,6.353281787596643e-05,48.99234008789063,7.447673797607422,13.467464447021484,239.49755859375,0.0002787744160741,37.39818954467773,-0.591796875,9.427474975585938,265.05743408203125,0.003045828314498,73.35240173339844,-4.532924652099609,5.901004791259766,280.6414794921875,0.0070389844477176,76.0586929321289,-5.477993011474609,0.1181869506835937,289.7684326171875,0.0099191619083285,71.11796569824219,-7.658030881430022e-06,2.571273216744885e-05,29.001375198364254,1.707312822341919,10.48101043701172,2.8654420020757243e-05,3.698746877489612e-05,44.164512634277344,6.9005231857299805
NEG_20040818_00009,,,2004-08-18 00:00:00,2004-08-18,2004,8,0,,BG,22.5,,,,IBTRACS_ERA5,OBS,0,22.5,265.0,,,5491.559324071786,train,-0.9961946980917455,-0.0871557427476582,-0.8660254037844385,-0.5000000000000004,9.212112426757812,6.4086456298828125,219.04080200195312,4.755458212457597e-05,38.96576690673828,5.800701141357422,4.616146087646484,241.3221435546875,0.0003739481326192,42.03531646728516,-2.658447265625,4.3491058349609375,266.68475341796875,0.0035358231980353,75.08573913574219,-4.000453948974609,3.3951454162597656,282.2672119140625,0.0061400569975376,59.376407623291016,-4.163539886474609,2.0996322631835938,291.0294189453125,0.0110024167224764,72.78297424316406,-1.1103284123237245e-05,-1.4635563275078312e-05,14.052603721618652,0.8380745053291321,4.17373514175415,2.1440988348331302e-05,3.9838678276282735e-06,61.12834548950195,1.9612418413162231
NEG_20040818_03527,,,2004-08-18 00:00:00,2004-08-18,2004,8,0,,BG,2.5,,,,IBTRACS_ERA5,OBS,0,2.5,277.5,,,5173.966716095163,train,-0.9914448613738104,0.1305261922200512,-0.8660254037844385,-0.5000000000000004,-11.451217651367188,1.3318634033203125,220.34988403320312,4.4377840822562575e-05,31.111595153808597,-15.077716827392578,-0.0619544982910156,241.8505859375,0.0004399528552312,47.012451171875,-6.6453857421875,-0.7453765869140625,269.26373291015625,0.0006490138475783,11.329328536987305,-10.59432601928711,-1.9321250915527344,282.94580078125,0.0087922997772693,81.20816040039062,-1.1177635192871094,0.6878890991210938,289.90625,0.0132988346740603,94.51081848144533,-1.2799313481082208e-05,1.8014063243754208e-05,10.353500366210938,-8.97728157043457,-0.143940731883049,3.111498153884895e-05,2.783505624393001e-05,77.89945983886719,1.2915488481521606
NEG_20040818_03672,,,2004-08-18 00:00:00,2004-08-18,2004,8,0,,BG,37.5,,,,IBTRACS_ERA5,OBS,0,37.5,285.0,,,3426.677049743312,train,-0.9659258262890684,0.2588190451025203,-0.8660254037844385,-0.5000000000000004,29.42744445800781,6.2021026611328125,215.1747131347656,3.281128010712564e-05,43.164817810058594,20.948650360107425,2.7833824157714844,235.446533203125,0.0001648140605539,33.1086540222168,12.537841796875,1.7624359130859375,262.6659545898437,0.0010739576537162,31.214059829711918,8.09451675415039,-0.6412315368652344,276.6898193359375,0.0044410862028598,63.212493896484375,4.399936676025391,3.1255111694335938,287.2349853515625,0.0072243763133883,61.02553939819336,-2.348048656131141e-05,-1.75290779225179e-07,25.215898513793945,15.081677436828612,2.646440029144287,1.1704682947311085e-05,9.551546099828556e-06,51.23648452758789,13.824373245239258
NEG_20040818_03956,,,2004-08-18 00:00:00,2004-08-18,2004,8,0,,BG,12.5,,,,IBTRACS_ERA5,OBS,0,12.5,280.0,,,4376.570296470949,train,-0.984807753012208,0.1736481776669299,-0.8660254037844385,-0.5000000000000004,-4.460494995117188,2.4364776611328125,220.19448852539065,7.483488298021257e-05,53.43819427490234,-4.819904327392578,0.7716636657714844,242.541748046875,0.0003571657289285,35.73312759399414,-5.81640625,1.6198577880859375,268.10870361328125,0.0029019725043326,55.27681350708008,-9.54757308959961,2.0972938537597656,283.8619384765625,0.0063277818262577,54.95182418823242,-11.14571762084961,0.1433334350585937,291.8636474609375,0.012884791009128,80.84626770019531,2.454886634950526e-05,8.794337190920487e-06,7.067581653594971,-7.158019065856934,1.4137252569198608,3.435221515246667e-05,2.1559255401371047e-05,61.540557861328125,0.5224185585975647
NEG_20040818_04018,,,2004-08-18 00:00:00,2004-08-18,2004,8,0,,BG,22.5,,,,IBTRACS_ERA5,OBS,0,22.5,270.0,,,4995.680168038652,train,-1.0,-1.8369701987210294e-16,-0.8660254037844385,-0.5000000000000004,7.0551300048828125,1.2184600830078125,219.03933715820312,4.8989750212058425e-05,40.14877700805664,1.9940605163574217,0.5372886657714844,241.4215087890625,0.0003809628542512,42.417118072509766,-1.490478515625,0.4313812255859375,266.88653564453125,0.0024521213490515,51.2724838256836,-4.203334808349609,-0.3707237243652344,282.3927001953125,0.0057489313185215,55.12299728393555,-5.641567230224609,-1.0802993774414062,291.4095458984375,0.0106700016185641,68.9013671875,-1.576545400894247e-07,-1.190833791042678e-05,12.903116226196287,-0.4572380185127258,0.1472213715314865,2.1440988348331302e-05,-9.147803439191192e-07,57.6497917175293,5.9665117263793945
IBT_2004227N12338_2004081900,2004227N12338,DANIELLE,2004-08-19 00:00:00,2004-08-19,2004,8,0,,TS,29.299999237060547,322.20001220703125,40.0,1007.0,IBTRACS_ERA5,OBS,1,29.299999237060547,322.20001220703125,2004227N12338,DANIELLE,0.0,train,-0.6129068853081558,0.7901551429572898,-0.8660254037844385,-0.5000000000000004,18.808673858642575,12.269512176513672,218.84698486328125,1.934519241331145e-05,16.224523544311523,17.319480895996094,9.858688354492188,239.6053009033203,0.0001302320888498,17.287973403930664,9.05596160888672,3.607852935791016,266.1650390625,0.0015339470701292,33.903812408447266,2.3038330078125,3.453815460205078,280.92486572265625,0.0073959100991487,78.37660217285156,-0.7287330627441406,2.0013885498046875,288.7594299316406,0.0112377200275659,85.97781372070312,2.615760240587406e-05,1.9421790057094768e-05,22.07135391235352,9.351842880249023,6.238251686096191,2.6256735509377904e-05,3.547227242961526e-05,45.02842712402344,1.7614459991455078
IBT_2004227N12338_2004081906,2004227N12338,DANIELLE,2004-08-19 06:00:00,2004-08-19,2004,8,6,,TS,29.700000762939453,322.29998779296875,40.0,1007.0,IBTRACS_ERA5,OBS,1,29.700000762939453,322.29998779296875,2004227N12338,DANIELLE,0.0,train,-0.6115272087582756,0.7912234026798705,-0.8660254037844385,-0.5000000000000004,18.808673858642575,12.269512176513672,218.84698486328125,1.934519241331145e-05,16.224523544311523,17.319480895996094,9.858688354492188,239.6053009033203,0.0001302320888498,17.287973403930664,9.05596160888672,3.607852935791016,266.1650390625,0.0015339470701292,33.903812408447266,2.3038330078125,3.453815460205078,280.92486572265625,0.0073959100991487,78.37660217285156,-0.7287330627441406,2.0013885498046875,288.7594299316406,0.0112377200275659,85.97781372070312,2.615760240587406e-05,1.9421790057094768e-05,22.07135391235352,9.351842880249023,6.238251686096191,2.6256735509377904e-05,3.547227242961526e-05,45.02842712402344,1.7614459991455078
IBT_2004227N12338_2004081912,2004227N12338,DANIELLE,2004-08-19 12:00:00,2004-08-19,2004,8,12,,TS,29.899999618530277,322.29998779296875,35.0,1007.0,IBTRACS_ERA5,OBS,1,29.899999618530277,322.29998779296875,2004227N12338,DANIELLE,0.0,train,-0.6115272087582756,0.7912234026798705,-0.8660254037844385,-0.5000000000000004,18.808673858642575,12.269512176513672,218.84698486328125,1.934519241331145e-05,16.224523544311523,17.319480895996094,9.858688354492188,239.6053009033203,0.0001302320888498,17.287973403930664,9.05596160888672,3.607852935791016,266.1650390625,0.0015339470701292,33.903812408447266,2.3038330078125,3.453815460205078,280.92486572265625,0.0073959100991487,78.37660217285156,-0.7287330627441406,2.0013885498046875,288.7594299316406,0.0112377200275659,85.97781372070312,2.615760240587406e-05,1.9421790057094768e-05,22.07135391235352,9.351842880249023,6.238251686096191,2.6256735509377904e-05,3.547227242961526e-05,45.02842712402344,1.7614459991455078
IBT_2004227N12338_2004081918,2004227N12338,DANIELLE,2004-08-19 18:00:00,2004-08-19,2004,8,18,,TS,29.899999618530277,322.79998779296875,35.0,1007.0,IBTRACS_ERA5,OBS,1,29.899999618530277,322.79998779296875,2004227N12338,DANIELLE,0.0,train,-0.6045992845653598,0.7965297892125912,-0.8660254037844385,-0.5000000000000004,18.808673858642575,12.269512176513672,218.84698486328125,1.934519241331145e-05,16.224523544311523,17.319480895996094,9.858688354492188,239.6053009033203,0.0001302320888498,17.287973403930664,9.05596160888672,3.607852935791016,266.1650390625,0.0015339470701292,33.903812408447266,2.3038330078125,3.453815460205078,280.92486572265625,0.0073959100991487,78.37660217285156,-0.7287330627441406,2.0013885498046875,288.7594299316406,0.0112377200275659,85.97781372070312,2.615760240587406e-05,1.9421790057094768e-05,22.07135391235352,9.351842880249023,6.238251686096191,2.6256735509377904e-05,3.547227242961526e-05,45.02842712402344,1.7614459991455078
NEG_20040819_00948,,,2004-08-19 00:00:00,2004-08-19,2004,8,0,,BG,37.5,,,,IBTRACS_ERA5,OBS,0,37.5,305.0,,,1805.72820074732,train,-0.8191520442889918,0.573576436351046,-0.8660254037844385,-0.5000000000000004,17.785480499267578,5.695293426513672,215.02374267578125,4.179844836471602e-05,56.03637313842773,14.873924255371094,4.591598510742188,238.2384796142578,0.000370941706933,56.32176208496094,10.44780731201172,2.669864654541016,264.765869140625,0.0028131969738751,69.30702209472656,8.6478271484375,2.271930694580078,279.35333251953125,0.006435977295041,76.00922393798828,5.014430999755859,1.3639373779296875,288.0184631347656,0.0103999767452478,83.4801254272461,-1.463377657273668e-06,-9.246850822819395e-06,13.485560417175291,11.353894233703612,3.3185248374938965,2.1823208953719583e-05,3.018039251401205e-06,50.9771728515625,1.7898616790771484
NEG_20040819_00994,,,2004-08-19 00:00:00,2004-08-19,2004,8,0,,BG,40.0,,,,IBTRACS_ERA5,OBS,0,40.0,285.0,,,3550.6212333454737,train,-0.9659258262890684,0.2588190451025203,-0.8660254037844385,-0.5000000000000004,22.812580108642575,-7.430927276611328,215.29266357421875,3.454623947618529e-05,44.78244400024414,17.953269958496094,-3.5639190673828125,236.4090118408203,0.0001569461455801,28.60333824157715,14.26958465576172,-1.0813560485839844,263.0137939453125,0.0017450816230848,49.34015274047852,11.0169677734375,1.663288116455078,278.11529541015625,0.0049416590481996,63.62033462524414,9.45779037475586,3.825119018554688,288.8812561035156,0.0082989130169153,62.99603271484375,1.954638719325885e-06,1.2380969565128908e-06,17.465652465820312,15.102038383483888,-1.317559003829956,1.8699656720855277e-05,2.9886550692026503e-06,59.30402755737305,2.924077033996582
NEG_20040819_02067,,,2004-08-19 00:00:00,2004-08-19,2004,8,0,,BG,40.0,,,,IBTRACS_ERA5,OBS,0,40.0,297.5,,,2512.1803358591505,train,-0.8870108331782216,0.4617486132350341,-0.8660254037844385,-0.5000000000000004,22.053546905517575,11.735576629638672,215.19012451171875,3.074085543630645e-05,40.36323547363281,17.526756286621094,5.758102416992188,234.8751983642578,0.000169563703821,36.10483551025391,10.76934051513672,2.892276763916016,262.846435546875,0.0007294929819181,20.9008903503418,8.5223388671875,3.278766632080078,279.64556884765625,0.0013252070639282,15.337068557739258,2.11330795288086,-0.2718048095703125,284.6324768066406,0.0071484837681055,71.68977355957031,-3.220670805603732e-07,3.3932285532500828e-06,23.276390075683597,12.197057723999023,4.67858362197876,3.2704057957744226e-05,8.084803994279355e-06,42.93350601196289,3.851206541061402
NEG_20040819_02475,,,2004-08-19 00:00:00,2004-08-19,2004,8,0,,BG,15.0,,,,IBTRACS_ERA5,OBS,0,15.0,22.5,,,6285.941617085733,train,0.3826834323650898,0.9238795325112868,-0.8660254037844385,-0.5000000000000004,-10.647136688232422,-1.001728057861328,221.05389404296875,7.86140954005532e-05,50.72384262084961,-9.635353088378906,-1.2553253173828125,242.5927276611328,0.0005557459080591,55.33180236816406,-7.898872375488281,-0.7781333923339844,267.294921875,0.0038938140496611,78.91179656982422,-7.9930419921875,0.6588935852050781,283.99395751953125,0.0077698696404695,66.88089752197266,-2.7094459533691406,-3.2678985595703125,294.3460998535156,0.0144696030765771,77.7149887084961,3.965548785345163e-06,-3.9003152778605e-06,8.254844665527344,-7.776770114898682,-1.128838300704956,1.358547160634771e-05,1.1562218787730671e-05,63.394229888916016,5.234161376953125
IBT_2004227N12338_2004082000,2004227N12338,DANIELLE,2004-08-20 00:00:00,2004-08-20,2004,8,0,,TS,29.799999237060547,323.20001220703125,35.0,1009.0,IBTRACS_ERA5,OBS,1,29.799999237060547,323.20001220703125,2004227N12338,DANIELLE,0.0,train,-0.5990234279174419,0.8007314985724224,-0.8660254037844385,-0.5000000000000004,19.37945938110352,6.007282257080078,219.1368408203125,1.7483846022514626e-05,14.162068367004396,12.70427703857422,1.6021614074707031,238.8563995361328,5.938421236351133e-05,8.483417510986328,6.691177368164063,0.963581085205078,265.6684875488281,0.0011992610525339,27.5434627532959,1.779083251953125,0.5234336853027344,281.421875,0.0066106538288295,67.7132339477539,0.7178878784179688,0.1389617919921875,288.586181640625,0.0114684700965881,88.73133850097656,5.587813211604953e-05,3.740148895303719e-05,19.5625,8.254377365112305,1.847084045410156,5.587813211604953e-05,4.6552624553442e-05,46.343055725097656,3.802644014358521
IBT_2004227N12338_2004082006,2004227N12338,DANIELLE,2004-08-20 06:00:00,2004-08-20,2004,8,6,,TS,30.200000762939453,323.0,35.0,1010.0,IBTRACS_ERA5,OBS,1,30.200000762939453,323.0,2004227N12338,DANIELLE,0.0,train,-0.6018150231520483,0.7986355100472928,-0.8660254037844385,-0.5000000000000004,19.37945938110352,6.007282257080078,219.1368408203125,1.7483846022514626e-05,14.162068367004396,12.70427703857422,1.6021614074707031,238.8563995361328,5.938421236351133e-05,8.483417510986328,6.691177368164063,0.963581085205078,265.6684875488281,0.0011992610525339,27.5434627532959,1.779083251953125,0.5234336853027344,281.421875,0.0066106538288295,67.7132339477539,0.7178878784179688,0.1389617919921875,288.586181640625,0.0114684700965881,88.73133850097656,5.587813211604953e-05,3.740148895303719e-05,19.5625,8.254377365112305,1.847084045410156,5.587813211604953e-05,4.6552624553442e-05,46.343055725097656,3.802644014358521
IBT_2004227N12338_2004082012,2004227N12338,DANIELLE,2004-08-20 12:00:00,2004-08-20,2004,8,12,,TS,30.5,322.79998779296875,35.0,1011.0,IBTRACS_ERA5,OBS,1,30.5,322.79998779296875,2004227N12338,DANIELLE,0.0,train,-0.6045992845653598,0.7965297892125912,-0.8660254037844385,-0.5000000000000004,19.37945938110352,6.007282257080078,219.1368408203125,1.7483846022514626e-05,14.162068367004396,12.70427703857422,1.6021614074707031,238.8563995361328,5.938421236351133e-05,8.483417510986328,6.691177368164063,0.963581085205078,265.6684875488281,0.0011992610525339,27.5434627532959,1.779083251953125,0.5234336853027344,281.421875,0.0066106538288295,67.7132339477539,0.7178878784179688,0.1389617919921875,288.586181640625,0.0114684700965881,88.73133850097656,5.587813211604953e-05,3.740148895303719e-05,19.5625,8.254377365112305,1.847084045410156,5.587813211604953e-05,4.6552624553442e-05,46.343055725097656,3.802644014358521
IBT_2004227N12338_2004082018,2004227N12338,DANIELLE,2004-08-20 18:00:00,2004-08-20,2004,8,18,,TS,30.899999618530277,322.3999938964844,30.0,1012.0,IBTRACS_ERA5,OBS,1,30.899999618530277,322.3999938964844,2004227N12338,DANIELLE,0.0,train,-0.6101452483010624,0.7922895783585916,-0.8660254037844385,-0.5000000000000004,19.37945938110352,6.007282257080078,219.1368408203125,1.7483846022514626e-05,14.162068367004396,12.70427703857422,1.6021614074707031,238.8563995361328,5.938421236351133e-05,8.483417510986328,6.691177368164063,0.963581085205078,265.6684875488281,0.0011992610525339,27.5434627532959,1.779083251953125,0.5234336853027344,281.421875,0.0066106538288295,67.7132339477539,0.7178878784179688,0.1389617919921875,288.586181640625,0.0114684700965881,88.73133850097656,5.587813211604953e-05,3.740148895303719e-05,19.5625,8.254377365112305,1.847084045410156,5.587813211604953e-05,4.6552624553442e-05,46.343055725097656,3.802644014358521
NEG_20040820_01234,,,2004-08-20 00:00:00,2004-08-20,2004,8,0,,BG,12.5,,,,IBTRACS_ERA5,OBS,0,12.5,285.0,,,4341.600547024005,train,-0.9659258262890684,0.2588190451025203,-0.8660254037844385,-0.5000000000000004,-0.1615562438964843,5.219440460205078,219.5640869140625,5.171041993889958e-05,39.7998046875,-3.399482727050781,0.5757942199707031,241.6104278564453,0.0003443316672928,37.650150299072266,-7.8972015380859375,1.481403350830078,267.3514709472656,0.0022820688318461,46.04890060424805,-12.613006591796877,2.6093711853027344,284.07861328125,0.0064209918491542,54.95771408081055,-14.726936340332031,1.8284149169921875,292.9541015625,0.0118636488914489,69.50112915039062,2.7214951842324808e-05,-2.117435542459134e-06,14.954910278320312,-7.759636878967285,2.3428847789764404,3.1745905289426446e-05,4.810150585399242e-06,55.46873474121094,1.851509690284729
NEG_20040820_01787,,,2004-08-20 00:00:00,2004-08-20,2004,8,0,,BG,40.0,,,,IBTRACS_ERA5,OBS,0,40.0,322.5,,,1011.914207778922,train,-0.608761429008721,0.7933533402912349,-0.8660254037844385,-0.5000000000000004,24.11505508422852,-4.161174774169922,214.3634033203125,3.477943755569868e-05,50.66057968139648,19.97234344482422,0.9620246887207032,236.9254913330078,0.0003459074650891,59.854766845703125,13.267837524414062,-0.0351982116699218,263.5984191894531,0.0022948838304728,61.9571647644043,13.843780517578123,3.6086387634277344,278.6005859375,0.0060587744228541,75.4010238647461,11.250114440917969,2.6587371826171875,287.0205078125,0.0095384120941162,81.71012878417969,-5.717975000152364e-06,-3.339297472848557e-05,14.560833930969238,16.489826202392578,0.6066055297851562,2.777859845082276e-05,3.0409160899580456e-05,49.7003288269043,3.370729684829712
NEG_20040820_02008,,,2004-08-20 00:00:00,2004-08-20,2004,8,0,,BG,22.5,,,,IBTRACS_ERA5,OBS,0,22.5,0.0,,,3745.148566483636,train,0.0,1.0,-0.8660254037844385,-0.5000000000000004,4.238590240478516,2.012653350830078,221.13671875,1.0574363841442391e-05,6.756826877593994,1.3820114135742188,-2.959362030029297,242.2663116455078,2.494389991625212e-05,2.561786651611328,-0.2392425537109375,-1.8728446960449217,265.4211730957031,0.0023662454914301,55.39764022827149,-2.076629638671875,-2.0542030334472656,285.7021484375,0.0056927124969661,43.734962463378906,-0.7762527465820312,-1.2721710205078125,301.544677734375,0.0061984057538211,21.51658821105957,-1.1137383808090815e-05,3.3449457532697124e-06,5.994891166687012,0.5056953430175781,-1.2291854619979858,3.173973527736962e-05,1.1700785762513988e-05,35.49827575683594,2.624110221862793
IBT_2004227N12338_2004082100,2004227N12338,DANIELLE,2004-08-21 00:00:00,2004-08-21,2004,8,0,,TS,30.899999618530277,322.0,30.0,1012.0,IBTRACS_ERA5,OBS,1,30.899999618530277,322.0,2004227N12338,DANIELLE,0.0,train,-0.6156614753256582,0.788010753606722,-0.8660254037844385,-0.5000000000000004,12.918327331542969,2.530323028564453,218.5576629638672,1.784613232302945e-05,15.49781894683838,2.5673751831054688,-2.766246795654297,238.4754180908203,0.0001583950652275,23.493284225463867,2.638092041015625,-1.1896629333496094,266.3213195800781,0.0012680728686973,27.691783905029297,1.1987342834472656,3.5038070678710938,281.62139892578125,0.0059461626224219,60.08330154418945,0.4608039855957031,5.065555572509766,288.9914855957031,0.0114324791356921,86.1676025390625,4.863550930167549e-05,3.0869123293086886e-05,12.712879180908203,3.956666469573975,1.4287551641464231,4.863550930167549e-05,3.0869123293086886e-05,47.3006706237793,8.177957534790039
IBT_2004227N12338_2004082106,2004227N12338,DANIELLE,2004-08-21 06:00:00,2004-08-21,2004,8,6,,TS,30.600000381469727,321.3999938964844,30.0,1013.0,IBTRACS_ERA5,OBS,1,30.600000381469727,321.3999938964844,2004227N12338,DANIELLE,0.0,train,-0.6238796799619792,0.7815204059591395,-0.8660254037844385,-0.5000000000000004,12.918327331542969,2.530323028564453,218.5576629638672,1.784613232302945e-05,15.49781894683838,2.5673751831054688,-2.766246795654297,238.4754180908203,0.0001583950652275,23.493284225463867,2.638092041015625,-1.1896629333496094,266.3213195800781,0.0012680728686973,27.691783905029297,1.1987342834472656,3.5038070678710938,281.62139892578125,0.0059461626224219,60.08330154418945,0.4608039855957031,5.065555572509766,288.9914855957031,0.0114324791356921,86.1676025390625,4.863550930167549e-05,3.0869123293086886e-05,12.712879180908203,3.956666469573975,1.4287551641464231,4.863550930167549e-05,3.0869123293086886e-05,47.3006706237793,8.177957534790039
IBT_2004227N12338_2004082112,2004227N12338,DANIELLE,2004-08-21 12:00:00,2004-08-21,2004,8,12,,TS,30.700000762939453,321.1000061035156,25.0,1014.0,IBTRACS_ERA5,OBS,1,30.700000762939453,321.1000061035156,2004227N12338,DANIELLE,0.0,train,-0.6279629747458593,0.778243215420688,-0.8660254037844385,-0.5000000000000004,11.187858581542969,2.671192169189453,217.5165252685547,2.348994894418865e-05,23.143590927124023,-0.6247634887695312,-0.3231315612792969,238.0701446533203,8.407553104916587e-05,12.98011302947998,1.125885009765625,-5.655971527099609,266.6327209472656,0.0009990175021812,21.2998161315918,-0.9440879821777344,-7.261817932128906,281.59478759765625,0.0049488577060401,50.096797943115234,-0.4744987487792969,-9.105831146240234,288.7388000488281,0.0112137300893664,85.90868377685547,4.0790280763758346e-05,2.456722086208174e-06,16.574342727661133,2.0540785789489746,-3.935111999511719,4.863550930167549e-05,3.0869123293086886e-05,49.983280181884766,1.762755036354065
IBT_2004227N12338_2004082118,2004227N12338,DANIELLE,2004-08-21 18:00:00,2004-08-21,2004,8,18,,DS,30.5,320.79998779296875,25.0,1014.0,IBTRACS_ERA5,OBS,1,30.5,320.79998779296875,2004227N12338,DANIELLE,0.0,train,-0.6320294677689976,0.774944354048494,-0.8660254037844385,-0.5000000000000004,11.187858581542969,2.671192169189453,217.5165252685547,2.348994894418865e-05,23.143590927124023,-0.6247634887695312,-0.3231315612792969,238.0701446533203,8.407553104916587e-05,12.98011302947998,1.125885009765625,-5.655971527099609,266.6327209472656,0.0009990175021812,21.2998161315918,-0.9440879821777344,-7.261817932128906,281.59478759765625,0.0049488577060401,50.096797943115234,-0.4744987487792969,-9.105831146240234,288.7388000488281,0.0112137300893664,85.90868377685547,4.0790280763758346e-05,2.456722086208174e-06,16.574342727661133,2.0540785789489746,-3.935111999511719,4.863550930167549e-05,3.0869123293086886e-05,49.983280181884766,1.762755036354065
NEG_20040821_03136,,,2004-08-21 00:00:00,2004-08-21,2004,8,0,,BG,20.0,,,,IBTRACS_ERA5,OBS,0,20.0,280.0,,,4240.995298654468,train,-0.984807753012208,0.1736481776669299,-0.8660254037844385,-0.5000000000000004,2.0062179565429688,0.0750007629394531,218.1766815185547,5.555352254305035e-05,50.51598739624024,-0.7678298950195312,3.551380157470703,240.1511993408203,0.0003020348085556,38.018184661865234,-3.874114990234375,-2.0299949645996094,266.8981018066406,0.0014158923877403,29.57927894592285,-5.337642669677734,0.2879867553710937,282.42144775390625,0.0053876671008765,51.55849838256836,-4.719127655029297,0.4268836975097656,291.4375305175781,0.0108718378469347,70.08031463623047,-3.5649011351779336e-06,-8.391482879233081e-06,6.73454475402832,-2.538499355316162,0.4622512757778168,1.590388251315744e-06,7.842272680136375e-06,52.998626708984375,4.676327705383301
NEG_20040821_03250,,,2004-08-21 00:00:00,2004-08-21,2004,8,0,,BG,2.5,,,,IBTRACS_ERA5,OBS,0,2.5,347.5,,,4140.558477698112,train,-0.2164396139381028,0.9762960071199334,-0.8660254037844385,-0.5000000000000004,-19.14087677001953,-8.320507049560547,219.6842498779297,2.316352038178593e-05,17.57459831237793,-14.123664855957031,8.044666290283203,242.0094146728516,5.905089346924797e-05,6.215030193328857,-1.295379638671875,-2.7160301208496094,266.8921203613281,0.002515516243875,52.57551574707031,-2.5830039978027344,2.0860824584960938,281.54840087890625,0.0071586999110877,72.6964340209961,2.223133087158203,-0.7271690368652344,289.0605773925781,0.0119896931573748,89.96574401855469,-1.0732339433161542e-05,-1.5879701095400378e-05,22.67332649230957,-6.9839582443237305,-0.3265914916992187,2.0256640709703788e-05,1.4918777196726296e-05,67.6689682006836,6.637820720672607
NEG_20040821_03772,,,2004-08-21 00:00:00,2004-08-21,2004,8,0,,BG,37.5,,,,IBTRACS_ERA5,OBS,0,37.5,305.0,,,1648.278851195388,train,-0.8191520442889918,0.573576436351046,-0.8660254037844385,-0.5000000000000004,-3.0499343872070312,-17.871532440185547,214.8635711669922,2.7131420210935172e-05,37.11079025268555,-2.0285720825195312,-13.302379608154297,237.1959991455078,0.0001479344500694,24.914600372314453,-1.386077880859375,-5.898159027099609,264.6754455566406,0.000670536304824,16.63660430908203,-1.4235801696777344,-2.5743179321289062,279.72174072265625,0.0036141606979072,41.608036041259766,-2.807018280029297,-1.1839561462402344,288.1640930175781,0.0101648075506091,80.8248062133789,9.083561053557789e-06,-1.871407107501e-06,16.68934440612793,-2.1390366554260254,-8.166069030761719,2.597237289592158e-05,3.412172372918576e-05,47.11754989624024,2.0917060375213623
NEG_20040821_04348,,,2004-08-21 00:00:00,2004-08-21,2004,8,0,,BG,17.5,,,,IBTRACS_ERA5,OBS,0,17.5,315.0,,,1560.2125069508727,train,-0.7071067811865477,0.7071067811865474,-0.8660254037844385,-0.5000000000000004,1.6380538940429688,0.8958015441894531,219.3311004638672,1.317508485954022e-05,10.426605224609377,-1.2363357543945312,-2.563121795654297,240.3360137939453,5.903785495320335e-05,7.299184322357178,-5.287445068359375,-2.2492332458496094,266.6706848144531,0.0004556019848678,9.685495376586914,-1.6701622009277344,-7.141212463378906,282.58648681640625,0.0022939476184546,21.708444595336918,-4.814586639404297,-4.398067474365234,290.8576965332031,0.0078548891469836,52.53208160400391,-8.930710464483127e-06,-9.674934517533984e-06,8.346353530883789,-2.274095058441162,-3.0911667346954346,1.2418160622473806e-05,1.2816840353480076e-05,25.594491958618164,4.445755481719971
NEG_20040821_04452,,,2004-08-21 00:00:00,2004-08-21,2004,8,0,,BG,2.5,,,,IBTRACS_ERA5,OBS,0,2.5,292.5,,,4307.001308575371,train,-0.9238795325112866,0.38268343236509,-0.8660254037844385,-0.5000000000000004,-9.230842590332031,-1.6098136901855469,219.5649261474609,4.451735003385693e-05,34.26010513305664,-12.281257629394531,0.9382209777832032,242.38905334472656,0.0001312861277256,13.326735496520996,-10.439910888671877,-2.1394920349121094,266.5801696777344,0.0029029687866568,62.14397811889648,-10.388057708740234,3.6993637084960938,281.21221923828125,0.0066394838504493,68.98987579345703,-2.472789764404297,0.5908241271972656,290.1163635253906,0.0119600398465991,83.86075592041016,-4.792269464815036e-06,4.066220753884409e-06,7.107326030731201,-8.96257209777832,0.2958206236362457,1.588906343386043e-05,9.13759504328482e-06,67.64112854003906,0.4092293679714203
IBT_2004227N12338_2004082200,2004227N12338,DANIELLE,2004-08-22 00:00:00,2004-08-22,2004,8,0,,DS,30.299999237060547,320.20001220703125,25.0,1015.0,IBTRACS_ERA5,OBS,1,30.299999237060547,320.20001220703125,2004227N12338,DANIELLE,0.0,train,-0.6401095357999184,0.7682836599707253,-0.8660254037844385,-0.5000000000000004,10.421222686767578,6.8223419189453125,218.04171752929688,3.5115597711410373e-05,32.457763671875,4.632354736328125,4.075122833251953,237.38238525390625,0.0001422840432496,23.521209716796875,0.5603675842285156,0.7194137573242188,265.8770751953125,0.0014664236223325,33.14017105102539,-0.6036186218261719,1.0685806274414062,281.47540283203125,0.0069770691916346,71.20577239990234,-0.4277572631835937,2.856170654296875,289.1007080078125,0.0123797943815588,92.6529541015625,4.525767872110009e-05,5.962681825621985e-06,11.551228523254396,2.9165139198303223,3.108325958251953,4.525767872110009e-05,1.0339657819713466e-05,50.7170295715332,3.10512375831604
IBT_2004227N12338_2004082206,2004227N12338,DANIELLE,2004-08-22 06:00:00,2004-08-22,2004,8,6,,DS,30.200000762939453,319.70001220703125,25.0,1015.0,IBTRACS_ERA5,OBS,1,30.200000762939453,319.70001220703125,2004227N12338,DANIELLE,0.0,train,-0.6467896170217552,0.7626684674961011,-0.8660254037844385,-0.5000000000000004,10.421222686767578,6.8223419189453125,218.04171752929688,3.5115597711410373e-05,32.457763671875,4.632354736328125,4.075122833251953,237.38238525390625,0.0001422840432496,23.521209716796875,0.5603675842285156,0.7194137573242188,265.8770751953125,0.0014664236223325,33.14017105102539,-0.6036186218261719,1.0685806274414062,281.47540283203125,0.0069770691916346,71.20577239990234,-0.4277572631835937,2.856170654296875,289.1007080078125,0.0123797943815588,92.6529541015625,4.525767872110009e-05,5.962681825621985e-06,11.551228523254396,2.9165139198303223,3.108325958251953,4.525767872110009e-05,1.0339657819713466e-05,50.7170295715332,3.10512375831604
IBT_2004227N12338_2004082212,2004227N12338,DANIELLE,2004-08-22 12:00:00,2004-08-22,2004,8,12,,DS,30.299999237060547,319.20001220703125,25.0,1015.0,IBTRACS_ERA5,OBS,1,30.299999237060547,319.20001220703125,2004227N12338,DANIELLE,0.0,train,-0.6534204427101086,0.7569951948648853,-0.8660254037844385,-0.5000000000000004,10.421222686767578,6.8223419189453125,218.04171752929688,3.5115597711410373e-05,32.457763671875,4.632354736328125,4.075122833251953,237.38238525390625,0.0001422840432496,23.521209716796875,0.5603675842285156,0.7194137573242188,265.8770751953125,0.0014664236223325,33.14017105102539,-0.6036186218261719,1.0685806274414062,281.47540283203125,0.0069770691916346,71.20577239990234,-0.4277572631835937,2.856170654296875,289.1007080078125,0.0123797943815588,92.6529541015625,4.525767872110009e-05,5.962681825621985e-06,11.551228523254396,2.9165139198303223,3.108325958251953,4.525767872110009e-05,1.0339657819713466e-05,50.7170295715332,3.10512375831604
IBT_2004227N12338_2004082218,2004227N12338,DANIELLE,2004-08-22 18:00:00,2004-08-22,2004,8,18,,DS,30.399999618530277,318.79998779296875,25.0,1016.0,IBTRACS_ERA5,OBS,1,30.399999618530277,318.79998779296875,2004227N12338,DANIELLE,0.0,train,-0.6586896204228343,0.752414768560016,-0.8660254037844385,-0.5000000000000004,10.421222686767578,6.8223419189453125,218.04171752929688,3.5115597711410373e-05,32.457763671875,4.632354736328125,4.075122833251953,237.38238525390625,0.0001422840432496,23.521209716796875,0.5603675842285156,0.7194137573242188,265.8770751953125,0.0014664236223325,33.14017105102539,-0.6036186218261719,1.0685806274414062,281.47540283203125,0.0069770691916346,71.20577239990234,-0.4277572631835937,2.856170654296875,289.1007080078125,0.0123797943815588,92.6529541015625,4.525767872110009e-05,5.962681825621985e-06,11.551228523254396,2.9165139198303223,3.108325958251953,4.525767872110009e-05,1.0339657819713466e-05,50.7170295715332,3.10512375831604
NEG_20040822_00176,,,2004-08-22 00:00:00,2004-08-22,2004,8,0,,BG,45.0,,,,IBTRACS_ERA5,OBS,0,45.0,280.0,,,3733.747284330831,train,-0.984807753012208,0.1736481776669299,-0.8660254037844385,-0.5000000000000004,25.138507843017575,-3.2679901123046875,215.41842651367188,2.5098292098846287e-05,32.02850341796875,21.827667236328125,-6.087963104248047,231.32769775390625,0.000150464780745,46.330345153808594,20.09357070922852,-1.2449417114257812,260.1129150390625,0.0009468797361478,33.78020095825195,11.846576690673828,0.2121353149414062,275.52227783203125,0.001009929110296,15.619606018066406,8.050758361816406,1.833709716796875,279.2115478515625,0.0049037029966712,71.08214569091797,-1.8455222743796185e-05,-2.012246841331944e-05,17.83307456970215,17.391416549682617,-1.7110099792480469,1.4202925740391947e-05,9.2013506218791e-06,33.432125091552734,15.532167434692385
NEG_20040822_02019,,,2004-08-22 00:00:00,2004-08-22,2004,8,0,,BG,25.0,,,,IBTRACS_ERA5,OBS,0,25.0,25.0,,,6324.755381143298,train,0.4226182617406994,0.90630778703665,-0.8660254037844385,-0.5000000000000004,0.8714179992675781,10.505447387695312,221.46603393554688,2.3005610273685303e-05,14.14383316040039,1.134796142578125,3.660083770751953,241.89019775390625,0.0001552257017465,16.52440643310547,-1.1774253845214844,-1.8108596801757808,269.3990478515625,0.0001406375376973,2.430158853530884,0.954975128173828,-4.550559997558594,282.19610595703125,0.0019892929121851,19.33018493652344,0.3022232055664062,-5.495880126953125,294.2008056640625,0.0050994446501135,27.63705825805664,-4.629486625162826e-07,-1.382451500830939e-06,16.01144790649414,0.4171974062919616,0.4616462588310241,1.095266816264484e-05,1.5927565982565284e-05,22.181720733642575,4.299523830413818
NEG_20040822_02559,,,2004-08-22 00:00:00,2004-08-22,2004,8,0,,BG,17.5,,,,IBTRACS_ERA5,OBS,0,17.5,325.0,,,1504.0884030576797,train,-0.5735764363510465,0.8191520442889916,-0.8660254037844385,-0.5000000000000004,1.800128936767578,10.236648559570312,219.36410522460935,3.1850846426095814e-05,25.107097625732425,5.227569580078125,4.741626739501953,242.85162353515625,4.884258669335395e-05,4.744983673095703,1.6624183654785156,6.433525085449219,265.3104248046875,0.0004787896177731,11.306038856506348,0.0030708312988281,4.696022033691406,283.04547119140625,0.0019377052085474,17.77722930908203,-4.255393981933594,0.004852294921875,289.7445068359375,0.009545057080686,68.54081726074219,9.24498453969136e-06,2.550943827372976e-05,11.889450073242188,0.8875587582588196,5.222535133361816,1.4440081940847447e-05,3.802387072937563e-05,33.026126861572266,5.265604019165039
NEG_20040822_03135,,,2004-08-22 00:00:00,2004-08-22,2004,8,0,,BG,40.0,,,,IBTRACS_ERA5,OBS,0,40.0,320.0,,,1072.9931527813442,train,-0.6427876096865396,0.7660444431189778,-0.8660254037844385,-0.5000000000000004,-4.632488250732422,-7.011642456054688,214.51901245117188,2.691437111934647e-05,38.44292068481445,-4.127899169921875,-5.491771697998047,235.43780517578125,0.0001071024016709,21.534343719482425,-0.8385581970214844,-2.157539367675781,264.5164794921875,0.0003125373332295,7.851246833801269,-1.159282684326172,-2.5769271850585938,279.29669189453125,0.0009620069758966,11.406085014343262,-3.8286361694335938,-5.156036376953125,285.0714111328125,0.00183632876724,17.88638687133789,-2.5626682145230006e-06,-5.118821263749851e-06,2.022239446640014,-2.917372941970825,-4.47878360748291,8.04051978775533e-06,9.39374695008155e-06,44.555809020996094,2.022239446640014
NEG_20040822_03138,,,2004-08-22 00:00:00,2004-08-22,2004,8,0,,BG,40.0,,,,IBTRACS_ERA5,OBS,0,40.0,297.5,,,2201.9964493345924,train,-0.8870108331782216,0.4617486132350341,-0.8660254037844385,-0.5000000000000004,8.162433624267578,3.1048126220703125,217.22042846679688,3.189554990967736e-05,32.582271575927734,9.147979736328123,4.987964630126953,239.92388916015625,0.0001678097323747,21.594953536987305,8.270816802978516,7.856620788574219,265.322265625,0.0009811524068936,23.14742851257324,5.813129425048828,6.318336486816406,280.08966064453125,0.0047150133177638,52.91958618164063,6.781227111816406,6.113739013671875,289.1685791015625,0.0068854978308081,51.30766296386719,-3.2116622605826706e-05,-3.008316707564518e-05,3.310795783996582,7.635117530822754,5.676294803619385,3.641194416559301e-05,1.4286563782661688e-05,51.64117813110352,0.6544746160507202
NEG_20040822_04124,,,2004-08-22 00:00:00,2004-08-22,2004,8,0,,BG,47.5,,,,IBTRACS_ERA5,OBS,0,47.5,285.0,,,3445.317313435481,train,-0.9659258262890684,0.2588190451025203,-0.8660254037844385,-0.5000000000000004,27.750080108642575,4.4461212158203125,219.38302612304688,1.9151797459926456e-05,15.062697410583496,28.699493408203125,-2.048168182373047,230.76202392578125,0.000127323277411,41.62980270385742,22.27643203735352,-1.2622756958007812,256.808349609375,0.0010540488874539,49.35780334472656,15.067279815673828,-1.2688217163085938,271.72833251953125,0.0015211283462122,30.978721618652344,8.513893127441406,1.534149169921875,277.9239501953125,0.0043695857748389,69.28902435302734,-2.6411449653096497e-05,5.663223873852985e-06,19.455345153808597,20.4614372253418,0.2802009582519531,2.047089765255805e-05,2.2818947400082837e-05,41.36659240722656,13.184471130371094
IBT_2004227N12338_2004082300,2004227N12338,DANIELLE,2004-08-23 00:00:00,2004-08-23,2004,8,0,,DS,30.799999237060547,318.0,25.0,1016.0,IBTRACS_ERA5,OBS,1,30.799999237060547,318.0,2004227N12338,DANIELLE,0.0,train,-0.6691306063588581,0.7431448254773942,-0.8660254037844385,-0.5000000000000004,8.39337158203125,4.6883544921875,217.51670837402344,3.2273772376356646e-05,31.79720497131348,6.998935699462891,2.477691650390625,237.82357788085935,0.0001124385598814,17.78883171081543,0.0575523376464843,1.96417236328125,265.1262512207031,0.001225825631991,29.36378288269043,0.7708511352539062,0.9254875183105468,281.04656982421875,0.0054728318937122,57.5156478881836,1.256500244140625,1.3340682983398438,289.12310791015625,0.0117321768775582,87.67940521240234,2.4919145289459262e-05,-6.2922449615143705e-06,7.885820865631103,3.4954421520233154,2.2779548168182373,3.687072603497654e-05,1.1627462299657054e-05,44.422142028808594,6.4493513107299805
IBT_2004227N12338_2004082306,2004227N12338,DANIELLE,2004-08-23 06:00:00,2004-08-23,2004,8,6,,DS,31.700000762939453,317.5,25.0,1017.0,IBTRACS_ERA5,OBS,1,31.700000762939453,317.5,2004227N12338,DANIELLE,0.0,train,-0.6755902076156605,0.7372773368101239,-0.8660254037844385,-0.5000000000000004,4.67059326171875,7.5333251953125,217.37913513183597,4.1477102058706805e-05,41.55632019042969,5.820346832275391,4.153594970703125,236.9595642089844,0.0001811217371141,31.233976364135746,-0.3375892639160156,2.02325439453125,264.8616638183594,0.0013318250421434,32.56713104248047,-3.0346908569335938,2.199291229248047,281.1469116210937,0.0059903343208134,62.52333831787109,-5.032440185546875,5.146324157714844,289.00311279296875,0.0122267166152596,92.0847625732422,3.687072603497654e-05,3.6550682125380254e-06,9.992328643798828,0.4172439575195312,4.21115779876709,3.687072603497654e-05,7.364116754615679e-06,48.783390045166016,1.6706159114837646
IBT_2004227N12338_2004082312,2004227N12338,DANIELLE,2004-08-23 12:00:00,2004-08-23,2004,8,12,,DS,32.29999923706055,316.70001220703125,25.0,1017.0,IBTRACS_ERA5,OBS,1,32.29999923706055,316.70001220703125,2004227N12338,DANIELLE,0.0,train,-0.6858181978732735,0.727772903772774,-0.8660254037844385,-0.5000000000000004,4.67059326171875,7.5333251953125,217.37913513183597,4.1477102058706805e-05,41.55632019042969,5.820346832275391,4.153594970703125,236.9595642089844,0.0001811217371141,31.233976364135746,-0.3375892639160156,2.02325439453125,264.8616638183594,0.0013318250421434,32.56713104248047,-3.0346908569335938,2.199291229248047,281.1469116210937,0.0059903343208134,62.52333831787109,-5.032440185546875,5.146324157714844,289.00311279296875,0.0122267166152596,92.0847625732422,3.687072603497654e-05,3.6550682125380254e-06,9.992328643798828,0.4172439575195312,4.21115779876709,3.687072603497654e-05,7.364116754615679e-06,48.783390045166016,1.6706159114837646
IBT_2004227N12338_2004082318,2004227N12338,DANIELLE,2004-08-23 18:00:00,2004-08-23,2004,8,18,,DS,33.099998474121094,316.20001220703125,25.0,1017.0,IBTRACS_ERA5,OBS,1,33.099998474121094,316.20001220703125,2004227N12338,DANIELLE,0.0,train,-0.692143020097291,0.721760375561447,-0.8660254037844385,-0.5000000000000004,7.28570556640625,8.7598876953125,216.85874938964844,2.2442731278715652e-05,23.964845657348636,4.888095855712891,6.346343994140625,236.7227478027344,0.00014986655151,26.46508026123047,0.5897789001464844,2.69952392578125,264.3240051269531,0.0006344283465296,16.179323196411133,-1.0728988647460938,-1.0947761535644531,281.1390991210937,0.0052396585233509,54.717506408691406,-1.864837646484375,-2.213050842285156,289.19952392578125,0.010803953744471,80.34598541259766,2.0754670913447623e-05,-8.162024641933385e-06,14.287680625915527,1.9651687145233157,2.899585723876953,3.687072603497654e-05,7.750146323814988e-06,48.4411506652832,4.10126256942749
NEG_20040823_02731,,,2004-08-23 00:00:00,2004-08-23,2004,8,0,,BG,10.0,,,,IBTRACS_ERA5,OBS,0,10.0,330.0,,,2624.553841229329,train,-0.5000000000000004,0.8660254037844384,-0.8660254037844385,-0.5000000000000004,-12.06146240234375,3.3990478515625,218.5732269287109,6.956113793421537e-05,60.29457092285156,-9.51082992553711,0.797027587890625,242.02145385742188,0.0006251875311136,65.72460174560547,-8.488346099853516,-5.44354248046875,266.9101867675781,0.003768932307139,78.66350555419922,-9.232322692871094,-4.962451934814453,281.5604858398437,0.0079235965386033,80.39764404296875,-0.448089599609375,-6.144935607910156,290.01300048828125,0.0124715724959969,88.02783966064453,1.0319223292754032e-05,1.7808100892580114e-05,15.031901359558104,-7.9482102394104,-2.470970869064331,2.033176315308083e-05,3.775321238208562e-05,73.15206909179688,6.920811176300049
NEG_20040823_03410,,,2004-08-23 00:00:00,2004-08-23,2004,8,0,,BG,12.5,,,,IBTRACS_ERA5,OBS,0,12.5,317.5,,,2035.5148684438288,train,-0.6755902076156605,0.7372773368101239,-0.8660254037844385,-0.5000000000000004,-0.68487548828125,3.8389892578125,218.99046325683597,2.317894177394919e-05,19.107675552368164,-5.197963714599609,2.777618408203125,241.57693481445312,0.0001151691976701,12.633393287658691,-2.150821685791016,0.68585205078125,266.4154357910156,0.0011346379760652,24.59896278381348,-3.8319320678710938,0.3635978698730469,281.90118408203125,0.0042403270490467,42.03789520263672,-4.876312255859375,-2.110267639160156,289.9042358398437,0.0110514024272561,78.54911804199219,2.888933295253082e-06,-9.50700996327214e-06,7.277485847473144,-3.3483810424804688,1.111158013343811,1.455879282730166e-05,6.531371127493912e-06,40.9611701965332,0.4543163180351257
NEG_20040823_04267,,,2004-08-23 00:00:00,2004-08-23,2004,8,0,,BG,0.0,,,,IBTRACS_ERA5,OBS,0,0.0,342.5,,,4291.105191534233,train,-0.300705799504273,0.9537169507482268,-0.8660254037844385,-0.5000000000000004,-17.37689208984375,1.3861083984375,220.9897308349609,1.558260919409804e-05,10.130386352539062,-1.5933494567871094,7.819976806640625,239.7613220214844,0.0001218970719492,15.937028884887695,-2.598697662353516,-0.66033935546875,267.5880432128906,0.000505473697558,10.017267227172852,-5.423728942871094,1.3156242370605469,280.99139404296875,0.0058469106443226,61.67959976196289,5.118072509765625,1.7583847045898438,288.78424072265625,0.0086112776771187,65.77787017822266,-1.3048726032138802e-05,-6.182836386869894e-06,22.498044967651367,-4.3749189376831055,2.323951005935669,1.0495899005036335e-05,7.97274424257921e-06,55.492374420166016,5.016045570373535
IBT_2004227N12338_2004082400,2004227N12338,DANIELLE,2004-08-24 00:00:00,2004-08-24,2004,8,0,,DS,33.900001525878906,315.79998779296875,20.0,1018.0,IBTRACS_ERA5,OBS,1,33.900001525878906,315.79998779296875,2004227N12338,DANIELLE,0.0,train,-0.6971652555944238,0.7169104591174282,-0.8660254037844385,-0.5000000000000004,10.856414794921877,9.101253509521484,216.3217620849609,2.877846418414265e-05,32.83076477050781,9.64828872680664,7.21112060546875,236.2574920654297,0.0002118826669175,39.20952606201172,2.767475128173828,2.479583740234375,264.6054382324219,0.0012226423714309,30.50117301940918,0.1034660339355468,0.8386154174804688,281.2463684082031,0.0049808956682682,51.6350212097168,-0.6936225891113281,2.549205780029297,289.443359375,0.0124204028397798,90.92938232421876,2.606134148663841e-05,-1.028745828079991e-05,13.27903175354004,4.536404609680176,4.435956001281738,2.606134148663841e-05,4.990174602426123e-06,45.090110778808594,2.6545193195343018
IBT_2004227N12338_2004082406,2004227N12338,DANIELLE,2004-08-24 06:00:00,2004-08-24,2004,8,6,,DS,34.70000076293945,315.3999938964844,20.0,1018.0,IBTRACS_ERA5,OBS,1,34.70000076293945,315.3999938964844,2004227N12338,DANIELLE,0.0,train,-0.7021531288447608,0.7120259711931249,-0.8660254037844385,-0.5000000000000004,10.856414794921877,9.101253509521484,216.3217620849609,2.877846418414265e-05,32.83076477050781,9.64828872680664,7.21112060546875,236.2574920654297,0.0002118826669175,39.20952606201172,2.767475128173828,2.479583740234375,264.6054382324219,0.0012226423714309,30.50117301940918,0.1034660339355468,0.8386154174804688,281.2463684082031,0.0049808956682682,51.6350212097168,-0.6936225891113281,2.549205780029297,289.443359375,0.0124204028397798,90.92938232421876,2.606134148663841e-05,-1.028745828079991e-05,13.27903175354004,4.536404609680176,4.435956001281738,2.606134148663841e-05,4.990174602426123e-06,45.090110778808594,2.6545193195343018
IBT_2004227N12338_2004082412,2004227N12338,DANIELLE,2004-08-24 12:00:00,2004-08-24,2004,8,12,,DS,35.5,315.0,20.0,1019.0,IBTRACS_ERA5,OBS,1,35.5,315.0,2004227N12338,DANIELLE,0.0,train,-0.7071067811865477,0.7071067811865474,-0.8660254037844385,-0.5000000000000004,10.856414794921877,9.101253509521484,216.3217620849609,2.877846418414265e-05,32.83076477050781,9.64828872680664,7.21112060546875,236.2574920654297,0.0002118826669175,39.20952606201172,2.767475128173828,2.479583740234375,264.6054382324219,0.0012226423714309,30.50117301940918,0.1034660339355468,0.8386154174804688,281.2463684082031,0.0049808956682682,51.6350212097168,-0.6936225891113281,2.549205780029297,289.443359375,0.0124204028397798,90.92938232421876,2.606134148663841e-05,-1.028745828079991e-05,13.27903175354004,4.536404609680176,4.435956001281738,2.606134148663841e-05,4.990174602426123e-06,45.090110778808594,2.6545193195343018
IBT_2004227N12338_2004082418,2004227N12338,DANIELLE,2004-08-24 18:00:00,2004-08-24,2004,8,18,,DS,36.400001525878906,314.79998779296875,20.0,1019.0,IBTRACS_ERA5,OBS,1,36.400001525878906,314.79998779296875,2004227N12338,DANIELLE,0.0,train,-0.7095708866608578,0.7046340587874845,-0.8660254037844385,-0.5000000000000004,4.898651123046875,13.134212493896484,216.41221618652344,3.632869629655033e-05,40.98404312133789,5.559665679931641,11.30975341796875,235.6893768310547,0.0002165914338547,42.45054626464844,2.634906768798828,4.336273193359375,263.4728698730469,0.0013370236847549,36.455936431884766,0.5280265808105469,3.9182052612304688,280.1865539550781,0.0050388313829898,56.17745971679688,-2.579608917236328,6.509410858154297,289.10400390625,0.0109831560403108,82.18277740478516,1.1117120266135316e-05,-3.665699068733375e-06,9.99061393737793,2.2083282470703125,7.841570854187012,2.606134148663841e-05,4.990174602426123e-06,48.08185577392578,1.8240714073181152
NEG_20040824_00413,,,2004-08-24 00:00:00,2004-08-24,2004,8,0,,BG,0.0,,,,IBTRACS_ERA5,OBS,0,0.0,15.0,,,7210.905197521212,train,0.2588190451025207,0.9659258262890684,-0.8660254037844385,-0.5000000000000004,-12.024444580078123,-10.115543365478516,219.3754730224609,7.280394493136555e-05,57.31131362915039,-8.23452377319336,-3.00518798828125,241.2001190185547,0.0005067170131951,57.63194274902344,-8.182720184326172,0.248138427734375,265.9306335449219,0.0032492002937942,73.12635040283203,-4.428272247314453,2.1188888549804688,282.3493957519531,0.0069367624819278,66.70793914794922,2.992900848388672,-0.6773567199707031,291.1826171875,0.01325892098248,86.86074829101562,2.2922165499039693e-07,3.910819486918626e-06,17.736967086791992,-5.975411891937256,-2.286212205886841,3.745091134987888e-06,1.896584581118077e-05,68.73729705810547,6.6207709312438965
NEG_20040824_01266,,,2004-08-24 00:00:00,2004-08-24,2004,8,0,,BG,35.0,,,,IBTRACS_ERA5,OBS,0,35.0,10.0,,,4908.277248946262,train,0.1736481776669303,0.984807753012208,-0.8660254037844385,-0.5000000000000004,10.593231201171877,0.7770347595214844,220.0512542724609,1.3577417121268809e-05,9.861498832702637,4.596042633056641,2.81121826171875,235.7462615966797,0.000109064647404,21.25308609008789,0.0633735656738281,-5.199127197265625,264.4635925292969,0.0010142645332962,25.584930419921875,-3.958545684814453,-7.719978332519531,284.8015441894531,0.0033948158379644,27.687414169311523,-1.199481964111328,-6.148548126220703,297.734375,0.0038758381269872,16.907060623168945,-1.836552655731793e-05,-2.88280971290078e-05,13.67595672607422,2.0189239978790283,-3.0958800315856934,4.542725491774036e-06,3.418041956138041e-07,27.567873001098636,5.57762622833252
NEG_20040824_01608,,,2004-08-24 00:00:00,2004-08-24,2004,8,0,,BG,47.5,,,,IBTRACS_ERA5,OBS,0,47.5,320.0,,,1306.252182021634,train,-0.6427876096865396,0.7660444431189778,-0.8660254037844385,-0.5000000000000004,12.874725341796877,5.581478118896484,214.53501892089844,2.8432943508960307e-05,40.53020477294922,16.44028091430664,7.51312255859375,236.0032196044922,0.000156882480951,29.78645133972168,12.425678253173828,6.315765380859375,263.8936462402344,0.0005453547346405,14.385346412658691,8.038036346435547,4.168693542480469,277.8037414550781,0.0023338531609624,30.7102108001709,8.009502410888672,4.196422576904297,285.961669921875,0.0033832653425633,31.06951904296875,-2.5515304514556192e-05,-2.681930345715955e-05,5.058534622192383,11.557644844055176,5.555096626281738,1.934524789248826e-06,-8.866866664902773e-06,48.068058013916016,1.7126920223236084
NEG_20040824_02391,,,2004-08-24 00:00:00,2004-08-24,2004,8,0,,BG,7.5,,,,IBTRACS_ERA5,OBS,0,7.5,270.0,,,5527.653459925091,train,-1.0,-1.8369701987210294e-16,-0.8660254037844385,-0.5000000000000004,-4.331329345703125,-7.341129302978516,220.19065856933597,5.5937693105079234e-05,39.96220016479492,-5.388332366943359,-4.69000244140625,241.9949188232422,0.0005869448650628,61.86074447631836,-1.512065887451172,-4.115875244140625,267.6767272949219,0.0044987518340349,88.55390167236328,-1.5291023254394531,-1.0847244262695312,282.0166320800781,0.0086865462362766,85.44351196289062,6.336650848388672,0.4986686706542969,289.426025390625,0.0131981838494539,96.73123931884766,6.528193807753269e-06,-7.6347296271706e-06,13.238890647888184,-1.2848358154296875,-3.3466124534606934,2.78229435934918e-05,2.404247788945213e-05,79.95684814453125,1.5611492395401
NEG_20040824_02619,,,2004-08-24 00:00:00,2004-08-24,2004,8,0,,BG,50.0,,,,IBTRACS_ERA5,OBS,0,50.0,335.0,,,2215.5732822601867,train,-0.4226182617406992,0.90630778703665,-0.8660254037844385,-0.5000000000000004,42.09713745117188,-20.48907852172852,215.1918792724609,3.309793828520924e-05,43.4485969543457,31.22592544555664,-16.11407470703125,234.4371795654297,0.000193092302652,43.000953674316406,21.396381378173828,-11.174713134765623,261.8976745605469,0.0007275065290741,22.47924423217773,17.550731658935547,-10.915290832519531,278.3054504394531,0.0008197760325856,10.414533615112305,15.830791473388672,-9.294055938720703,284.15185546875,0.0016007288359105,16.576126098632812,-9.48671640799148e-06,-3.665014810394496e-05,28.552574157714844,25.620193481445312,-13.597442626953123,4.549424193101004e-05,2.642285471665673e-05,37.12155151367188,7.934225082397461
NEG_20040824_03947,,,2004-08-24 00:00:00,2004-08-24,2004,8,0,,BG,35.0,,,,IBTRACS_ERA5,OBS,0,35.0,5.0,,,4466.302936070701,train,0.0871557427476581,0.9961946980917455,-0.8660254037844385,-0.5000000000000004,8.205047607421875,0.8185386657714844,219.8193206787109,1.4305711374618111e-05,10.68084716796875,0.4187965393066406,1.09344482421875,235.9545135498047,0.0001856566232163,35.42364883422852,2.558002471923828,0.851165771484375,263.0085144042969,0.0023144206497818,65.46490478515625,3.160594940185547,-2.2551345825195312,284.5163879394531,0.0046428777277469,38.59292984008789,2.698467254638672,1.7059440612792969,297.603515625,0.0076745618134737,33.74483108520508,-3.808836117968895e-05,-2.316995778528508e-05,5.57762622833252,3.408181667327881,0.4427917599678039,2.0695721104857512e-05,3.418041956138041e-07,31.991477966308597,5.57762622833252
IBT_2004238N11325_2004082500,2004238N11325,FRANCES,2004-08-25 00:00:00,2004-08-25,2004,8,0,,TS,11.100000381469728,324.79998779296875,25.0,1009.0,IBTRACS_ERA5,OBS,1,11.100000381469728,324.79998779296875,2004238N11325,FRANCES,0.0,train,-0.5764324902648603,0.8171447755245406,-0.8660254037844385,-0.5000000000000004,-9.698028564453123,-1.9304618835449217,219.1897430419922,5.8669382269727066e-05,47.22245788574219,-5.522483825683594,1.8110809326171875,242.64154052734372,0.0003455716359894,34.24714660644531,-5.261497497558594,6.815059661865234,267.9078674316406,0.0030406226869672,58.80828857421875,-3.544906616210937,4.656646728515625,282.3841552734375,0.0077654612250626,74.50141143798828,-2.1886215209960938,4.105236053466797,290.36236572265625,0.0118373129516839,81.70540618896484,3.50147056451533e-05,1.3681304153578822e-05,9.634357452392578,-5.243107795715332,3.0915122032165527,3.603121513151564e-05,3.293397821835242e-05,61.189247131347656,2.63749098777771
IBT_2004238N11325_2004082506,2004238N11325,FRANCES,2004-08-25 06:00:00,2004-08-25,2004,8,6,,TS,11.199999809265137,323.20001220703125,30.0,1008.0,IBTRACS_ERA5,OBS,1,11.199999809265137,323.20001220703125,2004238N11325,FRANCES,0.0,train,-0.5990234279174419,0.8007314985724224,-0.8660254037844385,-0.5000000000000004,-9.288116455078123,-2.853313446044922,219.6183319091797,6.466198101406917e-05,49.44724655151367,-7.549583435058594,-0.0194854736328125,242.67156982421875,0.0005617949063889,55.5170783996582,-2.6882553100585938,2.2484092712402344,267.6936340332031,0.0042549781501293,83.64765167236328,-3.186996459960937,-0.864593505859375,281.8353271484375,0.0082522220909595,82.1786117553711,-2.3385238647460938,-1.9816780090332031,290.32696533203125,0.0129563305526971,89.63169860839844,3.603121513151564e-05,3.293397821835242e-05,7.004040718078613,-5.0102949142456055,-0.6941322088241577,3.603121513151564e-05,3.293397821835242e-05,61.460636138916016,2.63749098777771
IBT_2004238N11325_2004082512,2004238N11325,FRANCES,2004-08-25 12:00:00,2004-08-25,2004,8,12,,TS,11.300000190734863,321.70001220703125,30.0,1007.0,IBTRACS_ERA5,OBS,1,11.300000190734863,321.70001220703125,2004238N11325,FRANCES,0.0,train,-0.6197788645962548,0.7847765025787771,-0.8660254037844385,-0.5000000000000004,-9.337432861328123,3.037189483642578,219.53099060058597,6.69169457978569e-05,51.70758438110352,-10.490989685058594,1.7980194091796875,242.9000244140625,0.0005280661280266,51.06623077392578,-13.405662536621094,2.6591758728027344,267.1548156738281,0.0038985274732112,79.85823822021484,-13.713363647460938,-0.560882568359375,282.41259765625,0.0074489009566605,71.32671356201172,-9.003074645996094,-3.388538360595703,291.14996337890625,0.0122059676796197,80.12870025634766,2.547789699747227e-05,3.188446135027334e-05,6.434421062469482,-11.190104484558104,0.7089927792549133,3.603121513151564e-05,3.293397821835242e-05,55.6675033569336,2.63749098777771
IBT_2004238N11325_2004082518,2004238N11325,FRANCES,2004-08-25 18:00:00,2004-08-25,2004,8,18,,TS,11.5,320.20001220703125,35.0,1005.0,IBTRACS_ERA5,OBS,1,11.5,320.20001220703125,2004238N11325,FRANCES,0.0,train,-0.6401095357999184,0.7682836599707253,-0.8660254037844385,-0.5000000000000004,-12.281280517578123,4.681110382080078,219.0238494873047,6.66792257106863e-05,54.74755096435547,-8.808372497558594,-3.857864379882813,242.42681884765625,0.0005292880232445,53.53490829467773,-13.198753356933594,-2.6258583068847656,267.2269592285156,0.0033030023332685,67.2870864868164,-12.598373413085938,-4.526458740234375,282.0677490234375,0.0069053662009537,67.68772888183594,-7.948875427246094,-6.020008087158203,291.12969970703125,0.0119560454040765,78.58909606933594,1.6033376596169546e-05,2.5030642063939013e-05,11.544855117797852,-10.967130661010742,-2.469815731048584,3.603121513151564e-05,3.293397821835242e-05,55.1783447265625,2.63749098777771
NEG_20040825_02540,,,2004-08-25 00:00:00,2004-08-25,2004,8,0,,BG,45.0,,,,IBTRACS_ERA5,OBS,0,45.0,330.0,,,3802.005280554124,train,-0.5000000000000004,0.8660254037844384,-0.8660254037844385,-0.5000000000000004,6.683807373046875,-0.5134696960449219,213.6172332763672,3.087406003032811e-05,49.42819213867188,7.969215393066406,0.1685028076171875,235.53485107421875,0.0001507240376668,30.00776481628418,11.050025939941406,1.4410362243652344,263.9972229003906,0.0007902493234723,20.67623519897461,8.072280883789062,-0.277923583984375,277.8948974609375,0.0038356673903763,50.15016174316406,7.452491760253906,1.5505485534667969,286.03619384765625,0.0075076315551996,68.60698699951172,-2.813727223838214e-05,-2.355971446377225e-05,2.2025091648101807,8.245564460754395,0.4737388491630554,-1.281850018131081e-05,-1.6886087905731983e-05,50.38335800170898,1.958184838294983
NEG_20040825_02992,,,2004-08-25 00:00:00,2004-08-25,2004,8,0,,BG,35.0,,,,IBTRACS_ERA5,OBS,0,35.0,330.0,,,2709.112034622632,train,-0.5000000000000004,0.8660254037844384,-0.8660254037844385,-0.5000000000000004,-0.358184814453125,3.028034210205078,214.6047821044922,2.9697801437578164e-05,41.96324920654297,-3.5932846069335938,0.1479949951171875,236.76898193359372,0.0001481014332966,26.032306671142575,-5.761985778808594,-3.5379676818847656,264.5045471191406,0.0010087599512189,25.36470603942871,-10.979965209960938,-4.670013427734375,280.1292724609375,0.0017141592688858,19.18661499023437,-12.180809020996094,-4.119861602783203,288.47076416015625,0.0055384133011102,43.17179870605469,-1.1148838893859647e-05,-1.7510101315565407e-05,13.815457344055176,-6.574845790863037,-1.8303626775741575,7.157267646107357e-06,4.85200416733278e-06,29.873197555541992,5.00221061706543
IBT_2004238N11325_2004082600,2004238N11325,FRANCES,2004-08-26 00:00:00,2004-08-26,2004,8,0,,TS,11.899999618530272,318.5,40.0,1003.0,IBTRACS_ERA5,OBS,1,11.899999618530272,318.5,2004238N11325,FRANCES,0.0,train,-0.6626200482157378,0.7489557207890019,-0.8660254037844385,-0.5000000000000004,-6.434577941894531,0.1653900146484375,219.458740234375,7.033687870716676e-05,54.821048736572266,-7.886028289794922,2.292423248291016,242.68356323242188,0.0005819937214255,57.4477424621582,-6.186943054199219,4.157680511474609,267.7506103515625,0.0041866390965878,81.94786071777344,-6.206146240234375,4.947429656982422,281.68853759765625,0.0075565185397863,76.00660705566406,-5.454154968261719,4.061054229736328,290.2306823730469,0.0126196714118123,87.8414306640625,3.094210478593595e-05,3.8481342926388606e-05,4.017141819000244,-6.43356990814209,3.124795436859131,3.405166353331879e-05,3.8481342926388606e-05,54.531776428222656,2.219430446624756
IBT_2004238N11325_2004082606,2004238N11325,FRANCES,2004-08-26 06:00:00,2004-08-26,2004,8,6,,TS,12.300000190734863,317.1000061035156,45.0,1000.0,IBTRACS_ERA5,OBS,1,12.300000190734863,317.1000061035156,2004238N11325,FRANCES,0.0,train,-0.680720790923724,0.7325429713021481,-0.8660254037844385,-0.5000000000000004,-6.434577941894531,0.1653900146484375,219.458740234375,7.033687870716676e-05,54.821048736572266,-7.886028289794922,2.292423248291016,242.68356323242188,0.0005819937214255,57.4477424621582,-6.186943054199219,4.157680511474609,267.7506103515625,0.0041866390965878,81.94786071777344,-6.206146240234375,4.947429656982422,281.68853759765625,0.0075565185397863,76.00660705566406,-5.454154968261719,4.061054229736328,290.2306823730469,0.0126196714118123,87.8414306640625,3.094210478593595e-05,3.8481342926388606e-05,4.017141819000244,-6.43356990814209,3.124795436859131,3.405166353331879e-05,3.8481342926388606e-05,54.531776428222656,2.219430446624756
IBT_2004238N11325_2004082612,2004238N11325,FRANCES,2004-08-26 12:00:00,2004-08-26,2004,8,12,,TS,12.800000190734863,315.5,55.0,994.0,IBTRACS_ERA5,OBS,1,12.800000190734863,315.5,2004238N11325,FRANCES,0.0,train,-0.7009092642998508,0.7132504491541817,-0.8660254037844385,-0.5000000000000004,-10.143684387207031,0.5823822021484375,219.33428955078125,7.698698755120859e-05,60.90337371826172,-8.725749969482422,-1.3585777282714844,242.76400756835935,0.0006072456017136,59.48479843139648,-3.1271286010742188,-1.3961524963378906,267.66571044921875,0.003927135374397,77.36705780029297,-6.788543701171875,-0.921466827392578,281.95672607421875,0.0072459490038454,71.56424713134766,-4.861015319824219,-0.7090873718261719,290.3559265136719,0.0127250524237751,87.86902618408203,3.405166353331879e-05,3.37878882419318e-05,5.4382429122924805,-6.72922420501709,-0.7605804204940796,3.405166353331879e-05,3.8481342926388606e-05,52.884124755859375,3.12021279335022
IBT_2004238N11325_2004082618,2004238N11325,FRANCES,2004-08-26 18:00:00,2004-08-26,2004,8,18,,TS,13.300000190734863,314.20001220703125,65.0,987.0,IBTRACS_ERA5,OBS,1,13.300000190734863,314.20001220703125,2004238N11325,FRANCES,0.0,train,-0.7169104591174286,0.6971652555944234,-0.8660254037844385,-0.5000000000000004,-10.143684387207031,0.5823822021484375,219.33428955078125,7.698698755120859e-05,60.90337371826172,-8.725749969482422,-1.3585777282714844,242.76400756835935,0.0006072456017136,59.48479843139648,-3.1271286010742188,-1.3961524963378906,267.66571044921875,0.003927135374397,77.36705780029297,-6.788543701171875,-0.921466827392578,281.95672607421875,0.0072459490038454,71.56424713134766,-4.861015319824219,-0.7090873718261719,290.3559265136719,0.0127250524237751,87.86902618408203,3.405166353331879e-05,3.37878882419318e-05,5.4382429122924805,-6.72922420501709,-0.7605804204940796,3.405166353331879e-05,3.8481342926388606e-05,52.884124755859375,3.12021279335022
NEG_20040826_00809,,,2004-08-26 00:00:00,2004-08-26,2004,8,0,,BG,35.0,,,,IBTRACS_ERA5,OBS,0,35.0,272.5,,,4820.456692982922,train,-0.9990482215818578,0.0436193873653357,-0.8660254037844385,-0.5000000000000004,12.296257019042969,-0.5213775634765625,218.99517822265625,5.117631008033641e-05,42.163570404052734,9.130939483642578,0.9397621154785156,240.6470642089844,0.0003674560866784,44.08266067504883,6.430732727050781,0.2596092224121094,267.60650634765625,0.0023442148230969,46.39133071899414,5.318145751953125,2.520915985107422,281.1356811523437,0.0064919795840978,67.81128692626953,5.681953430175781,6.536273956298828,290.9028015136719,0.0120540829375386,80.384521484375,-2.0757495803991333e-05,-2.1648011170327663e-05,9.672614097595217,7.771605491638184,1.9470367431640625,1.4364968592417426e-05,1.6374808183172718e-05,63.61186599731445,2.151402711868286
NEG_20040826_01614,,,2004-08-26 00:00:00,2004-08-26,2004,8,0,,BG,17.5,,,,IBTRACS_ERA5,OBS,0,17.5,280.0,,,3691.007100587836,train,-0.984807753012208,0.1736481776669299,-0.8660254037844385,-0.5000000000000004,9.683464050292969,0.9002532958984375,218.75286865234372,4.5690823753830045e-05,38.75644302368164,-0.8104667663574219,-1.0968589782714844,241.03890991210935,0.0001110704251914,12.83026885986328,-5.835624694824219,1.9297752380371092,266.54254150390625,0.0014221011660993,30.531164169311523,-7.928924560546875,1.283611297607422,281.8934936523437,0.0037600011564791,37.2955322265625,-9.81536102294922,1.169086456298828,290.9213562011719,0.0092997523024678,61.94369125366211,-9.390473678649869e-06,-5.350366791390115e-06,19.50067901611328,-2.941382646560669,0.8371734619140625,2.5177265342790637e-05,1.284126665268559e-05,51.48875427246094,2.310394287109375
NEG_20040826_01966,,,2004-08-26 00:00:00,2004-08-26,2004,8,0,,BG,22.5,,,,IBTRACS_ERA5,OBS,0,22.5,290.0,,,2752.375635196597,train,-0.9396926207859084,0.342020143325669,-0.8660254037844385,-0.5000000000000004,-17.08386993408203,-6.8228912353515625,216.34564208984372,3.401483263587579e-05,38.69024658203125,-12.037761688232422,-4.301448822021484,238.69027709960935,0.0002059796534013,29.91061210632324,-4.556327819824219,-0.9720802307128906,265.7343139648437,0.0007418333552777,16.951093673706055,-5.899139404296875,-0.3853340148925781,281.86932373046875,0.0045283939689397,44.99116516113281,-6.032890319824219,0.8316841125488281,290.5546569824219,0.0101530523970723,69.22533416748047,-9.667644917499274e-06,-5.5222344599314965e-06,13.443090438842772,-9.121997833251951,-2.3300139904022217,-1.9257840904174373e-06,5.097625944472384e-06,50.414024353027344,2.671243190765381
NEG_20040826_02414,,,2004-08-26 00:00:00,2004-08-26,2004,8,0,,BG,37.5,,,,IBTRACS_ERA5,OBS,0,37.5,305.0,,,2841.339414038772,train,-0.8191520442889918,0.573576436351046,-0.8660254037844385,-0.5000000000000004,21.74864959716797,5.7256927490234375,216.50946044921875,2.953423791041132e-05,32.921810150146484,18.077716827392575,0.3731117248535156,235.89620971679688,0.0002252133272122,43.22532272338867,15.29889678955078,-4.255527496337891,264.74615478515625,0.000682049896568,16.829116821289062,10.803497314453123,-0.2981758117675781,279.20867919921875,0.0020137636456638,24.022602081298828,6.618721008300781,-1.384136199951172,285.7192077636719,0.0076142521575093,71.0516357421875,1.4658729924121872e-05,2.573977144493256e-05,16.71718978881836,14.509495735168455,0.0321929939091205,7.740384171484038e-05,0.0001008469553198,36.89247894287109,2.475760698318481
NEG_20040826_02808,,,2004-08-26 00:00:00,2004-08-26,2004,8,0,,BG,0.0,,,,IBTRACS_ERA5,OBS,0,0.0,2.5,,,5032.774799785966,train,0.043619387365336,0.9990482215818578,-0.8660254037844385,-0.5000000000000004,-20.55579376220703,-0.7262115478515625,220.53338623046875,3.0052986403461542e-05,20.616878509521484,-7.909343719482422,-2.7787437438964844,239.39144897460935,0.0005367929115891,72.76312255859375,-3.7845993041992183,0.3970603942871094,267.64227294921875,0.001881384756416,37.13071441650391,-4.881072998046875,-3.055011749267578,282.1161499023437,0.005839904770255,57.05595397949219,-1.9742965698242188,-0.2303276062011718,289.1603698730469,0.0111343832686543,83.0123519897461,7.776850452501094e-07,-5.21940273756627e-06,18.58811378479004,-7.82102108001709,-1.2786468267440796,5.571620931732468e-06,7.921299584268127e-06,70.90997314453125,4.719011306762695
NEG_20040826_03171,,,2004-08-26 00:00:00,2004-08-26,2004,8,0,,BG,17.5,,,,IBTRACS_ERA5,OBS,0,17.5,302.5,,,1337.9270977883268,train,-0.8433914458128857,0.5372996083468239,-0.8660254037844385,-0.5000000000000004,12.194694519042969,0.3718109130859375,217.554931640625,4.409267421578989e-05,43.23964309692383,1.411457061767578,2.935977935791016,239.74154663085935,0.0001291138760279,16.913148880004883,-6.313163757324219,-4.821323394775391,269.3768920898437,0.000207373406738,3.589296102523804,-5.155487060546875,0.1315116882324218,281.44586181640625,0.0039923251606523,40.82665252685547,-9.30974578857422,-1.411968231201172,290.5588073730469,0.0102814109995961,70.08195495605469,-4.499959231907269e-06,-8.155420800903812e-06,21.57829475402832,-1.4344489574432373,-0.5587981939315796,1.7516722436994314e-06,1.6509318811586127e-05,38.90960311889648,8.319491386413574
IBT_2004238N11325_2004082700,2004238N11325,FRANCES,2004-08-27 00:00:00,2004-08-27,2004,8,0,,TS,13.699999809265137,313.20001220703125,70.0,984.0,IBTRACS_ERA5,OBS,1,13.699999809265137,313.20001220703125,2004238N11325,FRANCES,0.0,train,-0.7289684815766576,0.684547261237544,-0.8660254037844385,-0.5000000000000004,-3.8449935913085938,-3.0047378540039062,219.3194274902344,6.884842150611803e-05,54.56194686889648,-4.681846618652344,-0.4579505920410156,242.4722137451172,0.0007073432207107,71.23622131347656,2.139999389648437,3.361103057861328,267.95166015625,0.0042904829606413,82.70588684082031,1.743671417236328,5.854526519775391,282.1064453125,0.008301867172122,81.16285705566406,3.6794395446777344,6.231788635253906,290.1557922363281,0.0122214145958423,85.47760772705078,4.581492248689756e-05,2.057145320577547e-05,11.913459777832031,-0.1927459686994552,2.3969459533691406,5.670886457664892e-05,3.792485949816182e-05,60.74560546875,3.3771965503692627
IBT_2004238N11325_2004082706,2004238N11325,FRANCES,2004-08-27 06:00:00,2004-08-27,2004,8,6,,TS,14.199999809265137,312.20001220703125,75.0,980.0,IBTRACS_ERA5,OBS,1,14.199999809265137,312.20001220703125,2004238N11325,FRANCES,0.0,train,-0.7408044531747221,0.6717207471535332,-0.8660254037844385,-0.5000000000000004,-4.269432067871094,5.368797302246094,219.39895629882807,7.556232594652101e-05,59.31595993041992,-4.316978454589844,4.102474212646484,242.96507263183597,0.0006911642849445,66.42828369140625,-8.563003540039062,5.699726104736328,268.31463623046875,0.0049840277060866,93.46454620361328,-9.401592254638672,6.152744293212891,282.1484375,0.0080446721985936,78.42440795898438,-10.112308502197266,5.930519104003906,290.3584289550781,0.0127947516739368,88.3362045288086,5.670886457664892e-05,3.792485949816182e-05,5.869815826416016,-7.332663059234619,5.450852394104004,5.670886457664892e-05,3.792485949816182e-05,55.748043060302734,5.685629844665527
IBT_2004238N11325_2004082712,2004238N11325,FRANCES,2004-08-27 12:00:00,2004-08-27,2004,8,12,,TS,14.699999809265137,311.5,90.0,970.0,IBTRACS_ERA5,OBS,1,14.699999809265137,311.5,2004238N11325,FRANCES,0.0,train,-0.7489557207890021,0.6626200482157375,-0.8660254037844385,-0.5000000000000004,-4.269432067871094,5.368797302246094,219.39895629882807,7.556232594652101e-05,59.31595993041992,-4.316978454589844,4.102474212646484,242.96507263183597,0.0006911642849445,66.42828369140625,-8.563003540039062,5.699726104736328,268.31463623046875,0.0049840277060866,93.46454620361328,-9.401592254638672,6.152744293212891,282.1484375,0.0080446721985936,78.42440795898438,-10.112308502197266,5.930519104003906,290.3584289550781,0.0127947516739368,88.3362045288086,5.670886457664892e-05,3.792485949816182e-05,5.869815826416016,-7.332663059234619,5.450852394104004,5.670886457664892e-05,3.792485949816182e-05,55.748043060302734,5.685629844665527
IBT_2004238N11325_2004082718,2004238N11325,FRANCES,2004-08-27 18:00:00,2004-08-27,2004,8,18,,TS,15.399999618530272,310.70001220703125,100.0,962.0,IBTRACS_ERA5,OBS,1,15.399999618530272,310.70001220703125,2004238N11325,FRANCES,0.0,train,-0.7581341972661872,0.6520985653530867,-0.8660254037844385,-0.5000000000000004,-8.833396911621094,3.5047836303710938,219.59390258789065,7.331876986427233e-05,56.23069381713867,-4.878013610839844,-0.2942543029785156,242.66856384277344,0.0004991106688976,49.33663177490234,-10.033218383789062,-4.979473114013672,268.36688232421875,0.0038790768012404,72.45623016357422,-6.992656707763672,-7.213954925537109,282.8818359375,0.0060239559970796,55.8797721862793,-7.442874908447266,-7.525047302246094,290.5715637207031,0.0123523660004138,84.12989807128906,4.446815728442744e-05,2.535898966016248e-05,11.117136001586914,-7.6360321044921875,-3.301589250564575,5.670886457664892e-05,3.792485949816182e-05,53.84812545776367,3.0752406120300293
IBT_2004241N29295_2004082718,2004241N29295,HERMINE,2004-08-27 18:00:00,2004-08-27,2004,8,18,,TS,29.0,294.79998779296875,25.0,1016.0,IBTRACS_ERA5,OBS,1,29.0,294.79998779296875,2004241N29295,HERMINE,0.0,train,-0.9077775678983652,0.4194518890415551,-0.8660254037844385,-0.5000000000000004,7.383888244628906,3.6791000366210938,215.9588928222656,4.951975279254839e-05,59.0866813659668,3.863685607910156,2.2907066345214844,238.71299743652344,0.0002841614186763,41.17125701904297,-0.9882965087890624,-2.236797332763672,265.48358154296875,0.0030076568946242,70.07401275634766,-2.337871551513672,-2.2212791442871094,280.13623046875,0.0082271229475736,92.04216003417967,-1.8125038146972656,1.7161636352539062,288.1404113769531,0.0112033076584339,89.2193374633789,2.6532448828220367e-05,3.8155383663252e-05,9.403549194335938,1.2217804193496704,0.6455787420272827,2.6532448828220367e-05,3.8155383663252e-05,53.02007293701172,1.6692986488342283
IBT_2004241N32282_2004082712,2004241N32282,GASTON,2004-08-27 12:00:00,2004-08-27,2004,8,12,,TS,31.799999237060547,281.8999938964844,25.0,1015.0,IBTRACS_ERA5,OBS,1,31.799999237060547,281.8999938964844,2004241N32282,GASTON,0.0,train,-0.9785090070679714,0.2062040811595464,-0.8660254037844385,-0.5000000000000004,7.466896057128906,1.0263900756835938,217.7508850097656,6.127304368419573e-05,58.671180725097656,2.549110412597656,-1.1935462951660156,240.71543884277344,0.0005153752863407,61.42079544067383,1.2278900146484375,2.091938018798828,266.5150756835937,0.0039316779002547,84.5878677368164,0.7059516906738281,3.49173355102539,280.8377685546875,0.0079741608351469,85.01061248779297,-0.0788612365722656,3.0389175415039062,289.2477111816406,0.0116090662777423,86.06597137451172,3.342830314068124e-05,2.6792076823767275e-05,7.809527397155762,2.374197483062744,1.6910865306854248,3.342830314068124e-05,2.6792076823767275e-05,64.33800506591797,1.0555282831192017
IBT_2004241N32282_2004082718,2004241N32282,GASTON,2004-08-27 18:00:00,2004-08-27,2004,8,18,,TS,31.600000381469727,282.0,25.0,1014.0,IBTRACS_ERA5,OBS,1,31.600000381469727,282.0,2004241N32282,GASTON,0.0,train,-0.9781476007338056,0.2079116908177594,-0.8660254037844385,-0.5000000000000004,7.466896057128906,1.0263900756835938,217.7508850097656,6.127304368419573e-05,58.671180725097656,2.549110412597656,-1.1935462951660156,240.71543884277344,0.0005153752863407,61.42079544067383,1.2278900146484375,2.091938018798828,266.5150756835937,0.0039316779002547,84.5878677368164,0.7059516906738281,3.49173355102539,280.8377685546875,0.0079741608351469,85.01061248779297,-0.0788612365722656,3.0389175415039062,289.2477111816406,0.0116090662777423,86.06597137451172,3.342830314068124e-05,2.6792076823767275e-05,7.809527397155762,2.374197483062744,1.6910865306854248,3.342830314068124e-05,2.6792076823767275e-05,64.33800506591797,1.0555282831192017
NEG_20040827_03282,,,2004-08-27 00:00:00,2004-08-27,2004,8,0,,BG,5.0,,,,IBTRACS_ERA5,OBS,0,5.0,270.0,,,3211.578422119644,train,-1.0,-1.8369701987210294e-16,-0.8660254037844385,-0.5000000000000004,-6.260643005371094,5.656150817871094,218.7748107910156,2.4754022888373584e-05,20.941808700561523,-7.611412048339844,3.2892417907714844,241.37681579589844,0.0002124272286891,23.75375747680664,-4.236343383789063,0.906757354736328,267.18865966796875,0.001630431972444,33.31174850463867,-6.187480926513672,-1.5909080505371094,283.01171875,0.0078845154494047,72.50037384033203,-0.0830116271972656,-3.2735824584960938,289.4241027832031,0.0123098082840442,90.23136901855467,-1.1512592209328432e-05,-4.930221621179953e-06,10.85832691192627,-4.875778198242188,0.9975318908691406,2.3264645278686658e-05,3.2216194085776806e-05,77.58290100097656,2.6103739738464355
IBT_2004238N11325_2004082800,2004238N11325,FRANCES,2004-08-28 00:00:00,2004-08-28,2004,8,0,,TS,15.899999618530272,310.0,100.0,962.0,IBTRACS_ERA5,OBS,1,15.899999618530272,310.0,2004238N11325,FRANCES,0.0,train,-0.7660444431189781,0.6427876096865393,-0.8660254037844385,-0.5000000000000004,-2.964580535888672,0.0932235717773437,219.94647216796875,5.625165795208886e-05,41.36809921264648,-0.903961181640625,4.194068908691406,242.48489379882807,0.000463199452497,46.592411041259766,2.0495147705078125,8.1903076171875,267.51287841796875,0.0024171120021492,48.17667007446289,5.088409423828125,9.762012481689451,282.147705078125,0.0072047249414026,70.23956298828125,6.125072479248047,9.00015640258789,290.9061889648437,0.0118400156497955,78.9399642944336,4.418260868988e-05,3.167453542118892e-05,12.726163864135742,1.8788909912109373,6.24795389175415,6.886504706926644e-05,4.624102439265698e-05,60.72651672363281,2.8273282051086426
IBT_2004238N11325_2004082806,2004238N11325,FRANCES,2004-08-28 06:00:00,2004-08-28,2004,8,6,,TS,16.600000381469727,309.1000061035156,100.0,962.0,IBTRACS_ERA5,OBS,1,16.600000381469727,309.1000061035156,2004238N11325,FRANCES,0.0,train,-0.7760463398828907,0.6306758901007465,-0.8660254037844385,-0.5000000000000004,-0.8171195983886719,10.394981384277344,220.17572021484372,8.606329356553033e-05,61.59309005737305,-7.089508056640625,9.188453674316406,242.34817504882807,0.0006005509058013,61.19893264770508,-12.446090698242188,10.0445556640625,267.40704345703125,0.0031325463205575,62.942649841308594,-8.735565185546875,11.936084747314451,282.094970703125,0.0081730028614401,79.9653091430664,-9.457935333251951,11.38418960571289,290.70233154296875,0.0130074918270111,87.8565673828125,5.1349561545066535e-05,3.030630614375696e-05,8.697254180908203,-7.7092437744140625,10.58965301513672,6.886504706926644e-05,4.624102439265698e-05,58.1019287109375,2.8273282051086426
IBT_2004238N11325_2004082812,2004238N11325,FRANCES,2004-08-28 12:00:00,2004-08-28,2004,8,12,,TS,17.200000762939453,308.3999938964844,105.0,958.0,IBTRACS_ERA5,OBS,1,17.200000762939453,308.3999938964844,2004238N11325,FRANCES,0.0,train,-0.7836935234944995,0.6211476967942298,-0.8660254037844385,-0.5000000000000004,-5.536113739013672,3.432945251464844,220.2340087890625,8.426304702879861e-05,59.88957977294922,-4.719390869140625,-1.4889144897460938,242.7076110839844,0.0006395435193553,62.98456573486328,-8.525314331054688,-3.1959228515625,268.206787109375,0.0041654501110315,78.75524139404297,-8.196990966796875,-3.118846893310547,282.322509765625,0.0082201799377799,79.19428253173828,-9.260303497314451,-3.95528793334961,291.3456420898437,0.0136748850345611,88.66386413574219,6.886504706926644e-05,4.624102439265698e-05,8.273788452148438,-7.247622489929199,-1.6652053594589231,6.886504706926644e-05,4.624102439265698e-05,54.09884643554688,4.914139747619629
IBT_2004238N11325_2004082818,2004238N11325,FRANCES,2004-08-28 18:00:00,2004-08-28,2004,8,18,,TS,17.700000762939453,307.70001220703125,115.0,948.0,IBTRACS_ERA5,OBS,1,17.700000762939453,307.70001220703125,2004238N11325,FRANCES,0.0,train,-0.7912234026798707,0.6115272087582753,-0.8660254037844385,-0.5000000000000004,-5.536113739013672,3.432945251464844,220.2340087890625,8.426304702879861e-05,59.88957977294922,-4.719390869140625,-1.4889144897460938,242.7076110839844,0.0006395435193553,62.98456573486328,-8.525314331054688,-3.1959228515625,268.206787109375,0.0041654501110315,78.75524139404297,-8.196990966796875,-3.118846893310547,282.322509765625,0.0082201799377799,79.19428253173828,-9.260303497314451,-3.95528793334961,291.3456420898437,0.0136748850345611,88.66386413574219,6.886504706926644e-05,4.624102439265698e-05,8.273788452148438,-7.247622489929199,-1.6652053594589231,6.886504706926644e-05,4.624102439265698e-05,54.09884643554688,4.914139747619629
IBT_2004241N29295_2004082800,2004241N29295,HERMINE,2004-08-28 00:00:00,2004-08-28,2004,8,0,,TS,29.0,294.29998779296875,25.0,1016.0,IBTRACS_ERA5,OBS,1,29.0,294.29998779296875,2004241N29295,HERMINE,0.0,train,-0.9114033643097468,0.4115141644279999,-0.8660254037844385,-0.5000000000000004,-0.7053031921386719,4.820762634277344,216.45501708984372,5.128957127453759e-05,57.55744934082031,-3.070465087890625,4.013404846191406,239.55203247070312,0.0005117325345054,68.28551483154297,-5.629684448242188,1.9930419921875,266.1913452148437,0.0036395436618477,80.27938842773438,-5.228973388671875,4.499317169189453,280.389404296875,0.0073178545571863,80.4542465209961,-6.166919708251953,6.126621246337891,289.0634155273437,0.0109153091907501,81.88900756835938,2.0536261217785068e-05,3.1796567782294005e-05,5.615560531616211,-4.160269260406494,4.290629386901856,3.5591674532042816e-05,4.414097929839045e-05,47.49030303955078,0.8863749504089355
IBT_2004241N29295_2004082806,2004241N29295,HERMINE,2004-08-28 06:00:00,2004-08-28,2004,8,6,,TS,29.100000381469727,293.79998779296875,25.0,1016.0,IBTRACS_ERA5,OBS,1,29.100000381469727,293.79998779296875,2004241N29295,HERMINE,0.0,train,-0.9149597538262948,0.4035451014175816,-0.8660254037844385,-0.5000000000000004,-0.7053031921386719,4.820762634277344,216.45501708984372,5.128957127453759e-05,57.55744934082031,-3.070465087890625,4.013404846191406,239.55203247070312,0.0005117325345054,68.28551483154297,-5.629684448242188,1.9930419921875,266.1913452148437,0.0036395436618477,80.27938842773438,-5.228973388671875,4.499317169189453,280.389404296875,0.0073178545571863,80.4542465209961,-6.166919708251953,6.126621246337891,289.0634155273437,0.0109153091907501,81.88900756835938,2.0536261217785068e-05,3.1796567782294005e-05,5.615560531616211,-4.160269260406494,4.290629386901856,3.5591674532042816e-05,4.414097929839045e-05,47.49030303955078,0.8863749504089355
IBT_2004241N29295_2004082812,2004241N29295,HERMINE,2004-08-28 12:00:00,2004-08-28,2004,8,12,,TS,29.200000762939453,293.3999938964844,30.0,1015.0,IBTRACS_ERA5,OBS,1,29.200000762939453,293.3999938964844,2004241N29295,HERMINE,0.0,train,-0.9177546679907282,0.3971477928696421,-0.8660254037844385,-0.5000000000000004,-6.633769989013672,7.847129821777344,216.75201416015625,4.828791861655191e-05,52.243446350097656,-8.752593994140625,3.3378677368164062,238.79910278320312,0.0004162011900916,59.79309844970703,-11.297653198242188,-5.4996337890625,266.33941650390625,0.0021656695753335,47.22734451293945,-6.148406982421875,-2.605419158935547,280.726806640625,0.0076013342477381,81.6552963256836,-7.061695098876953,-2.2766990661621094,289.25115966796875,0.0113081037998199,83.81610870361328,3.3697011531330645e-05,2.860523272829596e-05,10.132868766784668,-7.978823661804199,0.1606491059064865,3.5591674532042816e-05,4.414097929839045e-05,50.627925872802734,0.8863749504089355
IBT_2004241N29295_2004082818,2004241N29295,HERMINE,2004-08-28 18:00:00,2004-08-28,2004,8,18,,TS,29.700000762939453,292.79998779296875,30.0,1015.0,IBTRACS_ERA5,OBS,1,29.700000762939453,292.79998779296875,2004241N29295,HERMINE,0.0,train,-0.9218632341497942,0.3875153900464879,-0.8660254037844385,-0.5000000000000004,-6.633769989013672,7.847129821777344,216.75201416015625,4.828791861655191e-05,52.243446350097656,-8.752593994140625,3.3378677368164062,238.79910278320312,0.0004162011900916,59.79309844970703,-11.297653198242188,-5.4996337890625,266.33941650390625,0.0021656695753335,47.22734451293945,-6.148406982421875,-2.605419158935547,280.726806640625,0.0076013342477381,81.6552963256836,-7.061695098876953,-2.2766990661621094,289.25115966796875,0.0113081037998199,83.81610870361328,3.3697011531330645e-05,2.860523272829596e-05,10.132868766784668,-7.978823661804199,0.1606491059064865,3.5591674532042816e-05,4.414097929839045e-05,50.627925872802734,0.8863749504089355
IBT_2004241N32282_2004082800,2004241N32282,GASTON,2004-08-28 00:00:00,2004-08-28,2004,8,0,,TS,31.399999618530277,282.0,30.0,1011.0,IBTRACS_ERA5,OBS,1,31.399999618530277,282.0,2004241N32282,GASTON,0.0,train,-0.9781476007338056,0.2079116908177594,-0.8660254037844385,-0.5000000000000004,7.347797393798828,2.032432556152344,218.193115234375,6.417907570721582e-05,58.24342346191406,0.104705810546875,-0.1174545288085937,240.55307006835935,0.0004912657896056,59.47407531738281,-8.665206909179688,2.8653564453125,266.6883544921875,0.0035721901804208,75.8370361328125,-7.159149169921875,3.954151153564453,280.81298828125,0.007163091097027,76.4938735961914,-6.097949981689453,5.335727691650391,289.44158935546875,0.0108291804790496,79.28910827636719,3.631140134530142e-05,4.457054455997422e-05,13.845572471618652,-2.893960475921631,2.814042568206787,4.298026760807261e-05,4.464321682462469e-05,62.18427276611328,2.507336139678955
IBT_2004241N32282_2004082806,2004241N32282,GASTON,2004-08-28 06:00:00,2004-08-28,2004,8,6,,TS,31.299999237060547,281.79998779296875,35.0,1005.0,IBTRACS_ERA5,OBS,1,31.299999237060547,281.79998779296875,2004241N32282,GASTON,0.0,train,-0.9788674323301372,0.2044958432912625,-0.8660254037844385,-0.5000000000000004,7.347797393798828,2.032432556152344,218.193115234375,6.417907570721582e-05,58.24342346191406,0.104705810546875,-0.1174545288085937,240.55307006835935,0.0004912657896056,59.47407531738281,-8.665206909179688,2.8653564453125,266.6883544921875,0.0035721901804208,75.8370361328125,-7.159149169921875,3.954151153564453,280.81298828125,0.007163091097027,76.4938735961914,-6.097949981689453,5.335727691650391,289.44158935546875,0.0108291804790496,79.28910827636719,3.631140134530142e-05,4.457054455997422e-05,13.845572471618652,-2.893960475921631,2.814042568206787,4.298026760807261e-05,4.464321682462469e-05,62.18427276611328,2.507336139678955
IBT_2004241N32282_2004082812,2004241N32282,GASTON,2004-08-28 12:00:00,2004-08-28,2004,8,12,,TS,31.299999237060547,281.5,45.0,1000.0,IBTRACS_ERA5,OBS,1,31.299999237060547,281.5,2004241N32282,GASTON,0.0,train,-0.9799247046208296,0.1993679344171969,-0.8660254037844385,-0.5000000000000004,7.347797393798828,2.032432556152344,218.193115234375,6.417907570721582e-05,58.24342346191406,0.104705810546875,-0.1174545288085937,240.55307006835935,0.0004912657896056,59.47407531738281,-8.665206909179688,2.8653564453125,266.6883544921875,0.0035721901804208,75.8370361328125,-7.159149169921875,3.954151153564453,280.81298828125,0.007163091097027,76.4938735961914,-6.097949981689453,5.335727691650391,289.44158935546875,0.0108291804790496,79.28910827636719,3.631140134530142e-05,4.457054455997422e-05,13.845572471618652,-2.893960475921631,2.814042568206787,4.298026760807261e-05,4.464321682462469e-05,62.18427276611328,2.507336139678955
IBT_2004241N32282_2004082818,2004241N32282,GASTON,2004-08-28 18:00:00,2004-08-28,2004,8,18,,TS,31.299999237060547,281.20001220703125,50.0,997.0,IBTRACS_ERA5,OBS,1,31.299999237060547,281.20001220703125,2004241N32282,GASTON,0.0,train,-0.98095511396698,0.1942345602152958,-0.8660254037844385,-0.5000000000000004,2.926532745361328,7.459434509277344,218.46881103515625,6.634346937062219e-05,58.23442840576172,0.266204833984375,1.5070571899414062,240.42630004882807,0.0004583044210448,56.16899871826172,-5.260055541992188,-5.8172607421875,266.3705444335937,0.0031548384577035,68.63371276855469,-7.331024169921875,-6.587841033935547,281.562744140625,0.0076242820359766,77.34870147705078,-6.916187286376953,-6.409999847412109,289.61590576171875,0.0110993683338165,80.3624267578125,4.298026760807261e-05,2.2646228899247944e-05,17.00706672668457,-3.2629058361053467,-1.969722032546997,4.298026760807261e-05,4.464321682462469e-05,64.79403686523438,1.3305319547653198
NEG_20040828_00726,,,2004-08-28 00:00:00,2004-08-28,2004,8,0,,BG,0.0,,,,IBTRACS_ERA5,OBS,0,0.0,262.5,,,3999.383356598772,train,-0.9914448613738104,-0.1305261922200516,-0.8660254037844385,-0.5000000000000004,-7.489727020263672,-2.594276428222656,219.07928466796875,2.6453990358277224e-05,21.576324462890625,-8.388092041015625,2.2692642211914062,241.3524475097656,9.219777712132782e-05,10.33377742767334,5.0731964111328125,-2.6226806640625,267.80401611328125,0.0002400820958428,4.680222511291504,-5.725555419921875,-2.713329315185547,282.5439453125,0.006140484008938,58.27717971801758,-2.336841583251953,2.69180679321289,289.8861694335937,0.0114212930202484,81.2721939086914,1.3544715784519212e-06,8.859723493515048e-06,7.382066249847412,-3.7734038829803462,-0.5938431024551392,9.597366442903876e-06,1.7344564184895717e-05,50.232723236083984,3.900874137878418
NEG_20040828_02637,,,2004-08-28 00:00:00,2004-08-28,2004,8,0,,BG,5.0,,,,IBTRACS_ERA5,OBS,0,5.0,352.5,,,4791.692975096217,train,-0.1305261922200516,0.9914448613738104,-0.8660254037844385,-0.5000000000000004,-10.919902801513672,-6.099403381347656,218.76251220703125,7.132697646738961e-05,60.43168258666992,-8.478912353515625,-4.394309997558594,241.1322326660156,0.0003464637557044,39.66362762451172,-2.8044891357421875,-0.0794677734375,267.41314697265625,0.0013600533129647,27.31499290466309,-3.758514404296875,-0.6984367370605469,281.433837890625,0.0078654428943991,80.50030517578125,1.8291740417480469,0.6698341369628906,289.4501342773437,0.0124602019786834,91.1810531616211,-1.275379599974258e-05,-6.871981440781383e-06,14.434733390808104,-4.826529026031494,-2.120356798171997,1.7430726074962877e-05,1.8242315491079356e-05,71.4347915649414,0.597054660320282
NEG_20040828_03824,,,2004-08-28 00:00:00,2004-08-28,2004,8,0,,BG,45.0,,,,IBTRACS_ERA5,OBS,0,45.0,315.0,,,2543.879998853773,train,-0.7071067811865477,0.7071067811865474,-0.8660254037844385,-0.5000000000000004,-4.071025848388672,24.447227478027344,215.72064208984372,3.344170545460656e-05,41.10007095336914,-6.671539306640625,25.353248596191406,236.36843872070312,0.0003575353184714,65.42735290527344,-0.0281219482421875,18.3812255859375,261.89715576171875,0.0013944751117378,43.0897102355957,3.067901611328125,15.832813262939451,277.352294921875,0.0037937895394861,51.53101348876953,3.629955291748047,8.85904312133789,285.6893920898437,0.007318764925003,68.42894744873047,8.171902663889341e-06,-4.394171810417902e-06,17.38667869567871,-0.8145660161972046,18.574710845947266,3.794892108999193e-05,9.475924889557064e-05,46.450714111328125,2.1802010536193848
NEG_20040828_03881,,,2004-08-28 00:00:00,2004-08-28,2004,8,0,,BG,30.0,,,,IBTRACS_ERA5,OBS,0,30.0,345.0,,,3890.788425031671,train,-0.2588190451025207,0.9659258262890684,-0.8660254037844385,-0.5000000000000004,20.751239776611328,1.2865829467773438,218.27508544921875,3.987900709034875e-05,35.8336067199707,14.922210693359377,6.329811096191406,239.86306762695312,0.0002090750349452,27.065105438232425,3.763381958007813,2.8592529296875,265.5848999023437,0.0016252046916633,37.56861877441406,6.930694580078125,5.229297637939453,284.377197265625,0.004390908870846,36.83921813964844,-2.328052520751953,-3.789882659912109,295.5707397460937,0.0101807415485382,50.6914291381836,-2.0379548004711975e-05,-3.586299135349691e-05,23.63100242614746,8.807894706726074,2.383012294769287,3.790112168644555e-05,2.108498301822692e-05,40.91557312011719,9.812336921691896
IBT_2004238N11325_2004082900,2004238N11325,FRANCES,2004-08-29 00:00:00,2004-08-29,2004,8,0,,TS,18.100000381469727,307.1000061035156,115.0,948.0,IBTRACS_ERA5,OBS,1,18.100000381469727,307.1000061035156,2004238N11325,FRANCES,0.0,train,-0.7975838645676225,0.6032080727090581,-0.8660254037844385,-0.5000000000000004,4.757476806640625,5.779079437255859,221.1226501464844,9.102093463297932e-05,58.2568359375,2.8903160095214844,10.460399627685549,242.7709045410156,0.000618343532551,60.532352447509766,2.2973403930664062,12.848316192626951,267.6630859375,0.0038099428638815,75.07330322265625,6.89434814453125,12.92502212524414,281.7831115722656,0.0075217168778181,75.17073822021484,2.157928466796875,14.20233917236328,290.93145751953125,0.0122898146510124,81.80729675292969,5.513825453817845e-05,5.97576072323136e-05,8.815268516540527,3.799481868743897,11.24303150177002,8.477462688460946e-05,6.760662654414773e-05,58.024295806884766,2.5005857944488525
IBT_2004238N11325_2004082906,2004238N11325,FRANCES,2004-08-29 06:00:00,2004-08-29,2004,8,6,,TS,18.399999618530277,306.3999938964844,115.0,948.0,IBTRACS_ERA5,OBS,1,18.399999618530277,306.3999938964844,2004238N11325,FRANCES,0.0,train,-0.804893860570713,0.5934188008612244,-0.8660254037844385,-0.5000000000000004,4.757476806640625,5.779079437255859,221.1226501464844,9.102093463297932e-05,58.2568359375,2.8903160095214844,10.460399627685549,242.7709045410156,0.000618343532551,60.532352447509766,2.2973403930664062,12.848316192626951,267.6630859375,0.0038099428638815,75.07330322265625,6.89434814453125,12.92502212524414,281.7831115722656,0.0075217168778181,75.17073822021484,2.157928466796875,14.20233917236328,290.93145751953125,0.0122898146510124,81.80729675292969,5.513825453817845e-05,5.97576072323136e-05,8.815268516540527,3.799481868743897,11.24303150177002,8.477462688460946e-05,6.760662654414773e-05,58.024295806884766,2.5005857944488525
IBT_2004238N11325_2004082912,2004238N11325,FRANCES,2004-08-29 12:00:00,2004-08-29,2004,8,12,,TS,18.600000381469727,305.6000061035156,115.0,948.0,IBTRACS_ERA5,OBS,1,18.600000381469727,305.6000061035156,2004238N11325,FRANCES,0.0,train,-0.8131006990355331,0.5821230567740188,-0.8660254037844385,-0.5000000000000004,0.875885009765625,-3.5213356018066406,220.80245971679688,9.33776464080438e-05,62.05793762207031,7.775691986083984,-3.495044708251953,243.08560180664065,0.0006027084891684,57.27025604248047,7.271705627441406,-11.944530487060549,267.541259765625,0.0038225788157433,76.02497863769531,10.65704345703125,-6.772609710693359,282.8735656738281,0.0076221362687647,70.74441528320312,10.895233154296877,-6.840995788574219,291.37127685546875,0.0135166570544242,87.49561309814453,8.477462688460946e-05,6.760662654414773e-05,10.554974555969238,7.49511194229126,-6.5149030685424805,8.477462688460946e-05,6.760662654414773e-05,55.10739135742188,2.5005857944488525
IBT_2004238N11325_2004082918,2004238N11325,FRANCES,2004-08-29 18:00:00,2004-08-29,2004,8,18,,TS,18.799999237060547,305.0,110.0,948.0,IBTRACS_ERA5,OBS,1,18.799999237060547,305.0,2004238N11325,FRANCES,0.0,train,-0.8191520442889918,0.573576436351046,-0.8660254037844385,-0.5000000000000004,-10.769622802734377,8.98525619506836,220.67208862304688,9.230568684870376e-05,62.29526519775391,-13.055118560791016,-0.0255622863769531,242.24539184570312,0.0006310728495009,64.94168090820312,-18.511985778808597,-9.443065643310549,266.9637451171875,0.0027187305968254,56.511714935302734,-17.61053466796875,-4.375637054443359,282.4358215332031,0.0078041683882474,74.61104583740234,-19.844512939453125,-3.4259567260742188,291.4647827148437,0.0121411606669425,78.12738800048828,6.846220639999956e-05,4.318632636568509e-05,15.375039100646973,-15.958355903625488,-1.6569931507110596,8.477462688460946e-05,6.760662654414773e-05,50.347652435302734,2.5005857944488525
IBT_2004241N29295_2004082900,2004241N29295,HERMINE,2004-08-29 00:00:00,2004-08-29,2004,8,0,,TS,30.100000381469727,291.6000061035156,30.0,1014.0,IBTRACS_ERA5,OBS,1,30.100000381469727,291.6000061035156,2004241N29295,HERMINE,0.0,train,-0.9297764466732468,0.3681246517304578,-0.8660254037844385,-0.5000000000000004,-5.569427490234375,-4.219577789306641,216.7637634277344,5.298618270899169e-05,57.24385452270508,-3.683536529541016,-0.0919685363769531,239.59048461914065,0.00038816902088,51.60302734375,-3.4861068725585938,7.335742950439453,266.5062255859375,0.0022314030211418,48.04008102416992,-1.89544677734375,8.88046646118164,281.5024719238281,0.006309671793133,64.27567291259766,-1.113067626953125,8.218818664550781,289.8368530273437,0.0109817311167716,78.39169311523438,2.6031031666207127e-05,1.1147867553518154e-05,13.212601661682127,-3.149517059326172,4.024696350097656,3.512257171678357e-05,3.458657010924071e-05,50.0616569519043,2.029266834259033
IBT_2004241N29295_2004082906,2004241N29295,HERMINE,2004-08-29 06:00:00,2004-08-29,2004,8,6,,TS,30.5,290.79998779296875,30.0,1014.0,IBTRACS_ERA5,OBS,1,30.5,290.79998779296875,2004241N29295,HERMINE,0.0,train,-0.9348257520525568,0.3551067632408198,-0.8660254037844385,-0.5000000000000004,-6.348724365234375,-1.0372047424316406,217.07662963867188,4.5510456402553245e-05,47.31579208374024,-7.177188873291016,3.169261932373047,240.19290161132807,0.0003507075016386,43.9663314819336,-5.464134216308594,3.373340606689453,266.8297119140625,0.001758738188073,36.934837341308594,0.17559814453125,1.4461402893066406,281.0583801269531,0.0067182914353907,70.54749298095703,1.647186279296875,0.7058792114257812,289.5936889648437,0.0100187584757804,72.64205932617188,3.512257171678357e-05,3.435176404309459e-05,8.183698654174805,-3.433452606201172,1.5314834117889404,3.512257171678357e-05,3.458657010924071e-05,52.1369514465332,2.029266834259033
IBT_2004241N29295_2004082912,2004241N29295,HERMINE,2004-08-29 12:00:00,2004-08-29,2004,8,12,,TS,31.100000381469727,290.20001220703125,35.0,1012.0,IBTRACS_ERA5,OBS,1,31.100000381469727,290.20001220703125,2004241N29295,HERMINE,0.0,train,-0.9384929491927564,0.3452983989471751,-0.8660254037844385,-0.5000000000000004,-6.348724365234375,-1.0372047424316406,217.07662963867188,4.5510456402553245e-05,47.31579208374024,-7.177188873291016,3.169261932373047,240.19290161132807,0.0003507075016386,43.9663314819336,-5.464134216308594,3.373340606689453,266.8297119140625,0.001758738188073,36.934837341308594,0.17559814453125,1.4461402893066406,281.0583801269531,0.0067182914353907,70.54749298095703,1.647186279296875,0.7058792114257812,289.5936889648437,0.0100187584757804,72.64205932617188,3.512257171678357e-05,3.435176404309459e-05,8.183698654174805,-3.433452606201172,1.5314834117889404,3.512257171678357e-05,3.458657010924071e-05,52.1369514465332,2.029266834259033
IBT_2004241N29295_2004082918,2004241N29295,HERMINE,2004-08-29 18:00:00,2004-08-29,2004,8,18,,TS,31.799999237060547,289.5,40.0,1005.0,IBTRACS_ERA5,OBS,1,31.799999237060547,289.5,2004241N29295,HERMINE,0.0,train,-0.9426414910921784,0.3338068592337709,-0.8660254037844385,-0.5000000000000004,-6.265228271484375,0.9823265075683594,217.74459838867188,4.770930900122039e-05,45.71836853027344,-8.184513092041016,2.640941619873047,239.9989318847656,0.0001994383637793,25.47839736938477,-7.937522888183594,2.773731231689453,267.146728515625,0.001492692856118,30.59554481506348,-7.26507568359375,3.4942359924316406,282.1040344238281,0.0067955390550196,66.44717407226562,-7.239288330078125,3.578437805175781,290.01336669921875,0.0116802975535392,82.44086456298828,3.263140024500899e-05,3.182066620865953e-06,2.772830009460449,-7.378325462341309,2.693934679031372,3.512257171678357e-05,3.458657010924071e-05,48.70724105834961,2.772830009460449
IBT_2004241N32282_2004082900,2004241N32282,GASTON,2004-08-29 00:00:00,2004-08-29,2004,8,0,,TS,31.5,280.8999938964844,55.0,994.0,IBTRACS_ERA5,OBS,1,31.5,280.8999938964844,2004241N32282,GASTON,0.0,train,-0.981958732840103,0.1890953383853211,-0.8660254037844385,-0.5000000000000004,-0.332122802734375,5.805324554443359,219.8580017089844,6.933089753147215e-05,51.52577209472656,-0.4030189514160156,1.9068107604980469,242.66751098632807,0.0007314023678191,72.30567169189453,2.3249282836914062,-3.661571502685547,267.5693359375,0.0042166551575064,83.68317413330078,0.92095947265625,-7.063137054443359,281.5386047363281,0.008319629356265,84.54212188720703,-1.435333251953125,-8.363700866699219,289.7924194335937,0.0128787085413932,92.19529724121094,7.750674558337778e-05,6.853916420368478e-05,14.211909294128418,0.2150825560092926,-2.275254726409912,7.750674558337778e-05,6.853916420368478e-05,62.747032165527344,1.0085890293121338
IBT_2004241N32282_2004082906,2004241N32282,GASTON,2004-08-29 06:00:00,2004-08-29,2004,8,6,,TS,32.099998474121094,280.6000061035156,60.0,991.0,IBTRACS_ERA5,OBS,1,32.099998474121094,280.6000061035156,2004241N32282,GASTON,0.0,train,-0.9829353295538656,0.183951455321326,-0.8660254037844385,-0.5000000000000004,-0.332122802734375,5.805324554443359,219.8580017089844,6.933089753147215e-05,51.52577209472656,-0.4030189514160156,1.9068107604980469,242.66751098632807,0.0007314023678191,72.30567169189453,2.3249282836914062,-3.661571502685547,267.5693359375,0.0042166551575064,83.68317413330078,0.92095947265625,-7.063137054443359,281.5386047363281,0.008319629356265,84.54212188720703,-1.435333251953125,-8.363700866699219,289.7924194335937,0.0128787085413932,92.19529724121094,7.750674558337778e-05,6.853916420368478e-05,14.211909294128418,0.2150825560092926,-2.275254726409912,7.750674558337778e-05,6.853916420368478e-05,62.747032165527344,1.0085890293121338
IBT_2004241N32282_2004082912,2004241N32282,GASTON,2004-08-29 12:00:00,2004-08-29,2004,8,12,,TS,32.79999923706055,280.5,65.0,986.0,IBTRACS_ERA5,OBS,1,32.79999923706055,280.5,2004241N32282,GASTON,0.0,train,-0.9832549075639546,0.1822355254921474,-0.8660254037844385,-0.5000000000000004,-0.332122802734375,5.805324554443359,219.8580017089844,6.933089753147215e-05,51.52577209472656,-0.4030189514160156,1.9068107604980469,242.66751098632807,0.0007314023678191,72.30567169189453,2.3249282836914062,-3.661571502685547,267.5693359375,0.0042166551575064,83.68317413330078,0.92095947265625,-7.063137054443359,281.5386047363281,0.008319629356265,84.54212188720703,-1.435333251953125,-8.363700866699219,289.7924194335937,0.0128787085413932,92.19529724121094,7.750674558337778e-05,6.853916420368478e-05,14.211909294128418,0.2150825560092926,-2.275254726409912,7.750674558337778e-05,6.853916420368478e-05,62.747032165527344,1.0085890293121338
IBT_2004241N32282_2004082918,2004241N32282,GASTON,2004-08-29 18:00:00,2004-08-29,2004,8,18,,TS,33.5,280.3999938964844,45.0,992.0,IBTRACS_ERA5,OBS,1,33.5,280.3999938964844,2004241N32282,GASTON,0.0,train,-0.9835714900434428,0.1805190404741881,-0.8660254037844385,-0.5000000000000004,-0.332122802734375,5.805324554443359,219.8580017089844,6.933089753147215e-05,51.52577209472656,-0.4030189514160156,1.9068107604980469,242.66751098632807,0.0007314023678191,72.30567169189453,2.3249282836914062,-3.661571502685547,267.5693359375,0.0042166551575064,83.68317413330078,0.92095947265625,-7.063137054443359,281.5386047363281,0.008319629356265,84.54212188720703,-1.435333251953125,-8.363700866699219,289.7924194335937,0.0128787085413932,92.19529724121094,7.750674558337778e-05,6.853916420368478e-05,14.211909294128418,0.2150825560092926,-2.275254726409912,7.750674558337778e-05,6.853916420368478e-05,62.747032165527344,1.0085890293121338
NEG_20040829_01029,,,2004-08-29 00:00:00,2004-08-29,2004,8,0,,BG,22.5,,,,IBTRACS_ERA5,OBS,0,22.5,275.0,,,1158.3986981333674,train,-0.9961946980917455,0.0871557427476578,-0.8660254037844385,-0.5000000000000004,1.782623291015625,2.58657455444336,218.11300659179688,4.627134694601409e-05,42.40122985839844,1.2039146423339844,4.099925994873047,239.0770568847656,0.0002854255144484,39.90044021606445,-1.6198959350585938,2.865528106689453,266.073486328125,0.0015664238017052,34.8670539855957,-2.28094482421875,0.6602516174316406,282.1208801269531,0.0050528184510767,49.35025787353516,-2.765655517578125,0.5906448364257812,291.4515991210937,0.0100119039416313,64.4796371459961,-8.549706763005815e-06,-1.8782193365041169e-06,4.966948509216309,-0.7359916567802429,2.1605849266052246,7.491539690818172e-06,5.33185038875672e-06,51.5535888671875,0.3765596151351928
NEG_20040829_03586,,,2004-08-29 00:00:00,2004-08-29,2004,8,0,,BG,47.5,,,,IBTRACS_ERA5,OBS,0,47.5,347.5,,,4904.087984572014,train,-0.2164396139381028,0.9762960071199334,-0.8660254037844385,-0.5000000000000004,19.351959228515625,-14.17599868774414,213.6490173339844,3.363935320521705e-05,53.638160705566406,14.129329681396484,-10.340503692626951,234.42153930664065,0.0001790386741049,39.9353141784668,11.589088439941406,-7.958324432373047,263.43365478515625,0.0010793793480843,29.522066116333008,11.01373291015625,-5.229763031005859,277.9912414550781,0.0036828503943979,47.82793426513672,8.792449951171875,-4.709159851074219,283.08624267578125,0.004662596154958,51.86083984375,-5.647061698255129e-06,-1.8371856640442275e-05,14.181829452514648,12.975311279296877,-8.482749938964844,2.8974043289053952e-06,1.139419873652514e-05,31.78866958618164,1.7335169315338137
IBT_2004238N11325_2004083000,2004238N11325,FRANCES,2004-08-30 00:00:00,2004-08-30,2004,8,0,,TS,18.899999618530277,304.20001220703125,105.0,954.0,IBTRACS_ERA5,OBS,1,18.899999618530277,304.20001220703125,2004238N11325,FRANCES,0.0,train,-0.8270804545210565,0.5620835540640222,-0.8660254037844385,-0.5000000000000004,-2.863910675048828,13.05535888671875,220.92037963867188,6.796143861720338e-05,44.54403305053711,-10.215145111083984,11.787277221679688,241.9535980224609,0.0004554066108539,48.187110900878906,-15.64434814453125,10.947086334228516,268.1744384765625,0.0023782798089087,45.07608413696289,-13.783710479736328,9.881816864013672,282.1181945800781,0.0072479313239455,70.80255889892578,-16.747455596923828,11.75775909423828,291.32891845703125,0.011881205253303,77.11592102050781,4.022450593765825e-05,2.666039472387638e-05,13.944051742553713,-11.850914001464844,11.485859870910645,9.223127563018352e-05,9.09722366486676e-05,52.51993179321289,4.531015396118164
IBT_2004238N11325_2004083006,2004238N11325,FRANCES,2004-08-30 06:00:00,2004-08-30,2004,8,6,,TS,19.0,303.20001220703125,100.0,958.0,IBTRACS_ERA5,OBS,1,19.0,303.20001220703125,2004238N11325,FRANCES,0.0,train,-0.8367641967990168,0.547563401767591,-0.8660254037844385,-0.5000000000000004,-11.696186065673828,9.06390380859375,221.42843627929688,9.914584370562808e-05,61.223445892333984,-16.964168548583984,8.108078002929688,244.36009216308597,0.0009268793510273,78.13429260253906,-21.58331298828125,0.9151039123535156,267.7161865234375,0.0040691890753805,79.85797119140625,-19.263202667236328,-0.2312202453613281,282.8117980957031,0.0076610213145613,71.40265655517578,-24.579486846923828,-0.5237350463867188,291.55059814453125,0.0127631155773997,81.68437194824219,9.223127563018352e-05,9.09722366486676e-05,16.059335708618164,-18.817270278930664,3.466426134109497,9.223127563018352e-05,9.09722366486676e-05,53.07262802124024,3.940545320510864
IBT_2004238N11325_2004083012,2004238N11325,FRANCES,2004-08-30 12:00:00,2004-08-30,2004,8,12,,TS,19.200000762939453,301.8999938964844,100.0,956.0,IBTRACS_ERA5,OBS,1,19.200000762939453,301.8999938964844,2004238N11325,FRANCES,0.0,train,-0.8489717439217933,0.5284382442844093,-0.8660254037844385,-0.5000000000000004,-11.696186065673828,9.06390380859375,221.42843627929688,9.914584370562808e-05,61.223445892333984,-16.964168548583984,8.108078002929688,244.36009216308597,0.0009268793510273,78.13429260253906,-21.58331298828125,0.9151039123535156,267.7161865234375,0.0040691890753805,79.85797119140625,-19.263202667236328,-0.2312202453613281,282.8117980957031,0.0076610213145613,71.40265655517578,-24.579486846923828,-0.5237350463867188,291.55059814453125,0.0127631155773997,81.68437194824219,9.223127563018352e-05,9.09722366486676e-05,16.059335708618164,-18.817270278930664,3.466426134109497,9.223127563018352e-05,9.09722366486676e-05,53.07262802124024,3.940545320510864
IBT_2004238N11325_2004083018,2004238N11325,FRANCES,2004-08-30 18:00:00,2004-08-30,2004,8,18,,TS,19.399999618530277,300.70001220703125,110.0,948.0,IBTRACS_ERA5,OBS,1,19.399999618530277,300.70001220703125,2004238N11325,FRANCES,0.0,train,-0.8598521628242111,0.5105431011056035,-0.8660254037844385,-0.5000000000000004,-10.003070831298828,2.43475341796875,221.44943237304688,9.039886208483948e-05,55.685176849365234,-8.701473236083984,-6.3059844970703125,242.3183441162109,0.0005272600101307,53.88301849365234,-13.18048095703125,-16.631038665771484,267.3577880859375,0.0020503350533545,41.35288238525391,-10.123065948486328,-15.139179229736328,282.1562805175781,0.0068243211135268,66.49225616455078,-14.691791534423828,-13.93608856201172,291.29620361328125,0.0127863613888621,83.16329956054688,3.714228660101071e-05,3.7044133932795376e-05,17.029050827026367,-11.33997631072998,-9.915507316589355,9.223127563018352e-05,9.09722366486676e-05,52.97232818603516,3.940545320510864
IBT_2004241N29295_2004083000,2004241N29295,HERMINE,2004-08-30 00:00:00,2004-08-30,2004,8,0,,TS,32.599998474121094,288.8999938964844,40.0,1005.0,IBTRACS_ERA5,OBS,1,32.599998474121094,288.8999938964844,2004241N29295,HERMINE,0.0,train,-0.9460853933333108,0.3239173174150386,-0.8660254037844385,-0.5000000000000004,1.970073699951172,-7.05743408203125,217.79269409179688,6.00982821197249e-05,57.254520416259766,0.5387611389160156,2.8993377685546875,238.85874938964844,0.0003493550466373,49.89608001708984,-1.48175048828125,8.077213287353516,266.2349853515625,0.0020811059512197,45.74989318847656,0.922588348388672,8.731182098388672,281.2800598144531,0.0053540235385298,55.37540817260742,2.224956512451172,8.917915344238281,289.97027587890625,0.0090797273442149,64.26280212402344,8.860117304720916e-06,3.839076271106023e-06,15.97738265991211,0.8349258303642273,4.313642978668213,2.001333086809609e-05,1.1937374438275585e-05,57.09101104736328,2.321701765060425
IBT_2004241N29295_2004083006,2004241N29295,HERMINE,2004-08-30 06:00:00,2004-08-30,2004,8,6,,TS,33.79999923706055,288.5,50.0,1002.0,IBTRACS_ERA5,OBS,1,33.79999923706055,288.5,2004241N29295,HERMINE,0.0,train,-0.9483236552061992,0.3173046564050922,-0.8660254037844385,-0.5000000000000004,0.0884819030761718,3.63616943359375,218.36984252929688,5.977138789603487e-05,53.09639739990234,-1.2415122985839844,5.514816284179688,240.04954528808597,0.0003585788654163,45.58375549316406,-1.33453369140625,7.584537506103516,266.815673828125,0.0025249668397009,53.08335494995117,0.4367485046386719,5.227764129638672,281.6299133300781,0.0072303479537367,73.01701354980469,1.408794403076172,5.588813781738281,290.30401611328125,0.0115974871441721,80.34893798828125,2.001333086809609e-05,2.165867499570595e-06,2.357126474380493,-0.1284042298793792,5.510420322418213,6.499770097434521e-05,4.512443410931155e-05,59.10173034667969,2.321701765060425
IBT_2004241N29295_2004083012,2004241N29295,HERMINE,2004-08-30 12:00:00,2004-08-30,2004,8,12,,TS,35.79999923706055,288.5,45.0,1007.0,IBTRACS_ERA5,OBS,1,35.79999923706055,288.5,2004241N29295,HERMINE,0.0,train,-0.9483236552061992,0.3173046564050922,-0.8660254037844385,-0.5000000000000004,0.0884819030761718,3.63616943359375,218.36984252929688,5.977138789603487e-05,53.09639739990234,-1.2415122985839844,5.514816284179688,240.04954528808597,0.0003585788654163,45.58375549316406,-1.33453369140625,7.584537506103516,266.815673828125,0.0025249668397009,53.08335494995117,0.4367485046386719,5.227764129638672,281.6299133300781,0.0072303479537367,73.01701354980469,1.408794403076172,5.588813781738281,290.30401611328125,0.0115974871441721,80.34893798828125,2.001333086809609e-05,2.165867499570595e-06,2.357126474380493,-0.1284042298793792,5.510420322418213,6.499770097434521e-05,4.512443410931155e-05,59.10173034667969,2.321701765060425
IBT_2004241N29295_2004083018,2004241N29295,HERMINE,2004-08-30 18:00:00,2004-08-30,2004,8,18,,TS,37.59999847412109,288.6000061035156,45.0,1008.0,IBTRACS_ERA5,OBS,1,37.59999847412109,288.6000061035156,2004241N29295,HERMINE,0.0,train,-0.9477683760319794,0.3189594102604663,-0.8660254037844385,-0.5000000000000004,-0.3979682922363281,5.91082763671875,218.7225646972656,5.934856744715944e-05,50.52528762817383,-1.2197837829589844,6.244552612304688,239.8818817138672,0.0002147342311218,27.746803283691406,-1.40240478515625,9.071964263916016,266.4873046875,0.0015571066178381,33.57191848754883,-3.018085479736328,7.137065887451172,282.3502502441406,0.0059306835755705,57.02959442138672,-2.315326690673828,7.220039367675781,290.35504150390625,0.0117754666134715,81.31654357910156,1.072604936780408e-05,-1.3906089407100808e-05,2.321701765060425,-1.6707137823104858,7.116889953613281,6.499770097434521e-05,4.512443410931155e-05,58.667579650878906,2.321701765060425
IBT_2004241N32282_2004083000,2004241N32282,GASTON,2004-08-30 00:00:00,2004-08-30,2004,8,0,,TS,34.20000076293945,280.6000061035156,30.0,995.0,IBTRACS_ERA5,OBS,1,34.20000076293945,280.6000061035156,2004241N32282,GASTON,0.0,train,-0.9829353295538656,0.183951455321326,-0.8660254037844385,-0.5000000000000004,-1.828266143798828,6.11248779296875,219.35519409179688,7.742367597529665e-05,61.09591674804688,2.593448638916016,-1.2483673095703125,242.0937347412109,0.0005245628999546,54.76711654663086,3.21453857421875,-2.8785972595214844,267.1932373046875,0.0037068673409521,75.70939636230469,2.414531707763672,-6.083026885986328,281.7544250488281,0.0087701743468642,87.81900024414062,-0.3646430969238281,-8.610893249511719,289.65020751953125,0.0128525225445628,92.8510513305664,6.182359356898814e-05,5.019494710722938e-05,14.795949935913086,1.2059218883514404,-2.5416793823242188,6.499770097434521e-05,5.019494710722938e-05,67.477294921875,1.00080144405365
IBT_2004241N32282_2004083006,2004241N32282,GASTON,2004-08-30 06:00:00,2004-08-30,2004,8,6,,TS,34.900001525878906,280.8999938964844,30.0,998.0,IBTRACS_ERA5,OBS,1,34.900001525878906,280.8999938964844,2004241N32282,GASTON,0.0,train,-0.981958732840103,0.1890953383853211,-0.8660254037844385,-0.5000000000000004,-1.828266143798828,6.11248779296875,219.35519409179688,7.742367597529665e-05,61.09591674804688,2.593448638916016,-1.2483673095703125,242.0937347412109,0.0005245628999546,54.76711654663086,3.21453857421875,-2.8785972595214844,267.1932373046875,0.0037068673409521,75.70939636230469,2.414531707763672,-6.083026885986328,281.7544250488281,0.0087701743468642,87.81900024414062,-0.3646430969238281,-8.610893249511719,289.65020751953125,0.0128525225445628,92.8510513305664,6.182359356898814e-05,5.019494710722938e-05,14.795949935913086,1.2059218883514404,-2.5416793823242188,6.499770097434521e-05,5.019494710722938e-05,67.477294921875,1.00080144405365
IBT_2004241N32282_2004083012,2004241N32282,GASTON,2004-08-30 12:00:00,2004-08-30,2004,8,12,,TS,35.599998474121094,281.29998779296875,25.0,1000.0,IBTRACS_ERA5,OBS,1,35.599998474121094,281.29998779296875,2004241N32282,GASTON,0.0,train,-0.9806147002934824,0.1959459353197288,-0.8660254037844385,-0.5000000000000004,2.125835418701172,4.76116943359375,219.7295837402344,6.584174843737856e-05,49.686336517333984,2.945011138916016,8.772872924804688,242.06431579589844,0.0005845028208568,61.1966667175293,5.01214599609375,13.905826568603516,267.1336669921875,0.0026832916773855,55.05410385131836,5.527080535888672,13.313457489013672,282.1365051269531,0.0082175498828291,80.17466735839844,5.028667449951172,13.25507354736328,289.79669189453125,0.0128366677090525,91.86914825439452,6.499770097434521e-05,4.512443410931155e-05,8.976237297058105,4.127748012542725,10.801679611206056,6.499770097434521e-05,5.019494710722938e-05,66.23133087158203,1.00080144405365
IBT_2004241N32282_2004083018,2004241N32282,GASTON,2004-08-30 18:00:00,2004-08-30,2004,8,18,,TS,36.400001525878906,282.20001220703125,30.0,1002.0,IBTRACS_ERA5,OBS,1,36.400001525878906,282.20001220703125,2004241N32282,GASTON,0.0,train,-0.9774158492627156,0.2113250046966621,-0.8660254037844385,-0.5000000000000004,4.065898895263672,9.27642822265625,219.34524536132807,6.965365173527971e-05,55.0299072265625,1.1459388732910156,9.962326049804688,241.76817321777344,0.0005938570247963,63.96049880981445,-4.25152587890625,12.717960357666016,266.4242553710937,0.002041729632765,44.23468399047852,-6.835346221923828,7.174907684326172,281.3751525878906,0.0055111264809966,56.631126403808594,-6.258197784423828,4.545234680175781,289.9457397460937,0.0096491901203989,68.40065002441406,3.079102316405624e-05,1.7047223082045093e-05,11.356547355651855,-2.42664647102356,8.735371589660645,6.499770097434521e-05,5.019494710722938e-05,66.23684692382812,2.136420726776123
NEG_20040830_03455,,,2004-08-30 00:00:00,2004-08-30,2004,8,0,,BG,50.0,,,,IBTRACS_ERA5,OBS,0,50.0,0.0,,,5666.712997130853,train,0.0,1.0,-0.8660254037844385,-0.5000000000000004,27.46372604370117,-22.51544189453125,215.27413940429688,2.945497544715181e-05,38.27104568481445,32.038761138916016,-19.887039184570312,231.5883636474609,0.0001455220626667,43.59103012084961,27.25018310546875,-13.877132415771484,260.4385986328125,0.0007694610394537,26.735748291015625,14.125957489013672,-6.116718292236328,272.6294250488281,0.0007181233959272,13.689327239990234,10.727153778076172,-3.5581588745117188,278.41973876953125,0.0042509757913649,65.11102294921875,7.296257535926998e-06,1.891523788799532e-05,25.28816795349121,22.321157455444336,-13.190897941589355,5.978660919936374e-05,8.940827683545649e-05,38.15269088745117,1.1693410873413086
IBT_2004238N11325_2004083100,2004238N11325,FRANCES,2004-08-31 00:00:00,2004-08-31,2004,8,0,,TS,19.600000381469727,299.29998779296875,110.0,946.0,IBTRACS_ERA5,OBS,1,19.600000381469727,299.29998779296875,2004238N11325,FRANCES,0.0,train,-0.8720693766964451,0.4893822659519586,-0.8660254037844385,-0.5000000000000004,-6.820758819580078,7.192653656005859,221.73861694335935,6.55369003652595e-05,39.02958679199219,-10.90744400024414,10.393321990966797,244.05599975585935,0.0005072631174698,43.99507522583008,-11.43047332763672,16.649105072021484,267.94647216796875,0.0032069950830191,61.84431076049805,-11.933765411376951,17.08924102783203,282.2432556152344,0.0078837508335709,76.362548828125,-17.46733856201172,16.024982452392578,290.9902038574219,0.0125908590853214,83.49869537353516,2.917718120443169e-05,3.186947287758812e-05,13.833282470703123,-11.711956024169922,13.469861030578612,8.726938540348783e-05,9.582417260389776e-05,58.5167350769043,1.9188334941864011
IBT_2004238N11325_2004083106,2004238N11325,FRANCES,2004-08-31 06:00:00,2004-08-31,2004,8,6,,TS,19.799999237060547,297.8999938964844,115.0,950.0,IBTRACS_ERA5,OBS,1,19.799999237060547,297.8999938964844,2004238N11325,FRANCES,0.0,train,-0.8837656799355875,0.4679297201161608,-0.8660254037844385,-0.5000000000000004,-9.135700225830078,3.8835716247558594,222.75704956054688,0.0001125286435126,59.54721450805664,-10.15597915649414,2.906017303466797,245.32601928710935,0.0009968631202355,76.81525421142578,-6.205131530761719,2.4388999938964844,268.26629638671875,0.0042276801541447,79.5719223022461,-8.717945098876953,4.728889465332031,283.0372009277344,0.0085056954994797,78.07795715332031,-9.63188934326172,5.737140655517578,291.8078308105469,0.0132333971560001,83.32701873779297,8.726938540348783e-05,9.582417260389776e-05,1.9188334941864011,-8.769329071044922,3.93890380859375,8.726938540348783e-05,9.582417260389776e-05,59.24712753295898,1.9188334941864011
IBT_2004238N11325_2004083112,2004238N11325,FRANCES,2004-08-31 12:00:00,2004-08-31,2004,8,12,,TS,20.0,296.5,120.0,949.0,IBTRACS_ERA5,OBS,1,20.0,296.5,2004238N11325,FRANCES,0.0,train,-0.8949343616020249,0.4461978131098091,-0.8660254037844385,-0.5000000000000004,-9.135700225830078,3.8835716247558594,222.75704956054688,0.0001125286435126,59.54721450805664,-10.15597915649414,2.906017303466797,245.32601928710935,0.0009968631202355,76.81525421142578,-6.205131530761719,2.4388999938964844,268.26629638671875,0.0042276801541447,79.5719223022461,-8.717945098876953,4.728889465332031,283.0372009277344,0.0085056954994797,78.07795715332031,-9.63188934326172,5.737140655517578,291.8078308105469,0.0132333971560001,83.32701873779297,8.726938540348783e-05,9.582417260389776e-05,1.9188334941864011,-8.769329071044922,3.93890380859375,8.726938540348783e-05,9.582417260389776e-05,59.24712753295898,1.9188334941864011
IBT_2004238N11325_2004083118,2004238N11325,FRANCES,2004-08-31 18:00:00,2004-08-31,2004,8,18,,TS,20.299999237060547,295.0,125.0,942.0,IBTRACS_ERA5,OBS,1,20.299999237060547,295.0,2004238N11325,FRANCES,0.0,train,-0.9063077870366498,0.4226182617406996,-0.8660254037844385,-0.5000000000000004,-9.259235382080078,1.8117942810058596,222.53402709960935,0.0001167410155176,63.38866424560547,-1.1437721252441406,-5.536365509033203,243.80404663085935,0.0007495112949982,66.55941772460938,1.2155227661132812,-12.538883209228516,268.4594116210937,0.0030057101976126,55.750858306884766,1.3357658386230469,-10.118766784667969,282.9410095214844,0.0077722305431962,71.80973052978516,2.183540344238281,-9.567790985107422,292.3261413574219,0.0123787857592105,75.4379653930664,5.979942216072232e-05,4.820072354050353e-05,16.137908935546875,-1.1336357593536377,-7.19000244140625,8.726938540348783e-05,9.582417260389776e-05,56.80881881713867,1.9188334941864011
IBT_2004241N29295_2004083100,2004241N29295,HERMINE,2004-08-31 00:00:00,2004-08-31,2004,8,0,,TS,39.900001525878906,288.70001220703125,35.0,1011.0,IBTRACS_ERA5,OBS,1,39.900001525878906,288.70001220703125,2004241N29295,HERMINE,0.0,train,-0.947210209438484,0.3206131923915535,-0.8660254037844385,-0.5000000000000004,12.228557586669922,6.254665374755859,218.7330017089844,6.378415127983317e-05,54.23331069946289,10.66726303100586,7.627941131591797,241.20443725585935,0.000436981790699,49.67988204956055,4.412788391113281,6.161312103271484,266.1488647460937,0.0025587349664419,56.62461853027344,1.6184806823730469,3.6558914184570312,281.5843200683594,0.0083561474457383,84.64885711669922,0.0534133911132812,3.021076202392578,289.5802917480469,0.0116764642298221,84.73428344726562,5.909853643970564e-05,1.6150388546520844e-05,12.597230911254885,5.796100616455078,5.34417724609375,5.909853643970564e-05,2.7742600650526583e-05,66.89872741699219,4.096458435058594
IBT_2004241N29295_2004083106,2004241N29295,HERMINE,2004-08-31 06:00:00,2004-08-31,2004,8,6,,TS,41.5,289.1000061035156,35.0,1012.0,IBTRACS_ERA5,OBS,1,41.5,289.1000061035156,2004241N29295,HERMINE,0.0,train,-0.9449488773001664,0.3272179996411486,-0.8660254037844385,-0.5000000000000004,17.460002899169922,10.26882553100586,217.99496459960935,5.502040585270152e-05,51.14516067504883,11.49050521850586,11.286876678466797,240.47604370117188,0.0004751995438709,57.95965576171875,7.536079406738281,9.346126556396484,265.06610107421875,0.00255958433263,61.60065841674805,4.890209197998047,7.846565246582031,280.7637634277344,0.0066374475136399,71.1203842163086,4.130073547363281,5.875812530517578,289.0502624511719,0.0107568837702274,80.76893615722656,2.8587943234015256e-05,-3.934876986022573e-06,14.035155296325684,9.101373672485352,8.924840927124023,5.909853643970564e-05,2.7742600650526583e-05,67.49920654296875,4.096458435058594
IBT_2004241N32282_2004083100,2004241N32282,GASTON,2004-08-31 00:00:00,2004-08-31,2004,8,0,,TS,37.20000076293945,283.3999938964844,35.0,1001.0,IBTRACS_ERA5,OBS,1,37.20000076293945,283.3999938964844,2004241N32282,GASTON,0.0,train,-0.9727759028966708,0.2317477998678015,-0.8660254037844385,-0.5000000000000004,10.689983367919922,10.45327377319336,219.00021362304688,5.776734178652987e-05,47.56507110595703,12.89236068725586,4.982311248779297,241.2193298339844,0.0005125418538227,58.18680191040039,9.06085968017578,-0.9503822326660156,266.5364990234375,0.0023333101999014,50.11724472045898,6.201366424560547,-4.333244323730469,280.7240905761719,0.0071400632150471,76.71450805664062,4.229072570800781,-5.511272430419922,289.3167419433594,0.0108961798250675,80.42277526855469,2.9495124181266877e-05,1.601708027010318e-05,17.22237205505371,8.614728927612305,0.928137183189392,5.909853643970564e-05,2.7742600650526583e-05,62.50245666503906,2.6541311740875244
IBT_2004241N32282_2004083106,2004241N32282,GASTON,2004-08-31 06:00:00,2004-08-31,2004,8,6,,TS,38.09999847412109,285.20001220703125,35.0,1001.0,IBTRACS_ERA5,OBS,1,38.09999847412109,285.20001220703125,2004241N32282,GASTON,0.0,train,-0.965016438612128,0.2621893842404094,-0.8660254037844385,-0.5000000000000004,10.267131805419922,7.342311859130859,219.27182006835935,6.85390186845325e-05,54.62700271606445,10.10573959350586,5.660655975341797,241.48043823242188,0.0004785821074619,52.98574066162109,11.59027862548828,5.101497650146484,266.82305908203125,0.0029536604415625,62.06077575683594,10.513011932373049,3.6566238403320312,281.5789489746094,0.0081039303913712,82.12395477294922,9.36566925048828,3.346271514892578,290.0099792480469,0.0115283466875553,81.38602447509766,5.299684562487528e-05,2.7742600650526583e-05,4.096458435058594,10.368366241455078,5.021471977233887,5.909853643970564e-05,2.7742600650526583e-05,66.3990707397461,2.6541311740875244
IBT_2004241N32282_2004083112,2004241N32282,GASTON,2004-08-31 12:00:00,2004-08-31,2004,8,12,,TS,39.09999847412109,287.1000061035156,35.0,1001.0,IBTRACS_ERA5,OBS,1,39.09999847412109,287.1000061035156,2004241N32282,GASTON,0.0,train,-0.9557929834752544,0.2940404270495329,-0.8660254037844385,-0.5000000000000004,12.228557586669922,6.254665374755859,218.7330017089844,6.378415127983317e-05,54.23331069946289,10.66726303100586,7.627941131591797,241.20443725585935,0.000436981790699,49.67988204956055,4.412788391113281,6.161312103271484,266.1488647460937,0.0025587349664419,56.62461853027344,1.6184806823730469,3.6558914184570312,281.5843200683594,0.0083561474457383,84.64885711669922,0.0534133911132812,3.021076202392578,289.5802917480469,0.0116764642298221,84.73428344726562,5.909853643970564e-05,1.6150388546520844e-05,12.597230911254885,5.796100616455078,5.34417724609375,5.909853643970564e-05,2.7742600650526583e-05,66.89872741699219,4.096458435058594
IBT_2004241N32282_2004083118,2004241N32282,GASTON,2004-08-31 18:00:00,2004-08-31,2004,8,18,,TS,40.20000076293945,289.5,35.0,999.0,IBTRACS_ERA5,OBS,1,40.20000076293945,289.5,2004241N32282,GASTON,0.0,train,-0.9426414910921784,0.3338068592337709,-0.8660254037844385,-0.5000000000000004,9.503459930419922,1.0461692810058594,218.79525756835935,6.043045868864283e-05,50.99833679199219,8.14040756225586,4.115489959716797,241.30062866210935,0.0004668139154091,52.5828971862793,7.310737609863281,8.472347259521484,266.24822998046875,0.0028941303025931,63.55805587768555,7.032054901123047,13.206916809082031,281.6934509277344,0.007879757322371,79.2313461303711,6.770942687988281,14.131916046142578,289.8290710449219,0.0118748880922794,84.80967712402344,4.096500924788416e-05,2.026728543569334e-05,13.368000030517578,7.75152063369751,8.194567680358887,5.909853643970564e-05,2.7742600650526583e-05,68.69062805175781,4.096458435058594
NEG_20040831_01081,,,2004-08-31 00:00:00,2004-08-31,2004,8,0,,BG,25.0,,,,IBTRACS_ERA5,OBS,0,25.0,262.5,,,2399.359294070124,train,-0.9914448613738104,-0.1305261922200516,-0.8660254037844385,-0.5000000000000004,11.676799774169922,-9.47970962524414,218.96383666992188,5.130163481226191e-05,42.42615509033203,7.965114593505859,-4.029285430908203,241.31173706054688,0.0003180369967594,35.786136627197266,0.4154739379882812,-0.3967933654785156,266.32537841796875,0.003788050962612,82.69641876220703,-1.5931892395019531,0.4254226684570312,281.4876403808594,0.0060588051564991,61.78263092041016,-3.0061569213867188,0.955402374267578,290.6589050292969,0.0103534199297428,70.12390899658203,-3.43209126185684e-06,-3.468933300609933e-06,18.013349533081055,3.0916085243225098,-2.504992723464966,1.441946005797945e-05,2.310253148607444e-05,60.20634841918945,5.056782245635986
NEG_20040831_03109,,,2004-08-31 00:00:00,2004-08-31,2004,8,0,,BG,20.0,,,,IBTRACS_ERA5,OBS,0,20.0,0.0,,,6312.895123605885,train,0.0,1.0,-0.8660254037844385,-0.5000000000000004,4.105022430419922,-0.9338111877441406,219.57650756835935,1.3788894648314454e-05,10.597145080566406,-3.2375221252441406,-0.6887092590332031,238.46029663085935,0.0001284010795643,19.072999954223636,-9.66436004638672,-2.943668365478516,265.1366577148437,0.0005732147837989,13.719841003417969,-6.070484161376953,-2.4141769409179688,286.5909118652344,0.0043692220933735,31.65663719177246,-4.142631530761719,1.071857452392578,302.5390319824219,0.0042025782167911,13.756735801696776,1.1247902875766158e-05,-9.886374755296856e-06,8.488020896911621,-3.801995038986206,-1.18170166015625,1.858440737123601e-05,1.330134978161368e-06,36.09023284912109,1.610744833946228
IBT_2004238N11325_2004090100,2004238N11325,FRANCES,2004-09-01 00:00:00,2004-09-01,2004,9,0,,TS,20.600000381469727,293.6000061035156,120.0,941.0,IBTRACS_ERA5,OBS,1,20.600000381469727,293.6000061035156,2004238N11325,FRANCES,0.0,train,-0.9163626869144758,0.4003491301737553,-1.0,-1.8369701987210294e-16,3.1489028930664062,-0.4983329772949219,222.74856567382807,0.0001201186751131,63.625919342041016,6.369663238525391,-0.7222442626953125,245.00579833984372,0.0009040926233865,71.76582336425781,13.043010711669922,1.7206764221191406,267.4495849609375,0.0039289933629333,78.68982696533203,11.331310272216797,7.441257476806641,282.5666198730469,0.0073824874125421,69.95711517333984,10.085010528564451,6.038600921630859,291.5033569335937,0.012254093773663,78.66163635253906,8.436388452537358e-05,8.362297376152128e-05,9.53105926513672,8.79557991027832,2.7959914207458496,8.436388452537358e-05,8.362297376152128e-05,60.03618240356445,7.822302341461182
IBT_2004238N11325_2004090106,2004238N11325,FRANCES,2004-09-01 06:00:00,2004-09-01,2004,9,6,,TS,21.0,292.1000061035156,120.0,939.0,IBTRACS_ERA5,OBS,1,21.0,292.1000061035156,2004238N11325,FRANCES,0.0,train,-0.9265285907939994,0.3762243618391633,-1.0,-1.8369701987210294e-16,3.1489028930664062,-0.4983329772949219,222.74856567382807,0.0001201186751131,63.625919342041016,6.369663238525391,-0.7222442626953125,245.00579833984372,0.0009040926233865,71.76582336425781,13.043010711669922,1.7206764221191406,267.4495849609375,0.0039289933629333,78.68982696533203,11.331310272216797,7.441257476806641,282.5666198730469,0.0073824874125421,69.95711517333984,10.085010528564451,6.038600921630859,291.5033569335937,0.012254093773663,78.66163635253906,8.436388452537358e-05,8.362297376152128e-05,9.53105926513672,8.79557991027832,2.7959914207458496,8.436388452537358e-05,8.362297376152128e-05,60.03618240356445,7.822302341461182
IBT_2004238N11325_2004090112,2004238N11325,FRANCES,2004-09-01 12:00:00,2004-09-01,2004,9,12,,TS,21.399999618530277,290.8999938964844,120.0,937.0,IBTRACS_ERA5,OBS,1,21.399999618530277,290.8999938964844,2004238N11325,FRANCES,0.0,train,-0.9342045123230546,0.356737899802143,-1.0,-1.8369701987210294e-16,-19.381858825683597,6.772174835205078,222.97817993164065,0.0001257797266589,64.88427734375,-16.00191879272461,-2.5591583251953125,244.54730224609372,0.0008345600799657,69.13356018066406,-17.720661163330078,-7.046901702880859,268.63916015625,0.0032790047116577,59.998722076416016,-22.233875274658203,-4.612453460693359,282.9084167480469,0.0076281782239675,70.6340560913086,-21.975780487060547,-5.321506500244141,292.0585327148437,0.0127898203209042,79.26891326904297,7.112033199518919e-05,6.758356175851077e-05,12.368733406066896,-19.462820053100582,-2.5535690784454346,8.436388452537358e-05,8.362297376152128e-05,56.70200347900391,8.711660385131836
IBT_2004238N11325_2004090118,2004238N11325,FRANCES,2004-09-01 18:00:00,2004-09-01,2004,9,18,,TS,21.799999237060547,289.6000061035156,120.0,941.0,IBTRACS_ERA5,OBS,1,21.799999237060547,289.6000061035156,2004238N11325,FRANCES,0.0,train,-0.9420574170528286,0.3354516701042831,-1.0,-1.8369701987210294e-16,-19.381858825683597,6.772174835205078,222.97817993164065,0.0001257797266589,64.88427734375,-16.00191879272461,-2.5591583251953125,244.54730224609372,0.0008345600799657,69.13356018066406,-17.720661163330078,-7.046901702880859,268.63916015625,0.0032790047116577,59.998722076416016,-22.233875274658203,-4.612453460693359,282.9084167480469,0.0076281782239675,70.6340560913086,-21.975780487060547,-5.321506500244141,292.0585327148437,0.0127898203209042,79.26891326904297,7.112033199518919e-05,6.758356175851077e-05,12.368733406066896,-19.462820053100582,-2.5535690784454346,8.436388452537358e-05,8.362297376152128e-05,56.70200347900391,8.711660385131836
IBT_2004241N32282_2004090100,2004241N32282,GASTON,2004-09-01 00:00:00,2004-09-01,2004,9,0,,TS,41.0,292.5,40.0,999.0,IBTRACS_ERA5,OBS,1,41.0,292.5,2004241N32282,GASTON,0.0,train,-0.9238795325112866,0.38268343236509,-1.0,-1.8369701987210294e-16,26.194557189941406,11.065143585205078,217.82156372070312,5.454238998936489e-05,51.779518127441406,25.49100112915039,9.432052612304688,239.92071533203125,0.0003679488727357,47.36492919921875,15.027141571044922,-0.0451927185058593,266.0592041015625,0.0003585410886444,7.9895758628845215,16.813732147216797,-1.0306663513183594,281.2890319824219,0.0037170404102653,38.4209098815918,14.387744903564451,-2.5531959533691406,287.68524169921875,0.009134386666119,74.92725372314453,2.5292811187682677e-05,3.792863026319537e-06,18.02387237548828,19.58283424377441,3.3736281394958496,3.269026638008654e-05,1.1468301636341494e-05,45.37685394287109,1.6307586431503296
IBT_2004241N32282_2004090106,2004241N32282,GASTON,2004-09-01 06:00:00,2004-09-01,2004,9,6,,TS,41.70000076293945,296.5,45.0,999.0,IBTRACS_ERA5,OBS,1,41.70000076293945,296.5,2004241N32282,GASTON,0.0,train,-0.8949343616020249,0.4461978131098091,-1.0,-1.8369701987210294e-16,28.246070861816406,12.811603546142578,217.63015747070312,5.1857154176104814e-05,50.39002990722656,25.75186538696289,8.783493041992188,240.18414306640625,0.000423356948886,53.11918258666992,18.848308563232425,4.769992828369141,265.36883544921875,0.0020520132966339,48.23651123046875,13.324718475341797,5.770481109619141,280.6559753417969,0.0045364848338067,48.96953201293945,11.810352325439451,4.178249359130859,287.8070678710937,0.0084081636741757,68.42561340332031,3.269026638008654e-05,2.554241291363724e-06,18.56522750854492,19.59626197814941,7.262763977050781,3.269026638008654e-05,1.4564484445145354e-05,49.26285171508789,1.6307586431503296
NEG_20040901_00276,,,2004-09-01 00:00:00,2004-09-01,2004,9,0,,BG,47.5,,,,IBTRACS_ERA5,OBS,0,47.5,12.5,,,5807.738286805461,train,0.2164396139381028,0.9762960071199334,-1.0,-1.8369701987210294e-16,20.161842346191406,-9.863323211669922,214.4483337402344,2.3616892576683316e-05,34.034610748291016,17.76822280883789,-9.528518676757812,232.1756591796875,0.0001294017565669,36.439247131347656,12.954875946044922,-3.9297142028808594,261.1264038085937,0.000525940733496,17.28784942626953,7.242076873779297,1.5585670471191406,274.2740173339844,0.0035755240824073,60.48468780517578,-1.4744377136230469,0.1772727966308593,282.22076416015625,0.0061843441799283,72.92975616455078,-3.4505503663240238e-06,-5.232192961557303e-06,23.852508544921875,11.33051586151123,-4.317143440246582,1.7449689039494842e-05,3.656437547761016e-05,44.44644165039063,1.6419936418533323
NEG_20040901_02901,,,2004-09-01 00:00:00,2004-09-01,2004,9,0,,BG,40.0,,,,IBTRACS_ERA5,OBS,0,40.0,315.0,,,1564.4151048603064,train,-0.7071067811865477,0.7071067811865474,-1.0,-1.8369701987210294e-16,13.809547424316406,-1.498332977294922,216.72854614257807,5.304156366037205e-05,57.5522575378418,10.87063980102539,-2.2024688720703125,238.24981689453125,0.0002205875498475,33.45526885986328,7.947551727294922,0.3915748596191406,266.9586181640625,0.0004621041298378,9.609100341796877,4.756847381591797,0.8404273986816406,279.4308776855469,0.005176281556487,60.8043212890625,0.6875495910644531,0.3833274841308594,287.93768310546875,0.0086304293945431,69.64054870605469,-2.0272791516617872e-05,-3.914029730367474e-05,13.256223678588867,7.614427089691162,-0.4170944094657898,-5.238650828687241e-07,-3.677984750538599e-06,49.84458160400391,1.5267963409423828
NEG_20040901_03429,,,2004-09-01 00:00:00,2004-09-01,2004,9,0,,BG,17.5,,,,IBTRACS_ERA5,OBS,0,17.5,347.5,,,5514.882477222235,train,-0.2164396139381028,0.9762960071199334,-1.0,-1.8369701987210294e-16,1.7930679321289062,-5.361492156982422,219.26138305664065,2.081361162709072e-05,16.609607696533203,-4.964076995849609,-1.3687286376953125,239.65789794921875,0.0002020598185481,26.685535430908203,-11.457599639892578,0.7347145080566406,265.2708740234375,0.0013379049487411,31.69022560119629,-11.582874298095703,-1.1278343200683594,284.7442321777344,0.0048326309770345,39.56465530395508,-1.6309318542480469,-5.432224273681641,297.75616455078125,0.0076025174930691,33.119625091552734,-2.936634700745344e-06,-8.92638217919739e-06,3.4247303009033203,-5.568482875823975,-2.511112928390503,2.5818128051469103e-05,2.013159928537789e-06,45.16791534423828,0.7315319776535034
NEG_20040901_04226,,,2004-09-01 00:00:00,2004-09-01,2004,9,0,,BG,22.5,,,,IBTRACS_ERA5,OBS,0,22.5,310.0,,,1708.3352366459674,train,-0.7660444431189781,0.6427876096865393,-1.0,-1.8369701987210294e-16,1.1154556274414062,-13.687786102294922,218.38259887695312,2.8526825190056115e-05,25.30205535888672,0.4001808166503906,-9.043777465820312,237.47552490234372,0.0003009159991052,49.285133361816406,-4.762165069580078,-1.0342063903808594,263.564453125,0.0016423207707703,44.45813751220703,-4.607898712158203,4.021823883056641,279.9936218261719,0.0041166897863149,46.51141357421875,-8.055858612060547,2.25759506225586,289.95379638671875,0.0101471291854977,71.89329528808594,-1.0078218110720629e-05,1.4014698535902426e-05,18.3947868347168,-3.1820571422576904,-3.497270107269287,6.97787663739291e-06,1.540388257126324e-05,48.13575744628906,7.880228519439697
IBT_2004238N11325_2004090200,2004238N11325,FRANCES,2004-09-02 00:00:00,2004-09-02,2004,9,0,,TS,22.200000762939453,288.6000061035156,120.0,939.0,IBTRACS_ERA5,OBS,1,22.200000762939453,288.6000061035156,2004238N11325,FRANCES,0.0,train,-0.9477683760319794,0.3189594102604663,-1.0,-1.8369701987210294e-16,5.628669738769531,-1.6139564514160156,224.5458221435547,0.0001443336950615,62.25038528442383,3.4230270385742188,2.321247100830078,246.76173400878903,0.0011125258170068,75.12432098388672,5.02947998046875,6.498340606689453,269.6742858886719,0.0052922265604138,89.57823944091797,2.4530906677246094,7.641876220703125,283.5690612792969,0.0098035726696252,86.82645416259766,1.4364242553710938,7.655498504638672,291.627197265625,0.0140406945720314,89.42622375488281,0.0001299516588915,0.000121972974739,10.173382759094238,3.5941383838653564,4.500601291656494,0.0001299516588915,0.000121972974739,57.34697723388672,7.758227348327637
IBT_2004238N11325_2004090206,2004238N11325,FRANCES,2004-09-02 06:00:00,2004-09-02,2004,9,6,,TS,22.700000762939453,287.5,125.0,937.0,IBTRACS_ERA5,OBS,1,22.700000762939453,287.5,2004238N11325,FRANCES,0.0,train,-0.9537169507482268,0.3007057995042734,-1.0,-1.8369701987210294e-16,5.628669738769531,-1.6139564514160156,224.5458221435547,0.0001443336950615,62.25038528442383,3.4230270385742188,2.321247100830078,246.76173400878903,0.0011125258170068,75.12432098388672,5.02947998046875,6.498340606689453,269.6742858886719,0.0052922265604138,89.57823944091797,2.4530906677246094,7.641876220703125,283.5690612792969,0.0098035726696252,86.82645416259766,1.4364242553710938,7.655498504638672,291.627197265625,0.0140406945720314,89.42622375488281,0.0001299516588915,0.000121972974739,10.173382759094238,3.5941383838653564,4.500601291656494,0.0001299516588915,0.000121972974739,57.34697723388672,7.758227348327637
IBT_2004238N11325_2004090212,2004238N11325,FRANCES,2004-09-02 12:00:00,2004-09-02,2004,9,12,,TS,23.200000762939453,286.5,120.0,939.0,IBTRACS_ERA5,OBS,1,23.200000762939453,286.5,2004238N11325,FRANCES,0.0,train,-0.9588197348681932,0.2840153447039223,-1.0,-1.8369701987210294e-16,5.628669738769531,-1.6139564514160156,224.5458221435547,0.0001443336950615,62.25038528442383,3.4230270385742188,2.321247100830078,246.76173400878903,0.0011125258170068,75.12432098388672,5.02947998046875,6.498340606689453,269.6742858886719,0.0052922265604138,89.57823944091797,2.4530906677246094,7.641876220703125,283.5690612792969,0.0098035726696252,86.82645416259766,1.4364242553710938,7.655498504638672,291.627197265625,0.0140406945720314,89.42622375488281,0.0001299516588915,0.000121972974739,10.173382759094238,3.5941383838653564,4.500601291656494,0.0001299516588915,0.000121972974739,57.34697723388672,7.758227348327637
IBT_2004238N11325_2004090218,2004238N11325,FRANCES,2004-09-02 18:00:00,2004-09-02,2004,9,18,,TS,23.799999237060547,285.70001220703125,115.0,948.0,IBTRACS_ERA5,OBS,1,23.799999237060547,285.70001220703125,2004238N11325,FRANCES,0.0,train,-0.9626916887742508,0.2706006510801133,-1.0,-1.8369701987210294e-16,-4.284538269042969,5.034358978271484,221.92466735839844,9.538709855405614e-05,55.58833694458008,-11.42560577392578,-0.6984062194824219,244.2027740478516,0.0007879524491727,67.40691375732422,-17.08624267578125,-9.434398651123049,267.9092102050781,0.0030781002715229,59.52706909179688,-21.12588882446289,-8.159637451171875,282.4861755371094,0.0066740452311933,63.58930969238281,-21.436744689941406,-9.030170440673828,291.7537841796875,0.0116184214130043,73.40836334228516,5.9635003708535805e-05,4.882220673607662e-05,22.1812801361084,-15.071805000305176,-4.457650661468506,0.0001299516588915,0.000121972974739,56.81207656860352,4.167139530181885
IBT_2004247N10332_2004090218,2004247N10332,IVAN,2004-09-02 18:00:00,2004-09-02,2004,9,18,,TS,9.699999809265137,332.3999938964844,25.0,1009.0,IBTRACS_ERA5,OBS,1,9.699999809265137,332.3999938964844,2004247N10332,IVAN,0.0,train,-0.4632961295239751,0.8862035298779305,-1.0,-1.8369701987210294e-16,-13.848747253417969,1.8295249938964844,219.11106872558597,7.091566658345982e-05,57.62003326416016,-11.51300811767578,-3.743083953857422,242.5177154541016,0.0007280646823346,73.00669860839844,-12.29620361328125,-5.003734588623047,267.1443176269531,0.0040666284039616,83.36857604980469,-8.24112319946289,-6.533172607421875,281.5064392089844,0.007287526037544,74.21683502197266,-0.0846939086914062,-9.199604034423828,289.8634033203125,0.0124128917232155,88.45719909667969,2.998256604769267e-05,1.8789471141644757e-05,17.637767791748047,-9.196755409240724,-4.5300140380859375,5.04997224197723e-05,2.951205715362448e-05,68.56165313720703,4.717989444732666
NEG_20040902_00747,,,2004-09-02 00:00:00,2004-09-02,2004,9,0,,BG,25.0,,,,IBTRACS_ERA5,OBS,0,25.0,320.0,,,2147.668176450877,train,-0.6427876096865396,0.7660444431189778,-1.0,-1.8369701987210294e-16,7.240852355957031,22.515804290771484,217.28916931152344,4.8183945182245225e-05,48.809417724609375,7.832206726074219,14.095539093017578,239.7696685791016,0.0003692670434247,48.23931503295898,-5.66778564453125,3.734058380126953,264.6968078613281,0.0021741958335042,53.85383605957031,-11.96524429321289,0.367706298828125,281.6560974121094,0.0057340799830853,57.803409576416016,-10.415260314941406,1.040142059326172,291.4876708984375,0.0089935520663857,57.78891754150391,-5.713494829251431e-06,-7.73140254750615e-06,27.801841735839844,-2.595046281814575,8.3506498336792,5.0286071200389415e-05,1.7285026842728257e-05,52.57901382446289,8.364269256591797
NEG_20040902_01132,,,2004-09-02 00:00:00,2004-09-02,2004,9,0,,BG,30.0,,,,IBTRACS_ERA5,OBS,0,30.0,342.5,,,2488.857848292296,train,-0.300705799504273,0.9537169507482268,-1.0,-1.8369701987210294e-16,5.203987121582031,-12.488590240478516,214.96604919433597,2.7820575269288383e-05,37.56769180297852,3.0094528198242188,-13.684734344482422,236.0362701416016,0.0001765764027368,33.41383743286133,6.52581787109375,-8.344310760498047,265.4414367675781,0.0008790463907644,20.54756546020508,5.155849456787109,-6.837371826171875,280.8340759277344,0.0032979785464704,35.16786193847656,-0.8329849243164062,-7.392719268798828,288.0950927734375,0.0058209160342812,46.49234008789063,-6.135442163213156e-06,-7.251564966281876e-06,7.900185585021973,3.812424421310425,-9.749545097351074,1.0215443580818828e-05,3.597278191591613e-05,25.85037040710449,6.37434196472168
NEG_20040902_03294,,,2004-09-02 00:00:00,2004-09-02,2004,9,0,,BG,32.5,,,,IBTRACS_ERA5,OBS,0,32.5,352.5,,,3268.9193282311376,train,-0.1305261922200516,0.9914448613738104,-1.0,-1.8369701987210294e-16,22.69300079345703,8.448299407958984,216.61058044433597,2.445757127134129e-05,26.925405502319336,18.98894500732422,8.008625030517578,234.5391387939453,0.000152514752699,33.611106872558594,13.27239990234375,7.311939239501953,263.3954772949219,0.0007192388875409,19.73123359680176,6.008388519287109,1.971954345703125,280.6050720214844,0.0015778630040585,17.09205436706543,0.7069320678710938,-1.836933135986328,286.7623291015625,0.0078460434451699,68.35847473144531,1.2001923096249811e-05,3.438629937591031e-05,24.272890090942383,12.333932876586914,4.780776977539063,3.9570943044964224e-05,7.845854997867718e-05,26.45242500305176,9.285053253173828
IBT_2004238N11325_2004090300,2004238N11325,FRANCES,2004-09-03 00:00:00,2004-09-03,2004,9,0,,TS,24.200000762939453,285.0,105.0,948.0,IBTRACS_ERA5,OBS,1,24.200000762939453,285.0,2004238N11325,FRANCES,0.0,train,-0.9659258262890684,0.2588190451025203,-1.0,-1.8369701987210294e-16,2.551708221435547,9.95523452758789,225.90188598632807,0.0001680776767898,62.23358917236328,-0.8370132446289062,21.106075286865234,248.30279541015625,0.0013322992017492,78.22647857666016,-9.004993438720703,28.79806137084961,270.19976806640625,0.0061891926452517,100.7231216430664,-17.088958740234375,32.72080993652344,283.47772216796875,0.0108969323337078,97.104248046875,-22.015628814697266,28.80963516235352,291.310791015625,0.0142179504036903,92.388916015625,0.0001491695293225,0.0001473737793276,30.96841049194336,-9.278977394104004,24.277963638305664,0.0001491695293225,0.0001473737793276,59.429195404052734,3.762395143508911
IBT_2004238N11325_2004090306,2004238N11325,FRANCES,2004-09-03 06:00:00,2004-09-03,2004,9,6,,TS,24.700000762939453,284.29998779296875,100.0,954.0,IBTRACS_ERA5,OBS,1,24.700000762939453,284.29998779296875,2004238N11325,FRANCES,0.0,train,-0.9690157840307004,0.2469988062711381,-1.0,-1.8369701987210294e-16,2.551708221435547,9.95523452758789,225.90188598632807,0.0001680776767898,62.23358917236328,-0.8370132446289062,21.106075286865234,248.30279541015625,0.0013322992017492,78.22647857666016,-9.004993438720703,28.79806137084961,270.19976806640625,0.0061891926452517,100.7231216430664,-17.088958740234375,32.72080993652344,283.47772216796875,0.0108969323337078,97.104248046875,-22.015628814697266,28.80963516235352,291.310791015625,0.0142179504036903,92.388916015625,0.0001491695293225,0.0001473737793276,30.96841049194336,-9.278977394104004,24.277963638305664,0.0001491695293225,0.0001473737793276,59.429195404052734,3.762395143508911
IBT_2004238N11325_2004090312,2004238N11325,FRANCES,2004-09-03 12:00:00,2004-09-03,2004,9,12,,TS,25.299999237060547,283.70001220703125,95.0,958.0,IBTRACS_ERA5,OBS,1,25.299999237060547,283.70001220703125,2004238N11325,FRANCES,0.0,train,-0.9715490695385732,0.2368383530569585,-1.0,-1.8369701987210294e-16,4.001415252685547,-8.79574203491211,223.8656311035156,7.655008812434971e-05,35.67002868652344,1.7184066772460938,-14.360477447509766,247.03802490234372,0.0009722536196932,64.01788330078125,5.082897186279297,-22.08792495727539,270.3075561523437,0.005481774918735,88.49610137939453,1.398834228515625,-22.81507873535156,283.6542358398437,0.0093774311244487,82.57848358154297,-1.4941444396972656,-24.678157806396484,291.64501953125,0.0134562626481056,85.60733032226562,0.0001374990679323,0.0001347481884295,16.806318283081055,2.141481876373291,-18.547475814819336,0.0001491695293225,0.0001473737793276,59.23772811889648,3.762395143508911
IBT_2004238N11325_2004090318,2004238N11325,FRANCES,2004-09-03 18:00:00,2004-09-03,2004,9,18,,TS,25.700000762939453,282.8999938964844,90.0,960.0,IBTRACS_ERA5,OBS,1,25.700000762939453,282.8999938964844,2004238N11325,FRANCES,0.0,train,-0.9747612179732572,0.2232500121731066,-1.0,-1.8369701987210294e-16,4.001415252685547,-8.79574203491211,223.8656311035156,7.655008812434971e-05,35.67002868652344,1.7184066772460938,-14.360477447509766,247.03802490234372,0.0009722536196932,64.01788330078125,5.082897186279297,-22.08792495727539,270.3075561523437,0.005481774918735,88.49610137939453,1.398834228515625,-22.81507873535156,283.6542358398437,0.0093774311244487,82.57848358154297,-1.4941444396972656,-24.678157806396484,291.64501953125,0.0134562626481056,85.60733032226562,0.0001374990679323,0.0001347481884295,16.806318283081055,2.141481876373291,-18.547475814819336,0.0001491695293225,0.0001473737793276,59.23772811889648,3.762395143508911
IBT_2004247N10332_2004090300,2004247N10332,IVAN,2004-09-03 00:00:00,2004-09-03,2004,9,0,,TS,9.699999809265137,331.29998779296875,30.0,1007.0,IBTRACS_ERA5,OBS,1,9.699999809265137,331.29998779296875,2004247N10332,IVAN,0.0,train,-0.4802236843217009,0.8771460613925661,-1.0,-1.8369701987210294e-16,-0.3652839660644531,-7.582607269287109,219.7928771972656,5.180252264835872e-05,38.79840087890625,-10.630958557128906,-7.588016510009766,242.37432861328125,7.867940439609811e-05,7.997870922088623,-12.549182891845703,1.1574363708496094,265.89471435546875,0.0024629784747958,55.58577346801758,-13.073089599609377,3.7056732177734375,282.3695678710937,0.0060965828597545,58.548152923583984,-3.1459999084472656,5.287174224853516,291.603515625,0.0107679739594459,68.68490600585938,2.4742132154642604e-05,-1.6816379684314595e-06,13.166763305664062,-7.952902793884277,-1.0040680170059204,4.882801295025274e-05,4.649303082260303e-05,60.2629280090332,3.0340113639831543
IBT_2004247N10332_2004090306,2004247N10332,IVAN,2004-09-03 06:00:00,2004-09-03,2004,9,6,,TS,9.699999809265137,329.70001220703125,35.0,1005.0,IBTRACS_ERA5,OBS,1,9.699999809265137,329.70001220703125,2004247N10332,IVAN,0.0,train,-0.504527439866093,0.8633956580978189,-1.0,-1.8369701987210294e-16,-4.558643341064453,-0.1521873474121093,220.06448364257807,7.397032459266484e-05,53.64158248901367,-10.983497619628906,-5.011600494384766,242.53033447265625,0.0003485766937956,34.911651611328125,-15.476673126220703,2.4943504333496094,266.64849853515625,0.0028014434501528,59.656551361083984,-16.154388427734375,3.6592864990234375,282.21942138671875,0.0068607442080974,66.56121063232422,-7.074222564697266,1.5440101623535156,291.226806640625,0.0117423310875892,76.70989990234375,4.882801295025274e-05,1.779213380359579e-05,3.0340113639831543,-10.849485397338867,0.5067718625068665,4.882801295025274e-05,4.649303082260303e-05,61.68486785888672,3.0340113639831543
IBT_2004247N10332_2004090312,2004247N10332,IVAN,2004-09-03 12:00:00,2004-09-03,2004,9,12,,TS,9.5,327.8999938964844,40.0,1003.0,IBTRACS_ERA5,OBS,1,9.5,327.8999938964844,2004247N10332,IVAN,0.0,train,-0.5313986697589655,0.8471218647741315,-1.0,-1.8369701987210294e-16,-12.988086700439451,2.32193374633789,219.49832153320312,7.551306043751538e-05,58.577884674072266,-12.589210510253906,-5.333133697509766,242.62506103515625,0.0005688531091436,56.46322250366211,-14.466419219970703,-2.36429214477539,266.98162841796875,0.0033346964046359,69.22032165527344,-16.570648193359375,-1.8858795166015625,281.62860107421875,0.0070335380733013,71.03585052490234,-6.547855377197266,-6.893489837646484,290.39013671875,0.0120445266366004,82.98837280273438,4.637864913092926e-05,3.76850730390288e-05,11.242802619934082,-12.632444381713867,-2.830972194671631,4.882801295025274e-05,4.649303082260303e-05,62.5628662109375,3.0340113639831543
IBT_2004247N10332_2004090318,2004247N10332,IVAN,2004-09-03 18:00:00,2004-09-03,2004,9,18,,TS,9.300000190734863,326.3999938964844,45.0,1000.0,IBTRACS_ERA5,OBS,1,9.300000190734863,326.3999938964844,2004247N10332,IVAN,0.0,train,-0.5533916379714787,0.832921181759261,-1.0,-1.8369701987210294e-16,-12.988086700439451,2.32193374633789,219.49832153320312,7.551306043751538e-05,58.577884674072266,-12.589210510253906,-5.333133697509766,242.62506103515625,0.0005688531091436,56.46322250366211,-14.466419219970703,-2.36429214477539,266.98162841796875,0.0033346964046359,69.22032165527344,-16.570648193359375,-1.8858795166015625,281.62860107421875,0.0070335380733013,71.03585052490234,-6.547855377197266,-6.893489837646484,290.39013671875,0.0120445266366004,82.98837280273438,4.637864913092926e-05,3.76850730390288e-05,11.242802619934082,-12.632444381713867,-2.830972194671631,4.882801295025274e-05,4.649303082260303e-05,62.5628662109375,3.0340113639831543
NEG_20040903_02031,,,2004-09-03 00:00:00,2004-09-03,2004,9,0,,BG,7.5,,,,IBTRACS_ERA5,OBS,0,7.5,272.5,,,2284.686311352715,train,-0.9990482215818578,0.0436193873653357,-1.0,-1.8369701987210294e-16,-3.716846466064453,3.42801284790039,220.96115112304688,2.6036315830424428e-05,16.9833927154541,-6.536720275878906,1.2753868103027344,241.4093017578125,0.0003075500717386,34.283355712890625,-4.449085235595703,-0.2921485900878906,268.72039794921875,0.0018611204577609,33.84610366821289,-6.760589599609375,1.5370941162109375,282.8529663085937,0.0076101683080196,70.731689453125,-1.1475868225097656,-0.2324790954589843,290.7918701171875,0.0125980749726295,84.60740661621094,7.84822077548597e-06,-4.601526143233059e-06,4.472168922424316,-4.522165775299072,1.1431732177734375,1.709793104964774e-05,6.324795322143473e-06,69.26127624511719,1.2494760751724243
NEG_20040903_02243,,,2004-09-03 00:00:00,2004-09-03,2004,9,0,,BG,42.5,,,,IBTRACS_ERA5,OBS,0,42.5,292.5,,,2063.273560949571,train,-0.9238795325112866,0.38268343236509,-1.0,-1.8369701987210294e-16,25.697826385498047,-9.22237777709961,213.36251831054688,2.473293170623947e-05,40.90158081054688,15.508567810058594,-8.666019439697266,232.72662353515625,4.940234794048592e-05,13.132238388061523,13.590953826904297,-4.840122222900391,262.3480224609375,0.0003921490279026,11.689433097839355,10.071441650390623,-4.023452758789063,277.30108642578125,0.0019082836806774,26.013885498046875,6.557613372802734,-2.6943931579589844,283.2158203125,0.0016741232248023,18.4591064453125,-1.748838258208707e-05,-3.368571924511343e-05,20.22281646728516,14.28528118133545,-5.889273166656494,9.50157300394494e-06,1.3284559827297926e-05,33.217288970947266,15.380244255065918
NEG_20040903_02755,,,2004-09-03 00:00:00,2004-09-03,2004,9,0,,BG,2.5,,,,IBTRACS_ERA5,OBS,0,2.5,355.0,,,2738.057635547305,train,-0.0871557427476583,0.9961946980917455,-1.0,-1.8369701987210294e-16,-9.934131622314451,-2.7759666442871094,218.76712036132807,4.412888665683568e-05,37.3674201965332,-6.746437072753906,2.5079307556152344,241.18927001953125,0.0001477425539633,16.821182250976562,-4.290882110595703,1.9687156677246092,266.57147216796875,0.0015872669173404,34.00141143798828,2.231597900390625,-3.3751373291015625,281.0961303710937,0.0068751089274883,72.00788116455078,4.969234466552734,-0.6559410095214844,289.336181640625,0.0117144361138343,86.35411071777344,-3.6660765090346095e-06,1.3637037454827805e-06,15.053399085998535,-2.7541236877441406,-0.4660797119140625,2.1693791495636106e-05,1.2555829925986473e-05,66.46353912353516,2.669635772705078
NEG_20040903_03097,,,2004-09-03 00:00:00,2004-09-03,2004,9,0,,BG,15.0,,,,IBTRACS_ERA5,OBS,0,15.0,27.5,,,6118.132818033803,train,0.4617486132350339,0.8870108331782217,-1.0,-1.8369701987210294e-16,-12.490772247314451,2.12002944946289,219.73745727539065,4.742111195810139e-05,35.75196838378906,-9.532325744628906,1.5887413024902344,240.96051025390625,0.0003702355315908,43.09203338623047,-6.889514923095703,0.0575828552246093,265.69549560546875,0.0024211658164858,55.49081039428711,-6.177581787109375,-1.3302154541015625,284.5311889648437,0.0055701546370983,46.25503158569336,-5.168704986572266,-5.126155853271484,298.974365234375,0.0052917376160621,21.41632080078125,1.776691533450503e-05,-3.471634272500524e-06,10.3014497756958,-8.051779747009277,-0.5380035638809204,2.207983379776124e-05,1.6739515558583662e-05,46.499019622802734,7.445064067840576
NEG_20040903_04407,,,2004-09-03 00:00:00,2004-09-03,2004,9,0,,BG,25.0,,,,IBTRACS_ERA5,OBS,0,25.0,17.5,,,5160.2045277840825,train,0.3007057995042731,0.9537169507482268,-1.0,-1.8369701987210294e-16,0.3051261901855469,4.751377105712891,221.84048461914065,1.4876512068440206e-05,8.754929542541504,3.1722640991210938,5.501338958740234,240.61492919921875,9.520851745037362e-05,11.457442283630373,-4.004993438720703,-2.48709487915039,266.11114501953125,0.0005045484867878,11.198160171508787,-5.626556396484375,-2.2291412353515625,283.30682373046875,0.0050010792911052,45.08076477050781,-3.7990760803222656,1.7007484436035156,298.47802734375,0.0053846016526222,22.45429992675781,-2.247442171210423e-05,-8.453270311292727e-06,5.113786220550537,-1.9906470775604248,1.4474456310272217,1.9688475731527436e-05,8.433650691586081e-06,36.964542388916016,0.3778959810733795
IBT_2004238N11325_2004090400,2004238N11325,FRANCES,2004-09-04 00:00:00,2004-09-04,2004,9,0,,TS,26.0,282.5,85.0,960.0,IBTRACS_ERA5,OBS,1,26.0,282.5,2004238N11325,FRANCES,0.0,train,-0.9762960071199336,0.2164396139381024,-1.0,-1.8369701987210294e-16,15.260906219482422,-8.12005615234375,224.2718811035156,0.0001027048565447,45.69437026977539,18.204608917236328,1.4204254150390625,244.98471069335935,0.0006875569815747,54.68444442749024,20.64633560180664,8.598628997802734,269.9840393066406,0.0048411646857857,80.06517791748047,23.82193756103516,11.638427734375,283.908935546875,0.0092991096898913,80.50144958496094,22.55194091796875,13.692394256591797,291.71502685546875,0.0140837915241718,89.2036361694336,0.0001488612906541,0.0001183547719847,22.998743057250977,20.09714698791504,5.4459638595581055,0.0001528655702713,0.0001524160616099,59.18856430053711,3.2980260848999023
IBT_2004238N11325_2004090406,2004238N11325,FRANCES,2004-09-04 06:00:00,2004-09-04,2004,9,6,,TS,26.399999618530277,282.1000061035156,85.0,960.0,IBTRACS_ERA5,OBS,1,26.399999618530277,282.1000061035156,2004238N11325,FRANCES,0.0,train,-0.9777832144286804,0.2096186670635915,-1.0,-1.8369701987210294e-16,-5.085407257080078,10.02105712890625,225.03939819335935,0.0001544593833386,63.003639221191406,-10.786357879638672,13.265518188476562,247.54281616210935,0.0012789096217602,80.4320068359375,-19.42287826538086,16.840816497802734,269.3191833496094,0.0056941518560051,98.98484802246094,-26.597862243652344,17.068603515625,283.06103515625,0.0099062277004122,90.7880630493164,-30.08843994140625,15.850719451904297,291.30548095703125,0.0134546644985675,87.45850372314453,0.0001528655702713,0.0001524160616099,25.673656463623047,-18.396188735961918,14.609342575073242,0.0001528655702713,0.0001524160616099,61.47820281982422,5.151328086853027
IBT_2004238N11325_2004090412,2004238N11325,FRANCES,2004-09-04 12:00:00,2004-09-04,2004,9,12,,TS,26.799999237060547,281.5,90.0,962.0,IBTRACS_ERA5,OBS,1,26.799999237060547,281.5,2004238N11325,FRANCES,0.0,train,-0.9799247046208296,0.1993679344171969,-1.0,-1.8369701987210294e-16,-5.085407257080078,10.02105712890625,225.03939819335935,0.0001544593833386,63.003639221191406,-10.786357879638672,13.265518188476562,247.54281616210935,0.0012789096217602,80.4320068359375,-19.42287826538086,16.840816497802734,269.3191833496094,0.0056941518560051,98.98484802246094,-26.597862243652344,17.068603515625,283.06103515625,0.0099062277004122,90.7880630493164,-30.08843994140625,15.850719451904297,291.30548095703125,0.0134546644985675,87.45850372314453,0.0001528655702713,0.0001524160616099,25.673656463623047,-18.396188735961918,14.609342575073242,0.0001528655702713,0.0001524160616099,61.47820281982422,5.151328086853027
IBT_2004238N11325_2004090418,2004238N11325,FRANCES,2004-09-04 18:00:00,2004-09-04,2004,9,18,,TS,26.799999237060547,280.8999938964844,90.0,962.0,IBTRACS_ERA5,OBS,1,26.799999237060547,280.8999938964844,2004238N11325,FRANCES,0.0,train,-0.981958732840103,0.1890953383853211,-1.0,-1.8369701987210294e-16,1.299236297607422,-5.68157958984375,224.06814575195312,5.224766209721565e-05,23.79037475585937,-7.937725067138672,-11.630111694335938,246.0435485839844,0.0009591828566044,69.17694091796875,-12.10952377319336,-22.895755767822266,269.2763977050781,0.0048262337222695,84.1676025390625,-20.707359313964844,-21.455322265625,282.812255859375,0.0087040467187762,81.12140655517578,-21.73638916015625,-24.351551055908203,291.50018310546875,0.0121210701763629,77.82337188720703,9.876384865492582e-05,0.0001054348686011,29.651439666748047,-12.238351821899414,-17.202863693237305,0.0001528655702713,0.0001524160616099,61.8680534362793,5.151328086853027
IBT_2004247N10332_2004090400,2004247N10332,IVAN,2004-09-04 00:00:00,2004-09-04,2004,9,0,,TS,9.100000381469728,325.0,45.0,999.0,IBTRACS_ERA5,OBS,1,9.100000381469728,325.0,2004247N10332,IVAN,0.0,train,-0.5735764363510465,0.8191520442889916,-1.0,-1.8369701987210294e-16,-4.634113311767578,-1.28216552734375,219.40164184570312,5.751149728894234e-05,45.13170623779297,-10.083477020263672,-1.5732269287109375,242.3609313964844,0.0002621586318127,26.68277931213379,-12.86269760131836,1.5744590759277344,267.5228576660156,0.0030449191108345,60.64362335205078,-17.254966735839844,4.441162109375,282.0498046875,0.0065926415845751,64.70118713378906,-8.21392822265625,5.740734100341797,290.73260498046875,0.0109357126057147,73.72083282470703,3.348557947902009e-05,1.7218142602359876e-05,7.882651329040527,-10.60983657836914,1.7801926136016846,5.0369519158266485e-05,4.3612475565169007e-05,59.193458557128906,1.6253777742385864
IBT_2004247N10332_2004090406,2004247N10332,IVAN,2004-09-04 06:00:00,2004-09-04,2004,9,6,,TS,8.899999618530273,323.5,50.0,997.0,IBTRACS_ERA5,OBS,1,8.899999618530273,323.5,2004247N10332,IVAN,0.0,train,-0.594822786751341,0.8038568606172175,-1.0,-1.8369701987210294e-16,-10.952716827392578,-0.68865966796875,219.2289123535156,6.77858479321003e-05,54.30491256713867,-13.483623504638672,-3.567123413085937,242.28829956054688,0.0004405553627293,45.15125274658203,-13.58730697631836,-1.1540565490722656,267.5122375488281,0.0033602875191718,66.97885131835938,-20.831382751464844,0.875244140625,281.964111328125,0.0068355305120348,67.47687530517578,-12.32281494140625,0.1858024597167968,290.8148803710937,0.0112683065235614,75.56604766845703,5.0369519158266485e-05,3.45932348864153e-05,1.6253777742385864,-14.235568046569824,-0.8697586059570312,5.0369519158266485e-05,4.3612475565169007e-05,61.5324592590332,1.6253777742385864
IBT_2004247N10332_2004090412,2004247N10332,IVAN,2004-09-04 12:00:00,2004-09-04,2004,9,12,,TS,8.899999618530273,321.79998779296875,50.0,997.0,IBTRACS_ERA5,OBS,1,8.899999618530273,321.79998779296875,2004247N10332,IVAN,0.0,train,-0.6184085627866199,0.7858567614216901,-1.0,-1.8369701987210294e-16,-10.952716827392578,-0.68865966796875,219.2289123535156,6.77858479321003e-05,54.30491256713867,-13.483623504638672,-3.567123413085937,242.28829956054688,0.0004405553627293,45.15125274658203,-13.58730697631836,-1.1540565490722656,267.5122375488281,0.0033602875191718,66.97885131835938,-20.831382751464844,0.875244140625,281.964111328125,0.0068355305120348,67.47687530517578,-12.32281494140625,0.1858024597167968,290.8148803710937,0.0112683065235614,75.56604766845703,5.0369519158266485e-05,3.45932348864153e-05,1.6253777742385864,-14.235568046569824,-0.8697586059570312,5.0369519158266485e-05,4.3612475565169007e-05,61.5324592590332,1.6253777742385864
IBT_2004247N10332_2004090418,2004247N10332,IVAN,2004-09-04 18:00:00,2004-09-04,2004,9,18,,TS,9.0,320.1000061035156,55.0,994.0,IBTRACS_ERA5,OBS,1,9.0,320.1000061035156,2004247N10332,IVAN,0.0,train,-0.6414495498457792,0.767165220146643,-1.0,-1.8369701987210294e-16,-14.470050811767578,2.15435791015625,219.27005004882807,6.822263821959496e-05,54.38636016845703,-10.819805145263672,-7.0873870849609375,242.2017517089844,0.0003699536609929,38.22936630249024,-13.09072494506836,-6.175540924072266,267.2789611816406,0.0034606615081429,70.21915435791016,-18.494712829589844,-4.126708984375,281.67822265625,0.0072701079770922,73.17719268798828,-10.70123291015625,-7.902820587158203,290.48211669921875,0.0119148977100849,81.61468505859375,3.6338515201350674e-05,2.448876148264389e-05,10.740150451660156,-13.515304565429688,-4.627619743347168,5.0369519158266485e-05,4.3612475565169007e-05,62.43980026245117,1.6253777742385864
NEG_20040904_00500,,,2004-09-04 00:00:00,2004-09-04,2004,9,0,,BG,10.0,,,,IBTRACS_ERA5,OBS,0,10.0,277.5,,,1855.3809761980212,train,-0.9914448613738104,0.1305261922200512,-1.0,-1.8369701987210294e-16,-6.376789093017578,1.70977783203125,220.6864318847656,7.090205326676369e-05,47.76951217651367,-4.123516082763672,-0.6777191162109375,243.0738220214844,0.0006934354896657,65.96469116210938,-8.10708236694336,-1.3779335021972656,267.9042053222656,0.0017715553985908,34.27296829223633,-4.209556579589844,-0.694091796875,282.833984375,0.0077282292768359,71.92115783691406,-1.31549072265625,-2.098377227783203,291.15838623046875,0.012252140790224,80.38880920410156,4.625040674000047e-06,2.04829007088847e-06,6.333939075469971,-4.826487064361572,-0.6276687383651733,2.3032423996482976e-05,9.040875738719478e-06,67.69522094726562,0.5164392590522766
NEG_20040904_00607,,,2004-09-04 00:00:00,2004-09-04,2004,9,0,,BG,30.0,,,,IBTRACS_ERA5,OBS,0,30.0,347.5,,,3296.306516668178,train,-0.2164396139381028,0.9762960071199334,-1.0,-1.8369701987210294e-16,14.527751922607422,2.92926025390625,216.4110412597656,2.5339890271425247e-05,28.59122467041016,10.656757354736328,3.6267242431640634,237.1792907714844,0.0001022766373353,17.253856658935547,6.998874664306641,4.975093841552734,265.9707336425781,0.0010260205017402,23.0201358795166,4.927650451660156,2.193603515625,282.986572265625,0.0027110378723591,24.971105575561523,-0.83819580078125,-5.063953399658203,287.6517944335937,0.0053605921566486,44.06755065917969,7.226879915833706e-06,1.0547409146965949e-05,17.32061767578125,7.254567623138428,1.7321456670761108,2.60929336945992e-05,7.46383739169687e-05,24.5975341796875,3.6104583740234375
NEG_20040904_03712,,,2004-09-04 00:00:00,2004-09-04,2004,9,0,,BG,27.5,,,,IBTRACS_ERA5,OBS,0,27.5,317.5,,,2075.138253485948,train,-0.6755902076156605,0.7372773368101239,-1.0,-1.8369701987210294e-16,7.913860321044922,13.26226806640625,218.16604614257807,6.575253792107105e-05,59.8671875,5.680683135986328,5.5001373291015625,241.10446166992188,0.0006093221600167,69.94273376464844,3.7919654846191406,3.8043174743652335,266.4123840332031,0.0042119333520531,91.3362045288086,1.1096572875976562,10.7249755859375,280.0023193359375,0.0073858750984072,83.39741516113281,-9.87249755859375,9.642223358154297,289.02349853515625,0.0113783665001392,85.5829086303711,7.909744454082102e-06,3.726860450115055e-05,18.151012420654297,1.7247337102890017,8.586784362792969,4.433025242178701e-05,3.726860450115055e-05,61.573272705078125,3.0914652347564697
IBT_2004238N11325_2004090500,2004238N11325,FRANCES,2004-09-05 00:00:00,2004-09-05,2004,9,0,,TS,27.0,280.6000061035156,95.0,958.0,IBTRACS_ERA5,OBS,1,27.0,280.6000061035156,2004238N11325,FRANCES,0.0,train,-0.9829353295538656,0.183951455321326,-1.0,-1.8369701987210294e-16,-5.693939208984375,4.5339202880859375,226.3251953125,0.0001719407155178,60.72904968261719,-7.259498596191406,7.36468505859375,249.339111328125,0.0013995139161124,74.88109588623047,-9.450813293457031,8.622245788574219,271.1937866210937,0.0063349781557917,95.75216674804688,-10.437572479248049,10.296127319335938,284.5547790527344,0.0108413221314549,89.88565826416016,-11.590965270996094,10.403854370117188,291.80035400390625,0.0153112076222896,96.4560089111328,0.0001877824543043,0.0001690944773145,8.32051944732666,-8.886557579040527,8.244166374206543,0.0001877824543043,0.0001690944773145,62.910587310791016,4.123052597045898
IBT_2004238N11325_2004090506,2004238N11325,FRANCES,2004-09-05 06:00:00,2004-09-05,2004,9,6,,TS,27.200000762939453,279.79998779296875,90.0,960.0,IBTRACS_ERA5,OBS,1,27.200000762939453,279.79998779296875,2004238N11325,FRANCES,0.0,train,-0.985407934747093,0.1702092892220305,-1.0,-1.8369701987210294e-16,-5.693939208984375,4.5339202880859375,226.3251953125,0.0001719407155178,60.72904968261719,-7.259498596191406,7.36468505859375,249.339111328125,0.0013995139161124,74.88109588623047,-9.450813293457031,8.622245788574219,271.1937866210937,0.0063349781557917,95.75216674804688,-10.437572479248049,10.296127319335938,284.5547790527344,0.0108413221314549,89.88565826416016,-11.590965270996094,10.403854370117188,291.80035400390625,0.0153112076222896,96.4560089111328,0.0001877824543043,0.0001690944773145,8.32051944732666,-8.886557579040527,8.244166374206543,0.0001877824543043,0.0001690944773145,62.910587310791016,4.123052597045898
IBT_2004238N11325_2004090512,2004238N11325,FRANCES,2004-09-05 12:00:00,2004-09-05,2004,9,12,,TS,27.399999618530277,279.29998779296875,80.0,969.0,IBTRACS_ERA5,OBS,1,27.399999618530277,279.29998779296875,2004238N11325,FRANCES,0.0,train,-0.9868557508369457,0.161603610850898,-1.0,-1.8369701987210294e-16,-5.693939208984375,4.5339202880859375,226.3251953125,0.0001719407155178,60.72904968261719,-7.259498596191406,7.36468505859375,249.339111328125,0.0013995139161124,74.88109588623047,-9.450813293457031,8.622245788574219,271.1937866210937,0.0063349781557917,95.75216674804688,-10.437572479248049,10.296127319335938,284.5547790527344,0.0108413221314549,89.88565826416016,-11.590965270996094,10.403854370117188,291.80035400390625,0.0153112076222896,96.4560089111328,0.0001877824543043,0.0001690944773145,8.32051944732666,-8.886557579040527,8.244166374206543,0.0001877824543043,0.0001690944773145,62.910587310791016,4.123052597045898
IBT_2004238N11325_2004090518,2004238N11325,FRANCES,2004-09-05 18:00:00,2004-09-05,2004,9,18,,TS,27.799999237060547,278.29998779296875,60.0,975.0,IBTRACS_ERA5,OBS,1,27.799999237060547,278.29998779296875,2004238N11325,FRANCES,0.0,train,-0.9895258198244524,0.1443559901796431,-1.0,-1.8369701987210294e-16,-5.399505615234375,-3.6036529541015625,224.0037841796875,0.000128275656607,58.83853912353516,-2.4554214477539062,-14.92828369140625,245.86859130859372,0.0008435776690021,61.82701110839844,-1.3675613403320312,-23.10968780517578,269.6092529296875,0.0045999763533473,78.24150085449219,-7.779369354248047,-22.76161193847656,283.6049499511719,0.0089333327487111,78.92854309082031,-8.591453552246094,-25.552322387695312,291.39471435546875,0.0133602591231465,86.35482025146484,0.000116644812806,9.37769073061645e-05,22.179553985595703,-5.118662357330322,-17.991111755371094,0.0001877824543043,0.0001690944773145,61.63068389892578,2.650224447250366
IBT_2004247N10332_2004090500,2004247N10332,IVAN,2004-09-05 00:00:00,2004-09-05,2004,9,0,,TS,9.300000190734863,318.6000061035156,60.0,991.0,IBTRACS_ERA5,OBS,1,9.300000190734863,318.6000061035156,2004247N10332,IVAN,0.0,train,-0.661311785416984,0.750111140077656,-1.0,-1.8369701987210294e-16,-9.215179443359377,-2.0405426025390625,220.0098876953125,6.299366941675544e-05,45.97858047485352,-13.970436096191406,-2.70220947265625,242.249755859375,0.0004586396971717,47.17752456665039,-12.967903137207031,3.5304489135742188,267.4432983398437,0.0041192648932337,82.5401611328125,-17.012035369873047,6.8510589599609375,282.1663513183594,0.0065524401143193,63.79955673217773,-11.513816833496094,7.8230438232421875,291.17218017578125,0.0121337445452809,79.54228973388672,3.8438312913058326e-05,3.684121475089341e-05,10.127885818481444,-12.935873031616213,2.6923599243164062,5.797531775897369e-05,4.241718488628976e-05,56.71490097045898,0.6388348937034607
IBT_2004247N10332_2004090506,2004247N10332,IVAN,2004-09-05 06:00:00,2004-09-05,2004,9,6,,TS,9.5,316.6000061035156,65.0,987.0,IBTRACS_ERA5,OBS,1,9.5,316.6000061035156,2004247N10332,IVAN,0.0,train,-0.6870874334050034,0.7265747441639607,-1.0,-1.8369701987210294e-16,-9.215179443359377,-2.0405426025390625,220.0098876953125,6.299366941675544e-05,45.97858047485352,-13.970436096191406,-2.70220947265625,242.249755859375,0.0004586396971717,47.17752456665039,-12.967903137207031,3.5304489135742188,267.4432983398437,0.0041192648932337,82.5401611328125,-17.012035369873047,6.8510589599609375,282.1663513183594,0.0065524401143193,63.79955673217773,-11.513816833496094,7.8230438232421875,291.17218017578125,0.0121337445452809,79.54228973388672,3.8438312913058326e-05,3.684121475089341e-05,10.127885818481444,-12.935873031616213,2.6923599243164062,5.797531775897369e-05,4.241718488628976e-05,56.71490097045898,0.6388348937034607
IBT_2004247N10332_2004090512,2004247N10332,IVAN,2004-09-05 12:00:00,2004-09-05,2004,9,12,,TS,9.800000190734863,314.8999938964844,85.0,977.0,IBTRACS_ERA5,OBS,1,9.800000190734863,314.8999938964844,2004247N10332,IVAN,0.0,train,-0.7083399129185131,0.7058714952217531,-1.0,-1.8369701987210294e-16,-11.069183349609377,2.445785522460937,220.0611572265625,8.0007070209831e-05,58.04220199584961,-12.085670471191406,-3.81304931640625,242.6171875,0.0003801999555435,37.7661018371582,-12.834846496582031,-1.3570022583007812,268.1244506835937,0.0037010191008448,70.412841796875,-15.751049041748049,2.620101928710937,282.5013122558594,0.0076466919854283,72.78189086914062,-10.547752380371094,2.0767059326171875,291.00347900390625,0.0130675109103322,86.58660888671875,5.797531775897369e-05,4.241718488628976e-05,0.6388348937034607,-12.457700729370115,0.3945083618164062,5.797531775897369e-05,4.241718488628976e-05,58.836402893066406,0.6388348937034607
IBT_2004247N10332_2004090518,2004247N10332,IVAN,2004-09-05 18:00:00,2004-09-05,2004,9,18,,TS,10.199999809265137,313.20001220703125,110.0,955.0,IBTRACS_ERA5,OBS,1,10.199999809265137,313.20001220703125,2004247N10332,IVAN,0.0,train,-0.7289684815766576,0.684547261237544,-1.0,-1.8369701987210294e-16,-11.091156005859377,0.6747894287109375,219.9202880859375,6.4760388340801e-05,47.77393341064453,-6.768287658691406,-4.30181884765625,242.267578125,0.0003135619626846,32.19953155517578,-11.545295715332031,-6.526435852050781,268.03729248046875,0.0026868463028222,51.45734405517578,-10.733226776123049,-6.292007446289063,282.1368103027344,0.0073592187836766,71.79885864257812,-4.746726989746094,-7.901077270507812,290.78741455078125,0.0120919020846486,81.23103332519531,3.5414035664871335e-05,2.476371446391568e-05,10.667580604553224,-8.976938247680664,-4.869309902191162,5.797531775897369e-05,4.241718488628976e-05,59.33358383178711,0.6388348937034607
NEG_20040905_00232,,,2004-09-05 00:00:00,2004-09-05,2004,9,0,,BG,10.0,,,,IBTRACS_ERA5,OBS,0,10.0,7.5,,,5356.102614005499,train,0.1305261922200515,0.9914448613738104,-1.0,-1.8369701987210294e-16,-8.281585693359375,2.676498413085937,219.247314453125,5.878316005691886e-05,46.98899459838867,-6.273902893066406,5.17425537109375,241.4742431640625,0.0004785327473655,53.01176452636719,-9.294563293457031,-1.3291702270507812,266.4071655273437,0.0030460534617304,66.08051300048828,-11.490795135498049,-3.4050445556640625,282.1863708496094,0.0065965177491307,64.14149475097656,-0.5125961303710938,0.1826629638671875,291.39581298828125,0.0137859852984547,89.10031127929688,1.4398810890270395e-06,5.456876806420041e-06,8.15943717956543,-7.170688629150391,0.6598404049873352,2.1975734853185717e-05,1.913793676067144e-05,57.6015739440918,0.540751039981842
NEG_20040905_00451,,,2004-09-05 00:00:00,2004-09-05,2004,9,0,,BG,45.0,,,,IBTRACS_ERA5,OBS,0,45.0,20.0,,,7045.844341934709,train,0.3420201433256687,0.9396926207859084,-1.0,-1.8369701987210294e-16,-0.624847412109375,-4.824234008789063,220.3123779296875,1.468969276174903e-05,10.344186782836914,-4.507057189941406,-2.40679931640625,229.3740234375,0.0001437483442714,54.53586196899414,-6.024299621582031,-2.860908508300781,258.8720092773437,0.0008232473628595,32.498435974121094,-3.741771697998047,-3.3574371337890625,273.4881286621094,0.0032814864534884,58.76000595092773,-6.120506286621094,-5.5409698486328125,283.91949462890625,0.0060165198519825,63.27895736694336,6.8014369389857166e-06,1.033120588544989e-05,5.542199611663818,-4.203696250915527,-3.798069715499878,2.3624874302186072e-05,4.7569476009812206e-05,46.08638000488281,4.04111385345459
NEG_20040905_01615,,,2004-09-05 00:00:00,2004-09-05,2004,9,0,,BG,35.0,,,,IBTRACS_ERA5,OBS,0,35.0,297.5,,,1836.3330476570527,train,-0.8870108331782216,0.4617486132350341,-1.0,-1.8369701987210294e-16,21.765533447265625,-11.791763305664062,214.8653564453125,3.963703056797385e-05,54.20400619506836,12.208030700683594,-2.59332275390625,237.69921875,0.0003512395487632,56.26043701171875,7.516960144042969,-1.0720901489257812,264.41046142578125,0.0030011413618922,76.01947021484375,4.080249786376953,-3.8842926025390634,279.6331481933594,0.0029820324853062,34.54174041748047,3.3282241821289062,-5.2960968017578125,288.57135009765625,0.0064140828326344,49.67326354980469,7.5998250395059586e-06,-9.78822072283947e-07,19.548095703125,9.779799461364746,-4.927513122558594,1.6613787011010572e-05,5.209775281400653e-06,48.4429817199707,6.258924007415772
NEG_20040905_02542,,,2004-09-05 00:00:00,2004-09-05,2004,9,0,,BG,25.0,,,,IBTRACS_ERA5,OBS,0,25.0,297.5,,,1702.265412990464,train,-0.8870108331782216,0.4617486132350341,-1.0,-1.8369701987210294e-16,-7.776702880859375,-16.013442993164062,218.019287109375,4.398071905598045e-05,40.76260757446289,-5.566627502441406,-1.78228759765625,239.1226806640625,7.022601494099945e-05,9.77324390411377,-4.740364074707031,-0.8352737426757812,265.98651123046875,0.0005302905337885,11.883281707763672,-5.589183807373047,-1.3352203369140625,280.8013610839844,0.004414570517838,47.18034744262695,-5.704246520996094,-0.1679229736328125,290.23931884765625,0.0097161205485463,67.59343719482422,-1.3054263945377896e-05,-6.662437044724356e-06,15.980475425720217,-5.875424861907959,-4.026829719543457,2.0302582015574444e-06,1.5019344573374838e-05,50.37745666503906,3.3332743644714355
IBT_2004238N11325_2004090600,2004238N11325,FRANCES,2004-09-06 00:00:00,2004-09-06,2004,9,0,,TS,28.100000381469727,277.70001220703125,55.0,978.0,IBTRACS_ERA5,OBS,1,28.100000381469727,277.70001220703125,2004238N11325,FRANCES,0.0,train,-0.9909831711686702,0.1339863965501204,-1.0,-1.8369701987210294e-16,5.853912353515625,3.239322662353516,224.10812377929688,0.0001344751217402,60.95370864868164,8.814613342285156,8.719493865966797,246.64047241210935,0.0010056155733764,68.6619873046875,14.621265411376951,11.94769287109375,269.975341796875,0.0048045357689261,79.5110855102539,16.59625244140625,13.51278305053711,283.9364013671875,0.0091324839740991,78.91361236572266,15.97555160522461,14.779075622558594,291.7164611816406,0.0138205923140048,87.52863311767578,0.0001283963501919,0.0001011392887448,15.349705696105955,12.372319221496582,10.43967342376709,0.0001536949421279,0.0001248242042493,65.40519714355469,1.6719632148742676
IBT_2004238N11325_2004090606,2004238N11325,FRANCES,2004-09-06 06:00:00,2004-09-06,2004,9,6,,TS,28.600000381469727,276.70001220703125,55.0,981.0,IBTRACS_ERA5,OBS,1,28.600000381469727,276.70001220703125,2004238N11325,FRANCES,0.0,train,-0.993170624681426,0.1166709486972046,-1.0,-1.8369701987210294e-16,5.853912353515625,3.239322662353516,224.10812377929688,0.0001344751217402,60.95370864868164,8.814613342285156,8.719493865966797,246.64047241210935,0.0010056155733764,68.6619873046875,14.621265411376951,11.94769287109375,269.975341796875,0.0048045357689261,79.5110855102539,16.59625244140625,13.51278305053711,283.9364013671875,0.0091324839740991,78.91361236572266,15.97555160522461,14.779075622558594,291.7164611816406,0.0138205923140048,87.52863311767578,0.0001283963501919,0.0001011392887448,15.349705696105955,12.372319221496582,10.43967342376709,0.0001536949421279,0.0001248242042493,65.40519714355469,1.6719632148742676
IBT_2004238N11325_2004090612,2004238N11325,FRANCES,2004-09-06 12:00:00,2004-09-06,2004,9,12,,TS,29.200000762939453,276.29998779296875,55.0,982.0,IBTRACS_ERA5,OBS,1,29.200000762939453,276.29998779296875,2004238N11325,FRANCES,0.0,train,-0.993960978834369,0.1097340993247914,-1.0,-1.8369701987210294e-16,-5.705047607421875,6.542667388916016,224.4346618652344,0.0001256750547327,54.89033508300781,-9.144859313964844,9.610851287841797,247.64138793945312,0.0011106911115348,69.23104095458984,-13.493602752685549,15.48651123046875,269.9169311523437,0.0057773282751441,96.028564453125,-17.71014404296875,16.88741683959961,283.7750244140625,0.0106077585369348,92.65860748291016,-20.97842788696289,17.219627380371094,291.0926818847656,0.014622364193201,96.34151458740234,0.0001536949421279,0.0001248242042493,18.635278701782227,-13.406415939331056,13.1494140625,0.0001536949421279,0.0001248242042493,66.17667388916016,7.068949222564697
IBT_2004238N11325_2004090618,2004238N11325,FRANCES,2004-09-06 18:00:00,2004-09-06,2004,9,18,,TS,30.100000381469727,276.0,50.0,982.0,IBTRACS_ERA5,OBS,1,30.100000381469727,276.0,2004238N11325,FRANCES,0.0,train,-0.9945218953682734,0.1045284632676529,-1.0,-1.8369701987210294e-16,-7.080535888671875,-3.0608482360839844,223.83419799804688,8.902843546820804e-05,41.633602142333984,-5.917808532714844,-10.970935821533203,246.86331176757807,0.0008159311837516,54.58779144287109,-10.664257049560549,-13.05841064453125,269.89862060546875,0.0053125312551856,88.4239501953125,-11.90252685546875,-12.97269058227539,284.4808349609375,0.0097093973308801,80.89900207519531,-18.04483413696289,-17.009620666503906,291.0453186035156,0.014236245304346,94.08023071289062,0.0001278276467928,0.0001006021775538,17.742155075073242,-10.72199249267578,-11.414501190185549,0.0001536949421279,0.0001248242042493,63.05371475219727,0.7840611934661865
IBT_2004247N10332_2004090600,2004247N10332,IVAN,2004-09-06 00:00:00,2004-09-06,2004,9,0,,TS,10.600000381469728,311.5,115.0,948.0,IBTRACS_ERA5,OBS,1,10.600000381469728,311.5,2004247N10332,IVAN,0.0,train,-0.7489557207890021,0.6626200482157375,-1.0,-1.8369701987210294e-16,2.929718017578125,2.183292388916016,219.6084899902344,7.853243732824922e-05,60.12455368041992,-11.125572204589844,3.154308319091797,242.10086059570312,0.0003871428489219,40.392276763916016,-9.431102752685549,5.17156982421875,267.40899658203125,0.0041921129450201,84.22010040283203,-7.65008544921875,8.81515121459961,281.5899658203125,0.0068716797977685,69.58421325683594,-5.374179840087891,10.294334411621094,290.5880432128906,0.0109600760042667,74.56884765625,1.265842183784116e-05,1.1623518730630169e-05,11.607916831970217,-6.130244255065918,5.923731327056885,5.3904062951914966e-05,3.64483566954732e-05,57.11797332763672,4.413496017456055
IBT_2004247N10332_2004090606,2004247N10332,IVAN,2004-09-06 06:00:00,2004-09-06,2004,9,6,,TS,10.800000190734863,309.5,110.0,950.0,IBTRACS_ERA5,OBS,1,10.800000190734863,309.5,2004247N10332,IVAN,0.0,train,-0.7716245833877202,0.6360782202777636,-1.0,-1.8369701987210294e-16,1.226593017578125,1.4098548889160156,220.30050659179688,8.358393097296357e-05,58.94090270996094,-6.862632751464844,1.2326774597167969,242.43460083007807,0.0006789895705878,68.62569427490234,-7.801952362060547,2.72430419921875,267.98602294921875,0.0046440651640295,89.28826904296875,-4.27801513671875,6.125942230224609,281.9930419921875,0.0078668985515832,77.50540924072266,-4.834384918212891,5.803367614746094,290.8094787597656,0.0122136212885379,81.93355560302734,4.689785782829858e-05,3.148704126942903e-05,7.485880374908447,-4.510078430175781,3.4592292308807373,5.3904062951914966e-05,3.64483566954732e-05,61.3621711730957,3.5511512756347656
IBT_2004247N10332_2004090612,2004247N10332,IVAN,2004-09-06 12:00:00,2004-09-06,2004,9,12,,TS,11.0,307.5,110.0,955.0,IBTRACS_ERA5,OBS,1,11.0,307.5,2004247N10332,IVAN,0.0,train,-0.7933533402912352,0.6087614290087205,-1.0,-1.8369701987210294e-16,-6.261688232421875,0.4540443420410156,220.19821166992188,8.254923159256577e-05,58.920894622802734,-3.086509704589844,0.0092887878417968,242.53274536132807,0.000546399038285,54.71199035644531,-6.569530487060547,-1.23101806640625,267.89337158203125,0.0042217364534735,81.74211883544922,-1.40985107421875,0.7900047302246094,281.8194580078125,0.0080985222011804,80.73519134521484,-1.8627052307128904,0.8116683959960938,290.9193420410156,0.012764785438776,85.03443908691406,5.3904062951914966e-05,3.64483566954732e-05,4.413496017456055,-3.838057041168213,0.1667976379394531,5.3904062951914966e-05,3.64483566954732e-05,63.52839279174805,3.5511512756347656
IBT_2004247N10332_2004090618,2004247N10332,IVAN,2004-09-06 18:00:00,2004-09-06,2004,9,18,,TS,11.300000190734863,305.6000061035156,90.0,969.0,IBTRACS_ERA5,OBS,1,11.300000190734863,305.6000061035156,2004247N10332,IVAN,0.0,train,-0.8131006990355331,0.5821230567740188,-1.0,-1.8369701987210294e-16,-9.642547607421877,8.120304107666016,219.62252807617188,6.249878788366914e-05,47.76914596557617,-2.567955017089844,-2.196765899658203,241.33279418945312,0.000296268146485,33.269283294677734,-12.905956268310549,-3.95880126953125,267.77886962890625,0.0022587471175938,44.1169548034668,-14.67010498046875,-4.529819488525391,282.3577880859375,0.0067823915742337,65.18632507324219,-16.19156265258789,-5.362403869628906,291.2154846191406,0.0119968988001346,78.42928314208984,3.31150513375178e-05,1.8091584934154525e-05,14.989096641540527,-11.19562530517578,-1.585497260093689,5.3904062951914966e-05,3.64483566954732e-05,54.29115295410156,4.181066989898682
NEG_20040906_01111,,,2004-09-06 00:00:00,2004-09-06,2004,9,0,,BG,12.5,,,,IBTRACS_ERA5,OBS,0,12.5,347.5,,,3924.75657330835,train,-0.2164396139381028,0.9762960071199334,-1.0,-1.8369701987210294e-16,-8.310150146484375,0.2558021545410156,218.7315368652344,3.619218114181422e-05,30.778289794921875,-10.862876892089844,-3.596668243408203,241.6167907714844,0.0001513096212875,16.534515380859375,-10.234203338623049,-0.57464599609375,266.55035400390625,0.0012790851760655,27.444259643554688,-14.51446533203125,-0.1711769104003906,283.066162109375,0.0048280148766934,44.232234954833984,-4.210727691650391,-1.3403091430664062,292.2593078613281,0.0133426822721958,81.6551513671875,3.697662577906158e-06,5.188480827200692e-06,4.399185657501221,-9.626484870910645,-1.0853996276855469,2.3567154130432755e-05,1.6779187717474997e-05,52.155120849609375,2.999812126159668
NEG_20040906_02558,,,2004-09-06 00:00:00,2004-09-06,2004,9,0,,BG,40.0,,,,IBTRACS_ERA5,OBS,0,40.0,7.5,,,6378.598367375922,train,0.1305261922200515,0.9914448613738104,-1.0,-1.8369701987210294e-16,21.269805908203125,-11.348445892333984,213.07797241210935,3.21358056680765e-05,55.110313415527344,21.36612701416016,-11.483875274658203,232.93045043945312,0.0002502160787116,65.11454772949219,8.214405059814453,-12.20806884765625,260.18817138671875,0.0014489882159978,51.37844467163086,2.97760009765625,-5.317173004150391,278.4747314453125,0.0049820928834378,62.54883575439453,-2.42007827758789,-1.2559585571289062,289.3548889160156,0.0069710346870124,51.32587814331055,-5.008605512557551e-07,1.090146088245092e-05,25.750123977661133,10.281572341918944,-8.322704315185547,3.5280878364574164e-05,3.777375604840927e-05,56.41622924804688,5.746431827545166
NEG_20040906_03532,,,2004-09-06 00:00:00,2004-09-06,2004,9,0,,BG,50.0,,,,IBTRACS_ERA5,OBS,0,50.0,357.5,,,6067.084996274149,train,-0.0436193873653361,0.9990482215818578,-1.0,-1.8369701987210294e-16,-0.843963623046875,9.107608795166016,213.73727416992188,3.3700427593430504e-05,53.1364631652832,-1.7723007202148438,5.094738006591797,234.2879943847656,0.0002466025471221,55.76536178588867,-3.587108612060547,-0.85015869140625,262.79071044921875,0.0007703892770223,22.170381546020508,-6.26947021484375,-2.58401870727539,279.0902099609375,0.0021790652535855,26.209341049194336,-9.08023452758789,-3.0838394165039062,286.0438537597656,0.0051505300216376,47.04333114624024,-1.49821335071465e-06,-1.620245529920794e-05,14.71283721923828,-4.310615539550781,1.5368659496307373,4.3225812987657264e-05,3.097037551924586e-05,41.751441955566406,2.9506993293762207
NEG_20040906_04259,,,2004-09-06 00:00:00,2004-09-06,2004,9,0,,BG,27.5,,,,IBTRACS_ERA5,OBS,0,27.5,302.5,,,1830.1993957291609,train,-0.8433914458128857,0.5372996083468239,-1.0,-1.8369701987210294e-16,2.130157470703125,-5.805721282958984,216.1214904785156,3.474816548987292e-05,40.63468170166016,1.881996154785156,-4.808094024658203,238.65219116210935,0.0001662703871261,24.23513412475586,0.8558845520019531,-2.17706298828125,266.373779296875,0.0008935474324971,19.434335708618164,-1.35064697265625,-2.59939956665039,280.4139404296875,0.003279963042587,35.9998664855957,-2.16067886352539,-2.8058853149414062,289.4170227050781,0.0088145174086093,64.64015197753906,-1.574929046910256e-05,-6.4725004449428525e-06,5.2354841232299805,0.2713424563407898,-3.639232635498047,1.4563211152562872e-05,4.0176846596295945e-06,47.27312850952149,4.294563293457031
IBT_2004238N11325_2004090700,2004238N11325,FRANCES,2004-09-07 00:00:00,2004-09-07,2004,9,0,,TS,31.0,275.3999938964844,35.0,984.0,IBTRACS_ERA5,OBS,1,31.0,275.3999938964844,2004238N11325,FRANCES,0.0,train,-0.9955619746280984,0.0941082072648384,-1.0,-1.8369701987210294e-16,6.195018768310547,2.3487091064453125,223.79244995117188,9.769177995622158e-05,45.90320587158203,13.297588348388672,4.640220642089844,246.18348693847656,0.0002951168571598,21.012056350708008,17.077232360839844,2.518299102783203,270.93572998046875,0.0047131907194852,72.61482238769531,18.59931182861328,2.851940155029297,283.8778686523437,0.0096800392493605,83.97381591796875,16.479450225830078,3.420982360839844,289.919189453125,0.0135731995105743,96.38072204589844,0.0001294438261538,8.331425487995148e-05,10.34017848968506,14.329721450805664,3.1560301780700684,0.0001452468131901,0.0001293132227146,69.62420654296875,7.643637180328369
IBT_2004238N11325_2004090706,2004238N11325,FRANCES,2004-09-07 06:00:00,2004-09-07,2004,9,6,,TS,31.5,275.0,30.0,988.0,IBTRACS_ERA5,OBS,1,31.5,275.0,2004238N11325,FRANCES,0.0,train,-0.9961946980917455,0.0871557427476578,-1.0,-1.8369701987210294e-16,-3.504932403564453,2.0115509033203125,224.46554565429688,0.0001029351260513,44.80116653442383,-4.854755401611328,-0.4459609985351562,247.23976135253903,0.0011113912332803,71.84751892089844,-7.109291076660156,0.4294319152832031,270.29498291015625,0.0057667028158903,93.1832275390625,-11.54375457763672,3.870250701904297,282.97869873046875,0.0102304285392165,94.2815399169922,-14.690471649169922,1.3921737670898438,289.289306640625,0.0135234892368316,99.99085235595705,0.0001452468131901,0.0001293132227146,11.202674865722656,-8.340641021728516,1.4514892101287842,0.0001452468131901,0.0001293132227146,71.36906433105469,8.84000301361084
IBT_2004238N11325_2004090712,2004238N11325,FRANCES,2004-09-07 12:00:00,2004-09-07,2004,9,12,,TS,32.0,274.79998779296875,25.0,992.0,IBTRACS_ERA5,OBS,1,32.0,274.79998779296875,2004238N11325,FRANCES,0.0,train,-0.9964928770772878,0.0836776310266326,-1.0,-1.8369701987210294e-16,-3.504932403564453,2.0115509033203125,224.46554565429688,0.0001029351260513,44.80116653442383,-4.854755401611328,-0.4459609985351562,247.23976135253903,0.0011113912332803,71.84751892089844,-7.109291076660156,0.4294319152832031,270.29498291015625,0.0057667028158903,93.1832275390625,-11.54375457763672,3.870250701904297,282.97869873046875,0.0102304285392165,94.2815399169922,-14.690471649169922,1.3921737670898438,289.289306640625,0.0135234892368316,99.99085235595705,0.0001452468131901,0.0001293132227146,11.202674865722656,-8.340641021728516,1.4514892101287842,0.0001452468131901,0.0001293132227146,71.36906433105469,8.84000301361084
IBT_2004238N11325_2004090718,2004238N11325,FRANCES,2004-09-07 18:00:00,2004-09-07,2004,9,18,,TS,32.5,274.8999938964844,25.0,996.0,IBTRACS_ERA5,OBS,1,32.5,274.8999938964844,2004238N11325,FRANCES,0.0,train,-0.9963453052900618,0.0854168170002457,-1.0,-1.8369701987210294e-16,-3.504932403564453,2.0115509033203125,224.46554565429688,0.0001029351260513,44.80116653442383,-4.854755401611328,-0.4459609985351562,247.23976135253903,0.0011113912332803,71.84751892089844,-7.109291076660156,0.4294319152832031,270.29498291015625,0.0057667028158903,93.1832275390625,-11.54375457763672,3.870250701904297,282.97869873046875,0.0102304285392165,94.2815399169922,-14.690471649169922,1.3921737670898438,289.289306640625,0.0135234892368316,99.99085235595705,0.0001452468131901,0.0001293132227146,11.202674865722656,-8.340641021728516,1.4514892101287842,0.0001452468131901,0.0001293132227146,71.36906433105469,8.84000301361084
IBT_2004247N10332_2004090700,2004247N10332,IVAN,2004-09-07 00:00:00,2004-09-07,2004,9,0,,TS,11.199999809265137,303.8999938964844,90.0,964.0,IBTRACS_ERA5,OBS,1,11.199999809265137,303.8999938964844,2004247N10332,IVAN,0.0,train,-0.8300123445099655,0.5577450205614303,-1.0,-1.8369701987210294e-16,7.160839080810547,2.1382598876953125,219.61886596679688,7.866206578910351e-05,60.14931488037109,0.5300102233886719,2.858482360839844,242.5475006103516,0.0006030568038113,60.30066680908203,-3.515052795410156,6.733142852783203,267.35955810546875,0.0037403532769531,75.42839050292969,-7.758598327636719,11.895397186279297,280.9242553710937,0.0061677163466811,65.36380004882812,-6.144084930419922,10.767662048339844,290.834228515625,0.0103724300861358,69.47262573242188,4.9955033318838105e-06,3.041710442630574e-05,15.858360290527344,-1.945377349853516,6.878588676452637,5.944227814325132e-05,5.680963658960536e-05,58.02589797973633,1.554863452911377
IBT_2004247N10332_2004090706,2004247N10332,IVAN,2004-09-07 06:00:00,2004-09-07,2004,9,6,,TS,11.300000190734863,302.20001220703125,95.0,965.0,IBTRACS_ERA5,OBS,1,11.300000190734863,302.20001220703125,2004247N10332,IVAN,0.0,train,-0.8461930525967158,0.5328764563546148,-1.0,-1.8369701987210294e-16,-5.865283966064453,9.840042114257812,219.83474731445312,8.129701018333435e-05,60.58620071411133,-8.865741729736328,5.111412048339844,242.5532989501953,0.0007007246022112,70.028076171875,-16.885780334472656,0.2575569152832031,267.5482788085937,0.0035657265689224,70.87864685058594,-18.22576141357422,4.392711639404297,282.42498779296875,0.0071101998910307,68.02635955810547,-19.210369110107425,6.445030212402344,291.418212890625,0.0118677914142608,76.59398651123047,4.958053978043608e-05,4.832229751627892e-05,13.770163536071776,-13.810586929321287,5.2093505859375,5.944227814325132e-05,5.680963658960536e-05,55.285892486572266,4.454838752746582
IBT_2004247N10332_2004090712,2004247N10332,IVAN,2004-09-07 12:00:00,2004-09-07,2004,9,12,,TS,11.600000381469728,300.6000061035156,100.0,963.0,IBTRACS_ERA5,OBS,1,11.600000381469728,300.6000061035156,2004247N10332,IVAN,0.0,train,-0.8607419727775674,0.5090415074421549,-1.0,-1.8369701987210294e-16,-11.096729278564451,9.532058715820312,220.33627319335935,8.700764738023281e-05,61.09601974487305,-6.228778839111328,-0.5233535766601562,242.06239318847656,0.0005550080095417,58.1192741394043,-16.515052795410156,-4.238536834716797,267.76873779296875,0.003046748926863,59.553802490234375,-17.67803192138672,-3.549671173095703,283.08367919921875,0.007548994384706,69.07903289794922,-19.15092086791992,-1.4505996704101562,291.6396484375,0.0124259889125823,79.0797119140625,5.944227814325132e-05,4.218099638819695e-05,13.619426727294922,-14.133901596069336,-0.0460205078125,5.944227814325132e-05,5.680963658960536e-05,56.28982925415039,4.454838752746582
IBT_2004247N10332_2004090718,2004247N10332,IVAN,2004-09-07 18:00:00,2004-09-07,2004,9,18,,TS,11.800000190734863,298.8999938964844,105.0,956.0,IBTRACS_ERA5,OBS,1,11.800000190734863,298.8999938964844,2004247N10332,IVAN,0.0,train,-0.8754645784823663,0.4832822899948774,-1.0,-1.8369701987210294e-16,-11.096729278564451,9.532058715820312,220.33627319335935,8.700764738023281e-05,61.09601974487305,-6.228778839111328,-0.5233535766601562,242.06239318847656,0.0005550080095417,58.1192741394043,-16.515052795410156,-4.238536834716797,267.76873779296875,0.003046748926863,59.553802490234375,-17.67803192138672,-3.549671173095703,283.08367919921875,0.007548994384706,69.07903289794922,-19.15092086791992,-1.4505996704101562,291.6396484375,0.0124259889125823,79.0797119140625,5.944227814325132e-05,4.218099638819695e-05,13.619426727294922,-14.133901596069336,-0.0460205078125,5.944227814325132e-05,5.680963658960536e-05,56.28982925415039,4.454838752746582
IBT_2004252N32320_2004090712,2004252N32320,UNNAMED,2004-09-07 12:00:00,2004-09-07,2004,9,12,,TS,31.5,320.29998779296875,25.0,1009.0,IBTRACS_ERA5,OBS,1,31.5,320.29998779296875,2004252N32320,UNNAMED,0.0,train,-0.6387679814383798,0.7693994189555499,-1.0,-1.8369701987210294e-16,7.879589080810547,16.176589965820312,216.54965209960935,3.873161404044368e-05,42.960845947265625,8.083721160888672,4.491050720214844,237.61659240722656,0.0001825907384045,29.488189697265625,2.968833923339844,-3.390636444091797,265.59576416015625,0.0020145901944488,46.530555725097656,-4.284965515136719,0.9937858581542968,279.60711669921875,0.0070352321490645,81.63810729980469,-7.810832977294922,4.034019470214844,288.389404296875,0.0109842717647552,86.07437896728516,4.635618097381666e-05,3.336765439598821e-05,19.840145111083984,1.3672691583633425,4.460961818695068,5.9853948187083006e-05,4.611169424606487e-05,61.26835632324219,6.202056884765625
IBT_2004252N32320_2004090718,2004252N32320,UNNAMED,2004-09-07 18:00:00,2004-09-07,2004,9,18,,TS,31.700000762939453,320.70001220703125,25.0,1009.0,IBTRACS_ERA5,OBS,1,31.700000762939453,320.70001220703125,2004252N32320,UNNAMED,0.0,train,-0.633380707758645,0.7738403446701122,-1.0,-1.8369701987210294e-16,7.879589080810547,16.176589965820312,216.54965209960935,3.873161404044368e-05,42.960845947265625,8.083721160888672,4.491050720214844,237.61659240722656,0.0001825907384045,29.488189697265625,2.968833923339844,-3.390636444091797,265.59576416015625,0.0020145901944488,46.530555725097656,-4.284965515136719,0.9937858581542968,279.60711669921875,0.0070352321490645,81.63810729980469,-7.810832977294922,4.034019470214844,288.389404296875,0.0109842717647552,86.07437896728516,4.635618097381666e-05,3.336765439598821e-05,19.840145111083984,1.3672691583633425,4.460961818695068,5.9853948187083006e-05,4.611169424606487e-05,61.26835632324219,6.202056884765625
NEG_20040907_00801,,,2004-09-07 00:00:00,2004-09-07,2004,9,0,,BG,17.5,,,,IBTRACS_ERA5,OBS,0,17.5,262.5,,,1987.4241631251632,train,-0.9914448613738104,-0.1305261922200516,-1.0,-1.8369701987210294e-16,-2.159107208251953,-2.2089080810546875,220.4742126464844,6.761006079614162e-05,46.70706558227539,-3.416522979736328,-2.063880920410156,242.6877593994141,0.0004239150439389,41.82737350463867,-4.398353576660156,-0.5645866394042969,267.4989013671875,0.0026481577660888,52.83806228637695,-3.2118453979492188,-0.4481086730957031,282.25494384765625,0.008627108298242,83.49650573730469,-0.1698417663574218,0.0032577514648437,293.365966796875,0.0113848447799682,64.99809265136719,-1.5535893908236176e-05,-5.627462996926624e-06,2.975038528442383,-2.6711342334747314,-1.0564453601837158,2.6490024538361467e-05,2.274715552630369e-05,70.41499328613281,2.3213775157928467
NEG_20040907_02058,,,2004-09-07 00:00:00,2004-09-07,2004,9,0,,BG,40.0,,,,IBTRACS_ERA5,OBS,0,40.0,335.0,,,1581.9209180606051,train,-0.4226182617406992,0.90630778703665,-1.0,-1.8369701987210294e-16,5.074901580810547,-14.648849487304688,214.15133666992188,1.9673958377097733e-05,29.435243606567383,3.530986785888672,-11.006263732910156,234.7779693603516,0.0001343333278782,28.889055252075195,-0.8949356079101562,-1.4509391784667969,262.2636108398437,0.000951690308284,28.55998420715332,-2.0925827026367188,-1.2608528137207031,278.9125366210937,0.0018187825335189,22.147933959960938,-1.363811492919922,0.2251815795898437,285.485107421875,0.0058776438236236,55.70198440551758,-1.4450689377554228e-05,-1.3017399396630935e-05,16.20783233642578,0.8509117364883423,-5.628344535827637,7.209797331597656e-06,1.1241318134125322e-05,30.368492126464844,4.278800010681152
NEG_20040907_02134,,,2004-09-07 00:00:00,2004-09-07,2004,9,0,,BG,10.0,,,,IBTRACS_ERA5,OBS,0,10.0,20.0,,,6530.834740177189,train,0.3420201433256687,0.9396926207859084,-1.0,-1.8369701987210294e-16,-6.477832794189453,1.8213653564453125,219.41598510742188,6.561609916388988e-05,51.40353393554688,-8.682880401611328,-0.8246231079101562,242.0162506103516,0.000421583012212,44.34212493896485,-11.437416076660156,-1.4250602722167969,266.50018310546875,0.0028864869382232,62.172340393066406,-13.17119598388672,-5.962024688720703,283.9398803710937,0.0065546697005629,56.62556838989258,2.448688507080078,-2.923744201660156,293.125244140625,0.0150991976261138,87.51241302490234,4.305658421799308e-06,-2.8700856091745663e-06,10.109344482421877,-7.464127540588379,-1.862817406654358,2.8539619961520657e-05,1.8363196431891996e-05,58.13283157348633,4.791557312011719
IBT_2004238N11325_2004090800,2004238N11325,FRANCES,2004-09-08 00:00:00,2004-09-08,2004,9,0,,TS,33.400001525878906,275.29998779296875,25.0,998.0,IBTRACS_ERA5,OBS,1,33.400001525878906,275.29998779296875,2004238N11325,FRANCES,0.0,train,-0.99572471786438,0.0923703753045378,-1.0,-1.8369701987210294e-16,6.502410888671875,4.933284759521484,223.54129028320312,3.027031198143959e-05,14.637649536132812,8.68258285522461,4.2056427001953125,244.4979705810547,0.0003977319574914,33.0993766784668,10.455116271972656,-1.8125686645507808,270.288330078125,0.0028451757971197,45.997554779052734,10.609260559082031,-3.31268310546875,283.1361999511719,0.0083250617608428,75.911376953125,8.55288314819336,-3.2613296508789062,288.5919494628906,0.0126910721883177,98.1539535522461,8.182176679838449e-05,5.103857256472111e-05,8.447256088256836,8.960451126098633,0.1504692137241363,0.0001042531075654,7.367119542323053e-05,66.62872314453125,3.695708751678467
IBT_2004238N11325_2004090806,2004238N11325,FRANCES,2004-09-08 06:00:00,2004-09-08,2004,9,6,,TS,34.29999923706055,275.70001220703125,25.0,1000.0,IBTRACS_ERA5,OBS,1,34.29999923706055,275.70001220703125,2004238N11325,FRANCES,0.0,train,-0.9950555488008442,0.0993199617430988,-1.0,-1.8369701987210294e-16,8.207977294921875,6.769710540771484,223.54568481445312,2.106465217366349e-05,10.180990219116213,4.244106292724609,4.6402130126953125,245.2347869873047,0.0005004344857297,38.889156341552734,1.5483779907226562,-2.521797180175781,269.5406494140625,0.0039302636869251,67.19517517089844,-2.1629562377929688,-4.92742919921875,282.5766296386719,0.0096362149342894,91.25180053710938,-1.9336891174316408,-5.283302307128906,288.3893127441406,0.0126881515607237,99.42681121826172,0.0001042531075654,7.367119542323053e-05,15.752095222473145,1.9807631969451904,-0.2645210325717926,0.0001042531075654,7.367119542323053e-05,65.9104232788086,6.888652801513672
IBT_2004238N11325_2004090812,2004238N11325,FRANCES,2004-09-08 12:00:00,2004-09-08,2004,9,12,,TS,36.09999847412109,276.79998779296875,25.0,1001.0,IBTRACS_ERA5,OBS,1,36.09999847412109,276.79998779296875,2004238N11325,FRANCES,0.0,train,-0.9929655333328216,0.1184037567523301,-1.0,-1.8369701987210294e-16,5.664031982421875,7.534114837646484,223.24295043945312,6.730714812874794e-05,33.67979049682617,2.1288719177246094,9.006179809570312,245.0962371826172,0.0007486245012842,58.928260803222656,2.853309631347656,12.73748016357422,269.3349609375,0.0048002824187278,83.34728240966797,-0.1343917846679687,12.71588134765625,282.1112976074219,0.0100543117150664,98.2631607055664,-2.3030738830566406,12.589988708496094,289.4728088378906,0.0136366402730345,99.64464569091795,9.694638720247896e-05,6.780746480217203e-05,9.435922622680664,1.641749620437622,10.916728973388672,0.0001042531075654,7.367119542323053e-05,75.5976791381836,8.136457443237305
IBT_2004238N11325_2004090818,2004238N11325,FRANCES,2004-09-08 18:00:00,2004-09-08,2004,9,18,,TS,37.79999923706055,277.8999938964844,25.0,1002.0,IBTRACS_ERA5,OBS,1,37.79999923706055,277.8999938964844,2004238N11325,FRANCES,0.0,train,-0.9905094778797818,0.1374444405216954,-1.0,-1.8369701987210294e-16,8.506927490234375,13.712825775146484,221.4046936035156,7.096445187926292e-05,43.94311141967773,2.4312400817871094,12.659378051757812,244.4388885498047,0.0008171195513568,68.3768310546875,-2.119834899902344,11.36077117919922,268.015625,0.0050127059221267,96.15937042236328,-5.693107604980469,9.08978271484375,281.5921325683594,0.0092166727408766,93.3163604736328,-13.19015884399414,5.021385192871094,288.7215881347656,0.0118324076756834,90.74925231933594,6.70646404614672e-05,5.624081677524373e-05,23.37316131591797,-2.012986660003662,10.368828773498535,0.0001042531075654,7.367119542323053e-05,71.0184555053711,8.325295448303223
IBT_2004247N10332_2004090800,2004247N10332,IVAN,2004-09-08 00:00:00,2004-09-08,2004,9,0,,TS,12.0,297.3999938964844,115.0,950.0,IBTRACS_ERA5,OBS,1,12.0,297.3999938964844,2004247N10332,IVAN,0.0,train,-0.8878154341598427,0.4601996902080336,-1.0,-1.8369701987210294e-16,-1.972564697265625,8.206478118896484,220.25613403320312,8.58069397509098e-05,60.8272590637207,-3.865268707275391,6.9488067626953125,242.6923065185547,0.0007358355796895,72.57300567626953,-7.743247985839844,9.003471374511719,267.889892578125,0.0045362561941146,87.85514831542969,-9.538322448730469,11.39166259765625,282.4742126464844,0.0077781891450285,74.16950225830078,-15.00351333618164,11.698875427246094,291.3407287597656,0.0124207958579063,80.55780792236328,2.9697339414269663e-05,3.4787608456099406e-05,13.49082851409912,-7.62458324432373,9.449858665466309,7.306323095690459e-05,5.9527912526391447e-05,60.95877456665039,4.688713550567627
IBT_2004247N10332_2004090806,2004247N10332,IVAN,2004-09-08 06:00:00,2004-09-08,2004,9,6,,TS,12.300000190734863,295.8999938964844,120.0,946.0,IBTRACS_ERA5,OBS,1,12.300000190734863,295.8999938964844,2004247N10332,IVAN,0.0,train,-0.8995578254861163,0.4368016925410087,-1.0,-1.8369701987210294e-16,-5.880401611328125,5.859066009521484,220.9188537597656,8.803606033325195e-05,57.71194076538086,0.4643211364746094,4.7244415283203125,242.9176483154297,0.0006613111472688,63.84498977661133,-7.688926696777344,3.6862106323242183,268.778564453125,0.0038951113820075,70.52555084228516,-10.465934753417969,1.11529541015625,282.8393249511719,0.0085816299542784,79.8343505859375,-11.71860122680664,1.9730453491210935,291.1847229003906,0.01317476388067,86.2978744506836,7.306323095690459e-05,5.9527912526391447e-05,7.013254165649414,-7.057908535003662,3.471611738204956,7.306323095690459e-05,5.9527912526391447e-05,63.42466354370117,1.1055004596710205
IBT_2004247N10332_2004090812,2004247N10332,IVAN,2004-09-08 12:00:00,2004-09-08,2004,9,12,,TS,12.600000381469728,294.5,120.0,955.0,IBTRACS_ERA5,OBS,1,12.600000381469728,294.5,2004247N10332,IVAN,0.0,train,-0.9099612708765432,0.4146932426562389,-1.0,-1.8369701987210294e-16,-5.880401611328125,5.859066009521484,220.9188537597656,8.803606033325195e-05,57.71194076538086,0.4643211364746094,4.7244415283203125,242.9176483154297,0.0006613111472688,63.84498977661133,-7.688926696777344,3.6862106323242183,268.778564453125,0.0038951113820075,70.52555084228516,-10.465934753417969,1.11529541015625,282.8393249511719,0.0085816299542784,79.8343505859375,-11.71860122680664,1.9730453491210935,291.1847229003906,0.01317476388067,86.2978744506836,7.306323095690459e-05,5.9527912526391447e-05,7.013254165649414,-7.057908535003662,3.471611738204956,7.306323095690459e-05,5.9527912526391447e-05,63.42466354370117,1.1055004596710205
IBT_2004247N10332_2004090818,2004247N10332,IVAN,2004-09-08 18:00:00,2004-09-08,2004,9,18,,TS,13.0,293.0,120.0,950.0,IBTRACS_ERA5,OBS,1,13.0,293.0,2004247N10332,IVAN,0.0,train,-0.9205048534524404,0.3907311284892735,-1.0,-1.8369701987210294e-16,-5.077789306640625,5.633724212646484,220.45687866210935,7.758499123156071e-05,53.70793533325195,3.2024803161621094,-1.1309051513671875,241.9580535888672,0.0004880963242612,51.62407302856445,-6.956138610839844,-6.635200500488281,267.9072265625,0.0030346440616995,58.69552612304688,-6.987907409667969,-8.30609130859375,282.5000915527344,0.0076055591925978,72.3963623046875,-7.085544586181641,-7.359596252441406,291.3088684082031,0.0124595975503325,80.97293090820312,4.412795533426106e-05,3.475716948742047e-05,13.147526741027832,-4.580979824066162,-3.5596137046813965,7.306323095690459e-05,5.9527912526391447e-05,64.5850601196289,1.1055004596710205
IBT_2004252N32320_2004090800,2004252N32320,UNNAMED,2004-09-08 00:00:00,2004-09-08,2004,9,0,,TS,32.0,321.29998779296875,25.0,1010.0,IBTRACS_ERA5,OBS,1,32.0,321.29998779296875,2004252N32320,UNNAMED,0.0,train,-0.6252428226086426,0.7804302741285588,-1.0,-1.8369701987210294e-16,12.638397216796877,16.323543548583984,215.23410034179688,4.290556535124779e-05,56.02696228027344,11.25997543334961,10.329421997070312,237.4261932373047,0.0001829690008889,30.11505889892578,8.065467834472656,3.937065124511719,265.4166259765625,0.0008384662214666,19.63677978515625,7.314704895019531,5.78253173828125,281.4418640136719,0.0056069260463118,57.35367202758789,5.978298187255859,7.243431091308594,289.2463684082031,0.0111446594819426,82.63014221191406,5.4721753258490935e-05,4.0458503463014495e-06,11.260788917541504,9.051368713378906,8.723198890686035,5.554610106628388e-05,2.8631748136831447e-05,61.27985000610352,4.752335071563721
IBT_2004252N32320_2004090806,2004252N32320,UNNAMED,2004-09-08 06:00:00,2004-09-08,2004,9,6,,TS,32.29999923706055,321.8999938964844,25.0,1011.0,IBTRACS_ERA5,OBS,1,32.29999923706055,321.8999938964844,2004252N32320,UNNAMED,0.0,train,-0.6170359589701342,0.7869349562306956,-1.0,-1.8369701987210294e-16,12.638397216796877,16.323543548583984,215.23410034179688,4.290556535124779e-05,56.02696228027344,11.25997543334961,10.329421997070312,237.4261932373047,0.0001829690008889,30.11505889892578,8.065467834472656,3.937065124511719,265.4166259765625,0.0008384662214666,19.63677978515625,7.314704895019531,5.78253173828125,281.4418640136719,0.0056069260463118,57.35367202758789,5.978298187255859,7.243431091308594,289.2463684082031,0.0111446594819426,82.63014221191406,5.4721753258490935e-05,4.0458503463014495e-06,11.260788917541504,9.051368713378906,8.723198890686035,5.554610106628388e-05,2.8631748136831447e-05,61.27985000610352,4.752335071563721
IBT_2004252N32320_2004090812,2004252N32320,UNNAMED,2004-09-08 12:00:00,2004-09-08,2004,9,12,,TS,32.79999923706055,322.8999938964844,25.0,1012.0,IBTRACS_ERA5,OBS,1,32.79999923706055,322.8999938964844,2004252N32320,UNNAMED,0.0,train,-0.6032080727090584,0.7975838645676223,-1.0,-1.8369701987210294e-16,12.638397216796877,16.323543548583984,215.23410034179688,4.290556535124779e-05,56.02696228027344,11.25997543334961,10.329421997070312,237.4261932373047,0.0001829690008889,30.11505889892578,8.065467834472656,3.937065124511719,265.4166259765625,0.0008384662214666,19.63677978515625,7.314704895019531,5.78253173828125,281.4418640136719,0.0056069260463118,57.35367202758789,5.978298187255859,7.243431091308594,289.2463684082031,0.0111446594819426,82.63014221191406,5.4721753258490935e-05,4.0458503463014495e-06,11.260788917541504,9.051368713378906,8.723198890686035,5.554610106628388e-05,2.8631748136831447e-05,61.27985000610352,4.752335071563721
IBT_2004252N32320_2004090818,2004252N32320,UNNAMED,2004-09-08 18:00:00,2004-09-08,2004,9,18,,TS,33.79999923706055,324.0,25.0,1012.0,IBTRACS_ERA5,OBS,1,33.79999923706055,324.0,2004252N32320,UNNAMED,0.0,train,-0.5877852522924734,0.8090169943749473,-1.0,-1.8369701987210294e-16,13.323211669921877,15.047542572021484,215.07107543945312,4.3235719203948975e-05,57.62081527709961,11.56881332397461,8.354568481445312,238.0612030029297,0.0003275288909208,50.61080551147461,8.861854553222656,6.565116882324219,264.7696533203125,0.0027755426708608,68.35916900634766,2.1500320434570312,10.52227783203125,278.7123718261719,0.0064467703923583,79.60663604736328,-2.2554664611816406,10.203514099121094,287.5670471191406,0.0109343444928526,90.38497924804688,2.7540083465282805e-05,1.2466643966035916e-05,16.31440544128418,6.729689121246338,10.138604164123535,5.554610106628388e-05,2.8631748136831447e-05,56.06183242797852,4.752335071563721
NEG_20040908_00617,,,2004-09-08 00:00:00,2004-09-08,2004,9,0,,BG,30.0,,,,IBTRACS_ERA5,OBS,0,30.0,17.5,,,5011.808730689672,train,0.3007057995042731,0.9537169507482268,-1.0,-1.8369701987210294e-16,21.834686279296875,9.721126556396484,220.86380004882807,1.2458300261641853e-05,8.220093727111816,15.50899887084961,4.6631622314453125,236.6702117919922,7.568435103166848e-05,13.435861587524414,8.975135803222656,-1.3093948364257812,265.3966064453125,0.0007994549814611,18.75225067138672,4.774543762207031,-5.50262451171875,280.4350280761719,0.0016322352457791,17.88894271850586,1.6715354919433594,-4.781105041503906,287.4029846191406,0.0082741295918822,69.1307373046875,5.09614665133995e-06,-3.724269845406525e-06,24.836814880371094,10.552980422973633,0.5582329034805298,7.686718163313344e-06,4.131161404075101e-05,33.899497985839844,18.27322769165039
NEG_20040908_00679,,,2004-09-08 00:00:00,2004-09-08,2004,9,0,,BG,12.5,,,,IBTRACS_ERA5,OBS,0,12.5,307.5,,,1098.837673305884,train,-0.7933533402912352,0.6087614290087205,-1.0,-1.8369701987210294e-16,-2.699859619140625,-7.323429107666016,219.4544982910156,4.796427674591541e-05,37.402645111083984,-10.64126968383789,-2.1456756591796875,242.59739685058597,5.511143535841256e-05,5.484636306762695,-6.220909118652344,0.1766891479492187,267.84796142578125,0.0002788382116705,5.417600154876709,-9.466911315917969,-1.62384033203125,281.8202819824219,0.0036376037169247,36.261695861816406,-8.05759048461914,-2.4429702758789062,290.6415100097656,0.0100677227601408,68.26451110839844,-2.7514167868503137e-06,7.697421096963808e-06,7.247355461120605,-7.41730785369873,-2.6718451976776123,6.176957413117634e-06,1.5503155736951157e-05,41.44451522827149,2.237697124481201
NEG_20040908_03255,,,2004-09-08 00:00:00,2004-09-08,2004,9,0,,BG,22.5,,,,IBTRACS_ERA5,OBS,0,22.5,340.0,,,2005.2657242418595,train,-0.3420201433256686,0.9396926207859084,-1.0,-1.8369701987210294e-16,11.715301513671877,1.9796714782714844,219.38137817382807,1.3629438399220817e-05,10.721527099609377,5.630092620849609,1.4790802001953125,235.9612274169922,0.000106518578832,20.31015968322754,-3.383262634277344,0.4384078979492187,262.2574462890625,0.001584373647347,47.570011138916016,-6.227165222167969,0.72296142578125,284.4154968261719,0.0041402196511626,34.64723587036133,-7.797946929931641,-9.224220275878906,297.8507385253906,0.0052939569577574,22.930652618408203,-3.173750883433968e-05,-1.7273821868002415e-05,22.500978469848636,-0.0125961303710937,-0.920819878578186,2.540446803322993e-05,1.545674604130909e-05,39.03110504150391,5.541476249694824
NEG_20040908_04434,,,2004-09-08 00:00:00,2004-09-08,2004,9,0,,BG,25.0,,,,IBTRACS_ERA5,OBS,0,25.0,337.5,,,1630.753599500159,train,-0.3826834323650895,0.9238795325112868,-1.0,-1.8369701987210294e-16,7.475311279296875,-17.344058990478516,217.15786743164065,1.775426608219277e-05,18.27586555480957,1.3144187927246094,-9.754318237304688,236.6504364013672,9.631500870455056e-05,17.132308959960938,5.666053771972656,2.2955856323242188,262.300537109375,0.0026191400829702,78.36884307861328,6.362678527832031,-0.25164794921875,283.1608581542969,0.0050350343808531,45.83528518676758,0.1434593200683593,-5.073829650878906,295.5033264160156,0.0063816821202635,31.90757942199707,-2.9936451028333977e-05,-2.611178206279874e-05,14.293865203857422,4.192384243011475,-6.025653839111328,1.496318418503506e-05,2.2554384486284107e-05,40.16352462768555,5.541476249694824
IBT_2004247N10332_2004090900,2004247N10332,IVAN,2004-09-09 00:00:00,2004-09-09,2004,9,0,,TS,13.300000190734863,291.70001220703125,130.0,938.0,IBTRACS_ERA5,OBS,1,13.300000190734863,291.70001220703125,2004247N10332,IVAN,0.0,train,-0.9291324927584208,0.3697469552281982,-1.0,-1.8369701987210294e-16,2.687568664550781,3.123870849609375,220.7021331787109,8.982472354546189e-05,60.40654754638672,-0.5150566101074219,8.786911010742188,242.60812377929688,0.0006458737771026,64.21131134033203,1.2206573486328125,12.867691040039062,267.56317138671875,0.0043669287115335,86.70622253417969,1.1822853088378906,14.37969207763672,282.1710510253906,0.0083632720634341,81.40521240234375,-1.072406768798828,14.38326644897461,291.927001953125,0.0130946720018982,81.83499908447266,5.096208769828081e-05,3.588959953049198e-05,11.870611190795898,0.700609564781189,10.70828628540039,8.88654321897775e-05,7.7880009484943e-05,71.17854309082031,5.825260162353516
IBT_2004247N10332_2004090906,2004247N10332,IVAN,2004-09-09 06:00:00,2004-09-09,2004,9,6,,TS,13.699999809265137,290.5,140.0,925.0,IBTRACS_ERA5,OBS,1,13.699999809265137,290.5,2004247N10332,IVAN,0.0,train,-0.9366721892483976,0.3502073812594672,-1.0,-1.8369701987210294e-16,1.2302932739257812,-0.417877197265625,220.5610809326172,8.981354767456651e-05,61.41253280639648,5.315387725830078,3.0270233154296875,242.83639526367188,0.000713933026418,69.4576416015625,6.6537628173828125,1.0637359619140625,268.2601928710937,0.0043844599276781,82.56096649169922,5.639926910400391,0.4276657104492187,283.0726623535156,0.0085889352485537,78.65370178222656,7.594097137451172,1.4455223083496094,291.2392578125,0.013815083540976,90.17942810058594,8.717461605556309e-05,6.251845479710028e-05,6.631007194519043,5.286693572998047,1.1092140674591064,8.88654321897775e-05,7.7880009484943e-05,73.90608215332031,6.631007194519043
IBT_2004247N10332_2004090912,2004247N10332,IVAN,2004-09-09 12:00:00,2004-09-09,2004,9,12,,TS,14.199999809265137,289.20001220703125,140.0,919.0,IBTRACS_ERA5,OBS,1,14.199999809265137,289.20001220703125,2004247N10332,IVAN,0.0,train,-0.9443763001714712,0.3288668479406876,-1.0,-1.8369701987210294e-16,-10.61077117919922,6.796966552734375,220.7893524169922,9.073229739442468e-05,60.39298629760742,-10.377727508544922,6.890792846679688,243.05319213867188,0.0007373985718004,70.28370666503906,-15.580612182617188,8.175064086914062,268.06622314453125,0.0046635582111775,89.11848449707031,-19.70284652709961,7.182426452636719,282.7220764160156,0.0090239597484469,84.61719512939453,-24.300678253173828,7.036586761474609,292.016845703125,0.0143034840002655,88.88385009765625,8.88654321897775e-05,7.7880009484943e-05,13.692004203796388,-16.114526748657227,7.216367244720459,8.88654321897775e-05,7.7880009484943e-05,66.48267364501953,6.631007194519043
IBT_2004247N10332_2004090918,2004247N10332,IVAN,2004-09-09 18:00:00,2004-09-09,2004,9,18,,TS,14.699999809265137,288.1000061035156,130.0,921.0,IBTRACS_ERA5,OBS,1,14.699999809265137,288.1000061035156,2004247N10332,IVAN,0.0,train,-0.9505156985325232,0.3106765308857903,-1.0,-1.8369701987210294e-16,-10.10271453857422,-0.085113525390625,220.7541961669922,8.947687456384301e-05,59.804534912109375,-3.990032196044922,-2.4619903564453125,242.80209350585935,0.0006230359431356,60.81168365478516,-11.695846557617188,-10.513412475585938,267.76385498046875,0.0034986303653568,68.41199493408203,-13.89034652709961,-11.72223663330078,282.8602600097656,0.0081393374130129,75.61270904541016,-15.281635284423828,-12.29739761352539,291.607421875,0.01259330753237,80.30817413330078,5.045029683969915e-05,4.6419998398050666e-05,13.265032768249512,-10.992115020751951,-7.416029930114746,8.88654321897775e-05,7.7880009484943e-05,66.01106262207031,2.5733163356781006
IBT_2004252N32320_2004090900,2004252N32320,UNNAMED,2004-09-09 00:00:00,2004-09-09,2004,9,0,,TS,35.29999923706055,325.0,30.0,1012.0,IBTRACS_ERA5,OBS,1,35.29999923706055,325.0,2004252N32320,UNNAMED,0.0,train,-0.5735764363510465,0.8191520442889916,-1.0,-1.8369701987210294e-16,9.51569366455078,8.031829833984375,214.5295867919922,3.584293517633341e-05,51.12787628173828,9.007526397705078,3.3986053466796875,236.48629760742188,0.0001583096745889,28.628293991088867,5.5614776611328125,1.4016265869140625,264.24737548828125,0.0008775310125201,22.51372718811035,7.429965972900391,2.0129928588867188,281.8407287597656,0.0044510317966341,44.308685302734375,4.520122528076172,1.0229148864746094,289.326416015625,0.0109725380316376,80.93598937988281,5.737798710470088e-05,5.152317498868797e-06,8.607009887695312,7.2069573402404785,3.1735939979553223,5.737798710470088e-05,1.2693843018496407e-05,56.94623947143555,1.934611439704895
IBT_2004252N32320_2004090906,2004252N32320,UNNAMED,2004-09-09 06:00:00,2004-09-09,2004,9,6,,TS,36.20000076293945,325.70001220703125,30.0,1013.0,IBTRACS_ERA5,OBS,1,36.20000076293945,325.70001220703125,2004252N32320,UNNAMED,0.0,train,-0.5635258729349321,0.8260984145565968,-1.0,-1.8369701987210294e-16,9.51569366455078,8.031829833984375,214.5295867919922,3.584293517633341e-05,51.12787628173828,9.007526397705078,3.3986053466796875,236.48629760742188,0.0001583096745889,28.628293991088867,5.5614776611328125,1.4016265869140625,264.24737548828125,0.0008775310125201,22.51372718811035,7.429965972900391,2.0129928588867188,281.8407287597656,0.0044510317966341,44.308685302734375,4.520122528076172,1.0229148864746094,289.326416015625,0.0109725380316376,80.93598937988281,5.737798710470088e-05,5.152317498868797e-06,8.607009887695312,7.2069573402404785,3.1735939979553223,5.737798710470088e-05,1.2693843018496407e-05,56.94623947143555,1.934611439704895
IBT_2004252N32320_2004090912,2004252N32320,UNNAMED,2004-09-09 12:00:00,2004-09-09,2004,9,12,,DS,36.5,326.3999938964844,30.0,1013.0,IBTRACS_ERA5,OBS,1,36.5,326.3999938964844,2004252N32320,UNNAMED,0.0,train,-0.5533916379714787,0.832921181759261,-1.0,-1.8369701987210294e-16,11.27118682861328,12.666473388671877,214.39317321777344,3.900733645423316e-05,56.60617446899414,11.702594757080078,2.7769012451171875,236.70492553710935,0.0002621409657876,46.37462615966797,6.6751251220703125,1.0475006103515625,264.4244384765625,0.0023937018122524,60.5666389465332,1.4441261291503906,2.1093063354492188,279.0419006347656,0.0065896166488528,79.525146484375,-1.902973175048828,4.149745941162109,287.5767822265625,0.0112972641363739,93.3257064819336,4.737416747957468e-05,1.1575131793506444e-05,15.687355995178224,5.838011741638184,4.549985408782959,5.737798710470088e-05,1.167499340226641e-05,54.5762939453125,1.934611439704895
IBT_2004252N32320_2004090918,2004252N32320,UNNAMED,2004-09-09 18:00:00,2004-09-09,2004,9,18,,DS,36.0,326.6000061035156,30.0,1014.0,IBTRACS_ERA5,OBS,1,36.0,326.6000061035156,2004252N32320,UNNAMED,0.0,train,-0.5504806511516189,0.8348479219041571,-1.0,-1.8369701987210294e-16,9.16779327392578,7.107269287109375,214.8756561279297,4.097172859474085e-05,55.95688247680664,9.358844757080078,4.415695190429688,237.07101440429688,0.0001892072323244,32.266319274902344,7.986526489257812,1.5134429931640625,264.5253295898437,0.0012646780814975,31.74799156188965,8.94119644165039,4.731376647949219,280.7669982910156,0.0050818575546145,54.44012069702149,6.518413543701172,7.589321136474609,288.94189453125,0.0109393978491425,82.71536254882812,3.159972402499989e-05,6.12449184700381e-06,2.692877054214477,8.39455509185791,5.071421146392822,5.737798710470088e-05,1.167499340226641e-05,57.273868560791016,1.934611439704895
NEG_20040909_00003,,,2004-09-09 00:00:00,2004-09-09,2004,9,0,,BG,2.5,,,,IBTRACS_ERA5,OBS,0,2.5,310.0,,,2343.334232312053,train,-0.7660444431189781,0.6427876096865393,-1.0,-1.8369701987210294e-16,-12.91985321044922,2.285247802734375,218.3512420654297,3.269599619670771e-05,29.110008239746094,-11.383098602294922,2.9086151123046875,241.0352478027344,0.0001596172514837,18.444652557373047,-6.012252807617188,-1.3454437255859375,268.2484741210937,0.0008510516490787,16.039854049682617,-8.19186019897461,1.8566207885742188,281.7689514160156,0.0068053258582949,68.07685852050781,-8.192768096923828,1.3849754333496094,290.76025390625,0.0102183008566498,68.76336669921875,-1.4226347957446706e-06,6.397871175067849e-07,4.812049865722656,-9.339966773986816,1.4180030822753906,1.2792498637281824e-05,1.1597124284890016e-05,72.47537231445312,1.0899653434753418
NEG_20040909_02144,,,2004-09-09 00:00:00,2004-09-09,2004,9,0,,BG,25.0,,,,IBTRACS_ERA5,OBS,0,25.0,272.5,,,1990.443986238434,train,-0.9990482215818578,0.0436193873653357,-1.0,-1.8369701987210294e-16,2.427558898925781,-0.398345947265625,220.9224090576172,5.052197593613528e-05,33.10577392578125,2.130817413330078,4.355880737304688,242.6607360839844,0.0005696412990801,56.35035705566406,0.9269561767578124,6.321548461914063,267.2929077148437,0.0036967112682759,74.92886352539062,-0.5890769958496094,3.5830612182617188,282.0397033691406,0.0077112270519137,75.73113250732422,-2.201313018798828,2.6962547302246094,290.78076171875,0.0118075395002961,79.35435485839844,2.9923512556706555e-06,-1.1519205145305024e-05,5.568034648895264,0.538988471031189,3.31167984008789,1.4410044059331996e-05,2.1623643988277763e-05,64.76885986328125,1.008711814880371
NEG_20040909_03788,,,2004-09-09 00:00:00,2004-09-09,2004,9,0,,BG,47.5,,,,IBTRACS_ERA5,OBS,0,47.5,295.0,,,2811.336445321216,train,-0.9063077870366498,0.4226182617406996,-1.0,-1.8369701987210294e-16,52.87751007080078,-0.591217041015625,217.7165985107422,5.6675224186619744e-05,54.495418548583984,40.35469436645508,9.950607299804688,239.0684509277344,0.0005111132632009,71.5103530883789,19.39692687988281,5.330825805664063,261.43768310546875,0.0020575092639774,65.9605941772461,8.16897964477539,2.6428756713867188,274.5563049316406,0.002454187022522,40.67960357666016,1.469097137451172,1.4882469177246094,281.7578125,0.0031837606802582,38.7441635131836,-9.511733878753148e-06,-1.00478355307132e-05,51.4504508972168,24.453441619873047,3.764267683029175,-1.5955711205606349e-06,-8.333017831319012e-06,36.92314529418945,13.458165168762209
NEG_20040909_03814,,,2004-09-09 00:00:00,2004-09-09,2004,9,0,,BG,50.0,,,,IBTRACS_ERA5,OBS,0,50.0,340.0,,,1855.637815717106,train,-0.3420201433256686,0.9396926207859084,-1.0,-1.8369701987210294e-16,1.5928421020507812,13.846282958984377,215.3462371826172,2.4507808120688424e-05,31.557844161987305,0.6154365539550781,13.985031127929688,232.27877807617188,0.0002358180645387,65.69159698486328,-0.1626434326171875,9.230728149414062,259.54107666015625,0.0011977271642535,44.76383209228516,2.25613784790039,5.108940124511719,273.4686584472656,0.0033701614011079,60.433250427246094,0.4117240905761719,-0.3496437072753906,283.128662109375,0.0060793543234467,67.42618560791016,1.219723799295025e-05,-1.800366590032354e-06,14.244976997375488,0.9426994323730468,8.364267349243164,3.0059192795306444e-05,5.960715498076752e-05,56.191062927246094,2.405025005340576
IBT_2004247N10332_2004091000,2004247N10332,IVAN,2004-09-10 00:00:00,2004-09-10,2004,9,0,,TS,15.199999809265137,287.20001220703125,130.0,923.0,IBTRACS_ERA5,OBS,1,15.199999809265137,287.20001220703125,2004247N10332,IVAN,0.0,train,-0.955278299120868,0.295708253568853,-1.0,-1.8369701987210294e-16,4.122638702392578,4.938667297363281,222.1052398681641,0.0001086880001821,62.02349853515625,5.56182861328125,13.24212646484375,243.41342163085935,0.0007578691001981,69.8202133178711,6.6548614501953125,14.423938751220703,268.8782653808594,0.0044121900573372,79.28905487060547,2.689189910888672,15.785079956054688,283.6403503417969,0.0094233686104416,83.06044006347656,0.6858787536621094,15.667762756347656,291.9205322265625,0.0141703803092241,88.59380340576172,8.94539407454431e-05,5.487114685820416e-05,11.266091346740724,3.942879438400269,12.811513900756836,8.94539407454431e-05,8.069018804235384e-05,69.5770034790039,7.345056056976318
IBT_2004247N10332_2004091006,2004247N10332,IVAN,2004-09-10 06:00:00,2004-09-10,2004,9,6,,TS,15.699999809265137,286.20001220703125,125.0,930.0,IBTRACS_ERA5,OBS,1,15.699999809265137,286.20001220703125,2004247N10332,IVAN,0.0,train,-0.9602936262370606,0.2789913106325653,-1.0,-1.8369701987210294e-16,0.5205879211425781,-6.838676452636719,220.5411529541016,8.868319127941504e-05,60.78246688842773,8.11309814453125,0.98040771484375,243.30343627929688,0.0007292551454156,67.8843002319336,11.377273559570312,-3.255260467529297,268.7879333496094,0.003483266569674,63.02402114868164,9.000469207763672,-7.592117309570312,282.5702819824219,0.0080020958557724,75.80978393554688,7.621181488037109,-11.229209899902344,291.3865966796875,0.0124891120940446,80.76565551757812,8.87055357452482e-05,7.962487870827317e-05,8.348365783691406,7.326521873474121,-5.586971282958984,8.94539407454431e-05,8.069018804235384e-05,69.3396987915039,7.345056056976318
IBT_2004247N10332_2004091012,2004247N10332,IVAN,2004-09-10 12:00:00,2004-09-10,2004,9,12,,TS,16.200000762939453,285.29998779296875,125.0,934.0,IBTRACS_ERA5,OBS,1,16.200000762939453,285.29998779296875,2004247N10332,IVAN,0.0,train,-0.9645574746766914,0.2638728444636239,-1.0,-1.8369701987210294e-16,0.5205879211425781,-6.838676452636719,220.5411529541016,8.868319127941504e-05,60.78246688842773,8.11309814453125,0.98040771484375,243.30343627929688,0.0007292551454156,67.8843002319336,11.377273559570312,-3.255260467529297,268.7879333496094,0.003483266569674,63.02402114868164,9.000469207763672,-7.592117309570312,282.5702819824219,0.0080020958557724,75.80978393554688,7.621181488037109,-11.229209899902344,291.3865966796875,0.0124891120940446,80.76565551757812,8.87055357452482e-05,7.962487870827317e-05,8.348365783691406,7.326521873474121,-5.586971282958984,8.94539407454431e-05,8.069018804235384e-05,69.3396987915039,7.345056056976318
IBT_2004247N10332_2004091018,2004247N10332,IVAN,2004-09-10 18:00:00,2004-09-10,2004,9,18,,TS,16.799999237060547,284.20001220703125,120.0,940.0,IBTRACS_ERA5,OBS,1,16.799999237060547,284.20001220703125,2004247N10332,IVAN,0.0,train,-0.9694452976316702,0.2453075924219274,-1.0,-1.8369701987210294e-16,-16.054607391357422,5.387641906738281,221.31690979003903,9.965882782125846e-05,62.34897613525391,-13.29608154296875,3.79754638671875,244.55795288085935,0.0008822788950055,73.01395416259766,-18.594894409179688,2.388782501220703,268.9563903808594,0.0045968303456902,82.12185668945312,-21.926532745361328,0.5582733154296875,282.5028991699219,0.0086250239983201,82.08491516113281,-21.70669937133789,-1.825157165527344,291.2401123046875,0.0124143082648515,81.03133392333984,7.490537973353639e-05,8.069018804235384e-05,9.163548469543455,-18.31576156616211,2.0614173412323,8.94539407454431e-05,8.069018804235384e-05,62.95726013183594,7.345056056976318
IBT_2004252N32320_2004091000,2004252N32320,UNNAMED,2004-09-10 00:00:00,2004-09-10,2004,9,0,,DS,35.70000076293945,327.70001220703125,30.0,1014.0,IBTRACS_ERA5,OBS,1,35.70000076293945,327.70001220703125,2004252N32320,UNNAMED,0.0,train,-0.5343521693043399,0.845261947067148,-1.0,-1.8369701987210294e-16,5.186603546142578,-7.739311218261719,215.0993804931641,3.610723797464743e-05,47.950443267822266,5.39874267578125,-5.80181884765625,236.78341674804688,0.0001693104713922,29.71723175048828,4.2764434814453125,-3.706188201904297,264.6178894042969,0.0006771245971322,16.875755310058594,4.907695770263672,-3.3284454345703125,281.7348327636719,0.0028210810851305,28.28624725341797,4.812831878662109,-4.970420837402344,288.5904541015625,0.0101591069251298,78.57908630371094,3.985496368841268e-05,5.833704562974162e-06,2.794004201889038,4.916463375091553,-5.109236717224121,4.283415182726458e-05,9.871739166555926e-06,44.55620956420898,0.3165667355060577
IBT_2004252N32320_2004091006,2004252N32320,UNNAMED,2004-09-10 06:00:00,2004-09-10,2004,9,6,,DS,35.5,329.0,25.0,1015.0,IBTRACS_ERA5,OBS,1,35.5,329.0,2004252N32320,UNNAMED,0.0,train,-0.5150380749100545,0.8571673007021121,-1.0,-1.8369701987210294e-16,8.476642608642578,-3.894340515136719,215.17274475097656,3.048670623684302e-05,40.11660003662109,8.13165283203125,-3.90435791015625,236.70968627929688,0.0001601946860319,28.32605743408203,5.8572540283203125,-2.788951873779297,263.9510192871094,0.0005427012220025,14.250959396362305,6.950664520263672,0.6437225341796875,281.5390319824219,0.004062526859343,41.28124237060547,6.088954925537109,1.5686416625976562,288.8519287109375,0.0106304008513689,80.84697723388672,4.283415182726458e-05,8.250260179920588e-06,5.961981773376465,7.101033687591553,-1.6750571727752686,4.283415182726458e-05,9.659833267505746e-06,49.65727233886719,1.5104790925979614
IBT_2004252N32320_2004091012,2004252N32320,UNNAMED,2004-09-10 12:00:00,2004-09-10,2004,9,12,,DS,35.29999923706055,330.5,20.0,1016.0,IBTRACS_ERA5,OBS,1,35.29999923706055,330.5,2004252N32320,UNNAMED,0.0,train,-0.4924235601034673,0.8703556959398996,-1.0,-1.8369701987210294e-16,8.476642608642578,-3.894340515136719,215.17274475097656,3.048670623684302e-05,40.11660003662109,8.13165283203125,-3.90435791015625,236.70968627929688,0.0001601946860319,28.32605743408203,5.8572540283203125,-2.788951873779297,263.9510192871094,0.0005427012220025,14.250959396362305,6.950664520263672,0.6437225341796875,281.5390319824219,0.004062526859343,41.28124237060547,6.088954925537109,1.5686416625976562,288.8519287109375,0.0106304008513689,80.84697723388672,4.283415182726458e-05,8.250260179920588e-06,5.961981773376465,7.101033687591553,-1.6750571727752686,4.283415182726458e-05,9.659833267505746e-06,49.65727233886719,1.5104790925979614
NEG_20040910_02133,,,2004-09-10 00:00:00,2004-09-10,2004,9,0,,BG,25.0,,,,IBTRACS_ERA5,OBS,0,25.0,310.0,,,2068.159731400062,train,-0.7660444431189781,0.6427876096865393,-1.0,-1.8369701987210294e-16,11.117267608642578,5.740425109863281,216.28456115722656,4.958254430675879e-05,56.82475280761719,7.65704345703125,6.18353271484375,238.20870971679688,0.0003860068973153,58.78206634521485,0.7532501220703125,9.303821563720703,263.9617614746094,0.0023196944966912,60.8621940612793,-2.468769073486328,9.000656127929688,281.0141296386719,0.0055335098877549,58.282676696777344,-6.120517730712891,4.347938537597656,290.1253662109375,0.0112705547362566,78.98076629638672,-6.079053036955884e-06,-2.129779659298947e-06,17.29393768310547,2.187654972076416,6.915274620056152,1.417906787537504e-05,3.606180689530447e-05,53.56084442138672,1.7931197881698608
IBT_2004247N10332_2004091100,2004247N10332,IVAN,2004-09-11 00:00:00,2004-09-11,2004,9,0,,TS,17.299999237060547,283.5,135.0,926.0,IBTRACS_ERA5,OBS,1,17.299999237060547,283.5,2004247N10332,IVAN,0.0,train,-0.9723699203976766,0.2334453638559056,-1.0,-1.8369701987210294e-16,-1.5767250061035156,2.1507301330566406,223.6485137939453,0.0001336529239779,63.84185791015625,-0.2534255981445312,5.1834716796875,247.04058837890625,0.0011839147191494,77.93647003173828,-1.5552635192871094,7.64080810546875,269.8333435058594,0.0057915961369872,96.86976623535156,-4.226970672607422,7.577468872070312,283.392578125,0.00973517075181,87.24983215332031,-3.6256027221679688,4.509437561035156,291.2508544921875,0.0139860743656754,91.22843933105467,0.000132156535983,0.0001264221500605,3.124324083328247,-2.2475974559783936,5.412383079528809,0.000132156535983,0.0001264221500605,63.57198333740234,3.124324083328247
IBT_2004247N10332_2004091106,2004247N10332,IVAN,2004-09-11 06:00:00,2004-09-11,2004,9,6,,TS,17.399999618530273,282.3999938964844,130.0,923.0,IBTRACS_ERA5,OBS,1,17.399999618530273,282.3999938964844,2004247N10332,IVAN,0.0,train,-0.9766723012091532,0.2147352231256372,-1.0,-1.8369701987210294e-16,-1.5767250061035156,2.1507301330566406,223.6485137939453,0.0001336529239779,63.84185791015625,-0.2534255981445312,5.1834716796875,247.04058837890625,0.0011839147191494,77.93647003173828,-1.5552635192871094,7.64080810546875,269.8333435058594,0.0057915961369872,96.86976623535156,-4.226970672607422,7.577468872070312,283.392578125,0.00973517075181,87.24983215332031,-3.6256027221679688,4.509437561035156,291.2508544921875,0.0139860743656754,91.22843933105467,0.000132156535983,0.0001264221500605,3.124324083328247,-2.2475974559783936,5.412383079528809,0.000132156535983,0.0001264221500605,63.57198333740234,3.124324083328247
IBT_2004247N10332_2004091112,2004247N10332,IVAN,2004-09-11 12:00:00,2004-09-11,2004,9,12,,TS,17.700000762939453,281.6000061035156,125.0,925.0,IBTRACS_ERA5,OBS,1,17.700000762939453,281.6000061035156,2004247N10332,IVAN,0.0,train,-0.9795752281792228,0.2010780254966308,-1.0,-1.8369701987210294e-16,-1.5767250061035156,2.1507301330566406,223.6485137939453,0.0001336529239779,63.84185791015625,-0.2534255981445312,5.1834716796875,247.04058837890625,0.0011839147191494,77.93647003173828,-1.5552635192871094,7.64080810546875,269.8333435058594,0.0057915961369872,96.86976623535156,-4.226970672607422,7.577468872070312,283.392578125,0.00973517075181,87.24983215332031,-3.6256027221679688,4.509437561035156,291.2508544921875,0.0139860743656754,91.22843933105467,0.000132156535983,0.0001264221500605,3.124324083328247,-2.2475974559783936,5.412383079528809,0.000132156535983,0.0001264221500605,63.57198333740234,3.124324083328247
IBT_2004247N10332_2004091118,2004247N10332,IVAN,2004-09-11 18:00:00,2004-09-11,2004,9,18,,TS,18.0,281.0,145.0,920.0,IBTRACS_ERA5,OBS,1,18.0,281.0,2004247N10332,IVAN,0.0,train,-0.981627183447664,0.1908089953765451,-1.0,-1.8369701987210294e-16,-7.815372467041016,-13.09865951538086,222.0442047119141,0.0001089877769118,62.63729476928711,-4.698005676269531,-16.599853515625,244.73114013671875,0.0007858245517127,63.99102783203125,2.23477554321289,-18.44659423828125,268.4198303222656,0.0040755486115813,75.82141876220703,-0.8492851257324219,-17.499801635742188,282.4884033203125,0.0084915794432163,80.89429473876953,-0.6769943237304688,-17.296958923339844,291.5753173828125,0.0129391187801957,82.68130493164062,7.276392716448754e-05,6.228467100299895e-05,8.281435012817383,-2.360976457595825,-16.588375091552734,0.000132156535983,0.0001264221500605,61.69211959838867,3.124324083328247
NEG_20040911_00576,,,2004-09-11 00:00:00,2004-09-11,2004,9,0,,BG,25.0,,,,IBTRACS_ERA5,OBS,0,25.0,345.0,,,6384.145401868484,train,-0.2588190451025207,0.9659258262890684,-1.0,-1.8369701987210294e-16,18.582820892333984,6.429172515869141,217.87208557128903,2.73452460533008e-05,25.801212310791016,5.222648620605469,6.458740234375,237.79473876953125,0.000388201966416,61.59337615966797,3.70108413696289,5.87591552734375,264.7657775878906,0.0035428020637482,87.282470703125,-7.688884735107422,5.7597198486328125,283.0584716796875,0.0054263807833194,49.73999786376953,0.2365798950195312,-5.086265563964844,295.7557373046875,0.0067885750904679,33.41863250732422,-3.203601227141917e-05,-1.4349634511745537e-05,21.660791397094727,4.010849952697754,3.88745641708374,2.315832352906e-05,1.2282546776987148e-05,50.03372573852539,3.608378171920776
IBT_2004247N10332_2004091200,2004247N10332,IVAN,2004-09-12 00:00:00,2004-09-12,2004,9,0,,TS,18.200000762939453,280.3999938964844,145.0,910.0,IBTRACS_ERA5,OBS,1,18.200000762939453,280.3999938964844,2004247N10332,IVAN,0.0,train,-0.9835714900434428,0.1805190404741881,-1.0,-1.8369701987210294e-16,14.458641052246094,3.021007537841797,223.25531005859372,0.0001324465265497,66.18086242675781,13.72126007080078,7.938823699951172,245.77767944335935,0.0010665231384336,78.8245849609375,17.132858276367188,9.971691131591797,269.4658203125,0.0052905036136507,90.96044921875,20.089622497558597,12.236087799072266,283.3932189941406,0.0093335881829261,83.64710998535156,17.541950225830078,13.049476623535156,291.6937255859375,0.0136035215109586,86.27789306640625,0.0001336341083515,0.0001157207807409,10.491758346557615,16.5888671875,9.243417739868164,0.0001336341083515,0.0001157207807409,64.83795166015625,5.082166194915772
IBT_2004247N10332_2004091206,2004247N10332,IVAN,2004-09-12 06:00:00,2004-09-12,2004,9,6,,TS,18.399999618530277,279.6000061035156,135.0,915.0,IBTRACS_ERA5,OBS,1,18.399999618530277,279.6000061035156,2004247N10332,IVAN,0.0,train,-0.985996019305218,0.1667688517507526,-1.0,-1.8369701987210294e-16,14.458641052246094,3.021007537841797,223.25531005859372,0.0001324465265497,66.18086242675781,13.72126007080078,7.938823699951172,245.77767944335935,0.0010665231384336,78.8245849609375,17.132858276367188,9.971691131591797,269.4658203125,0.0052905036136507,90.96044921875,20.089622497558597,12.236087799072266,283.3932189941406,0.0093335881829261,83.64710998535156,17.541950225830078,13.049476623535156,291.6937255859375,0.0136035215109586,86.27789306640625,0.0001336341083515,0.0001157207807409,10.491758346557615,16.5888671875,9.243417739868164,0.0001336341083515,0.0001157207807409,64.83795166015625,5.082166194915772
IBT_2004247N10332_2004091212,2004247N10332,IVAN,2004-09-12 12:00:00,2004-09-12,2004,9,12,,TS,18.799999237060547,278.79998779296875,135.0,919.0,IBTRACS_ERA5,OBS,1,18.799999237060547,278.79998779296875,2004247N10332,IVAN,0.0,train,-0.9882284140406046,0.1529856257391246,-1.0,-1.8369701987210294e-16,-13.712501525878906,10.933605194091797,222.77825927734372,0.0001156706202891,61.06023788452149,-16.95305633544922,14.095561981201172,244.92819213867188,0.0009457044652663,75.61195373535156,-24.80000305175781,14.515636444091797,269.2657470703125,0.0053823245689272,93.94081115722656,-26.826393127441406,15.745365142822266,282.6529846191406,0.008223719894886,77.4745864868164,-30.52567672729492,12.888099670410156,291.6160888671875,0.0128183495253324,81.69844818115234,0.0001251862413482,0.0001118849322665,16.9263973236084,-22.563526153564453,13.635653495788574,0.0001336341083515,0.0001157207807409,63.156341552734375,5.082166194915772
IBT_2004247N10332_2004091218,2004247N10332,IVAN,2004-09-12 18:00:00,2004-09-12,2004,9,18,,TS,19.100000381469727,277.8999938964844,130.0,920.0,IBTRACS_ERA5,OBS,1,19.100000381469727,277.8999938964844,2004247N10332,IVAN,0.0,train,-0.9905094778797818,0.1374444405216954,-1.0,-1.8369701987210294e-16,-16.556739807128906,-7.634265899658203,222.81365966796875,9.146926458925007e-05,48.08807373046875,-17.97454071044922,-14.683490753173828,244.91305541992188,0.0006157778552733,49.30262756347656,-20.81074523925781,-14.103260040283203,269.315673828125,0.004909167997539,85.36151123046875,-24.105690002441406,-13.537105560302734,282.9408264160156,0.0085515156388282,79.0107421875,-24.89139938354492,-14.965171813964844,291.5655517578125,0.0130530726164579,83.4610366821289,9.582433267496526e-05,8.869975863490254e-05,11.099943161010742,-20.867822647094727,-12.984659194946287,0.0001336341083515,0.0001157207807409,61.73826599121094,4.157313823699951
NEG_20040912_02685,,,2004-09-12 00:00:00,2004-09-12,2004,9,0,,BG,0.0,,,,IBTRACS_ERA5,OBS,0,0.0,0.0,,,8909.565967171575,train,0.0,1.0,-1.0,-1.8369701987210294e-16,-8.126075744628906,2.876476287841797,218.22845458984372,3.54585972672794e-05,32.04184341430664,-9.27581024169922,1.520854949951172,241.74337768554688,0.0001341723254881,14.485161781311035,-9.604690551757812,-1.3828010559082031,266.2393798828125,0.002686764113605,59.044342041015625,-7.103248596191406,-1.3327598571777344,281.9591369628906,0.007501907646656,74.08006286621094,-2.251750946044922,-1.0132675170898438,290.2322998046875,0.0115811955183744,80.6046142578125,-7.64730793889612e-06,-5.577287083724514e-06,7.045409679412842,-7.27231502532959,0.1337005645036697,7.42446536605712e-06,6.211122126842383e-06,68.46961975097656,0.9895286560058594
NEG_20040912_03220,,,2004-09-12 00:00:00,2004-09-12,2004,9,0,,BG,47.5,,,,IBTRACS_ERA5,OBS,0,47.5,17.5,,,9042.144441256143,train,0.3007057995042731,0.9537169507482268,-1.0,-1.8369701987210294e-16,13.424095153808594,0.2545280456542969,211.85858154296875,2.6863188395509496e-05,53.89879989624024,12.26044464111328,2.085430145263672,232.75003051757807,0.0001973122707568,52.32203674316406,10.789108276367188,3.423961639404297,259.69775390625,0.0013831284595653,51.03721237182617,4.848655700683594,2.8173866271972656,276.2870178222656,0.0039804796688258,58.2981071472168,3.408649444580078,2.353309631347656,285.5902099609375,0.0060901171527802,57.31578826904297,7.530993116233731e-06,-1.8166017980547625e-05,10.232987403869627,8.94619083404541,2.1869232654571533,1.280415654036915e-05,3.06982019537827e-06,52.18070983886719,2.2854933738708496
IBT_2004247N10332_2004091300,2004247N10332,IVAN,2004-09-13 00:00:00,2004-09-13,2004,9,0,,TS,19.5,277.20001220703125,140.0,916.0,IBTRACS_ERA5,OBS,1,19.5,277.20001220703125,2004247N10332,IVAN,0.0,train,-0.992114674611848,0.125333444937203,-1.0,-1.8369701987210294e-16,2.1139793395996094,15.459510803222656,225.5236358642578,0.0001664452720433,64.29480743408203,4.069705963134766,18.50341415405273,247.16549682617188,0.0011383139062672,74.08694458007812,1.4411659240722656,26.72327041625977,270.0989685058594,0.0051753930747509,84.8608169555664,-3.7758712768554688,28.80670928955078,284.5463256835937,0.0100422892719507,83.30783081054688,-7.727294921875,29.787113189697266,292.3684997558594,0.0151466354727745,92.05973052978516,0.0001515630283392,0.000139409879921,17.381912231445312,-0.7756630182266235,23.856002807617188,0.0001528066059108,0.000139409879921,64.19750213623047,5.612248420715332
IBT_2004247N10332_2004091306,2004247N10332,IVAN,2004-09-13 06:00:00,2004-09-13,2004,9,6,,TS,19.899999618530277,276.5,140.0,920.0,IBTRACS_ERA5,OBS,1,19.899999618530277,276.5,2004247N10332,IVAN,0.0,train,-0.9935718556765876,0.1132032137679065,-1.0,-1.8369701987210294e-16,2.1139793395996094,15.459510803222656,225.5236358642578,0.0001664452720433,64.29480743408203,4.069705963134766,18.50341415405273,247.16549682617188,0.0011383139062672,74.08694458007812,1.4411659240722656,26.72327041625977,270.0989685058594,0.0051753930747509,84.8608169555664,-3.7758712768554688,28.80670928955078,284.5463256835937,0.0100422892719507,83.30783081054688,-7.727294921875,29.787113189697266,292.3684997558594,0.0151466354727745,92.05973052978516,0.0001515630283392,0.000139409879921,17.381912231445312,-0.7756630182266235,23.856002807617188,0.0001528066059108,0.000139409879921,64.19750213623047,5.612248420715332
IBT_2004247N10332_2004091312,2004247N10332,IVAN,2004-09-13 12:00:00,2004-09-13,2004,9,12,,TS,20.399999618530277,275.8999938964844,140.0,915.0,IBTRACS_ERA5,OBS,1,20.399999618530277,275.8999938964844,2004247N10332,IVAN,0.0,train,-0.994702828067292,0.1027924308250922,-1.0,-1.8369701987210294e-16,3.97970199584961,-18.444297790527344,223.9973907470703,0.0001266470644623,58.13386917114258,11.893436431884766,-23.222660064697266,246.0645446777344,0.0007854059222154,56.53478240966797,12.383060455322266,-23.844600677490234,270.2991638183594,0.0055542699992656,89.72256469726562,8.414314270019531,-22.22478485107422,284.6664428710937,0.0101625714451074,83.63312530517578,5.156494140625,-27.04809188842773,291.9100036621094,0.0152754411101341,95.56623840332033,0.0001528066059108,0.0001261997967958,8.683899879455566,8.365401268005371,-22.95688819885254,0.0001528066059108,0.000139409879921,67.1460189819336,5.612248420715332
IBT_2004247N10332_2004091318,2004247N10332,IVAN,2004-09-13 18:00:00,2004-09-13,2004,9,18,,TS,20.899999618530277,275.29998779296875,140.0,912.0,IBTRACS_ERA5,OBS,1,20.899999618530277,275.29998779296875,2004247N10332,IVAN,0.0,train,-0.99572471786438,0.0923703753045378,-1.0,-1.8369701987210294e-16,3.97970199584961,-18.444297790527344,223.9973907470703,0.0001266470644623,58.13386917114258,11.893436431884766,-23.222660064697266,246.0645446777344,0.0007854059222154,56.53478240966797,12.383060455322266,-23.844600677490234,270.2991638183594,0.0055542699992656,89.72256469726562,8.414314270019531,-22.22478485107422,284.6664428710937,0.0101625714451074,83.63312530517578,5.156494140625,-27.04809188842773,291.9100036621094,0.0152754411101341,95.56623840332033,0.0001528066059108,0.0001261997967958,8.683899879455566,8.365401268005371,-22.95688819885254,0.0001528066059108,0.000139409879921,67.1460189819336,5.612248420715332
IBT_2004258N16300_2004091318,2004258N16300,JEANNE,2004-09-13 18:00:00,2004-09-13,2004,9,18,,TS,15.899999618530272,300.0,25.0,1010.0,IBTRACS_ERA5,OBS,1,15.899999618530272,300.0,2004258N16300,JEANNE,0.0,train,-0.8660254037844386,0.5000000000000001,-1.0,-1.8369701987210294e-16,-7.870883941650391,-5.655235290527344,219.0532989501953,6.529525853693485e-05,53.42214584350586,-6.563594818115234,-0.6147499084472656,241.54379272460935,0.0006414309609681,70.58516693115234,-4.308834075927734,-3.3323936462402344,267.7813415527344,0.0039705745875835,77.537109375,-0.6066818237304688,-2.9904098510742188,282.0097045898437,0.007499614264816,73.8032455444336,1.739013671875,-0.4963340759277344,290.4251403808594,0.0113337859511375,77.91698455810547,2.525981471990235e-05,1.9520297428243797e-05,10.907079696655272,-3.5221962928771973,-2.61782455444336,3.6777215427719057e-05,2.539500201237388e-05,63.61690902709961,4.415008544921875
NEG_20040913_01074,,,2004-09-13 00:00:00,2004-09-13,2004,9,0,,BG,42.5,,,,IBTRACS_ERA5,OBS,0,42.5,337.5,,,4627.347877739609,train,-0.3826834323650895,0.9238795325112868,-1.0,-1.8369701987210294e-16,28.94381332397461,-15.015220642089844,214.0387115478516,2.817739368765615e-05,42.76249313354492,24.983646392822266,-11.504520416259766,233.46383666992188,0.0001381348993163,34.00978469848633,18.04944229125977,-7.445430755615234,262.1836242675781,0.0002203024341724,6.65350341796875,15.481330871582031,-6.024833679199219,277.40655517578125,0.0029734906274825,40.23486328125,12.7200927734375,-4.366695404052734,282.5448913574219,0.0055448939092457,63.96945571899414,-2.7705143565981416e-06,-2.804693576763384e-05,19.40618896484375,20.035663604736328,-8.871339797973633,1.474954842706211e-07,3.4939432225655764e-05,29.22542953491211,7.859733581542969
IBT_2004247N10332_2004091400,2004247N10332,IVAN,2004-09-14 00:00:00,2004-09-14,2004,9,0,,TS,21.600000381469727,274.8999938964844,140.0,914.0,IBTRACS_ERA5,OBS,1,21.600000381469727,274.8999938964844,2004247N10332,IVAN,0.0,train,-0.9963453052900618,0.0854168170002457,-1.0,-1.8369701987210294e-16,3.173770904541016,13.596931457519531,226.76492309570312,0.0001811378606362,60.92958068847656,2.1072731018066406,21.208511352539062,248.5384826660156,0.0012708429712802,73.05204010009766,-1.1181907653808594,29.74895477294922,270.8253173828125,0.0058344369754195,90.62928771972656,-6.126823425292969,30.99054718017578,284.1237487792969,0.0097828460857272,83.4795150756836,-11.523197174072266,30.52466583251953,292.3036499023437,0.015207502990961,92.80794525146484,0.0001752307289279,0.0001499011414125,22.41760635375977,-2.6974334716796875,25.21392250061035,0.0001752307289279,0.0001499011414125,68.84540557861328,2.625296115875244
IBT_2004247N10332_2004091406,2004247N10332,IVAN,2004-09-14 06:00:00,2004-09-14,2004,9,6,,TS,22.399999618530277,274.3999938964844,140.0,924.0,IBTRACS_ERA5,OBS,1,22.399999618530277,274.3999938964844,2004247N10332,IVAN,0.0,train,-0.9970527603995196,0.0767189219143347,-1.0,-1.8369701987210294e-16,3.173770904541016,13.596931457519531,226.76492309570312,0.0001811378606362,60.92958068847656,2.1072731018066406,21.208511352539062,248.5384826660156,0.0012708429712802,73.05204010009766,-1.1181907653808594,29.74895477294922,270.8253173828125,0.0058344369754195,90.62928771972656,-6.126823425292969,30.99054718017578,284.1237487792969,0.0097828460857272,83.4795150756836,-11.523197174072266,30.52466583251953,292.3036499023437,0.015207502990961,92.80794525146484,0.0001752307289279,0.0001499011414125,22.41760635375977,-2.6974334716796875,25.21392250061035,0.0001752307289279,0.0001499011414125,68.84540557861328,2.625296115875244
IBT_2004247N10332_2004091412,2004247N10332,IVAN,2004-09-14 12:00:00,2004-09-14,2004,9,12,,TS,23.0,274.0,125.0,930.0,IBTRACS_ERA5,OBS,1,23.0,274.0,2004247N10332,IVAN,0.0,train,-0.9975640502598244,0.0697564737441252,-1.0,-1.8369701987210294e-16,3.173770904541016,13.596931457519531,226.76492309570312,0.0001811378606362,60.92958068847656,2.1072731018066406,21.208511352539062,248.5384826660156,0.0012708429712802,73.05204010009766,-1.1181907653808594,29.74895477294922,270.8253173828125,0.0058344369754195,90.62928771972656,-6.126823425292969,30.99054718017578,284.1237487792969,0.0097828460857272,83.4795150756836,-11.523197174072266,30.52466583251953,292.3036499023437,0.015207502990961,92.80794525146484,0.0001752307289279,0.0001499011414125,22.41760635375977,-2.6974334716796875,25.21392250061035,0.0001752307289279,0.0001499011414125,68.84540557861328,2.625296115875244
IBT_2004247N10332_2004091418,2004247N10332,IVAN,2004-09-14 18:00:00,2004-09-14,2004,9,18,,TS,23.700000762939453,273.5,120.0,931.0,IBTRACS_ERA5,OBS,1,23.700000762939453,273.5,2004247N10332,IVAN,0.0,train,-0.998134798421867,0.0610485395348564,-1.0,-1.8369701987210294e-16,3.944644927978516,-10.208732604980469,223.58078002929688,0.0001041249342961,50.12407684326172,6.611301422119141,-13.864364624023438,246.15115356445312,0.0008454371127299,60.3734130859375,7.631320953369141,-21.81855010986328,270.09246826171875,0.0045216670259833,74.17768096923828,3.9531326293945312,-20.54961395263672,283.6105651855469,0.0085037751123309,75.1049575805664,-2.8551063537597656,-24.10021209716797,292.7304077148437,0.0135117210447788,80.27508544921875,0.0001466648827772,0.000127084334963,15.46640968322754,3.857058763504028,-18.108295440673828,0.0001752307289279,0.0001499011414125,68.59821319580078,2.625296115875244
IBT_2004258N16300_2004091400,2004258N16300,JEANNE,2004-09-14 00:00:00,2004-09-14,2004,9,0,,TS,16.0,299.29998779296875,25.0,1010.0,IBTRACS_ERA5,OBS,1,16.0,299.29998779296875,2004258N16300,JEANNE,0.0,train,-0.8720693766964451,0.4893822659519586,-1.0,-1.8369701987210294e-16,-1.9636802673339844,-5.940666198730469,218.60464477539065,5.94745361013338e-05,51.3568115234375,0.4053688049316406,2.4157867431640625,242.0404357910156,0.0006442565354518,67.60668182373047,-0.4736595153808594,8.378349304199219,267.4132080078125,0.0038221841678023,76.76350402832031,0.0616531372070312,5.705146789550781,281.7839050292969,0.0075821825303137,75.77092742919922,-0.5844764709472656,5.854499816894531,290.2294311523437,0.0111090876162052,77.33293914794922,1.1991487554041669e-05,2.4092896637739614e-05,11.875527381896973,-0.5109588503837585,3.282623291015625,4.119711957173422e-05,4.016710227006115e-05,65.4800033569336,4.80397891998291
IBT_2004258N16300_2004091406,2004258N16300,JEANNE,2004-09-14 06:00:00,2004-09-14,2004,9,6,,TS,16.299999237060547,298.5,30.0,1009.0,IBTRACS_ERA5,OBS,1,16.299999237060547,298.5,2004258N16300,JEANNE,0.0,train,-0.8788171126619654,0.4771587602596083,-1.0,-1.8369701987210294e-16,-0.6956138610839844,5.594612121582031,218.87191772460935,7.325764454435557e-05,61.25624847412109,-2.93838119506836,0.3165435791015625,242.32101440429688,0.0005946282180957,60.752235412597656,-8.66884994506836,-2.440864562988281,267.4998779296875,0.0042901849374175,85.59465789794922,-9.909416198730469,0.5668411254882812,282.2808532714844,0.0081899119541049,79.12593078613281,-9.067630767822266,2.8747634887695312,290.90008544921875,0.0124486424028873,83.0300521850586,4.119711957173422e-05,3.0234388759708963e-05,8.802741050720215,-6.255978584289551,1.382379174232483,4.119711957173422e-05,4.016710227006115e-05,63.83015060424805,4.80397891998291
IBT_2004258N16300_2004091412,2004258N16300,JEANNE,2004-09-14 12:00:00,2004-09-14,2004,9,12,,TS,16.399999618530273,297.3999938964844,35.0,1006.0,IBTRACS_ERA5,OBS,1,16.399999618530273,297.3999938964844,2004258N16300,JEANNE,0.0,train,-0.8878154341598427,0.4601996902080336,-1.0,-1.8369701987210294e-16,-0.6956138610839844,5.594612121582031,218.87191772460935,7.325764454435557e-05,61.25624847412109,-2.93838119506836,0.3165435791015625,242.32101440429688,0.0005946282180957,60.752235412597656,-8.66884994506836,-2.440864562988281,267.4998779296875,0.0042901849374175,85.59465789794922,-9.909416198730469,0.5668411254882812,282.2808532714844,0.0081899119541049,79.12593078613281,-9.067630767822266,2.8747634887695312,290.90008544921875,0.0124486424028873,83.0300521850586,4.119711957173422e-05,3.0234388759708963e-05,8.802741050720215,-6.255978584289551,1.382379174232483,4.119711957173422e-05,4.016710227006115e-05,63.83015060424805,4.80397891998291
IBT_2004258N16300_2004091418,2004258N16300,JEANNE,2004-09-14 18:00:00,2004-09-14,2004,9,18,,TS,16.700000762939453,296.5,50.0,996.0,IBTRACS_ERA5,OBS,1,16.700000762939453,296.5,2004258N16300,JEANNE,0.0,train,-0.8949343616020249,0.4461978131098091,-1.0,-1.8369701987210294e-16,-0.6956138610839844,5.594612121582031,218.87191772460935,7.325764454435557e-05,61.25624847412109,-2.93838119506836,0.3165435791015625,242.32101440429688,0.0005946282180957,60.752235412597656,-8.66884994506836,-2.440864562988281,267.4998779296875,0.0042901849374175,85.59465789794922,-9.909416198730469,0.5668411254882812,282.2808532714844,0.0081899119541049,79.12593078613281,-9.067630767822266,2.8747634887695312,290.90008544921875,0.0124486424028873,83.0300521850586,4.119711957173422e-05,3.0234388759708963e-05,8.802741050720215,-6.255978584289551,1.382379174232483,4.119711957173422e-05,4.016710227006115e-05,63.83015060424805,4.80397891998291
NEG_20040914_00010,,,2004-09-14 00:00:00,2004-09-14,2004,9,0,,BG,15.0,,,,IBTRACS_ERA5,OBS,0,15.0,282.5,,,1086.877902055421,train,-0.9762960071199336,0.2164396139381024,-1.0,-1.8369701987210294e-16,-10.126522064208984,-13.940666198730469,221.11441040039065,6.386944733094424e-05,40.91841506958008,-8.61977767944336,5.094253540039063,241.87014770507807,0.0002185117191402,23.30608558654785,-7.212184906005859,5.177421569824219,268.1552734375,0.0016822284087538,31.9300594329834,-6.092887878417969,5.516914367675781,283.8778991699219,0.0066673113033175,57.83844375610352,-6.192630767822266,2.8195877075195312,292.2611694335937,0.0117756463587284,72.05667877197266,-5.701670488633681e-06,-1.4978135368437506e-05,17.215736389160156,-7.648800849914551,0.933502197265625,2.2326985344989225e-05,1.3727085388381964e-05,61.05218124389648,11.699410438537598
NEG_20040914_01530,,,2004-09-14 00:00:00,2004-09-14,2004,9,0,,BG,50.0,,,,IBTRACS_ERA5,OBS,0,50.0,345.0,,,5560.540027990047,train,-0.2588190451025207,0.9659258262890684,-1.0,-1.8369701987210294e-16,26.318546295166016,-33.62523651123047,218.99722290039065,1.908493686642032e-05,15.719996452331545,21.32675552368164,-28.769760131835938,227.93521118164065,0.0001106608469854,49.08771896362305,16.26022720336914,-15.81647491455078,254.81234741210935,0.0005956655368208,32.99941635131836,13.151496887207031,-12.92961883544922,268.7492370605469,0.0014902304392307,37.895286560058594,11.060054779052734,-11.401847839355469,276.4882202148437,0.0040269833989441,70.65467071533203,-1.0452688457007753e-06,1.0204097634414213e-05,26.95738410949707,17.623416900634766,-20.50858688354492,4.219140100758523e-05,3.463009852566756e-05,35.47993087768555,5.022099494934082
IBT_2004247N10332_2004091500,2004247N10332,IVAN,2004-09-15 00:00:00,2004-09-15,2004,9,0,,TS,24.700000762939453,273.0,120.0,928.0,IBTRACS_ERA5,OBS,1,24.700000762939453,273.0,2004247N10332,IVAN,0.0,train,-0.9986295347545738,0.0523359562429439,-1.0,-1.8369701987210294e-16,6.525825500488281,-3.90887451171875,226.056396484375,0.0001784260530257,64.93535614013672,11.69632339477539,0.3053359985351562,247.81024169921875,0.0011573522351682,71.04474639892578,14.609737396240234,1.8391876220703125,270.7714538574219,0.0055722319521009,86.90332794189453,14.879646301269531,5.3521728515625,285.364501953125,0.0109041035175323,85.66646575927734,13.393634796142578,4.240444183349609,293.2719421386719,0.0153202805668115,87.98209381103516,0.000153759974637,0.0001376781146973,10.657307624816896,12.221033096313477,1.5656532049179075,0.000153759974637,0.0001437096070731,68.09712982177734,2.30195689201355
IBT_2004247N10332_2004091506,2004247N10332,IVAN,2004-09-15 06:00:00,2004-09-15,2004,9,6,,TS,25.600000381469727,272.6000061035156,120.0,935.0,IBTRACS_ERA5,OBS,1,25.600000381469727,272.6000061035156,2004247N10332,IVAN,0.0,train,-0.9989705649583512,0.0453630945460353,-1.0,-1.8369701987210294e-16,6.525825500488281,-3.90887451171875,226.056396484375,0.0001784260530257,64.93535614013672,11.69632339477539,0.3053359985351562,247.81024169921875,0.0011573522351682,71.04474639892578,14.609737396240234,1.8391876220703125,270.7714538574219,0.0055722319521009,86.90332794189453,14.879646301269531,5.3521728515625,285.364501953125,0.0109041035175323,85.66646575927734,13.393634796142578,4.240444183349609,293.2719421386719,0.0153202805668115,87.98209381103516,0.000153759974637,0.0001376781146973,10.657307624816896,12.221033096313477,1.5656532049179075,0.000153759974637,0.0001437096070731,68.09712982177734,2.30195689201355
IBT_2004247N10332_2004091512,2004247N10332,IVAN,2004-09-15 12:00:00,2004-09-15,2004,9,12,,TS,26.700000762939453,272.1000061035156,115.0,939.0,IBTRACS_ERA5,OBS,1,26.700000762939453,272.1000061035156,2004247N10332,IVAN,0.0,train,-0.9993283898751266,0.0366438151614561,-1.0,-1.8369701987210294e-16,-11.45183563232422,12.97857666015625,226.0216064453125,0.0001774211559677,64.82077026367188,-11.66512680053711,10.305580139160156,248.07122802734372,0.0012510190717875,75.00420379638672,-13.946292877197266,11.083206176757812,270.5772399902344,0.0057687480002641,91.27671813964844,-17.69786834716797,15.9326171875,284.599609375,0.0102432072162628,84.67314147949219,-22.37211227416992,13.96358871459961,292.4301452636719,0.0144930575042963,87.7462158203125,0.0001438518811482,0.0001437096070731,10.964611053466797,-15.426648139953612,12.852712631225586,0.000153759974637,0.0001437096070731,68.64830780029297,6.255064010620117
IBT_2004247N10332_2004091518,2004247N10332,IVAN,2004-09-15 18:00:00,2004-09-15,2004,9,18,,TS,27.899999618530277,271.79998779296875,115.0,937.0,IBTRACS_ERA5,OBS,1,27.899999618530277,271.79998779296875,2004247N10332,IVAN,0.0,train,-0.9995065670578618,0.0314105461303686,-1.0,-1.8369701987210294e-16,-11.45183563232422,12.97857666015625,226.0216064453125,0.0001774211559677,64.82077026367188,-11.66512680053711,10.305580139160156,248.07122802734372,0.0012510190717875,75.00420379638672,-13.946292877197266,11.083206176757812,270.5772399902344,0.0057687480002641,91.27671813964844,-17.69786834716797,15.9326171875,284.599609375,0.0102432072162628,84.67314147949219,-22.37211227416992,13.96358871459961,292.4301452636719,0.0144930575042963,87.7462158203125,0.0001438518811482,0.0001437096070731,10.964611053466797,-15.426648139953612,12.852712631225586,0.000153759974637,0.0001437096070731,68.64830780029297,6.255064010620117
IBT_2004258N16300_2004091500,2004258N16300,JEANNE,2004-09-15 00:00:00,2004-09-15,2004,9,0,,TS,17.100000381469727,296.0,55.0,996.0,IBTRACS_ERA5,OBS,1,17.100000381469727,296.0,2004258N16300,JEANNE,0.0,train,-0.898794046299167,0.4383711467890774,-1.0,-1.8369701987210294e-16,-1.5532760620117188,5.66778564453125,220.6351318359375,9.02568135643378e-05,61.17862701416016,3.718784332275391,1.5477676391601562,242.74395751953125,0.0007179616950452,70.46417236328125,-0.1890907287597656,-1.6605682373046875,267.8450622558594,0.0043654162436723,84.83519744873047,-3.0317306518554688,5.2174072265625,281.685546875,0.0088961422443389,89.49932098388672,-3.925701141357422,8.25973129272461,289.9535827636719,0.01319638825953,93.49885559082033,5.088116449769586e-05,6.148824468255043e-05,3.513770580291748,-0.996202826499939,3.806424617767334,5.088116449769586e-05,6.148824468255043e-05,68.62117767333984,2.4815824031829834
IBT_2004258N16300_2004091506,2004258N16300,JEANNE,2004-09-15 06:00:00,2004-09-15,2004,9,6,,TS,17.200000762939453,295.20001220703125,55.0,994.0,IBTRACS_ERA5,OBS,1,17.200000762939453,295.20001220703125,2004258N16300,JEANNE,0.0,train,-0.9048269617524916,0.425779484341079,-1.0,-1.8369701987210294e-16,-1.5532760620117188,5.66778564453125,220.6351318359375,9.02568135643378e-05,61.17862701416016,3.718784332275391,1.5477676391601562,242.74395751953125,0.0007179616950452,70.46417236328125,-0.1890907287597656,-1.6605682373046875,267.8450622558594,0.0043654162436723,84.83519744873047,-3.0317306518554688,5.2174072265625,281.685546875,0.0088961422443389,89.49932098388672,-3.925701141357422,8.25973129272461,289.9535827636719,0.01319638825953,93.49885559082033,5.088116449769586e-05,6.148824468255043e-05,3.513770580291748,-0.996202826499939,3.806424617767334,5.088116449769586e-05,6.148824468255043e-05,68.62117767333984,2.4815824031829834
IBT_2004258N16300_2004091512,2004258N16300,JEANNE,2004-09-15 12:00:00,2004-09-15,2004,9,12,,TS,17.600000381469727,294.6000061035156,60.0,991.0,IBTRACS_ERA5,OBS,1,17.600000381469727,294.6000061035156,2004258N16300,JEANNE,0.0,train,-0.9092360647021512,0.4162808891180877,-1.0,-1.8369701987210294e-16,-1.5532760620117188,5.66778564453125,220.6351318359375,9.02568135643378e-05,61.17862701416016,3.718784332275391,1.5477676391601562,242.74395751953125,0.0007179616950452,70.46417236328125,-0.1890907287597656,-1.6605682373046875,267.8450622558594,0.0043654162436723,84.83519744873047,-3.0317306518554688,5.2174072265625,281.685546875,0.0088961422443389,89.49932098388672,-3.925701141357422,8.25973129272461,289.9535827636719,0.01319638825953,93.49885559082033,5.088116449769586e-05,6.148824468255043e-05,3.513770580291748,-0.996202826499939,3.806424617767334,5.088116449769586e-05,6.148824468255043e-05,68.62117767333984,2.4815824031829834
IBT_2004258N16300_2004091518,2004258N16300,JEANNE,2004-09-15 18:00:00,2004-09-15,2004,9,18,,TS,18.100000381469727,293.79998779296875,60.0,991.0,IBTRACS_ERA5,OBS,1,18.100000381469727,293.79998779296875,2004258N16300,JEANNE,0.0,train,-0.9149597538262948,0.4035451014175816,-1.0,-1.8369701987210294e-16,-1.5532760620117188,5.66778564453125,220.6351318359375,9.02568135643378e-05,61.17862701416016,3.718784332275391,1.5477676391601562,242.74395751953125,0.0007179616950452,70.46417236328125,-0.1890907287597656,-1.6605682373046875,267.8450622558594,0.0043654162436723,84.83519744873047,-3.0317306518554688,5.2174072265625,281.685546875,0.0088961422443389,89.49932098388672,-3.925701141357422,8.25973129272461,289.9535827636719,0.01319638825953,93.49885559082033,5.088116449769586e-05,6.148824468255043e-05,3.513770580291748,-0.996202826499939,3.806424617767334,5.088116449769586e-05,6.148824468255043e-05,68.62117767333984,2.4815824031829834
NEG_20040915_01373,,,2004-09-15 00:00:00,2004-09-15,2004,9,0,,BG,35.0,,,,IBTRACS_ERA5,OBS,0,35.0,342.5,,,4999.373156269506,train,-0.300705799504273,0.9537169507482268,-1.0,-1.8369701987210294e-16,-9.32842254638672,-19.34124755859375,213.5426025390625,2.7103829779662192e-05,43.80602264404297,-7.776332855224609,-16.182212829589844,235.85614013671875,0.0001386865333188,26.72634696960449,-2.8001747131347656,-11.259201049804688,265.2237243652344,0.0008555373642593,20.339040756225582,-4.112785339355469,-7.2030029296875,279.36376953125,0.0014093517092987,16.63247299194336,-3.180828094482422,-6.134799957275391,283.8285827636719,0.0045395884662866,48.036808013916016,-6.294856575550512e-06,-1.352779145236127e-05,14.567194938659668,-5.439708709716797,-12.024092674255373,2.6534977223491296e-05,3.2803556678118184e-05,17.912508010864258,4.167526721954346
NEG_20040915_01892,,,2004-09-15 00:00:00,2004-09-15,2004,9,0,,BG,50.0,,,,IBTRACS_ERA5,OBS,0,50.0,305.0,,,3685.018627732313,train,-0.8191520442889918,0.573576436351046,-1.0,-1.8369701987210294e-16,23.53144073486328,-31.71893310546875,214.9949951171875,3.245194966439158e-05,43.663063049316406,28.48807144165039,-24.109947204589844,235.11688232421875,0.0002517304674256,52.29439163208008,23.276241302490234,-21.319015502929688,261.6578063964844,0.0019860288593918,62.55541610717773,20.28638458251953,-10.8077392578125,273.399169921875,0.0039639174938201,71.44010925292969,14.191974639892578,-4.656772613525391,278.9228210449219,0.0047963052056729,70.93356323242188,-2.8834233489760663e-06,-2.8588667191797867e-05,28.628416061401367,21.954822540283203,-18.52248191833496,2.9632190489792265e-05,4.628153692465276e-05,53.591121673583984,3.354501247406006
NEG_20040915_03769,,,2004-09-15 00:00:00,2004-09-15,2004,9,0,,BG,40.0,,,,IBTRACS_ERA5,OBS,0,40.0,352.5,,,5962.392456941965,train,-0.1305261922200516,0.9914448613738104,-1.0,-1.8369701987210294e-16,-4.876029968261719,-30.89300537109375,213.80615234375,3.1264047720469534e-05,48.86587905883789,-1.5026512145996094,-27.089439392089844,231.66021728515625,0.000148599530803,44.1767463684082,2.9639854431152344,-11.762863159179688,261.3742370605469,0.0006826838944107,21.997529983520508,-0.9814376831054688,-6.2388916015625,276.49609375,0.0004634558572433,6.687804222106934,-4.601970672607422,-5.191928863525391,284.6742858886719,0.0049336347728967,49.34026336669922,9.586115083948243e-06,1.0362747161707375e-05,25.702537536621094,-1.7996208667755127,-16.235225677490234,2.2435575374402102e-05,3.98159863834735e-05,23.3295955657959,8.294135093688965
IBT_2004247N10332_2004091600,2004247N10332,IVAN,2004-09-16 00:00:00,2004-09-16,2004,9,0,,TS,28.899999618530277,271.79998779296875,110.0,931.0,IBTRACS_ERA5,OBS,1,28.899999618530277,271.79998779296875,2004247N10332,IVAN,0.0,train,-0.9995065670578618,0.0314105461303686,-1.0,-1.8369701987210294e-16,2.0706748962402344,6.5363616943359375,226.68804931640625,0.0001863562793005,63.22113800048828,6.4654693603515625,7.382015228271484,248.5400238037109,0.0009397358517162,54.0114860534668,9.475399017333984,17.28317642211914,271.32830810546875,0.0050629340112209,75.76738739013672,2.6339073181152344,16.52721405029297,284.7052307128906,0.0103133395314216,84.65477752685547,-0.1278610229492187,15.886360168457031,291.8409423828125,0.0146435890346765,92.01385498046876,0.0001750801166053,0.0001524213876109,9.605000495910645,4.103518009185791,12.72302532196045,0.0001750801166053,0.0001524213876109,66.09719848632812,5.312073230743408
IBT_2004247N10332_2004091606,2004247N10332,IVAN,2004-09-16 06:00:00,2004-09-16,2004,9,6,,TS,30.0,272.1000061035156,105.0,943.0,IBTRACS_ERA5,OBS,1,30.0,272.1000061035156,2004247N10332,IVAN,0.0,train,-0.9993283898751266,0.0366438151614561,-1.0,-1.8369701987210294e-16,2.0706748962402344,6.5363616943359375,226.68804931640625,0.0001863562793005,63.22113800048828,6.4654693603515625,7.382015228271484,248.5400238037109,0.0009397358517162,54.0114860534668,9.475399017333984,17.28317642211914,271.32830810546875,0.0050629340112209,75.76738739013672,2.6339073181152344,16.52721405029297,284.7052307128906,0.0103133395314216,84.65477752685547,-0.1278610229492187,15.886360168457031,291.8409423828125,0.0146435890346765,92.01385498046876,0.0001750801166053,0.0001524213876109,9.605000495910645,4.103518009185791,12.72302532196045,0.0001750801166053,0.0001524213876109,66.09719848632812,5.312073230743408
IBT_2004247N10332_2004091606,2004247N10332,IVAN,2004-09-16 06:50:00,2004-09-16,2004,9,6,,TS,30.200000762939453,272.1000061035156,105.0,946.0,IBTRACS_ERA5,OBS,1,30.200000762939453,272.1000061035156,2004247N10332,IVAN,0.0,train,-0.9993283898751266,0.0366438151614561,-1.0,-1.8369701987210294e-16,2.0706748962402344,6.5363616943359375,226.68804931640625,0.0001863562793005,63.22113800048828,6.4654693603515625,7.382015228271484,248.5400238037109,0.0009397358517162,54.0114860534668,9.475399017333984,17.28317642211914,271.32830810546875,0.0050629340112209,75.76738739013672,2.6339073181152344,16.52721405029297,284.7052307128906,0.0103133395314216,84.65477752685547,-0.1278610229492187,15.886360168457031,291.8409423828125,0.0146435890346765,92.01385498046876,0.0001750801166053,0.0001524213876109,9.605000495910645,4.103518009185791,12.72302532196045,0.0001750801166053,0.0001524213876109,66.09719848632812,5.312073230743408
IBT_2004247N10332_2004091612,2004247N10332,IVAN,2004-09-16 12:00:00,2004-09-16,2004,9,12,,TS,31.399999618530277,272.29998779296875,70.0,965.0,IBTRACS_ERA5,OBS,1,31.399999618530277,272.29998779296875,2004247N10332,IVAN,0.0,train,-0.9991944036646176,0.0401315796513079,-1.0,-1.8369701987210294e-16,1.7408409118652344,11.921371459960938,225.27423095703125,0.0001392318226862,55.31049346923828,-4.5766448974609375,6.721126556396484,247.1577606201172,0.0011857037898153,77.2256851196289,-11.486881256103516,9.76523208618164,269.1961669921875,0.0052952207624912,92.905517578125,-14.617923736572266,11.072013854980469,282.9453430175781,0.0094576552510261,87.35628509521484,-22.08977508544922,4.769172668457031,290.60888671875,0.01318577863276,89.59269714355469,9.38959783525206e-05,0.000108545711555,24.880760192871094,-10.206076622009276,8.849782943725586,0.0001750801166053,0.0001524213876109,69.07498931884766,7.0382609367370605
IBT_2004247N10332_2004091618,2004247N10332,IVAN,2004-09-16 18:00:00,2004-09-16,2004,9,18,,TS,32.5,272.6000061035156,50.0,975.0,IBTRACS_ERA5,OBS,1,32.5,272.6000061035156,2004247N10332,IVAN,0.0,train,-0.9989705649583512,0.0453630945460353,-1.0,-1.8369701987210294e-16,1.7408409118652344,11.921371459960938,225.27423095703125,0.0001392318226862,55.31049346923828,-4.5766448974609375,6.721126556396484,247.1577606201172,0.0011857037898153,77.2256851196289,-11.486881256103516,9.76523208618164,269.1961669921875,0.0052952207624912,92.905517578125,-14.617923736572266,11.072013854980469,282.9453430175781,0.0094576552510261,87.35628509521484,-22.08977508544922,4.769172668457031,290.60888671875,0.01318577863276,89.59269714355469,9.38959783525206e-05,0.000108545711555,24.880760192871094,-10.206076622009276,8.849782943725586,0.0001750801166053,0.0001524213876109,69.07498931884766,7.0382609367370605
IBT_2004258N16300_2004091600,2004258N16300,JEANNE,2004-09-16 00:00:00,2004-09-16,2004,9,0,,TS,18.5,292.8999938964844,60.0,993.0,IBTRACS_ERA5,OBS,1,18.5,292.8999938964844,2004258N16300,JEANNE,0.0,train,-0.9211854470177068,0.3891238520095986,-1.0,-1.8369701987210294e-16,1.5397911071777344,2.127914428710937,220.08160400390625,8.394665201194584e-05,60.75260925292969,5.9388580322265625,4.742366790771484,242.7523651123047,0.0005731318960897,56.2050666809082,6.519222259521484,5.175510406494141,267.4041748046875,0.0034404061734676,69.14366149902344,5.889278411865234,4.660881042480469,281.9671936035156,0.0080116912722587,79.07076263427734,3.773384094238281,7.287117004394531,290.32373046875,0.0130695793777704,90.43383026123048,6.500377639895305e-05,6.302792462520301e-05,5.621948719024658,4.732106685638428,4.798758029937744,6.500377639895305e-05,6.302792462520301e-05,67.43937683105469,0.9000164866447449
IBT_2004258N16300_2004091606,2004258N16300,JEANNE,2004-09-16 06:00:00,2004-09-16,2004,9,6,,TS,18.600000381469727,292.20001220703125,60.0,992.0,IBTRACS_ERA5,OBS,1,18.600000381469727,292.20001220703125,2004258N16300,JEANNE,0.0,train,-0.9258705043099033,0.3778409840778596,-1.0,-1.8369701987210294e-16,1.5397911071777344,2.127914428710937,220.08160400390625,8.394665201194584e-05,60.75260925292969,5.9388580322265625,4.742366790771484,242.7523651123047,0.0005731318960897,56.2050666809082,6.519222259521484,5.175510406494141,267.4041748046875,0.0034404061734676,69.14366149902344,5.889278411865234,4.660881042480469,281.9671936035156,0.0080116912722587,79.07076263427734,3.773384094238281,7.287117004394531,290.32373046875,0.0130695793777704,90.43383026123048,6.500377639895305e-05,6.302792462520301e-05,5.621948719024658,4.732106685638428,4.798758029937744,6.500377639895305e-05,6.302792462520301e-05,67.43937683105469,0.9000164866447449
IBT_2004258N16300_2004091612,2004258N16300,JEANNE,2004-09-16 12:00:00,2004-09-16,2004,9,12,,TS,18.600000381469727,291.5,70.0,984.0,IBTRACS_ERA5,OBS,1,18.600000381469727,291.5,2004258N16300,JEANNE,0.0,train,-0.9304175679820248,0.3665012267242968,-1.0,-1.8369701987210294e-16,1.5397911071777344,2.127914428710937,220.08160400390625,8.394665201194584e-05,60.75260925292969,5.9388580322265625,4.742366790771484,242.7523651123047,0.0005731318960897,56.2050666809082,6.519222259521484,5.175510406494141,267.4041748046875,0.0034404061734676,69.14366149902344,5.889278411865234,4.660881042480469,281.9671936035156,0.0080116912722587,79.07076263427734,3.773384094238281,7.287117004394531,290.32373046875,0.0130695793777704,90.43383026123048,6.500377639895305e-05,6.302792462520301e-05,5.621948719024658,4.732106685638428,4.798758029937744,6.500377639895305e-05,6.302792462520301e-05,67.43937683105469,0.9000164866447449
IBT_2004258N16300_2004091618,2004258N16300,JEANNE,2004-09-16 18:00:00,2004-09-16,2004,9,18,,TS,18.799999237060547,291.0,65.0,988.0,IBTRACS_ERA5,OBS,1,18.799999237060547,291.0,2004258N16300,JEANNE,0.0,train,-0.9335804264972016,0.3583679495453004,-1.0,-1.8369701987210294e-16,-5.766727447509766,4.6755218505859375,220.05291748046875,7.467487012036145e-05,54.22686767578125,-5.2176361083984375,-4.735172271728516,241.80882263183597,0.0004796662251465,51.46124649047852,-10.641544342041016,-9.57009506225586,267.62469482421875,0.0027361179236322,54.07197952270508,-12.063602447509766,-8.554817199707031,281.6783752441406,0.0072478130459785,72.9520263671875,-13.68059539794922,-4.022819519042969,290.0389404296875,0.0124708209186792,87.87649536132812,3.9658880268689245e-05,2.734199915721547e-05,11.759696006774902,-9.474020957946776,-4.441476345062256,6.500377639895305e-05,6.302792462520301e-05,64.98487091064453,0.9000164866447449
IBT_2004260N11331_2004091606,2004260N11331,KARL,2004-09-16 06:00:00,2004-09-16,2004,9,6,,TS,11.199999809265137,330.79998779296875,30.0,1008.0,IBTRACS_ERA5,OBS,1,11.199999809265137,330.79998779296875,2004260N11331,KARL,0.0,train,-0.4878598451172902,0.8729219733298811,-1.0,-1.8369701987210294e-16,-7.668582916259766,-3.0764312744140625,218.71405029296875,5.429380325949751e-05,46.26942443847656,-8.789413452148438,-0.1936683654785156,242.6537933349609,0.0004271768848411,42.2852668762207,-1.3007240295410156,1.9455299377441408,267.72283935546875,0.0047211609780788,92.60602569580078,-1.2008094787597656,2.9149093627929688,280.8185119628906,0.0076860263943672,82.04716491699219,2.664131164550781,1.7081375122070312,289.7513427734375,0.0114332232624292,82.06331634521484,3.724415728356689e-05,4.83322874060832e-05,11.386706352233888,-3.259079694747925,0.6596954464912415,3.724415728356689e-05,4.83322874060832e-05,70.55264282226562,4.5982747077941895
IBT_2004260N11331_2004091612,2004260N11331,KARL,2004-09-16 12:00:00,2004-09-16,2004,9,12,,TS,11.199999809265137,329.29998779296875,30.0,1007.0,IBTRACS_ERA5,OBS,1,11.199999809265137,329.29998779296875,2004260N11331,KARL,0.0,train,-0.5105431011056031,0.8598521628242113,-1.0,-1.8369701987210294e-16,-7.668582916259766,-3.0764312744140625,218.71405029296875,5.429380325949751e-05,46.26942443847656,-8.789413452148438,-0.1936683654785156,242.6537933349609,0.0004271768848411,42.2852668762207,-1.3007240295410156,1.9455299377441408,267.72283935546875,0.0047211609780788,92.60602569580078,-1.2008094787597656,2.9149093627929688,280.8185119628906,0.0076860263943672,82.04716491699219,2.664131164550781,1.7081375122070312,289.7513427734375,0.0114332232624292,82.06331634521484,3.724415728356689e-05,4.83322874060832e-05,11.386706352233888,-3.259079694747925,0.6596954464912415,3.724415728356689e-05,4.83322874060832e-05,70.55264282226562,4.5982747077941895
IBT_2004260N11331_2004091618,2004260N11331,KARL,2004-09-16 18:00:00,2004-09-16,2004,9,18,,TS,11.199999809265137,327.8999938964844,35.0,1005.0,IBTRACS_ERA5,OBS,1,11.199999809265137,327.8999938964844,2004260N11331,KARL,0.0,train,-0.5313986697589655,0.8471218647741315,-1.0,-1.8369701987210294e-16,-8.838504791259766,-2.9348297119140625,218.37579345703125,6.612625293200836e-05,58.69934844970703,-9.208602905273438,-0.6882972717285156,242.32456970214844,0.0006755047361366,68.99189758300781,-4.555362701416016,-3.8686790466308594,267.59100341796875,0.0040345154702663,79.93630981445312,-3.6937294006347656,-3.2537918090820312,281.0882873535156,0.0073030963540077,76.53157043457031,1.2068557739257812,-4.012321472167969,289.9552001953125,0.012380102649331,87.70621490478516,3.662640301627107e-05,3.7162146327318624e-05,10.102982521057127,-5.017868995666504,-2.9515838623046875,3.724415728356689e-05,4.83322874060832e-05,69.9529037475586,4.5982747077941895
IBT_2004247N10332_2004091700,2004247N10332,IVAN,2004-09-17 00:00:00,2004-09-17,2004,9,0,,TS,33.79999923706055,273.5,30.0,986.0,IBTRACS_ERA5,OBS,1,33.79999923706055,273.5,2004247N10332,IVAN,0.0,train,-0.998134798421867,0.0610485395348564,-1.0,-1.8369701987210294e-16,7.139430999755859,5.552059173583984,223.9410858154297,5.221436731517315e-05,24.12186050415039,5.566867828369141,-1.9014091491699217,242.50213623046875,0.0006227170233614,62.53547286987305,3.66766357421875,-17.122631072998047,267.92291259765625,0.0022236811928451,42.958763122558594,-0.6876373291015625,-16.882015228271484,281.7966003417969,0.0061767236329615,61.67243957519531,-7.207733154296875,-19.88785171508789,289.01715087890625,0.0106458682566881,80.1061782836914,6.098629819462076e-05,6.0620790463872254e-05,29.20668029785156,1.6957184076309204,-10.048369407653809,0.0001263425656361,0.0001133773330366,55.57219314575195,3.8903281688690186
IBT_2004247N10332_2004091706,2004247N10332,IVAN,2004-09-17 06:00:00,2004-09-17,2004,9,6,,TS,34.70000076293945,274.29998779296875,25.0,991.0,IBTRACS_ERA5,OBS,1,34.70000076293945,274.29998779296875,2004247N10332,IVAN,0.0,train,-0.9971851494995272,0.0749785143731545,-1.0,-1.8369701987210294e-16,9.55984115600586,11.977840423583984,224.5094451904297,5.831359885632992e-05,25.254247665405277,6.040256500244141,9.415973663330078,245.10540771484372,0.0009785195579752,76.95905303955078,5.30609130859375,4.353931427001953,268.43902587890625,0.0039594429545104,73.55441284179688,0.6180267333984375,0.8320960998535156,281.9687194824219,0.0090217720717191,89.03044128417969,-3.539764404296875,1.9060935974121092,288.38775634765625,0.0127286333590745,99.75411224365234,0.0001263425656361,0.0001133773330366,16.523914337158203,3.5968902111053467,5.6971869468688965,0.0001263425656361,0.0001133773330366,63.499942779541016,3.8903281688690186
IBT_2004247N10332_2004091712,2004247N10332,IVAN,2004-09-17 12:00:00,2004-09-17,2004,9,12,,TS,35.400001525878906,276.0,20.0,994.0,IBTRACS_ERA5,OBS,1,35.400001525878906,276.0,2004247N10332,IVAN,0.0,train,-0.9945218953682734,0.1045284632676529,-1.0,-1.8369701987210294e-16,9.55984115600586,11.977840423583984,224.5094451904297,5.831359885632992e-05,25.254247665405277,6.040256500244141,9.415973663330078,245.10540771484372,0.0009785195579752,76.95905303955078,5.30609130859375,4.353931427001953,268.43902587890625,0.0039594429545104,73.55441284179688,0.6180267333984375,0.8320960998535156,281.9687194824219,0.0090217720717191,89.03044128417969,-3.539764404296875,1.9060935974121092,288.38775634765625,0.0127286333590745,99.75411224365234,0.0001263425656361,0.0001133773330366,16.523914337158203,3.5968902111053467,5.6971869468688965,0.0001263425656361,0.0001133773330366,63.499942779541016,3.8903281688690186
IBT_2004247N10332_2004091718,2004247N10332,IVAN,2004-09-17 18:00:00,2004-09-17,2004,9,18,,TS,36.20000076293945,277.70001220703125,20.0,996.0,IBTRACS_ERA5,OBS,1,36.20000076293945,277.70001220703125,2004247N10332,IVAN,0.0,train,-0.9909831711686702,0.1339863965501204,-1.0,-1.8369701987210294e-16,11.29763412475586,11.943904876708984,224.3899383544922,6.522540934383869e-05,28.63301658630371,13.06222915649414,15.751911163330078,244.46868896484372,0.0006100696627981,50.9090690612793,8.80218505859375,18.718677520751957,267.4662475585937,0.0038464772514998,76.93928527832031,2.579452514648437,18.904972076416016,281.6593933105469,0.0096129905432462,96.88370513916016,-1.580780029296875,15.96493148803711,288.83599853515625,0.0123575944453477,94.0794448852539,7.644782454008237e-05,6.521981413243338e-05,13.49156093597412,6.832144260406494,16.256877899169922,0.0001263425656361,0.0001133773330366,68.91021728515625,3.8903281688690186
IBT_2004258N16300_2004091700,2004258N16300,JEANNE,2004-09-17 00:00:00,2004-09-17,2004,9,0,,TS,19.200000762939453,290.6000061035156,60.0,990.0,IBTRACS_ERA5,OBS,1,19.200000762939453,290.6000061035156,2004258N16300,JEANNE,0.0,train,-0.9360594982585284,0.3518417481197929,-1.0,-1.8369701987210294e-16,0.9402122497558594,0.8064537048339844,220.2704315185547,8.374894969165325e-05,59.26796722412109,-3.43044662475586,0.5844306945800781,243.57342529296875,0.0008145098690874,73.91637420654297,-7.03326416015625,-0.8843498229980469,268.33013916015625,0.004735346417874,88.69681549072266,-10.241836547851562,1.7256507873535156,282.5990905761719,0.0087731024250388,82.95220184326172,-14.802459716796877,8.20296859741211,291.01861572265625,0.0124664921313524,82.52474975585938,6.480306183220819e-05,6.411218782886863e-05,17.393680572509766,-6.9135589599609375,2.08703088760376,6.480306183220819e-05,6.411218782886863e-05,63.82308578491211,2.4330568313598637
IBT_2004258N16300_2004091706,2004258N16300,JEANNE,2004-09-17 06:00:00,2004-09-17,2004,9,6,,TS,19.399999618530277,290.1000061035156,55.0,990.0,IBTRACS_ERA5,OBS,1,19.399999618530277,290.1000061035156,2004258N16300,JEANNE,0.0,train,-0.9390942154858586,0.3436597946239852,-1.0,-1.8369701987210294e-16,0.9402122497558594,0.8064537048339844,220.2704315185547,8.374894969165325e-05,59.26796722412109,-3.43044662475586,0.5844306945800781,243.57342529296875,0.0008145098690874,73.91637420654297,-7.03326416015625,-0.8843498229980469,268.33013916015625,0.004735346417874,88.69681549072266,-10.241836547851562,1.7256507873535156,282.5990905761719,0.0087731024250388,82.95220184326172,-14.802459716796877,8.20296859741211,291.01861572265625,0.0124664921313524,82.52474975585938,6.480306183220819e-05,6.411218782886863e-05,17.393680572509766,-6.9135589599609375,2.08703088760376,6.480306183220819e-05,6.411218782886863e-05,63.82308578491211,2.4330568313598637
IBT_2004258N16300_2004091712,2004258N16300,JEANNE,2004-09-17 12:00:00,2004-09-17,2004,9,12,,TS,19.700000762939453,289.29998779296875,50.0,990.0,IBTRACS_ERA5,OBS,1,19.700000762939453,289.29998779296875,2004258N16300,JEANNE,0.0,train,-0.9438010220002536,0.3305141916336979,-1.0,-1.8369701987210294e-16,0.9402122497558594,0.8064537048339844,220.2704315185547,8.374894969165325e-05,59.26796722412109,-3.43044662475586,0.5844306945800781,243.57342529296875,0.0008145098690874,73.91637420654297,-7.03326416015625,-0.8843498229980469,268.33013916015625,0.004735346417874,88.69681549072266,-10.241836547851562,1.7256507873535156,282.5990905761719,0.0087731024250388,82.95220184326172,-14.802459716796877,8.20296859741211,291.01861572265625,0.0124664921313524,82.52474975585938,6.480306183220819e-05,6.411218782886863e-05,17.393680572509766,-6.9135589599609375,2.08703088760376,6.480306183220819e-05,6.411218782886863e-05,63.82308578491211,2.4330568313598637
IBT_2004258N16300_2004091718,2004258N16300,JEANNE,2004-09-17 18:00:00,2004-09-17,2004,9,18,,TS,20.0,288.3999938964844,30.0,1002.0,IBTRACS_ERA5,OBS,1,20.0,288.3999938964844,2004258N16300,JEANNE,0.0,train,-0.9488760452694605,0.3156489358667139,-1.0,-1.8369701987210294e-16,4.208522796630859,3.853328704833984,220.0067596435547,6.881519220769405e-05,50.246315002441406,-0.5488548278808594,-2.619670867919922,242.04864501953125,0.0002076265664072,21.77075958251953,-7.18145751953125,-6.330394744873047,268.21881103515625,0.0026597189716994,50.24087905883789,-9.270645141601562,-7.857967376708984,283.1054382324219,0.0077518061734735,70.83092498779297,-8.364471435546875,-7.072422027587891,290.77056884765625,0.0130005497485399,87.42887878417969,5.3489689889829606e-05,2.3091617549653165e-05,16.656896591186523,-4.231381416320801,-4.005425453186035,6.480306183220819e-05,6.411218782886863e-05,61.93359756469727,2.4330568313598637
IBT_2004260N11331_2004091700,2004260N11331,KARL,2004-09-17 00:00:00,2004-09-17,2004,9,0,,TS,11.199999809265137,326.70001220703125,40.0,1002.0,IBTRACS_ERA5,OBS,1,11.199999809265137,326.70001220703125,2004260N11331,KARL,0.0,train,-0.5490226399269481,0.8358074783391476,-1.0,-1.8369701987210294e-16,-1.2238502502441406,-3.855167388916016,218.5575408935547,5.734269507229328e-05,49.79787826538086,-1.4140892028808594,2.108600616455078,242.47100830078125,0.0004280370776541,43.11236953735352,2.10272216796875,11.464527130126951,267.20001220703125,0.0038233953528106,78.0489273071289,6.0774993896484375,11.252140045166016,281.7743835449219,0.0075692967511713,75.69121551513672,5.292999267578125,9.89559555053711,289.98834228515625,0.0122637171298265,86.69750213623047,2.7885811505257152e-05,1.4837331036687829e-05,15.216859817504885,2.1670563220977783,6.1731390953063965,7.197607919806615e-05,6.356618541758507e-05,74.14271545410156,1.5164726972579956
IBT_2004260N11331_2004091706,2004260N11331,KARL,2004-09-17 06:00:00,2004-09-17,2004,9,6,,TS,11.600000381469728,325.6000061035156,50.0,997.0,IBTRACS_ERA5,OBS,1,11.600000381469728,325.6000061035156,2004260N11331,KARL,0.0,train,-0.5649669155285283,0.825113558462216,-1.0,-1.8369701987210294e-16,-6.369113922119141,3.1716880798339844,218.9637908935547,6.346474401652813e-05,52.48524856567383,-5.715847015380859,2.640827178955078,242.76263427734372,0.0006530818645842,63.9831657409668,-8.70904541015625,3.164722442626953,268.38702392578125,0.0048009264282882,89.53849029541016,-7.718643188476562,3.506900787353516,282.0592956542969,0.0081766387447714,80.19503021240234,-5.541961669921875,4.442714691162109,289.97955322265625,0.0130022186785936,91.97003173828124,7.197607919806615e-05,6.356618541758507e-05,1.5164726972579956,-6.810922145843506,3.38537073135376,7.197607919806615e-05,6.356618541758507e-05,65.80975341796875,1.5164726972579956
IBT_2004260N11331_2004091712,2004260N11331,KARL,2004-09-17 12:00:00,2004-09-17,2004,9,12,,TS,12.100000381469728,324.70001220703125,55.0,994.0,IBTRACS_ERA5,OBS,1,12.100000381469728,324.70001220703125,2004260N11331,KARL,0.0,train,-0.5778574505030223,0.816137713194377,-1.0,-1.8369701987210294e-16,-6.369113922119141,3.1716880798339844,218.9637908935547,6.346474401652813e-05,52.48524856567383,-5.715847015380859,2.640827178955078,242.76263427734372,0.0006530818645842,63.9831657409668,-8.70904541015625,3.164722442626953,268.38702392578125,0.0048009264282882,89.53849029541016,-7.718643188476562,3.506900787353516,282.0592956542969,0.0081766387447714,80.19503021240234,-5.541961669921875,4.442714691162109,289.97955322265625,0.0130022186785936,91.97003173828124,7.197607919806615e-05,6.356618541758507e-05,1.5164726972579956,-6.810922145843506,3.38537073135376,7.197607919806615e-05,6.356618541758507e-05,65.80975341796875,1.5164726972579956
IBT_2004260N11331_2004091718,2004260N11331,KARL,2004-09-17 18:00:00,2004-09-17,2004,9,18,,TS,13.0,324.0,55.0,992.0,IBTRACS_ERA5,OBS,1,13.0,324.0,2004260N11331,KARL,0.0,train,-0.5877852522924734,0.8090169943749473,-1.0,-1.8369701987210294e-16,-6.369113922119141,3.1716880798339844,218.9637908935547,6.346474401652813e-05,52.48524856567383,-5.715847015380859,2.640827178955078,242.76263427734372,0.0006530818645842,63.9831657409668,-8.70904541015625,3.164722442626953,268.38702392578125,0.0048009264282882,89.53849029541016,-7.718643188476562,3.506900787353516,282.0592956542969,0.0081766387447714,80.19503021240234,-5.541961669921875,4.442714691162109,289.97955322265625,0.0130022186785936,91.97003173828124,7.197607919806615e-05,6.356618541758507e-05,1.5164726972579956,-6.810922145843506,3.38537073135376,7.197607919806615e-05,6.356618541758507e-05,65.80975341796875,1.5164726972579956
NEG_20040917_02033,,,2004-09-17 00:00:00,2004-09-17,2004,9,0,,BG,30.0,,,,IBTRACS_ERA5,OBS,0,30.0,355.0,,,3593.3938310048447,train,-0.0871557427476583,0.9961946980917455,-1.0,-1.8369701987210294e-16,15.56325912475586,-1.3385658264160156,216.2491912841797,1.593097113072872e-05,18.337879180908203,5.511936187744141,-1.735393524169922,235.31439208984372,6.478775321738794e-05,13.190943717956545,4.21234130859375,-4.023021697998047,264.00592041015625,0.0005674916319549,14.83782196044922,6.7542572021484375,-2.6928062438964844,283.5717468261719,0.0035902992822229,31.79215431213379,5.759063720703125,-1.6525001525878906,298.68658447265625,0.0043948306702077,18.09758949279785,-5.843842700414825e-06,-1.1873471521539614e-05,9.80922031402588,7.560171604156494,-2.28845739364624,2.151784428860992e-05,1.2878651432401966e-05,31.295459747314453,2.157435178756714
NEG_20040917_03822,,,2004-09-17 00:00:00,2004-09-17,2004,9,0,,BG,32.5,,,,IBTRACS_ERA5,OBS,0,32.5,357.5,,,3937.6537711602527,train,-0.0436193873653361,0.9990482215818578,-1.0,-1.8369701987210294e-16,-2.3403053283691406,-8.054141998291016,215.0373992919922,2.09657009691e-05,28.059295654296875,-2.51455307006836,-8.605510711669922,235.23565673828125,0.0001428121031494,29.31085968017578,7.05364990234375,-6.987010955810547,263.58966064453125,0.0012029367499053,32.49924850463867,9.025131225585938,-4.113094329833984,282.2747497558594,0.0029430077411234,28.445322036743164,-0.284393310546875,-4.794834136962891,294.11688232421875,0.0056952252052724,31.027467727661133,-3.0461951610050164e-06,-7.0372261689044535e-06,3.853551864624024,2.187905788421631,-6.510918617248535,2.151784428860992e-05,1.3230808690423146e-05,30.74203109741211,2.9425292015075684
IBT_2004247N10332_2004091800,2004247N10332,IVAN,2004-09-18 00:00:00,2004-09-18,2004,9,0,,TS,37.0,279.5,20.0,999.0,IBTRACS_ERA5,OBS,1,37.0,279.5,2004247N10332,IVAN,0.0,train,-0.9862856015372314,0.1650476058606778,-1.0,-1.8369701987210294e-16,8.958438873291016,7.9887237548828125,223.22561645507807,1.1437588909757324e-05,5.734651565551758,3.40578842163086,-0.8405570983886719,241.43844604492188,0.0006483923643827,72.07597351074219,-0.76043701171875,-8.773017883300781,266.3663330078125,0.003055945970118,66.50386047363281,-1.8884315490722656,-13.345016479492188,281.5318603515625,0.0063519091345369,64.57633209228516,1.777313232421875,-16.247783660888672,284.83349609375,0.0089011890813708,88.08118438720703,7.605151040479541e-05,7.530555740231648e-05,25.27799224853516,2.298534393310547,-6.2435302734375,0.0001112137615564,9.10433373064734e-05,46.81188583374024,1.1534546613693235
IBT_2004247N10332_2004091806,2004247N10332,IVAN,2004-09-18 06:00:00,2004-09-18,2004,9,6,,TS,37.70000076293945,281.5,15.0,998.0,IBTRACS_ERA5,OBS,1,37.70000076293945,281.5,2004247N10332,IVAN,0.0,train,-0.9799247046208296,0.1993679344171969,-1.0,-1.8369701987210294e-16,10.126163482666016,12.407180786132812,223.55538940429688,2.0082590708625503e-05,9.69556999206543,5.864040374755859,5.836444854736328,242.02127075195312,0.0004619900137186,48.56886291503906,2.74859619140625,3.603080749511719,266.73065185546875,0.0030512446537613,64.56741333007812,2.0606651306152344,3.8448638916015625,280.976806640625,0.0083981957286596,88.68193054199219,1.223846435546875,1.779682159423828,287.623046875,0.0114678833633661,94.4500961303711,0.0001112137615564,9.10433373064734e-05,13.86344051361084,4.404662132263184,5.494250297546387,0.0001112137615564,9.10433373064734e-05,55.78898620605469,1.1534546613693235
IBT_2004247N10332_2004091812,2004247N10332,IVAN,2004-09-18 12:00:00,2004-09-18,2004,9,12,,TS,38.400001525878906,283.29998779296875,15.0,1000.0,IBTRACS_ERA5,OBS,1,38.400001525878906,283.29998779296875,2004247N10332,IVAN,0.0,train,-0.9731789217898268,0.2300495298495309,-1.0,-1.8369701987210294e-16,10.126163482666016,12.407180786132812,223.55538940429688,2.0082590708625503e-05,9.69556999206543,5.864040374755859,5.836444854736328,242.02127075195312,0.0004619900137186,48.56886291503906,2.74859619140625,3.603080749511719,266.73065185546875,0.0030512446537613,64.56741333007812,2.0606651306152344,3.8448638916015625,280.976806640625,0.0083981957286596,88.68193054199219,1.223846435546875,1.779682159423828,287.623046875,0.0114678833633661,94.4500961303711,0.0001112137615564,9.10433373064734e-05,13.86344051361084,4.404662132263184,5.494250297546387,0.0001112137615564,9.10433373064734e-05,55.78898620605469,1.1534546613693235
IBT_2004258N16300_2004091800,2004258N16300,JEANNE,2004-09-18 00:00:00,2004-09-18,2004,9,0,,TS,20.200000762939453,288.0,40.0,1000.0,IBTRACS_ERA5,OBS,1,20.200000762939453,288.0,2004258N16300,JEANNE,0.0,train,-0.9510565162951536,0.3090169943749472,-1.0,-1.8369701987210294e-16,8.870304107666016,4.6584014892578125,220.01321411132807,6.959076563362032e-05,50.773685455322266,8.04055404663086,2.456317901611328,241.8741149902344,0.0002280045300722,24.309349060058597,3.84796142578125,-6.205879211425781,268.9339599609375,0.0023830691352486,42.64531326293945,8.242671966552734,1.1118927001953125,282.4803466796875,0.0093289818614721,88.92024993896484,9.097137451171877,5.120380401611328,290.716064453125,0.0133560989052057,90.1322784423828,6.647940608672798e-05,5.005535786040127e-05,0.5146628618240356,7.619725704193115,1.42822265625,6.647940608672798e-05,6.11946452409029e-05,65.04814910888672,0.5146628618240356
IBT_2004258N16300_2004091806,2004258N16300,JEANNE,2004-09-18 06:00:00,2004-09-18,2004,9,6,,TS,20.399999618530277,287.5,45.0,1000.0,IBTRACS_ERA5,OBS,1,20.399999618530277,287.5,2004258N16300,JEANNE,0.0,train,-0.9537169507482268,0.3007057995042734,-1.0,-1.8369701987210294e-16,8.870304107666016,4.6584014892578125,220.01321411132807,6.959076563362032e-05,50.773685455322266,8.04055404663086,2.456317901611328,241.8741149902344,0.0002280045300722,24.309349060058597,3.84796142578125,-6.205879211425781,268.9339599609375,0.0023830691352486,42.64531326293945,8.242671966552734,1.1118927001953125,282.4803466796875,0.0093289818614721,88.92024993896484,9.097137451171877,5.120380401611328,290.716064453125,0.0133560989052057,90.1322784423828,6.647940608672798e-05,5.005535786040127e-05,0.5146628618240356,7.619725704193115,1.42822265625,6.647940608672798e-05,6.11946452409029e-05,65.04814910888672,0.5146628618240356
IBT_2004258N16300_2004091812,2004258N16300,JEANNE,2004-09-18 12:00:00,2004-09-18,2004,9,12,,TS,21.200000762939453,287.20001220703125,45.0,1000.0,IBTRACS_ERA5,OBS,1,21.200000762939453,287.20001220703125,2004258N16300,JEANNE,0.0,train,-0.955278299120868,0.295708253568853,-1.0,-1.8369701987210294e-16,8.870304107666016,4.6584014892578125,220.01321411132807,6.959076563362032e-05,50.773685455322266,8.04055404663086,2.456317901611328,241.8741149902344,0.0002280045300722,24.309349060058597,3.84796142578125,-6.205879211425781,268.9339599609375,0.0023830691352486,42.64531326293945,8.242671966552734,1.1118927001953125,282.4803466796875,0.0093289818614721,88.92024993896484,9.097137451171877,5.120380401611328,290.716064453125,0.0133560989052057,90.1322784423828,6.647940608672798e-05,5.005535786040127e-05,0.5146628618240356,7.619725704193115,1.42822265625,6.647940608672798e-05,6.11946452409029e-05,65.04814910888672,0.5146628618240356
IBT_2004258N16300_2004091818,2004258N16300,JEANNE,2004-09-18 18:00:00,2004-09-18,2004,9,18,,TS,21.700000762939453,287.70001220703125,40.0,1005.0,IBTRACS_ERA5,OBS,1,21.700000762939453,287.70001220703125,2004258N16300,JEANNE,0.0,train,-0.9526614164784432,0.3040332638927627,-1.0,-1.8369701987210294e-16,-0.2539634704589844,4.1732940673828125,220.91665649414065,4.586252907756716e-05,30.07288360595703,-1.9909400939941408,-0.7331352233886719,240.80484008789065,0.000197559595108,23.342084884643555,-8.69451904296875,-6.439155578613281,268.03472900390625,0.0011524044675752,22.07466125488281,-11.697269439697266,-0.7850799560546875,282.100341796875,0.0073079825378954,71.47579956054688,-12.771514892578123,3.153522491455078,290.6116943359375,0.0118289086967706,80.35885620117188,5.887104634894058e-05,3.438268322497606e-05,12.559021949768066,-7.08164119720459,-0.1261108368635177,6.647940608672798e-05,6.11946452409029e-05,60.23416519165039,0.5146628618240356
IBT_2004260N11331_2004091800,2004260N11331,KARL,2004-09-18 00:00:00,2004-09-18,2004,9,0,,TS,13.899999618530272,323.0,70.0,984.0,IBTRACS_ERA5,OBS,1,13.899999618530272,323.0,2004260N11331,KARL,0.0,train,-0.6018150231520483,0.7986355100472928,-1.0,-1.8369701987210294e-16,-2.5982017517089844,6.6298370361328125,219.59671020507807,8.10874771559611e-05,62.16797637939453,-6.670383453369141,6.679950714111328,242.9703063964844,0.0007347296923398,70.5804443359375,-9.70599365234375,10.97673797607422,268.1658935546875,0.0044805565848946,84.9760971069336,-8.562992095947266,11.773025512695312,282.1380615234375,0.0082015004009008,80.00962829589844,-10.650909423828123,10.261981964111328,290.176025390625,0.0131736490875482,92.01847076416016,7.973618630785495e-05,5.895208596484736e-05,8.833944320678711,-7.637696266174316,9.264307022094728,7.973618630785495e-05,5.8997531596105546e-05,64.87251281738281,6.265526294708252
IBT_2004260N11331_2004091806,2004260N11331,KARL,2004-09-18 06:00:00,2004-09-18,2004,9,6,,TS,14.5,322.0,85.0,975.0,IBTRACS_ERA5,OBS,1,14.5,322.0,2004260N11331,KARL,0.0,train,-0.6156614753256582,0.788010753606722,-1.0,-1.8369701987210294e-16,-2.5982017517089844,6.6298370361328125,219.59671020507807,8.10874771559611e-05,62.16797637939453,-6.670383453369141,6.679950714111328,242.9703063964844,0.0007347296923398,70.5804443359375,-9.70599365234375,10.97673797607422,268.1658935546875,0.0044805565848946,84.9760971069336,-8.562992095947266,11.773025512695312,282.1380615234375,0.0082015004009008,80.00962829589844,-10.650909423828123,10.261981964111328,290.176025390625,0.0131736490875482,92.01847076416016,7.973618630785495e-05,5.895208596484736e-05,8.833944320678711,-7.637696266174316,9.264307022094728,7.973618630785495e-05,5.8997531596105546e-05,64.87251281738281,6.265526294708252
IBT_2004260N11331_2004091812,2004260N11331,KARL,2004-09-18 12:00:00,2004-09-18,2004,9,12,,TS,15.0,321.20001220703125,90.0,970.0,IBTRACS_ERA5,OBS,1,15.0,321.20001220703125,2004260N11331,KARL,0.0,train,-0.6266036453242425,0.7793380984312077,-1.0,-1.8369701987210294e-16,-5.454891204833984,-2.3435516357421875,219.4501037597656,7.863157952670008e-05,61.34927368164063,-6.437717437744141,-3.832256317138672,243.19137573242188,0.0005870927125215,55.2318000793457,-7.94525146484375,-5.920234680175781,268.4508056640625,0.0049281725659966,91.46886444091795,-5.637210845947266,-10.101608276367188,282.1453857421875,0.0085881259292364,83.73966979980469,-5.349884033203125,-9.298198699951172,290.054443359375,0.0134853813797235,94.93143463134766,7.907583494670689e-05,5.8997531596105546e-05,6.955439567565918,-6.1649909019470215,-6.299170017242432,7.973618630785495e-05,5.8997531596105546e-05,59.278690338134766,6.955439567565918
IBT_2004260N11331_2004091818,2004260N11331,KARL,2004-09-18 18:00:00,2004-09-18,2004,9,18,,TS,15.600000381469728,320.29998779296875,95.0,965.0,IBTRACS_ERA5,OBS,1,15.600000381469728,320.29998779296875,2004260N11331,KARL,0.0,train,-0.6387679814383798,0.7693994189555499,-1.0,-1.8369701987210294e-16,-5.454891204833984,-2.3435516357421875,219.4501037597656,7.863157952670008e-05,61.34927368164063,-6.437717437744141,-3.832256317138672,243.19137573242188,0.0005870927125215,55.2318000793457,-7.94525146484375,-5.920234680175781,268.4508056640625,0.0049281725659966,91.46886444091795,-5.637210845947266,-10.101608276367188,282.1453857421875,0.0085881259292364,83.73966979980469,-5.349884033203125,-9.298198699951172,290.054443359375,0.0134853813797235,94.93143463134766,7.907583494670689e-05,5.8997531596105546e-05,6.955439567565918,-6.1649909019470215,-6.299170017242432,7.973618630785495e-05,5.8997531596105546e-05,59.278690338134766,6.955439567565918
NEG_20040918_01696,,,2004-09-18 00:00:00,2004-09-18,2004,9,0,,BG,17.5,,,,IBTRACS_ERA5,OBS,0,17.5,275.0,,,1343.9027013995103,train,-0.9961946980917455,0.0871557427476578,-1.0,-1.8369701987210294e-16,-9.679500579833984,-4.932907104492188,220.41848754882807,3.827551336144097e-05,26.616628646850582,-7.197483062744141,-2.602275848388672,240.67709350585935,0.0002154167741537,25.768007278442383,-6.37274169921875,-2.948310852050781,267.6497802734375,0.0012616970343515,24.886415481567383,-5.743656158447266,-1.4875946044921875,282.6590576171875,0.0057135433889925,53.80442810058594,-5.951690673828125,-2.432964324951172,291.340087890625,0.0111364219337701,72.23065948486328,2.5061981432372704e-06,1.3204066817706916e-05,4.488461017608643,-6.989014625549316,-2.880810499191284,1.4242767065297812e-05,1.6697940736776218e-05,55.4019889831543,0.4171420037746429
NEG_20040918_03423,,,2004-09-18 00:00:00,2004-09-18,2004,9,0,,BG,10.0,,,,IBTRACS_ERA5,OBS,0,10.0,265.0,,,2672.379001695527,train,-0.9961946980917455,-0.0871557427476582,-1.0,-1.8369701987210294e-16,-15.727352142333984,-8.542770385742188,219.33609008789065,6.482192839030176e-05,51.26869583129883,-10.46261978149414,1.774188995361328,241.81369018554688,0.0003842283040285,41.20294570922852,-5.21527099609375,-1.4549026489257812,267.1927490234375,0.0026527056470513,54.18111801147461,-0.0952186584472656,-3.752975463867188,282.0081787109375,0.0083905961364507,82.57991027832031,6.464080810546875,-6.159282684326172,290.322021484375,0.0116267893463373,80.45935821533203,-2.704539838305209e-06,2.9679868021048605e-06,22.319067001342773,-5.0072760581970215,-3.627148389816284,2.4717674023122527e-05,1.3521934306481851e-05,73.36927032470703,6.602703094482422
IBT_2004258N16300_2004091900,2004258N16300,JEANNE,2004-09-19 00:00:00,2004-09-19,2004,9,0,,TS,22.200000762939453,287.79998779296875,40.0,1002.0,IBTRACS_ERA5,OBS,1,22.200000762939453,287.79998779296875,2004258N16300,JEANNE,0.0,train,-0.9521294578713844,0.3056951021091825,-1.0,-1.8369701987210294e-16,-2.881263732910156,9.15346908569336,220.77825927734372,7.213178469100967e-05,48.07497024536133,0.4039764404296875,7.592674255371094,243.46751403808597,0.0006757652154192,61.9398078918457,5.6920013427734375,-1.7383689880371094,267.607421875,0.0036921249702572,73.06098937988281,3.56460952758789,-0.3813896179199219,282.0927124023437,0.0079278592020273,77.57872009277344,2.0645523071289062,0.5807456970214844,290.7798767089844,0.0123469932004809,82.9845199584961,7.699769776081666e-05,6.388410838553682e-05,9.89710521697998,1.768775224685669,3.041426181793213,7.699769776081666e-05,6.388410838553682e-05,65.74545288085938,0.9436509609222412
IBT_2004258N16300_2004091906,2004258N16300,JEANNE,2004-09-19 06:00:00,2004-09-19,2004,9,6,,TS,22.799999237060547,287.70001220703125,40.0,1002.0,IBTRACS_ERA5,OBS,1,22.799999237060547,287.70001220703125,2004258N16300,JEANNE,0.0,train,-0.9526614164784432,0.3040332638927627,-1.0,-1.8369701987210294e-16,-2.881263732910156,9.15346908569336,220.77825927734372,7.213178469100967e-05,48.07497024536133,0.4039764404296875,7.592674255371094,243.46751403808597,0.0006757652154192,61.9398078918457,5.6920013427734375,-1.7383689880371094,267.607421875,0.0036921249702572,73.06098937988281,3.56460952758789,-0.3813896179199219,282.0927124023437,0.0079278592020273,77.57872009277344,2.0645523071289062,0.5807456970214844,290.7798767089844,0.0123469932004809,82.9845199584961,7.699769776081666e-05,6.388410838553682e-05,9.89710521697998,1.768775224685669,3.041426181793213,7.699769776081666e-05,6.388410838553682e-05,65.74545288085938,0.9436509609222412
IBT_2004258N16300_2004091912,2004258N16300,JEANNE,2004-09-19 12:00:00,2004-09-19,2004,9,12,,TS,23.5,287.5,40.0,1000.0,IBTRACS_ERA5,OBS,1,23.5,287.5,2004258N16300,JEANNE,0.0,train,-0.9537169507482268,0.3007057995042734,-1.0,-1.8369701987210294e-16,-2.881263732910156,9.15346908569336,220.77825927734372,7.213178469100967e-05,48.07497024536133,0.4039764404296875,7.592674255371094,243.46751403808597,0.0006757652154192,61.9398078918457,5.6920013427734375,-1.7383689880371094,267.607421875,0.0036921249702572,73.06098937988281,3.56460952758789,-0.3813896179199219,282.0927124023437,0.0079278592020273,77.57872009277344,2.0645523071289062,0.5807456970214844,290.7798767089844,0.0123469932004809,82.9845199584961,7.699769776081666e-05,6.388410838553682e-05,9.89710521697998,1.768775224685669,3.041426181793213,7.699769776081666e-05,6.388410838553682e-05,65.74545288085938,0.9436509609222412
IBT_2004258N16300_2004091918,2004258N16300,JEANNE,2004-09-19 18:00:00,2004-09-19,2004,9,18,,TS,24.200000762939453,287.70001220703125,45.0,996.0,IBTRACS_ERA5,OBS,1,24.200000762939453,287.70001220703125,2004258N16300,JEANNE,0.0,train,-0.9526614164784432,0.3040332638927627,-1.0,-1.8369701987210294e-16,-1.3486709594726562,8.32009506225586,220.5670166015625,8.188971696654335e-05,55.955177307128906,-7.0814971923828125,6.350242614746094,243.1248016357422,0.0007592546171508,71.8787841796875,-10.036758422851562,-2.3620262145996094,267.32208251953125,0.0030980531591922,62.65480041503906,-11.06722640991211,-0.8784599304199219,281.35260009765625,0.0073009226471185,75.13834381103516,-10.405540466308594,1.7655601501464844,289.8577575683594,0.0122320158407092,87.19978332519531,4.363754123914987e-05,4.110157533432357e-05,11.179839134216309,-7.98793888092041,2.639082431793213,7.699769776081666e-05,6.388410838553682e-05,60.76305770874024,0.9436509609222412
IBT_2004260N11331_2004091900,2004260N11331,KARL,2004-09-19 00:00:00,2004-09-19,2004,9,0,,TS,15.899999618530272,319.20001220703125,95.0,965.0,IBTRACS_ERA5,OBS,1,15.899999618530272,319.20001220703125,2004260N11331,KARL,0.0,train,-0.6534204427101086,0.7569951948648853,-1.0,-1.8369701987210294e-16,2.183067321777344,4.573757171630859,220.4442138671875,8.691513357916847e-05,60.25685119628906,6.019821166992188,6.614402770996094,243.3249969482422,0.0008364872774109,77.70807647705078,5.6316986083984375,12.94485855102539,267.7850952148437,0.0040751518681645,79.55654907226562,4.496006011962891,14.439777374267578,282.18536376953125,0.0086684320122003,84.2936019897461,4.609352111816406,16.203304290771484,290.2266540527344,0.0131079657003283,91.26380157470705,6.506619683932513e-05,4.717953561339528e-05,11.879950523376465,4.58798885345459,10.955220222473145,0.0001050666614901,6.818769907113165e-05,66.96126556396484,7.93853235244751
IBT_2004260N11331_2004091906,2004260N11331,KARL,2004-09-19 06:00:00,2004-09-19,2004,9,6,,TS,16.0,318.3999938964844,100.0,960.0,IBTRACS_ERA5,OBS,1,16.0,318.3999938964844,2004260N11331,KARL,0.0,train,-0.6639262923125092,0.7477980197728291,-1.0,-1.8369701987210294e-16,-0.4807510375976562,-1.3613014221191406,220.2745361328125,8.654027624288574e-05,61.21356201171875,5.495651245117188,-4.429542541503906,242.6085662841797,0.0006934473058208,68.93805694580078,6.2930755615234375,-1.8600730895996092,268.3749389648437,0.0043487222865223,81.17904663085938,8.29239273071289,-2.325603485107422,283.19366455078125,0.0089441630989313,81.24134826660156,9.435279846191406,-2.323429107666016,290.6744079589844,0.0136869056150317,92.61014556884766,0.0001050666614901,6.818769907113165e-05,9.962597846984863,5.807129859924316,-2.4599900245666504,0.0001050666614901,6.818769907113165e-05,63.19093704223633,7.93853235244751
IBT_2004260N11331_2004091912,2004260N11331,KARL,2004-09-19 12:00:00,2004-09-19,2004,9,12,,TS,16.299999237060547,317.6000061035156,105.0,955.0,IBTRACS_ERA5,OBS,1,16.299999237060547,317.6000061035156,2004260N11331,KARL,0.0,train,-0.6743023089186986,0.7384554124569147,-1.0,-1.8369701987210294e-16,-9.985267639160156,4.180446624755859,220.53082275390625,8.40648208395578e-05,57.687408447265625,-10.689773559570312,0.0851058959960937,243.4603729248047,0.0007434332510456,68.1880111694336,-15.986099243164062,-1.0806541442871094,268.3189697265625,0.0041441516950726,77.68899536132812,-19.24459457397461,0.1495552062988281,282.50689697265625,0.008880803361535,84.49630737304688,-21.309226989746094,-0.1187171936035156,290.5149841308594,0.0131167573854327,89.65898895263672,8.884030830813572e-05,6.424517050618306e-05,12.112590789794922,-15.4429931640625,0.6431472897529602,0.0001050666614901,6.818769907113165e-05,63.39908218383789,7.93853235244751
IBT_2004260N11331_2004091918,2004260N11331,KARL,2004-09-19 18:00:00,2004-09-19,2004,9,18,,TS,16.700000762939453,316.6000061035156,110.0,951.0,IBTRACS_ERA5,OBS,1,16.700000762939453,316.6000061035156,2004260N11331,KARL,0.0,train,-0.6870874334050034,0.7265747441639607,-1.0,-1.8369701987210294e-16,-9.985267639160156,4.180446624755859,220.53082275390625,8.40648208395578e-05,57.687408447265625,-10.689773559570312,0.0851058959960937,243.4603729248047,0.0007434332510456,68.1880111694336,-15.986099243164062,-1.0806541442871094,268.3189697265625,0.0041441516950726,77.68899536132812,-19.24459457397461,0.1495552062988281,282.50689697265625,0.008880803361535,84.49630737304688,-21.309226989746094,-0.1187171936035156,290.5149841308594,0.0131167573854327,89.65898895263672,8.884030830813572e-05,6.424517050618306e-05,12.112590789794922,-15.4429931640625,0.6431472897529602,0.0001050666614901,6.818769907113165e-05,63.39908218383789,7.93853235244751
IBT_2004264N13328_2004091918,2004264N13328,LISA,2004-09-19 18:00:00,2004-09-19,2004,9,18,,TS,13.300000190734863,327.6000061035156,30.0,1004.0,IBTRACS_ERA5,OBS,1,13.300000190734863,327.6000061035156,2004264N13328,LISA,0.0,train,-0.5358267050357428,0.8443279825817329,-1.0,-1.8369701987210294e-16,-7.789222717285156,-2.6702613830566406,218.64007568359372,5.043918645242229e-05,43.369140625,-6.5602569580078125,-2.3648452758789062,242.1776580810547,0.000571678741835,59.21053314208984,-2.3851470947265625,-1.7979393005371094,266.3817138671875,0.0036034781951457,78.32649993896484,2.35220718383789,-3.468791961669922,281.5746459960937,0.0066708717495203,67.62139892578125,0.6783218383789062,-2.232975006103516,290.6595153808594,0.0118553442880511,80.29335021972656,2.659496385604143e-05,1.5168992831604555e-05,8.478828430175781,-2.7408194541931152,-2.506962537765503,3.686698983074166e-05,1.770033486536704e-05,65.58590698242188,0.36238694190979
NEG_20040919_02537,,,2004-09-19 00:00:00,2004-09-19,2004,9,0,,BG,7.5,,,,IBTRACS_ERA5,OBS,0,7.5,17.5,,,5486.833287970738,train,0.3007057995042731,0.9537169507482268,-1.0,-1.8369701987210294e-16,-10.721839904785156,2.53493881225586,218.44195556640625,5.823901301482693e-05,51.28654479980469,-5.5978546142578125,0.3199691772460937,240.94664001464844,0.0004937084740959,57.54004669189453,-8.387588500976562,-1.1719627380371094,266.8082275390625,0.0036274243611842,76.30431365966797,-9.51766586303711,-2.773906707763672,282.90069580078125,0.0067701730877161,62.72195053100586,-0.3324203491210937,-1.2177772521972656,292.2268981933594,0.0123588545247912,75.78890991210938,4.934264552503009e-07,-3.8405296436394565e-06,11.046398162841797,-6.911473751068115,-0.4617477357387543,1.0990867849614006e-05,5.946061264694436e-06,60.760440826416016,4.746842384338379
NEG_20040919_02556,,,2004-09-19 00:00:00,2004-09-19,2004,9,0,,BG,17.5,,,,IBTRACS_ERA5,OBS,0,17.5,297.5,,,1140.7301852192602,train,-0.8870108331782216,0.4617486132350341,-1.0,-1.8369701987210294e-16,1.916587829589844,-7.320774078369141,218.1575927734375,5.951934872427955e-05,54.2474365234375,-0.7032012939453125,3.3270492553710938,241.4125213623047,0.0003285234852228,36.609989166259766,-2.1082916259765625,0.2367286682128906,266.943115234375,0.0017807234544306,37.07279586791992,-3.790126800537109,2.262592315673828,282.56524658203125,0.0061753336340188,58.523468017578125,-4.877586364746094,3.5739097595214844,291.0535583496094,0.0110865337774157,73.22700500488281,5.10906374984188e-07,-1.209480979014188e-05,12.839585304260254,-1.912523627281189,0.4159011840820312,3.7036766116216313e-06,1.1060978067689575e-05,54.04957962036133,4.595554828643799
NEG_20040919_02562,,,2004-09-19 00:00:00,2004-09-19,2004,9,0,,BG,10.0,,,,IBTRACS_ERA5,OBS,0,10.0,342.5,,,1663.2146014665648,train,-0.300705799504273,0.9537169507482268,-1.0,-1.8369701987210294e-16,-7.907020568847656,-2.6965065002441406,218.81103515625,4.8989350034389645e-05,41.264610290527344,-8.224319458007812,-2.8929214477539062,241.5801239013672,0.0004458459152374,48.89177322387695,-11.718399047851562,0.1599464416503906,266.4721069335937,0.0034676764626055,74.85211181640625,-17.73128890991211,1.792926788330078,282.07012939453125,0.005422780290246,53.14654541015625,-7.864524841308594,2.0637779235839844,290.7979431152344,0.011744569055736,78.84486389160156,2.0150819182163104e-06,2.703273821680341e-06,4.76047420501709,-10.68911075592041,-0.3145553469657898,3.7769706977996975e-05,2.025708090513945e-05,56.33434677124024,0.1777473539113998
NEG_20040919_02657,,,2004-09-19 00:00:00,2004-09-19,2004,9,0,,BG,40.0,,,,IBTRACS_ERA5,OBS,0,40.0,282.5,,,1822.9572573168864,train,-0.9762960071199336,0.2164396139381024,-1.0,-1.8369701987210294e-16,16.453575134277344,-5.821994781494141,220.6195068359375,1.5109696505533066e-05,10.260674476623535,12.267868041992188,-14.733741760253906,234.9873504638672,5.286877421895042e-05,11.129029273986816,5.1695404052734375,-15.57564926147461,264.3554077148437,0.0002208326768595,5.617890357971191,-2.0015525817871094,-14.933879852294922,279.29815673828125,0.0006453788373619,7.651188850402832,-6.355735778808594,-14.623355865478516,284.3289489746094,0.0008272629929706,8.465903282165527,-1.6376001440221444e-05,-4.07728148275055e-05,24.448488235473636,5.106739044189453,-13.137723922729492,5.312537541612983e-05,7.798088336130604e-05,19.95017433166504,10.864678382873535
NEG_20040919_03367,,,2004-09-19 00:00:00,2004-09-19,2004,9,0,,BG,27.5,,,,IBTRACS_ERA5,OBS,0,27.5,342.5,,,2210.299536198768,train,-0.300705799504273,0.9537169507482268,-1.0,-1.8369701987210294e-16,20.090904235839844,-10.31674575805664,216.84307861328125,1.153225457528606e-05,12.33811378479004,21.253707885742188,-14.187355041503906,235.23118591308597,6.587190000573173e-05,13.525753021240234,9.676010131835938,-4.061855316162109,262.51226806640625,0.0003895063709933,11.459912300109863,10.13675308227539,0.974384307861328,281.63507080078125,0.0007776862476021,7.850849151611328,1.6541519165039062,-1.855533599853516,287.6125183105469,0.0045988066121935,37.90200424194336,4.64830118289683e-05,5.944550866843201e-05,20.28561019897461,12.562305450439451,-5.889420986175537,4.64830118289683e-05,7.39188544685021e-05,34.567474365234375,7.09820032119751
IBT_2004258N16300_2004092000,2004258N16300,JEANNE,2004-09-20 00:00:00,2004-09-20,2004,9,0,,TS,24.799999237060547,287.8999938964844,50.0,994.0,IBTRACS_ERA5,OBS,1,24.799999237060547,287.8999938964844,2004258N16300,JEANNE,0.0,train,-0.9515944366210404,0.3073565164298376,-1.0,-1.8369701987210294e-16,-0.9420661926269532,4.858333587646484,221.15228271484372,4.933366290060803e-05,31.465795516967773,4.725597381591797,3.3564224243164062,243.3802032470703,0.0005349527928046,49.438114166259766,10.209430694580078,-3.159679412841797,268.6382141113281,0.0037942640483379,69.43183135986328,12.16619110107422,-4.662227630615234,282.4822082519531,0.0078404042869806,74.72228240966797,11.939266204833984,-6.899036407470703,290.9106750488281,0.0128330085426568,85.53605651855469,8.421249367529526e-05,6.685940752504393e-05,17.440311431884766,7.619683742523193,-1.3012374639511108,8.421249367529526e-05,6.685940752504393e-05,62.6337890625,1.352230668067932
IBT_2004258N16300_2004092006,2004258N16300,JEANNE,2004-09-20 06:00:00,2004-09-20,2004,9,6,,TS,25.5,288.0,55.0,992.0,IBTRACS_ERA5,OBS,1,25.5,288.0,2004258N16300,JEANNE,0.0,train,-0.9510565162951536,0.3090169943749472,-1.0,-1.8369701987210294e-16,-0.9420661926269532,4.858333587646484,221.15228271484372,4.933366290060803e-05,31.465795516967773,4.725597381591797,3.3564224243164062,243.3802032470703,0.0005349527928046,49.438114166259766,10.209430694580078,-3.159679412841797,268.6382141113281,0.0037942640483379,69.43183135986328,12.16619110107422,-4.662227630615234,282.4822082519531,0.0078404042869806,74.72228240966797,11.939266204833984,-6.899036407470703,290.9106750488281,0.0128330085426568,85.53605651855469,8.421249367529526e-05,6.685940752504393e-05,17.440311431884766,7.619683742523193,-1.3012374639511108,8.421249367529526e-05,6.685940752504393e-05,62.6337890625,1.352230668067932
IBT_2004258N16300_2004092012,2004258N16300,JEANNE,2004-09-20 12:00:00,2004-09-20,2004,9,12,,TS,26.600000381469727,288.29998779296875,60.0,989.0,IBTRACS_ERA5,OBS,1,26.600000381469727,288.29998779296875,2004258N16300,JEANNE,0.0,train,-0.9494255445388816,0.3139922536895588,-1.0,-1.8369701987210294e-16,-2.903980255126953,7.344539642333984,220.9212646484375,8.582637383369729e-05,56.24742126464844,-1.7619514465332031,3.2664566040039062,243.6057281494141,0.0007967308047227,72.08356475830078,-5.983562469482422,-4.850597381591797,267.7752380371094,0.0044574774801731,87.08574676513672,-9.55622100830078,-4.928585052490234,281.6142883300781,0.0079664373770356,80.53630065917969,-11.938175201416016,-7.403919219970703,290.4205627441406,0.0126262102276086,86.82744598388672,7.452532008755952e-05,6.357986421789974e-05,17.295482635498047,-6.428778171539307,-1.3144210577011108,8.421249367529526e-05,6.685940752504393e-05,56.62006759643555,3.5445876121521
IBT_2004258N16300_2004092018,2004258N16300,JEANNE,2004-09-20 18:00:00,2004-09-20,2004,9,18,,TS,27.200000762939453,288.6000061035156,75.0,984.0,IBTRACS_ERA5,OBS,1,27.200000762939453,288.6000061035156,2004258N16300,JEANNE,0.0,train,-0.9477683760319794,0.3189594102604663,-1.0,-1.8369701987210294e-16,-2.903980255126953,7.344539642333984,220.9212646484375,8.582637383369729e-05,56.24742126464844,-1.7619514465332031,3.2664566040039062,243.6057281494141,0.0007967308047227,72.08356475830078,-5.983562469482422,-4.850597381591797,267.7752380371094,0.0044574774801731,87.08574676513672,-9.55622100830078,-4.928585052490234,281.6142883300781,0.0079664373770356,80.53630065917969,-11.938175201416016,-7.403919219970703,290.4205627441406,0.0126262102276086,86.82744598388672,7.452532008755952e-05,6.357986421789974e-05,17.295482635498047,-6.428778171539307,-1.3144210577011108,8.421249367529526e-05,6.685940752504393e-05,56.62006759643555,3.5445876121521
IBT_2004260N11331_2004092000,2004260N11331,KARL,2004-09-20 00:00:00,2004-09-20,2004,9,0,,TS,16.799999237060547,315.5,110.0,951.0,IBTRACS_ERA5,OBS,1,16.799999237060547,315.5,2004260N11331,KARL,0.0,train,-0.7009092642998508,0.7132504491541817,-1.0,-1.8369701987210294e-16,-3.336841583251953,7.803890228271484,222.31988525390625,0.0001105085175368,61.51094818115234,-0.5688362121582031,9.923316955566406,244.5570831298828,0.0009321953984908,77.15110778808594,-5.321819305419922,13.930408477783203,268.7828674316406,0.0054828338325023,99.24088287353516,-9.90387725830078,12.547611236572266,282.9866027832031,0.009720453992486,89.53396606445312,-10.623722076416016,13.012340545654297,290.9482727050781,0.0140328500419855,93.30998992919922,0.0001225586311193,0.0001122021640185,8.956929206848145,-5.951019287109375,11.443513870239258,0.0001225586311193,0.0001122021640185,64.01934814453125,7.599410533905029
IBT_2004260N11331_2004092006,2004260N11331,KARL,2004-09-20 06:00:00,2004-09-20,2004,9,6,,TS,17.0,314.79998779296875,115.0,948.0,IBTRACS_ERA5,OBS,1,17.0,314.79998779296875,2004260N11331,KARL,0.0,train,-0.7095708866608578,0.7046340587874845,-1.0,-1.8369701987210294e-16,-3.336841583251953,7.803890228271484,222.31988525390625,0.0001105085175368,61.51094818115234,-0.5688362121582031,9.923316955566406,244.5570831298828,0.0009321953984908,77.15110778808594,-5.321819305419922,13.930408477783203,268.7828674316406,0.0054828338325023,99.24088287353516,-9.90387725830078,12.547611236572266,282.9866027832031,0.009720453992486,89.53396606445312,-10.623722076416016,13.012340545654297,290.9482727050781,0.0140328500419855,93.30998992919922,0.0001225586311193,0.0001122021640185,8.956929206848145,-5.951019287109375,11.443513870239258,0.0001225586311193,0.0001122021640185,64.01934814453125,7.599410533905029
IBT_2004260N11331_2004092012,2004260N11331,KARL,2004-09-20 12:00:00,2004-09-20,2004,9,12,,TS,17.5,314.0,110.0,951.0,IBTRACS_ERA5,OBS,1,17.5,314.0,2004260N11331,KARL,0.0,train,-0.7193398003386511,0.6946583704589973,-1.0,-1.8369701987210294e-16,-3.336841583251953,7.803890228271484,222.31988525390625,0.0001105085175368,61.51094818115234,-0.5688362121582031,9.923316955566406,244.5570831298828,0.0009321953984908,77.15110778808594,-5.321819305419922,13.930408477783203,268.7828674316406,0.0054828338325023,99.24088287353516,-9.90387725830078,12.547611236572266,282.9866027832031,0.009720453992486,89.53396606445312,-10.623722076416016,13.012340545654297,290.9482727050781,0.0140328500419855,93.30998992919922,0.0001225586311193,0.0001122021640185,8.956929206848145,-5.951019287109375,11.443513870239258,0.0001225586311193,0.0001122021640185,64.01934814453125,7.599410533905029
IBT_2004260N11331_2004092018,2004260N11331,KARL,2004-09-20 18:00:00,2004-09-20,2004,9,18,,TS,18.100000381469727,313.5,110.0,951.0,IBTRACS_ERA5,OBS,1,18.100000381469727,313.5,2004260N11331,KARL,0.0,train,-0.7253743710122879,0.6883545756937537,-1.0,-1.8369701987210294e-16,-3.372364044189453,-6.982975006103516,221.0032958984375,9.487673378316686e-05,61.58189392089844,2.291881561279297,-11.105125427246094,243.6104888916016,0.0006692662718705,60.52421951293945,-0.0520439147949218,-15.900157928466797,268.1933288574219,0.0042289830744266,80.03809356689453,-3.852119445800781,-15.637142181396484,282.8915100097656,0.0082368189468979,76.35697174072266,-4.547428131103516,-17.125965118408203,291.0720520019531,0.0133024845272302,87.76026153564453,8.955351950135082e-05,7.629141327925026e-05,10.21082878112793,-1.9064147472381592,-13.35027313232422,0.0001225586311193,0.0001122021640185,59.577754974365234,7.754144191741943
IBT_2004264N13328_2004092000,2004264N13328,LISA,2004-09-20 00:00:00,2004-09-20,2004,9,0,,TS,13.300000190734863,326.70001220703125,30.0,1004.0,IBTRACS_ERA5,OBS,1,13.300000190734863,326.70001220703125,2004264N13328,LISA,0.0,train,-0.5490226399269481,0.8358074783391476,-1.0,-1.8369701987210294e-16,-6.167041778564453,-0.3196449279785156,218.7109375,4.223302676109597e-05,36.00465393066406,-7.069812774658203,0.0773696899414062,241.83448791503903,0.0003209963324479,34.35383605957031,-7.149944305419922,1.5161018371582031,266.7090759277344,0.0025948546826839,55.00077819824219,-8.019477844238281,2.5791053771972656,281.4909973144531,0.0057573108933866,58.69479751586914,-3.116886138916016,-0.9661750793457032,291.2480773925781,0.0108438823372125,70.7449951171875,2.048704664048273e-05,6.0340339587128256e-06,3.117924213409424,-6.304632663726807,0.5773513913154602,4.7717185225337744e-05,4.09018830396235e-05,60.04558944702149,1.8848603963851929
IBT_2004264N13328_2004092006,2004264N13328,LISA,2004-09-20 06:00:00,2004-09-20,2004,9,6,,TS,13.399999618530272,325.70001220703125,30.0,1004.0,IBTRACS_ERA5,OBS,1,13.399999618530272,325.70001220703125,2004264N13328,LISA,0.0,train,-0.5635258729349321,0.8260984145565968,-1.0,-1.8369701987210294e-16,-7.696949005126953,-3.268131256103516,218.79852294921875,4.396924487082288e-05,37.09186553955078,-7.065662384033203,-2.3398666381835938,241.7519073486328,0.0004379387828521,47.24102020263672,-2.700969696044922,-1.2651481628417969,266.4479064941406,0.0035637877881526,77.07012939453125,-3.854316711425781,0.3386268615722656,281.3557434082031,0.0067475526593625,69.4283676147461,1.1428794860839844,-1.9097785949707031,290.9255676269531,0.0112093184143304,74.64291381835938,1.5601544873788953e-05,1.2067461284459569e-05,8.943583488464355,-4.035003662109375,-1.6888595819473269,2.4994504201458767e-05,2.9929571610409766e-05,60.17396545410156,1.8848603963851929
IBT_2004264N13328_2004092012,2004264N13328,LISA,2004-09-20 12:00:00,2004-09-20,2004,9,12,,TS,13.5,324.6000061035156,40.0,1002.0,IBTRACS_ERA5,OBS,1,13.5,324.6000061035156,2004264N13328,LISA,0.0,train,-0.5792810855100103,0.8151278574373128,-1.0,-1.8369701987210294e-16,-7.696949005126953,-3.268131256103516,218.79852294921875,4.396924487082288e-05,37.09186553955078,-7.065662384033203,-2.3398666381835938,241.7519073486328,0.0004379387828521,47.24102020263672,-2.700969696044922,-1.2651481628417969,266.4479064941406,0.0035637877881526,77.07012939453125,-3.854316711425781,0.3386268615722656,281.3557434082031,0.0067475526593625,69.4283676147461,1.1428794860839844,-1.9097785949707031,290.9255676269531,0.0112093184143304,74.64291381835938,1.5601544873788953e-05,1.2067461284459569e-05,8.943583488464355,-4.035003662109375,-1.6888595819473269,2.4994504201458767e-05,2.9929571610409766e-05,60.17396545410156,1.8848603963851929
IBT_2004264N13328_2004092018,2004264N13328,LISA,2004-09-20 18:00:00,2004-09-20,2004,9,18,,TS,13.699999809265137,323.6000061035156,50.0,997.0,IBTRACS_ERA5,OBS,1,13.699999809265137,323.6000061035156,2004264N13328,LISA,0.0,train,-0.5934188008612241,0.8048938605707132,-1.0,-1.8369701987210294e-16,-10.669483184814451,-4.458805084228516,219.02984619140625,4.0816252294462174e-05,33.48842239379883,-9.175403594970703,-2.8886947631835938,241.6913604736328,0.000596479687374,64.71703338623047,-1.269817352294922,-1.3033561706542969,266.8096008300781,0.0031658522784709,66.58795928955078,0.0122604370117187,0.3574867248535156,281.4165344238281,0.007398241199553,75.80816650390625,3.3287925720214844,-0.0306282043457031,290.5620422363281,0.0112255308777093,76.50165557861328,2.203140866186004e-06,-3.1892332117422484e-06,14.681978225708008,-3.554730176925659,-1.664799451828003,2.8406406272551976e-05,1.7007831047521904e-05,59.650672912597656,3.117924213409424
NEG_20040920_02453,,,2004-09-20 00:00:00,2004-09-20,2004,9,0,,BG,5.0,,,,IBTRACS_ERA5,OBS,0,5.0,335.0,,,1296.3064264707552,train,-0.4226182617406992,0.90630778703665,-1.0,-1.8369701987210294e-16,-3.946704864501953,-7.636051177978516,218.07135009765625,5.4288764658849686e-05,49.99980926513672,-1.5534553527832031,-0.9807357788085938,241.9455108642578,0.0003855574759654,40.82782745361328,0.3358955383300781,1.6057014465332031,266.8027648925781,0.0043364278972148,91.2567367553711,3.0284957885742188,5.587162017822266,280.9472961425781,0.0070471256040036,74.56571960449219,6.080379486083984,3.759410858154297,289.4700012207031,0.0114150736480951,83.4264144897461,2.423040132271126e-05,1.7750842744135298e-05,15.178898811340332,0.788922131061554,0.4670974612236023,4.7717185225337744e-05,4.09018830396235e-05,73.18743896484375,3.2774817943573
NEG_20040920_03197,,,2004-09-20 00:00:00,2004-09-20,2004,9,0,,BG,37.5,,,,IBTRACS_ERA5,OBS,0,37.5,357.5,,,4065.359437591985,train,-0.0436193873653361,0.9990482215818578,-1.0,-1.8369701987210294e-16,-2.503711700439453,-7.263614654541016,214.41839599609372,3.5106313589494675e-05,50.7834358215332,0.2772331237792969,-6.872215270996094,234.19520568847656,0.0001477293553762,33.726959228515625,1.443561553955078,-2.934215545654297,263.1521911621094,0.0006439276621676,18.008005142211914,3.2284469604492188,-2.0716514587402344,280.0559387207031,0.0031527965329587,35.4682502746582,-1.7549476623535156,0.3599967956542969,290.4320373535156,0.0064973030239343,44.6476936340332,-1.2666356269619428e-05,6.011123332427816e-08,7.660293579101562,0.1381164491176605,-3.7563400268554688,1.529732980998233e-05,1.6342769413313365e-06,27.873838424682617,2.20081090927124
NEG_20040920_03548,,,2004-09-20 00:00:00,2004-09-20,2004,9,0,,BG,40.0,,,,IBTRACS_ERA5,OBS,0,40.0,15.0,,,5551.310885907497,train,0.2588190451025207,0.9659258262890684,-1.0,-1.8369701987210294e-16,0.4024162292480469,-0.8948402404785156,214.97222900390625,2.651206887094304e-05,35.77301406860352,-0.3517951965332031,-1.7365951538085938,232.6195831298828,0.0001278419076697,34.365142822265625,-2.167522430419922,-3.860118865966797,261.2002258300781,0.0013109855353832,42.83745193481445,-3.660957336425781,-1.2534141540527344,275.6142883300781,0.0049209683202207,75.60935974121094,-2.175479888916016,-1.1014289855957031,286.6789855957031,0.0082209799438714,72.01752471923828,1.2208245607325807e-05,1.2851467545260675e-05,2.586160659790039,-1.590667724609375,-1.7692794799804688,5.985851748846471e-05,6.6741144109983e-05,56.6165885925293,2.586160659790039
NEG_20040920_04197,,,2004-09-20 00:00:00,2004-09-20,2004,9,0,,BG,40.0,,,,IBTRACS_ERA5,OBS,0,40.0,330.0,,,2904.738280897024,train,-0.5000000000000004,0.8660254037844384,-1.0,-1.8369701987210294e-16,-4.834888458251953,-2.892398834228516,218.04351806640625,1.170590076071676e-05,10.817540168762209,-5.326404571533203,-0.9621810913085938,234.3969268798828,0.0001054603635566,23.582876205444336,-5.100627899169922,0.8566780090332031,261.9490051269531,0.0018707625567913,57.568138122558594,-3.656562805175781,4.179935455322266,277.9897766113281,0.0033562867902219,43.59143829345703,-2.689151763916016,4.613903045654297,285.6423645019531,0.0088827107101678,83.30998992919922,-1.7546821254654787e-05,9.309671440860257e-06,7.806968212127685,-4.321527004241943,1.1591873168945312,2.4855631636455652e-05,3.845304672722705e-05,33.029136657714844,1.736111044883728
IBT_2004247N10332_2004092118,2004247N10332,IVAN,2004-09-21 18:00:00,2004-09-21,2004,9,18,,DS,25.200000762939453,277.20001220703125,25.0,1010.0,IBTRACS_ERA5,OBS,1,25.200000762939453,277.20001220703125,2004247N10332,IVAN,0.0,train,-0.992114674611848,0.125333444937203,-1.0,-1.8369701987210294e-16,12.971683502197266,11.388782501220703,220.62342834472656,2.839866283466108e-05,19.276012420654297,13.73699188232422,9.29290008544922,240.36343383789065,0.0002976859104819,36.70685958862305,4.002681732177734,2.990123748779297,266.31317138671875,0.0006760868127457,14.773445129394531,2.630512237548828,0.4147605895996094,281.9021301269531,0.0041395407170057,41.03606796264648,0.2379837036132812,-1.8395195007324217,290.2784423828125,0.009714781306684,67.41536712646484,2.594149555079639e-05,3.753706187126227e-05,18.361238479614254,6.715970516204834,4.449409484863281,3.003891652042512e-05,4.746058402815834e-05,43.34146499633789,2.2104103565216064
IBT_2004258N16300_2004092100,2004258N16300,JEANNE,2004-09-21 00:00:00,2004-09-21,2004,9,0,,TS,27.399999618530277,289.20001220703125,75.0,982.0,IBTRACS_ERA5,OBS,1,27.399999618530277,289.20001220703125,2004258N16300,JEANNE,0.0,train,-0.9443763001714712,0.3288668479406876,-1.0,-1.8369701987210294e-16,1.2326698303222656,-0.1651725769042968,222.6936187744141,0.0001179928367491,62.89754486083984,6.751884460449219,0.3402633666992187,245.1385803222656,0.0008529888000339,66.88015747070312,3.4926719665527344,0.0973014831542968,270.13800048828125,0.0047859759069979,78.24712371826172,-0.5289115905761719,1.4159812927246094,284.8108215332031,0.0099562089890241,81.15062713623047,-5.533744812011719,0.6685371398925781,292.0565185546875,0.0144994845613837,89.87650299072266,0.0001278471609111,0.0001069229183485,6.817583084106445,1.0829139947891235,0.4713821411132812,0.0001278471609111,0.0001069229183485,50.411808013916016,3.1654481887817383
IBT_2004258N16300_2004092106,2004258N16300,JEANNE,2004-09-21 06:00:00,2004-09-21,2004,9,6,,TS,27.600000381469727,289.79998779296875,75.0,972.0,IBTRACS_ERA5,OBS,1,27.600000381469727,289.79998779296875,2004258N16300,JEANNE,0.0,train,-0.9408808411232962,0.3387377197879189,-1.0,-1.8369701987210294e-16,1.2326698303222656,-0.1651725769042968,222.6936187744141,0.0001179928367491,62.89754486083984,6.751884460449219,0.3402633666992187,245.1385803222656,0.0008529888000339,66.88015747070312,3.4926719665527344,0.0973014831542968,270.13800048828125,0.0047859759069979,78.24712371826172,-0.5289115905761719,1.4159812927246094,284.8108215332031,0.0099562089890241,81.15062713623047,-5.533744812011719,0.6685371398925781,292.0565185546875,0.0144994845613837,89.87650299072266,0.0001278471609111,0.0001069229183485,6.817583084106445,1.0829139947891235,0.4713821411132812,0.0001278471609111,0.0001069229183485,50.411808013916016,3.1654481887817383
IBT_2004258N16300_2004092112,2004258N16300,JEANNE,2004-09-21 12:00:00,2004-09-21,2004,9,12,,TS,27.600000381469727,290.5,75.0,972.0,IBTRACS_ERA5,OBS,1,27.600000381469727,290.5,2004258N16300,JEANNE,0.0,train,-0.9366721892483976,0.3502073812594672,-1.0,-1.8369701987210294e-16,1.2326698303222656,-0.1651725769042968,222.6936187744141,0.0001179928367491,62.89754486083984,6.751884460449219,0.3402633666992187,245.1385803222656,0.0008529888000339,66.88015747070312,3.4926719665527344,0.0973014831542968,270.13800048828125,0.0047859759069979,78.24712371826172,-0.5289115905761719,1.4159812927246094,284.8108215332031,0.0099562089890241,81.15062713623047,-5.533744812011719,0.6685371398925781,292.0565185546875,0.0144994845613837,89.87650299072266,0.0001278471609111,0.0001069229183485,6.817583084106445,1.0829139947891235,0.4713821411132812,0.0001278471609111,0.0001069229183485,50.411808013916016,3.1654481887817383
IBT_2004258N16300_2004092118,2004258N16300,JEANNE,2004-09-21 18:00:00,2004-09-21,2004,9,18,,TS,27.399999618530277,290.79998779296875,75.0,972.0,IBTRACS_ERA5,OBS,1,27.399999618530277,290.79998779296875,2004258N16300,JEANNE,0.0,train,-0.9348257520525568,0.3551067632408198,-1.0,-1.8369701987210294e-16,1.2326698303222656,-0.1651725769042968,222.6936187744141,0.0001179928367491,62.89754486083984,6.751884460449219,0.3402633666992187,245.1385803222656,0.0008529888000339,66.88015747070312,3.4926719665527344,0.0973014831542968,270.13800048828125,0.0047859759069979,78.24712371826172,-0.5289115905761719,1.4159812927246094,284.8108215332031,0.0099562089890241,81.15062713623047,-5.533744812011719,0.6685371398925781,292.0565185546875,0.0144994845613837,89.87650299072266,0.0001278471609111,0.0001069229183485,6.817583084106445,1.0829139947891235,0.4713821411132812,0.0001278471609111,0.0001069229183485,50.411808013916016,3.1654481887817383
IBT_2004260N11331_2004092100,2004260N11331,KARL,2004-09-21 00:00:00,2004-09-21,2004,9,0,,TS,18.700000762939453,313.0,120.0,943.0,IBTRACS_ERA5,OBS,1,18.700000762939453,313.0,2004260N11331,KARL,0.0,train,-0.7313537016191703,0.6819983600624986,-1.0,-1.8369701987210294e-16,8.191776275634766,3.647571563720703,220.5828399658203,7.178991654654965e-05,48.96244430541992,14.28740692138672,3.864555358886719,243.21548461914065,0.0004097482305951,38.46016311645508,14.677364349365234,2.413341522216797,267.97607421875,0.0028768614865839,55.35328674316406,15.813373565673828,5.249233245849609,282.7948303222656,0.0080316644161939,74.94303131103516,16.26667022705078,2.889728546142578,290.9976806640625,0.0127845993265509,84.74322509765625,7.212602213257924e-05,4.322905442677438e-05,8.11037826538086,13.847317695617676,3.6128859519958496,0.0001286056358367,0.0001246331667061,65.6742172241211,6.86009407043457
IBT_2004260N11331_2004092106,2004260N11331,KARL,2004-09-21 06:00:00,2004-09-21,2004,9,6,,TS,19.600000381469727,312.70001220703125,125.0,938.0,IBTRACS_ERA5,OBS,1,19.600000381469727,312.70001220703125,2004260N11331,KARL,0.0,train,-0.7349144506660678,0.6781598264437314,-1.0,-1.8369701987210294e-16,0.8505897521972656,3.263538360595703,222.5891265869141,0.0001122479661717,60.561920166015625,-1.1292190551757812,8.051933288574219,245.44253540039065,0.0008596459520049,65.53144836425781,0.0236778259277343,9.639293670654297,269.02276611328125,0.0048042298294603,85.39874267578125,-2.252788543701172,10.21969223022461,283.5910949707031,0.0092940311878919,82.19188690185547,-5.446830749511719,5.984455108642578,291.3521728515625,0.0138239851221442,89.59345245361328,0.0001286056358367,0.0001246331667061,6.86009407043457,-1.5909141302108765,7.431782722473144,0.0001286056358367,0.0001246331667061,67.27355194091797,5.727004528045654
IBT_2004260N11331_2004092112,2004260N11331,KARL,2004-09-21 12:00:00,2004-09-21,2004,9,12,,TS,20.799999237060547,312.20001220703125,120.0,943.0,IBTRACS_ERA5,OBS,1,20.799999237060547,312.20001220703125,2004260N11331,KARL,0.0,train,-0.7408044531747221,0.6717207471535332,-1.0,-1.8369701987210294e-16,0.8505897521972656,3.263538360595703,222.5891265869141,0.0001122479661717,60.561920166015625,-1.1292190551757812,8.051933288574219,245.44253540039065,0.0008596459520049,65.53144836425781,0.0236778259277343,9.639293670654297,269.02276611328125,0.0048042298294603,85.39874267578125,-2.252788543701172,10.21969223022461,283.5910949707031,0.0092940311878919,82.19188690185547,-5.446830749511719,5.984455108642578,291.3521728515625,0.0138239851221442,89.59345245361328,0.0001286056358367,0.0001246331667061,6.86009407043457,-1.5909141302108765,7.431782722473144,0.0001286056358367,0.0001246331667061,67.27355194091797,5.727004528045654
IBT_2004260N11331_2004092118,2004260N11331,KARL,2004-09-21 18:00:00,2004-09-21,2004,9,18,,TS,22.299999237060547,311.70001220703125,105.0,948.0,IBTRACS_ERA5,OBS,1,22.299999237060547,311.70001220703125,2004260N11331,KARL,0.0,train,-0.7466380405561267,0.6652305137277661,-1.0,-1.8369701987210294e-16,-5.408321380615234,17.652332305908203,221.08399963378903,9.83097925200127e-05,63.20813751220703,-11.33100128173828,13.91802215576172,244.15011596679688,0.0008645093184895,74.32136535644531,-16.737430572509766,12.852428436279297,267.52880859375,0.0044310675002634,88.2105712890625,-18.422588348388672,10.41085433959961,281.9236145019531,0.0077491085976362,76.70623016357422,-19.65447235107422,8.221515655517578,290.9185791015625,0.012261270545423,81.68416595458984,6.305787246674299e-05,7.396152795990929e-05,17.08487892150879,-14.310763359069824,12.61103057861328,0.0001286056358367,0.0001246331667061,63.42060470581055,5.727004528045654
IBT_2004264N13328_2004092100,2004264N13328,LISA,2004-09-21 00:00:00,2004-09-21,2004,9,0,,TS,13.699999809265137,322.6000061035156,55.0,994.0,IBTRACS_ERA5,OBS,1,13.699999809265137,322.6000061035156,2004264N13328,LISA,0.0,train,-0.6073757550971193,0.7944146852370015,-1.0,-1.8369701987210294e-16,-10.459712982177734,-4.579479217529297,219.6282501220703,3.592281791497953e-05,27.43783950805664,-10.49140167236328,1.3870162963867188,242.06497192382807,0.0003294868511147,34.49467849731445,-6.477420806884766,-0.6075325012207031,266.98809814453125,0.0028598147910088,59.33348846435547,-3.835674285888672,0.1728172302246093,281.4429016113281,0.0075764786452054,77.4948959350586,3.749580383300781,-2.950847625732422,290.2833251953125,0.0119279911741614,82.74803161621094,2.6014942704932764e-05,4.6205932449083775e-06,14.302323341369627,-5.502925872802734,-1.3156051635742188,2.6977184461429715e-05,3.329625906189904e-05,65.2362060546875,3.040031909942627
IBT_2004264N13328_2004092106,2004264N13328,LISA,2004-09-21 06:00:00,2004-09-21,2004,9,6,,TS,13.899999618530272,321.70001220703125,60.0,990.0,IBTRACS_ERA5,OBS,1,13.899999618530272,321.70001220703125,2004264N13328,LISA,0.0,train,-0.6197788645962548,0.7847765025787771,-1.0,-1.8369701987210294e-16,-3.1394004821777344,-4.357799530029297,219.54981994628903,5.267405140330084e-05,40.61056137084961,-8.255439758300781,0.4415817260742187,241.66970825195312,0.0003779472899623,41.09174346923828,-8.351810455322266,3.486949920654297,266.6591186523437,0.0024604264181107,52.35188293457031,-9.795024871826172,4.946254730224609,281.7422180175781,0.0063631813973188,63.76988220214844,-7.830863952636719,3.134113311767578,290.9237060546875,0.0122843375429511,81.81114959716797,2.5803336029639468e-05,5.909782885282766e-07,8.839603424072266,-7.474507808685303,1.5302200317382812,2.6977184461429715e-05,3.190170173184015e-05,62.05594253540039,3.040031909942627
IBT_2004264N13328_2004092112,2004264N13328,LISA,2004-09-21 12:00:00,2004-09-21,2004,9,12,,TS,14.100000381469728,320.8999938964844,60.0,990.0,IBTRACS_ERA5,OBS,1,14.100000381469728,320.8999938964844,2004264N13328,LISA,0.0,train,-0.6306758901007469,0.7760463398828904,-1.0,-1.8369701987210294e-16,-5.093013763427734,-2.584117889404297,219.7364654541016,5.733625221182592e-05,43.23235702514648,-11.29474639892578,3.7662887573242183,241.46206665039065,0.0004318857390899,47.90013885498047,-4.906742095947266,2.529430389404297,266.8422241210937,0.0034700098913162,72.80294036865234,-4.159282684326172,1.8578758239746092,281.4314270019531,0.0077998624183237,79.84225463867188,-2.6467819213867188,-0.2084159851074218,290.8631591796875,0.0116852512583136,78.12168884277344,1.958766188181471e-05,7.75317403167719e-06,3.409986734390259,-5.620113372802734,1.0722122192382812,4.539821748039685e-05,3.652189843705855e-05,62.25944519042969,3.409986734390259
IBT_2004264N13328_2004092118,2004264N13328,LISA,2004-09-21 18:00:00,2004-09-21,2004,9,18,,TS,14.300000190734863,320.29998779296875,60.0,990.0,IBTRACS_ERA5,OBS,1,14.300000190734863,320.29998779296875,2004264N13328,LISA,0.0,train,-0.6387679814383798,0.7693994189555499,-1.0,-1.8369701987210294e-16,-5.093013763427734,-2.584117889404297,219.7364654541016,5.733625221182592e-05,43.23235702514648,-11.29474639892578,3.7662887573242183,241.46206665039065,0.0004318857390899,47.90013885498047,-4.906742095947266,2.529430389404297,266.8422241210937,0.0034700098913162,72.80294036865234,-4.159282684326172,1.8578758239746092,281.4314270019531,0.0077998624183237,79.84225463867188,-2.6467819213867188,-0.2084159851074218,290.8631591796875,0.0116852512583136,78.12168884277344,1.958766188181471e-05,7.75317403167719e-06,3.409986734390259,-5.620113372802734,1.0722122192382812,4.539821748039685e-05,3.652189843705855e-05,62.25944519042969,3.409986734390259
NEG_20040921_00135,,,2004-09-21 00:00:00,2004-09-21,2004,9,0,,BG,35.0,,,,IBTRACS_ERA5,OBS,0,35.0,22.5,,,6411.287824137645,train,0.3826834323650898,0.9238795325112868,-1.0,-1.8369701987210294e-16,21.659183502197266,6.073108673095703,218.2218170166016,1.9150631487718783e-05,17.319196701049805,18.23381805419922,2.2833786010742188,233.8358459472656,0.0001339556620223,31.73610115051269,13.458003997802734,1.6983757019042969,263.3295288085937,0.0008437695796601,23.26837158203125,8.858539581298828,4.361049652099609,277.7678527832031,0.0045248251408338,59.69050598144531,6.363716125488281,2.856037139892578,286.9176025390625,0.0081036677584052,69.8885498046875,3.165357338730246e-05,3.7355945096351206e-05,15.630126953125,13.714651107788086,3.454390048980713,4.116821219213307e-05,5.080750997876749e-05,50.297733306884766,3.601982593536377
NEG_20040921_00506,,,2004-09-21 00:00:00,2004-09-21,2004,9,0,,BG,10.0,,,,IBTRACS_ERA5,OBS,0,10.0,262.5,,,2294.418074467992,train,-0.9914448613738104,-0.1305261922200516,-1.0,-1.8369701987210294e-16,-4.182613372802734,4.480823516845703,218.7819976806641,4.6118006139295176e-05,38.98193359375,2.8031539916992188,-2.492500305175781,241.41921997070312,0.0003858486015815,42.97055816650391,9.012691497802734,-2.815296173095703,268.18682861328125,0.0026904407422989,50.94462966918945,1.418354034423828,3.1176414489746094,282.5405578613281,0.0082264523953199,78.09227752685547,3.571968078613281,4.650226593017578,290.2940673828125,0.0124763241037726,86.49258422851562,9.46756608755095e-06,2.276436589454533e-06,7.756431579589844,2.524710893630981,1.388179063796997,1.9946055545005947e-05,3.271470995969139e-05,76.55143737792969,1.877282738685608
NEG_20040921_01157,,,2004-09-21 00:00:00,2004-09-21,2004,9,0,,BG,7.5,,,,IBTRACS_ERA5,OBS,0,7.5,275.0,,,1981.959549660636,train,-0.9961946980917455,0.0871557427476578,-1.0,-1.8369701987210294e-16,-6.655513763427734,0.1041145324707031,218.9161529541016,7.155149796744809e-05,59.512451171875,-1.0899124145507812,-0.0479202270507812,241.4823303222656,0.0005612762179225,62.129859924316406,1.1660118103027344,-2.628528594970703,267.2318725585937,0.00298801693134,60.84749984741211,-1.253520965576172,-3.11429214477539,282.1955871582031,0.0078107398003339,75.90052032470703,3.560981750488281,0.2061347961425781,289.8702392578125,0.0135603537783026,96.59194946289062,-7.154503691708669e-07,2.9109864954079967e-06,10.217004776000977,-0.8543907403945923,-1.0960983037948608,1.0145664418814704e-05,1.5265988622559234e-05,69.62460327148438,5.591681957244873
NEG_20040921_01207,,,2004-09-21 00:00:00,2004-09-21,2004,9,0,,BG,15.0,,,,IBTRACS_ERA5,OBS,0,15.0,22.5,,,6434.126747703124,train,0.3826834323650898,0.9238795325112868,-1.0,-1.8369701987210294e-16,-1.9721641540527344,3.033069610595703,219.07667541503903,4.625258225132711e-05,37.7361946105957,-3.458564758300781,2.5226364135742188,240.8719787597656,0.0003061274182982,35.935977935791016,-5.227787017822266,1.8797721862792969,266.06414794921875,0.0029244336765259,65.14196014404297,-4.626323699951172,-1.1528663635253906,285.1289367675781,0.0039424281567335,31.461122512817383,-8.327445983886719,-1.9308280944824217,299.2269287109375,0.0035757408477365,14.253252983093262,4.393320523377042e-06,-1.7061629478121176e-05,8.06411075592041,-4.722456932067871,0.8703567385673523,1.5628766050213017e-05,1.0187765838054474e-05,41.80587768554688,1.0654903650283811
NEG_20040921_03618,,,2004-09-21 00:00:00,2004-09-21,2004,9,0,,BG,42.5,,,,IBTRACS_ERA5,OBS,0,42.5,347.5,,,3995.3669778206176,train,-0.2164396139381028,0.9762960071199334,-1.0,-1.8369701987210294e-16,-7.682125091552734,9.850940704345703,215.9184112548828,2.2756479665986266e-05,27.289520263671875,-4.942573547363281,12.83293914794922,236.02322387695312,7.882695354055613e-05,14.936232566833496,-0.4677772521972656,4.526256561279297,263.20538330078125,0.0007389175589196,20.5777530670166,-5.395977020263672,-1.0707130432128906,279.5661926269531,0.0010416938457638,12.122303009033203,-7.213066101074219,-5.664714813232422,288.5670166015625,0.0045615718699991,35.3365592956543,-3.75394392904127e-06,-1.2595161024364644e-05,15.522744178771973,-5.140303611755371,4.09494161605835,2.7607740776147693e-05,1.5655665265512653e-05,26.382532119750977,4.803184509277344
IBT_2004247N10332_2004092200,2004247N10332,IVAN,2004-09-22 00:00:00,2004-09-22,2004,9,0,,DS,24.799999237060547,275.8999938964844,25.0,1010.0,IBTRACS_ERA5,OBS,1,24.799999237060547,275.8999938964844,2004247N10332,IVAN,0.0,train,-0.994702828067292,0.1027924308250922,-1.0,-1.8369701987210294e-16,18.40415573120117,8.287097930908203,218.85491943359372,5.90434210607782e-05,49.471622467041016,10.482803344726562,6.168369293212891,241.26515197753903,0.0004616311343852,52.17671585083008,2.51861572265625,4.051998138427734,267.17242431640625,0.0013582571409642,27.78536033630371,-0.5278778076171875,5.594528198242188,281.967041015625,0.0053104190155863,52.41131210327149,-3.01373291015625,5.4610595703125,290.52020263671875,0.0103888912126421,70.98915100097656,2.2966256437939592e-05,6.831676728324965e-06,21.60352897644043,5.572793006896973,5.912610530853272,3.402079164516181e-05,3.1746632885187864e-05,51.203372955322266,5.167873382568359
IBT_2004247N10332_2004092206,2004247N10332,IVAN,2004-09-22 06:00:00,2004-09-22,2004,9,6,,DS,25.100000381469727,273.8999938964844,25.0,1010.0,IBTRACS_ERA5,OBS,1,25.100000381469727,273.8999938964844,2004247N10332,IVAN,0.0,train,-0.9976842860810268,0.0680151843854896,-1.0,-1.8369701987210294e-16,18.40415573120117,8.287097930908203,218.85491943359372,5.90434210607782e-05,49.471622467041016,10.482803344726562,6.168369293212891,241.26515197753903,0.0004616311343852,52.17671585083008,2.51861572265625,4.051998138427734,267.17242431640625,0.0013582571409642,27.78536033630371,-0.5278778076171875,5.594528198242188,281.967041015625,0.0053104190155863,52.41131210327149,-3.01373291015625,5.4610595703125,290.52020263671875,0.0103888912126421,70.98915100097656,2.2966256437939592e-05,6.831676728324965e-06,21.60352897644043,5.572793006896973,5.912610530853272,3.402079164516181e-05,3.1746632885187864e-05,51.203372955322266,5.167873382568359
IBT_2004247N10332_2004092212,2004247N10332,IVAN,2004-09-22 12:00:00,2004-09-22,2004,9,12,,DS,26.0,272.70001220703125,25.0,1010.0,IBTRACS_ERA5,OBS,1,26.0,272.70001220703125,2004247N10332,IVAN,0.0,train,-0.998889864925782,0.0471066635260131,-1.0,-1.8369701987210294e-16,15.673442840576172,13.760730743408203,219.16558837890625,5.510998016688973e-05,44.48606872558594,8.017959594726562,10.71768569946289,240.8464508056641,0.0005051239277236,59.44221878051758,2.04937744140625,4.032222747802734,266.7709350585937,0.0017169578932225,36.22039413452149,-0.4770965576171875,1.1780242919921875,281.494873046875,0.0063774022273719,64.99932861328125,-1.86480712890625,-0.9632568359375,290.12567138671875,0.011385123245418,79.78207397460938,3.402079164516181e-05,1.681813046161551e-05,22.899477005004883,4.679775238037109,5.745081424713135,3.402079164516181e-05,3.1746632885187864e-05,49.866485595703125,5.515486240386963
IBT_2004247N10332_2004092218,2004247N10332,IVAN,2004-09-22 18:00:00,2004-09-22,2004,9,18,,TS,26.5,271.3999938964844,30.0,1008.0,IBTRACS_ERA5,OBS,1,26.5,271.3999938964844,2004247N10332,IVAN,0.0,train,-0.9997014923838504,0.0244320716580086,-1.0,-1.8369701987210294e-16,6.039897918701172,10.590808868408203,219.76513671875,4.425937368068844e-05,33.25846862792969,3.6583404541015625,7.822422027587891,240.3264923095703,0.0004210347833577,52.10298538208008,-6.24395751953125,1.8448448181152344,266.1893310546875,0.0030784620903432,67.9138412475586,-9.552169799804688,1.4723358154296875,281.26513671875,0.0061362711712718,63.5307846069336,-11.70953369140625,1.047119140625,289.0746459960937,0.0110154850408434,82.58075714111328,2.8037391530233435e-05,3.1746632885187864e-05,20.15252685546875,-3.5614845752716064,4.555506229400635,3.402079164516181e-05,3.1746632885187864e-05,39.3741455078125,4.05598783493042
IBT_2004258N16300_2004092200,2004258N16300,JEANNE,2004-09-22 00:00:00,2004-09-22,2004,9,0,,TS,27.200000762939453,291.1000061035156,80.0,972.0,IBTRACS_ERA5,OBS,1,27.200000762939453,291.1000061035156,2004258N16300,JEANNE,0.0,train,-0.932953496476304,0.3599969075042713,-1.0,-1.8369701987210294e-16,-4.505268096923828,0.4741096496582031,222.32781982421875,0.0001075220206985,59.79361343383789,-2.816268920898437,-9.28182601928711,243.29444885253903,0.0007093070889823,66.0833969116211,-7.09857177734375,-16.097415924072266,268.50445556640625,0.004868836607784,90.00141143798828,-12.012008666992188,-21.01411437988281,282.160888671875,0.0079784123227,77.71273040771484,-15.88629150390625,-24.8311767578125,290.48699951171875,0.0126558942720294,86.66336822509766,0.0001048973208526,0.0001060004869941,27.74680519104004,-8.463682174682617,-14.15008544921875,0.0001266023755306,0.0001060004869941,47.60737228393555,1.8267408609390257
IBT_2004258N16300_2004092206,2004258N16300,JEANNE,2004-09-22 06:00:00,2004-09-22,2004,9,6,,TS,26.799999237060547,291.29998779296875,85.0,968.0,IBTRACS_ERA5,OBS,1,26.799999237060547,291.29998779296875,2004258N16300,JEANNE,0.0,train,-0.9316913049772514,0.3632510319734637,-1.0,-1.8369701987210294e-16,0.1459770202636718,6.724720001220703,222.14923095703125,0.0001094228500733,62.12458038330078,0.1927642822265625,9.43155288696289,244.0476837158203,0.0008429854060523,73.16931915283203,-5.10406494140625,13.993648529052734,268.24371337890625,0.0039172335527837,73.85514831542969,-11.658248901367188,12.987838745117188,282.6602783203125,0.0087637631222605,82.52154541015625,-14.62615966796875,13.0389404296875,290.67254638671875,0.013354311697185,90.37042236328124,0.0001266023755306,9.584449435351416e-05,16.06503677368164,-6.209946632385254,11.235340118408203,0.0001266023755306,0.0001060004869941,55.060302734375,1.8267408609390257
IBT_2004258N16300_2004092212,2004258N16300,JEANNE,2004-09-22 12:00:00,2004-09-22,2004,9,12,,TS,26.5,291.5,85.0,968.0,IBTRACS_ERA5,OBS,1,26.5,291.5,2004258N16300,JEANNE,0.0,train,-0.9304175679820248,0.3665012267242968,-1.0,-1.8369701987210294e-16,0.1459770202636718,6.724720001220703,222.14923095703125,0.0001094228500733,62.12458038330078,0.1927642822265625,9.43155288696289,244.0476837158203,0.0008429854060523,73.16931915283203,-5.10406494140625,13.993648529052734,268.24371337890625,0.0039172335527837,73.85514831542969,-11.658248901367188,12.987838745117188,282.6602783203125,0.0087637631222605,82.52154541015625,-14.62615966796875,13.0389404296875,290.67254638671875,0.013354311697185,90.37042236328124,0.0001266023755306,9.584449435351416e-05,16.06503677368164,-6.209946632385254,11.235340118408203,0.0001266023755306,0.0001060004869941,55.060302734375,1.8267408609390257
IBT_2004258N16300_2004092218,2004258N16300,JEANNE,2004-09-22 18:00:00,2004-09-22,2004,9,18,,TS,26.200000762939453,291.20001220703125,85.0,967.0,IBTRACS_ERA5,OBS,1,26.200000762939453,291.20001220703125,2004258N16300,JEANNE,0.0,train,-0.9323237241703324,0.3616247687163618,-1.0,-1.8369701987210294e-16,5.434429168701172,-4.060558319091797,221.41180419921875,4.268101474735886e-05,26.40725326538086,12.919815063476562,-6.237392425537109,241.9934234619141,0.0001712894591037,18.055543899536133,15.05572509765625,-10.219974517822266,268.91387939453125,0.0024882419966161,44.59487533569336,13.372024536132812,-11.363967895507812,281.990966796875,0.0078298477455973,77.1512680053711,12.16400146484375,-16.8240966796875,290.67059326171875,0.0125024719163775,84.61643981933594,9.57530937739648e-05,7.445033406838775e-05,14.42896556854248,11.789198875427246,-9.74119758605957,0.0001266023755306,0.0001060004869941,55.33785629272461,2.264406442642212
IBT_2004260N11331_2004092200,2004260N11331,KARL,2004-09-22 00:00:00,2004-09-22,2004,9,0,,TS,23.700000762939453,311.20001220703125,100.0,955.0,IBTRACS_ERA5,OBS,1,23.700000762939453,311.20001220703125,2004260N11331,KARL,0.0,train,-0.7524147685600163,0.658689620422834,-1.0,-1.8369701987210294e-16,7.054790496826172,6.269031524658203,221.23480224609372,5.706249794457108e-05,36.04482269287109,6.6239166259765625,1.0860939025878906,243.7179107666016,0.0006121030892245,54.798587799072266,10.53106689453125,-2.1962928771972656,268.12921142578125,0.0047144158743321,89.66059112548828,15.680130004882812,-1.2313995361328125,281.644775390625,0.0075392452999949,76.05938720703125,16.93670654296875,-2.1561279296875,290.4950561523437,0.0116224689409136,79.54591369628906,5.0594091590028256e-05,6.412618677131832e-05,12.985976219177246,11.36532211303711,0.3542610108852386,0.0001383562048431,0.0001068119599949,61.823089599609375,1.8318722248077397
IBT_2004260N11331_2004092206,2004260N11331,KARL,2004-09-22 06:00:00,2004-09-22,2004,9,6,,TS,24.899999618530277,310.6000061035156,95.0,962.0,IBTRACS_ERA5,OBS,1,24.899999618530277,310.6000061035156,2004260N11331,KARL,0.0,train,-0.7592712380102135,0.6507742981483194,-1.0,-1.8369701987210294e-16,-0.6148872375488281,0.9008674621582032,222.76824951171875,0.0001124147238442,59.410099029541016,2.0760650634765625,-9.50790023803711,245.3269195556641,0.0007766119088046,59.838375091552734,4.00299072265625,-9.781986236572266,269.23834228515625,0.0052839680574834,92.41441345214844,5.8817901611328125,-12.031448364257812,283.300048828125,0.0090484647080302,81.60194396972656,5.91351318359375,-14.2855224609375,291.27655029296875,0.0139872236177325,91.0872802734375,0.0001383562048431,0.0001068119599949,16.530168533325195,3.4518942832946777,-8.941198348999023,0.0001383562048431,0.0001068119599949,63.42390441894531,1.8318722248077397
IBT_2004260N11331_2004092212,2004260N11331,KARL,2004-09-22 12:00:00,2004-09-22,2004,9,12,,TS,26.200000762939453,310.5,90.0,967.0,IBTRACS_ERA5,OBS,1,26.200000762939453,310.5,2004260N11331,KARL,0.0,train,-0.7604059656000308,0.6494480483301839,-1.0,-1.8369701987210294e-16,-0.6148872375488281,0.9008674621582032,222.76824951171875,0.0001124147238442,59.410099029541016,2.0760650634765625,-9.50790023803711,245.3269195556641,0.0007766119088046,59.838375091552734,4.00299072265625,-9.781986236572266,269.23834228515625,0.0052839680574834,92.41441345214844,5.8817901611328125,-12.031448364257812,283.300048828125,0.0090484647080302,81.60194396972656,5.91351318359375,-14.2855224609375,291.27655029296875,0.0139872236177325,91.0872802734375,0.0001383562048431,0.0001068119599949,16.530168533325195,3.4518942832946777,-8.941198348999023,0.0001383562048431,0.0001068119599949,63.42390441894531,1.8318722248077397
IBT_2004260N11331_2004092218,2004260N11331,KARL,2004-09-22 18:00:00,2004-09-22,2004,9,18,,TS,27.5,311.29998779296875,90.0,970.0,IBTRACS_ERA5,OBS,1,27.5,311.29998779296875,2004260N11331,KARL,0.0,train,-0.751264274118755,0.6600015079019291,-1.0,-1.8369701987210294e-16,2.864849090576172,12.802967071533203,221.4249267578125,9.579387551639228e-05,59.17787551879883,-0.2883148193359375,17.09183120727539,244.77931213378903,0.0008823803509585,71.53233337402344,-7.72821044921875,24.70434188842773,267.6170654296875,0.0040997951291501,81.06851196289062,-9.496017456054688,25.418991088867188,282.12060546875,0.0079510090872645,77.65796661376953,-11.95843505859375,25.394775390625,290.61822509765625,0.0122748417779803,83.35357666015625,7.139013905543834e-05,6.2847655499354e-05,19.449508666992188,-5.321225643157959,21.08258056640625,0.0001383562048431,0.0001068119599949,64.69876098632812,12.147547721862791
IBT_2004264N13328_2004092200,2004264N13328,LISA,2004-09-22 00:00:00,2004-09-22,2004,9,0,,TS,14.399999618530272,319.79998779296875,55.0,994.0,IBTRACS_ERA5,OBS,1,14.399999618530272,319.79998779296875,2004264N13328,LISA,0.0,train,-0.6454578504528852,0.7637958911180007,-1.0,-1.8369701987210294e-16,-10.155902862548828,-1.1235466003417969,218.88568115234372,6.128232053015381e-05,51.15810775756836,-9.429306030273438,0.3353614807128906,242.3025054931641,0.0003195038589183,32.700775146484375,-6.62542724609375,0.3269004821777344,267.15728759765625,0.0027479692362248,56.27932357788086,-10.309616088867188,1.1545867919921875,282.012451171875,0.0072282580658793,71.11956024169922,-9.41363525390625,0.1119384765625,290.61346435546875,0.0127190751954913,86.3963851928711,2.5035249564098198e-05,9.20495676837163e-06,1.4413135051727295,-9.186777114868164,0.1610481292009353,4.853970312979072e-05,4.128450018470176e-05,60.90305709838867,1.4413135051727295
IBT_2004264N13328_2004092206,2004264N13328,LISA,2004-09-22 06:00:00,2004-09-22,2004,9,6,,TS,14.399999618530272,319.3999938964844,50.0,997.0,IBTRACS_ERA5,OBS,1,14.399999618530272,319.3999938964844,2004264N13328,LISA,0.0,train,-0.6507742981483191,0.7592712380102137,-1.0,-1.8369701987210294e-16,-10.155902862548828,-1.1235466003417969,218.88568115234372,6.128232053015381e-05,51.15810775756836,-9.429306030273438,0.3353614807128906,242.3025054931641,0.0003195038589183,32.700775146484375,-6.62542724609375,0.3269004821777344,267.15728759765625,0.0027479692362248,56.27932357788086,-10.309616088867188,1.1545867919921875,282.012451171875,0.0072282580658793,71.11956024169922,-9.41363525390625,0.1119384765625,290.61346435546875,0.0127190751954913,86.3963851928711,2.5035249564098198e-05,9.20495676837163e-06,1.4413135051727295,-9.186777114868164,0.1610481292009353,4.853970312979072e-05,4.128450018470176e-05,60.90305709838867,1.4413135051727295
IBT_2004264N13328_2004092212,2004264N13328,LISA,2004-09-22 12:00:00,2004-09-22,2004,9,12,,TS,14.199999809265137,318.8999938964844,45.0,1000.0,IBTRACS_ERA5,OBS,1,14.199999809265137,318.8999938964844,2004264N13328,LISA,0.0,train,-0.6573753260685203,0.7535633222737865,-1.0,-1.8369701987210294e-16,-10.155902862548828,-1.1235466003417969,218.88568115234372,6.128232053015381e-05,51.15810775756836,-9.429306030273438,0.3353614807128906,242.3025054931641,0.0003195038589183,32.700775146484375,-6.62542724609375,0.3269004821777344,267.15728759765625,0.0027479692362248,56.27932357788086,-10.309616088867188,1.1545867919921875,282.012451171875,0.0072282580658793,71.11956024169922,-9.41363525390625,0.1119384765625,290.61346435546875,0.0127190751954913,86.3963851928711,2.5035249564098198e-05,9.20495676837163e-06,1.4413135051727295,-9.186777114868164,0.1610481292009353,4.853970312979072e-05,4.128450018470176e-05,60.90305709838867,1.4413135051727295
IBT_2004264N13328_2004092218,2004264N13328,LISA,2004-09-22 18:00:00,2004-09-22,2004,9,18,,TS,13.899999618530272,318.5,45.0,1000.0,IBTRACS_ERA5,OBS,1,13.899999618530272,318.5,2004264N13328,LISA,0.0,train,-0.6626200482157378,0.7489557207890019,-1.0,-1.8369701987210294e-16,-10.828022003173828,2.032459259033203,219.14935302734372,7.265050953719765e-05,58.75938034057617,-10.948348999023438,2.48111343383789,242.23329162597656,0.0004566355491988,47.04510116577149,-3.66937255859375,-0.6284217834472656,266.82781982421875,0.0034319027327001,72.08302307128906,-3.776168823242188,-2.3031768798828125,281.832275390625,0.007042440585792,70.145751953125,-2.89703369140625,-3.5274658203125,290.6596069335937,0.0121953887864947,82.59590911865234,1.8236647520097904e-05,5.24152301295544e-06,9.685729026794434,-6.423789024353027,-0.3890983462333679,4.853970312979072e-05,3.494126212899573e-05,59.06574630737305,1.4413135051727295
NEG_20040922_03357,,,2004-09-22 00:00:00,2004-09-22,2004,9,0,,BG,17.5,,,,IBTRACS_ERA5,OBS,0,17.5,337.5,,,1922.672413815744,train,-0.3826834323650895,0.9238795325112868,-1.0,-1.8369701987210294e-16,12.908794403076172,7.799304962158203,217.21160888671875,2.9992443160153925e-05,30.67125701904297,10.113052368164062,4.274448394775391,237.8109893798828,7.092455780366436e-05,11.234966278076172,-2.20562744140625,1.1141319274902344,264.34002685546875,0.001000904943794,25.493282318115234,-8.698898315429688,1.9681854248046875,282.276611328125,0.0051439134404063,49.71166229248047,-11.37469482421875,-2.1861572265625,295.23663330078125,0.0069278879091143,35.21296691894531,-1.9885783331119453e-07,8.170605724444613e-06,26.25637626647949,0.1485252380371093,2.593982696533203,1.9391733076190576e-05,3.225576801924035e-05,52.2059211730957,6.025880813598633
NEG_20040922_03702,,,2004-09-22 00:00:00,2004-09-22,2004,9,0,,BG,37.5,,,,IBTRACS_ERA5,OBS,0,37.5,17.5,,,6181.606454655596,train,0.3007057995042731,0.9537169507482268,-1.0,-1.8369701987210294e-16,-5.554218292236328,-15.252086639404297,214.748291015625,3.1919582397677004e-05,44.29641342163086,-3.8388519287109375,-14.19308090209961,236.7943878173828,0.0001430983247701,25.0888729095459,1.72479248046875,-8.178470611572266,263.8582763671875,0.0011342777870595,30.003236770629883,2.7161407470703125,-3.3468780517578125,279.6090087890625,0.0020333409775048,23.5921630859375,3.01898193359375,-0.34130859375,286.92987060546875,0.0067799789831042,58.42571640014648,2.9102920962031934e-08,-1.333285945293028e-05,17.199739456176758,-0.3866310119628906,-8.262365341186523,3.13035816361662e-05,5.073512875242159e-05,30.641307830810547,3.260409116744995
IBT_2004247N10332_2004092300,2004247N10332,IVAN,2004-09-23 00:00:00,2004-09-23,2004,9,0,,TS,27.100000381469727,270.5,35.0,1007.0,IBTRACS_ERA5,OBS,1,27.100000381469727,270.5,2004247N10332,IVAN,0.0,train,-0.9999619230641712,0.008726535498374,-1.0,-1.8369701987210294e-16,4.034126281738281,16.091182708740234,219.0297698974609,5.579539720201865e-05,45.77876663208008,3.2654266357421875,14.566646575927734,240.95492553710935,0.0003848976048175,44.82268905639648,0.4487075805664062,6.876239776611328,266.9181213378906,0.0024591365363448,51.29481887817383,-2.0106430053710938,6.665687561035156,281.8222351074219,0.0059963469393551,59.767032623291016,-3.830142974853516,7.2302093505859375,290.3283996582031,0.0111731244251132,77.28842163085938,3.6484030715655535e-05,6.573022801603656e-06,11.84751319885254,0.3814949095249176,10.285993576049805,3.786675370065496e-05,2.1512601961148903e-05,51.40113830566406,4.281701564788818
IBT_2004247N10332_2004092306,2004247N10332,IVAN,2004-09-23 06:00:00,2004-09-23,2004,9,6,,TS,27.899999618530277,269.0,35.0,1007.0,IBTRACS_ERA5,OBS,1,27.899999618530277,269.0,2004247N10332,IVAN,0.0,train,-0.9998476951563912,-0.0174524064372834,-1.0,-1.8369701987210294e-16,4.034126281738281,16.091182708740234,219.0297698974609,5.579539720201865e-05,45.77876663208008,3.2654266357421875,14.566646575927734,240.95492553710935,0.0003848976048175,44.82268905639648,0.4487075805664062,6.876239776611328,266.9181213378906,0.0024591365363448,51.29481887817383,-2.0106430053710938,6.665687561035156,281.8222351074219,0.0059963469393551,59.767032623291016,-3.830142974853516,7.2302093505859375,290.3283996582031,0.0111731244251132,77.28842163085938,3.6484030715655535e-05,6.573022801603656e-06,11.84751319885254,0.3814949095249176,10.285993576049805,3.786675370065496e-05,2.1512601961148903e-05,51.40113830566406,4.281701564788818
IBT_2004247N10332_2004092312,2004247N10332,IVAN,2004-09-23 12:00:00,2004-09-23,2004,9,12,,TS,28.899999618530277,267.79998779296875,50.0,998.0,IBTRACS_ERA5,OBS,1,28.899999618530277,267.79998779296875,2004247N10332,IVAN,0.0,train,-0.999262908231965,-0.0383880219833681,-1.0,-1.8369701987210294e-16,-1.7278366088867188,13.949092864990234,219.7685394287109,5.5479678849224e-05,41.67302322387695,-0.1928253173828125,10.671627044677734,240.36593627929688,0.0003989754768554,49.184669494628906,-3.7322006225585938,4.286396026611328,266.3407287597656,0.0023006775882095,50.16643524169922,-6.281639099121094,1.6058731079101562,280.7992858886719,0.0063927178271114,68.33135223388672,-11.221256256103516,2.386703491210937,289.0366516113281,0.012080724351108,90.7886962890625,2.8414737244020216e-05,1.8895716493716463e-05,14.960410118103027,-4.6311516761779785,6.579938411712647,3.786675370065496e-05,1.8895716493716463e-05,47.98698425292969,7.42734432220459
IBT_2004247N10332_2004092318,2004247N10332,IVAN,2004-09-23 18:00:00,2004-09-23,2004,9,18,,TS,29.200000762939453,267.29998779296875,40.0,1003.0,IBTRACS_ERA5,OBS,1,29.200000762939453,267.29998779296875,2004247N10332,IVAN,0.0,train,-0.998889864925782,-0.0471066635260135,-1.0,-1.8369701987210294e-16,-1.7278366088867188,13.949092864990234,219.7685394287109,5.5479678849224e-05,41.67302322387695,-0.1928253173828125,10.671627044677734,240.36593627929688,0.0003989754768554,49.184669494628906,-3.7322006225585938,4.286396026611328,266.3407287597656,0.0023006775882095,50.16643524169922,-6.281639099121094,1.6058731079101562,280.7992858886719,0.0063927178271114,68.33135223388672,-11.221256256103516,2.386703491210937,289.0366516113281,0.012080724351108,90.7886962890625,2.8414737244020216e-05,1.8895716493716463e-05,14.960410118103027,-4.6311516761779785,6.579938411712647,3.786675370065496e-05,1.8895716493716463e-05,47.98698425292969,7.42734432220459
IBT_2004258N16300_2004092300,2004258N16300,JEANNE,2004-09-23 00:00:00,2004-09-23,2004,9,0,,TS,25.700000762939453,291.0,85.0,966.0,IBTRACS_ERA5,OBS,1,25.700000762939453,291.0,2004258N16300,JEANNE,0.0,train,-0.9335804264972016,0.3583679495453004,-1.0,-1.8369701987210294e-16,6.345405578613281,-1.6519813537597656,223.2407073974609,0.0001187858651974,59.45449066162109,10.844772338867188,-9.763431549072266,246.04513549804688,0.0009876197436824,71.2174301147461,15.948951721191406,-13.699932098388672,269.8213195800781,0.0057321768254041,95.96224212646484,20.201759338378903,-11.921714782714844,283.7140808105469,0.0103026330471038,90.36212921142578,21.441585540771484,-14.071792602539062,291.6614074707031,0.0149936024099588,95.28885650634766,0.0001424513320671,0.0001268936903215,19.548564910888672,14.956494331359863,-10.22177028656006,0.0001424513320671,0.0001268936903215,51.75756454467773,2.498929500579834
IBT_2004258N16300_2004092306,2004258N16300,JEANNE,2004-09-23 06:00:00,2004-09-23,2004,9,6,,TS,25.5,290.70001220703125,85.0,966.0,IBTRACS_ERA5,OBS,1,25.5,290.70001220703125,2004258N16300,JEANNE,0.0,train,-0.9354439555210102,0.3534750430783003,-1.0,-1.8369701987210294e-16,6.345405578613281,-1.6519813537597656,223.2407073974609,0.0001187858651974,59.45449066162109,10.844772338867188,-9.763431549072266,246.04513549804688,0.0009876197436824,71.2174301147461,15.948951721191406,-13.699932098388672,269.8213195800781,0.0057321768254041,95.96224212646484,20.201759338378903,-11.921714782714844,283.7140808105469,0.0103026330471038,90.36212921142578,21.441585540771484,-14.071792602539062,291.6614074707031,0.0149936024099588,95.28885650634766,0.0001424513320671,0.0001268936903215,19.548564910888672,14.956494331359863,-10.22177028656006,0.0001424513320671,0.0001268936903215,51.75756454467773,2.498929500579834
IBT_2004258N16300_2004092312,2004258N16300,JEANNE,2004-09-23 12:00:00,2004-09-23,2004,9,12,,TS,25.5,290.3999938964844,80.0,966.0,IBTRACS_ERA5,OBS,1,25.5,290.3999938964844,2004258N16300,JEANNE,0.0,train,-0.9372820266240268,0.348571947476496,-1.0,-1.8369701987210294e-16,6.345405578613281,-1.6519813537597656,223.2407073974609,0.0001187858651974,59.45449066162109,10.844772338867188,-9.763431549072266,246.04513549804688,0.0009876197436824,71.2174301147461,15.948951721191406,-13.699932098388672,269.8213195800781,0.0057321768254041,95.96224212646484,20.201759338378903,-11.921714782714844,283.7140808105469,0.0103026330471038,90.36212921142578,21.441585540771484,-14.071792602539062,291.6614074707031,0.0149936024099588,95.28885650634766,0.0001424513320671,0.0001268936903215,19.548564910888672,14.956494331359863,-10.22177028656006,0.0001424513320671,0.0001268936903215,51.75756454467773,2.498929500579834
IBT_2004258N16300_2004092318,2004258N16300,JEANNE,2004-09-23 18:00:00,2004-09-23,2004,9,18,,TS,25.799999237060547,290.0,75.0,966.0,IBTRACS_ERA5,OBS,1,25.799999237060547,290.0,2004258N16300,JEANNE,0.0,train,-0.9396926207859084,0.342020143325669,-1.0,-1.8369701987210294e-16,6.345405578613281,-1.6519813537597656,223.2407073974609,0.0001187858651974,59.45449066162109,10.844772338867188,-9.763431549072266,246.04513549804688,0.0009876197436824,71.2174301147461,15.948951721191406,-13.699932098388672,269.8213195800781,0.0057321768254041,95.96224212646484,20.201759338378903,-11.921714782714844,283.7140808105469,0.0103026330471038,90.36212921142578,21.441585540771484,-14.071792602539062,291.6614074707031,0.0149936024099588,95.28885650634766,0.0001424513320671,0.0001268936903215,19.548564910888672,14.956494331359863,-10.22177028656006,0.0001424513320671,0.0001268936903215,51.75756454467773,2.498929500579834
IBT_2004260N11331_2004092300,2004260N11331,KARL,2004-09-23 00:00:00,2004-09-23,2004,9,0,,TS,29.0,312.29998779296875,95.0,965.0,IBTRACS_ERA5,OBS,1,29.0,312.29998779296875,2004260N11331,KARL,0.0,train,-0.7396312383658521,0.6730123559292177,-1.0,-1.8369701987210294e-16,11.89472198486328,8.485713958740234,222.29844665527344,7.629147876286879e-05,42.57082748413086,18.453659057617188,2.5498008728027344,243.9151306152344,0.0006232677260413,54.77459335327149,14.156715393066406,-0.4321098327636719,269.4869689941406,0.0028832831885665,49.49409103393555,8.877296447753906,-2.406578063964844,283.3398132324219,0.00624978588894,56.2119026184082,4.153987884521484,-5.008804321289063,289.7766418457031,0.0124364448711276,89.11934661865234,0.0001095461120712,8.358093327842653e-05,15.557024002075195,11.50727653503418,0.6376045346260071,0.0001095461120712,8.358093327842653e-05,53.48639297485352,2.9824233055114746
IBT_2004260N11331_2004092306,2004260N11331,KARL,2004-09-23 06:00:00,2004-09-23,2004,9,6,,TS,30.700000762939453,313.70001220703125,110.0,951.0,IBTRACS_ERA5,OBS,1,30.700000762939453,313.70001220703125,2004260N11331,KARL,0.0,train,-0.7229669987150598,0.6908825651070801,-1.0,-1.8369701987210294e-16,11.89472198486328,8.485713958740234,222.29844665527344,7.629147876286879e-05,42.57082748413086,18.453659057617188,2.5498008728027344,243.9151306152344,0.0006232677260413,54.77459335327149,14.156715393066406,-0.4321098327636719,269.4869689941406,0.0028832831885665,49.49409103393555,8.877296447753906,-2.406578063964844,283.3398132324219,0.00624978588894,56.2119026184082,4.153987884521484,-5.008804321289063,289.7766418457031,0.0124364448711276,89.11934661865234,0.0001095461120712,8.358093327842653e-05,15.557024002075195,11.50727653503418,0.6376045346260071,0.0001095461120712,8.358093327842653e-05,53.48639297485352,2.9824233055114746
IBT_2004260N11331_2004092312,2004260N11331,KARL,2004-09-23 12:00:00,2004-09-23,2004,9,12,,TS,32.5,315.6000061035156,105.0,953.0,IBTRACS_ERA5,OBS,1,32.5,315.6000061035156,2004260N11331,KARL,0.0,train,-0.6996632644031278,0.7144727541654468,-1.0,-1.8369701987210294e-16,8.720649719238281,14.611934661865234,222.55491638183597,9.27907894947566e-05,50.2624626159668,11.384811401367188,15.313228607177734,245.17855834960935,0.0007773643592372,60.725215911865234,5.424537658691406,11.417743682861328,268.9013977050781,0.0037798564881086,67.80730438232422,2.3265151977539062,8.342689514160156,282.3346862792969,0.0082093486562371,79.02465057373047,-1.3010902404785156,5.9238128662109375,290.9116516113281,0.0120521737262606,80.32656860351562,8.682539191795513e-05,7.918781193438917e-05,13.263436317443848,5.311084747314453,11.121881484985352,0.0001095461120712,8.358093327842653e-05,57.76927185058594,2.9824233055114746
IBT_2004260N11331_2004092318,2004260N11331,KARL,2004-09-23 18:00:00,2004-09-23,2004,9,18,,TS,34.5,317.0,90.0,955.0,IBTRACS_ERA5,OBS,1,34.5,317.0,2004260N11331,KARL,0.0,train,-0.6819983600624983,0.7313537016191707,-1.0,-1.8369701987210294e-16,11.29022979736328,16.844112396240234,220.20982360839844,7.41261537768878e-05,52.83602142333984,7.8240203857421875,17.968502044677734,243.94894409179688,0.0007693214574828,67.39620208740234,2.2626724243164062,25.980487823486328,266.9598693847656,0.0038209983613342,79.44711303710938,-4.796043395996094,24.03165435791016,280.6913757324219,0.0071314577944576,76.79432678222656,-7.388004302978516,21.535873413085938,289.8271789550781,0.0111768199130892,79.83380889892578,5.0625589210540056e-05,2.64255595538998e-05,19.258480072021484,1.838575005531311,21.272125244140625,0.0001095461120712,8.358093327842653e-05,59.62829208374024,9.15030002593994
IBT_2004264N13328_2004092300,2004264N13328,LISA,2004-09-23 00:00:00,2004-09-23,2004,9,0,,TS,13.199999809265137,318.6000061035156,45.0,1000.0,IBTRACS_ERA5,OBS,1,13.199999809265137,318.6000061035156,2004264N13328,LISA,0.0,train,-0.661311785416984,0.750111140077656,-1.0,-1.8369701987210294e-16,-10.89324188232422,-6.044803619384766,219.4418792724609,7.819277379894629e-05,61.066871643066406,-11.191604614257812,-3.3919715881347656,242.16403198242188,0.0006178790936246,64.0788345336914,-4.450340270996094,-7.602397918701172,268.1213073730469,0.0045124422758817,85.87088012695312,0.8791275024414062,-7.022178649902344,282.0446472167969,0.008643195964396,84.85539245605469,1.2756919860839844,-8.241714477539062,290.0039367675781,0.0130827082321047,92.39500427246094,5.7671513786772266e-05,4.105266270926222e-05,12.365653038024902,-4.876073360443115,-6.460613250732422,7.445388473570347e-05,5.331525608198717e-05,62.37025833129883,2.3193304538726807
IBT_2004264N13328_2004092306,2004264N13328,LISA,2004-09-23 06:00:00,2004-09-23,2004,9,6,,TS,13.0,319.3999938964844,40.0,1002.0,IBTRACS_ERA5,OBS,1,13.0,319.3999938964844,2004264N13328,LISA,0.0,train,-0.6507742981483191,0.7592712380102137,-1.0,-1.8369701987210294e-16,-3.4329147338867188,-9.580692291259766,219.34996032714844,7.599019590998068e-05,60.00226211547852,-9.759231567382812,-4.816654205322266,241.97653198242188,0.0005848786095157,61.75130462646485,-0.9109115600585938,2.949237823486328,268.5128479003906,0.0045902859419584,84.79847717285156,2.3343276977539062,4.358314514160156,282.2585144042969,0.008494883775711,82.19686889648438,3.4913902282714844,6.3754730224609375,290.1936340332031,0.0132379485294222,92.3635711669922,7.445388473570347e-05,5.331525608198717e-05,17.393827438354492,-1.6554679870605469,-0.1428642272949218,7.445388473570347e-05,5.331525608198717e-05,66.31291198730469,2.3193304538726807
IBT_2004264N13328_2004092312,2004264N13328,LISA,2004-09-23 12:00:00,2004-09-23,2004,9,12,,TS,13.100000381469728,320.0,35.0,1003.0,IBTRACS_ERA5,OBS,1,13.100000381469728,320.0,2004264N13328,LISA,0.0,train,-0.6427876096865396,0.7660444431189778,-1.0,-1.8369701987210294e-16,-3.4329147338867188,-9.580692291259766,219.34996032714844,7.599019590998068e-05,60.00226211547852,-9.759231567382812,-4.816654205322266,241.97653198242188,0.0005848786095157,61.75130462646485,-0.9109115600585938,2.949237823486328,268.5128479003906,0.0045902859419584,84.79847717285156,2.3343276977539062,4.358314514160156,282.2585144042969,0.008494883775711,82.19686889648438,3.4913902282714844,6.3754730224609375,290.1936340332031,0.0132379485294222,92.3635711669922,7.445388473570347e-05,5.331525608198717e-05,17.393827438354492,-1.6554679870605469,-0.1428642272949218,7.445388473570347e-05,5.331525608198717e-05,66.31291198730469,2.3193304538726807
IBT_2004264N13328_2004092318,2004264N13328,LISA,2004-09-23 18:00:00,2004-09-23,2004,9,18,,TS,14.300000190734863,319.5,30.0,1005.0,IBTRACS_ERA5,OBS,1,14.300000190734863,319.5,2004264N13328,LISA,0.0,train,-0.6494480483301834,0.760405965600031,-1.0,-1.8369701987210294e-16,-4.280570983886719,-8.975711822509766,219.3207855224609,6.074304837966338e-05,48.13066101074219,-4.6073760986328125,-11.681888580322266,242.13497924804688,0.0004087841662112,42.51166915893555,-9.902610778808594,-1.627666473388672,268.6062316894531,0.0029714682605117,54.5069694519043,-13.294334411621094,2.231117248535156,282.4753112792969,0.0085867950692772,81.87393188476562,-12.211246490478516,0.3871917724609375,290.4206848144531,0.0129510713741183,89.06072998046875,5.412798054749146e-05,2.229112033091951e-05,12.270272254943848,-8.859228134155273,-3.933391571044922,7.445388473570347e-05,5.331525608198717e-05,62.49846649169922,2.3193304538726807
NEG_20040923_00410,,,2004-09-23 00:00:00,2004-09-23,2004,9,0,,BG,35.0,,,,IBTRACS_ERA5,OBS,0,35.0,332.5,,,1415.7975837401648,train,-0.4617486132350336,0.8870108331782218,-1.0,-1.8369701987210294e-16,-6.182914733886719,-29.33313369750977,218.42710876464844,1.961025373020675e-05,17.30019187927246,-2.7257843017578125,-9.943363189697266,235.27340698242188,4.269988494343124e-05,8.730135917663574,2.2748794555664062,0.6313667297363281,261.9936828613281,0.0006030478980392,18.491212844848636,-1.9752426147460935,-3.055992126464844,279.1320495605469,0.0013900105841457,16.67021942138672,-1.824039459228516,-3.3386383056640625,285.7019348144531,0.0068504763767123,63.99751281738281,-1.2263266398804262e-05,-3.095826514254441e-06,26.357419967651367,-2.086620330810547,-9.007951736450195,1.635840453673154e-05,1.3427206795313396e-05,22.4632568359375,1.1110776662826538
NEG_20040923_00959,,,2004-09-23 00:00:00,2004-09-23,2004,9,0,,BG,10.0,,,,IBTRACS_ERA5,OBS,0,10.0,262.5,,,2078.334173263906,train,-0.9914448613738104,-0.1305261922200516,-1.0,-1.8369701987210294e-16,-2.6126022338867188,-8.232059478759766,218.76499938964844,6.978339661145583e-05,59.106201171875,-2.6208038330078125,-3.9548377990722656,241.9546813964844,0.0006796499947085,71.90714263916016,-3.0068588256835938,0.6469917297363281,267.4862365722656,0.0039428304880857,78.74639892578125,3.792091369628906,-0.7522811889648438,282.0509948730469,0.008196473121643,80.43492889404297,7.583187103271484,0.1418304443359375,290.0417785644531,0.0124214245006442,87.51251983642578,-6.868175660201814e-06,-8.337709914485458e-06,13.193792343139648,0.6270027160644531,-2.430071353912353,1.934245847223792e-05,1.5269410141627304e-05,75.42359161376953,2.694962501525879
IBT_2004247N10332_2004092400,2004247N10332,IVAN,2004-09-24 00:00:00,2004-09-24,2004,9,0,,TS,29.600000381469727,266.79998779296875,30.0,1003.0,IBTRACS_ERA5,OBS,1,29.600000381469727,266.79998779296875,2004247N10332,IVAN,0.0,train,-0.9984407522890256,-0.0558217177138504,-1.0,-1.8369701987210294e-16,6.251590728759766,17.19811248779297,219.597412109375,5.1598239224404097e-05,39.555908203125,6.103118896484375,17.41183090209961,240.57997131347656,0.000435521476902,52.58843612670898,2.3580055236816406,7.583889007568359,266.1478271484375,0.0028801062144339,63.74164581298828,-0.7718353271484375,6.282520294189453,281.4753723144531,0.0065820510499179,67.17447662353516,-4.163429260253906,7.636627197265625,289.6184997558594,0.0126170851290225,91.33588409423828,2.7950107323704287e-05,4.078462552570272e-06,14.138410568237305,1.9554901123046875,11.222596168518066,4.160451862844639e-05,1.9205421267542988e-05,55.00212860107422,1.5898048877716064
IBT_2004247N10332_2004092406,2004247N10332,IVAN,2004-09-24 06:00:00,2004-09-24,2004,9,6,,TS,30.100000381469727,265.79998779296875,25.0,1009.0,IBTRACS_ERA5,OBS,1,30.100000381469727,265.79998779296875,2004247N10332,IVAN,0.0,train,-0.9973144616208262,-0.073238409608359,-1.0,-1.8369701987210294e-16,3.7242469787597656,4.417350769042969,220.37060546875,1.4855701010674238e-05,10.389256477355955,3.322113037109375,7.420864105224609,240.3840484619141,0.0001735963014652,21.362964630126957,2.0325660705566406,2.77846908569336,266.2310791015625,0.0008992501534521,19.77457427978516,0.3736724853515625,-1.2694816589355469,281.5737609863281,0.0074133863672614,75.15267181396484,-0.6023941040039062,-4.316497802734375,289.4812927246094,0.0125668980181217,91.77784729003906,4.160451862844639e-05,7.2107768573914655e-06,9.746790885925291,1.7700408697128296,1.8061408996582031,4.160451862844639e-05,1.9205421267542988e-05,60.90251922607422,1.5898048877716064
IBT_2004258N16300_2004092400,2004258N16300,JEANNE,2004-09-24 00:00:00,2004-09-24,2004,9,0,,TS,26.0,289.6000061035156,70.0,966.0,IBTRACS_ERA5,OBS,1,26.0,289.6000061035156,2004258N16300,JEANNE,0.0,train,-0.9420574170528286,0.3354516701042831,-1.0,-1.8369701987210294e-16,4.455204010009766,4.595573425292969,222.567626953125,0.0001068768906407,57.807525634765625,7.865570068359375,12.12789535522461,245.2151031494141,0.0009116657311096,70.9755859375,14.46811294555664,14.79018783569336,269.0421142578125,0.0044067748822271,78.21957397460938,13.781387329101562,17.106494903564453,283.1001281738281,0.0088270893320441,80.6850357055664,14.671531677246094,18.257232666015625,290.9256286621094,0.0135086514055728,89.9538345336914,9.785749716684222e-05,8.852280006976798e-05,17.059141159057617,11.04836082458496,13.375475883483888,0.0001239055127371,0.0001099038490792,55.56707000732422,2.860981702804565
IBT_2004258N16300_2004092406,2004258N16300,JEANNE,2004-09-24 06:00:00,2004-09-24,2004,9,6,,TS,26.100000381469727,288.79998779296875,75.0,969.0,IBTRACS_ERA5,OBS,1,26.100000381469727,288.79998779296875,2004258N16300,JEANNE,0.0,train,-0.9466493287753118,0.3222654935441454,-1.0,-1.8369701987210294e-16,4.455204010009766,4.595573425292969,222.567626953125,0.0001068768906407,57.807525634765625,7.865570068359375,12.12789535522461,245.2151031494141,0.0009116657311096,70.9755859375,14.46811294555664,14.79018783569336,269.0421142578125,0.0044067748822271,78.21957397460938,13.781387329101562,17.106494903564453,283.1001281738281,0.0088270893320441,80.6850357055664,14.671531677246094,18.257232666015625,290.9256286621094,0.0135086514055728,89.9538345336914,9.785749716684222e-05,8.852280006976798e-05,17.059141159057617,11.04836082458496,13.375475883483888,0.0001239055127371,0.0001099038490792,55.56707000732422,2.860981702804565
IBT_2004258N16300_2004092412,2004258N16300,JEANNE,2004-09-24 12:00:00,2004-09-24,2004,9,12,,TS,26.200000762939453,287.79998779296875,80.0,969.0,IBTRACS_ERA5,OBS,1,26.200000762939453,287.79998779296875,2004258N16300,JEANNE,0.0,train,-0.9521294578713844,0.3056951021091825,-1.0,-1.8369701987210294e-16,-1.5474815368652344,-2.1156082153320312,222.919677734375,8.747651008889079e-05,45.43038177490234,6.698333740234375,-8.14090347290039,245.93263244628903,0.0009400077397003,68.48943328857422,14.31918716430664,-5.370456695556641,268.810302734375,0.0046496489085257,83.98587799072266,16.776748657226562,-5.918163299560547,283.4092102050781,0.0089170327410101,79.82803344726562,17.921531677246094,-7.378509521484375,291.2759704589844,0.0140195824205875,91.30136108398438,0.0001239055127371,0.0001099038490792,20.16781044006348,10.833663940429688,-5.784728050231934,0.0001239055127371,0.0001099038490792,50.1614990234375,2.345424175262451
IBT_2004258N16300_2004092418,2004258N16300,JEANNE,2004-09-24 18:00:00,2004-09-24,2004,9,18,,TS,26.399999618530277,286.8999938964844,85.0,968.0,IBTRACS_ERA5,OBS,1,26.399999618530277,286.8999938964844,2004258N16300,JEANNE,0.0,train,-0.9568136150250728,0.2907020916723025,-1.0,-1.8369701987210294e-16,-12.510128021240234,2.7458419799804688,223.00445556640625,0.0001140715903602,58.66682815551758,-17.239410400390625,-3.26919937133789,245.5290679931641,0.000768243917264,58.09724426269531,-22.51845932006836,-7.683933258056641,269.1279296875,0.0041240700520575,72.73006439208984,-24.191390991210938,-6.354930877685547,283.2700500488281,0.009256481193006,83.64669036865234,-24.179420471191406,-8.059051513671875,291.1270446777344,0.0140219070017337,92.18389129638672,0.0001156268990598,0.0001044115779222,15.903399467468262,-20.127761840820312,-4.52425479888916,0.0001239055127371,0.0001099038490792,43.67861175537109,8.44482135772705
IBT_2004260N11331_2004092400,2004260N11331,KARL,2004-09-24 00:00:00,2004-09-24,2004,9,0,,TS,36.79999923706055,318.1000061035156,80.0,957.0,IBTRACS_ERA5,OBS,1,36.79999923706055,318.1000061035156,2004260N11331,KARL,0.0,train,-0.6678324761821809,0.7443116173729769,-1.0,-1.8369701987210294e-16,9.134525299072266,20.53636932373047,222.8236083984375,4.718540003523231e-05,24.77829933166504,11.611175537109377,18.28329086303711,241.0284576416016,0.0004057210171595,46.91398239135742,9.51669692993164,8.45547103881836,265.3314208984375,0.0019154497422277,45.15732955932617,8.529922485351562,2.116138458251953,278.9761047363281,0.0056729759089648,68.7768783569336,7.270286560058594,-0.691619873046875,285.6285095214844,0.0089906193315982,84.39927673339844,7.403417839668691e-05,6.694634794257581e-05,21.309690475463867,9.21252155303955,9.739930152893066,9.278481593355536e-05,6.694634794257581e-05,54.00261688232422,2.89715313911438
IBT_2004260N11331_2004092406,2004260N11331,KARL,2004-09-24 06:00:00,2004-09-24,2004,9,6,,TS,39.5,318.79998779296875,75.0,959.0,IBTRACS_ERA5,OBS,1,39.5,318.79998779296875,2004260N11331,KARL,0.0,train,-0.6586896204228343,0.752414768560016,-1.0,-1.8369701987210294e-16,7.064090728759766,23.91588592529297,223.44482421875,3.2485637348145247e-05,15.883405685424805,6.320159912109375,27.86471176147461,242.09327697753903,0.0004146971041336,43.29845428466797,7.016941070556641,28.88735580444336,266.1204833984375,0.0026549943722784,58.88361358642578,4.7096099853515625,21.970752716064453,279.6059875488281,0.0055493107065558,64.40023040771484,2.1861801147460938,23.312408447265625,287.2381286621094,0.0098682381212711,83.3415756225586,8.467907900922e-05,5.589333886746317e-05,4.915098667144775,5.459396362304688,25.190221786499023,9.939080337062478e-05,6.694634794257581e-05,62.37091827392578,2.7832705974578857
IBT_2004260N11331_2004092412,2004260N11331,KARL,2004-09-24 12:00:00,2004-09-24,2004,9,12,,TS,42.59999847412109,319.5,70.0,961.0,IBTRACS_ERA5,OBS,1,42.59999847412109,319.5,2004260N11331,KARL,0.0,train,-0.6494480483301834,0.760405965600031,-1.0,-1.8369701987210294e-16,3.7052040100097656,29.88219451904297,222.1510009765625,4.385615466162562e-05,24.89413070678711,4.420501708984375,32.53072738647461,241.9817047119141,0.0003095619613304,32.66730880737305,1.9356422424316408,27.34463119506836,265.418212890625,0.0024252929724752,56.79308319091797,0.4579010009765625,21.616260528564453,279.5742492675781,0.005804210435599,67.50653839111328,-0.9175796508789062,18.587554931640625,287.2708435058594,0.0110654570162296,93.25316619873048,9.278481593355536e-05,6.626716640312225e-05,12.204056739807127,1.9203338623046875,25.99227333068848,9.939080337062478e-05,6.694634794257581e-05,64.03515625,2.7832705974578857
IBT_2004260N11331_2004092418,2004260N11331,KARL,2004-09-24 18:00:00,2004-09-24,2004,9,18,,TS,45.5,319.5,65.0,962.0,IBTRACS_ERA5,OBS,1,45.5,319.5,2004260N11331,KARL,0.0,train,-0.6494480483301834,0.760405965600031,-1.0,-1.8369701987210294e-16,8.962039947509766,34.16979217529297,220.930908203125,4.341377643868327e-05,28.419517517089844,4.518402099609375,28.09664535522461,241.44239807128903,0.0004994325572624,55.49637985229492,-0.9405784606933594,24.52065658569336,264.5020751953125,0.0029722698964178,74.75050354003906,-0.5052337646484375,21.641651153564453,278.8535461425781,0.0063484301790595,77.62509155273438,-4.252784729003906,16.574615478515625,286.0950622558594,0.009692046791315,88.22600555419922,9.939080337062478e-05,5.845196210430004e-05,22.005041122436523,1.556369066238403,25.00067138671875,9.939080337062478e-05,6.626716640312225e-05,60.05742645263672,2.7832705974578857
IBT_2004264N13328_2004092400,2004264N13328,LISA,2004-09-24 00:00:00,2004-09-24,2004,9,0,,TS,14.300000190734863,318.29998779296875,30.0,1005.0,IBTRACS_ERA5,OBS,1,14.300000190734863,318.29998779296875,2004264N13328,LISA,0.0,train,-0.6652305137277664,0.7466380405561265,-1.0,-1.8369701987210294e-16,-7.017452239990234,-4.025764465332031,220.03564453125,7.171201286837459e-05,52.182220458984375,-6.375152587890625,-10.67068862915039,242.37831115722656,0.0003147400857415,31.98164939880371,-8.03066635131836,-1.4881324768066406,269.056884765625,0.0031090178526937,55.12321853637695,-9.447372436523438,2.032764434814453,282.9590148925781,0.009472488425672,87.4125747680664,-10.259864807128906,2.446197509765625,290.6309509277344,0.0138304568827152,93.84095764160156,8.93104006536305e-05,3.968719829572365e-05,7.238751888275146,-8.226101875305176,-2.3411247730255127,8.93104006536305e-05,6.159459735499695e-05,63.440948486328125,5.952362060546875
IBT_2004264N13328_2004092406,2004264N13328,LISA,2004-09-24 06:00:00,2004-09-24,2004,9,6,,TS,13.800000190734863,317.6000061035156,40.0,1002.0,IBTRACS_ERA5,OBS,1,13.800000190734863,317.6000061035156,2004264N13328,LISA,0.0,train,-0.6743023089186986,0.7384554124569147,-1.0,-1.8369701987210294e-16,-7.017452239990234,-4.025764465332031,220.03564453125,7.171201286837459e-05,52.182220458984375,-6.375152587890625,-10.67068862915039,242.37831115722656,0.0003147400857415,31.98164939880371,-8.03066635131836,-1.4881324768066406,269.056884765625,0.0031090178526937,55.12321853637695,-9.447372436523438,2.032764434814453,282.9590148925781,0.009472488425672,87.4125747680664,-10.259864807128906,2.446197509765625,290.6309509277344,0.0138304568827152,93.84095764160156,8.93104006536305e-05,3.968719829572365e-05,7.238751888275146,-8.226101875305176,-2.3411247730255127,8.93104006536305e-05,6.159459735499695e-05,63.440948486328125,5.952362060546875
IBT_2004264N13328_2004092412,2004264N13328,LISA,2004-09-24 12:00:00,2004-09-24,2004,9,12,,TS,13.899999618530272,316.79998779296875,35.0,1003.0,IBTRACS_ERA5,OBS,1,13.899999618530272,316.79998779296875,2004264N13328,LISA,0.0,train,-0.6845472612375443,0.7289684815766573,-1.0,-1.8369701987210294e-16,-7.017452239990234,-4.025764465332031,220.03564453125,7.171201286837459e-05,52.182220458984375,-6.375152587890625,-10.67068862915039,242.37831115722656,0.0003147400857415,31.98164939880371,-8.03066635131836,-1.4881324768066406,269.056884765625,0.0031090178526937,55.12321853637695,-9.447372436523438,2.032764434814453,282.9590148925781,0.009472488425672,87.4125747680664,-10.259864807128906,2.446197509765625,290.6309509277344,0.0138304568827152,93.84095764160156,8.93104006536305e-05,3.968719829572365e-05,7.238751888275146,-8.226101875305176,-2.3411247730255127,8.93104006536305e-05,6.159459735499695e-05,63.440948486328125,5.952362060546875
IBT_2004264N13328_2004092418,2004264N13328,LISA,2004-09-24 18:00:00,2004-09-24,2004,9,18,,TS,14.0,316.20001220703125,30.0,1005.0,IBTRACS_ERA5,OBS,1,14.0,316.20001220703125,2004264N13328,LISA,0.0,train,-0.692143020097291,0.721760375561447,-1.0,-1.8369701987210294e-16,-8.699092864990234,-4.161750793457031,219.804443359375,5.58944302611053e-05,41.80551910400391,-4.488922119140625,-13.53665542602539,242.1560211181641,0.0001233644870808,12.803622245788574,-6.108058929443359,-6.971530914306641,268.2950439453125,0.0017769583500921,33.37248611450195,-6.0872650146484375,-9.907176971435549,282.7666320800781,0.0084798326715826,79.27579498291016,-4.323097229003906,-10.510345458984377,290.3699645996094,0.0126349665224552,87.16879272460938,5.079094262327999e-05,1.0660085536073892e-05,7.710641384124756,-5.941287040710449,-9.017492294311523,8.93104006536305e-05,6.159459735499695e-05,59.39451217651367,3.627774238586426
NEG_20040924_00075,,,2004-09-24 00:00:00,2004-09-24,2004,9,0,,BG,17.5,,,,IBTRACS_ERA5,OBS,0,17.5,17.5,,,6100.289636162499,train,0.3007057995042731,0.9537169507482268,-1.0,-1.8369701987210294e-16,8.782108306884766,12.384880065917969,219.17010498046875,4.500261275097728e-05,36.30751419067383,8.567962646484375,6.970424652099609,239.9261016845703,0.0002645995409693,34.04322052001953,0.9751930236816406,-0.7535133361816406,264.38580322265625,0.000659639481455,16.741069793701172,-3.375717163085937,-2.599437713623047,284.9286193847656,0.002515509026125,20.34319305419922,-6.690650939941406,-1.355926513671875,298.6466979980469,0.0032508410513401,13.41897678375244,-1.4842893506283872e-05,-4.9683862926031e-06,20.693382263183597,1.6517791748046875,2.9292855262756348,2.242144910269417e-05,2.54510814556852e-06,30.026012420654297,5.8693013191223145
NEG_20040924_00494,,,2004-09-24 00:00:00,2004-09-24,2004,9,0,,BG,45.0,,,,IBTRACS_ERA5,OBS,0,45.0,300.0,,,1523.7763351577785,train,-0.8660254037844386,0.5000000000000001,-1.0,-1.8369701987210294e-16,6.040653228759766,-31.27112579345703,220.707275390625,2.2016640286892653e-05,14.797077178955078,5.057952880859375,-35.54397964477539,235.2942047119141,0.0001912988809635,39.02900314331055,2.4314918518066406,-21.73666763305664,262.4219970703125,0.0007417151355184,21.97972679138184,-0.9490814208984376,-16.243114471435547,275.9560852050781,0.0010679954430088,16.01436424255371,-1.8328628540039065,-8.105072021484375,277.1790466308594,0.0025360323488712,42.37533950805664,-1.4771532732993364e-05,-1.7217509594047442e-05,24.46749496459961,2.1496307849884038,-22.579992294311523,3.3987143979175016e-05,6.143265636637807e-05,27.869613647460938,17.562816619873047
NEG_20040924_02725,,,2004-09-24 00:00:00,2004-09-24,2004,9,0,,BG,20.0,,,,IBTRACS_ERA5,OBS,0,20.0,350.0,,,3421.721657214739,train,-0.1736481776669304,0.984807753012208,-1.0,-1.8369701987210294e-16,0.1676063537597656,2.7254562377929688,218.251708984375,3.70193156413734e-05,33.358184814453125,-4.115875244140625,5.059535980224609,239.94337463378903,7.650033512618393e-05,9.82595443725586,-7.424465179443359,1.3033714294433594,267.8387451171875,0.000341946753906,6.648407936096191,0.6583404541015625,0.6660652160644531,283.6328430175781,0.0039052360225468,34.43928909301758,-6.083351135253906,-2.067962646484375,298.4617614746094,0.0035615898668766,14.86676788330078,4.922662810713518e-07,-1.7493171981186606e-05,7.877266883850098,-3.359549045562744,1.5372931957244873,3.81247591576539e-05,-2.452792614349164e-06,32.80731201171875,2.1324737071990967
NEG_20040924_03975,,,2004-09-24 00:00:00,2004-09-24,2004,9,0,,BG,2.5,,,,IBTRACS_ERA5,OBS,0,2.5,267.5,,,3014.2891218778027,train,-0.9990482215818578,-0.0436193873653361,-1.0,-1.8369701987210294e-16,-7.082637786865234,-1.1057205200195312,218.62774658203125,3.694085171446204e-05,31.810077667236328,-7.341583251953125,0.8036766052246094,240.94325256347656,0.0002265587390866,26.413280487060547,-4.046291351318359,1.4667015075683594,268.83740234375,0.001017274800688,18.337331771850582,-9.020126342773438,-1.7905998229980469,283.0837707519531,0.0068607474677264,62.78066635131836,-2.4983901977539062,-8.256317138671875,288.5852966308594,0.0125912763178348,97.4240264892578,-8.972762771009002e-06,1.8313360214960996e-06,8.493901252746582,-5.997805595397949,-1.776451826095581,2.019868952629622e-05,7.960306902532466e-06,60.7739143371582,0.8402925133705139
IBT_2004258N16300_2004092500,2004258N16300,JEANNE,2004-09-25 00:00:00,2004-09-25,2004,9,0,,TS,26.399999618530277,285.70001220703125,85.0,964.0,IBTRACS_ERA5,OBS,1,26.399999618530277,285.70001220703125,2004258N16300,JEANNE,0.0,train,-0.9626916887742508,0.2706006510801133,-1.0,-1.8369701987210294e-16,-4.156608581542969,9.48794174194336,223.3706970214844,0.0001267063489649,62.47993469238281,-16.218120574951172,7.066684722900391,245.35232543945312,0.0008855292107909,68.07025909423828,-21.856342315673828,5.537502288818359,269.2528076171875,0.0047008404508233,82.12635803222656,-19.28438186645508,9.446857452392578,283.4522705078125,0.0089188963174819,79.61381530761719,-20.291339874267575,8.802509307861328,291.5556640625,0.0135296806693077,86.56266784667969,0.0001060003996826,9.155558655038476e-05,16.14928436279297,-16.361358642578125,8.068299293518066,0.0001060003996826,9.22509643714875e-05,47.04769134521485,13.092912673950195
IBT_2004258N16300_2004092506,2004258N16300,JEANNE,2004-09-25 06:00:00,2004-09-25,2004,9,6,,TS,26.5,284.3999938964844,90.0,960.0,IBTRACS_ERA5,OBS,1,26.5,284.3999938964844,2004258N16300,JEANNE,0.0,train,-0.9685831876206747,0.2486897839851339,-1.0,-1.8369701987210294e-16,-4.156608581542969,9.48794174194336,223.3706970214844,0.0001267063489649,62.47993469238281,-16.218120574951172,7.066684722900391,245.35232543945312,0.0008855292107909,68.07025909423828,-21.856342315673828,5.537502288818359,269.2528076171875,0.0047008404508233,82.12635803222656,-19.28438186645508,9.446857452392578,283.4522705078125,0.0089188963174819,79.61381530761719,-20.291339874267575,8.802509307861328,291.5556640625,0.0135296806693077,86.56266784667969,0.0001060003996826,9.155558655038476e-05,16.14928436279297,-16.361358642578125,8.068299293518066,0.0001060003996826,9.22509643714875e-05,47.04769134521485,13.092912673950195
IBT_2004258N16300_2004092512,2004258N16300,JEANNE,2004-09-25 12:00:00,2004-09-25,2004,9,12,,TS,26.600000381469727,283.1000061035156,100.0,957.0,IBTRACS_ERA5,OBS,1,26.600000381469727,283.1000061035156,2004258N16300,JEANNE,0.0,train,-0.9739759431346884,0.2266514111910496,-1.0,-1.8369701987210294e-16,-8.673820495605469,1.3430442810058594,223.14181518554688,0.0001210194604936,61.26453399658203,-16.013652801513672,-2.8337059020996094,245.68771362304688,0.0008485668804496,63.2384147644043,-21.179584503173828,-6.075046539306641,269.89617919921875,0.0040053511038422,66.67888641357422,-17.832355499267578,-6.616374969482422,283.5491943359375,0.0092334747314453,81.88656616210938,-17.816120147705078,-8.029399871826172,291.2249755859375,0.0139631852507591,91.22883605957033,0.0001010131745715,8.86660855030641e-05,13.092912673950195,-16.3031063079834,-4.442296504974365,0.0001060003996826,9.22509643714875e-05,45.27967834472656,9.86344051361084
IBT_2004258N16300_2004092518,2004258N16300,JEANNE,2004-09-25 18:00:00,2004-09-25,2004,9,18,,TS,26.899999618530277,281.79998779296875,105.0,952.0,IBTRACS_ERA5,OBS,1,26.899999618530277,281.79998779296875,2004258N16300,JEANNE,0.0,train,-0.9788674323301372,0.2044958432912625,-1.0,-1.8369701987210294e-16,-8.673820495605469,1.3430442810058594,223.14181518554688,0.0001210194604936,61.26453399658203,-16.013652801513672,-2.8337059020996094,245.68771362304688,0.0008485668804496,63.2384147644043,-21.179584503173828,-6.075046539306641,269.89617919921875,0.0040053511038422,66.67888641357422,-17.832355499267578,-6.616374969482422,283.5491943359375,0.0092334747314453,81.88656616210938,-17.816120147705078,-8.029399871826172,291.2249755859375,0.0139631852507591,91.22883605957033,0.0001010131745715,8.86660855030641e-05,13.092912673950195,-16.3031063079834,-4.442296504974365,0.0001060003996826,9.22509643714875e-05,45.27967834472656,9.86344051361084
IBT_2004264N13328_2004092500,2004264N13328,LISA,2004-09-25 00:00:00,2004-09-25,2004,9,0,,TS,14.300000190734863,315.6000061035156,30.0,1005.0,IBTRACS_ERA5,OBS,1,14.300000190734863,315.6000061035156,2004264N13328,LISA,0.0,train,-0.6996632644031278,0.7144727541654468,-1.0,-1.8369701987210294e-16,-1.6636886596679688,-2.5579566955566406,220.64974975585935,9.366069571115077e-05,63.37649154663086,-2.404644012451172,-9.82955551147461,242.7943420410156,0.000278698047623,27.222436904907227,2.244731903076172,-3.8565406799316406,269.05419921875,0.0034791091457009,61.69745635986328,7.297405242919922,-1.092449188232422,282.8863525390625,0.0090358406305313,83.79324340820312,8.748943328857422,0.4485054016113281,290.301513671875,0.0136265978217124,94.42198181152344,0.0001004245350486,6.671942537650466e-05,10.83797550201416,2.844549655914306,-3.377599239349365,0.0001004245350486,6.671942537650466e-05,63.0003547668457,6.226799964904785
IBT_2004264N13328_2004092506,2004264N13328,LISA,2004-09-25 06:00:00,2004-09-25,2004,9,6,,TS,14.899999618530272,315.1000061035156,35.0,1003.0,IBTRACS_ERA5,OBS,1,14.899999618530272,315.1000061035156,2004264N13328,LISA,0.0,train,-0.7058714952217534,0.7083399129185127,-1.0,-1.8369701987210294e-16,-1.6636886596679688,-2.5579566955566406,220.64974975585935,9.366069571115077e-05,63.37649154663086,-2.404644012451172,-9.82955551147461,242.7943420410156,0.000278698047623,27.222436904907227,2.244731903076172,-3.8565406799316406,269.05419921875,0.0034791091457009,61.69745635986328,7.297405242919922,-1.092449188232422,282.8863525390625,0.0090358406305313,83.79324340820312,8.748943328857422,0.4485054016113281,290.301513671875,0.0136265978217124,94.42198181152344,0.0001004245350486,6.671942537650466e-05,10.83797550201416,2.844549655914306,-3.377599239349365,0.0001004245350486,6.671942537650466e-05,63.0003547668457,6.226799964904785
IBT_2004264N13328_2004092512,2004264N13328,LISA,2004-09-25 12:00:00,2004-09-25,2004,9,12,,TS,15.699999809265137,314.6000061035156,45.0,1000.0,IBTRACS_ERA5,OBS,1,15.699999809265137,314.6000061035156,2004264N13328,LISA,0.0,train,-0.7120259711931246,0.7021531288447611,-1.0,-1.8369701987210294e-16,-1.6636886596679688,-2.5579566955566406,220.64974975585935,9.366069571115077e-05,63.37649154663086,-2.404644012451172,-9.82955551147461,242.7943420410156,0.000278698047623,27.222436904907227,2.244731903076172,-3.8565406799316406,269.05419921875,0.0034791091457009,61.69745635986328,7.297405242919922,-1.092449188232422,282.8863525390625,0.0090358406305313,83.79324340820312,8.748943328857422,0.4485054016113281,290.301513671875,0.0136265978217124,94.42198181152344,0.0001004245350486,6.671942537650466e-05,10.83797550201416,2.844549655914306,-3.377599239349365,0.0001004245350486,6.671942537650466e-05,63.0003547668457,6.226799964904785
IBT_2004264N13328_2004092518,2004264N13328,LISA,2004-09-25 18:00:00,2004-09-25,2004,9,18,,TS,16.700000762939453,314.29998779296875,45.0,1000.0,IBTRACS_ERA5,OBS,1,16.700000762939453,314.29998779296875,2004264N13328,LISA,0.0,train,-0.715692882503113,0.6984151329505864,-1.0,-1.8369701987210294e-16,6.513313293457031,-6.436130523681641,219.81039428710935,2.360288635827601e-05,17.640974044799805,0.1427192687988281,-6.390834808349609,241.97171020507807,0.0002252959966426,23.79763412475586,-8.719623565673828,0.0628929138183593,268.209228515625,0.0034287432208657,64.81448364257812,-12.389606475830078,2.600666046142578,282.7242431640625,0.0081670731306076,76.57099914550781,-15.761554718017578,3.817890167236328,290.678955078125,0.0129772052168846,87.78263092041016,7.628071762155741e-05,4.257944601704367e-05,24.52171897888184,-6.042950630187988,-1.2691032886505127,0.0001004245350486,6.671942537650466e-05,64.67340850830078,6.226799964904785
NEG_20040925_00789,,,2004-09-25 00:00:00,2004-09-25,2004,9,0,,BG,42.5,,,,IBTRACS_ERA5,OBS,0,42.5,300.0,,,2212.2282840576245,train,-0.8660254037844386,0.5000000000000001,-1.0,-1.8369701987210294e-16,9.093635559082031,-24.47372817993164,219.57992553710935,2.2003805497661236e-05,16.903635025024414,7.008686065673828,-20.05587387084961,235.93240356445312,0.0001845972146838,35.30036544799805,3.596294403076172,-15.11996841430664,262.86376953125,0.0011362890945747,32.51139068603516,-0.3822822570800781,-10.679119110107422,277.6451416015625,0.0024721471127122,32.89435195922852,-0.0352363586425781,-7.716289520263672,283.47705078125,0.0039892415516078,43.22023391723633,-2.224986019427888e-05,-1.3499608030542731e-05,19.082664489746094,3.856219530105591,-15.608996391296388,-2.553069407440489e-06,9.926352504407989e-06,24.29605484008789,14.72950267791748
NEG_20040925_03810,,,2004-09-25 00:00:00,2004-09-25,2004,9,0,,BG,10.0,,,,IBTRACS_ERA5,OBS,0,10.0,335.0,,,2161.393091450359,train,-0.4226182617406992,0.90630778703665,-1.0,-1.8369701987210294e-16,6.244514465332031,9.47768783569336,217.8233337402344,4.814416752196848e-05,45.69557571411133,1.073383331298828,-1.0536766052246094,240.51333618164065,0.0003400386776775,41.32471466064453,-3.056537628173828,-0.9366188049316406,266.9375,0.0021326402202248,44.4184455871582,-4.220172882080078,3.707843780517578,281.9732666015625,0.0068562179803848,67.63897705078125,-1.432209014892578,0.5739936828613281,290.398681640625,0.0115288719534873,79.39213562011719,9.07035791897215e-06,-6.601420864171814e-06,11.756183624267578,-0.2782043516635895,2.3538460731506348,3.397103864699602e-05,1.0376505088061094e-05,61.49219131469727,1.772327899932861
NEG_20040925_03894,,,2004-09-25 00:00:00,2004-09-25,2004,9,0,,BG,30.0,,,,IBTRACS_ERA5,OBS,0,30.0,312.5,,,1490.185319385961,train,-0.7372773368101242,0.6755902076156601,-1.0,-1.8369701987210294e-16,23.63928985595703,5.193264007568359,219.24838256835935,2.0042440155521035e-05,16.019105911254883,26.370014190673828,3.18436050415039,235.89956665039065,0.0001286507904296,24.68362808227539,17.589214324951172,3.53579330444336,265.3740234375,0.0004480193601921,10.527315139770508,10.358928680419922,2.494464874267578,278.9344482421875,0.0033155230339616,40.3127326965332,8.397624969482422,3.010272979736328,286.4560546875,0.0084500536322593,75.1153335571289,4.528885710897157e-06,1.3160297385184094e-06,15.39720058441162,17.271015167236328,3.483631134033203,4.948157584294677e-05,7.025933882687241e-05,47.74238204956055,9.23735523223877
IBT_2004258N16300_2004092600,2004258N16300,JEANNE,2004-09-26 00:00:00,2004-09-26,2004,9,0,,TS,27.100000381469727,280.6000061035156,105.0,951.0,IBTRACS_ERA5,OBS,1,27.100000381469727,280.6000061035156,2004258N16300,JEANNE,0.0,train,-0.9829353295538656,0.183951455321326,-1.0,-1.8369701987210294e-16,-2.975940704345703,5.5264739990234375,224.4120330810547,0.0001273138914257,55.7490234375,-5.575492858886719,8.75088119506836,247.74957275390625,0.0010190736502408,62.90092468261719,-6.164432525634766,11.250343322753906,269.9535217285156,0.0056484336964786,93.62954711914062,-7.457298278808594,12.571453094482422,283.83013916015625,0.0105081684887409,91.44998168945312,-5.6629791259765625,11.05856704711914,291.29937744140625,0.0141358645632863,91.92205047607422,0.0001467337424401,0.0001192412091768,6.150140762329102,-5.5672287940979,9.831543922424316,0.0001467337424401,0.0001192412091768,57.594669342041016,6.150140762329102
IBT_2004258N16300_2004092606,2004258N16300,JEANNE,2004-09-26 06:00:00,2004-09-26,2004,9,6,,TS,27.299999237060547,279.3999938964844,95.0,953.0,IBTRACS_ERA5,OBS,1,27.299999237060547,279.3999938964844,2004258N16300,JEANNE,0.0,train,-0.9865721790054977,0.1633258571455978,-1.0,-1.8369701987210294e-16,-2.975940704345703,5.5264739990234375,224.4120330810547,0.0001273138914257,55.7490234375,-5.575492858886719,8.75088119506836,247.74957275390625,0.0010190736502408,62.90092468261719,-6.164432525634766,11.250343322753906,269.9535217285156,0.0056484336964786,93.62954711914062,-7.457298278808594,12.571453094482422,283.83013916015625,0.0105081684887409,91.44998168945312,-5.6629791259765625,11.05856704711914,291.29937744140625,0.0141358645632863,91.92205047607422,0.0001467337424401,0.0001192412091768,6.150140762329102,-5.5672287940979,9.831543922424316,0.0001467337424401,0.0001192412091768,57.594669342041016,6.150140762329102
IBT_2004258N16300_2004092612,2004258N16300,JEANNE,2004-09-26 12:00:00,2004-09-26,2004,9,12,,TS,27.700000762939453,278.3999938964844,75.0,965.0,IBTRACS_ERA5,OBS,1,27.700000762939453,278.3999938964844,2004258N16300,JEANNE,0.0,train,-0.9892723485246884,0.1460829231787469,-1.0,-1.8369701987210294e-16,-3.310901641845703,-1.3603668212890625,223.7541961669922,0.0001084781179088,51.1945915222168,0.1167678833007812,-8.73605728149414,245.78076171875,0.0007122810930013,52.62831115722656,1.1032676696777344,-12.699729919433594,269.5079650878906,0.0047075445763766,80.68189239501953,-1.9344711303710935,-15.071125030517578,283.66046142578125,0.0096437521278858,84.88823699951172,-1.8039703369140625,-19.10500717163086,291.33331298828125,0.0140295000746846,91.0342254638672,0.0001083498209482,8.847096614772454e-05,17.80851173400879,-1.1658614873886108,-11.39445686340332,0.0001467337424401,0.0001192412091768,49.35841369628906,6.150140762329102
IBT_2004258N16300_2004092618,2004258N16300,JEANNE,2004-09-26 18:00:00,2004-09-26,2004,9,18,,TS,28.299999237060547,277.70001220703125,55.0,970.0,IBTRACS_ERA5,OBS,1,28.299999237060547,277.70001220703125,2004258N16300,JEANNE,0.0,train,-0.9909831711686702,0.1339863965501204,-1.0,-1.8369701987210294e-16,-3.310901641845703,-1.3603668212890625,223.7541961669922,0.0001084781179088,51.1945915222168,0.1167678833007812,-8.73605728149414,245.78076171875,0.0007122810930013,52.62831115722656,1.1032676696777344,-12.699729919433594,269.5079650878906,0.0047075445763766,80.68189239501953,-1.9344711303710935,-15.071125030517578,283.66046142578125,0.0096437521278858,84.88823699951172,-1.8039703369140625,-19.10500717163086,291.33331298828125,0.0140295000746846,91.0342254638672,0.0001083498209482,8.847096614772454e-05,17.80851173400879,-1.1658614873886108,-11.39445686340332,0.0001467337424401,0.0001192412091768,49.35841369628906,6.150140762329102
IBT_2004264N13328_2004092600,2004264N13328,LISA,2004-09-26 00:00:00,2004-09-26,2004,9,0,,TS,17.399999618530273,314.20001220703125,45.0,1000.0,IBTRACS_ERA5,OBS,1,17.399999618530273,314.20001220703125,2004264N13328,LISA,0.0,train,-0.7169104591174286,0.6971652555944234,-1.0,-1.8369701987210294e-16,-2.932483673095703,-0.6996002197265625,220.7616424560547,8.925259317038581e-05,59.6023063659668,6.033638000488281,-4.806003570556641,242.44354248046875,0.0003797356039285,38.347389221191406,9.286495208740234,-2.0921859741210938,269.0483703613281,0.0033867801539599,60.08650207519531,9.595924377441406,6.474285125732422,283.17559814453125,0.0090031512081623,81.87676239013672,8.916610717773438,11.78219985961914,290.53399658203125,0.0135884555056691,92.77069854736328,0.0001050474820658,7.129841833375394e-05,17.210355758666992,6.180037021636963,2.1317391395568848,0.0001050474820658,7.129841833375394e-05,62.659122467041016,7.697798728942871
IBT_2004264N13328_2004092606,2004264N13328,LISA,2004-09-26 06:00:00,2004-09-26,2004,9,6,,TS,18.0,314.1000061035156,50.0,997.0,IBTRACS_ERA5,OBS,1,18.0,314.1000061035156,2004264N13328,LISA,0.0,train,-0.7181262236300695,0.6959128730917509,-1.0,-1.8369701987210294e-16,-2.932483673095703,-0.6996002197265625,220.7616424560547,8.925259317038581e-05,59.6023063659668,6.033638000488281,-4.806003570556641,242.44354248046875,0.0003797356039285,38.347389221191406,9.286495208740234,-2.0921859741210938,269.0483703613281,0.0033867801539599,60.08650207519531,9.595924377441406,6.474285125732422,283.17559814453125,0.0090031512081623,81.87676239013672,8.916610717773438,11.78219985961914,290.53399658203125,0.0135884555056691,92.77069854736328,0.0001050474820658,7.129841833375394e-05,17.210355758666992,6.180037021636963,2.1317391395568848,0.0001050474820658,7.129841833375394e-05,62.659122467041016,7.697798728942871
IBT_2004264N13328_2004092612,2004264N13328,LISA,2004-09-26 12:00:00,2004-09-26,2004,9,12,,TS,18.700000762939453,314.0,55.0,994.0,IBTRACS_ERA5,OBS,1,18.700000762939453,314.0,2004264N13328,LISA,0.0,train,-0.7193398003386511,0.6946583704589973,-1.0,-1.8369701987210294e-16,-2.932483673095703,-0.6996002197265625,220.7616424560547,8.925259317038581e-05,59.6023063659668,6.033638000488281,-4.806003570556641,242.44354248046875,0.0003797356039285,38.347389221191406,9.286495208740234,-2.0921859741210938,269.0483703613281,0.0033867801539599,60.08650207519531,9.595924377441406,6.474285125732422,283.17559814453125,0.0090031512081623,81.87676239013672,8.916610717773438,11.78219985961914,290.53399658203125,0.0135884555056691,92.77069854736328,0.0001050474820658,7.129841833375394e-05,17.210355758666992,6.180037021636963,2.1317391395568848,0.0001050474820658,7.129841833375394e-05,62.659122467041016,7.697798728942871
IBT_2004264N13328_2004092618,2004264N13328,LISA,2004-09-26 18:00:00,2004-09-26,2004,9,18,,TS,19.200000762939453,314.0,50.0,997.0,IBTRACS_ERA5,OBS,1,19.200000762939453,314.0,2004264N13328,LISA,0.0,train,-0.7193398003386511,0.6946583704589973,-1.0,-1.8369701987210294e-16,3.347789764404297,5.2542572021484375,219.9236297607422,6.997142190812156e-05,51.59762573242188,-2.4248580932617188,6.431545257568359,243.18536376953125,0.0006117764860391,57.586647033691406,-8.735721588134766,6.355079650878906,267.7156066894531,0.0047157849185168,92.5515365600586,-14.277854919433594,11.722576141357422,282.00103759765625,0.0090502686798572,89.11561584472656,-20.09779357910156,11.72995376586914,289.73150634765625,0.0120048793032765,86.27616119384766,6.787487654946744e-05,6.076358840800822e-05,24.32344627380371,-8.437687873840332,8.29868221282959,0.0001050474820658,7.129841833375394e-05,67.58087158203125,7.905329704284668
NEG_20040926_00927,,,2004-09-26 00:00:00,2004-09-26,2004,9,0,,BG,2.5,,,,IBTRACS_ERA5,OBS,0,2.5,327.5,,,2203.052479066548,train,-0.5372996083468242,0.8433914458128855,-1.0,-1.8369701987210294e-16,0.3050651550292969,9.143051147460938,218.59214782714844,4.459358024178073e-05,38.56499862670898,-1.3236618041992188,4.208400726318359,241.1160888671875,0.0001427810784662,16.371187210083008,-7.332767486572266,-6.525535583496094,267.2104187011719,0.0034071723930537,69.49701690673828,-2.9873275756835938,-0.6706123352050781,281.4359741210937,0.0085609592497348,87.60591125488281,-2.9150543212890625,1.5546607971191406,289.4725952148437,0.0121774645522236,88.98348236083984,-8.263277777587064e-06,-1.701979499557638e-07,8.243350982666016,-2.850749254226685,1.5419929027557373,1.1258083759457804e-05,4.816331511392491e-06,60.78109359741211,1.7947726249694824
NEG_20040926_01652,,,2004-09-26 00:00:00,2004-09-26,2004,9,0,,BG,40.0,,,,IBTRACS_ERA5,OBS,0,40.0,27.5,,,7268.104205698368,train,0.4617486132350339,0.8870108331782217,-1.0,-1.8369701987210294e-16,22.960582733154297,21.28428649902344,216.9698944091797,1.4305339391285088e-05,15.068653106689451,19.01215362548828,21.15395736694336,232.78094482421875,0.0001203026768052,31.798398971557617,10.329952239990234,13.925148010253906,260.6898498535156,0.0009029802167788,30.74421501159668,8.338356018066406,11.887859344482422,277.61724853515625,0.004427243489772,59.02444076538086,6.6524505615234375,12.32687759399414,288.49127197265625,0.0077357562258839,60.22004318237305,-2.53238613368012e-05,-1.3151719940651674e-05,18.60619163513184,13.458699226379396,16.115625381469727,2.6790061383508142e-05,5.926292487856699e-06,59.140655517578125,5.928497314453125
NEG_20040926_03359,,,2004-09-26 00:00:00,2004-09-26,2004,9,0,,BG,32.5,,,,IBTRACS_ERA5,OBS,0,32.5,30.0,,,7597.089563120528,train,0.4999999999999999,0.8660254037844387,-1.0,-1.8369701987210294e-16,27.448131561279297,21.03038024902344,219.7107391357422,1.653585786698386e-05,12.506534576416016,15.39813995361328,14.47793197631836,237.57342529296875,0.000146435588249,23.751012802124023,8.203487396240234,4.322853088378906,266.9917297363281,0.0005161162698641,10.705050468444824,7.663551330566406,-0.7491035461425781,279.03619384765625,0.0041473400779068,50.07099914550781,-3.2545318603515625,-1.0840110778808594,293.25885009765625,0.0049101384356617,28.2213077545166,-5.1242561312392354e-05,-2.397230127826333e-05,37.83781051635742,11.091755867004396,7.599610328674316,2.4315257178386677e-05,5.296908966556657e-06,33.32511138916016,3.3042666912078857
NEG_20040926_04004,,,2004-09-26 00:00:00,2004-09-26,2004,9,0,,BG,30.0,,,,IBTRACS_ERA5,OBS,0,30.0,20.0,,,6693.123074686973,train,0.3420201433256687,0.9396926207859084,-1.0,-1.8369701987210294e-16,31.849742889404297,32.94078063964844,218.2349090576172,2.115056122420356e-05,19.09759330749512,25.02094268798828,21.85879135131836,234.57305908203125,0.0002181846793973,47.91652297973633,15.542598724365234,4.993263244628906,261.8469543457031,0.0007814314449205,24.243572235107425,9.065406799316406,0.3246269226074219,281.53375244140625,0.001936812303029,19.687952041625977,4.8621673583984375,2.1581764221191406,293.35357666015625,0.0065088542178273,37.18900680541992,-1.9224420611863025e-05,-3.995190581917996e-06,40.9377326965332,17.268171310424805,12.455127716064451,2.7619709726423025e-05,3.535192081471905e-05,34.74085998535156,17.623918533325195
IBT_2004258N16300_2004092700,2004258N16300,JEANNE,2004-09-27 00:00:00,2004-09-27,2004,9,0,,TS,29.299999237060547,277.29998779296875,45.0,978.0,IBTRACS_ERA5,OBS,1,29.299999237060547,277.29998779296875,2004258N16300,JEANNE,0.0,train,-0.9918944696614888,0.1270643972753725,-1.0,-1.8369701987210294e-16,3.145088195800781,8.65561294555664,223.6656188964844,9.36029537115246e-05,44.62387466430664,3.1262130737304688,12.29416275024414,246.0885009765625,0.0005807447596453,41.71096420288086,2.767131805419922,14.365478515625,269.9549560546875,0.0053130267187952,88.06034088134766,4.395233154296875,15.262916564941406,283.3319396972656,0.010107247158885,90.95491027832033,-0.5283164978027344,15.901103973388672,290.6990966796875,0.0136684235185384,92.33971405029295,0.0001415724109392,0.0001167020382126,8.12348747253418,2.5810699462890625,13.295855522155762,0.0001415724109392,0.0001167020382126,64.29287719726562,2.493494749069214
IBT_2004258N16300_2004092706,2004258N16300,JEANNE,2004-09-27 06:00:00,2004-09-27,2004,9,6,,TS,30.100000381469727,276.70001220703125,40.0,981.0,IBTRACS_ERA5,OBS,1,30.100000381469727,276.70001220703125,2004258N16300,JEANNE,0.0,train,-0.993170624681426,0.1166709486972046,-1.0,-1.8369701987210294e-16,3.145088195800781,8.65561294555664,223.6656188964844,9.36029537115246e-05,44.62387466430664,3.1262130737304688,12.29416275024414,246.0885009765625,0.0005807447596453,41.71096420288086,2.767131805419922,14.365478515625,269.9549560546875,0.0053130267187952,88.06034088134766,4.395233154296875,15.262916564941406,283.3319396972656,0.010107247158885,90.95491027832033,-0.5283164978027344,15.901103973388672,290.6990966796875,0.0136684235185384,92.33971405029295,0.0001415724109392,0.0001167020382126,8.12348747253418,2.5810699462890625,13.295855522155762,0.0001415724109392,0.0001167020382126,64.29287719726562,2.493494749069214
IBT_2004258N16300_2004092712,2004258N16300,JEANNE,2004-09-27 12:00:00,2004-09-27,2004,9,12,,TS,31.100000381469727,276.1000061035156,35.0,987.0,IBTRACS_ERA5,OBS,1,31.100000381469727,276.1000061035156,2004258N16300,JEANNE,0.0,train,-0.9943379328132652,0.1062641772595179,-1.0,-1.8369701987210294e-16,-1.6149215698242188,3.7303199768066406,223.0323181152344,8.891746983863413e-05,45.58372497558594,0.8278732299804688,-1.2400169372558594,244.8477783203125,0.000760102586355,61.22845077514648,5.846965789794922,-12.40185546875,268.18310546875,0.0048119304701685,91.14167022705078,5.457000732421875,-16.381736755371094,282.5731506347656,0.0083505790680646,79.09587097167969,0.6347694396972656,-18.369403839111328,291.1109619140625,0.0125168021768331,82.37303161621094,0.0001011038402793,8.055483340285718e-05,22.21393394470215,2.230337619781494,-8.932538986206055,0.0001415724109392,0.0001167020382126,57.819461822509766,2.493494749069214
IBT_2004258N16300_2004092718,2004258N16300,JEANNE,2004-09-27 18:00:00,2004-09-27,2004,9,18,,TS,32.5,276.3999938964844,30.0,993.0,IBTRACS_ERA5,OBS,1,32.5,276.3999938964844,2004258N16300,JEANNE,0.0,train,-0.9937679310349796,0.1114688263437625,-1.0,-1.8369701987210294e-16,1.5210647583007812,12.63644790649414,222.56417846679688,0.0001076133048627,58.22906112670898,-3.8013992309570312,17.03525161743164,245.09613037109372,0.0009135043947026,71.90754699707031,-14.450519561767578,13.9769287109375,267.95562744140625,0.00446408521384,86.02639770507812,-15.346832275390623,11.715919494628906,281.8773498535156,0.0089330049231648,88.70403289794922,-18.102657318115234,10.931499481201172,289.3123779296875,0.0128819998353719,95.1064682006836,8.175828406820074e-05,7.451915735146031e-05,19.69764709472656,-10.0360689163208,13.259210586547852,0.0001415724109392,0.0001167020382126,62.430450439453125,8.12348747253418
IBT_2004264N13328_2004092700,2004264N13328,LISA,2004-09-27 00:00:00,2004-09-27,2004,9,0,,TS,19.600000381469727,314.0,45.0,1000.0,IBTRACS_ERA5,OBS,1,19.600000381469727,314.0,2004264N13328,LISA,0.0,train,-0.7193398003386511,0.6946583704589973,-1.0,-1.8369701987210294e-16,2.462226867675781,-3.01723861694336,219.6368103027344,7.048845873214304e-05,53.784141540527344,13.831779479980469,-2.80886459350586,242.6480712890625,0.0003986003866884,39.47797775268555,11.677532196044922,7.37646484375,268.9970703125,0.0014500498073175,25.825668334960938,5.427215576171875,17.261817932128906,283.6039123535156,0.008248059079051,72.87904357910156,0.1875038146972656,21.893779754638672,290.2442626953125,0.0128731187433004,89.52786254882812,9.480875451117754e-05,3.068088699365035e-05,25.0146598815918,6.717251777648926,8.141191482543945,9.480875451117754e-05,5.275240255286917e-05,58.69611740112305,4.5452423095703125
IBT_2004264N13328_2004092706,2004264N13328,LISA,2004-09-27 06:00:00,2004-09-27,2004,9,6,,TS,20.0,313.8999938964844,45.0,1000.0,IBTRACS_ERA5,OBS,1,20.0,313.8999938964844,2004264N13328,LISA,0.0,train,-0.7205511855459571,0.6934017515180617,-1.0,-1.8369701987210294e-16,2.462226867675781,-3.01723861694336,219.6368103027344,7.048845873214304e-05,53.784141540527344,13.831779479980469,-2.80886459350586,242.6480712890625,0.0003986003866884,39.47797775268555,11.677532196044922,7.37646484375,268.9970703125,0.0014500498073175,25.825668334960938,5.427215576171875,17.261817932128906,283.6039123535156,0.008248059079051,72.87904357910156,0.1875038146972656,21.893779754638672,290.2442626953125,0.0128731187433004,89.52786254882812,9.480875451117754e-05,3.068088699365035e-05,25.0146598815918,6.717251777648926,8.141191482543945,9.480875451117754e-05,5.275240255286917e-05,58.69611740112305,4.5452423095703125
IBT_2004264N13328_2004092712,2004264N13328,LISA,2004-09-27 12:00:00,2004-09-27,2004,9,12,,TS,20.600000381469727,313.79998779296875,45.0,1000.0,IBTRACS_ERA5,OBS,1,20.600000381469727,313.79998779296875,2004264N13328,LISA,0.0,train,-0.7217603755614473,0.6921430200972907,-1.0,-1.8369701987210294e-16,2.462226867675781,-3.01723861694336,219.6368103027344,7.048845873214304e-05,53.784141540527344,13.831779479980469,-2.80886459350586,242.6480712890625,0.0003986003866884,39.47797775268555,11.677532196044922,7.37646484375,268.9970703125,0.0014500498073175,25.825668334960938,5.427215576171875,17.261817932128906,283.6039123535156,0.008248059079051,72.87904357910156,0.1875038146972656,21.893779754638672,290.2442626953125,0.0128731187433004,89.52786254882812,9.480875451117754e-05,3.068088699365035e-05,25.0146598815918,6.717251777648926,8.141191482543945,9.480875451117754e-05,5.275240255286917e-05,58.69611740112305,4.5452423095703125
IBT_2004264N13328_2004092718,2004264N13328,LISA,2004-09-27 18:00:00,2004-09-27,2004,9,18,,TS,21.299999237060547,313.79998779296875,40.0,1002.0,IBTRACS_ERA5,OBS,1,21.299999237060547,313.79998779296875,2004264N13328,LISA,0.0,train,-0.7217603755614473,0.6921430200972907,-1.0,-1.8369701987210294e-16,5.446113586425781,9.62680435180664,219.21359252929688,7.398278103210032e-05,59.37825012207031,0.7482833862304688,5.058322906494141,242.835205078125,0.0007464121445082,72.62566375732422,-1.580524444580078,9.87548828125,267.1988525390625,0.0043910918757319,89.64554595947266,-11.167510986328123,12.778419494628906,281.4891662597656,0.0086091738194227,87.78001403808594,-18.99999618530273,9.698955535888672,288.8468017578125,0.0111647900193929,84.93924713134766,4.222435018164106e-05,5.275240255286917e-05,24.446216583251957,-5.110726833343506,9.407598495483398,9.480875451117754e-05,5.275240255286917e-05,60.74388122558594,5.809355735778809
NEG_20040927_01249,,,2004-09-27 00:00:00,2004-09-27,2004,9,0,,BG,0.0,,,,IBTRACS_ERA5,OBS,0,0.0,262.5,,,3616.850801967595,train,-0.9914448613738104,-0.1305261922200516,-1.0,-1.8369701987210294e-16,-0.6713180541992188,2.4183082580566406,219.26144409179688,1.5141824405873194e-05,12.083340644836426,-1.3088455200195312,1.6845436096191406,241.4635009765625,4.5882461563451216e-05,5.088092803955078,-6.299518585205078,1.083740234375,268.6839599609375,0.0002979515993501,5.433445930480957,-8.386505126953125,-1.8984603881835935,281.9740295410156,0.0069481707178056,68.54256439208984,-6.136470794677734,5.961894989013672,293.1566162109375,0.0019805491901934,11.456400871276855,-1.108826654672157e-05,-3.6365879623190263e-06,6.513440132141113,-4.5605316162109375,1.850005388259888,7.798813385306858e-06,9.23435618460644e-06,62.53045272827149,3.2462966442108154
NEG_20040927_02029,,,2004-09-27 00:00:00,2004-09-27,2004,9,0,,BG,15.0,,,,IBTRACS_ERA5,OBS,0,15.0,15.0,,,6463.883189094133,train,0.2588190451025207,0.9659258262890684,-1.0,-1.8369701987210294e-16,4.216621398925781,10.18246841430664,218.71322631835935,5.993377999402583e-05,51.08091354370117,0.9333419799804688,5.072971343994141,240.4779052734375,0.0002805012336466,34.206321716308594,-6.288776397705078,-3.7880859375,265.74609375,0.001080799032934,24.67405128479004,-9.775909423828123,-2.2030258178710938,285.1659240722656,0.0033721006475389,26.84380531311035,-11.074214935302734,-0.910907745361328,300.3887939453125,0.0041422308422625,15.401592254638672,2.29901143029565e-05,-5.697696451534284e-06,18.89107322692871,-4.397787570953369,1.6706840991973877,2.70347336481791e-05,7.387014193227515e-06,33.63539123535156,4.838113307952881
NEG_20040927_04411,,,2004-09-27 00:00:00,2004-09-27,2004,9,0,,BG,30.0,,,,IBTRACS_ERA5,OBS,0,30.0,297.5,,,1895.5942896416448,train,-0.8870108331782216,0.4617486132350341,-1.0,-1.8369701987210294e-16,-4.295341491699219,-13.44277572631836,218.1426696777344,3.285278580733575e-05,29.99702453613281,-3.5583572387695312,-8.58938217163086,238.7244873046875,0.00018880321295,27.32417869567871,-7.399127960205078,-6.83935546875,267.27685546875,0.0004036753380205,8.19216251373291,-2.861358642578125,-5.479393005371094,283.3634338378906,0.0007718480774201,6.931138038635254,-4.369625091552734,-1.156513214111328,285.6539306640625,0.0086302813142538,80.8806381225586,-3.59574778485694e-06,-3.531094262143597e-05,12.286486625671388,-4.496762275695801,-7.1014838218688965,1.4294865650299473e-05,2.527782999095507e-05,15.162433624267578,2.660341739654541
IBT_2004258N16300_2004092800,2004258N16300,JEANNE,2004-09-28 00:00:00,2004-09-28,2004,9,0,,TS,33.20000076293945,276.79998779296875,25.0,998.0,IBTRACS_ERA5,OBS,1,33.20000076293945,276.79998779296875,2004258N16300,JEANNE,0.0,train,-0.9929655333328216,0.1184037567523301,-1.0,-1.8369701987210294e-16,11.577129364013672,7.927433013916016,222.76742553710935,2.181590571126435e-05,11.53058910369873,12.462203979492188,3.726917266845703,242.08120727539065,0.0002691203553695,28.13117790222168,15.15131378173828,2.6169967651367188,268.5726928710937,0.0024794887285679,45.59786987304688,14.642520904541016,0.7444915771484375,281.87225341796875,0.0070915929973125,70.44339752197266,15.617546081542969,3.128925323486328,289.5091552734375,0.0107317063957452,78.2349853515625,7.398822344839573e-05,5.391051672631875e-05,6.273009300231934,13.890142440795898,3.628952741622925,8.985510794445872e-05,6.992070120759308e-05,56.41008758544922,1.9001370668411253
IBT_2004258N16300_2004092806,2004258N16300,JEANNE,2004-09-28 06:00:00,2004-09-28,2004,9,6,,TS,34.099998474121094,277.6000061035156,20.0,999.0,IBTRACS_ERA5,OBS,1,34.099998474121094,277.6000061035156,2004258N16300,JEANNE,0.0,train,-0.9912155261627332,0.1322564958477876,-1.0,-1.8369701987210294e-16,11.104106903076172,9.405704498291016,222.41775512695312,5.110996062285267e-05,28.1279296875,7.194015502929688,7.309680938720703,243.27560424804688,0.00065922527574,61.5267448425293,3.270698547363281,0.0855026245117187,267.02001953125,0.0035532067995518,73.53948974609375,-1.7417564392089844,-3.0545806884765625,281.76251220703125,0.0077250115573406,77.31080627441406,-2.7514724731445312,-5.895000457763672,288.55859375,0.0115761552006006,89.7244644165039,8.985510794445872e-05,6.992070120759308e-05,20.64191436767578,3.415118455886841,1.5702613592147827,8.985510794445872e-05,6.992070120759308e-05,57.60502624511719,1.9001370668411253
IBT_2004258N16300_2004092812,2004258N16300,JEANNE,2004-09-28 12:00:00,2004-09-28,2004,9,12,,TS,35.400001525878906,279.0,20.0,1000.0,IBTRACS_ERA5,OBS,1,35.400001525878906,279.0,2004258N16300,JEANNE,0.0,train,-0.9876883405951378,0.1564344650402306,-1.0,-1.8369701987210294e-16,11.071147918701172,8.621036529541016,222.52847290039065,4.111500675207935e-05,22.339191436767575,11.849533081054688,11.051136016845703,243.20187377929688,0.0003758499224204,35.323726654052734,8.375679016113281,13.24102020263672,267.865478515625,0.0041061290539801,79.67252349853516,4.502628326416016,13.617538452148438,281.35968017578125,0.0090293101966381,92.88133239746094,2.6108322143554688,13.594501495361328,288.634033203125,0.0127406511455774,98.26959991455078,8.844133117236197e-05,6.190996646182612e-05,9.813882827758787,7.681963920593262,12.025046348571776,8.985510794445872e-05,6.992070120759308e-05,67.66108703613281,1.9001370668411253
IBT_2004258N16300_2004092818,2004258N16300,JEANNE,2004-09-28 18:00:00,2004-09-28,2004,9,18,,TS,37.29999923706055,281.6000061035156,25.0,999.0,IBTRACS_ERA5,OBS,1,37.29999923706055,281.6000061035156,2004258N16300,JEANNE,0.0,train,-0.9795752281792228,0.2010780254966308,-1.0,-1.8369701987210294e-16,17.689189910888672,10.160587310791016,221.08462524414065,5.608648280031048e-05,36.05807876586914,13.092697143554688,12.280261993408203,241.93490600585935,0.0005670280661433,60.10513687133789,5.940376281738281,14.06902313232422,266.1566772460937,0.0036568592768162,80.87727355957031,1.2753334045410156,13.653915405273438,280.7299194335937,0.0077510587871074,83.2458724975586,0.0753097534179687,13.280780792236328,288.81787109375,0.011476406827569,87.47319030761719,2.8993788873776797e-05,1.781377795850858e-05,17.888107299804688,7.614581108093262,12.688913345336914,8.985510794445872e-05,6.992070120759308e-05,68.67516326904297,4.982972145080566
IBT_2004264N13328_2004092800,2004264N13328,LISA,2004-09-28 00:00:00,2004-09-28,2004,9,0,,TS,22.0,313.6000061035156,40.0,1002.0,IBTRACS_ERA5,OBS,1,22.0,313.6000061035156,2004264N13328,LISA,0.0,train,-0.7241717879747462,0.6896196208791185,-1.0,-1.8369701987210294e-16,10.264263153076172,1.3573646545410156,219.49594116210935,3.068931619054638e-05,23.813447952270508,14.823654174804688,1.1141242980957031,241.20962524414065,0.0001765152119332,20.057767868041992,5.812324523925781,-1.7964553833007812,267.96832275390625,0.0021441008429974,41.27864837646485,2.720523834228516,-1.2357330322265625,283.27398681640625,0.0070372484624385,63.57561492919922,0.4985275268554687,-2.376934051513672,290.5908203125,0.0126751158386468,86.22216033935547,6.743235280737281e-05,3.429832577239722e-05,10.455361366271973,6.823858737945557,-0.5875266790390015,6.743235280737281e-05,4.984618863090873e-05,60.12700653076172,2.579042196273804
IBT_2004264N13328_2004092806,2004264N13328,LISA,2004-09-28 06:00:00,2004-09-28,2004,9,6,,TS,23.0,313.5,40.0,1002.0,IBTRACS_ERA5,OBS,1,23.0,313.5,2004264N13328,LISA,0.0,train,-0.7253743710122879,0.6883545756937537,-1.0,-1.8369701987210294e-16,10.264263153076172,1.3573646545410156,219.49594116210935,3.068931619054638e-05,23.813447952270508,14.823654174804688,1.1141242980957031,241.20962524414065,0.0001765152119332,20.057767868041992,5.812324523925781,-1.7964553833007812,267.96832275390625,0.0021441008429974,41.27864837646485,2.720523834228516,-1.2357330322265625,283.27398681640625,0.0070372484624385,63.57561492919922,0.4985275268554687,-2.376934051513672,290.5908203125,0.0126751158386468,86.22216033935547,6.743235280737281e-05,3.429832577239722e-05,10.455361366271973,6.823858737945557,-0.5875266790390015,6.743235280737281e-05,4.984618863090873e-05,60.12700653076172,2.579042196273804
IBT_2004264N13328_2004092812,2004264N13328,LISA,2004-09-28 12:00:00,2004-09-28,2004,9,12,,TS,24.299999237060547,313.5,45.0,1000.0,IBTRACS_ERA5,OBS,1,24.299999237060547,313.5,2004264N13328,LISA,0.0,train,-0.7253743710122879,0.6883545756937537,-1.0,-1.8369701987210294e-16,4.583843231201172,9.109317779541016,219.7933654785156,4.32784654549323e-05,32.41227722167969,9.287765502929688,1.5670051574707031,240.88766479492188,0.0001676546089584,19.65103912353516,-0.0237350463867187,-1.2516555786132812,267.303955078125,0.0029185663443058,59.10667419433594,-5.979061126708984,-2.1534576416015625,281.12237548828125,0.0079292468726634,82.89957427978516,-9.672859191894531,-3.195781707763672,289.671142578125,0.0118540320545434,85.52262115478516,5.829031579196453e-05,4.41726588178426e-05,18.832658767700195,-0.360809326171875,0.8150855898857117,6.743235280737281e-05,4.984618863090873e-05,59.20281219482422,2.579042196273804
IBT_2004264N13328_2004092818,2004264N13328,LISA,2004-09-28 18:00:00,2004-09-28,2004,9,18,,TS,25.399999618530277,313.5,55.0,994.0,IBTRACS_ERA5,OBS,1,25.399999618530277,313.5,2004264N13328,LISA,0.0,train,-0.7253743710122879,0.6883545756937537,-1.0,-1.8369701987210294e-16,4.583843231201172,9.109317779541016,219.7933654785156,4.32784654549323e-05,32.41227722167969,9.287765502929688,1.5670051574707031,240.88766479492188,0.0001676546089584,19.65103912353516,-0.0237350463867187,-1.2516555786132812,267.303955078125,0.0029185663443058,59.10667419433594,-5.979061126708984,-2.1534576416015625,281.12237548828125,0.0079292468726634,82.89957427978516,-9.672859191894531,-3.195781707763672,289.671142578125,0.0118540320545434,85.52262115478516,5.829031579196453e-05,4.41726588178426e-05,18.832658767700195,-0.360809326171875,0.8150855898857117,6.743235280737281e-05,4.984618863090873e-05,59.20281219482422,2.579042196273804
NEG_20040928_03350,,,2004-09-28 00:00:00,2004-09-28,2004,9,0,,BG,27.5,,,,IBTRACS_ERA5,OBS,0,27.5,347.5,,,3382.491025462477,train,-0.2164396139381028,0.9762960071199334,-1.0,-1.8369701987210294e-16,27.45811080932617,-3.5570640563964844,216.86154174804688,1.9763039745157585e-05,21.09617805480957,23.107223510742188,-2.796276092529297,236.55844116210935,9.658166527515276e-05,17.33930206298828,9.66559600830078,3.5444869995117188,265.52691650390625,0.0010342772584408,24.01630210876465,-1.0984458923339844,3.518661499023437,282.3270874023437,0.0020553581416606,19.79544258117676,-3.6861648559570312,-0.4385795593261719,292.6552734375,0.0048986165784299,29.24107551574707,3.2148447644431144e-05,2.443639095872641e-05,31.30001449584961,11.089263916015623,0.0542457588016986,3.472942262305878e-05,6.979839963605627e-05,27.629793167114254,1.5889651775360107
IBT_2004264N13328_2004092900,2004264N13328,LISA,2004-09-29 00:00:00,2004-09-29,2004,9,0,,TS,26.399999618530277,313.6000061035156,60.0,990.0,IBTRACS_ERA5,OBS,1,26.399999618530277,313.6000061035156,2004264N13328,LISA,0.0,train,-0.7241717879747462,0.6896196208791185,-1.0,-1.8369701987210294e-16,5.292865753173828,16.13713836669922,219.12759399414065,3.7874706322327256e-05,30.71285820007324,7.670368194580078,10.295196533203123,238.8282470703125,0.000226980948355,32.51560592651367,4.231227874755859,-2.437206268310547,266.0598449707031,0.00124816771131,27.812253952026367,0.5345344543457031,-6.365940093994141,280.0544738769531,0.006816373206675,76.69041442871094,-2.5324745178222656,-7.303798675537109,288.8297119140625,0.0106500126421451,81.11237335205078,6.702468817820773e-05,5.528260953724384e-05,24.712617874145508,3.039304256439209,2.065078020095825,6.702468817820773e-05,6.915842823218554e-05,54.983028411865234,4.733626842498779
IBT_2004264N13328_2004092906,2004264N13328,LISA,2004-09-29 06:00:00,2004-09-29,2004,9,6,,TS,27.5,313.79998779296875,60.0,990.0,IBTRACS_ERA5,OBS,1,27.5,313.79998779296875,2004264N13328,LISA,0.0,train,-0.7217603755614473,0.6921430200972907,-1.0,-1.8369701987210294e-16,4.120624542236328,14.46794891357422,218.8531188964844,5.729441181756556e-05,48.01655960083008,4.545612335205078,9.031646728515623,241.02935791015625,0.0004543177201412,52.52872467041016,7.955226898193359,13.082202911376951,266.1318664550781,0.0024850161280483,55.06537628173828,2.306995391845703,17.62795639038086,279.2190246582031,0.0066464999690651,79.23054504394531,-0.5980262756347656,14.09170913696289,289.4345703125,0.0113073624670505,82.82762908935547,6.514770211651921e-05,5.471889016916976e-05,4.733626842498779,3.666086673736572,13.660293579101562,6.702468817820773e-05,6.915842823218554e-05,61.92119216918945,4.733626842498779
IBT_2004264N13328_2004092912,2004264N13328,LISA,2004-09-29 12:00:00,2004-09-29,2004,9,12,,TS,28.899999618530277,314.20001220703125,60.0,990.0,IBTRACS_ERA5,OBS,1,28.899999618530277,314.20001220703125,2004264N13328,LISA,0.0,train,-0.7169104591174286,0.6971652555944234,-1.0,-1.8369701987210294e-16,3.546161651611328,18.92034149169922,217.74069213867188,6.301692337729037e-05,60.41584396362305,-3.105266571044922,13.582916259765623,241.01995849609372,0.0006156451418064,71.24605560302734,0.5111351013183594,9.655445098876951,265.6764221191406,0.0036501977592706,83.78269958496094,-3.946178436279297,13.08523178100586,277.9455871582031,0.0069353738799691,90.35608673095705,-8.337284088134766,10.07730484008789,288.56591796875,0.0108993090689182,84.43832397460938,4.864728180109523e-05,6.915842823218554e-05,14.81268310546875,-2.266286373138428,13.064249038696287,6.702468817820773e-05,6.915842823218554e-05,61.88150405883789,4.733626842498779
IBT_2004264N13328_2004092918,2004264N13328,LISA,2004-09-29 18:00:00,2004-09-29,2004,9,18,,TS,30.100000381469727,314.20001220703125,60.0,990.0,IBTRACS_ERA5,OBS,1,30.100000381469727,314.20001220703125,2004264N13328,LISA,0.0,train,-0.7169104591174286,0.6971652555944234,-1.0,-1.8369701987210294e-16,3.546161651611328,18.92034149169922,217.74069213867188,6.301692337729037e-05,60.41584396362305,-3.105266571044922,13.582916259765623,241.01995849609372,0.0006156451418064,71.24605560302734,0.5111351013183594,9.655445098876951,265.6764221191406,0.0036501977592706,83.78269958496094,-3.946178436279297,13.08523178100586,277.9455871582031,0.0069353738799691,90.35608673095705,-8.337284088134766,10.07730484008789,288.56591796875,0.0108993090689182,84.43832397460938,4.864728180109523e-05,6.915842823218554e-05,14.81268310546875,-2.266286373138428,13.064249038696287,6.702468817820773e-05,6.915842823218554e-05,61.88150405883789,4.733626842498779
NEG_20040929_01214,,,2004-09-29 00:00:00,2004-09-29,2004,9,0,,BG,27.5,,,,IBTRACS_ERA5,OBS,0,27.5,27.5,,,7018.847018065724,train,0.4617486132350339,0.8870108331782217,-1.0,-1.8369701987210294e-16,2.309101104736328,6.148246765136719,219.44448852539065,1.9831728423014283e-05,15.483322143554688,-3.662761688232422,10.611114501953123,239.3970947265625,6.61499216221273e-05,8.961775779724121,-4.106296539306641,7.152881622314453,268.3674011230469,0.0001496318000135,2.7948217391967773,-3.452037811279297,6.603786468505859,282.9737854003906,0.0028681915719062,26.44143867492676,-6.299442291259766,1.3708839416503906,297.9757080078125,0.0039411815814673,16.942277908325195,-7.76027900428744e-06,-2.032581687672064e-05,9.845314025878906,-3.042287349700928,6.377382755279541,2.247783777420409e-05,1.6224830687860958e-06,22.367197036743164,2.3701727390289307
NEG_20040929_03840,,,2004-09-29 00:00:00,2004-09-29,2004,9,0,,BG,5.0,,,,IBTRACS_ERA5,OBS,0,5.0,297.5,,,2930.568098310904,train,-0.8870108331782216,0.4617486132350341,-1.0,-1.8369701987210294e-16,4.951923370361328,-2.076484680175781,218.83285522460935,6.17913028690964e-05,51.91156768798828,3.221881866455078,0.126129150390625,241.47808837890625,0.0004939231439493,54.69654083251953,-8.81137466430664,0.2118415832519531,267.4314270019531,0.001050257938914,21.063718795776367,-8.156627655029297,-0.1615943908691406,281.8598937988281,0.0073654213920235,73.22500610351562,-3.1820106506347656,0.0309181213378906,291.898193359375,0.0122584141790866,76.74834442138672,-2.2628134956903523e-06,-9.484016118221916e-06,8.402501106262207,-2.395241498947144,-0.3738380372524261,8.914308637031354e-06,1.0462517820997164e-05,63.44878387451172,4.722340106964111
IBT_2004264N13328_2004093000,2004264N13328,LISA,2004-09-30 00:00:00,2004-09-30,2004,9,0,,TS,31.100000381469727,313.8999938964844,60.0,990.0,IBTRACS_ERA5,OBS,1,31.100000381469727,313.8999938964844,2004264N13328,LISA,0.0,train,-0.7205511855459571,0.6934017515180617,-1.0,-1.8369701987210294e-16,4.054130554199219,15.154537200927734,218.98764038085935,2.2524105588672683e-05,18.57414436340332,5.053043365478516,18.026382446289062,239.5582427978516,0.0001217632379848,16.238216400146484,7.069061279296875,16.719058990478516,266.4644775390625,0.0002911929332185,6.289285659790039,9.091941833496094,14.959545135498049,279.7205505371094,0.005199653096497,59.86595153808594,8.446159362792969,12.970256805419922,288.7425842285156,0.0092422049492597,70.78748321533203,5.2307550504338e-05,2.8249050956219435e-05,4.905200958251953,6.742867469787598,15.565958023071287,0.0001096417181543,0.000104253515019,57.21055221557617,1.2357184886932373
IBT_2004264N13328_2004093006,2004264N13328,LISA,2004-09-30 06:00:00,2004-09-30,2004,9,6,,TS,32.0,313.29998779296875,55.0,994.0,IBTRACS_ERA5,OBS,1,32.0,313.29998779296875,2004264N13328,LISA,0.0,train,-0.7277729037727743,0.6858181978732732,-1.0,-1.8369701987210294e-16,-3.256782531738281,3.7143516540527344,218.9170837402344,3.895624467986636e-05,32.3979606628418,-4.569881439208984,1.2138824462890625,241.33631896972656,0.0003425639879424,38.45503234863281,-6.801666259765625,-1.7293052673339844,266.38800048828125,0.0034923572093248,75.87439727783203,-5.130470275878906,-2.648365020751953,280.3490905761719,0.0077944668009877,85.93233489990234,-5.278022766113281,-3.521686553955078,288.5599670410156,0.011514900252223,89.24173736572266,0.0001096417181543,0.000104253515019,7.513032913208008,-5.007364749908447,-0.5942245721817017,0.0001096417181543,0.000104253515019,48.19159698486328,1.2357184886932373
IBT_2004264N13328_2004093012,2004264N13328,LISA,2004-09-30 12:00:00,2004-09-30,2004,9,12,,TS,32.400001525878906,312.70001220703125,50.0,997.0,IBTRACS_ERA5,OBS,1,32.400001525878906,312.70001220703125,2004264N13328,LISA,0.0,train,-0.7349144506660678,0.6781598264437314,-1.0,-1.8369701987210294e-16,-3.256782531738281,3.7143516540527344,218.9170837402344,3.895624467986636e-05,32.3979606628418,-4.569881439208984,1.2138824462890625,241.33631896972656,0.0003425639879424,38.45503234863281,-6.801666259765625,-1.7293052673339844,266.38800048828125,0.0034923572093248,75.87439727783203,-5.130470275878906,-2.648365020751953,280.3490905761719,0.0077944668009877,85.93233489990234,-5.278022766113281,-3.521686553955078,288.5599670410156,0.011514900252223,89.24173736572266,0.0001096417181543,0.000104253515019,7.513032913208008,-5.007364749908447,-0.5942245721817017,0.0001096417181543,0.000104253515019,48.19159698486328,1.2357184886932373
IBT_2004264N13328_2004093018,2004264N13328,LISA,2004-09-30 18:00:00,2004-09-30,2004,9,18,,TS,33.099998474121094,312.20001220703125,45.0,1000.0,IBTRACS_ERA5,OBS,1,33.099998474121094,312.20001220703125,2004264N13328,LISA,0.0,train,-0.7408044531747221,0.6717207471535332,-1.0,-1.8369701987210294e-16,-3.256782531738281,3.7143516540527344,218.9170837402344,3.895624467986636e-05,32.3979606628418,-4.569881439208984,1.2138824462890625,241.33631896972656,0.0003425639879424,38.45503234863281,-6.801666259765625,-1.7293052673339844,266.38800048828125,0.0034923572093248,75.87439727783203,-5.130470275878906,-2.648365020751953,280.3490905761719,0.0077944668009877,85.93233489990234,-5.278022766113281,-3.521686553955078,288.5599670410156,0.011514900252223,89.24173736572266,0.0001096417181543,0.000104253515019,7.513032913208008,-5.007364749908447,-0.5942245721817017,0.0001096417181543,0.000104253515019,48.19159698486328,1.2357184886932373
NEG_20040930_00012,,,2004-09-30 00:00:00,2004-09-30,2004,9,0,,BG,7.5,,,,IBTRACS_ERA5,OBS,0,7.5,305.0,,,2782.380854839861,train,-0.8191520442889918,0.573576436351046,-1.0,-1.8369701987210294e-16,-0.3845901489257812,-6.983646392822266,219.20407104492188,2.9616825486300517e-05,23.79745101928711,-6.610286712646484,-3.530258178710937,241.81385803222656,0.0002331568684894,25.00231170654297,-7.620635986328125,0.4053382873535156,267.12744140625,0.002614477649331,53.66777801513672,-6.918556213378906,-1.0209236145019531,282.0486755371094,0.0056566419079899,55.519412994384766,-6.747932434082031,-2.925739288330078,290.9669494628906,0.0111670177429914,74.1657943725586,4.031512162327999e-06,-2.902715095842723e-06,7.547101020812988,-5.656400203704834,-2.81104588508606,1.4198882126947863e-05,5.727290044887923e-06,52.38592147827149,1.8151289224624636
NEG_20040930_00444,,,2004-09-30 00:00:00,2004-09-30,2004,9,0,,BG,42.5,,,,IBTRACS_ERA5,OBS,0,42.5,330.0,,,1874.976536736445,train,-0.5000000000000004,0.8660254037844384,-1.0,-1.8369701987210294e-16,18.12444305419922,-11.326663970947266,213.22994995117188,3.498985824990086e-05,58.850772857666016,19.09015274047852,-8.274642944335938,236.4542388916016,0.0002934115764219,53.23118591308594,16.791473388671875,1.947086334228516,262.5369873046875,0.0005224589258432,15.341416358947754,12.685935974121094,3.093822479248047,278.5962829589844,0.0015504776965826,19.301380157470703,11.538444519042969,2.336956024169922,284.1942443847656,0.0051092188805341,52.75819778442383,-3.122914131381549e-05,-4.9796166422311217e-05,15.168054580688477,15.646089553833008,-2.444688320159912,1.5098701624083333e-05,1.953161154233385e-05,21.41543197631836,13.906200408935549
NEG_20040930_01943,,,2004-09-30 00:00:00,2004-09-30,2004,9,0,,BG,22.5,,,,IBTRACS_ERA5,OBS,0,22.5,337.5,,,2523.2357197122137,train,-0.3826834323650895,0.9238795325112868,-1.0,-1.8369701987210294e-16,11.64385223388672,2.3810997009277344,216.59323120117188,4.431286288308911e-05,48.88843536376953,6.234928131103516,0.2308502197265625,239.0028839111328,0.0002781453367788,39.16691589355469,-1.011749267578125,0.8225746154785156,267.1415405273437,0.0012497249990701,25.625635147094727,2.9648666381835938,-0.0125007629394531,283.9247741699219,0.0018726259004324,16.19393539428711,-0.6265945434570312,-2.258747100830078,291.9136047363281,0.0020439606159925,12.784521102905272,1.1952026397921143e-05,-1.814012102840934e-05,13.118385314941406,3.8410606384277344,0.232655331492424,3.222528539481573e-05,1.606004298082553e-05,35.01046371459961,7.656054496765137
NEG_20040930_02208,,,2004-09-30 00:00:00,2004-09-30,2004,9,0,,BG,5.0,,,,IBTRACS_ERA5,OBS,0,5.0,267.5,,,5576.425142028324,train,-0.9990482215818578,-0.0436193873653361,-1.0,-1.8369701987210294e-16,-8.558906555175781,-5.425785064697266,219.1289978027344,7.07831495674327e-05,57.388916015625,-5.690853118896484,-2.377670288085937,241.49708557128903,0.0004295094695407,47.476829528808594,2.145233154296875,-3.2206382751464844,267.7451171875,0.0032395366579294,63.436134338378906,3.4242172241210938,1.6172599792480469,282.6241149902344,0.0081220986321568,76.66683197021484,4.032096862792969,3.012248992919922,289.3045959472656,0.0128074567764997,94.6034698486328,2.274042117278441e-06,7.232742518681334e-06,15.15697193145752,-0.9296424984931946,-1.2789169549942017,3.158913750667125e-05,2.121300349244848e-05,66.90614318847656,5.001332759857178
NEG_20040930_03572,,,2004-09-30 00:00:00,2004-09-30,2004,9,0,,BG,0.0,,,,IBTRACS_ERA5,OBS,0,0.0,295.0,,,3991.244416089603,train,-0.9063077870366498,0.4226182617406996,-1.0,-1.8369701987210294e-16,-2.885810852050781,0.3229942321777344,219.2349548339844,7.280342106241733e-05,58.28242874145508,-0.3468589782714844,0.1894683837890625,241.78700256347656,0.0005121028516441,55.05602264404297,-8.211700439453125,-0.5211753845214844,267.0555419921875,0.0028684977442026,59.207027435302734,-9.572120666503906,-0.4320564270019531,281.8645935058594,0.0070816101506352,70.38089752197266,-5.723274230957031,-2.724567413330078,291.0599670410156,0.0118933003395795,78.52375030517578,-5.02816510561388e-06,5.135091214469867e-06,4.163991928100586,-5.347952842712402,-0.6330673098564148,6.833420229668263e-06,1.1658909897960257e-05,72.59321594238281,1.379591941833496
