experiment,year,time_index,month,hour,lat,lon,lon_sin,lon_cos,month_sin,month_cos,u_200,v_200,t_200,q_200,rh_200,u_300,v_300,t_300,q_300,rh_300,u_500,v_500,t_500,q_500,rh_500,u_700,v_700,t_700,q_700,rh_700,u_850,v_850,t_850,q_850,rh_850,zeta_850,zeta_500,wshear_850_200,steer_u_850_200,steer_v_850_200,zeta850_max_r500,zeta500_max_r500,rh700_mean_r500,shear_min_r500,prob_tc,decision_score,track_id,life_step,lifetime_steps,global_track_id
CTL,50.0,758.0,7.0,12.0,25.578947067260742,275.0,-0.9961946980917455,0.08715574274765789,-0.4999999999999997,-0.8660254037844388,0.9714924693107605,1.5162158012390137,218.55348205566406,9.501668500888627e-06,12.610831260681152,-5.102367401123047,3.0020341873168945,238.88734436035156,0.000534649530891329,92.23689270019531,0.5776252746582031,1.025869607925415,267.67266845703125,0.004973708186298609,98.19227600097656,-3.3193445205688477,0.8574714064598083,279.45831298828125,0.006458438467234373,75.7020034790039,-4.996144771575928,0.09611711651086807,290.4579162597656,0.010561463423073292,72.46730041503906,2.7924534151679836e-05,3.4299493563594297e-05,6.134278297424316,-2.3737478256225586,1.299541711807251,2.7924534151679836e-05,4.479715062188916e-05,66.93827819824219,0.8183592557907104,0.6478997433432186,0.6098200122271795,1,1,9,ML_CTL_50_0001
CTL,50.0,759.0,7.0,18.0,25.578947067260742,275.0,-0.9961946980917455,0.08715574274765789,-0.4999999999999997,-0.8660254037844388,-6.88136625289917,2.600933790206909,217.86798095703125,4.661731873056851e-05,71.90168762207031,-4.670507431030273,5.571030139923096,239.93728637695312,0.0006099912570789456,100.43670654296875,5.341071605682373,3.1126203536987305,268.4076232910156,0.005109902936965227,94.61178588867188,-1.0462009906768799,2.6042532920837402,279.9792175292969,0.0069166989997029305,78.2280502319336,-3.62300181388855,2.1750099658966064,290.5098876953125,0.010680967941880226,73.00284576416016,3.0389179300982505e-05,3.129153265035711e-05,3.2860841751098633,-2.1760010719299316,3.2127697467803955,3.0389179300982505e-05,6.164037040434778e-05,69.30680084228516,2.9486258029937744,0.6076483515116499,0.4374378452812362,1,2,9,ML_CTL_50_0001
CTL,50.0,760.0,7.0,0.0,27.473684310913086,275.0,-0.9961946980917455,0.08715574274765789,-0.4999999999999997,-0.8660254037844388,-11.12325382232666,8.56106185913086,217.61444091796875,6.308158481260762e-05,99.9361801147461,-1.0274256467819214,5.146363258361816,241.9881591796875,0.0008726372616365552,112.9389877319336,1.7618892192840576,2.2141222953796387,267.8739318847656,0.005242478102445602,102.24342346191406,-3.4426519870758057,3.706428050994873,277.87457275390625,0.007165965158492327,93.87564086914062,-4.831455230712891,3.507324457168579,290.35150146484375,0.010126154869794846,69.96421813964844,3.076593202422373e-05,6.930095696588978e-05,8.07012939453125,-3.732579469680786,4.6270599365234375,3.076593202422373e-05,6.930095696588978e-05,70.14608764648438,3.135571241378784,0.5754748352914586,0.3042242157031705,1,3,9,ML_CTL_50_0001
CTL,50.0,761.0,7.0,6.0,27.473684310913086,275.0,-0.9961946980917455,0.08715574274765789,-0.4999999999999997,-0.8660254037844388,-9.028413772583008,10.480470657348633,217.27243041992188,5.985959796817042e-05,99.53490447998047,-0.19391000270843506,6.746279716491699,240.72279357910156,0.0006299227243289351,94.36763763427734,3.326155424118042,5.415689945220947,267.88818359375,0.00516979955136776,99.86700439453125,0.20466865599155426,7.579028129577637,279.3290710449219,0.007266715168952942,86.04647827148438,-1.5510506629943848,6.764147758483887,289.9357604980469,0.010277017019689083,72.90591430664062,3.172862489009276e-05,4.54448745585978e-05,8.349970817565918,-1.448509931564331,7.397122859954834,3.172862489009276e-05,6.241809751372784e-05,71.88996887207031,5.585305690765381,0.6117134123733822,0.45452019752356376,1,4,9,ML_CTL_50_0001
CTL,50.0,762.0,7.0,12.0,29.36842155456543,275.0,-0.9961946980917455,0.08715574274765789,-0.4999999999999997,-0.8660254037844388,-5.1561384201049805,10.824289321899414,217.21942138671875,5.808041532873176e-05,96.96831512451172,-1.8438479900360107,7.1819047927856445,240.83450317382812,0.0007680339622311294,113.28565216064453,1.4146732091903687,8.42863941192627,268.27587890625,0.005371550563722849,101.31526184082031,-0.9622328281402588,8.174510955810547,278.44964599609375,0.007405669894069433,93.3180923461914,-2.319061040878296,7.192434310913086,289.4130554199219,0.010330583900213242,75.7833023071289,3.515327625791542e-05,4.45017394667957e-05,4.6086201667785645,-1.773321509361267,8.360356330871582,3.515327625791542e-05,4.710802386398427e-05,74.65270233154297,3.5270016193389893,0.5839799074218732,0.33913301857529343,1,5,9,ML_CTL_50_0001
CTL,50.0,763.0,7.0,18.0,29.36842155456543,272.5,-0.9990482215818578,0.043619387365335764,-0.4999999999999997,-0.8660254037844388,-3.6690425872802734,9.350893020629883,217.61834716796875,3.553314309101552e-05,57.437564849853516,-2.899101495742798,8.762460708618164,240.49905395507812,0.00033397399238310754,50.29298400878906,3.5658648014068604,5.96519660949707,268.4510192871094,0.004886831622570753,89.8109130859375,0.9921936392784119,2.834082841873169,279.6003112792969,0.0067973267287015915,79.12820434570312,-1.087750792503357,2.675063371658325,289.7853698730469,0.009955274872481823,71.32598876953125,3.3664568036329e-05,3.7312242056941614e-05,7.157497406005859,-0.6195672154426575,5.917539596557617,3.3664568036329e-05,4.905792957288213e-05,69.42300415039062,1.8119221925735474,0.8719854160140852,1.918628504195424,1,6,9,ML_CTL_50_0001
CTL,50.0,764.0,7.0,0.0,31.263158798217773,272.5,-0.9990482215818578,0.043619387365335764,-0.4999999999999997,-0.8660254037844388,-4.405538082122803,12.108437538146973,217.48089599609375,3.965962241636589e-05,65.23060607910156,-1.1976975202560425,7.848368167877197,240.5766143798828,0.0004478981427382678,67.19796752929688,2.27614164352417,3.1313350200653076,268.3447265625,0.0051120310090482235,95.79064178466797,-0.7383660078048706,1.7142621278762817,279.5576477050781,0.007163420785218477,83.47760009765625,-1.3463245630264282,2.9157724380493164,289.6935729980469,0.009659179486334324,69.70845794677734,3.084296258748509e-05,4.346012065070681e-05,9.688337326049805,-1.0823569297790527,5.54363489151001,3.084296258748509e-05,4.967645145370625e-05,70.07916259765625,2.754714250564575,0.8433847837795394,1.6836313546316246,1,7,9,ML_CTL_50_0001
CTL,50.0,765.0,7.0,6.0,31.263158798217773,272.5,-0.9990482215818578,0.043619387365335764,-0.4999999999999997,-0.8660254037844388,-0.2518722116947174,15.1197509765625,217.72784423828125,2.157204653485678e-05,35.06232452392578,0.591121256351471,9.784846305847168,240.5087432861328,0.00011268996604485437,18.36952018737793,3.501620054244995,4.579749584197998,267.6256103515625,0.004893380682915449,96.48094177246094,2.7165884971618652,3.972285509109497,280.1929626464844,0.006816977169364691,76.00051879882812,1.9176536798477173,3.6201438903808594,289.4187927246094,0.009691649116575718,71.14476013183594,2.9485931008821353e-05,3.17076628562063e-05,11.702469825744629,1.6950223445892334,7.415355682373047,2.9485931008821353e-05,3.5645691241370514e-05,71.88079833984375,1.5520756244659424,0.7615280652696991,1.161075397584439,1,8,9,ML_CTL_50_0001
CTL,50.0,766.0,7.0,12.0,33.157894134521484,272.5,-0.9990482215818578,0.043619387365335764,-0.4999999999999997,-0.8660254037844388,3.758824348449707,15.283909797668457,217.8252716064453,2.332978147023823e-05,37.23192596435547,0.9093141555786133,8.294454574584961,240.04273986816406,0.0003573714639060199,52.855751037597656,1.32676362991333,4.353455066680908,267.72760009765625,0.0051461877301335335,101.76705169677734,1.8671518564224243,2.6494228839874268,278.796630859375,0.007798651698976755,95.79508972167969,1.4466928243637085,2.6565864086151123,288.8729553222656,0.009825553745031357,74.76313781738281,2.6995969165000133e-05,3.457555430941284e-05,12.837260246276855,1.861749291419983,6.647566318511963,2.6995969165000133e-05,3.457555430941284e-05,72.82312774658203,1.3338160514831543,0.7871270207250322,1.3076939876330647,1,9,9,ML_CTL_50_0001
CTL,50.0,770.0,7.0,12.0,36.94736862182617,275.0,-0.9961946980917455,0.08715574274765789,-0.4999999999999997,-0.8660254037844388,3.435244560241699,7.216704845428467,217.1287841796875,3.483292675809935e-05,59.1849479675293,3.913241386413574,6.637344837188721,240.16851806640625,0.00039223741623573005,60.89563751220703,6.055288791656494,4.67519474029541,267.5432434082031,0.0050867218524217606,102.21179962158203,5.517826557159424,1.1887468099594116,279.1291809082031,0.007544587831944227,90.31600189208984,6.009625434875488,0.7530056834220886,289.1901550292969,0.010754928924143314,80.00038146972656,2.8212914912728593e-05,3.83427795895841e-05,6.957502841949463,4.986245155334473,4.094199180603027,2.8212914912728593e-05,3.83427795895841e-05,71.69307708740234,3.2170896530151367,0.7814095931624404,1.2738997692060203,2,1,10,ML_CTL_50_0002
CTL,50.0,771.0,7.0,18.0,38.842105865478516,277.5,-0.9914448613738105,0.13052619222005127,-0.4999999999999997,-0.8660254037844388,7.256024360656738,4.231568336486816,216.81582641601562,4.554694169200957e-05,77.47655487060547,7.336817264556885,4.899590969085693,240.58837890625,0.0005206607165746391,79.45977020263672,4.880630970001221,6.185159683227539,267.9459228515625,0.005138602573424578,99.41902923583984,3.786604881286621,2.4435513019561768,280.6842956542969,0.008320262655615807,89.59756469726562,5.385194778442383,1.8517237901687622,289.72772216796875,0.012521508149802685,89.91387939453125,2.3306318325921893e-05,2.316654172318522e-05,3.0271544456481934,5.7290544509887695,3.922318935394287,2.3306318325921893e-05,3.6478813854046166e-05,74.3814926147461,2.347306966781616,0.6561923179028529,0.6463714761457711,2,2,10,ML_CTL_50_0002
CTL,50.0,772.0,7.0,0.0,38.842105865478516,277.5,-0.9914448613738105,0.13052619222005127,-0.4999999999999997,-0.8660254037844388,4.380039691925049,3.371802568435669,217.23109436035156,3.5552136978367344e-05,54.86481857299805,4.8845319747924805,2.6588621139526367,240.37173461914062,0.0006649664137512445,103.768798828125,6.920792102813721,3.8082830905914307,268.5311584472656,0.005418628919869661,100.49901580810547,5.663218975067139,0.8563891053199768,279.782470703125,0.007719458546489477,88.40860748291016,6.6850385665893555,-1.3308371305465698,289.77288818359375,0.01115152332931757,79.8457260131836,3.2012485462473705e-05,3.485616616671905e-05,5.237159252166748,5.706724643707275,1.8728997707366943,3.2012485462473705e-05,3.503232073853724e-05,73.4792709350586,1.2440836429595947,0.6647589330595147,0.6845745924144753,2,3,10,ML_CTL_50_0002
CTL,50.0,777.0,7.0,6.0,38.842105865478516,285.0,-0.9659258262890684,0.2588190451025203,-0.4999999999999997,-0.8660254037844388,10.857155799865723,4.143669605255127,218.80322265625,2.356239565415308e-05,32.92589569091797,8.302708625793457,1.950486183166504,239.49205017089844,0.00014801823999732733,27.427358627319336,9.512160301208496,0.8111863732337952,267.8492736816406,0.003936366643756628,74.91461944580078,6.632420063018799,0.24299561977386475,281.91534423828125,0.007523220032453537,74.44974517822266,5.3943095207214355,-1.0196174383163452,290.2061462402344,0.011607073247432709,80.85501861572266,3.9959584682947025e-05,2.5260103939217515e-05,7.516796112060547,8.139750480651855,1.2257440090179443,3.9959584682947025e-05,2.735231646511238e-05,66.94959259033203,0.8127559423446655,0.9015900385028391,2.2150178803148997,2,4,10,ML_CTL_50_0002
CTL,50.0,778.0,7.0,12.0,38.842105865478516,285.0,-0.9659258262890684,0.2588190451025203,-0.4999999999999997,-0.8660254037844388,11.97566032409668,5.279430866241455,218.75372314453125,2.3304370188270696e-05,32.591915130615234,7.096834659576416,2.6286184787750244,239.34075927734375,0.0001653043000260368,29.804546356201172,7.074359893798828,-0.3157005310058594,267.9793395996094,0.004054678604006767,77.14226531982422,4.606110572814941,-1.001982569694519,281.93353271484375,0.007526955101639032,74.43378448486328,3.7682297229766846,-1.431198239326477,289.9588623046875,0.011276157572865486,79.79081726074219,4.401401020004414e-05,2.2270043700700626e-05,10.601625442504883,6.904238700866699,1.0318336486816406,4.401401020004414e-05,3.023386852873955e-05,64.85499572753906,1.5036391019821167,0.9145612072622927,2.370644150178204,2,5,10,ML_CTL_50_0002
CTL,50.0,779.0,7.0,18.0,38.842105865478516,287.5,-0.9537169507482268,0.30070579950427345,-0.4999999999999997,-0.8660254037844388,13.222696304321289,4.005605220794678,219.06918334960938,2.091877286147792e-05,28.28352928161621,8.950422286987305,1.5256264209747314,239.79881286621094,0.0001245095336344093,21.69035530090332,8.261014938354492,0.4773603081703186,268.31597900390625,0.003724478418007493,68.22604370117188,5.290326118469238,0.9592587351799011,282.6501770019531,0.007373569533228874,69.46793365478516,5.499858379364014,0.9794030785560608,290.2205810546875,0.011791668832302094,82.00880432128906,4.0465700294589624e-05,1.731916745484341e-05,8.294584274291992,8.244863510131836,1.589450716972351,4.0465700294589624e-05,2.769388083834201e-05,63.80292892456055,1.5694639682769775,0.9079916451818735,2.289355791051138,2,6,10,ML_CTL_50_0002
CTL,50.0,780.0,7.0,0.0,38.842105865478516,287.5,-0.9537169507482268,0.30070579950427345,-0.4999999999999997,-0.8660254037844388,12.006155014038086,2.519038677215576,219.1592559814453,1.931538099597674e-05,25.62766456604004,7.5780181884765625,0.823857843875885,239.8255157470703,0.00010951086005661637,19.009767532348633,7.111634254455566,0.1095084697008133,268.1930847167969,0.0034661171957850456,63.896331787109375,5.4552435874938965,0.3617982566356659,283.071533203125,0.007553250063210726,69.18779754638672,5.031817436218262,-0.21428783237934113,290.1421813964844,0.012081987224519253,84.43077087402344,3.78518489014823e-05,1.1174394785484765e-05,7.4908246994018555,7.4365739822387695,0.7199831008911133,3.78518489014823e-05,2.5601031666155905e-05,62.88908386230469,0.5904074311256409,0.8931097932423376,2.1229073194914156,2,7,10,ML_CTL_50_0002
CTL,50.0,781.0,7.0,6.0,38.842105865478516,287.5,-0.9537169507482268,0.30070579950427345,-0.4999999999999997,-0.8660254037844388,11.676430702209473,3.217111825942993,218.88821411132812,1.944647192431148e-05,26.46176528930664,7.869802951812744,2.0275754928588867,239.52830505371094,0.00010737741104094312,19.064111709594727,6.885931968688965,-0.38808006048202515,267.95111083984375,0.00304233911447227,57.03053665161133,6.368195056915283,-0.6897554397583008,283.31121826171875,0.008195546455681324,73.89588928222656,5.218094825744629,-0.9444906711578369,290.1919860839844,0.012164797633886337,84.73885345458984,3.538612509146333e-05,9.614416740078013e-06,7.683035850524902,7.603691101074219,0.6444721817970276,3.538612509146333e-05,1.87985751836095e-05,63.617332458496094,0.8791413307189941,0.8952769155829159,2.1458134981930534,2,8,10,ML_CTL_50_0002
CTL,50.0,782.0,7.0,12.0,40.73684310913086,292.5,-0.9238795325112866,0.38268343236509,-0.4999999999999997,-0.8660254037844388,7.838707447052002,1.1884701251983643,217.7758331298828,3.9858510717749596e-05,62.770294189453125,5.34091329574585,1.6883922815322876,239.1953582763672,0.00032140768598765135,57.594512939453125,5.846689224243164,-1.0788174867630005,268.1488952636719,0.004719041287899017,87.63287353515625,3.679727077484131,1.121932029724121,282.22552490234375,0.008220293559134007,79.75166320800781,1.4463326930999756,1.7343400716781616,289.88214111328125,0.01164438296109438,82.8482894897461,3.533334893290885e-05,9.427430995856412e-06,6.415639877319336,4.830473899841309,0.9308634996414185,3.533334893290885e-05,1.995836828427855e-05,60.3652458190918,1.193853497505188,0.7924041443379058,1.3394783569186952,2,9,10,ML_CTL_50_0002
CTL,50.0,784.0,7.0,0.0,38.842105865478516,292.5,-0.9238795325112866,0.38268343236509,-0.4999999999999997,-0.8660254037844388,12.781767845153809,-1.936194658279419,218.98788452148438,2.3950742615852505e-05,32.82822799682617,9.61535358428955,-2.184131145477295,239.82666015625,7.892352732596919e-05,14.004192352294922,7.792252063751221,-1.675907850265503,267.77099609375,0.002694583497941494,50.96379089355469,7.910573482513428,0.189179465174675,283.59735107421875,0.009030734188854694,79.83406066894531,7.206728935241699,0.2831406891345978,290.4348449707031,0.011455555446445942,78.56547546386719,2.9369204639806412e-05,2.6374657409178326e-06,6.000542163848877,9.061334609985352,-1.0647828578948975,2.9369204639806412e-05,1.068745223165024e-05,67.41590118408203,2.173889398574829,0.8370278783248185,1.6362782238604447,2,10,10,ML_CTL_50_0002
CTL,50.0,788.0,7.0,0.0,42.6315803527832,312.5,-0.7372773368101242,0.6755902076156601,-0.4999999999999997,-0.8660254037844388,24.166427612304688,2.2109568119049072,217.50257873535156,6.075611599953845e-05,98.4142074584961,14.237505912780762,-1.064351201057434,239.29229736328125,0.0004048882401548326,77.69380187988281,7.5590386390686035,-2.9973602294921875,267.29559326171875,0.0016001792391762137,34.38461685180664,4.779284477233887,-1.4218980073928833,280.5340576171875,0.006859956309199333,74.66487884521484,4.718690395355225,-0.46170464158058167,287.88623046875,0.011400701478123665,92.26398468017578,3.3002848795149475e-05,7.644488505320624e-06,19.63052749633789,11.09218978881836,-0.7468714714050293,3.3002848795149475e-05,3.3332235034322366e-05,61.461509704589844,2.4102656841278076,0.5630265982213227,0.2534545430079145,3,1,9,ML_CTL_50_0003
CTL,50.0,790.0,7.0,12.0,40.73684310913086,317.5,-0.6755902076156605,0.7372773368101239,-0.4999999999999997,-0.8660254037844388,20.87529182434082,-2.796391487121582,216.94322204589844,3.668302815640345e-05,64.70214080810547,13.782035827636719,-3.450303554534912,239.7245330810547,0.0004845147195737809,76.75485229492188,10.133792877197266,-4.190674304962158,266.6397705078125,0.003582368604838848,77.76396179199219,9.717926025390625,-2.1977109909057617,281.1930236816406,0.008302461355924606,86.33423614501953,10.291521072387695,-0.4746624827384949,288.0626525878906,0.011696157976984978,93.61053466796875,3.9500351704191417e-05,7.563223334727809e-06,10.835433959960938,12.960113525390625,-2.621948719024658,3.9500351704191417e-05,2.7127640350954607e-05,71.9879150390625,1.5988065004348755,0.7016855243585381,0.8553371151890443,3,2,9,ML_CTL_50_0003
CTL,50.0,791.0,7.0,18.0,40.73684310913086,320.0,-0.6427876096865396,0.7660444431189778,-0.4999999999999997,-0.8660254037844388,20.737321853637695,-5.525228500366211,216.68626403808594,3.436080805840902e-05,63.092769622802734,14.701281547546387,-4.406277656555176,239.13621520996094,0.0003333032946102321,54.371482849121094,9.014843940734863,-5.031003952026367,266.9568176269531,0.0025391490198671818,54.28091049194336,8.367639541625977,-2.935413360595703,281.17840576171875,0.008060754276812077,83.86002349853516,9.447280883789062,-0.4709329307079315,288.0252380371094,0.011833511292934418,94.9083251953125,3.9714534068480134e-05,6.271125585044501e-06,12.369758605957031,12.453672409057617,-3.6737709045410156,3.9714534068480134e-05,2.582900742709171e-05,72.5207748413086,2.4603207111358643,0.8418582844103271,1.6721201266418375,3,3,9,ML_CTL_50_0003
CTL,50.0,792.0,7.0,0.0,40.73684310913086,322.5,-0.608761429008721,0.7933533402912349,-0.4999999999999997,-0.8660254037844388,17.540084838867188,-7.322371959686279,216.1294403076172,3.384330921107903e-05,66.7740707397461,13.720277786254883,-6.136843204498291,238.0240478515625,0.00021221690985839814,41.42750930786133,8.037574768066406,-4.729018211364746,266.6347961425781,0.0018945130286738276,41.21848678588867,6.456170082092285,-2.0325138568878174,280.93292236328125,0.007615115959197283,80.58231353759766,8.074968338012695,-0.2892160713672638,287.7472229003906,0.011917018331587315,97.3030014038086,3.899383227690123e-05,5.2278637667768635e-06,11.79210376739502,10.765813827514648,-4.101992607116699,3.899383227690123e-05,2.012210461543873e-05,71.81847381591797,4.000685214996338,0.8637150237197693,1.8464947734955603,3,4,9,ML_CTL_50_0003
CTL,50.0,793.0,7.0,6.0,40.73684310913086,325.0,-0.5735764363510465,0.8191520442889916,-0.4999999999999997,-0.8660254037844388,14.955951690673828,-7.5148138999938965,215.74266052246094,3.1980587664293125e-05,66.56272888183594,11.284818649291992,-6.192225933074951,237.2476806640625,0.00015922007150948048,36.59589767456055,7.189194202423096,-4.679807662963867,266.1514892578125,0.0015402603894472122,34.241851806640625,6.053239822387695,-0.9229206442832947,280.85528564453125,0.007560283876955509,80.46575164794922,6.879037380218506,0.7516721487045288,287.4264221191406,0.011786206625401974,98.27618408203125,3.730404932866804e-05,6.82109657645924e-06,11.557306289672852,9.272448539733887,-3.7116191387176514,3.730404932866804e-05,1.4402344277186785e-05,69.53467559814453,3.659123659133911,0.8610491362177851,1.8240311989114075,3,5,9,ML_CTL_50_0003
CTL,50.0,794.0,7.0,12.0,40.73684310913086,325.0,-0.5735764363510465,0.8191520442889916,-0.4999999999999997,-0.8660254037844388,12.437763214111328,-7.284146308898926,215.878173828125,3.412170190131292e-05,69.39744567871094,9.415346145629883,-4.999629497528076,237.23788452148438,0.0001801400794647634,39.76004409790039,6.226592540740967,-4.457944393157959,266.5379638671875,0.0010398896411061287,22.601953506469727,4.945170879364014,-1.7424591779708862,281.7263488769531,0.0057404558174312115,57.60520553588867,4.767238140106201,-0.5300153493881226,287.4737548828125,0.011523931287229061,95.86320495605469,3.318214294267818e-05,1.4329917803479475e-06,10.220335006713867,7.558422088623047,-3.8028388023376465,3.318214294267818e-05,1.2530063941085245e-05,61.6649055480957,0.7132686972618103,0.8266061656246122,1.5617628545893139,3,6,9,ML_CTL_50_0003
CTL,50.0,795.0,7.0,18.0,40.73684310913086,327.5,-0.5372996083468242,0.8433914458128855,-0.4999999999999997,-0.8660254037844388,10.07628345489502,-6.771966457366943,215.34786987304688,3.320726318634115e-05,72.28656005859375,7.913053512573242,-5.753749847412109,237.00990295410156,0.0001896125904750079,42.66884994506836,5.988198757171631,-3.7944531440734863,266.1533203125,0.0009136841981671751,19.75617027282715,4.339049816131592,-0.6724087595939636,281.21923828125,0.007327166385948658,75.997314453125,5.045516490936279,0.7717185020446777,287.67791748046875,0.01168353483080864,95.85285949707031,3.208678026567213e-05,1.9526028154359665e-06,9.067293167114258,6.672420501708984,-3.2441718578338623,3.208678026567213e-05,9.999997018894646e-06,60.5418586730957,5.562158584594727,0.8025931011010664,1.4025807868900557,3,7,9,ML_CTL_50_0003
CTL,50.0,796.0,7.0,0.0,40.73684310913086,327.5,-0.5372996083468242,0.8433914458128855,-0.4999999999999997,-0.8660254037844388,9.020113945007324,-4.888361930847168,215.50396728515625,3.445278707658872e-05,73.54042053222656,6.650810718536377,-3.5218961238861084,236.62567138671875,0.000224509829422459,52.76517868041992,5.785562515258789,-4.311127185821533,265.645263671875,0.001086787087842822,26.3839111328125,3.6839215755462646,-0.6974368095397949,281.5856018066406,0.005186000373214483,52.4111213684082,2.945941925048828,-0.4794696569442749,287.3096008300781,0.011363492347300053,95.53145599365234,2.6655354304239154e-05,6.154178322503867e-07,7.505590915679932,5.617270469665527,-2.779658555984497,2.6655354304239154e-05,7.276152700796956e-06,54.76475143432617,5.854172229766846,0.6547528896472476,0.639997474207489,3,8,9,ML_CTL_50_0003
CTL,50.0,797.0,7.0,6.0,38.842105865478516,327.5,-0.5372996083468242,0.8433914458128855,-0.4999999999999997,-0.8660254037844388,9.692089080810547,-5.776187896728516,216.43118286132812,2.5999052013503388e-05,49.482330322265625,7.376436233520508,-4.118557453155518,236.66769409179688,0.0001367687655147165,32.44042205810547,4.413820266723633,-4.384713172912598,265.6213684082031,0.001371663180179894,33.82576370239258,4.521249294281006,-0.6345699429512024,281.2098693847656,0.00526523869484663,54.63606643676758,4.450680255889893,0.6677753329277039,287.2724304199219,0.0111854812130332,94.29920196533203,2.4241224309662357e-05,6.307761850621318e-07,8.306445121765137,6.090855121612549,-2.849250555038452,2.4241224309662357e-05,6.562517683050828e-06,60.550132751464844,1.3142054080963135,0.7726611617263197,1.22339902644468,3,9,9,ML_CTL_50_0003
CTL,50.0,821.0,7.0,6.0,38.842105865478516,300.0,-0.8660254037844386,0.5000000000000001,-0.4999999999999997,-0.8660254037844388,20.803007125854492,18.215024948120117,216.71173095703125,5.399320070864633e-05,98.30455780029297,14.443611145019531,8.697278022766113,239.19862365722656,0.00044497777707874775,76.81702423095703,2.343963384628296,0.07221389561891556,266.705078125,0.0046313186176121235,99.38985443115234,0.6533234119415283,0.1086646318435669,277.55914306640625,0.0072557637467980385,97.20964050292969,-0.17865723371505737,0.5597425699234009,287.3606872558594,0.009987941011786461,83.71834564208984,4.511170118348673e-05,3.918836227967404e-05,27.421510696411133,7.6130499839782715,5.530585289001465,4.511170118348673e-05,4.40356379840523e-05,64.2516860961914,3.107438087463379,0.5621678930978781,0.24996502812975696,4,1,11,ML_CTL_50_0004
CTL,50.0,822.0,7.0,12.0,38.842105865478516,300.0,-0.8660254037844386,0.5000000000000001,-0.4999999999999997,-0.8660254037844388,20.534439086914062,18.255542755126953,217.1200714111328,4.035990059492178e-05,70.9797134399414,13.845684051513672,10.81665325164795,239.0572052001953,0.0001418643951183185,26.77758026123047,3.3176112174987793,1.767983317375183,266.7278137207031,0.004002046305686235,83.33950805664062,0.5198200345039368,0.4209557771682739,278.7874755859375,0.007208071183413267,88.65377044677734,-0.9179708361625671,0.5095794796943665,287.7648620605469,0.009908005595207214,80.8822250366211,4.4745203922502697e-05,3.3297725167358294e-05,27.841068267822266,7.459916591644287,6.354142665863037,4.4745203922502697e-05,4.433719004737213e-05,61.741912841796875,2.2829513549804688,0.8380365323737576,1.6436908929284115,4,2,11,ML_CTL_50_0004
CTL,50.0,823.0,7.0,18.0,38.842105865478516,300.0,-0.8660254037844386,0.5000000000000001,-0.4999999999999997,-0.8660254037844388,18.418180465698242,18.22078514099121,217.48739624023438,2.8198168365634046e-05,47.13875198364258,13.877737998962402,12.81574535369873,239.08969116210938,0.00011103297583758831,20.579545974731445,4.455497741699219,2.8441901206970215,266.4970397949219,0.00302676553837955,60.51860809326172,1.675744652748108,0.0892377719283104,279.7154235839844,0.007105051539838314,81.93496704101562,0.2790239155292511,0.025133803486824036,288.0449523925781,0.009919697418808937,79.50472259521484,4.305505353840999e-05,3.362240386195481e-05,25.6926212310791,7.741236209869385,6.799017906188965,4.305505353840999e-05,4.8016125219874084e-05,58.99452590942383,3.6801156997680664,0.8931449248941404,2.123275379505641,4,3,11,ML_CTL_50_0004
CTL,50.0,824.0,7.0,0.0,38.842105865478516,302.5,-0.8433914458128857,0.5372996083468239,-0.4999999999999997,-0.8660254037844388,20.07910919189453,16.632837295532227,216.9769287109375,2.4334449335583486e-05,41.76674270629883,16.118465423583984,12.004984855651855,239.3141632080078,0.0001736403355607763,33.23667907714844,5.706873416900635,4.362282752990723,267.002685546875,0.002618510276079178,50.80782699584961,3.38944935798645,2.150167942047119,280.5471496582031,0.007221108302474022,78.62326049804688,2.7323548793792725,2.4824869632720947,288.414794921875,0.00995875708758831,77.88951873779297,4.059997809235938e-05,1.5959414668031968e-05,22.386207580566406,9.605250358581543,7.526551723480225,4.059997809235938e-05,4.9588532419875264e-05,65.21772766113281,2.8630902767181396,0.8749382645911737,1.9453458304628568,4,4,11,ML_CTL_50_0004
CTL,50.0,825.0,7.0,6.0,38.842105865478516,302.5,-0.8433914458128857,0.5372996083468239,-0.4999999999999997,-0.8660254037844388,20.363800048828125,18.149831771850586,216.57479858398438,2.881443106161896e-05,52.61030960083008,16.99381446838379,15.393791198730469,239.0700225830078,0.0001908047270262614,37.35282897949219,6.754331588745117,5.310694217681885,266.82659912109375,0.0014602802693843842,29.313528060913086,3.5775253772735596,2.6083762645721436,281.0982666015625,0.0077881780453026295,81.60941314697266,2.5481624603271484,1.7746018171310425,288.59722900390625,0.00982923898845911,75.9491195678711,3.818491313722916e-05,1.461587908124784e-05,24.198040008544922,10.047526359558105,8.647459030151367,3.818491313722916e-05,4.545239426079206e-05,67.59770965576172,1.544897198677063,0.8508693058240109,1.7414354760022723,4,5,11,ML_CTL_50_0004
CTL,50.0,826.0,7.0,12.0,38.842105865478516,302.5,-0.8433914458128857,0.5372996083468239,-0.4999999999999997,-0.8660254037844388,19.87740135192871,20.480270385742188,216.29286193847656,3.4895951102953404e-05,66.94686889648438,18.288328170776367,17.61984634399414,239.25100708007812,0.0001427145762136206,29.350229263305664,6.732024192810059,5.774159908294678,266.5140075683594,0.0011200311128050089,23.62061882019043,4.154892921447754,2.650514841079712,281.4951171875,0.008024907670915127,81.7972183227539,2.954073190689087,1.3604635000228882,288.8218078613281,0.009698369540274143,73.83464050292969,3.619784547481686e-05,1.8485690816305578e-05,25.533626556396484,10.401344299316406,9.577051162719727,3.619784547481686e-05,4.1948318539652973e-05,68.80548095703125,1.2868874073028564,0.8260954263854415,1.558203573889147,4,6,11,ML_CTL_50_0004
CTL,50.0,827.0,7.0,18.0,38.842105865478516,302.5,-0.8433914458128857,0.5372996083468239,-0.4999999999999997,-0.8660254037844388,19.279525756835938,23.50007438659668,215.98031616210938,3.213153104297817e-05,65.05146789550781,20.193790435791016,17.5266170501709,239.5044403076172,0.00013049687549937516,28.860774993896484,6.972697734832764,4.787106513977051,266.17791748046875,0.0009427185286767781,20.48811912536621,4.418261528015137,1.7437412738800049,281.6488952636719,0.007629190571606159,76.9200668334961,3.2740023136138916,0.0862731784582138,288.8654479980469,0.009732862003147602,73.85353088378906,3.396525062271394e-05,2.1091909729875624e-05,28.361644744873047,10.827655792236328,9.528761863708496,3.396525062271394e-05,3.649096470326185e-05,67.55370330810547,2.7807517051696777,0.8047032770579025,1.4159535514093422,4,7,11,ML_CTL_50_0004
CTL,50.0,828.0,7.0,0.0,38.842105865478516,302.5,-0.8433914458128857,0.5372996083468239,-0.4999999999999997,-0.8660254037844388,17.90343475341797,22.438692092895508,216.23072814941406,3.4246546420035884e-05,67.84705352783203,20.83771324157715,13.23070240020752,239.5721435546875,0.00011787800758611411,25.4956111907959,6.883560657501221,3.7457938194274902,265.7768859863281,0.0008587415213696659,18.9221134185791,4.151122093200684,1.0539641380310059,281.2356872558594,0.006964197847992182,72.18902587890625,3.1204984188079834,-0.8783211708068848,288.501953125,0.009665915742516518,75.05241394042969,3.059428490814753e-05,2.3732372937956825e-05,27.608301162719727,10.579266548156738,7.918165683746338,3.059428490814753e-05,3.805414598900825e-05,65.23519134521484,2.4918649196624756,0.8047686856865875,1.416369806352955,4,8,11,ML_CTL_50_0004
CTL,50.0,829.0,7.0,6.0,40.73684310913086,305.0,-0.8191520442889918,0.573576436351046,-0.4999999999999997,-0.8660254037844388,22.407960891723633,14.570398330688477,216.6350555419922,3.393042061361484e-05,64.15316772460938,16.96759796142578,7.093049049377441,239.33753967285156,7.873590220697224e-05,16.05376434326172,7.426047325134277,4.265930652618408,264.5259094238281,0.00136529840528965,32.7845573425293,3.777592182159424,2.0037107467651367,281.28033447265625,0.008402843028306961,86.90190887451172,2.0248124599456787,0.7584019899368286,288.9078674316406,0.00957619771361351,72.5157241821289,2.895156285376288e-05,2.607766327855643e-05,24.62202262878418,10.520801544189453,5.738298416137695,2.895156285376288e-05,2.6120469556190073e-05,71.39784240722656,4.555296421051025,0.8098758882833085,1.4492039331178552,4,9,11,ML_CTL_50_0004
CTL,50.0,830.0,7.0,12.0,40.73684310913086,305.0,-0.8191520442889918,0.573576436351046,-0.4999999999999997,-0.8660254037844388,21.676851272583008,9.33721923828125,216.42689514160156,3.1320323614636436e-05,60.47244644165039,18.522663116455078,6.317229747772217,239.2234344482422,9.835171658778563e-05,20.26500129699707,7.657693386077881,1.3716884851455688,264.63519287109375,0.001241003512404859,29.690725326538086,3.819517135620117,1.0351775884628296,281.0049133300781,0.007779866922646761,81.95133972167969,2.109281063079834,-1.1336857080459595,288.96966552734375,0.009295442141592503,70.11160278320312,2.669870445970446e-05,2.6147288735955954e-05,22.193008422851562,10.757201194763184,3.385525941848755,2.669870445970446e-05,2.6147288735955954e-05,68.5613021850586,5.385486602783203,0.785032552938211,1.2952385779844766,4,10,11,ML_CTL_50_0004
CTL,50.0,831.0,7.0,18.0,40.73684310913086,307.5,-0.7933533402912352,0.6087614290087205,-0.4999999999999997,-0.8660254037844388,24.38206672668457,7.596104621887207,216.43251037597656,2.8906952138640918e-05,55.74832534790039,22.088850021362305,3.8306422233581543,239.3105926513672,0.0001150583557318896,22.167282104492188,9.436766624450684,2.493896961212158,265.2397155761719,0.0010839010355994105,24.729047775268555,5.437415599822998,1.1618653535842896,281.46435546875,0.008234553970396519,83.91834259033203,3.653543710708618,0.8982515931129456,288.8736267089844,0.009583769366145134,72.69022369384766,2.4962950192275457e-05,1.8428418115945533e-05,21.783777236938477,12.999728202819824,3.1961519718170166,2.4962950192275457e-05,1.8428418115945533e-05,72.5922622680664,3.717874765396118,0.8085275132372745,1.4404705823746857,4,11,11,ML_CTL_50_0004
CTL,50.0,842.0,7.0,12.0,35.05263137817383,277.5,-0.9914448613738105,0.13052619222005127,-0.4999999999999997,-0.8660254037844388,6.027930736541748,-6.6632490158081055,218.60101318359375,7.1814822149463e-05,99.35589599609375,3.056791067123413,1.0073381662368774,243.07005310058594,0.000980186858214438,114.29878997802734,5.355220317840576,1.5141364336013794,268.78753662109375,0.0055732158944010735,101.54391479492188,4.643836975097656,1.8893113136291504,279.90277099609375,0.008317365311086178,94.5096206665039,3.690195322036743,1.7658817768096924,290.58734130859375,0.012320076115429401,83.79730987548828,4.0970488043967634e-05,4.5843647967558354e-05,8.747299194335938,4.554794788360596,-0.09731630980968475,4.0970488043967634e-05,4.5843647967558354e-05,70.07648468017578,5.710140705108643,0.5605643890276949,0.24345291254153123,5,1,21,ML_CTL_50_0005
CTL,50.0,843.0,7.0,18.0,35.05263137817383,277.5,-0.9914448613738105,0.13052619222005127,-0.4999999999999997,-0.8660254037844388,5.9176344871521,-4.90076208114624,219.1094970703125,7.479341002181172e-05,97.51514434814453,5.178756237030029,0.9349601864814758,242.92538452148438,0.0009315642528235912,110.97929382324219,6.1381635665893555,-2.19118070602417,269.29241943359375,0.0056818095035851,99.09745025634766,4.003175735473633,-1.3364441394805908,281.3870849609375,0.008077072910964489,82.73217010498047,4.270925045013428,0.040207963436841965,290.7309875488281,0.01292598806321621,87.02731323242188,3.941386239603162e-05,4.299564898246899e-05,5.208150863647461,5.101731300354004,-1.4906437397003174,3.941386239603162e-05,4.299564898246899e-05,69.8361587524414,5.208150863647461,0.5554569251911992,0.2227441071976517,5,2,21,ML_CTL_50_0005
CTL,50.0,845.0,7.0,6.0,35.05263137817383,280.0,-0.9848077530122081,0.17364817766692997,-0.4999999999999997,-0.8660254037844388,3.276674747467041,-4.497591495513916,218.80506896972656,4.8345696995966136e-05,64.37789916992188,4.4769287109375,0.20769381523132324,242.2996826171875,0.0006698954966850579,85.9884262084961,7.452910900115967,-1.446204423904419,269.2008056640625,0.00521268742159009,90.5281982421875,4.755617618560791,-0.18974518775939941,282.0426025390625,0.00829870905727148,81.37749481201172,3.117081880569458,-0.6211841106414795,290.65155029296875,0.01179833896458149,79.94871520996094,5.1708710088860244e-05,3.572992864064872e-05,3.8796911239624023,4.615842819213867,-1.3094062805175781,5.1708710088860244e-05,5.4209598602028564e-05,75.26690673828125,3.8796911239624023,0.8913766029556599,2.1048801859496677,5,3,21,ML_CTL_50_0005
CTL,50.0,846.0,7.0,12.0,35.05263137817383,282.5,-0.9762960071199335,0.21643961393810246,-0.4999999999999997,-0.8660254037844388,4.628961563110352,-2.7446181774139404,218.37548828125,6.961008330108598e-05,99.68055725097656,5.650539398193359,0.2802461087703705,243.24632263183594,0.0009009967325255275,103.18572235107422,3.543820858001709,3.57802152633667,270.2205505371094,0.006196627859026194,100.32552337646484,3.0000948905944824,3.216681480407715,281.7474060058594,0.008471637964248657,84.85120391845703,3.349924087524414,3.9394826889038086,290.6993713378906,0.012210546992719173,82.47216796875,5.3993742767488584e-05,3.321726399008185e-05,6.805376052856445,4.034668445587158,1.6539627313613892,5.3993742767488584e-05,5.225406857789494e-05,80.05290222167969,3.021939277648926,0.6771646572576865,0.7407720409262779,5,4,21,ML_CTL_50_0005
CTL,50.0,847.0,7.0,18.0,35.05263137817383,282.5,-0.9762960071199335,0.21643961393810246,-0.4999999999999997,-0.8660254037844388,5.926876068115234,0.05959899723529816,218.7288360595703,6.221053627086803e-05,85.88976287841797,5.129942893981934,-1.418152928352356,243.17726135253906,0.0006506196223199368,75.86231231689453,3.609614372253418,1.8200595378875732,270.24755859375,0.005937499925494194,94.4666976928711,2.2713429927825928,1.7654142379760742,282.7030334472656,0.008444511331617832,79.24388885498047,2.7154462337493896,1.8956772089004517,291.0093688964844,0.012655205093324184,83.75623321533203,5.93080731050577e-05,3.235979238525033e-05,3.699251890182495,3.9306445121765137,0.8245194554328918,5.93080731050577e-05,5.351758954930119e-05,78.58390808105469,3.699251890182495,0.8980102955623571,2.175309661924018,5,5,21,ML_CTL_50_0005
CTL,50.0,848.0,8.0,0.0,35.05263137817383,282.5,-0.9762960071199335,0.21643961393810246,-0.8660254037844385,-0.5000000000000004,6.443765163421631,-0.7686400413513184,219.18350219726562,4.1242958104703575e-05,55.12096405029297,3.3391106128692627,-2.055164098739624,243.1852264404297,0.0002720982301980257,33.439453125,3.751739978790283,1.2590922117233276,269.9479675292969,0.0047715771943330765,76.78697967529297,3.8144314289093018,0.7675411105155945,283.19873046875,0.00826725922524929,74.99056243896484,3.210033416748047,0.7603899836540222,291.16156005859375,0.013168981298804283,86.31085968017578,6.196805043146014e-05,2.437193506921176e-05,3.5770034790039062,4.11181640625,-0.007356166839599609,6.196805043146014e-05,5.8302568504586816e-05,77.94775390625,3.5770034790039062,0.9784999915642664,3.817967450721797,5,6,21,ML_CTL_50_0005
CTL,50.0,849.0,8.0,6.0,35.05263137817383,285.0,-0.9659258262890684,0.2588190451025203,-0.8660254037844385,-0.5000000000000004,3.5390212535858154,-4.775987148284912,218.5792999267578,6.40997095615603e-05,88.35733032226562,5.6175994873046875,0.2502400279045105,242.7748260498047,0.0008817050838842988,106.86141204833984,4.73600435256958,7.434009075164795,270.80810546875,0.0063711730763316154,98.46126556396484,5.247603416442871,6.18935489654541,282.2731018066406,0.008400700986385345,81.20679473876953,6.599346160888672,7.676446437835693,290.6483154296875,0.012896780855953693,87.3641357421875,6.04401902819518e-05,1.56387613969855e-05,12.822975158691406,5.147914886474609,3.3548126220703125,6.04401902819518e-05,6.23164014541544e-05,81.22123718261719,2.1197612285614014,0.6532575043754016,0.6333889751624673,5,7,21,ML_CTL_50_0005
CTL,50.0,850.0,8.0,12.0,36.94736862182617,285.0,-0.9659258262890684,0.2588190451025203,-0.8660254037844385,-0.5000000000000004,4.920444488525391,0.3427707850933075,218.6400146484375,6.325911090243608e-05,88.7003173828125,7.733043193817139,4.60291051864624,242.65771484375,0.0006747503648512065,82.89370727539062,4.760268688201904,7.412591457366943,270.0538635253906,0.0060249799862504005,98.0020980834961,1.5138343572616577,6.106834888458252,282.5616455078125,0.008511963300406933,80.69812774658203,0.21937187016010284,5.628896713256836,290.9096984863281,0.012468001805245876,83.10025024414062,6.75268893246539e-05,3.004422615049407e-05,7.074122905731201,3.829392671585083,4.818800926208496,6.75268893246539e-05,5.777678597951308e-05,84.50146484375,2.506312608718872,0.8699084501207052,1.9001495439224403,5,8,21,ML_CTL_50_0005
CTL,50.0,851.0,8.0,18.0,36.94736862182617,285.0,-0.9659258262890684,0.2588190451025203,-0.8660254037844385,-0.5000000000000004,4.935178756713867,4.5434956550598145,219.15065002441406,4.247329707141034e-05,57.606204986572266,8.713597297668457,6.170104503631592,243.24237060546875,0.0002734361623879522,31.40196418762207,6.10320520401001,4.51694917678833,269.6168212890625,0.0049109854735434055,81.59367370605469,4.679205417633057,4.118061542510986,283.7388000488281,0.008395803160965443,73.48764038085938,2.7047879695892334,4.498391628265381,291.3128967285156,0.01277571264654398,82.97083282470703,7.022453792160377e-05,2.8553109586937353e-05,2.230846881866455,5.427195072174072,4.769400596618652,7.022453792160377e-05,5.147099363966845e-05,84.1290054321289,2.230846881866455,0.9774470039610684,3.7690761553330008,5,9,21,ML_CTL_50_0005
CTL,50.0,852.0,8.0,0.0,38.842105865478516,285.0,-0.9659258262890684,0.2588190451025203,-0.8660254037844385,-0.5000000000000004,5.179547309875488,9.421747207641602,219.76771545410156,2.1784324417239986e-05,27.70654296875,5.373580455780029,6.746888160705566,243.03793334960938,9.678577771410346e-05,11.399701118469238,4.205621242523193,3.7267677783966064,268.57415771484375,0.005106158554553986,91.67597198486328,1.2577992677688599,4.203606128692627,283.2384033203125,0.0090746209025383,82.14630126953125,-1.7219750881195068,4.349799633026123,290.77752685546875,0.012529270723462105,84.22513580322266,6.999827746767551e-05,4.55920489912387e-05,8.56479263305664,2.858914613723755,5.689762115478516,6.999827746767551e-05,5.975785825285129e-05,85.36115264892578,3.5560097694396973,0.9653609613315521,3.3275207533483053,5,10,21,ML_CTL_50_0005
CTL,50.0,853.0,8.0,6.0,38.842105865478516,285.0,-0.9659258262890684,0.2588190451025203,-0.8660254037844385,-0.5000000000000004,8.2671480178833,10.591655731201172,220.66444396972656,1.3040372323303018e-05,14.484491348266602,3.65285587310791,10.849605560302734,243.16574096679688,6.0651298554148525e-05,7.180395603179932,5.029323577880859,3.3725485801696777,267.98876953125,0.004460576456040144,83.6396255493164,3.969465970993042,2.281057596206665,283.65008544921875,0.009214655496180058,81.16728210449219,1.5734797716140747,1.742743968963623,290.8102111816406,0.012546167708933353,84.1547622680664,7.004273356869817e-05,3.8789265090599656e-05,11.095423698425293,4.498454570770264,5.76752233505249,7.004273356869817e-05,5.773080192739144e-05,84.34449005126953,4.47872257232666,0.9456451827926977,2.856334184942902,5,11,21,ML_CTL_50_0005
CTL,50.0,854.0,8.0,12.0,40.73684310913086,287.5,-0.9537169507482268,0.30070579950427345,-0.8660254037844385,-0.5000000000000004,2.9882001876831055,11.207414627075195,219.27871704101562,6.833887891843915e-05,87.24860382080078,4.524784088134766,10.87063217163086,242.9066162109375,0.0008706606458872557,103.82547760009766,3.9267287254333496,6.403085708618164,270.4610900878906,0.006309211254119873,100.14802551269531,0.19741034507751465,7.706945896148682,282.1891174316406,0.009499280713498592,92.30060577392578,-2.525414228439331,8.153449058532715,290.0726013183594,0.013055132701992989,91.79463958740234,7.451309647876769e-05,5.307162427925505e-05,6.302908420562744,1.8223416805267334,8.868306159973145,7.451309647876769e-05,5.307162427925505e-05,87.83031463623047,1.8178712129592896,0.8366192196776926,1.6332854802798717,5,12,21,ML_CTL_50_0005
CTL,50.0,855.0,8.0,18.0,40.73684310913086,287.5,-0.9537169507482268,0.30070579950427345,-0.8660254037844385,-0.5000000000000004,4.245389461517334,16.81356430053711,221.0064239501953,8.168414933606982e-05,86.46749114990234,5.495876789093018,10.958706855773926,242.98138427734375,0.000503751914948225,61.53230667114258,5.826658248901367,1.3432981967926025,270.1805114746094,0.005959916394203901,95.12548065185547,2.8838090896606445,3.9113330841064453,283.2726745605469,0.009460313245654106,85.45032501220703,0.8956418037414551,4.536215782165527,290.5592956542969,0.013456068001687527,91.69416809082031,8.220145537052304e-05,4.925177927361801e-05,12.726119041442871,3.8694748878479004,7.5126237869262695,8.220145537052304e-05,5.975858584861271e-05,85.42446899414062,6.576870918273926,0.9446672256651489,2.8374673260686607,5,13,21,ML_CTL_50_0005
CTL,50.0,856.0,8.0,0.0,40.73684310913086,287.5,-0.9537169507482268,0.30070579950427345,-0.8660254037844385,-0.5000000000000004,8.5985107421875,17.694364547729492,221.26402282714844,7.793914846843109e-05,80.55532836914062,5.715044975280762,8.438300132751465,243.48350524902344,0.00037662393879145384,44.28996276855469,3.974135637283325,-1.5919331312179565,269.8965759277344,0.005594989284873009,90.31004333496094,2.9723730087280273,0.4164432883262634,283.8999328613281,0.009387140162289143,81.27035522460938,1.9657915830612183,0.8913264870643616,290.64715576171875,0.013284659944474697,90.0263442993164,8.011846512090415e-05,4.519139474723488e-05,18.06474494934082,4.645171165466309,5.1697001457214355,8.011846512090415e-05,6.767331797163934e-05,79.96227264404297,4.1724467277526855,0.9644406060669907,3.3003438834290124,5,14,21,ML_CTL_50_0005
CTL,50.0,857.0,8.0,6.0,42.6315803527832,290.0,-0.9396926207859083,0.342020143325669,-0.8660254037844385,-0.5000000000000004,15.601935386657715,16.22279167175293,220.50538635253906,7.968214777065441e-05,89.59705352783203,7.881869316101074,7.29379940032959,243.04470825195312,0.0007581323152408004,87.81124114990234,3.3468823432922363,-0.5093213319778442,269.6830749511719,0.005943859461694956,100.2179946899414,0.7505592703819275,2.7553889751434326,282.1195373535156,0.009408504702150822,91.82598876953125,-0.8043079376220703,3.6545820236206055,290.32635498046875,0.013008607551455498,90.00645446777344,7.986798300407827e-05,5.5247670388780534e-05,20.666994094848633,5.3553876876831055,5.883448123931885,7.986798300407827e-05,5.768973278463818e-05,79.42061614990234,4.8830037117004395,0.8867716012225031,2.058180446450032,5,15,21,ML_CTL_50_0005
CTL,50.0,858.0,8.0,12.0,42.6315803527832,290.0,-0.9396926207859083,0.342020143325669,-0.8660254037844385,-0.5000000000000004,15.976690292358398,16.372365951538086,220.56687927246094,5.2489333029370755e-05,57.43303298950195,9.204046249389648,8.778158187866211,242.30465698242188,0.00038453537854366004,47.69813919067383,2.169295072555542,-1.5822523832321167,269.4371643066406,0.005285232327878475,88.9029769897461,-0.2258772850036621,-0.535900354385376,283.11651611328125,0.009147347882390022,83.43800354003906,-0.9986904859542847,-0.6089749336242676,290.33203125,0.013110312633216381,90.64971923828125,7.32465778128244e-05,3.886855483870022e-05,24.011028289794922,5.225092887878418,4.484679222106934,7.32465778128244e-05,5.290699118631892e-05,71.8827896118164,3.669536590576172,0.9744737924878791,3.6421919553260977,5,16,21,ML_CTL_50_0005
CTL,50.0,859.0,8.0,18.0,42.6315803527832,292.5,-0.9238795325112866,0.38268343236509,-0.8660254037844385,-0.5000000000000004,19.160608291625977,16.71095085144043,220.6272430419922,5.9494064771570265e-05,65.13815307617188,11.375946998596191,10.58586311340332,242.90415954589844,0.00059784937184304,69.64827728271484,6.923820495605469,3.372346878051758,269.9591369628906,0.005959285423159599,97.2777099609375,5.4609599113464355,5.6303815841674805,283.3936767578125,0.009642466902732849,86.4044189453125,5.110879421234131,6.295309543609619,290.4892272949219,0.01309574581682682,89.64944458007812,7.282492879312485e-05,3.512952753226273e-05,17.489439010620117,9.606443405151367,8.518970489501953,7.282492879312485e-05,4.844337308895774e-05,75.8222885131836,4.1908159255981445,0.9353297689294581,2.671598172625222,5,17,21,ML_CTL_50_0005
CTL,50.0,860.0,8.0,0.0,42.6315803527832,292.5,-0.9238795325112866,0.38268343236509,-0.8660254037844385,-0.5000000000000004,17.38141441345215,16.622371673583984,220.56639099121094,5.9901296481257305e-05,66.83311462402344,12.425183296203613,11.876483917236328,243.00222778320312,0.0003479116130620241,40.62195587158203,6.372627258300781,3.9892518520355225,269.0401611328125,0.004750621039420366,81.1419448852539,5.293766975402832,4.3726606369018555,283.42633056640625,0.009592749178409576,85.77967071533203,4.687241554260254,3.8386104106903076,290.2495422363281,0.013521631248295307,93.9307632446289,6.870191282359883e-05,2.377792407060042e-05,18.015731811523438,9.232046127319336,8.139875411987305,6.870191282359883e-05,3.644870957941748e-05,72.6964340209961,1.6317716836929321,0.960750364689062,3.1977724562885896,5,18,21,ML_CTL_50_0005
CTL,50.0,861.0,8.0,6.0,44.52631759643555,295.0,-0.9063077870366498,0.4226182617406996,-0.8660254037844385,-0.5000000000000004,20.8998966217041,14.320183753967285,219.78463745117188,7.516708137700334e-05,90.90605926513672,16.54216957092285,11.788785934448242,241.87908935546875,0.00035934182233177125,49.958641052246094,8.586135864257812,4.4971160888671875,268.47808837890625,0.004300048109143972,75.72749328613281,6.5828471183776855,3.710007429122925,282.98614501953125,0.009169955737888813,84.36478424072266,5.814381122589111,3.8113605976104736,289.8879699707031,0.01368490420281887,97.30725860595703,6.396826938726008e-05,1.5916943084448576e-05,18.384998321533203,11.685086250305176,7.625490665435791,6.396826938726008e-05,2.296890852448996e-05,74.02722930908203,1.4219294786453247,0.891204435069672,2.103103275592107,5,19,21,ML_CTL_50_0005
CTL,50.0,862.0,8.0,12.0,44.52631759643555,297.5,-0.8870108331782216,0.4617486132350341,-0.8660254037844385,-0.5000000000000004,24.620140075683594,15.578719139099121,219.41598510742188,8.737242023926228e-05,111.01850128173828,18.894731521606445,12.84550952911377,242.46337890625,0.000579607265535742,78.44611358642578,12.37504768371582,7.408633232116699,268.8571472167969,0.004705354105681181,82.2520980834961,11.64951229095459,6.951999664306641,282.7582092285156,0.009274343959987164,86.71228790283203,11.768877983093262,7.963406085968018,289.9190368652344,0.013695311732590199,97.15782928466797,5.670631435350515e-05,1.2516299648268614e-05,14.93813705444336,15.861660957336426,10.149653434753418,5.670631435350515e-05,1.4890891179675236e-05,75.49032592773438,4.0025458335876465,0.6806600845812588,0.7568069389040224,5,20,21,ML_CTL_50_0005
CTL,50.0,863.0,8.0,18.0,46.421051025390625,300.0,-0.8660254037844386,0.5000000000000001,-0.8660254037844385,-0.5000000000000004,29.032188415527344,13.783842086791992,219.09449768066406,8.817604975774884e-05,116.73565673828125,22.551908493041992,12.686603546142578,241.79554748535156,0.0005726504023186862,84.48088073730469,14.03321361541748,5.1629204750061035,268.1434326171875,0.0035663729067891836,65.28141784667969,10.158367156982422,3.6676723957061768,282.60955810546875,0.009140652604401112,86.34016418457031,9.46265983581543,4.046500205993652,290.07684326171875,0.013599800877273083,95.52899169921875,5.1551283831940964e-05,1.3466706150211394e-05,21.858230590820312,17.04766845703125,7.869507789611816,5.1551283831940964e-05,1.4630213627242483e-05,76.44889831542969,4.017516136169434,0.5707625326184022,0.2849629405233898,5,21,21,ML_CTL_50_0005
CTL,50.0,862.0,8.0,12.0,33.157894134521484,287.5,-0.9537169507482268,0.30070579950427345,-0.8660254037844385,-0.5000000000000004,9.385656356811523,9.560785293579102,219.9335174560547,4.20928918174468e-05,50.59026336669922,5.953338623046875,6.725200653076172,242.4320831298828,0.00014848138380330056,20.219812393188477,3.972961902618408,-1.1953701972961426,268.3664245605469,0.0016238536918535829,28.14666748046875,3.5916850566864014,-1.0221096277236938,284.3643798828125,0.007959087379276752,66.85987854003906,4.001783847808838,0.26226136088371277,291.2330627441406,0.012466528452932835,81.33313751220703,4.00518583774101e-05,8.320906090375502e-06,10.744702339172363,5.38108491897583,2.8661534786224365,4.1152143239742145e-05,5.544164014281705e-05,62.45814895629883,2.435892105102539,0.9512290598945186,2.970620249839155,6,1,21,ML_CTL_50_0006
CTL,50.0,863.0,8.0,18.0,36.94736862182617,290.0,-0.9396926207859083,0.342020143325669,-0.8660254037844385,-0.5000000000000004,7.979736804962158,14.8849458694458,220.5536651611328,9.112629049923271e-05,100.30744934082031,8.307123184204102,10.873014450073242,242.54151916503906,0.0003417090338189155,44.53475570678711,3.8366472721099854,3.3911681175231934,268.79302978515625,0.0019407505169510841,34.39060974121094,2.8575994968414307,2.02413010597229,283.98895263671875,0.00892062857747078,76.82091522216797,2.4492595195770264,2.454038619995117,290.84716796875,0.012928571552038193,86.41446685791016,4.122663813177496e-05,9.075074558495544e-06,13.605647087097168,5.08607292175293,6.725459098815918,4.122663813177496e-05,1.1114987501059659e-05,61.366661071777344,1.6374014616012573,0.8506406106903249,1.7396343147501332,6,2,21,ML_CTL_50_0006
CTL,50.0,864.0,8.0,0.0,31.263158798217773,287.5,-0.9537169507482268,0.30070579950427345,-0.8660254037844385,-0.5000000000000004,9.110078811645508,2.39664363861084,219.89315795898438,6.0504757129820064e-05,73.82392120361328,6.016829013824463,0.4832136332988739,242.308837890625,0.00019817212887573987,26.251811981201172,1.9647995233535767,-2.9485838413238525,268.50579833984375,0.0011894701747223735,20.481931686401367,0.9445512294769287,-2.5602447986602783,284.76312255859375,0.007110425271093845,58.155487060546875,2.4479854106903076,-0.4612497389316559,291.4398498535156,0.012396442703902721,79.7902603149414,4.0792958316160366e-05,3.52421147908899e-06,7.249209403991699,4.096848487854004,-0.6180442571640015,4.0792958316160366e-05,6.391370698111132e-05,62.28248596191406,1.6153336763381958,0.9230528528083027,2.484567708778825,6,3,21,ML_CTL_50_0006
CTL,50.0,865.0,8.0,6.0,36.94736862182617,290.0,-0.9396926207859083,0.342020143325669,-0.8660254037844385,-0.5000000000000004,3.631707191467285,11.921149253845215,219.95286560058594,5.8320558309787884e-05,70.96615600585938,3.527918577194214,7.789209842681885,241.46388244628906,0.0003056216810364276,43.55342102050781,1.5692702531814575,2.379427433013916,268.7161560058594,0.003152115736156702,55.26405334472656,-0.29899120330810547,2.18312931060791,283.81365966796875,0.00829807948321104,72.30207824707031,-0.42916300892829895,2.398677110671997,290.856201171875,0.01226367149502039,81.97178649902344,3.899004150298424e-05,3.738475697900867e-06,10.352205276489258,1.6001484394073486,5.3343186378479,4.029240517411381e-05,9.868891538644675e-06,59.43256759643555,0.3693898022174835,0.9170972220027732,2.403544916650166,6,4,21,ML_CTL_50_0006
CTL,50.0,866.0,8.0,12.0,31.263158798217773,287.5,-0.9537169507482268,0.30070579950427345,-0.8660254037844385,-0.5000000000000004,4.308494567871094,-0.2989867627620697,219.0386962890625,5.4946012824075297e-05,75.09259033203125,0.795468807220459,0.7683629393577576,241.07366943359375,0.00016598471847828478,24.545759201049805,-0.7214323878288269,-1.1419790983200073,267.88885498046875,0.0016648394521325827,29.94084930419922,0.02480069175362587,-0.7375479340553284,284.2881774902344,0.010771277360618114,90.9567642211914,1.1881424188613892,1.079969048500061,291.12847900390625,0.012178392149508,79.9644546508789,4.1070208681048825e-05,5.138559117767727e-06,3.411468505859375,1.1190948486328125,-0.06603634357452393,4.1070208681048825e-05,5.579295248026028e-05,63.6084098815918,2.392826795578003,0.8966968019799645,2.161049457305119,6,5,21,ML_CTL_50_0006
CTL,50.0,867.0,8.0,18.0,31.263158798217773,287.5,-0.9537169507482268,0.30070579950427345,-0.8660254037844385,-0.5000000000000004,0.5296822786331177,0.07895877957344055,219.02914428710938,4.640794577426277e-05,63.2229118347168,0.16246144473552704,0.5396024584770203,240.86590576171875,0.00017787811520975083,26.870378494262695,-1.2015039920806885,-0.5734751224517822,267.5013732910156,0.0026034589391201735,48.32502746582031,-0.19067934155464172,-1.6409680843353271,284.24755859375,0.011195085942745209,94.78829193115234,0.7984961271286011,1.569756031036377,291.19970703125,0.01221519149839878,79.86456298828125,4.2164210753981024e-05,4.211408395349281e-06,1.5148390531539917,0.01969129964709282,-0.005225181579589844,4.2164210753981024e-05,5.619645889964886e-05,65.43204498291016,1.5148390531539917,0.9066095627466402,2.2729229312482913,6,6,21,ML_CTL_50_0006
CTL,50.0,868.0,8.0,0.0,31.263158798217773,287.5,-0.9537169507482268,0.30070579950427345,-0.8660254037844385,-0.5000000000000004,-1.349624514579773,0.9478774070739746,218.8065185546875,4.3962991185253486e-05,61.61093521118164,-1.262251853942871,-1.2442399263381958,240.60238647460938,0.00017608310736250132,27.400638580322266,-2.3708624839782715,-0.8154618740081787,267.1878662109375,0.003113767132163048,59.58293914794922,-2.6996874809265137,-1.4206842184066772,284.1396789550781,0.011027947999536991,94.0427017211914,-0.3300601541996002,2.8583824634552,291.0249938964844,0.01221050787717104,80.734375,4.31494991062209e-05,5.1700949370570015e-06,2.165534734725952,-1.6024973392486572,0.06517477333545685,4.31494991062209e-05,5.722153218812309e-05,66.3620376586914,1.186842441558838,0.9162976568369252,2.393074292883669,6,7,21,ML_CTL_50_0006
CTL,50.0,869.0,8.0,6.0,31.263158798217773,287.5,-0.9537169507482268,0.30070579950427345,-0.8660254037844385,-0.5000000000000004,-2.169977903366089,0.02075977809727192,218.44029235839844,4.221198469167575e-05,62.064308166503906,-3.730280637741089,-1.7078826427459717,240.2725830078125,0.00016341806622222066,26.746231079101562,-3.3408658504486084,-0.4756706953048706,266.62603759765625,0.003551971632987261,71.70911407470703,-3.310364007949829,0.3707100749015808,284.13641357421875,0.011266847141087055,96.09297180175781,-0.13112719357013702,4.334856986999512,290.47735595703125,0.012128192000091076,83.05363464355469,4.169128442299552e-05,7.861000995035283e-06,4.7716193199157715,-2.5365231037139893,0.5085546970367432,4.169128442299552e-05,4.266396717866883e-05,69.72810363769531,0.26290491223335266,0.8839290770257139,2.0301754205849045,6,8,21,ML_CTL_50_0006
CTL,50.0,870.0,8.0,12.0,31.263158798217773,287.5,-0.9537169507482268,0.30070579950427345,-0.8660254037844385,-0.5000000000000004,-4.233660697937012,-1.7118417024612427,218.42803955078125,4.026371243526228e-05,59.35647964477539,-5.448966026306152,-0.5995379686355591,240.09854125976562,0.00011956131493207067,21.1785888671875,-4.765048980712891,-0.17137391865253448,266.37432861328125,0.0040914686396718025,86.20149993896484,-3.0470504760742188,1.3642226457595825,284.098876953125,0.011368770152330399,97.1709213256836,-0.3689729869365692,5.633190631866455,290.08251953125,0.011860163882374763,83.34974670410156,4.0593389712739736e-05,7.538424142694566e-06,8.29971694946289,-3.572739839553833,0.9029319882392883,4.0593389712739736e-05,4.4416217860998586e-05,74.51567840576172,1.006347417831421,0.8342574320939443,1.616106237423435,6,9,21,ML_CTL_50_0006
CTL,50.0,871.0,8.0,18.0,31.263158798217773,285.0,-0.9659258262890684,0.2588190451025203,-0.8660254037844385,-0.5000000000000004,-8.005082130432129,0.27255964279174805,218.68276977539062,3.948732410208322e-05,55.74909591674805,-5.9358978271484375,-1.2812834978103638,240.19480895996094,0.00014139877748675644,24.247682571411133,-3.913367509841919,-1.2971080541610718,266.92291259765625,0.0027223732322454453,54.34056091308594,-2.0937061309814453,-3.0479745864868164,283.7463073730469,0.010946972295641899,95.74506378173828,-1.8423447608947754,-1.3028228282928467,290.80224609375,0.011434497311711311,76.63335418701172,3.808705150731839e-05,8.91368563316064e-06,6.3609089851379395,-4.358079433441162,-1.331325888633728,3.808705150731839e-05,6.316921644611284e-05,73.65294647216797,0.9793288111686707,0.8586131532846443,1.8038187478081436,6,10,21,ML_CTL_50_0006
CTL,50.0,872.0,8.0,0.0,31.263158798217773,285.0,-0.9659258262890684,0.2588190451025203,-0.8660254037844385,-0.5000000000000004,-6.958371162414551,-1.4196269512176514,219.00604248046875,4.2578270949888974e-05,57.50985336303711,-6.627196311950684,-1.3407660722732544,240.546142578125,0.00014058193482924253,23.776033401489258,-5.802653789520264,-1.046981692314148,266.856689453125,0.0033402948174625635,66.587158203125,-4.402183532714844,-2.1433751583099365,283.5008239746094,0.011104406788945198,98.74034881591797,-2.93044376373291,1.3752391338348389,290.5101013183594,0.011704865843057632,79.90182495117188,4.015999365947209e-05,8.348092706000898e-06,4.902598857879639,-5.344169616699219,-0.9151021838188171,4.015999365947209e-05,5.925016739638522e-05,75.27416229248047,1.4296154975891113,0.8729238924549657,1.9270621937458108,6,11,21,ML_CTL_50_0006
CTL,50.0,873.0,8.0,6.0,31.263158798217773,285.0,-0.9659258262890684,0.2588190451025203,-0.8660254037844385,-0.5000000000000004,-6.579861640930176,-3.0098066329956055,220.5396270751953,9.101041359826922e-05,103.48627471923828,-6.566397666931152,-0.995025634765625,240.96627807617188,0.0003067685174755752,47.65298843383789,-7.415727138519287,0.37917235493659973,267.247802734375,0.0032116996590048075,61.17058563232422,-5.1682448387146,0.08983094245195389,283.1871032714844,0.010457762517035007,95.03719329833984,-2.8554368019104004,4.322721481323242,289.3645935058594,0.012043504044413567,88.45142364501953,3.999791806563735e-05,6.673230473097647e-06,8.224190711975098,-5.717133522033691,0.15737847983837128,3.999791806563735e-05,4.3970070692012087e-05,75.88996887207031,3.2125062942504883,0.7855903998299216,1.2985473316829572,6,12,21,ML_CTL_50_0006
CTL,50.0,874.0,8.0,12.0,31.263158798217773,285.0,-0.9659258262890684,0.2588190451025203,-0.8660254037844385,-0.5000000000000004,-5.189538478851318,-2.4176597595214844,220.170654296875,8.21999492472969e-05,96.51367950439453,-6.301407814025879,-0.04297441989183426,240.40084838867188,0.00032075363560579717,51.46050262451172,-9.097331047058105,1.2940703630447388,267.1778564453125,0.0032723713666200638,62.86886978149414,-6.197425842285156,1.599199891090393,283.1379089355469,0.01050459872931242,95.78126525878906,-3.8130874633789062,6.495846748352051,289.1873474121094,0.011486852541565895,85.4292221069336,3.741797627299093e-05,8.569494639232289e-06,9.019158363342285,-6.119757652282715,1.3856966495513916,3.741797627299093e-05,4.532193997874856e-05,75.54248046875,3.2885897159576416,0.8139205451171365,1.4756889915283642,6,13,21,ML_CTL_50_0006
CTL,50.0,875.0,8.0,18.0,31.263158798217773,282.5,-0.9762960071199335,0.21643961393810246,-0.8660254037844385,-0.5000000000000004,-5.333551406860352,-0.5974036455154419,219.48887634277344,7.82909628469497e-05,98.70130920410156,-6.661864757537842,-0.20705971121788025,241.50938415527344,0.00046659260988235474,70.80625915527344,-8.647974967956543,-0.6522588133811951,267.4031982421875,0.0028383603785187006,54.160858154296875,-6.7289533615112305,-2.2537012100219727,283.80377197265625,0.010879850946366787,94.84075164794922,-4.815446853637695,0.9703700542449951,290.1192321777344,0.011575916782021523,81.00830078125,4.037417966173962e-05,1.2385969057504553e-05,1.651165246963501,-6.437558174133301,-0.5480107069015503,4.037417966173962e-05,4.60249102616217e-05,77.27303314208984,1.1790705919265747,0.7794199874051372,1.2622895392039495,6,14,21,ML_CTL_50_0006
CTL,50.0,876.0,8.0,0.0,29.36842155456543,282.5,-0.9762960071199335,0.21643961393810246,-0.8660254037844385,-0.5000000000000004,-3.076306104660034,-1.685522437095642,219.31275939941406,7.841462502256036e-05,100.03600311279297,-3.489438533782959,1.2846788167953491,242.46165466308594,0.0007318019634112716,97.0064926147461,-8.991287231445312,0.385837584733963,268.6197204589844,0.004804391413927078,86.09412384033203,-4.630085468292236,-1.1089712381362915,282.606689453125,0.009884271770715714,93.43404388427734,-2.49985408782959,4.264153957366943,289.3184509277344,0.011236162856221199,82.79255676269531,4.125808845856227e-05,2.5309940610895865e-05,5.977536678314209,-4.537394046783447,0.6280353665351868,4.125808845856227e-05,5.149162097950466e-05,78.58390045166016,0.7322628498077393,0.7365967981011812,1.0283547118718923,6,15,21,ML_CTL_50_0006
CTL,50.0,877.0,8.0,6.0,29.36842155456543,280.0,-0.9848077530122081,0.17364817766692997,-0.8660254037844385,-0.5000000000000004,-8.543168067932129,-2.9299185276031494,219.1678009033203,7.343020115513355e-05,96.4821548461914,-6.350244045257568,0.5540834069252014,241.4620361328125,0.0006186161772347987,88.77871704101562,-6.61189079284668,0.8923686742782593,267.7742614746094,0.00442417012527585,84.56288146972656,-4.6627068519592285,-1.6008604764938354,283.7147521972656,0.010958369821310043,96.17203521728516,-2.911668300628662,0.14178615808486938,289.7298278808594,0.011259108781814575,80.8135986328125,3.7064488424221054e-05,2.1375819414970465e-05,6.414761066436768,-5.8159356117248535,-0.5885081887245178,3.7064488424221054e-05,3.777584061026573e-05,76.6364974975586,3.529930830001831,0.6978275145773755,0.8369739603208743,6,16,21,ML_CTL_50_0006
CTL,50.0,878.0,8.0,12.0,29.36842155456543,280.0,-0.9848077530122081,0.17364817766692997,-0.8660254037844385,-0.5000000000000004,-9.23227310180664,-2.538942337036133,218.9932403564453,5.2607279940275475e-05,70.39590454101562,-6.460136890411377,1.6770950555801392,240.73098754882812,0.0005455806967802346,82.46802520751953,-5.987812042236328,1.5706456899642944,267.5814514160156,0.0048289611004292965,95.01053619384766,-4.888537883758545,0.42071831226348877,284.2474670410156,0.011197132058441639,94.7760009765625,-3.3279592990875244,3.406681776046753,289.43310546875,0.011031645350158215,80.73653411865234,3.6577646824298427e-05,1.7211874364875257e-05,8.379222869873047,-5.979343891143799,0.9072397351264954,3.6577646824298427e-05,2.495575427019503e-05,76.51929473876953,3.831299066543579,0.7701454016466387,1.2091324023881462,6,17,21,ML_CTL_50_0006
CTL,50.0,879.0,8.0,18.0,29.36842155456543,280.0,-0.9848077530122081,0.17364817766692997,-0.8660254037844385,-0.5000000000000004,-7.034961223602295,-0.36320260167121887,219.04763793945312,3.9203689084388316e-05,52.28722381591797,-4.688494682312012,2.722587823867798,240.6204071044922,0.0005792969022877514,84.76176452636719,-6.5619282722473145,1.0788655281066895,268.0667419433594,0.005044194404035807,96.28701782226562,-5.023046016693115,2.3348875045776367,283.7212829589844,0.011125464923679829,97.53975677490234,-3.4513463973999023,6.488161563873291,289.7391662597656,0.010752991773188114,77.20855712890625,3.23457206832245e-05,1.005654576147208e-05,7.731977939605713,-5.351955413818359,2.4522597789764404,3.23457206832245e-05,2.0456711354199797e-05,77.09862518310547,2.0963828563690186,0.7561783254768281,1.131840112644753,6,18,21,ML_CTL_50_0006
CTL,50.0,880.0,8.0,0.0,29.36842155456543,277.5,-0.9914448613738105,0.13052619222005127,-0.8660254037844385,-0.5000000000000004,-5.491418361663818,-3.67474627494812,219.31857299804688,4.468233964871615e-05,57.834197998046875,-4.544656753540039,2.5458953380584717,240.86732482910156,0.0004692679503932595,68.81488800048828,-7.17696475982666,2.0661890506744385,267.9566955566406,0.004778220318257809,91.46672058105469,-4.408233165740967,1.0647517442703247,284.31903076171875,0.011393106542527676,95.99645233154297,-2.9367423057556152,3.1790897846221924,290.6294250488281,0.012795558199286461,86.77136993408203,3.2590778573649004e-05,8.377866834052838e-06,7.314467906951904,-4.911602973937988,1.036236047744751,3.2590778573649004e-05,3.594391455408186e-05,78.59870910644531,0.7993766069412231,0.7611395207687277,1.158937067215596,6,19,21,ML_CTL_50_0006
CTL,50.0,881.0,8.0,6.0,29.36842155456543,275.0,-0.9961946980917455,0.08715574274765789,-0.8660254037844385,-0.5000000000000004,-7.178492069244385,-3.5461678504943848,219.34205627441406,8.212537795770913e-05,103.9406509399414,-4.646076202392578,3.1642637252807617,243.1603546142578,0.0006696925847791135,85.41693878173828,-4.011785507202148,1.9240838289260864,269.1973571777344,0.003955299034714699,68.2017593383789,-2.938002586364746,0.032763801515102386,283.7449951171875,0.01017842348664999,89.10790252685547,-2.6759979724884033,0.9150447845458984,290.7079162597656,0.012594460509717464,84.99835968017578,2.662753286131192e-05,1.3353772374102846e-05,6.338365077972412,-4.2900710105896,0.4979976713657379,2.662753286131192e-05,4.395982978167012e-05,76.46472930908203,3.1089389324188232,0.5564099164334616,0.22660438160290886,6,20,21,ML_CTL_50_0006
CTL,50.0,882.0,8.0,12.0,29.36842155456543,275.0,-0.9961946980917455,0.08715574274765789,-0.8660254037844385,-0.5000000000000004,-4.897905349731445,-2.3987197875976562,219.483642578125,8.396595512749627e-05,104.65457153320312,-2.569126605987549,2.770205020904541,243.4001922607422,0.0006913018296472728,84.9861068725586,-5.144759654998779,1.8786027431488037,269.2466735839844,0.0037750692572444677,64.79068756103516,-3.563950777053833,0.8525771498680115,283.587890625,0.010396629571914673,91.98201751708984,-2.554931879043579,2.8934197425842285,290.3229064941406,0.012440046295523643,86.05615234375,2.7514992325450294e-05,1.2064469956385437e-05,5.787595748901367,-3.7461349964141846,1.1992170810699463,2.7514992325450294e-05,4.768654616782442e-05,77.45220947265625,1.8899863958358765,0.5898018782231031,0.3631464140551892,6,21,21,ML_CTL_50_0006
CTL,50.0,903.0,8.0,18.0,18.0,335.0,-0.4226182617406992,0.90630778703665,-0.8660254037844385,-0.5000000000000004,-7.454634189605713,12.130498886108398,219.8762664794922,5.202518877922557e-05,63.573204040527344,-4.94229793548584,4.316917419433594,243.7902069091797,0.00036564169568009675,41.04774856567383,-6.842984676361084,3.091012954711914,270.3609619140625,0.005392380990087986,84.0897216796875,-4.259449005126953,4.2710700035095215,283.55224609375,0.008190433494746685,72.60224151611328,-2.4958009719848633,3.014111280441284,291.356689453125,0.01186300814151764,76.8525619506836,3.793289579334669e-05,1.360586338705616e-05,10.377791404724121,-5.199033260345459,5.36472225189209,3.793289579334669e-05,3.975799700128846e-05,63.996910095214844,1.9981539249420166,0.6094202295663753,0.44487583577905143,7,1,12,ML_CTL_50_0007
CTL,50.0,904.0,8.0,0.0,18.0,332.5,-0.46174861323503363,0.8870108331782218,-0.8660254037844385,-0.5000000000000004,-6.309439182281494,11.750205039978027,219.83885192871094,7.351966632995754e-05,90.56554412841797,-6.69325590133667,1.2156574726104736,243.1461181640625,0.00041893194429576397,48.72415542602539,-9.160529136657715,1.5108888149261475,270.16070556640625,0.004432734567672014,69.2968978881836,-3.560535192489624,-0.34246134757995605,283.5984802246094,0.008247841149568558,72.91104125976562,-2.0509283542633057,-0.6787096261978149,290.9250793457031,0.012156309559941292,80.86405181884766,3.538453165674582e-05,1.7942320482688956e-05,13.13822078704834,-5.554937362670898,2.6911158561706543,3.538453165674582e-05,5.586268525803462e-05,55.845115661621094,0.8221766352653503,0.5787582737049268,0.31767806048557645,7,2,12,ML_CTL_50_0007
CTL,50.0,905.0,8.0,6.0,18.0,332.5,-0.46174861323503363,0.8870108331782218,-0.8660254037844385,-0.5000000000000004,-7.20570707321167,8.54317569732666,219.50782775878906,7.022693898761645e-05,88.64299011230469,-10.704526901245117,4.395263195037842,243.0417938232422,0.0003359248803462833,42.11536407470703,-11.817655563354492,4.311055660247803,269.91766357421875,0.004824571777135134,76.23193359375,-4.9923014640808105,0.9523751139640808,283.40423583984375,0.008658036589622498,77.58013153076172,-3.235243082046509,1.3447242975234985,290.6983947753906,0.0121611924842,82.05963134765625,3.5733628465095535e-05,1.2221352335473057e-05,8.220845222473145,-7.591087341308594,3.9093189239501953,3.5733628465095535e-05,6.523988849949092e-05,60.48624038696289,1.4647777080535889,0.595482533947427,0.3866771433721885,7,3,12,ML_CTL_50_0007
CTL,50.0,906.0,8.0,12.0,18.0,332.5,-0.46174861323503363,0.8870108331782218,-0.8660254037844385,-0.5000000000000004,-8.554227828979492,5.906189918518066,219.53395080566406,5.091873026685789e-05,62.89208984375,-12.00567626953125,6.95916223526001,243.4334259033203,0.00039002744597382843,47.222225189208984,-13.354463577270508,4.276096343994141,269.6370849609375,0.005379779729992151,87.95581817626953,-6.275383472442627,2.852827310562134,283.2992858886719,0.008365071378648281,75.4740982055664,-3.6208722591400146,4.398745536804199,290.84014892578125,0.01189000066369772,79.49986267089844,3.546928564901464e-05,1.9173727196175605e-05,5.158525466918945,-8.762125015258789,4.878603935241699,3.546928564901464e-05,6.856003165012226e-05,64.4972915649414,3.763601303100586,0.736343342026766,1.0270487885391417,7,4,12,ML_CTL_50_0007
CTL,50.0,907.0,8.0,18.0,18.0,330.0,-0.5000000000000004,0.8660254037844384,-0.8660254037844385,-0.5000000000000004,-7.454327583312988,7.737555980682373,219.51072692871094,4.252552389516495e-05,52.30156707763672,-9.726300239562988,5.276985168457031,243.43898010253906,0.0005538645200431347,65.55062866210938,-10.433403015136719,-0.43413618206977844,269.33880615234375,0.005505353678017855,93.93095397949219,-4.170182228088379,-0.209472194314003,283.2559509277344,0.009104736149311066,82.43063354492188,-1.6353564262390137,0.993479311466217,290.6661071777344,0.011837836354970932,80.00946044921875,3.343959178891964e-05,2.2114252715255134e-05,8.907468795776367,-6.6839141845703125,2.672882556915283,3.343959178891964e-05,6.408320768969133e-05,58.572654724121094,1.640856146812439,0.7659907934595326,1.185809691912258,7,5,12,ML_CTL_50_0007
CTL,50.0,908.0,8.0,0.0,18.0,330.0,-0.5000000000000004,0.8660254037844384,-0.8660254037844385,-0.5000000000000004,-7.038941860198975,4.525825500488281,219.43316650390625,4.142996476730332e-05,52.15397644042969,-8.922191619873047,3.9826912879943848,243.13243103027344,0.0006548398523591459,76.49984741210938,-12.15173625946045,0.6690903306007385,268.9274597167969,0.005649259779602289,101.03884887695312,-4.869104385375977,1.4716373682022095,282.6775207519531,0.00904148817062378,85.06645202636719,-2.2204463481903076,2.614626169204712,290.4929504394531,0.011388753540813923,77.79283905029297,3.289146116003394e-05,3.468531940598041e-05,5.183684349060059,-7.0404839515686035,2.6527740955352783,3.289146116003394e-05,6.432327791117132e-05,60.77720260620117,2.4672234058380127,0.8324161802794502,1.6028488900958235,7,6,12,ML_CTL_50_0007
CTL,50.0,909.0,8.0,6.0,19.894737243652344,327.5,-0.5372996083468242,0.8433914458128855,-0.8660254037844385,-0.5000000000000004,-2.254406452178955,7.230403900146484,219.37684631347656,3.203244341420941e-05,39.701881408691406,-4.868131637573242,4.6095991134643555,242.33737182617188,0.0004635768127627671,63.97861099243164,-10.529707908630371,1.2415183782577515,268.8305358886719,0.004235985688865185,72.7167739868164,-7.918879985809326,1.480677604675293,283.0439453125,0.009216435253620148,84.60855865478516,-6.685547828674316,1.3253759145736694,290.3241882324219,0.012001566588878632,82.92036437988281,3.1753112125443295e-05,8.123246516333893e-06,7.382707595825195,-6.4513349533081055,3.1775147914886475,3.1753112125443295e-05,5.254543066257611e-05,63.199222564697266,2.5362021923065186,0.7676229736302019,1.194937526593856,7,7,12,ML_CTL_50_0007
CTL,50.0,910.0,8.0,12.0,19.894737243652344,327.5,-0.5372996083468242,0.8433914458128855,-0.8660254037844385,-0.5000000000000004,-2.9726762771606445,5.055169582366943,219.1605987548828,3.379248300916515e-05,43.94357681274414,-5.592729568481445,4.092357635498047,242.3644561767578,0.0004354302363935858,59.274925231933594,-10.098904609680176,1.9977318048477173,269.0890197753906,0.004617669619619846,79.41445922851562,-7.773354530334473,3.2906816005706787,282.7569580078125,0.008186722174286842,76.5832290649414,-6.667352199554443,3.9278059005737305,290.4920959472656,0.011204008013010025,76.57271575927734,3.058278889511712e-05,1.3322131053428166e-05,3.8628458976745605,-6.621003150939941,3.6727492809295654,3.058278889511712e-05,4.6565703087253496e-05,62.6065673828125,0.67240309715271,0.7836313028152114,1.2869547487706114,7,8,12,ML_CTL_50_0007
CTL,50.0,911.0,8.0,18.0,19.894737243652344,325.0,-0.5735764363510465,0.8191520442889916,-0.8660254037844385,-0.5000000000000004,1.3940694332122803,6.702805519104004,219.25216674804688,2.8322727303020656e-05,35.14158630371094,-3.259225845336914,4.240559101104736,242.0232391357422,0.0004759489675052464,68.13658142089844,-7.395303249359131,-1.1149277687072754,269.02545166015625,0.00431160070002079,73.15267181396484,-5.935324192047119,-0.1416875272989273,282.921875,0.010097173042595387,93.45294952392578,-5.383337020874023,1.4424270391464233,290.5521545410156,0.011642605997622013,79.26614379882812,2.9479391741915606e-05,9.53009475779254e-06,8.579325675964355,-4.115824222564697,2.2258353233337402,2.9479391741915606e-05,3.978384847869165e-05,60.144691467285156,1.8192367553710938,0.7270422380171142,0.9796675097030274,7,9,12,ML_CTL_50_0007
CTL,50.0,912.0,8.0,0.0,19.894737243652344,325.0,-0.5735764363510465,0.8191520442889916,-0.8660254037844385,-0.5000000000000004,1.5933644771575928,4.181561470031738,219.28762817382812,2.839351145667024e-05,36.40579605102539,-3.1129233837127686,3.4748711585998535,241.83837890625,0.00042964218300767243,60.540870666503906,-7.9859843254089355,-0.15638284385204315,268.5727844238281,0.004493054002523422,80.59551239013672,-6.610047817230225,1.8849056959152222,282.2970886230469,0.008897361345589161,85.84424591064453,-5.96319055557251,3.008333921432495,290.33538818359375,0.010763846337795258,74.27593994140625,2.7240404961048625e-05,1.6512969523319043e-05,7.647089958190918,-4.4157562255859375,2.4786579608917236,2.7240404961048625e-05,3.354070213390514e-05,61.01841735839844,1.6817890405654907,0.734864746612542,1.019446378142352,7,10,12,ML_CTL_50_0007
CTL,50.0,913.0,8.0,6.0,19.894737243652344,322.5,-0.608761429008721,0.7933533402912349,-0.8660254037844385,-0.5000000000000004,5.479846000671387,4.317622184753418,219.9104766845703,5.407333082985133e-05,66.80549621582031,-0.13230068981647491,3.8679544925689697,241.2734832763672,0.000355453317752108,51.29873275756836,-5.8479695320129395,-1.0281401872634888,268.4822998046875,0.0036249463446438313,63.54940414428711,-6.188442230224609,0.4847761392593384,282.7565002441406,0.01004040613770485,93.94000244140625,-5.516150951385498,1.816542625427246,289.941650390625,0.011681453324854374,82.67869567871094,2.604655128379818e-05,9.34160652832361e-06,11.276849746704102,-2.4410033226013184,1.8917510509490967,2.604655128379818e-05,2.5729792469064705e-05,60.176185607910156,0.664314329624176,0.607078788868873,0.43504947189113463,7,11,12,ML_CTL_50_0007
CTL,50.0,914.0,8.0,12.0,19.894737243652344,322.5,-0.608761429008721,0.7933533402912349,-0.8660254037844385,-0.5000000000000004,3.816953420639038,2.6886420249938965,219.56407165527344,4.360452658147551e-05,56.253231048583984,-0.6851356029510498,3.384026288986206,241.1963348388672,0.0003471642266958952,49.13041687011719,-5.038124084472656,0.5083817839622498,268.5619812011719,0.003985710442066193,70.65129089355469,-5.9577836990356445,2.929572582244873,282.45977783203125,0.008745627477765083,83.47631072998047,-5.808172225952148,3.833111047744751,290.37176513671875,0.010103697888553143,69.5647201538086,2.199359005317092e-05,1.4179900063027162e-05,9.692928314208984,-2.734452486038208,2.6687464714050293,2.199359005317092e-05,2.1476540496223606e-05,59.49360275268555,1.8802844285964966,0.5780651865079439,0.31483581003250505,7,12,12,ML_CTL_50_0007
CTL,50.0,910.0,8.0,12.0,33.157894134521484,282.5,-0.9762960071199335,0.21643961393810246,-0.8660254037844385,-0.5000000000000004,15.296806335449219,4.8066253662109375,219.32052612304688,7.541295781265944e-05,97.59957885742188,14.568716049194336,3.6207377910614014,240.57603454589844,0.0003837913682218641,61.94483947753906,2.0527539253234863,-1.4310612678527832,267.741943359375,0.002423840342089534,48.355098724365234,-0.3033257722854614,-1.3437461853027344,282.9771728515625,0.009092968888580799,83.84195709228516,0.16228027641773224,0.8598366975784302,290.22216796875,0.01113647036254406,77.55793762207031,3.309057137812488e-05,1.3718656646233285e-06,15.640685081481934,6.3554463386535645,1.302478551864624,3.309057137812488e-05,3.361302151461132e-05,74.16326141357422,1.2890504598617554,0.5608872188535428,0.24476356465812676,8,1,8,ML_CTL_50_0008
CTL,50.0,911.0,8.0,18.0,33.157894134521484,282.5,-0.9762960071199335,0.21643961393810246,-0.8660254037844385,-0.5000000000000004,15.540005683898926,5.013747692108154,219.3495330810547,5.850003071827814e-05,74.33610534667969,14.628022193908691,2.6280083656311035,240.88900756835938,0.00027998918085359037,44.6590690612793,2.425179958343506,-2.705937385559082,268.12469482421875,0.001898552174679935,35.80794906616211,-0.9102606177330017,-3.0231876373291016,283.1888122558594,0.009417552500963211,85.60542297363281,0.29708003997802734,0.6343672871589661,290.17254638671875,0.01122847106307745,78.45762634277344,3.303724588477053e-05,3.1127601118896564e-07,15.859563827514648,6.396005153656006,0.5093996524810791,3.303724588477053e-05,4.044685192639008e-05,77.61509704589844,1.7810269594192505,0.7726735386690029,1.2234694890999154,8,2,8,ML_CTL_50_0008
CTL,50.0,912.0,8.0,0.0,33.157894134521484,282.5,-0.9762960071199335,0.21643961393810246,-0.8660254037844385,-0.5000000000000004,13.806642532348633,-0.34771275520324707,219.9449920654297,4.2464089347049594e-05,49.13945007324219,13.154685974121094,-0.9907341599464417,240.77798461914062,0.00018839728727471083,32.07924270629883,1.3650959730148315,-2.8654892444610596,268.05859375,0.0012633736478164792,23.20968246459961,-2.5762336254119873,-3.29803466796875,283.0195007324219,0.00991827342659235,91.2261962890625,0.26390156149864197,-0.15249955654144287,290.19573974609375,0.011389014311134815,79.43730163574219,3.156788807245903e-05,3.019411678906181e-06,13.544147491455078,5.202818393707275,-1.5308940410614014,3.156788807245903e-05,4.245307718520053e-05,76.49301147460938,1.1621429920196533,0.8075840661907848,1.434387805557138,8,3,8,ML_CTL_50_0008
CTL,50.0,913.0,8.0,6.0,33.157894134521484,282.5,-0.9762960071199335,0.21643961393810246,-0.8660254037844385,-0.5000000000000004,8.857418060302734,-4.4394731521606445,220.53233337402344,3.5807595850201324e-05,38.64874267578125,9.579490661621094,-3.7745120525360107,240.39772033691406,0.00013979492359794676,25.283727645874023,1.821646809577942,-1.829014778137207,267.9591369628906,0.0011309548281133175,22.036773681640625,-2.072934865951538,-3.010101079940796,282.644287109375,0.009535623714327812,89.9394760131836,-0.39880967140197754,-1.4905152320861816,289.64227294921875,0.012033204548060894,86.82681274414062,3.438134808675386e-05,6.529249276354676e-06,9.714632987976074,3.5573623180389404,-2.9087233543395996,3.438134808675386e-05,2.991075234604068e-05,73.60355377197266,3.2501938343048096,0.8158751887001993,1.4886475383070916,8,4,8,ML_CTL_50_0008
CTL,50.0,914.0,8.0,12.0,33.157894134521484,282.5,-0.9762960071199335,0.21643961393810246,-0.8660254037844385,-0.5000000000000004,4.749514102935791,-4.586634635925293,221.0372772216797,2.5949449991458096e-05,26.442951202392578,5.199986934661865,-5.282250881195068,240.6436767578125,0.00019113531743641943,36.185546875,1.9243866205215454,-2.0734994411468506,267.718505859375,0.001070245518349111,21.682859420776367,-1.7317670583724976,-3.7516729831695557,282.78436279296875,0.009057024493813515,84.61827087402344,-1.0309476852416992,-1.1644176244735718,289.5228271484375,0.011990291066467762,87.1612319946289,3.470206502242945e-05,8.540856470062863e-06,6.7175374031066895,1.8222347497940063,-3.371695041656494,3.470206502242945e-05,2.7038235202780925e-05,72.67863464355469,1.8224830627441406,0.7656719733120658,1.184031887575275,8,5,8,ML_CTL_50_0008
CTL,50.0,917.0,8.0,6.0,35.05263137817383,287.5,-0.9537169507482268,0.30070579950427345,-0.8660254037844385,-0.5000000000000004,-0.5660772323608398,-9.959413528442383,221.49436950683594,2.7636857339530252e-05,25.92726707458496,-0.061973970383405685,-4.405205726623535,241.10317993164062,0.0005226336652413011,78.55875396728516,0.9804002642631531,-1.8844516277313232,267.2584533691406,0.0018634991720318794,37.47407150268555,0.2905709445476532,-0.1755468100309372,282.24932861328125,0.008831636048853397,85.55677032470703,2.910001754760742,3.3048207759857178,288.4893798828125,0.011916725896298885,92.55941009521484,2.831159144989215e-05,5.30155830347212e-06,13.712149620056152,0.7105843424797058,-2.6239593029022217,2.831159144989215e-05,3.1967203540261835e-05,80.7049331665039,4.861691474914551,0.6202916425518573,0.49078628099559607,8,6,8,ML_CTL_50_0008
CTL,50.0,918.0,8.0,12.0,35.05263137817383,287.5,-0.9537169507482268,0.30070579950427345,-0.8660254037844385,-0.5000000000000004,2.6888694763183594,-8.170439720153809,221.09823608398438,2.7436890377430245e-05,26.321884155273438,1.8833482265472412,-2.700955390930176,241.47439575195312,0.0007509174756705761,106.3568344116211,1.6073377132415771,-0.9857023358345032,267.5509948730469,0.0019304212182760239,38.855072021484375,1.0044450759887695,0.274119108915329,282.3015441894531,0.008788252249360085,84.83354187011719,2.607191324234009,3.7391700744628906,288.66937255859375,0.011893350630998611,91.38447570800781,2.92122749669943e-05,1.9808558135991916e-06,11.909890174865723,1.9582383632659912,-1.5687615871429443,2.92122749669943e-05,2.9763696147711016e-05,79.64724731445312,4.342961311340332,0.5656212490590443,0.2640078313928531,8,7,8,ML_CTL_50_0008
CTL,50.0,920.0,8.0,0.0,36.94736862182617,287.5,-0.9537169507482268,0.30070579950427345,-0.8660254037844385,-0.5000000000000004,3.5987513065338135,-7.534167766571045,221.5817108154297,2.6791072741616517e-05,26.215761184692383,2.810528039932251,-2.856929302215576,240.08285522460938,0.0003411425568629056,55.948463439941406,3.0013787746429443,1.1790355443954468,267.4102478027344,0.0021906981710344553,44.71195602416992,1.7858357429504395,2.5569522380828857,283.0363464355469,0.00738003384321928,67.69667053222656,2.624328136444092,3.5574700832366943,289.79559326171875,0.012001377530395985,85.71150970458984,2.243519338662736e-05,9.356228503065722e-08,11.134357452392578,2.764164447784424,-0.6195278763771057,2.243519338662736e-05,1.767241337802261e-05,73.58126068115234,7.331416606903076,0.564312610222433,0.25868338112778644,8,8,8,ML_CTL_50_0008
CTL,50.0,925.0,8.0,6.0,29.36842155456543,282.5,-0.9762960071199335,0.21643961393810246,-0.8660254037844385,-0.5000000000000004,9.35082721710205,1.2586942911148071,220.8980255126953,9.599113400327042e-05,99.75032043457031,6.808948516845703,4.022980213165283,243.3125,0.0007478632032871246,88.97097778320312,-0.5539442300796509,4.843011856079102,268.7523193359375,0.004177270457148552,74.9669189453125,-0.6986731290817261,3.645996332168579,283.3083801269531,0.010124562308192253,91.27240753173828,1.4894391298294067,7.846072673797607,290.1634521484375,0.013648886233568192,95.3295669555664,3.7272700865287334e-05,9.98792302198126e-07,10.256460189819336,3.2793192863464355,4.32335090637207,3.7272700865287334e-05,3.053053660551086e-05,75.2585678100586,3.1877503395080566,0.5695421325368528,0.27998331154276257,9,1,13,ML_CTL_50_0009
CTL,50.0,926.0,8.0,12.0,29.36842155456543,282.5,-0.9762960071199335,0.21643961393810246,-0.8660254037844385,-0.5000000000000004,8.342986106872559,2.6839213371276855,220.91468811035156,9.674266038928181e-05,100.60765075683594,7.117260456085205,7.1507954597473145,243.71734619140625,0.0009270049049519002,103.36799621582031,-0.8815734386444092,5.444787502288818,269.48883056640625,0.005014755297452211,86.62283325195312,0.37859752774238586,4.202434539794922,282.6553039550781,0.009841887280344963,92.70946502685547,2.640160083770752,8.158747673034668,290.3104248046875,0.013506139628589153,93.49170684814453,4.2352756281616166e-05,1.3976111404190306e-05,7.90543794631958,3.51948618888855,5.52813720703125,4.2352756281616166e-05,2.6692181563703343e-05,76.54365539550781,2.7890632152557373,0.5582985635403264,0.234259708682528,9,2,13,ML_CTL_50_0009
CTL,50.0,927.0,8.0,18.0,29.36842155456543,282.5,-0.9762960071199335,0.21643961393810246,-0.8660254037844385,-0.5000000000000004,6.9300217628479,6.288234233856201,220.31427001953125,8.963223081082106e-05,100.2802734375,6.063077449798584,8.367562294006348,245.55364990234375,0.0011896284995600581,107.55780792236328,0.7654092907905579,3.8799760341644287,270.0420837402344,0.005520205944776535,91.98181915283203,3.1310999393463135,4.59912109375,282.3893127441406,0.009713873267173767,93.19447326660156,4.6506876945495605,7.899651050567627,291.05047607421875,0.012686132453382015,83.81867218017578,4.651472409022972e-05,3.4107983083231375e-05,2.7914204597473145,4.308059215545654,6.206908702850342,4.651472409022972e-05,3.842621299554594e-05,75.57987976074219,2.7914204597473145,0.6256120077015376,0.5134377107064938,9,3,13,ML_CTL_50_0009
CTL,50.0,928.0,8.0,0.0,31.263158798217773,282.5,-0.9762960071199335,0.21643961393810246,-0.8660254037844385,-0.5000000000000004,7.928544521331787,11.586729049682617,219.96397399902344,8.619399159215391e-05,100.24919891357422,5.129576683044434,9.229378700256348,244.92013549804688,0.0011800747597590089,116.55513000488281,0.07021518051624298,1.4786142110824585,270.25604248046875,0.0042619830928742886,72.2752685546875,0.9108332991600037,3.1942861080169678,283.3681945800781,0.009586920961737633,86.08172607421875,2.1646833419799805,5.635796070098877,291.29669189453125,0.012550058774650097,81.62395477294922,5.047945160185918e-05,3.0353650799952447e-05,8.284666061401367,3.2407708168029785,6.224961280822754,5.047945160185918e-05,5.014682392356917e-05,72.2440414428711,3.2059457302093506,0.6094767656811533,0.4451133614956515,9,4,13,ML_CTL_50_0009
CTL,50.0,929.0,8.0,6.0,33.157894134521484,282.5,-0.9762960071199335,0.21643961393810246,-0.8660254037844385,-0.5000000000000004,10.633488655090332,16.038806915283203,220.4070281982422,9.235685138264671e-05,101.84253692626953,6.915838718414307,11.757148742675781,243.5885772705078,0.0009702974348329008,111.80587005615234,1.1349695920944214,0.583762526512146,269.6513671875,0.004458564333617687,76.42847442626953,0.01985524222254753,2.4011311531066895,283.2010192871094,0.00900402944535017,81.72787475585938,0.5550981760025024,3.0068960189819336,290.79486083984375,0.013314682058990002,89.33287048339844,5.2194922318449244e-05,1.6456260709674098e-05,16.474363327026367,3.8518500328063965,6.757549285888672,5.2194922318449244e-05,5.715266161132604e-05,69.62876892089844,7.74575662612915,0.5818193571550389,0.33024651757084533,9,5,13,ML_CTL_50_0009
CTL,50.0,930.0,8.0,12.0,33.157894134521484,282.5,-0.9762960071199335,0.21643961393810246,-0.8660254037844385,-0.5000000000000004,8.973760604858398,18.005096435546875,220.24668884277344,7.358896982623264e-05,82.89570617675781,6.464136600494385,11.474761962890625,243.11326599121094,0.0008642023894935846,103.54232788085938,2.8159873485565186,-0.9994092583656311,269.3200378417969,0.005477424245327711,93.75830841064453,1.9495450258255005,1.1542516946792603,283.7185363769531,0.008522066287696362,74.70133972167969,1.285863995552063,1.8752834796905518,291.2064514160156,0.01257428526878357,82.20313262939453,5.790466093458235e-05,8.933816388889682e-06,17.868257522583008,4.297858238220215,6.301997184753418,5.790466093458235e-05,5.292758942232467e-05,69.76892852783203,5.820025444030762,0.6617915846495347,0.6712883606372868,9,6,13,ML_CTL_50_0009
CTL,50.0,932.0,8.0,0.0,36.94736862182617,285.0,-0.9659258262890684,0.2588190451025203,-0.8660254037844385,-0.5000000000000004,14.664212226867676,18.854982376098633,220.0909423828125,5.036110451328568e-05,57.23052215576172,10.501689910888672,14.34411334991455,242.64169311523438,0.0007685350137762725,95.09339141845703,3.396284580230713,0.6699159145355225,269.2506408691406,0.004524913616478443,78.90030670166016,-0.6806962490081787,3.053701877593994,283.55023193359375,0.008989449590444565,79.71798706054688,-0.8045080900192261,5.610907077789307,290.6686706542969,0.01249911542981863,84.56790161132812,5.812185918330215e-05,1.426229573553428e-05,20.363861083984375,5.415396213531494,8.50672435760498,5.812185918330215e-05,4.1006427636602893e-05,65.5521011352539,0.7793418765068054,0.830989724752095,1.592657916501469,9,7,13,ML_CTL_50_0009
CTL,50.0,938.0,8.0,12.0,36.94736862182617,285.0,-0.9659258262890684,0.2588190451025203,-0.8660254037844385,-0.5000000000000004,11.552834510803223,10.060078620910645,221.09011840820312,9.641312499297783e-05,98.99070739746094,6.426909446716309,12.358291625976562,244.42459106445312,0.0010636512888595462,107.54750061035156,0.960433304309845,7.919449806213379,270.221435546875,0.006209226790815592,100.84352111816406,0.643851637840271,6.919919490814209,283.8403015136719,0.011365439742803574,98.86602783203125,1.0873525142669678,9.534245491027832,289.60791015625,0.01281552854925394,92.8261947631836,4.4831645936938e-05,2.201635106757749e-05,10.478683471679688,4.134276390075684,9.358396530151367,4.4831645936938e-05,2.201635106757749e-05,78.0132064819336,5.395899295806885,0.6188639906757246,0.4847292329915376,9,8,13,ML_CTL_50_0009
CTL,50.0,940.0,8.0,0.0,38.842105865478516,285.0,-0.9659258262890684,0.2588190451025203,-0.8660254037844385,-0.5000000000000004,13.287762641906738,8.019034385681152,221.07632446289062,9.572596900397912e-05,99.07658386230469,11.052751541137695,8.32338809967041,242.999267578125,0.0009458432905375957,112.78158569335938,5.722045421600342,5.21329402923584,269.4153137207031,0.0056705172173678875,97.52288055419922,3.4954957962036133,5.6250786781311035,284.58660888671875,0.01143862958997488,94.66509246826172,2.7918472290039062,7.280030250549316,290.2259521484375,0.01335111167281866,92.96501159667969,4.923414599034004e-05,2.3336640879279003e-05,10.521899223327637,7.269980430603027,6.892165184020996,4.923414599034004e-05,2.3680673621129245e-05,76.84661865234375,4.094219207763672,0.553736891478549,0.21578094130525005,9,9,13,ML_CTL_50_0009
CTL,50.0,941.0,8.0,6.0,40.73684310913086,285.0,-0.9659258262890684,0.2588190451025203,-0.8660254037844385,-0.5000000000000004,20.169126510620117,12.096855163574219,221.69146728515625,7.288627239177004e-05,71.63048553466797,16.353544235229492,11.651251792907715,242.030517578125,0.0005154655664227903,69.18962097167969,5.2575154304504395,3.1011219024658203,268.2829284667969,0.004302328452467918,79.63987731933594,2.0356969833374023,2.775377035140991,283.896484375,0.011063876561820507,95.8886947631836,0.06730708479881287,4.663018226623535,289.8948974609375,0.013411211781203747,95.39996337890625,4.889319825451821e-05,3.2922118862188654e-06,21.432336807250977,8.77663803100586,6.857524871826172,4.889319825451821e-05,2.0777528334292583e-05,74.42854309082031,3.288090944290161,0.795217026305757,1.3566643130126796,9,10,13,ML_CTL_50_0009
CTL,50.0,942.0,8.0,12.0,40.73684310913086,287.5,-0.9537169507482268,0.30070579950427345,-0.8660254037844385,-0.5000000000000004,17.605173110961914,7.500173091888428,222.16551208496094,0.00010961227235384285,99.4937515258789,15.071354866027832,6.367378234863281,243.2130889892578,0.00046018065768294036,55.90668869018555,8.213290214538574,0.18376754224300385,269.43328857421875,0.004580891225486994,76.83269500732422,6.584898948669434,2.2364442348480225,283.5630798339844,0.010837732814252377,96.0873031616211,4.051496505737305,5.931593894958496,289.9710998535156,0.013610133901238441,96.2907485961914,4.47680322395172e-05,7.5926154750050046e-06,13.64414119720459,10.305242538452148,4.44387149810791,4.47680322395172e-05,2.467361991875805e-05,77.584716796875,4.02764892578125,0.7614768183919421,1.1607932267158572,9,11,13,ML_CTL_50_0009
CTL,50.0,944.0,8.0,0.0,40.73684310913086,290.0,-0.9396926207859083,0.342020143325669,-0.8660254037844385,-0.5000000000000004,16.89881134033203,-0.19377054274082184,221.65016174316406,0.00010460499470354989,100.62895965576172,16.278411865234375,-1.3440780639648438,242.72146606445312,0.0004684906161855906,61.05530548095703,7.94041633605957,-2.8255934715270996,269.97979736328125,0.0037779477424919605,59.778160095214844,8.472856521606445,-0.8048380017280579,284.0978088378906,0.010208949446678162,87.3392105102539,7.092800617218018,2.524989604949951,290.746826171875,0.013779583387076855,92.75418853759766,4.3813270167447627e-05,4.695940333476756e-06,10.175928115844727,11.336658477783203,-0.5286580920219421,4.3813270167447627e-05,2.56645889749052e-05,74.33097076416016,1.814750075340271,0.7452634209687506,1.0735077532608628,9,12,13,ML_CTL_50_0009
CTL,50.0,945.0,8.0,6.0,40.73684310913086,292.5,-0.9238795325112866,0.38268343236509,-0.8660254037844385,-0.5000000000000004,17.942319869995117,-4.207709789276123,220.90406799316406,9.531802061246708e-05,100.31658935546875,16.33213996887207,-4.66579008102417,242.1985626220703,0.0004853398713748902,67.77476501464844,8.246842384338379,-3.2464234828948975,269.22747802734375,0.005068107042461634,85.29292297363281,8.122227668762207,-2.2718300819396973,283.4205322265625,0.010100669227540493,90.31712341308594,6.4985880851745605,1.8287808895111084,290.2591552734375,0.013964161276817322,96.94222259521484,4.02217629016377e-05,1.689191662990197e-06,12.93824577331543,11.428422927856445,-2.512594699859619,4.02217629016377e-05,1.0116313205799088e-05,74.77144622802734,4.001339912414551,0.6058280598086991,0.42980900559248614,9,13,13,ML_CTL_50_0009
CTL,50.0,952.0,8.0,0.0,14.210526466369629,337.5,-0.38268343236508956,0.9238795325112868,-0.8660254037844385,-0.5000000000000004,-5.505462169647217,0.3476712703704834,221.01168823242188,9.689407306723297e-05,99.71871948242188,-4.840330600738525,9.568669319152832,244.32362365722656,0.0011053250636905432,114.42633056640625,-5.273024559020996,5.706169128417969,268.9088134765625,0.005458840634673834,98.63677978515625,-8.98861312866211,-0.5149372220039368,281.6181640625,0.009505514055490494,96.02420043945312,-1.931175708770752,-0.49435344338417053,290.24444580078125,0.012424643151462078,86.58641815185547,5.780095307272859e-05,9.006289474200457e-05,3.672128677368164,-5.307721138000488,2.9226438999176025,5.780095307272859e-05,9.006289474200457e-05,74.23326110839844,2.766476631164551,0.6198200410787948,0.4887844628550009,10,1,11,ML_CTL_50_0010
CTL,50.0,953.0,8.0,6.0,14.210526466369629,337.5,-0.38268343236508956,0.9238795325112868,-0.8660254037844385,-0.5000000000000004,-6.914520263671875,-3.547184705734253,219.5327606201172,7.251886563608423e-05,91.00888061523438,-5.285475254058838,10.630815505981445,242.15724182128906,0.0006628669216297567,86.26299285888672,-1.1064136028289795,12.153892517089844,270.19390869140625,0.006146548315882683,99.37150573730469,-5.765462398529053,6.160549163818359,282.5401916503906,0.009111154824495316,86.48870849609375,-0.5186488628387451,3.024228572845459,290.0330505371094,0.012456944212317467,87.88179779052734,5.755721213063225e-05,5.284913640934974e-05,9.17009449005127,-3.9181036949157715,5.684460163116455,5.755721213063225e-05,7.564040424767882e-05,76.16099548339844,1.905997395515442,0.6282834820045127,0.5248599537141954,10,2,11,ML_CTL_50_0010
CTL,50.0,954.0,8.0,12.0,14.210526466369629,335.0,-0.4226182617406992,0.90630778703665,-0.8660254037844385,-0.5000000000000004,-12.815483093261719,-4.323137283325195,220.2375030517578,6.44661849946715e-05,73.98147583007812,-6.346286773681641,9.12631893157959,242.41656494140625,0.0004529008292593062,60.44438934326172,-2.6779677867889404,8.508071899414062,270.36590576171875,0.006058590020984411,95.9389419555664,-4.483859062194824,3.355189561843872,282.3359069824219,0.009394485503435135,90.47869110107422,1.1335126161575317,1.5824674367904663,290.3935546875,0.01104029081761837,76.26481628417969,5.480621621245518e-05,4.553805774776265e-05,15.147628784179688,-5.0380167961120605,3.649782180786133,5.480621621245518e-05,5.8478210121393204e-05,76.56340789794922,2.522019863128662,0.7126819467067347,0.9084454415541452,10,3,11,ML_CTL_50_0010
CTL,50.0,955.0,8.0,18.0,16.105262756347656,335.0,-0.4226182617406992,0.90630778703665,-0.8660254037844385,-0.5000000000000004,-15.06709098815918,-0.8046764731407166,219.552490234375,6.195321475388482e-05,77.3880386352539,-7.505556106567383,6.651263236999512,242.1751251220703,0.00034373579546809196,50.472896575927734,-5.1815714836120605,9.939913749694824,270.1386413574219,0.005743995774537325,91.15611267089844,-9.92426586151123,5.165689945220947,284.068603515625,0.008946743793785572,76.6805191040039,-6.244156837463379,3.2681126594543457,291.3723449707031,0.012203199788928032,78.97655487060547,5.47505151189398e-05,2.558350024628453e-05,9.717601776123047,-8.784528732299805,4.84406042098999,5.47505151189398e-05,5.221740866545588e-05,70.50017547607422,1.9784141778945923,0.6952673362267251,0.8248615480176089,10,4,11,ML_CTL_50_0010
CTL,50.0,956.0,8.0,0.0,16.105262756347656,332.5,-0.46174861323503363,0.8870108331782218,-0.8660254037844385,-0.5000000000000004,-12.456026077270508,2.7670955657958984,219.55162048339844,5.1479491958161816e-05,64.51570892333984,-8.124468803405762,5.933931350708008,242.15008544921875,0.00028862309409305453,43.19961929321289,-6.836851119995117,7.924691677093506,269.5508728027344,0.005186804104596376,85.62300872802734,-10.904926300048828,1.5795576572418213,283.6549072265625,0.00901664886623621,79.47023010253906,-7.229050636291504,1.4837062358856201,291.64813232421875,0.011844078078866005,75.39949798583984,5.106164462631568e-05,2.7562477043829858e-05,5.382226467132568,-9.110264778137207,3.9377963542938232,5.106164462631568e-05,4.6200915676308796e-05,70.1360855102539,0.907383143901825,0.7572142130828008,1.137466670498886,10,5,11,ML_CTL_50_0010
CTL,50.0,957.0,8.0,6.0,16.105262756347656,330.0,-0.5000000000000004,0.8660254037844384,-0.8660254037844385,-0.5000000000000004,-8.98266887664795,2.249922752380371,219.7194366455078,4.483578595682047e-05,55.350364685058594,-9.09577465057373,4.999454021453857,241.9605255126953,0.00029066368006169796,43.38385772705078,-7.926153659820557,6.321681499481201,269.068603515625,0.00478795962408185,82.45539855957031,-11.78747272491455,0.3879932165145874,283.31829833984375,0.0091542424634099,82.52908325195312,-7.171672821044922,0.7027508616447449,291.6833801269531,0.011814099736511707,75.04878234863281,4.8291509301634505e-05,3.047673453693278e-05,2.3819000720977783,-8.992748260498047,2.9323604106903076,4.8291509301634505e-05,3.952498082071543e-05,70.54563903808594,2.3819000720977783,0.7935893299933413,1.3466983827714802,10,6,11,ML_CTL_50_0010
CTL,50.0,958.0,8.0,12.0,16.105262756347656,330.0,-0.5000000000000004,0.8660254037844384,-0.8660254037844385,-0.5000000000000004,-7.992660045623779,1.5758607387542725,219.30380249023438,4.027840986964293e-05,52.30154037475586,-11.270673751831055,3.201406478881836,241.5586700439453,0.0002540333953220397,40.67997741699219,-7.283352851867676,8.720963478088379,269.68218994140625,0.004200106021016836,66.8500747680664,-8.290139198303223,6.118767738342285,284.6862487792969,0.009418047033250332,77.41778564453125,-4.238989353179932,3.9977736473083496,291.35540771484375,0.011833387427031994,76.57237243652344,4.592931145452894e-05,4.474032266443828e-06,4.467181205749512,-7.815163612365723,4.722954750061035,4.592931145452894e-05,3.390168058103882e-05,71.75379180908203,0.7322052717208862,0.651911766545528,0.6274532333379919,10,7,11,ML_CTL_50_0010
CTL,50.0,959.0,8.0,18.0,16.105262756347656,327.5,-0.5372996083468242,0.8433914458128855,-0.8660254037844385,-0.5000000000000004,-6.657517910003662,-0.24502776563167572,219.43873596191406,4.020586857222952e-05,51.7660026550293,-10.827338218688965,4.116275787353516,241.425048828125,0.00025116026517935097,39.55438995361328,-6.905620574951172,7.163082122802734,269.9185485839844,0.00415803212672472,65.17118835449219,-6.905404090881348,3.6016855239868164,284.2511291503906,0.00925972405821085,78.3879165649414,-4.763469696044922,1.9661176204681396,291.5091552734375,0.011837627738714218,75.88174438476562,4.514402826316655e-05,1.1224730769754387e-05,2.911457061767578,-7.211869716644287,3.3204264640808105,4.514402826316655e-05,3.0151517421472818e-05,71.83485412597656,1.3927112817764282,0.6906155666875413,0.8029987011447526,10,8,11,ML_CTL_50_0010
CTL,50.0,960.0,8.0,0.0,14.210526466369629,322.5,-0.608761429008721,0.7933533402912349,-0.8660254037844385,-0.5000000000000004,-7.790225028991699,-0.4493488073348999,219.70669555664062,3.70417365047615e-05,46.62920379638672,-9.837248802185059,2.9885973930358887,241.77467346191406,0.00027612491976469755,39.534175872802734,-7.277361869812012,2.486983060836792,269.1665954589844,0.003916039131581783,66.06792449951172,-5.497009754180908,-2.9190850257873535,282.4425048828125,0.008781706914305687,84.045166015625,-1.5458130836486816,-1.4624086618423462,291.6227111816406,0.01138320378959179,73.80046081542969,4.210133556625806e-05,2.545258575992193e-05,6.32605504989624,-6.389531135559082,0.12894761562347412,4.210133556625806e-05,2.61059649346862e-05,70.52957153320312,1.4040300846099854,0.7525447434936997,1.1122306707746388,10,9,11,ML_CTL_50_0010
CTL,50.0,961.0,8.0,6.0,14.210526466369629,322.5,-0.608761429008721,0.7933533402912349,-0.8660254037844385,-0.5000000000000004,-8.518451690673828,0.9262768626213074,219.17172241210938,4.019177868030965e-05,54.225929260253906,-9.890445709228516,4.275823593139648,241.1876678466797,0.00027196211158297956,42.616397857666016,-5.952722549438477,4.04595947265625,268.92303466796875,0.003825920633971691,64.79083251953125,-4.793264389038086,-1.0198737382888794,282.5499267578125,0.008725371211767197,82.81018829345703,-0.6257821321487427,0.2176656723022461,290.5146789550781,0.011955882422626019,82.66228485107422,4.069631904712878e-05,1.5861915017012507e-05,7.924415588378906,-5.9561333656311035,1.689170479774475,4.069631904712878e-05,2.3523956770077348e-05,76.08206176757812,1.2107285261154175,0.6687912363314841,0.7027230756004592,10,10,11,ML_CTL_50_0010
CTL,50.0,962.0,8.0,12.0,14.210526466369629,320.0,-0.6427876096865396,0.7660444431189778,-0.8660254037844385,-0.5000000000000004,-8.40428352355957,0.7419965863227844,219.37725830078125,3.805110463872552e-05,50.32516860961914,-8.550180435180664,3.1612842082977295,241.43492126464844,0.00027894359664060175,40.42995071411133,-6.128032684326172,3.5067412853240967,269.3638000488281,0.0037664880510419607,61.41462326049805,-6.8102898597717285,-1.4873812198638916,283.1521301269531,0.008721659891307354,79.46719360351562,-1.8571397066116333,-0.3921426236629486,290.9915771484375,0.012420396320521832,82.50582885742188,4.024511872557923e-05,1.6550126019865274e-05,6.644649505615234,-6.349985122680664,1.1060996055603027,4.024511872557923e-05,2.0412357116583735e-05,72.5648422241211,1.5909984111785889,0.698791615603213,0.8415502477287238,10,11,11,ML_CTL_50_0010
CTL,50.0,959.0,8.0,18.0,18.0,270.0,-1.0,-1.8369701987210297e-16,-0.8660254037844385,-0.5000000000000004,-4.713284492492676,5.31847620010376,220.48043823242188,9.117837180383503e-05,99.83585357666016,-1.8457820415496826,-2.5844993591308594,244.00559997558594,0.0009104370838031173,99.37775421142578,-3.3795969486236572,-1.738084316253662,269.5658874511719,0.005799705162644386,98.61280822753906,-2.5118143558502197,2.3930108547210693,280.82025146484375,0.008428506553173065,89.75362396240234,-4.036611080169678,2.8282976150512695,290.84881591796875,0.013587375171482563,90.92585754394531,3.874955655192025e-05,4.246772004989907e-05,2.580479860305786,-3.2974178791046143,1.2434402704238892,3.874955655192025e-05,5.4460153478430584e-05,80.02969360351562,2.580479860305786,0.5965441339316782,0.39108612299718026,11,1,16,ML_CTL_50_0011
CTL,50.0,960.0,8.0,0.0,18.0,270.0,-1.0,-1.8369701987210297e-16,-0.8660254037844385,-0.5000000000000004,-5.516537666320801,2.7843360900878906,220.44277954101562,8.981167775345966e-05,98.46832275390625,-3.419201135635376,-3.726769208908081,244.14097595214844,0.0008377246558666229,89.75154113769531,-2.9186832904815674,1.1565804481506348,269.7348937988281,0.005958120804280043,100.50574493408203,-1.1913366317749023,4.931382179260254,281.35797119140625,0.008644421584904194,88.73197937011719,-2.695812463760376,5.92369270324707,291.38238525390625,0.012857548892498016,83.19068145751953,3.690401717904024e-05,3.927687794202939e-05,4.220432281494141,-3.1483139991760254,2.2138445377349854,3.690401717904024e-05,4.87522229377646e-05,77.99986267089844,4.220432281494141,0.6357679935006812,0.5570426616060624,11,2,16,ML_CTL_50_0011
CTL,50.0,961.0,8.0,6.0,19.894737243652344,267.5,-0.9990482215818578,-0.04361938736533613,-0.8660254037844385,-0.5000000000000004,-0.43394702672958374,5.785365581512451,220.2060546875,3.8803427742095664e-05,43.2877082824707,-3.1644790172576904,0.5423857569694519,244.4308319091797,0.00019423413323238492,20.718769073486328,-3.7108519077301025,-1.8265239000320435,269.567138671875,0.005708122625946999,97.46139526367188,-2.741999626159668,-0.4009528160095215,281.8195495605469,0.008063358254730701,80.28633880615234,-3.4843318462371826,0.6797116994857788,291.0376892089844,0.011642456986010075,77.02448272705078,3.8925303670112044e-05,2.169218350900337e-05,5.947482585906982,-2.7071218490600586,0.9559972882270813,3.8925303670112044e-05,4.614876161213033e-05,78.04335021972656,5.910821914672852,0.7599731382198232,1.1525322470451171,11,3,16,ML_CTL_50_0011
CTL,50.0,962.0,8.0,12.0,19.894737243652344,267.5,-0.9990482215818578,-0.04361938736533613,-0.8660254037844385,-0.5000000000000004,-1.8764328956604004,2.019721746444702,220.06971740722656,4.084730608155951e-05,46.762760162353516,-6.114768981933594,1.4590940475463867,244.46226501464844,0.00028296501841396093,28.871366500854492,-3.667529821395874,0.944432258605957,269.8127136230469,0.005765961017459631,96.59400939941406,-2.4182474613189697,1.6131998300552368,282.0390319824219,0.008204113692045212,80.44699096679688,-2.3944571018218994,1.3419437408447266,290.8046875,0.011953232809901237,80.23059844970703,4.096578049939126e-05,2.054656397376675e-05,0.8530721664428711,-3.2942872047424316,1.4756783246994019,4.096578049939126e-05,4.218141475575976e-05,77.26194763183594,0.8530721664428711,0.8042767383694625,1.4132416808461072,11,4,16,ML_CTL_50_0011
CTL,50.0,963.0,8.0,18.0,19.894737243652344,267.5,-0.9990482215818578,-0.04361938736533613,-0.8660254037844385,-0.5000000000000004,-5.23313570022583,-0.2349240779876709,220.08969116210938,3.7934427382424474e-05,44.0750846862793,-6.509501934051514,2.8297791481018066,244.52545166015625,0.0003238985955249518,31.727991104125977,-2.7615342140197754,2.9662749767303467,269.8662109375,0.005913983099162579,98.4675521850586,-1.2009931802749634,4.776846408843994,282.60693359375,0.008136583492159843,76.7566909790039,-1.0723289251327515,3.4478843212127686,291.2103271484375,0.012119569815695286,79.26339721679688,3.99726523028221e-05,1.4772347640246153e-05,5.556562900543213,-3.355498790740967,2.757172107696533,3.99726523028221e-05,3.372892751940526e-05,76.06949615478516,3.203721761703491,0.7602699037832513,1.1541598153821808,11,5,16,ML_CTL_50_0011
CTL,50.0,964.0,8.0,0.0,21.789474487304688,267.5,-0.9990482215818578,-0.04361938736533613,-0.8660254037844385,-0.5000000000000004,-8.572823524475098,1.0309008359909058,220.10011291503906,3.8338152080541477e-05,45.742042541503906,-2.7620937824249268,3.581674337387085,244.2217254638672,0.0002707870153244585,26.225643157958984,0.6259806752204895,3.9183526039123535,269.6856689453125,0.005876805167645216,98.80722045898438,-0.6329119205474854,5.966233730316162,282.7140808105469,0.00848795659840107,79.61160278320312,-2.9250683784484863,5.839702129364014,291.4221496582031,0.012188986875116825,78.60501098632812,3.6437533708522096e-05,7.486852155125234e-06,7.417661666870117,-2.8533833026885986,4.067372798919678,3.6437533708522096e-05,4.940191865898669e-05,76.3103256225586,2.6582419872283936,0.7235540876203299,0.9621601150000134,11,6,16,ML_CTL_50_0011
CTL,50.0,965.0,8.0,6.0,21.789474487304688,265.0,-0.9961946980917455,-0.08715574274765825,-0.8660254037844385,-0.5000000000000004,-5.5929059982299805,8.138835906982422,220.05653381347656,2.9185008315835148e-05,34.1087760925293,-0.07302968949079514,5.3058624267578125,243.87867736816406,0.0001742705935612321,19.64980697631836,-2.4116406440734863,-0.3757531940937042,269.84552001953125,0.004549629986286163,73.5381851196289,-1.2457419633865356,-0.5841388702392578,283.22216796875,0.00866959523409605,78.64629364013672,-1.1069942712783813,-0.8301717638969421,290.68646240234375,0.011085591278970242,74.91635131835938,3.0110339139355347e-05,7.170795015554177e-06,10.028285026550293,-2.086062431335449,2.3309268951416016,3.0110339139355347e-05,4.3919550080318004e-05,79.73928833007812,2.219062566757202,0.589471139979401,0.361779531022945,11,7,16,ML_CTL_50_0011
CTL,50.0,966.0,8.0,12.0,23.6842098236084,265.0,-0.9961946980917455,-0.08715574274765825,-0.8660254037844385,-0.5000000000000004,0.8597108721733093,10.108454704284668,220.21315002441406,3.038109753106255e-05,35.50634002685547,3.803410768508911,4.28116512298584,243.86141967773438,0.00012952572433277965,14.42201042175293,-3.289440870285034,0.6407609581947327,269.9675598144531,0.004332548473030329,67.67942810058594,-0.9977356791496277,0.24423186480998993,283.5856628417969,0.008111823350191116,71.75142669677734,-1.766171932220459,-0.4523621201515198,290.33392333984375,0.011421586386859417,78.93347930908203,3.30007569573354e-05,4.120543053431902e-06,10.882375717163086,-0.2780453562736511,2.9644503593444824,3.30007569573354e-05,5.438857988337986e-05,80.253173828125,3.967862367630005,0.689550444861279,0.7980184312137895,11,8,16,ML_CTL_50_0011
CTL,50.0,967.0,8.0,18.0,25.578947067260742,265.0,-0.9961946980917455,-0.08715574274765825,-0.8660254037844385,-0.5000000000000004,7.187432765960693,10.85548210144043,220.57574462890625,2.3602933652000502e-05,26.220428466796875,5.796674728393555,5.142726421356201,244.16650390625,9.422969014849514e-05,10.483174324035645,0.27048948407173157,1.0321542024612427,269.83868408203125,0.0046788426116108894,73.66407775878906,-0.8141442537307739,-1.1873958110809326,283.6246643066406,0.00852924957871437,75.24491882324219,-3.416132926940918,-0.9142411351203918,290.6170959472656,0.01147250086069107,77.9184341430664,3.2714229746488854e-05,3.743273055079044e-06,15.841779708862305,1.8048641681671143,2.9857451915740967,3.2714229746488854e-05,5.035887807025574e-05,84.00454711914062,3.674440622329712,0.6242995507937525,0.5078381543009112,11,9,16,ML_CTL_50_0011
CTL,50.0,968.0,8.0,0.0,25.578947067260742,265.0,-0.9961946980917455,-0.08715574274765825,-0.8660254037844385,-0.5000000000000004,8.185516357421875,9.212316513061523,220.5960693359375,2.9968685339554213e-05,33.5968017578125,6.0750250816345215,5.09227991104126,244.2447052001953,9.961899922927842e-05,10.864236831665039,2.6010701656341553,-1.1642680168151855,270.00311279296875,0.0037419090513139963,57.53045654296875,-0.6307088732719421,-1.9678221940994263,284.0858154296875,0.008772874251008034,75.07942962646484,-3.1728806495666504,0.7003013491630554,291.2401428222656,0.011605714447796345,75.72210693359375,3.196163015672937e-05,1.9374758721824037e-06,14.193927764892578,2.611604690551758,2.374561309814453,3.196163015672937e-05,6.074133489164524e-05,83.16016387939453,4.440954208374023,0.6731189430480442,0.7223256850932009,11,10,16,ML_CTL_50_0011
CTL,50.0,969.0,8.0,6.0,27.473684310913086,265.0,-0.9961946980917455,-0.08715574274765825,-0.8660254037844385,-0.5000000000000004,11.370559692382812,10.524388313293457,220.4607696533203,3.663312236312777e-05,41.35289001464844,9.059106826782227,5.801163673400879,243.5443878173828,0.00013102366938255727,16.838747024536133,-1.143052101135254,-3.8898136615753174,269.583251953125,0.004338029772043228,69.8468017578125,-2.840711832046509,-2.1254498958587646,282.7907409667969,0.008518831804394722,79.5020523071289,-3.9186713695526123,0.469245046377182,290.4026184082031,0.011569092981517315,79.67366790771484,3.5210821806686e-05,2.0751926058437675e-05,18.299358367919922,2.505445957183838,2.1559066772460938,3.5210821806686e-05,5.968018376734108e-05,83.03173828125,2.1518471240997314,0.7881105957201711,1.3135739692830422,11,11,16,ML_CTL_50_0011
CTL,50.0,970.0,8.0,12.0,27.473684310913086,265.0,-0.9961946980917455,-0.08715574274765825,-0.8660254037844385,-0.5000000000000004,12.367379188537598,9.803635597229004,220.35597229003906,5.328260886017233e-05,61.114471435546875,10.162994384765625,3.739804983139038,242.95028686523438,0.00023432576563209295,30.153091430664062,-1.5285502672195435,-1.37776780128479,269.1500244140625,0.004626651760190725,76.9259262084961,-2.038309335708618,-1.6720534563064575,282.6714782714844,0.008819385431706905,82.9882583618164,-3.857194662094116,0.18345807492733002,290.0836486816406,0.01194369699805975,83.94253540039062,4.000191256636754e-05,1.4391786862688605e-05,18.862253189086914,3.021263599395752,2.135415554046631,4.000191256636754e-05,4.332769094617106e-05,83.7646713256836,1.8800572156906128,0.7869243592906408,1.3064849077096974,11,12,16,ML_CTL_50_0011
CTL,50.0,971.0,8.0,18.0,27.473684310913086,265.0,-0.9961946980917455,-0.08715574274765825,-0.8660254037844385,-0.5000000000000004,14.885589599609375,9.000462532043457,220.26210021972656,6.315109203569591e-05,73.64097595214844,9.518109321594238,2.1833038330078125,242.52548217773438,0.00033442635321989655,43.32231903076172,0.6874451637268066,0.026839835569262505,269.505859375,0.004944897256791592,79.46390533447266,-0.8111449480056763,-1.8058195114135742,283.3113708496094,0.009109485894441605,82.09690856933594,-3.47713303565979,0.19286751747131348,290.264892578125,0.012009172700345516,83.44456481933594,3.894726251019165e-05,6.367574314936064e-06,20.365737915039062,4.1605730056762695,1.9195308685302734,3.894726251019165e-05,3.9762016967870295e-05,86.94284057617188,2.1696672439575195,0.6679079098395849,0.6987379940565503,11,13,16,ML_CTL_50_0011
CTL,50.0,972.0,9.0,0.0,27.473684310913086,265.0,-0.9961946980917455,-0.08715574274765825,-1.0,-1.8369701987210297e-16,16.225963592529297,5.654655456542969,220.14111328125,5.98573315073736e-05,70.40560150146484,9.533032417297363,1.8104122877120972,242.25314331054688,0.0003981475019827485,52.43086242675781,1.9260104894638062,-1.2488137483596802,268.8193054199219,0.004605206660926342,78.27430725097656,-1.6562602519989014,-2.4935600757598877,283.8255615234375,0.009590349160134792,83.49800872802734,-4.139481067657471,0.37471920251846313,290.7255554199219,0.01182572916150093,79.77188110351562,3.6449670005822554e-05,8.268963028967846e-06,21.03875160217285,4.377852916717529,0.819482684135437,3.6449670005822554e-05,4.706721301772632e-05,85.43083953857422,2.9232563972473145,0.6108833786673348,0.45102697488368726,11,14,16,ML_CTL_50_0011
CTL,50.0,973.0,9.0,6.0,27.473684310913086,265.0,-0.9961946980917455,-0.08715574274765825,-1.0,-1.8369701987210297e-16,15.620344161987305,2.2663896083831787,219.70458984375,5.408721335697919e-05,66.2383041381836,10.454468727111816,1.6216109991073608,241.7097625732422,0.000466899509774521,65.84296417236328,1.6631543636322021,-1.7831664085388184,267.9681396484375,0.004295380786061287,78.78726959228516,-1.6337569952011108,-1.0219995975494385,283.7809753417969,0.009963431395590305,87.02226257324219,-2.8054730892181396,1.6385976076126099,290.4823303222656,0.01206932682543993,82.66886138916016,3.975157960667275e-05,1.2873348168795928e-05,18.43651008605957,4.65974760055542,0.5442864298820496,3.975157960667275e-05,4.322884706198238e-05,83.8309555053711,4.268948554992676,0.643893656444196,0.5923041786257817,11,15,16,ML_CTL_50_0011
CTL,50.0,974.0,9.0,12.0,27.473684310913086,265.0,-0.9961946980917455,-0.08715574274765825,-1.0,-1.8369701987210297e-16,14.731904983520508,0.8826000690460205,219.17645263671875,4.871486817137338e-05,62.40586471557617,10.659334182739258,1.495123267173767,241.27499389648438,0.0005244131898507476,78.31783294677734,0.47307610511779785,-0.9093418717384338,267.80950927734375,0.00426233746111393,79.19258880615234,-1.0136398077011108,-0.20869581401348114,284.1243896484375,0.010240810923278332,87.431884765625,-2.0639047622680664,1.5647059679031372,290.14501953125,0.012450698763132095,87.07777404785156,3.9327627746388316e-05,1.1597550837905146e-05,16.809656143188477,4.557353973388672,0.5648783445358276,3.9327627746388316e-05,3.065714190597646e-05,83.37684631347656,5.638827323913574,0.5886222763726529,0.35827285342072956,11,16,16,ML_CTL_50_0011
CTL,50.0,977.0,9.0,6.0,27.473684310913086,265.0,-0.9961946980917455,-0.08715574274765825,-1.0,-1.8369701987210297e-16,13.758097648620605,-1.2888261079788208,220.64599609375,1.2570078979479149e-05,13.852867126464844,9.75463581085205,3.2155215740203857,240.82562255859375,0.0004446615930646658,62.301544189453125,-0.5083305835723877,-2.0900092124938965,267.3501281738281,0.004413887392729521,85.69160461425781,-0.9457848072052002,-0.4528632164001465,284.1034240722656,0.01121616456657648,95.92286682128906,-0.9432512521743774,2.6566989421844482,290.66448974609375,0.012727691791951656,86.09909057617188,3.482831016299315e-05,1.3579012374975719e-05,15.221590995788574,4.2230730056762695,0.40810441970825195,3.482831016299315e-05,4.875431113759987e-05,81.5639419555664,6.937484264373779,0.5935739406373829,0.3787597736901207,12,1,10,ML_CTL_50_0012
CTL,50.0,978.0,9.0,12.0,27.473684310913086,265.0,-0.9961946980917455,-0.08715574274765825,-1.0,-1.8369701987210297e-16,11.820170402526855,0.025282273069024086,220.6974334716797,9.366178346681409e-06,10.18029499053955,7.945390224456787,4.079151153564453,240.5299530029297,0.0003274300543125719,46.76541519165039,-1.8718020915985107,-1.993601679801941,267.9211120605469,0.00492818420752883,94.3629379272461,-0.5218614935874939,-0.13198350369930267,283.90301513671875,0.010918963700532913,94.59564208984375,-0.05355530604720116,2.495678424835205,290.2307434082031,0.013322842307388783,92.65476989746094,3.5730099625652656e-05,1.2694687939074356e-05,12.1279935836792,3.4636683464050293,0.8949052691459656,3.5730099625652656e-05,4.4999862438999116e-05,80.95247650146484,6.4878950119018555,0.6097313808661537,0.44618323190252296,12,2,10,ML_CTL_50_0012
CTL,50.0,979.0,9.0,18.0,27.473684310913086,265.0,-0.9961946980917455,-0.08715574274765825,-1.0,-1.8369701987210297e-16,10.498376846313477,4.867403507232666,220.08950805664062,1.0432368981128093e-05,9.863699913024902,5.7531938552856445,5.771016597747803,241.07142639160156,0.0006520928000099957,92.51932525634766,-1.7715257406234741,-2.7397215366363525,269.2384948730469,0.005408617202192545,94.23855590820312,-0.40223538875579834,-1.1865959167480469,284.1802978515625,0.010959114879369736,93.211669921875,-0.7988621592521667,2.3672399520874023,290.46337890625,0.013321000151336193,91.32037353515625,3.089508390985429e-05,1.3313198905962054e-05,11.570585250854492,2.655789852142334,1.815868616104126,3.089508390985429e-05,4.582921974360943e-05,81.25609588623047,6.237839221954346,0.568133837813582,0.274241290428771,12,3,10,ML_CTL_50_0012
CTL,50.0,981.0,9.0,6.0,27.473684310913086,265.0,-0.9961946980917455,-0.08715574274765825,-1.0,-1.8369701987210297e-16,10.154475212097168,6.155786514282227,220.33201599121094,9.062883327715099e-05,101.47523498535156,2.013439655303955,4.9580979347229,243.58238220214844,0.0008708126842975616,97.03451538085938,-6.930955410003662,-2.6075923442840576,269.88629150390625,0.005948503036051989,98.85395050048828,-2.724308967590332,1.8768938779830933,283.83251953125,0.011368153616786003,98.96446990966797,-1.9652040004730225,6.196442604064941,289.77960205078125,0.012853690423071384,92.2021484375,2.9365004593273625e-05,3.383613147889264e-05,12.11974811553955,0.10948939621448517,3.3159255981445312,2.9365004593273625e-05,4.8070611228467897e-05,80.27691650390625,5.112459659576416,0.5721835539046563,0.29076559900761945,12,4,10,ML_CTL_50_0012
CTL,50.0,982.0,9.0,12.0,27.473684310913086,262.5,-0.9914448613738104,-0.13052619222005163,-1.0,-1.8369701987210297e-16,3.2360658645629883,3.7472877502441406,221.89047241210938,0.00010841144103324041,99.95738220214844,1.2833706140518188,7.017567157745361,244.4197540283203,0.0008274340652860701,86.9666748046875,-8.205196380615234,-2.6652956008911133,270.24542236328125,0.005207135807722807,83.30347442626953,-3.562904119491577,-1.1913634538650513,283.29327392578125,0.01070214994251728,96.58157348632812,-1.8231788873672485,1.3542242050170898,290.5611877441406,0.01421577762812376,96.88114929199219,3.6125875340076163e-05,2.991508154082112e-05,5.596669673919678,-1.8143686056137085,1.6524839401245117,3.6125875340076163e-05,4.76055865874514e-05,80.7961196899414,3.117720127105713,0.6812302462435482,0.7594312820956299,12,5,10,ML_CTL_50_0012
CTL,50.0,983.0,9.0,18.0,27.473684310913086,262.5,-0.9914448613738104,-0.13052619222005163,-1.0,-1.8369701987210297e-16,2.0696308612823486,8.161786079406738,221.6483917236328,0.00010452709830133244,99.84708404541016,1.4131324291229248,7.287253379821777,244.62315368652344,0.0011101788841187954,111.88876342773438,-4.292991638183594,-1.6407208442687988,270.5759582519531,0.006013096775859594,95.29881286621094,-2.897799253463745,0.6341893076896667,283.2721862792969,0.010297677479684353,92.9781494140625,-3.2416555881500244,3.913414478302002,290.74884033203125,0.014166314154863358,95.39928436279297,3.4619311918504536e-05,4.837423693970777e-05,6.80135440826416,-1.3899366855621338,3.671184539794922,3.4619311918504536e-05,6.178727926453575e-05,84.19693756103516,2.4517359733581543,0.5907176470057219,0.36693288112115985,12,6,10,ML_CTL_50_0012
CTL,50.0,984.0,9.0,0.0,27.473684310913086,262.5,-0.9914448613738104,-0.13052619222005163,-1.0,-1.8369701987210297e-16,2.6911349296569824,7.961416244506836,220.40103149414062,9.294410847360268e-05,103.24910736083984,3.4699931144714355,3.48759388923645,244.32949829101562,0.001049758167937398,108.17285919189453,-2.1485233306884766,-1.3499438762664795,270.8320007324219,0.006483395583927631,100.46305084228516,-2.5847573280334473,3.9859955310821533,283.16619873046875,0.010090607218444347,91.7747802734375,-4.092274188995361,8.150157928466797,291.21258544921875,0.013285658322274685,86.9293441772461,2.728381150518544e-05,5.6577675422886387e-05,6.78603458404541,-0.5328853726387024,4.447043418884277,2.9512690161936916e-05,6.469940126407892e-05,83.43577575683594,6.484312534332275,0.5816964140633903,0.32974123526247645,12,7,10,ML_CTL_50_0012
CTL,50.0,985.0,9.0,6.0,29.36842155456543,262.5,-0.9914448613738104,-0.13052619222005163,-1.0,-1.8369701987210297e-16,7.66966438293457,7.628986358642578,220.2799072265625,8.958080434240401e-05,100.93617248535156,0.2002863734960556,5.27281379699707,244.05690002441406,0.0009868628112599254,104.77259063720703,-6.458908557891846,2.0247788429260254,270.52734375,0.006331933196634054,100.51129150390625,-4.664228439331055,7.30352783203125,282.01617431640625,0.009827143512666225,96.6195068359375,-3.916602373123169,9.872819900512695,290.51580810546875,0.012503789737820625,85.52898406982422,2.5720779376570135e-05,5.343860902939923e-05,11.80154037475586,-1.4339576959609985,6.420585632324219,3.0447743483819067e-05,5.348515333025716e-05,82.01827239990234,10.915184020996094,0.60390415340868,0.4217592801182679,12,8,10,ML_CTL_50_0012
CTL,50.0,986.0,9.0,12.0,25.578947067260742,260.0,-0.984807753012208,-0.17364817766693033,-1.0,-1.8369701987210297e-16,4.917698860168457,2.390204906463623,223.3370361328125,0.00012953871919307858,100.9650650024414,3.9600460529327393,2.3471906185150146,244.8124542236328,0.0008674882119521499,89.61557006835938,-0.21529823541641235,0.9271257519721985,269.7874450683594,0.0054051196202635765,91.39624786376953,-1.1774259805679321,4.841818332672119,283.178466796875,0.010197225958108902,92.70266723632812,-3.112910747528076,6.7423810958862305,294.2749938964844,0.01679675281047821,90.65503692626953,3.595784437493421e-05,3.65208979928866e-05,9.13411808013916,0.8744218945503235,3.449744462966919,3.595784437493421e-05,4.445664308150299e-05,86.7886962890625,8.093636512756348,0.5719352436906057,0.2897512907144728,12,9,10,ML_CTL_50_0012
CTL,50.0,987.0,9.0,18.0,25.578947067260742,260.0,-0.984807753012208,-0.17364817766693033,-1.0,-1.8369701987210297e-16,2.932335615158081,2.555271625518799,223.00521850585938,0.00012369545584078878,99.94905853271484,3.3725030422210693,-1.883463740348816,244.77801513671875,0.001039102440699935,108.34424591064453,-0.18272045254707336,1.352164626121521,271.25445556640625,0.006078498438000679,92.07733917236328,-1.2518808841705322,6.721296310424805,283.9369201660156,0.00929156132042408,80.26988983154297,-4.385867595672607,7.572206974029541,294.6810302734375,0.01640046201646328,86.27772521972656,4.4120806705905125e-05,4.358114529168233e-05,8.87275218963623,0.09687395393848419,3.2634952068328857,4.4120806705905125e-05,4.358114529168233e-05,80.19091033935547,8.87275218963623,0.5523717315864296,0.21025811644419523,12,10,10,ML_CTL_50_0012
CTL,50.0,987.0,9.0,18.0,12.315789222717285,340.0,-0.3420201433256686,0.9396926207859084,-1.0,-1.8369701987210297e-16,-11.458126068115234,2.5238990783691406,220.71701049804688,9.449297067476436e-05,100.07666015625,-9.398815155029297,6.09788179397583,245.7808074951172,0.0012927358038723469,116.39779663085938,-9.309473991394043,1.3120241165161133,269.2848815917969,0.005730265751481056,100.64409637451172,-6.985217094421387,-2.7917115688323975,280.5592346191406,0.009246309287846088,100.56181335449219,3.092256546020508,-1.282499074935913,289.8558349609375,0.010911313816905022,77.68830871582031,5.782938387710601e-05,8.527842146577314e-05,15.040022850036621,-6.811875820159912,1.1719186305999756,5.782938387710601e-05,8.527842146577314e-05,74.58099365234375,1.8960092067718506,0.6029215524550784,0.41765323079746297,13,1,16,ML_CTL_50_0013
CTL,50.0,988.0,9.0,0.0,12.315789222717285,340.0,-0.3420201433256686,0.9396926207859084,-1.0,-1.8369701987210297e-16,-10.975008964538574,-0.11432848125696182,220.20040893554688,8.831904415274039e-05,99.78073120117188,-6.66863489151001,7.34197998046875,245.320556640625,0.0012347666779533029,116.08016204833984,-4.201914310455322,5.718029499053955,269.877197265625,0.006031319499015808,100.93374633789062,-5.2574872970581055,0.32065528631210327,280.3753356933594,0.00909885112196207,100.18647003173828,4.051318645477295,0.6656814813613892,289.5328063964844,0.011819466948509216,85.9063720703125,6.275935447774827e-05,9.319279342889786e-05,15.046558380126953,-4.610345363616943,2.7864034175872803,6.275935447774827e-05,9.319279342889786e-05,76.16834259033203,1.2595881223678589,0.5781647099001674,0.3152438632769159,13,2,16,ML_CTL_50_0013
CTL,50.0,989.0,9.0,6.0,14.210526466369629,340.0,-0.3420201433256686,0.9396926207859084,-1.0,-1.8369701987210297e-16,-8.836196899414062,2.5738394260406494,219.84039306640625,8.4292798419483e-05,99.90005493164062,-11.003340721130371,7.209693431854248,245.22882080078125,0.0011336056049913168,105.97512817382812,-14.719903945922852,6.624884605407715,270.1399841308594,0.006150854751467705,100.87024688720703,-14.049860954284668,3.4640398025512695,281.5881042480469,0.008480277843773365,85.88442993164062,-6.300571918487549,2.709118366241455,291.46685791015625,0.012006687000393867,77.34174346923828,7.252009527292103e-05,7.169772288762033e-05,2.539231061935425,-10.981974601745605,4.516314506530762,7.252009527292103e-05,8.847555000102147e-05,74.5602035522461,2.539231061935425,0.6397569002617371,0.5743091802499984,13,3,16,ML_CTL_50_0013
CTL,50.0,990.0,9.0,12.0,14.210526466369629,337.5,-0.38268343236508956,0.9238795325112868,-1.0,-1.8369701987210297e-16,-10.517916679382324,2.8463973999023438,221.43019104003906,0.00010284234303981066,99.90801239013672,-12.412247657775879,5.515304088592529,245.96559143066406,0.0012938607251271605,113.69182586669922,-14.002159118652344,2.150320529937744,270.02813720703125,0.006008640863001347,99.4802017211914,-10.2838773727417,-1.93057382106781,280.967529296875,0.00862875860184431,91.24462127685547,-3.6370363235473633,-1.2116812467575073,291.82208251953125,0.012710711918771267,79.95865631103516,7.550659211119637e-05,7.81464550527744e-05,7.988399028778076,-10.170647621154785,1.4739534854888916,7.550659211119637e-05,8.216753485612571e-05,72.09346008300781,7.956650257110596,0.6390458711227902,0.571225354158647,13,4,16,ML_CTL_50_0013
CTL,50.0,991.0,9.0,18.0,14.210526466369629,337.5,-0.38268343236508956,0.9238795325112868,-1.0,-1.8369701987210297e-16,-8.620746612548828,1.2860379219055176,220.8146514892578,9.542833140585572e-05,99.94376373291016,-12.047799110412598,5.382472991943359,245.4815673828125,0.0012237058253958821,112.29232788085938,-10.519877433776855,6.668898105621338,271.01190185546875,0.0065618776716291904,100.53416442871094,-8.321141242980957,2.0459144115448,282.2018127441406,0.008566520176827908,83.16180419921875,-2.834862470626831,1.4678142070770264,291.425048828125,0.012175398878753185,78.53915405273438,7.827788795111701e-05,8.14427257864736e-05,5.78873872756958,-8.46888542175293,3.370227336883545,7.827788795111701e-05,8.221829193644226e-05,71.41017150878906,5.78873872756958,0.6350260927017217,0.553840224744186,13,5,16,ML_CTL_50_0013
CTL,50.0,992.0,9.0,0.0,14.210526466369629,337.5,-0.38268343236508956,0.9238795325112868,-1.0,-1.8369701987210297e-16,-7.994126796722412,-3.8909718990325928,219.23304748535156,7.381473551504314e-05,95.1999282836914,-12.051895141601562,4.097655773162842,243.1022491455078,0.0008668036898598075,100.44354248046875,-6.802640914916992,11.120911598205566,271.0059509277344,0.006531942170113325,99.40897369384766,-5.6211419105529785,6.681175708770752,282.3931884765625,0.00869974959641695,83.42000579833984,-1.2929588556289673,4.690957546234131,290.9109802246094,0.011977107264101505,79.78352355957031,7.509997521992773e-05,6.040327934897505e-05,10.888303756713867,-6.7525529861450195,4.53994607925415,7.509997521992773e-05,9.394697553943843e-05,70.5921401977539,8.280611038208008,0.6249723376492066,0.5107075994770442,13,6,16,ML_CTL_50_0013
CTL,50.0,993.0,9.0,6.0,14.210526466369629,335.0,-0.4226182617406992,0.90630778703665,-1.0,-1.8369701987210297e-16,-10.467203140258789,-4.28530740737915,219.44236755371094,7.764864130876958e-05,97.65415954589844,-11.260910034179688,3.954685688018799,243.76817321777344,0.0008922883425839245,96.48870849609375,-4.142224311828613,10.197473526000977,270.68487548828125,0.006364794448018074,99.39916229248047,-4.516765117645264,3.3739609718322754,281.79620361328125,0.008572382852435112,85.62518310546875,-0.883502721786499,1.4445610046386719,291.5063171386719,0.01231380831450224,78.89911651611328,8.113409421639517e-05,7.261977589223534e-05,11.165961265563965,-6.25412130355835,2.937074661254883,8.113409421639517e-05,9.11502938834019e-05,70.1618881225586,7.30245304107666,0.6970022301324035,0.833063165062145,13,7,16,ML_CTL_50_0013
CTL,50.0,994.0,9.0,12.0,14.210526466369629,335.0,-0.4226182617406992,0.90630778703665,-1.0,-1.8369701987210297e-16,-14.101670265197754,-8.267035484313965,219.68911743164062,5.71667478652671e-05,71.96004486083984,-13.677973747253418,0.39558324217796326,242.8433380126953,0.00025861270842142403,31.46094512939453,-0.5367048978805542,11.743350982666016,270.5882873535156,0.004536620806902647,69.75286102294922,-0.6612765789031982,7.968790054321289,283.2521057128906,0.007883108220994473,71.40249633789062,2.0732040405273438,4.883736610412598,291.4909973144531,0.012083872221410275,77.44770050048828,7.385014032479376e-05,3.334947905386798e-05,20.84632682800293,-5.380884170532227,3.3448853492736816,7.385014032479376e-05,8.152022928697988e-05,68.56334686279297,4.135378837585449,0.7876030519935014,1.3105373016324293,13,8,16,ML_CTL_50_0013
CTL,50.0,995.0,9.0,18.0,16.105262756347656,332.5,-0.46174861323503363,0.8870108331782218,-1.0,-1.8369701987210297e-16,-10.08584976196289,-5.404143810272217,219.94293212890625,5.929650433245115e-05,72.44496154785156,-13.626568794250488,2.5531487464904785,242.9811248779297,0.00021237792680040002,27.954587936401367,-9.026262283325195,7.916138172149658,270.3133544921875,0.0053891269490122795,84.0408706665039,-10.988450050354004,3.978628158569336,284.0087890625,0.00858425535261631,73.84546661376953,-10.380691528320312,1.7968710660934448,291.46612548828125,0.011380203999578953,73.13973236083984,6.73925896990113e-05,4.4805350626120344e-05,7.207048416137695,-10.821563720703125,2.168128490447998,6.73925896990113e-05,7.421414193231612e-05,66.50897979736328,5.2596588134765625,0.8612540118129011,1.8257446422035342,13,9,16,ML_CTL_50_0013
CTL,50.0,996.0,9.0,0.0,16.105262756347656,332.5,-0.46174861323503363,0.8870108331782218,-1.0,-1.8369701987210297e-16,-14.09672737121582,-8.66482925415039,220.24024963378906,4.463867662707344e-05,53.21189498901367,-13.87635612487793,0.528968095779419,242.82406616210938,0.00010366031347075477,14.977882385253906,-6.564474582672119,7.5008769035339355,270.1228942871094,0.003590001491829753,56.635581970214844,-7.1453657150268555,7.310950756072998,284.13006591796875,0.0084227928891778,71.9122085571289,-7.148461818695068,4.326980113983154,291.41424560546875,0.011498916894197464,74.11466979980469,5.948130274191499e-05,2.3054246412357315e-05,14.73314380645752,-9.766277313232422,2.200589418411255,5.948130274191499e-05,6.88949367031455e-05,65.55033111572266,4.763848304748535,0.7844949083756023,1.2920555455803036,13,10,16,ML_CTL_50_0013
CTL,50.0,997.0,9.0,6.0,16.105262756347656,330.0,-0.5000000000000004,0.8660254037844384,-1.0,-1.8369701987210297e-16,-15.537088394165039,-8.401469230651855,220.08721923828125,5.962885188637301e-05,73.29224395751953,-13.853793144226074,1.7659722566604614,242.69459533691406,0.00010296229447703809,14.942063331604004,-5.921639919281006,7.081018924713135,269.84674072265625,0.003682119073346257,59.0696907043457,-6.2118425369262695,5.776666164398193,284.1587829589844,0.008594118058681488,73.23199462890625,-7.038742542266846,2.6540918350219727,291.0428771972656,0.011510185897350311,75.9808578491211,5.776991383754648e-05,3.018904317286797e-05,13.944437026977539,-9.712620735168457,1.7752559185028076,5.776991383754648e-05,5.6938875786727294e-05,66.6644287109375,4.344045639038086,0.7758659023043966,1.2417351757795636,13,11,16,ML_CTL_50_0013
CTL,50.0,998.0,9.0,12.0,16.105262756347656,327.5,-0.5372996083468242,0.8433914458128855,-1.0,-1.8369701987210297e-16,-16.212223052978516,-5.446114540100098,219.94479370117188,6.554627907462418e-05,82.05512237548828,-13.139520645141602,3.636535406112671,242.55406188964844,9.909828804666176e-05,14.282038688659668,-5.141382217407227,5.9036030769348145,270.2570495605469,0.004098344594240189,63.26126480102539,-5.587563514709473,3.9525115489959717,284.14227294921875,0.009394207037985325,80.14898681640625,-5.6191301345825195,1.9547559022903442,290.943359375,0.011764755472540855,78.16390991210938,5.8786718000192195e-05,2.9197390176705085e-05,12.922325134277344,-9.139963150024414,2.000258207321167,5.8786718000192195e-05,4.503505624597892e-05,66.60311126708984,6.022274971008301,0.7459217817457935,1.0769785790042445,13,12,16,ML_CTL_50_0013
CTL,50.0,999.0,9.0,18.0,16.105262756347656,325.0,-0.5735764363510465,0.8191520442889916,-1.0,-1.8369701987210297e-16,-15.792318344116211,-2.3662033081054688,219.71595764160156,6.231885345187038e-05,80.2076644897461,-10.570701599121094,4.715141296386719,242.44285583496094,9.744209819473326e-05,13.589038848876953,-4.766176700592041,4.064986705780029,269.7487487792969,0.004937269259244204,79.52962493896484,-5.966976642608643,0.7846874594688416,284.0862731933594,0.01014579739421606,86.88642120361328,-5.011888027191162,-0.6349104046821594,290.8719787597656,0.01210493128746748,80.77647399902344,5.660049646394327e-05,2.9019858629908413e-05,10.918563842773438,-8.421611785888672,1.3127403259277344,5.660049646394327e-05,3.901387026417069e-05,67.40411376953125,6.032017707824707,0.7082249356081641,0.886778570908781,13,13,16,ML_CTL_50_0013
CTL,50.0,1000.0,9.0,0.0,16.105262756347656,325.0,-0.5735764363510465,0.8191520442889916,-1.0,-1.8369701987210297e-16,-17.093738555908203,-2.026716470718384,219.0966796875,5.854587652720511e-05,81.54106903076172,-9.682623863220215,3.935514450073242,241.9901885986328,0.00010412311530672014,15.55174732208252,-3.267256259918213,4.450665473937988,269.92596435546875,0.0037001643795520067,58.669532775878906,-3.957333564758301,2.985090970993042,284.1972351074219,0.01051933690905571,89.48570251464844,-3.722092628479004,1.7778818607330322,291.156982421875,0.011345578357577324,74.39229583740234,5.251076436252333e-05,2.156204755010549e-05,13.902369499206543,-7.544609069824219,2.2244873046875,5.251076436252333e-05,3.5981167457066476e-05,71.83605194091797,3.4188952445983887,0.6287186386845126,0.5267236798651938,13,14,16,ML_CTL_50_0013
CTL,50.0,1001.0,9.0,6.0,16.105262756347656,322.5,-0.608761429008721,0.7933533402912349,-1.0,-1.8369701987210297e-16,-16.766754150390625,-0.20130451023578644,218.8657684326172,5.765255627920851e-05,82.80081176757812,-7.111073017120361,2.8846309185028076,242.06336975097656,9.814965596888214e-05,13.72211742401123,-2.691199779510498,3.5204684734344482,269.37005615234375,0.00418334174901247,69.75255584716797,-5.1336989402771,2.0731546878814697,283.9522705078125,0.011503607034683228,99.45477294921875,-4.524556636810303,0.028135647997260094,290.7865905761719,0.011802432127296925,79.21514129638672,5.121872163726948e-05,2.117243093380239e-05,12.244346618652344,-7.245456695556641,1.6610170602798462,5.121872163726948e-05,2.845498784154188e-05,74.1673812866211,3.272376298904419,0.5916258419628136,0.37069060318161906,13,15,16,ML_CTL_50_0013
CTL,50.0,1002.0,9.0,12.0,16.105262756347656,320.0,-0.6427876096865396,0.7660444431189778,-1.0,-1.8369701987210297e-16,-14.983443260192871,2.345001459121704,218.88131713867188,5.3189160098554567e-05,75.95067596435547,-6.027034759521484,2.034261465072632,242.02183532714844,0.00017709027451928705,22.549001693725586,-2.6498711109161377,2.854024648666382,269.4227294921875,0.0051815807819366455,87.44284057617188,-5.34726619720459,0.9225987195968628,284.3987121582031,0.011836654506623745,99.2420883178711,-5.317285537719727,-2.0929582118988037,290.5828552246094,0.012184370309114456,82.8350601196289,4.948571586282924e-05,1.9250572222517803e-05,10.636262893676758,-6.864981174468994,1.212585687637329,4.948571586282924e-05,2.15317868423881e-05,74.70977020263672,2.376124620437622,0.5778126009897875,0.3138003074124629,13,16,16,ML_CTL_50_0013
CTL,50.0,1012.0,9.0,0.0,18.0,315.0,-0.7071067811865477,0.7071067811865474,-1.0,-1.8369701987210297e-16,-5.510884761810303,4.123345375061035,219.3800811767578,7.975772314239293e-05,100.44290161132812,-3.0027360916137695,2.060304880142212,244.23536682128906,0.0010520947398617864,108.41830444335938,-1.998612403869629,1.0440630912780762,270.170166015625,0.006106155924499035,99.38248443603516,-4.1269731521606445,1.6556117534637451,284.8166198730469,0.011973157525062561,97.56716918945312,-6.538454532623291,1.6566218137741089,289.88482666015625,0.013454741798341274,95.75796508789062,6.718335498590022e-05,4.52472195320297e-05,2.672194719314575,-4.235531806945801,2.1079893112182617,6.718335498590022e-05,4.52472195320297e-05,84.4369888305664,2.672194719314575,0.6038350311289769,0.42147032079495683,14,1,68,ML_CTL_50_0014
CTL,50.0,1013.0,9.0,6.0,18.0,315.0,-0.7071067811865477,0.7071067811865474,-1.0,-1.8369701987210297e-16,-5.478699684143066,2.838325023651123,219.7622833251953,8.329768024850637e-05,99.8857421875,-1.965474247932434,1.3634669780731201,244.60877990722656,0.0011030989699065685,109.73281860351562,-1.3999148607254028,2.3673462867736816,270.285888671875,0.006162967998534441,99.45512390136719,-3.5548064708709717,3.025120496749878,284.8260498046875,0.012049198150634766,98.12478637695312,-5.217341899871826,3.0257227420806885,290.1213684082031,0.013753235340118408,96.40863037109375,7.237428508233279e-05,4.966561755281873e-05,0.3215987980365753,-3.523247480392456,2.523996114730835,7.237428508233279e-05,4.966561755281873e-05,85.88228607177734,0.3215987980365753,0.6026064256568396,0.4163371291153055,14,2,68,ML_CTL_50_0014
CTL,50.0,1014.0,9.0,12.0,18.0,315.0,-0.7071067811865477,0.7071067811865474,-1.0,-1.8369701987210297e-16,-6.0451273918151855,2.009397268295288,221.4531707763672,0.0001023681033984758,99.60086059570312,-1.456161379814148,-0.5340005159378052,245.90008544921875,0.0011939097894355655,105.4133071899414,0.21838901937007904,3.6344971656799316,270.2677307128906,0.0061948178336024284,100.2391357421875,-2.2761390209198,5.55509090423584,284.47613525390625,0.011848390102386475,98.76666259765625,-3.249938726425171,5.751955986022949,290.2613830566406,0.01426216121762991,99.06884002685547,7.769063813611865e-05,5.2542658522725105e-05,4.671169757843018,-2.561795711517334,3.283388137817383,7.769063813611865e-05,5.2542658522725105e-05,84.94670867919922,4.671169757843018,0.6346706265155594,0.5523068261427806,14,3,68,ML_CTL_50_0014
CTL,50.0,1015.0,9.0,18.0,18.0,312.5,-0.7372773368101242,0.6755902076156601,-1.0,-1.8369701987210297e-16,-9.343745231628418,4.995091438293457,220.3943328857422,8.32293662824668e-05,93.12493133544922,-1.9429200887680054,-5.036264896392822,243.28976440429688,0.0005896146758459508,70.2054672241211,-0.6517373919487,-4.276765823364258,269.278564453125,0.0026439225766807795,44.09461212158203,-2.4456710815429688,-3.1341094970703125,285.1945495605469,0.012029732577502728,95.67036437988281,-4.594629764556885,-2.5576889514923096,291.0196228027344,0.014195181429386139,93.917236328125,7.75181470089592e-05,3.766243389691226e-05,8.92180347442627,-3.7957406044006348,-2.0019476413726807,7.75181470089592e-05,5.7054669014178216e-05,78.2783432006836,8.5297269821167,0.8558157131532312,1.7809628134535798,14,4,68,ML_CTL_50_0014
CTL,50.0,1016.0,9.0,0.0,18.0,312.5,-0.7372773368101242,0.6755902076156601,-1.0,-1.8369701987210297e-16,-9.1546630859375,3.429140329360962,220.7354278564453,9.701844828668982e-05,102.86402130126953,-3.939316987991333,-6.849111080169678,243.28590393066406,0.0007209926843643188,91.02326202392578,-1.2079994678497314,-4.089646339416504,268.6703796386719,0.0034935998264700174,62.155696868896484,-3.797431230545044,-2.045823812484741,285.29168701171875,0.01169576495885849,92.3926010131836,-4.859593868255615,-0.6815434694290161,291.2323303222656,0.014395437203347683,93.95712280273438,7.666386954952031e-05,4.5523614971898496e-05,5.945194721221924,-4.591801166534424,-2.0473968982696533,7.666386954952031e-05,5.4906173318158835e-05,77.42244720458984,5.945194721221924,0.78682142390392,1.3058711154169789,14,5,68,ML_CTL_50_0014
CTL,50.0,1017.0,9.0,6.0,18.0,312.5,-0.7372773368101242,0.6755902076156601,-1.0,-1.8369701987210297e-16,-8.630711555480957,0.34041309356689453,220.5727996826172,9.325116843683645e-05,100.60173797607422,-5.983535289764404,-6.3129143714904785,243.6034698486328,0.0008367264526896179,100.36883544921875,-1.8005330562591553,-2.0337703227996826,267.8326721191406,0.004658790305256844,89.8094253540039,-5.170844554901123,1.2870997190475464,285.24053955078125,0.011534727178514004,91.39704132080078,-4.307707786560059,2.488755464553833,291.2896423339844,0.01455636229366064,94.68880462646484,7.297693082364276e-05,5.0390422984492034e-05,4.827394485473633,-5.178666591644287,-0.8460832834243774,7.297693082364276e-05,5.0390422984492034e-05,75.5020980834961,4.827394485473633,0.7386872272722065,1.0391565407657857,14,6,68,ML_CTL_50_0014
CTL,50.0,1018.0,9.0,12.0,18.0,310.0,-0.7660444431189781,0.6427876096865393,-1.0,-1.8369701987210297e-16,-8.991857528686523,1.315701961517334,221.71237182617188,0.00010722321167122573,100.90934753417969,-7.618551731109619,-6.272119045257568,244.07366943359375,0.0005222319159656763,61.465904235839844,-2.190938949584961,-4.919674873352051,270.3429870605469,0.003381761023774743,53.94363784790039,-5.19972038269043,-2.1649580001831055,284.91363525390625,0.010669557377696037,86.348388671875,-5.510159015655518,-1.6650211811065674,291.2564392089844,0.014529506675899029,94.702880859375,7.123204704839736e-05,3.232719609513879e-05,4.583332538604736,-5.90224552154541,-2.7412142753601074,7.123204704839736e-05,5.153478923602961e-05,71.71240234375,4.583332538604736,0.8611735297148371,1.8250712905080517,14,7,68,ML_CTL_50_0014
CTL,50.0,1019.0,9.0,18.0,18.0,310.0,-0.7660444431189781,0.6427876096865393,-1.0,-1.8369701987210297e-16,-9.800795555114746,1.1366302967071533,222.7758331298828,0.00012175457959529012,99.95048522949219,-8.855749130249023,-5.286322116851807,244.59237670898438,0.0008115859236568213,86.54623413085938,-1.4288727045059204,-5.784370422363281,270.1569519042969,0.004059692844748497,65.71253967285156,-3.8603456020355225,-0.4921485185623169,284.6901550292969,0.010467283427715302,85.96263122558594,-3.54093599319458,-0.10140786319971085,291.5173034667969,0.014393186196684837,92.29237365722656,7.691832433920354e-05,4.242659633746371e-05,6.381111145019531,-5.497339725494385,-2.1055235862731934,7.691832433920354e-05,5.453952690004371e-05,72.57708740234375,6.381111145019531,0.8261246728934699,1.558407166321797,14,8,68,ML_CTL_50_0014
CTL,50.0,1020.0,9.0,0.0,18.0,310.0,-0.7660444431189781,0.6427876096865393,-1.0,-1.8369701987210297e-16,-8.279396057128906,1.5576238632202148,222.4621124267578,0.00011749915574910119,100.32614135742188,-8.810669898986816,-3.862095594406128,244.76133728027344,0.0009968350641429424,100.15550231933594,-3.067767381668091,-4.979483604431152,269.7937316894531,0.00457490561529994,76.77140808105469,-4.911557674407959,0.8713217973709106,284.144775390625,0.010055596008896828,85.64191436767578,-4.019336223602295,1.9707005023956299,291.41412353515625,0.014277816750109196,92.15696716308594,7.608386658830568e-05,5.586402039625682e-05,4.2800397872924805,-5.817745685577393,-0.8883867263793945,7.608386658830568e-05,5.586402039625682e-05,70.83174896240234,4.2800397872924805,0.8168288567072198,1.4950086701460665,14,9,68,ML_CTL_50_0014
CTL,50.0,1021.0,9.0,6.0,18.0,307.5,-0.7933533402912352,0.6087614290087205,-1.0,-1.8369701987210297e-16,-6.616175174713135,1.2150285243988037,221.7129669189453,0.00010736874537542462,101.45597839355469,-6.4529242515563965,-5.355574607849121,243.07766723632812,0.0006619589403271675,85.8455581665039,-4.5475382804870605,-7.91270637512207,270.3061218261719,0.0044111283496022224,68.0042495727539,-6.674289226531982,-4.078873634338379,284.5962829589844,0.009113616310060024,75.25467681884766,-6.372262001037598,-3.1454131603240967,291.50469970703125,0.014092198573052883,90.41952514648438,7.561672100564465e-05,3.2781765185063705e-05,4.367258548736572,-6.132637977600098,-3.8555076122283936,7.561672100564465e-05,6.39986974420026e-05,67.79975891113281,4.367258548736572,0.8618679455163919,1.8308919193191286,14,10,68,ML_CTL_50_0014
CTL,50.0,1022.0,9.0,12.0,18.0,307.5,-0.7933533402912352,0.6087614290087205,-1.0,-1.8369701987210297e-16,-8.330133438110352,1.4805089235305786,221.31163024902344,0.00010107280104421079,100.33122253417969,-7.489483833312988,-4.595715045928955,243.5302276611328,0.0006496165879070759,81.52392578125,-3.5081048011779785,-5.845942974090576,270.2272644042969,0.005548998713493347,88.08126831054688,-5.56525993347168,-1.5083495378494263,284.35772705078125,0.009227369911968708,77.43949127197266,-4.967438220977783,-0.9905099868774414,291.6129150390625,0.013964698649942875,88.98495483398438,8.400068327318877e-05,4.2796389607246965e-05,4.172966957092285,-5.972084045410156,-2.292001724243164,8.400068327318877e-05,6.72535170451738e-05,68.91142272949219,4.172966957092285,0.8841012860874509,2.0318549793388163,14,11,68,ML_CTL_50_0014
CTL,50.0,1023.0,9.0,18.0,18.0,307.5,-0.7933533402912352,0.6087614290087205,-1.0,-1.8369701987210297e-16,-9.922882080078125,3.8740339279174805,221.378662109375,0.00010191433830186725,99.81600952148438,-6.31671667098999,-4.428659439086914,244.98660278320312,0.0007704452145844698,81.6263198852539,-1.558371901512146,-6.901272773742676,270.1207275390625,0.005902372766286135,95.86135864257812,-4.846335411071777,-1.0421332120895386,283.6421203613281,0.009461154229938984,83.32084655761719,-4.71661376953125,-0.01782134547829628,291.59564208984375,0.013966547325253487,89.10675048828125,8.553178486181423e-05,5.113918814458884e-05,6.500135898590088,-5.472184181213379,-1.7031705379486084,8.553178486181423e-05,7.454890146618709e-05,69.9250259399414,6.500135898590088,0.8769942906966174,1.9642697109170792,14,12,68,ML_CTL_50_0014
CTL,50.0,1024.0,9.0,0.0,18.0,307.5,-0.7933533402912352,0.6087614290087205,-1.0,-1.8369701987210297e-16,-6.585391998291016,4.408361911773682,221.30715942382812,0.00010160505189560354,99.89541625976562,-4.724011421203613,-5.947329998016357,244.65805053710938,0.0008124492596834898,88.62398529052734,-4.68817663192749,-6.703450679779053,270.3002624511719,0.006018864456564188,97.01229095458984,-6.842895984649658,0.9696016311645508,282.698974609375,0.009128157049417496,85.63040161132812,-6.559460163116455,2.389387845993042,291.5423889160156,0.013808025978505611,88.39542388916016,8.165099279722199e-05,6.151336128823459e-05,2.0191404819488525,-5.879986763000488,-0.9766857028007507,8.165099279722199e-05,7.542652019765228e-05,70.47692108154297,2.0191404819488525,0.8795626393328847,1.988294993883983,14,13,68,ML_CTL_50_0014
CTL,50.0,1025.0,9.0,6.0,18.0,305.0,-0.8191520442889918,0.573576436351046,-1.0,-1.8369701987210297e-16,-2.882033109664917,5.216649532318115,220.4184112548828,9.00509548955597e-05,99.90463256835938,-2.093714952468872,-3.7755942344665527,243.49392700195312,0.00042257996392436326,61.15658950805664,-4.9985198974609375,-7.1835408210754395,270.12286376953125,0.004845594521611929,74.15066528320312,-7.986949920654297,-2.919372081756592,284.5146484375,0.00834647100418806,69.25324249267578,-9.127056121826172,-2.0292670726776123,291.4445495605469,0.013837382197380066,89.08546447753906,8.070610056165606e-05,3.174641096848063e-05,9.565752029418945,-5.417654991149902,-2.1382250785827637,8.070610056165606e-05,6.347266753436998e-05,67.69615173339844,5.215359210968018,0.9208944561358763,2.454562473563675,14,14,68,ML_CTL_50_0014
CTL,50.0,1026.0,9.0,12.0,18.0,305.0,-0.8191520442889918,0.573576436351046,-1.0,-1.8369701987210297e-16,-4.150284767150879,5.097815990447998,220.13014221191406,7.381975592579693e-05,84.79499816894531,-3.9893085956573486,-2.9601595401763916,243.7515869140625,0.00042833914631046355,57.46281433105469,-5.201009273529053,-4.4757537841796875,270.52935791015625,0.0056067281402647495,84.69620513916016,-4.988211631774902,0.8271832466125488,284.3438720703125,0.008958201855421066,75.25199890136719,-5.927368640899658,2.245326042175293,291.31317138671875,0.014079907909035683,91.40512084960938,8.717502350918949e-05,3.870598447974771e-05,3.360762596130371,-4.851236820220947,0.14688238501548767,8.717502350918949e-05,5.8500885643297806e-05,74.49105834960938,3.360762596130371,0.9577694248680412,3.1214625772572946,14,15,68,ML_CTL_50_0014
CTL,50.0,1027.0,9.0,18.0,18.0,305.0,-0.8191520442889918,0.573576436351046,-1.0,-1.8369701987210297e-16,-6.985218524932861,6.211911201477051,220.43112182617188,8.981490827864036e-05,99.8191909790039,-4.699011325836182,-3.178784132003784,243.44015502929688,0.000665284984279424,80.4322509765625,-3.282195568084717,-4.204120635986328,271.10968017578125,0.006577550899237394,99.06471252441406,-2.2712693214416504,1.8009437322616577,283.5903015136719,0.009628272615373135,85.16876220703125,-2.5822668075561523,4.742459774017334,291.36627197265625,0.014363273046910763,92.94439697265625,8.502477430738509e-05,4.757802526000887e-05,4.641688346862793,-3.9639923572540283,1.0744819641113281,8.502477430738509e-05,6.105356442276388e-05,80.71302795410156,4.641688346862793,0.8351788534913562,1.6227849722754621,14,16,68,ML_CTL_50_0014
CTL,50.0,1028.0,9.0,0.0,18.0,302.5,-0.8433914458128857,0.5372996083468239,-1.0,-1.8369701987210297e-16,-4.106375217437744,9.574090003967285,221.04608154296875,8.792652079137042e-05,92.18126678466797,-1.228435754776001,0.0008772336877882481,243.01467895507812,0.00045765063259750605,58.047908782958984,-3.2955241203308105,-4.9725213050842285,270.6240234375,0.004933044780045748,74.251708984375,-3.924813985824585,-3.586469888687134,284.89276123046875,0.008586711250245571,69.50090789794922,-4.73484468460083,-1.7922824621200562,291.3792724609375,0.014177990145981312,91.65230560302734,8.022764814086258e-05,2.5971128707169555e-05,11.383733749389648,-3.457998752593994,-0.15526124835014343,8.022764814086258e-05,5.942107236478478e-05,78.60234832763672,6.103088855743408,0.9078836348588712,2.288063598641681,14,17,68,ML_CTL_50_0014
CTL,50.0,1029.0,9.0,6.0,18.0,302.5,-0.8433914458128857,0.5372996083468239,-1.0,-1.8369701987210297e-16,-4.594964027404785,5.864245414733887,220.19749450683594,8.674179844092578e-05,100.19100952148438,-1.3611165285110474,-1.9893165826797485,242.4846649169922,0.0006482105818577111,86.24022674560547,-2.296424627304077,-4.254419326782227,270.4737854003906,0.006140114273875952,95.51512908935547,-2.432875156402588,-0.19199784100055695,284.8756408691406,0.008885977789759636,72.07714080810547,-2.5998308658599854,2.231113910675049,291.24169921875,0.014341715723276138,93.51595306396484,8.01364440121688e-05,4.0261675167130306e-05,4.144900798797607,-2.6570422649383545,0.3319251537322998,8.01364440121688e-05,6.591303827008232e-05,80.92391204833984,4.144900798797607,0.8017869527716407,1.397500479325041,14,18,68,ML_CTL_50_0014
CTL,50.0,1030.0,9.0,12.0,18.0,302.5,-0.8433914458128857,0.5372996083468239,-1.0,-1.8369701987210297e-16,-8.214862823486328,3.467024326324463,220.25750732421875,8.88957511051558e-05,100.77804565429688,-2.47122859954834,-3.8586535453796387,243.4236602783203,0.0009226921829394996,105.30033874511719,0.19186021387577057,-3.0749340057373047,271.2296447753906,0.006544189061969519,97.6854019165039,0.49316301941871643,3.4645538330078125,283.5145568847656,0.009625784121453762,85.5779037475586,1.0722055435180664,7.637645244598389,291.0850524902344,0.01447261031717062,95.30368041992188,7.662444841116667e-05,4.936396726407111e-05,10.180556297302246,-1.7857725620269775,1.5271271467208862,7.662444841116667e-05,6.600355845876038e-05,82.67935180664062,8.916380882263184,0.6649507475861395,0.6854354309834565,14,19,68,ML_CTL_50_0014
CTL,50.0,1031.0,9.0,18.0,19.894737243652344,300.0,-0.8660254037844386,0.5000000000000001,-1.0,-1.8369701987210297e-16,1.693496823310852,11.425355911254883,220.99371337890625,6.695483170915395e-05,70.55583953857422,1.6729365587234497,4.061668395996094,242.52865600585938,0.0002704485668800771,36.809967041015625,-4.352678298950195,-2.625450611114502,270.4334411621094,0.005363798700273037,80.37947082519531,-8.079727172851562,-1.3241825103759766,284.7297668457031,0.009134170599281788,74.8062515258789,-10.03396224975586,-0.3469619154930115,291.5484619140625,0.014529854990541935,92.93096160888672,7.563099643448368e-05,1.7296923033427447e-05,16.61688232421875,-3.8199868202209473,2.238085985183716,7.563099643448368e-05,5.972090730210766e-05,79.01506042480469,3.6121890544891357,0.9312980831622307,2.6068023008789645,14,20,68,ML_CTL_50_0014
CTL,50.0,1032.0,9.0,0.0,19.894737243652344,300.0,-0.8660254037844386,0.5000000000000001,-1.0,-1.8369701987210297e-16,1.196704387664795,7.560508728027344,221.4258575439453,9.657536429585889e-05,95.76983642578125,1.4822276830673218,2.330768585205078,243.3482666015625,0.0005000951350666583,63.119266510009766,-5.121748447418213,-3.3724241256713867,270.50006103515625,0.005323104560375214,81.61629486083984,-8.259306907653809,-0.4636397361755371,284.06268310546875,0.009604443795979023,82.25909423828125,-9.00857925415039,0.5859388709068298,291.1805114746094,0.01479341834783554,96.84183502197266,7.422239286825061e-05,3.507121073198505e-05,12.360923767089844,-3.942140579223633,1.3282305002212524,7.422239286825061e-05,6.309324089670554e-05,79.92866516113281,4.022336483001709,0.888215009332523,2.072636541234865,14,21,68,ML_CTL_50_0014
CTL,50.0,1033.0,9.0,6.0,19.894737243652344,300.0,-0.8660254037844386,0.5000000000000001,-1.0,-1.8369701987210297e-16,1.211191177368164,2.2371373176574707,223.37110900878906,0.00012730350135825574,99.81077575683594,1.8823809623718262,-0.995775580406189,243.95404052734375,0.0007129485602490604,80.48052215576172,-4.883636474609375,-2.7736144065856934,270.6347351074219,0.005072296131402254,78.58821868896484,-7.3520588874816895,2.2546772956848145,283.0852355957031,0.0100889652967453,92.30428314208984,-7.761560440063477,4.141839027404785,291.1151428222656,0.01498338207602501,98.51510620117188,7.149859447963536e-05,5.105922537040897e-05,9.172685623168945,-3.3807365894317627,0.9728527069091797,7.149859447963536e-05,6.027659401297569e-05,79.27885437011719,1.1122747659683228,0.8458688699373366,1.7025606135066558,14,22,68,ML_CTL_50_0014
CTL,50.0,1034.0,9.0,12.0,19.894737243652344,297.5,-0.8870108331782216,0.4617486132350341,-1.0,-1.8369701987210297e-16,3.3674468994140625,1.6514512300491333,220.49591064453125,7.194755744421855e-05,81.93860626220703,6.614706516265869,-2.6787962913513184,242.59547424316406,0.0006117978482507169,74.81819152832031,-4.237338542938232,-3.1352977752685547,270.211181640625,0.004968133755028248,74.26607513427734,-6.440753936767578,1.1022809743881226,285.0252990722656,0.009284908883273602,74.55709075927734,-7.152713298797607,1.3901150226593018,291.5908203125,0.014461975544691086,92.2431640625,7.38653980079107e-05,3.484183980617672e-05,10.523406028747559,-1.569730520248413,-0.33404937386512756,7.38653980079107e-05,5.718232932849787e-05,76.71844482421875,5.479681015014648,0.9314787050009936,2.6096287559502898,14,23,68,ML_CTL_50_0014
CTL,50.0,1035.0,9.0,18.0,19.894737243652344,297.5,-0.8870108331782216,0.4617486132350341,-1.0,-1.8369701987210297e-16,1.593179702758789,0.12677650153636932,221.5439453125,9.8786513262894e-05,98.13654327392578,4.023879528045654,-4.302529335021973,243.37429809570312,0.0006359817925840616,73.75648498535156,-2.6262967586517334,-2.708185911178589,270.2575378417969,0.005458536092191935,84.25855255126953,-2.6492550373077393,1.708483099937439,284.61981201171875,0.009858879260718822,81.40937042236328,-3.3839385509490967,2.995426654815674,291.4251403808594,0.014798800460994244,95.40892028808594,7.40991163183935e-05,3.869348802254535e-05,5.744637489318848,-0.6084862351417542,-0.43600577116012573,7.40991163183935e-05,5.7996338000521064e-05,77.771484375,5.744637489318848,0.8749044320661602,1.945036671238264,14,24,68,ML_CTL_50_0014
CTL,50.0,1036.0,9.0,0.0,19.894737243652344,295.0,-0.9063077870366498,0.4226182617406996,-1.0,-1.8369701987210297e-16,3.2034988403320312,4.3501877784729,221.61874389648438,0.00010124996333615854,99.54341888427734,5.654479026794434,-0.18473537266254425,243.00169372558594,0.0006329265888780355,82.14295959472656,-2.6226069927215576,-1.8658757209777832,270.1507263183594,0.004940475802868605,73.90973663330078,-5.625439167022705,-2.659083366394043,285.0608215332031,0.00886966846883297,71.05994415283203,-7.571308612823486,-2.323678970336914,291.5328369140625,0.014400872401893139,92.1797103881836,6.977887824177742e-05,3.017057133547496e-05,12.674263954162598,-1.3922754526138306,-0.5366371273994446,6.977887824177742e-05,5.7713583373697475e-05,73.08885192871094,4.000036239624023,0.8225603474042578,1.5337912849210538,14,25,68,ML_CTL_50_0014
CTL,50.0,1037.0,9.0,6.0,19.894737243652344,295.0,-0.9063077870366498,0.4226182617406996,-1.0,-1.8369701987210297e-16,2.3074405193328857,1.9778172969818115,220.62130737304688,8.698657620698214e-05,97.86141967773438,3.434415102005005,-1.8957109451293945,242.66590881347656,0.000514666608069092,71.35501861572266,-1.062743067741394,-3.1302666664123535,270.1899719238281,0.005450136493891478,82.16370391845703,-5.40564489364624,0.3811540901660919,285.2248229980469,0.009058439172804356,71.7982406616211,-6.465172290802002,2.6499624252319336,291.39801025390625,0.01464874017983675,94.59236907958984,6.827476317994297e-05,3.4601664083311334e-05,8.798324584960938,-1.4383409023284912,-0.003408765885978937,6.827476317994297e-05,5.673367195413448e-05,74.0950698852539,8.150651931762695,0.8444192273715123,1.6914840512857774,14,26,68,ML_CTL_50_0014
CTL,50.0,1038.0,9.0,12.0,19.894737243652344,292.5,-0.9238795325112866,0.38268343236509,-1.0,-1.8369701987210297e-16,4.313502311706543,5.092164039611816,220.42495727539062,6.84211336192675e-05,79.87982940673828,4.710141181945801,-2.054905414581299,243.8228302001953,0.00029075986822135746,33.26110076904297,-2.8969898223876953,-2.7019388675689697,270.076904296875,0.004189054016023874,63.23503875732422,-5.236915111541748,-0.1892734318971634,284.9328918457031,0.009943217970430851,80.4318618774414,-5.629708290100098,0.4319848120212555,291.3719787597656,0.014614202082157135,94.51741790771484,6.795804074499756e-05,2.4153541744453833e-05,10.981106758117676,-0.9479939341545105,0.11560622602701187,6.795804074499756e-05,5.8710211305879056e-05,73.30595397949219,4.264099597930908,0.9568639448697707,3.099302019630768,14,27,68,ML_CTL_50_0014
CTL,50.0,1039.0,9.0,18.0,19.894737243652344,292.5,-0.9238795325112866,0.38268343236509,-1.0,-1.8369701987210297e-16,4.007735252380371,0.24427981674671173,221.08782958984375,9.386774036101997e-05,97.823486328125,1.2752768993377686,-3.2277164459228516,244.57830810546875,0.0005975308013148606,61.20444869995117,-0.5541179776191711,-2.286693572998047,270.5294494628906,0.004849616903811693,74.2420654296875,-0.6589899063110352,0.337250679731369,284.5439758300781,0.010050749406218529,83.42179870605469,-1.5187455415725708,1.3777989149093628,291.3227233886719,0.014873173087835312,96.49361419677734,6.806465535191819e-05,3.48083303833846e-05,5.641529560089111,0.5102317929267883,-0.711016058921814,6.806465535191819e-05,5.236369906924665e-05,74.95051574707031,5.641529560089111,0.9006575132546208,2.204551724835357,14,28,68,ML_CTL_50_0014
CTL,50.0,1040.0,9.0,0.0,19.894737243652344,292.5,-0.9238795325112866,0.38268343236509,-1.0,-1.8369701987210297e-16,1.0990036725997925,-1.609117865562439,222.31832885742188,0.00011238332081120461,99.48918151855469,-1.8473172187805176,-3.944481134414673,245.03582763671875,0.0008577167754992843,83.31238555908203,1.3298934698104858,-3.5774166584014893,270.5157470703125,0.005550494883209467,87.66803741455078,-1.0799157619476318,0.3305220901966095,284.16607666015625,0.009991489350795746,85.0462646484375,-2.256828546524048,2.9169857501983643,291.3374328613281,0.014585907571017742,94.54752349853516,6.165660306578502e-05,5.059032264398411e-05,5.634467124938965,-0.5510329008102417,-1.176701545715332,6.165660306578502e-05,6.29972928436473e-05,71.94570922851562,5.634467124938965,0.8384118446700993,1.6464585939998062,14,29,68,ML_CTL_50_0014
CTL,50.0,1041.0,9.0,6.0,19.894737243652344,290.0,-0.9396926207859083,0.342020143325669,-1.0,-1.8369701987210297e-16,4.990580081939697,1.292119026184082,220.28489685058594,6.564767681993544e-05,78.35865783691406,3.5461413860321045,-4.402731418609619,243.66232299804688,0.00024099808069877326,26.137704849243164,-1.1323617696762085,-6.827517032623291,270.3134460449219,0.006087331101298332,96.09697723388672,-3.808149814605713,-2.3035173416137695,285.1352233886719,0.008956002071499825,71.29812622070312,-3.7475271224975586,-0.21499471366405487,291.80133056640625,0.014600299298763275,91.94081115722656,6.192881119204685e-05,2.8384814868331887e-05,8.867125511169434,-0.030263518914580345,-2.491328239440918,6.192881119204685e-05,6.66585547151044e-05,69.95016479492188,6.304873466491699,0.8962558749046081,2.1562984149556343,14,30,68,ML_CTL_50_0014
CTL,50.0,1042.0,9.0,12.0,19.894737243652344,290.0,-0.9396926207859083,0.342020143325669,-1.0,-1.8369701987210297e-16,2.776392698287964,-0.9208011031150818,219.70730590820312,3.9893300709081814e-05,49.020992279052734,0.08722864836454391,-6.567782878875732,243.0521697998047,0.0006477501010522246,71.90982055664062,-2.2718873023986816,-6.954087257385254,271.1719055175781,0.006393785122781992,96.31037902832031,-1.8222579956054688,0.6258661150932312,284.58831787109375,0.009254293516278267,76.43920135498047,-1.6816743612289429,2.978999376296997,291.74249267578125,0.014711917378008366,92.99052429199219,6.281321111600846e-05,3.9020596886985004e-05,5.923073768615723,-0.5824397206306458,-2.1675610542297363,6.281321111600846e-05,7.27232254575938e-05,71.69001770019531,2.8705320358276367,0.9374908701974773,2.707894396426587,14,31,68,ML_CTL_50_0014
CTL,50.0,1043.0,9.0,18.0,19.894737243652344,290.0,-0.9396926207859083,0.342020143325669,-1.0,-1.8369701987210297e-16,-1.7664823532104492,-0.7335601449012756,219.80361938476562,8.535542292520404e-05,101.30418395996094,-1.8583598136901855,-6.130438804626465,244.55552673339844,0.001087842625565827,108.79552459716797,-1.8618309497833252,-6.710589408874512,271.6585693359375,0.006828863639384508,99.40418243408203,0.294567734003067,0.913567066192627,283.6269226074219,0.009739801287651062,85.80036163330078,0.0970909371972084,4.7329840660095215,291.97271728515625,0.014927475713193417,93.00603485107422,6.215646862983704e-05,5.0499624194344506e-05,5.775466442108154,-1.0190030336380005,-1.585607647895813,6.215646862983704e-05,7.159524102462456e-05,73.57968139648438,5.775466442108154,0.6824769838639133,0.7651784957416075,14,32,68,ML_CTL_50_0014
CTL,50.0,1044.0,9.0,0.0,19.894737243652344,287.5,-0.9537169507482268,0.30070579950427345,-1.0,-1.8369701987210297e-16,-1.5743954181671143,5.759654998779297,222.0897216796875,0.00010487916006240994,95.95907592773438,2.755716562271118,-4.243913173675537,243.7042694091797,0.0003075330751016736,37.774078369140625,-4.142391204833984,-9.101418495178223,270.8370361328125,0.0053612058982253075,82.2862548828125,-3.242182970046997,-3.666222095489502,284.5721740722656,0.009426835924386978,77.93324279785156,-3.0710954666137695,-0.7740671038627625,291.8727722167969,0.01533371303230524,96.134765625,6.031626617186703e-05,2.264409340568818e-05,6.7029571533203125,-1.8548696041107178,-2.4051930904388428,6.031626617186703e-05,7.19691815902479e-05,76.62154388427734,5.360154628753662,0.8506611744578843,1.7397961781630569,14,33,68,ML_CTL_50_0014
CTL,50.0,1045.0,9.0,6.0,19.894737243652344,287.5,-0.9537169507482268,0.30070579950427345,-1.0,-1.8369701987210297e-16,-2.800131320953369,4.260066509246826,223.7075653076172,0.00013493593723978847,99.9159164428711,1.5644958019256592,-6.697042942047119,243.97080993652344,0.00042467049206607044,55.742286682128906,-7.377516269683838,-8.799851417541504,271.1585388183594,0.005424053408205509,81.45551300048828,-3.9282987117767334,-0.6215322613716125,283.4861755371094,0.009707950055599213,86.34366607666016,-3.1518914699554443,3.004183530807495,291.62841796875,0.015313043259084225,97.50157928466797,6.160000339150429e-05,4.453708970686421e-05,1.3042151927947998,-3.1386685371398926,-1.770835280418396,6.160000339150429e-05,7.755994010949507e-05,79.1120834350586,1.3042151927947998,0.8402016721950408,1.6597293799897739,14,34,68,ML_CTL_50_0014
CTL,50.0,1046.0,9.0,12.0,19.894737243652344,285.0,-0.9659258262890684,0.2588190451025203,-1.0,-1.8369701987210297e-16,-1.7810267210006714,7.010270595550537,223.83447265625,0.00013250192569103092,99.1014633178711,5.809947490692139,-5.460139274597168,242.865966796875,0.0003037435526493937,41.47377014160156,-6.738801956176758,-7.4711222648620605,270.5804443359375,0.004028403200209141,61.66688537597656,-4.180680274963379,-1.6427239179611206,284.82452392578125,0.00998451467603445,81.32649230957031,-3.3906874656677246,1.2098124027252197,291.6609191894531,0.014773078262805939,93.83486938476562,5.864209742867388e-05,1.760262057359796e-05,6.019660949707031,-2.0562498569488525,-1.2707805633544922,5.864209742867388e-05,6.898273568367586e-05,79.72858428955078,6.019660949707031,0.8254570222672061,1.5537661972861971,14,35,68,ML_CTL_50_0014
CTL,50.0,1047.0,9.0,18.0,21.789474487304688,285.0,-0.9659258262890684,0.2588190451025203,-1.0,-1.8369701987210297e-16,7.585968017578125,7.723254680633545,223.7392120361328,0.00012949382653459907,98.73336029052734,3.97821307182312,-0.4362594187259674,243.47817993164062,0.00034959131153300405,39.896202087402344,-10.402962684631348,-4.020644187927246,270.1318054199219,0.004222639370709658,65.435546875,-9.244119644165039,-0.45428362488746643,284.0977783203125,0.0093013234436512,79.4969253540039,-9.591028213500977,2.6763153076171875,291.5970153808594,0.014353081583976746,91.53852844238281,6.027173003531061e-05,6.170421329443343e-06,17.903095245361328,-3.534785747528076,1.0976765155792236,6.027173003531061e-05,6.708622822770849e-05,79.95220947265625,2.3588342666625977,0.8105309857581573,1.4534640729512809,14,36,68,ML_CTL_50_0014
CTL,50.0,1048.0,9.0,0.0,21.789474487304688,285.0,-0.9659258262890684,0.2588190451025203,-1.0,-1.8369701987210297e-16,5.349720478057861,4.705268383026123,223.23558044433594,0.00012578163295984268,100.1012954711914,-1.7500295639038086,2.330547332763672,243.968994140625,0.0006365892477333546,68.56143188476562,-12.471817016601562,-4.360496520996094,270.4680480957031,0.005841420032083988,91.33402252197266,-9.637823104858398,0.9026766419410706,282.7602844238281,0.009247980080544949,86.42511749267578,-9.00373363494873,4.500770092010498,291.5076904296875,0.014281531795859337,91.60154724121094,5.7676992582855746e-05,2.4050699721556157e-05,14.354910850524902,-5.502736568450928,1.615753173828125,5.7676992582855746e-05,7.313527021324262e-05,78.41930389404297,6.687570095062256,0.7887649380688444,1.3174968016055324,14,37,68,ML_CTL_50_0014
CTL,50.0,1049.0,9.0,6.0,21.789474487304688,282.5,-0.9762960071199335,0.21643961393810246,-1.0,-1.8369701987210297e-16,7.344760894775391,5.932590007781982,221.47459411621094,0.00010428902896819636,101.65222930908203,1.1988376379013062,2.2978169918060303,243.2488555908203,0.0006669004797004163,76.5191650390625,-8.355376243591309,-5.689326286315918,270.1820373535156,0.005252663977444172,84.12632751464844,-9.06654167175293,-2.0679171085357666,284.4103088378906,0.008677120320498943,72.57470703125,-8.824697494506836,0.4033941626548767,291.5234069824219,0.014266245998442173,91.40270233154297,5.712839629268274e-05,1.9076096577919088e-05,17.08869171142578,-3.5406036376953125,0.17531150579452515,5.712839629268274e-05,7.138543151086196e-05,77.4382095336914,1.4207220077514648,0.7347203711425091,1.018705506512764,14,38,68,ML_CTL_50_0014
CTL,50.0,1050.0,9.0,12.0,21.789474487304688,282.5,-0.9762960071199335,0.21643961393810246,-1.0,-1.8369701987210297e-16,1.6940810680389404,4.139896392822266,221.99766540527344,0.00010797683353303,99.79188537597656,-3.1270906925201416,1.7960829734802246,243.655029296875,0.0008768793195486069,95.03912353515625,-8.434021949768066,-4.8974289894104,270.971435546875,0.0064866747707128525,99.1163558959961,-6.684174060821533,1.3089689016342163,283.0235595703125,0.009369757026433945,86.05046081542969,-6.96923303604126,3.687194585800171,291.43072509765625,0.014471625909209251,93.28913116455078,6.471307278843597e-05,4.209306280245073e-05,8.67513370513916,-4.704087257385254,1.2069427967071533,6.471307278843597e-05,6.686750566586852e-05,78.69038391113281,7.485136032104492,0.7681842183693889,1.1980865605023014,14,39,68,ML_CTL_50_0014
CTL,50.0,1051.0,9.0,18.0,21.789474487304688,282.5,-0.9762960071199335,0.21643961393810246,-1.0,-1.8369701987210297e-16,-1.3488014936447144,2.4308390617370605,221.31600952148438,0.0001015841553453356,99.91798400878906,-5.194415092468262,-0.6612981557846069,246.1055145263672,0.001263307873159647,108.82820892333984,-4.668722629547119,-3.260786533355713,271.2993469238281,0.0066292909905314445,99.39128875732422,-3.24908185005188,4.172224521636963,282.1441955566406,0.01011832244694233,98.58341217041016,-3.4771461486816406,7.675774574279785,291.3968505859375,0.014791550114750862,95.57656860351562,6.929718074388802e-05,6.57995551591739e-05,5.660317897796631,-3.5876336097717285,2.071350574493408,6.929718074388802e-05,7.145506970118731e-05,79.2345199584961,5.660317897796631,0.7437072387347425,1.065327071307725,14,40,68,ML_CTL_50_0014
CTL,50.0,1052.0,9.0,0.0,21.789474487304688,280.0,-0.9848077530122081,0.17364817766692997,-1.0,-1.8369701987210297e-16,3.104724884033203,3.2417702674865723,224.1790008544922,0.0001390780380461365,99.46600341796875,-0.15258745849132538,-2.183448553085327,245.11953735351562,0.0007179690874181688,66.18380737304688,-3.8558967113494873,-9.04140853881836,270.95159912109375,0.005775209981948137,88.2457504272461,-3.6244397163391113,-2.9556288719177246,283.3116760253906,0.009520470164716244,85.73207092285156,-4.332531452178955,0.37029457092285156,291.61883544921875,0.014734570868313313,93.84329986572266,7.245715823955834e-05,4.907639231532812e-05,7.972336769104004,-1.772146224975586,-2.1136841773986816,7.245715823955834e-05,8.440248348051682e-05,77.23416137695312,7.972336769104004,0.8745741625090883,1.9420224489037041,14,41,68,ML_CTL_50_0014
CTL,50.0,1053.0,9.0,6.0,21.789474487304688,280.0,-0.9848077530122081,0.17364817766692997,-1.0,-1.8369701987210297e-16,2.460355758666992,-0.16843654215335846,222.5044708251953,0.00011640013690339401,100.26866149902344,-0.417654812335968,-4.3590264320373535,244.81301879882812,0.0009783654240891337,96.45557403564453,-3.803354501724243,-6.978865623474121,271.13592529296875,0.00611264118924737,92.90167236328125,-1.6199641227722168,1.2678272724151611,282.5585632324219,0.009920698590576649,93.96951293945312,-1.7594174146652222,5.559489727020264,291.243896484375,0.015021322295069695,97.97212219238281,7.333282701438293e-05,6.955735443625599e-05,7.114466190338135,-1.0280070304870605,-0.9358023405075073,7.333282701438293e-05,8.324868394993246e-05,77.94799041748047,2.3319027423858643,0.83598232024094,1.6286332394011946,14,42,68,ML_CTL_50_0014
CTL,50.0,1054.0,9.0,12.0,23.6842098236084,280.0,-0.9848077530122081,0.17364817766692997,-1.0,-1.8369701987210297e-16,9.063881874084473,3.5827102661132812,221.19094848632812,4.946627814206295e-05,49.59211349487305,-1.2957788705825806,-0.23290570080280304,242.7118377685547,0.0008553895750083029,102.99905395507812,-10.116764068603516,-3.9115045070648193,270.7841491699219,0.006341177504509687,97.91860961914062,-9.741046905517578,3.6917965412139893,281.7603759765625,0.009586667641997337,95.87969970703125,-9.610018730163574,7.25980281829834,291.181396484375,0.014637698419392109,95.87828063964844,7.070506399031729e-05,4.589827949530445e-05,19.032487869262695,-4.339945316314697,2.077979803085327,7.070506399031729e-05,7.34494169591926e-05,77.06231689453125,3.9874837398529053,0.8974353610713459,2.1690478731652836,14,43,68,ML_CTL_50_0014
CTL,50.0,1055.0,9.0,18.0,23.6842098236084,277.5,-0.9914448613738105,0.13052619222005127,-1.0,-1.8369701987210297e-16,11.46847152709961,4.942999362945557,222.52980041503906,5.3635820222552866e-05,46.647315979003906,1.846993327140808,0.4148220121860504,243.510498046875,0.0001461387291783467,16.78652572631836,-6.242215156555176,-7.399377822875977,270.47265625,0.005630345083773136,85.46705627441406,-8.480738639831543,-2.9358184337615967,284.42041015625,0.008926233276724815,74.61344909667969,-9.826671600341797,-0.9298641681671143,291.57373046875,0.014895662665367126,95.1341781616211,7.411700789816678e-05,2.6928782972390763e-05,22.090126037597656,-2.2468321323394775,-1.1814477443695068,7.411700789816678e-05,7.747278868919238e-05,77.05267333984375,4.522699356079102,0.9391926904886606,2.7373106623720926,14,44,68,ML_CTL_50_0014
CTL,50.0,1056.0,9.0,0.0,23.6842098236084,277.5,-0.9914448613738105,0.13052619222005127,-1.0,-1.8369701987210297e-16,7.268626689910889,6.00700569152832,223.64480590820312,0.00012486607010941952,96.6435775756836,3.316448211669922,-0.45577841997146606,244.46279907226562,0.00044301318121142685,46.26723098754883,-6.313034534454346,-8.039596557617188,271.03533935546875,0.00544433668255806,81.81920623779297,-8.163521766662598,0.05641849339008331,283.02484130859375,0.009647672064602375,88.61737060546875,-9.3261079788208,2.617283344268799,291.3802185058594,0.015076695941388607,97.48441314697266,7.778313010931015e-05,4.454682130017318e-05,16.937397003173828,-2.6435177326202393,0.03706645965576172,7.778313010931015e-05,8.035575592657551e-05,78.24372863769531,3.8116328716278076,0.907669605954191,2.285507058716362,14,45,68,ML_CTL_50_0014
CTL,50.0,1057.0,9.0,6.0,23.6842098236084,277.5,-0.9914448613738105,0.13052619222005127,-1.0,-1.8369701987210297e-16,8.938282012939453,5.46420431137085,221.82017517089844,9.098521695705131e-05,86.36016845703125,3.278982400894165,-2.0350077152252197,242.946044921875,0.0005771455471403897,68.65829467773438,-6.540111541748047,-5.5988240242004395,271.1211853027344,0.0065370420925319195,98.82683563232422,-6.22154426574707,4.759009838104248,282.38134765625,0.009832790121436119,94.28913116455078,-5.793189525604248,8.144674301147461,291.2911682128906,0.014864777214825153,96.67147827148438,7.620090764248744e-05,5.578971831710078e-05,14.973349571228027,-1.2675162553787231,2.1468112468719482,7.620090764248744e-05,7.360237941611558e-05,80.47915649414062,4.770471572875977,0.9073219925195247,2.2813661949879704,14,46,68,ML_CTL_50_0014
CTL,50.0,1058.0,9.0,12.0,23.6842098236084,275.0,-0.9961946980917455,0.08715574274765789,-1.0,-1.8369701987210297e-16,12.841958999633789,6.684033393859863,223.13558959960938,8.471999899484217e-05,70.64400482177734,6.851247310638428,1.1376357078552246,243.66078186035156,0.00025424250634387136,28.86459732055664,-4.315150737762451,-5.701521396636963,270.77490234375,0.004705599043518305,68.37490844726562,-4.529445648193359,-1.7462425231933594,284.6175537109375,0.009557419456541538,78.91683197021484,-5.4152512550354,-0.1033138632774353,291.4172668457031,0.015057460404932499,97.13284301757812,8.199573494493961e-05,3.224199099349789e-05,19.4780330657959,1.0866717100143433,0.054118264466524124,8.199573494493961e-05,6.202227086760104e-05,80.26915740966797,2.9086790084838867,0.9620295801289199,3.232237766616243,14,47,68,ML_CTL_50_0014
CTL,50.0,1059.0,9.0,18.0,23.6842098236084,275.0,-0.9961946980917455,0.08715574274765789,-1.0,-1.8369701987210297e-16,7.300738334655762,5.675288200378418,224.79379272460938,0.00013865201617591083,92.98641204833984,4.176610469818115,1.4593626260757446,244.8919219970703,0.000446562742581591,44.527164459228516,-0.2561386823654175,-4.2334794998168945,271.03045654296875,0.005316334776580334,78.63652038574219,-1.4909266233444214,0.17538054287433624,283.4820556640625,0.010139753110706806,90.24504089355469,-2.61183762550354,3.3760170936584473,291.6189270019531,0.015197278000414371,96.81484985351562,8.591423102188855e-05,4.181689291726798e-05,10.175745964050293,1.4236891269683838,1.2905137538909912,8.591423102188855e-05,6.334204226732254e-05,82.31285095214844,4.881772518157959,0.9166396653132622,2.3975418525837107,14,48,68,ML_CTL_50_0014
CTL,50.0,1060.0,9.0,0.0,23.6842098236084,275.0,-0.9961946980917455,0.08715574274765789,-1.0,-1.8369701987210297e-16,2.9496331214904785,4.97032356262207,225.39410400390625,0.00016170673188753426,99.85174560546875,1.9003705978393555,0.3142000138759613,245.17630004882812,0.000535064609721303,52.221004486083984,2.7042434215545654,-4.489652633666992,271.076904296875,0.0055860416032373905,83.36705780029297,-0.17650707066059113,3.1375205516815186,282.82830810546875,0.0105085838586092,97.7672348022461,-0.043215107172727585,7.198957443237305,291.4300537109375,0.015352205373346806,98.97705841064453,8.388608694076538e-05,5.488592432811856e-05,3.731480836868286,1.466904878616333,2.2262697219848633,8.388608694076538e-05,6.86537241563201e-05,82.32239532470703,3.731480836868286,0.8627231707863333,1.8380943259204976,14,49,68,ML_CTL_50_0014
CTL,50.0,1061.0,9.0,6.0,23.6842098236084,272.5,-0.9990482215818578,0.043619387365335764,-1.0,-1.8369701987210297e-16,10.356271743774414,7.822037696838379,222.6093292236328,1.6467914974782616e-05,13.86719799041748,5.50776481628418,2.295156955718994,243.34519958496094,7.973281753947958e-05,9.921649932861328,2.2919883728027344,-5.624732494354248,269.7701110839844,0.003358329413458705,51.142581939697266,0.4581828713417053,-2.53020977973938,285.77374267578125,0.010740446858108044,82.26546478271484,-0.32795488834381104,-1.013604998588562,292.3319396972656,0.013899040408432484,84.60641479492188,8.133125811582431e-05,3.7686095311073586e-05,13.864389419555664,3.6572506427764893,0.18972957134246826,8.133125811582431e-05,6.810386548750103e-05,78.5823974609375,3.3285982608795166,0.9512189261973939,2.970401836639348,14,50,68,ML_CTL_50_0014
CTL,50.0,1062.0,9.0,12.0,25.578947067260742,272.5,-0.9990482215818578,0.043619387365335764,-1.0,-1.8369701987210297e-16,2.6094112396240234,9.402180671691895,224.6605224609375,0.00014766305685043335,99.95060729980469,-4.225473880767822,3.428873300552368,245.39251708984375,0.0007390395039692521,71.48495483398438,-4.756907939910889,-2.4882216453552246,270.3565979003906,0.0058227707631886005,93.43751525878906,-7.3675994873046875,-0.5164797902107239,282.8311767578125,0.010471980087459087,97.34512329101562,-10.19201946258545,0.8816846609115601,291.68060302734375,0.015493221580982208,98.314453125,9.279838559450582e-05,6.368837784975767e-05,15.37775993347168,-4.786518096923828,2.1416075229644775,9.279838559450582e-05,7.021652709227055e-05,79.35307312011719,0.6423917412757874,0.8572768632986303,1.7928542808513805,14,51,68,ML_CTL_50_0014
CTL,50.0,1063.0,9.0,18.0,25.578947067260742,272.5,-0.9990482215818578,0.043619387365335764,-1.0,-1.8369701987210297e-16,-4.234476566314697,7.054971218109131,224.78762817382812,0.0001524772960692644,100.10733032226562,-2.205631732940674,2.5210468769073486,246.81033325195312,0.0012192717986181378,101.16822814941406,-0.8124745488166809,0.9181447625160217,269.2799987792969,0.005647384561598301,99.00983428955078,-5.001130104064941,3.4684531688690186,283.4619140625,0.010761940851807594,95.89678192138672,-6.93758487701416,5.711637496948242,291.84228515625,0.015660516917705536,98.36277770996094,0.00010149805893888697,8.275519212475047e-05,3.0184996128082275,-3.8382599353790283,3.9348511695861816,0.00010149805893888697,8.275519212475047e-05,78.87112426757812,3.0184996128082275,0.7862927387096401,1.302722023551481,14,52,68,ML_CTL_50_0014
CTL,50.0,1064.0,9.0,0.0,25.578947067260742,270.0,-1.0,-1.8369701987210297e-16,-1.0,-1.8369701987210297e-16,-6.225006103515625,6.905608654022217,222.29562377929688,9.635202150093392e-05,84.59330749511719,-4.142151832580566,-1.6744554042816162,242.85731506347656,0.0009449259960092604,114.5151138305664,-3.4372663497924805,-6.497626304626465,271.34637451171875,0.006563473027199507,97.29872131347656,-5.685403823852539,-3.886932134628296,283.8614196777344,0.009513364173471928,82.4714126586914,-8.014912605285645,-3.7499427795410156,291.94024658203125,0.014630474150180817,91.3005142211914,0.00010067685798276216,7.778681174386293e-05,10.804839134216309,-5.500948429107666,-1.7806695699691772,0.00010067685798276216,8.670688839629292e-05,74.26728057861328,2.772843599319458,0.8735428221253669,1.9326534159513566,14,53,68,ML_CTL_50_0014
CTL,50.0,1065.0,9.0,6.0,25.578947067260742,270.0,-1.0,-1.8369701987210297e-16,-1.0,-1.8369701987210297e-16,-4.785353183746338,7.14974308013916,221.22665405273438,9.371613123221323e-05,94.15379333496094,-3.938866376876831,-1.5457818508148193,244.4140167236328,0.0010705299209803343,109.32593536376953,-2.495351552963257,-1.3553133010864258,271.7913818359375,0.006917133927345276,99.51998901367188,-4.10015344619751,0.725346028804779,283.6329040527344,0.010261382907629013,90.41120910644531,-5.530792713165283,2.6769230365753174,292.0270690917969,0.014780234545469284,91.7627944946289,0.0001066957411239855,8.138751582009718e-05,4.534512042999268,-4.170103549957275,1.5301834344863892,0.0001066957411239855,8.138751582009718e-05,76.69615936279297,3.8431782722473145,0.8433148503427425,1.6831020006106536,14,54,68,ML_CTL_50_0014
CTL,50.0,1066.0,9.0,12.0,25.578947067260742,270.0,-1.0,-1.8369701987210297e-16,-1.0,-1.8369701987210297e-16,-4.8710432052612305,4.674280166625977,221.55467224121094,0.00010436361480969936,99.96014404296875,-2.8743832111358643,0.8029604554176331,245.51473999023438,0.0012354193022474647,113.26493835449219,-0.48516184091567993,6.341946601867676,272.00592041015625,0.007002960424870253,99.40277099609375,-3.3144710063934326,6.928232192993164,283.6585693359375,0.010168127715587616,89.49333953857422,-3.693826913833618,8.06952953338623,292.1054382324219,0.014498076401650906,89.54085540771484,0.00010377083526691422,8.473158959532157e-05,3.593543767929077,-3.0477771759033203,5.363389492034912,0.00010377083526691422,8.473158959532157e-05,77.91588592529297,3.593543767929077,0.7586931807460691,1.1455282215146436,14,55,68,ML_CTL_50_0014
CTL,50.0,1067.0,9.0,18.0,25.578947067260742,267.5,-0.9990482215818578,-0.04361938736533613,-1.0,-1.8369701987210297e-16,-10.093713760375977,2.036358118057251,221.8275909423828,0.00010813177505042404,99.85963439941406,-3.736847400665283,0.18801157176494598,246.63478088378906,0.0013481064233928919,109.56222534179688,0.31229910254478455,-1.8656812906265259,272.23321533203125,0.007124406285583973,99.35529327392578,-3.74552583694458,-2.3739144802093506,283.5107116699219,0.009985254146158695,88.67408752441406,-5.692566871643066,-2.520005226135254,292.4107360839844,0.014480345882475376,87.75283813476562,0.0001084975156118162,9.81913908617571e-05,6.334867000579834,-4.59127140045166,-0.9070461988449097,0.0001084975156118162,9.81913908617571e-05,75.04676055908203,0.7704442143440247,0.7825185247819219,1.2804039204864859,14,56,68,ML_CTL_50_0014
CTL,50.0,1068.0,9.0,0.0,25.578947067260742,267.5,-0.9990482215818578,-0.04361938736533613,-1.0,-1.8369701987210297e-16,-7.901876449584961,1.354210615158081,221.99847412109375,0.00011149459896842018,101.32135772705078,-1.4083341360092163,2.359321117401123,246.05258178710938,0.0012918025022372603,112.05624389648438,2.133051872253418,3.011885643005371,272.53759765625,0.00726294657215476,98.99652862548828,-2.428349733352661,2.9005393981933594,283.5073547363281,0.009969161823391914,88.62447357177734,-4.5193047523498535,4.773374557495117,292.2104187011719,0.014224911108613014,87.29608154296875,0.00011144042946398258,9.795404184842482e-05,4.809622764587402,-2.824962615966797,2.879866123199463,0.00011144042946398258,9.955238783732057e-05,76.74688720703125,4.189876079559326,0.7604528314166661,1.155163743127241,14,57,68,ML_CTL_50_0014
CTL,50.0,1069.0,9.0,6.0,25.578947067260742,267.5,-0.9990482215818578,-0.04361938736533613,-1.0,-1.8369701987210297e-16,-6.585808753967285,3.3740553855895996,222.29652404785156,9.742035763338208e-05,87.19371032714844,-1.2451218366622925,5.563819408416748,244.43992614746094,0.0008694136631675065,88.79466247558594,3.0964834690093994,9.059379577636719,271.96026611328125,0.006946265231817961,98.11181640625,-0.2920381426811218,8.486076354980469,283.9252014160156,0.009802567772567272,84.81094360351562,-2.7487034797668457,9.737624168395996,291.7091979980469,0.014113077893853188,89.36640167236328,0.00010551440936978906,7.633499626535922e-05,7.430907249450684,-1.5550377368927002,7.2441911697387695,0.00010551440936978906,9.109363600146025e-05,79.19109344482422,7.3219523429870605,0.885672342584485,2.047278552040562,14,58,68,ML_CTL_50_0014
CTL,50.0,1070.0,9.0,12.0,25.578947067260742,265.0,-0.9961946980917455,-0.08715574274765825,-1.0,-1.8369701987210297e-16,-9.467065811157227,3.9209907054901123,221.90740966796875,8.72960954438895e-05,80.66621398925781,-3.9423601627349854,2.7263073921203613,244.66812133789062,0.0009216608013957739,91.82160186767578,2.5067968368530273,3.67146372795105,272.5510559082031,0.007168169599026442,96.87931823730469,-1.0199923515319824,-0.4940444827079773,283.542236328125,0.009863382205367088,87.43716430664062,-1.7209784984588623,-2.136934995651245,292.2550964355469,0.014452301897108555,88.43465423583984,0.00010947013652184978,7.938285125419497e-05,9.833632469177246,-2.72871994972229,1.5375564098358154,0.00010947013652184978,9.447204502066597e-05,78.00078582763672,5.548947811126709,0.9059473472599135,2.265126427761555,14,59,68,ML_CTL_50_0014
CTL,50.0,1071.0,9.0,18.0,25.578947067260742,265.0,-0.9961946980917455,-0.08715574274765825,-1.0,-1.8369701987210297e-16,-5.98844575881958,4.554528713226318,222.8219757080078,4.784439079230651e-05,40.84071731567383,-1.1338244676589966,5.88415002822876,244.63938903808594,0.00026586736203171313,26.878860473632812,4.631389141082764,10.217391967773438,272.22601318359375,0.005823940970003605,77.90546417236328,1.5154463052749634,6.388819217681885,284.9375915527344,0.008999119512736797,72.75605773925781,0.41455692052841187,4.609147071838379,292.45965576171875,0.014060582034289837,84.9312515258789,0.00010507866682019085,5.509474067366682e-05,6.403235912322998,-0.11217554658651352,6.330807685852051,0.00010507866682019085,8.925992005970329e-05,80.43061828613281,6.403235912322998,0.9632000758885007,3.264765370357206,14,60,68,ML_CTL_50_0014
CTL,50.0,1072.0,9.0,0.0,27.473684310913086,262.5,-0.9914448613738104,-0.13052619222005163,-1.0,-1.8369701987210297e-16,-9.320579528808594,0.1956138014793396,223.46470642089844,0.00013302713341545314,100.0496597290039,-3.870710611343384,3.0370476245880127,247.6116943359375,0.0015661451034247875,118.85075378417969,-4.521849632263184,2.2687535285949707,271.3423156738281,0.006214122753590345,93.41568756103516,-8.925909996032715,-1.477165937423706,283.4627685546875,0.010670687071979046,94.95558166503906,-11.816038131713867,-1.7022795677185059,292.0323486328125,0.01582464575767517,98.28384399414062,0.00011225907655898482,9.04751505004242e-05,3.1351735591888428,-7.691017150878906,0.4643939137458801,0.00011225907655898482,9.04751505004242e-05,85.35926818847656,3.1351735591888428,0.6771093593496738,0.7405191030397391,14,61,68,ML_CTL_50_0014
CTL,50.0,1073.0,9.0,6.0,27.473684310913086,262.5,-0.9914448613738104,-0.13052619222005163,-1.0,-1.8369701987210297e-16,-8.10797119140625,1.5743868350982666,222.6994171142578,0.00011567120236577466,97.49763488769531,-3.4536001682281494,3.8768808841705322,245.94337463378906,0.0011111171916127205,97.9747085571289,-2.5595180988311768,8.402304649353027,271.7099304199219,0.006446833722293377,93.66281127929688,-6.3721466064453125,6.117033958435059,283.9749755859375,0.01019637193530798,87.66639709472656,-7.958678722381592,6.402137756347656,291.8260192871094,0.015780167654156685,99.25904083251953,0.00011035009083570912,7.141190144466236e-05,4.830059051513672,-5.690382957458496,5.2745490074157715,0.00011035009083570912,7.526850095018744e-05,83.03742980957031,4.830059051513672,0.8131308579418915,1.470483456666352,14,62,68,ML_CTL_50_0014
CTL,50.0,1074.0,9.0,12.0,27.473684310913086,260.0,-0.984807753012208,-0.17364817766693033,-1.0,-1.8369701987210297e-16,-9.911574363708496,3.3429718017578125,222.65957641601562,0.00011947860184591264,99.51048278808594,-6.9335174560546875,1.9013797044754028,246.0650634765625,0.0012756072683259845,113.5519027709961,-2.7407705783843994,2.9588308334350586,271.3084716796875,0.006169247440993786,92.80170440673828,-5.119633674621582,-1.9372553825378418,283.61712646484375,0.01110067218542099,97.66024017333984,-5.330608367919922,-5.195873260498047,292.2749938964844,0.01641024649143219,100.33106231689453,0.00010014593863161281,7.089589053066447e-05,9.69005298614502,-6.007221221923828,0.21401071548461914,0.00010014593863161281,7.089589053066447e-05,82.39852142333984,6.733060359954834,0.7232743788905542,0.9607621729370028,14,63,68,ML_CTL_50_0014
CTL,50.0,1075.0,9.0,18.0,27.473684310913086,260.0,-0.984807753012208,-0.17364817766693033,-1.0,-1.8369701987210297e-16,-7.624301433563232,2.992339611053467,223.81590270996094,0.00012837817484978586,96.23552703857422,-4.963235378265381,4.4358978271484375,245.73007202148438,0.0006633056327700615,62.68231964111328,0.12019459158182144,8.285923957824707,272.0828857421875,0.00572975492104888,81.20458984375,-2.8458549976348877,4.4877424240112305,284.0841369628906,0.011116472072899342,94.74729919433594,-4.354367256164551,2.2810463905334473,292.9060974121094,0.016653738915920258,97.87039947509766,9.263943502446637e-05,5.942449934082106e-05,3.346402168273926,-3.9335129261016846,4.4965901374816895,9.263943502446637e-05,6.157283496577293e-05,79.16793060302734,3.346402168273926,0.8898467261941887,2.0891764359870737,14,64,68,ML_CTL_50_0014
CTL,50.0,1076.0,9.0,0.0,27.473684310913086,260.0,-0.984807753012208,-0.17364817766693033,-1.0,-1.8369701987210297e-16,-6.529655456542969,2.1226561069488525,224.8099365234375,0.00014453483163379133,96.53828430175781,-2.4439804553985596,4.898287296295166,246.0697021484375,0.0004704039019998163,42.65180587768555,0.4187949597835541,9.200607299804688,271.4490051269531,0.004673330578953028,69.22274780273438,-0.03220723569393158,7.7564377784729,284.0383605957031,0.011213072575628757,95.8293685913086,-3.4051074981689453,9.13500690460205,293.2607421875,0.0166492760181427,95.69654083251953,7.377855945378542e-05,4.59729453723412e-05,7.6769700050354,-2.3984313011169434,6.622599124908447,7.377855945378542e-05,4.922176958643831e-05,79.97779846191406,7.6769700050354,0.8657336863685483,1.8637520969393808,14,65,68,ML_CTL_50_0014
CTL,50.0,1077.0,9.0,6.0,27.473684310913086,260.0,-0.984807753012208,-0.17364817766693033,-1.0,-1.8369701987210297e-16,-5.255832672119141,1.9680836200714111,222.99041748046875,0.0001175896541099064,97.45606231689453,-1.4120159149169922,3.4277703762054443,245.26963806152344,0.0003670356818474829,38.98091125488281,-1.080155372619629,10.2861909866333,271.26983642578125,0.0032538461964577436,48.9228630065918,1.073158621788025,9.78150749206543,283.7947692871094,0.011078968644142151,96.18598937988281,-3.5469858646392822,14.163599014282227,294.1964111328125,0.01490344014018774,80.98810577392578,4.38458300777711e-05,3.302596815046854e-05,12.314656257629395,-2.0443663597106934,7.9254302978515625,4.38458300777711e-05,3.302596815046854e-05,79.81234741210938,5.8711771965026855,0.7952627058980936,1.3569448425997814,14,66,68,ML_CTL_50_0014
CTL,50.0,1078.0,9.0,12.0,27.473684310913086,260.0,-0.984807753012208,-0.17364817766693033,-1.0,-1.8369701987210297e-16,-4.665276050567627,0.6144397854804993,222.02676391601562,0.0001036815665429458,96.9869384765625,-3.060117244720459,1.903586506843567,244.79913330078125,0.0002194269181927666,25.09454917907715,-1.712262511253357,10.472378730773926,270.4339904785156,0.0025528036057949066,40.826171875,0.2833172678947449,10.318458557128906,283.31317138671875,0.010482300072908401,94.43721008300781,-3.518501043319702,14.262873649597168,294.7937927246094,0.01338307373225689,69.91156768798828,3.1658655643695965e-05,1.851998058555182e-05,13.696526527404785,-2.5345678329467773,7.514348030090332,3.1658655643695965e-05,1.851998058555182e-05,77.7823257446289,6.362212657928467,0.6609915075263427,0.6677158332399868,14,67,68,ML_CTL_50_0014
CTL,50.0,1079.0,9.0,18.0,27.473684310913086,260.0,-0.984807753012208,-0.17364817766693033,-1.0,-1.8369701987210297e-16,-4.493999481201172,-1.1556086540222168,221.5996856689453,8.720251207705587e-05,84.9039306640625,-3.441833734512329,2.250338077545166,244.6634979248047,0.0003314182977192104,34.51320266723633,-0.3585204482078552,10.29589557647705,270.3090515136719,0.002471309620887041,40.01947021484375,1.1075770854949951,9.922205924987793,283.7008361816406,0.00941698532551527,82.9458999633789,-5.288256645202637,11.09256649017334,294.56793212890625,0.016017213463783264,84.87773132324219,2.3349010007223114e-05,1.0194383321504574e-05,12.273900032043457,-2.495006561279297,6.481080055236816,2.3349010007223114e-05,1.0227628990833182e-05,71.6612548828125,5.669487953186035,0.6341948462323495,0.5502554107748869,14,68,68,ML_CTL_50_0014
CTL,50.0,1082.0,9.0,12.0,14.210526466369629,330.0,-0.5000000000000004,0.8660254037844384,-1.0,-1.8369701987210297e-16,-7.926592826843262,3.0670418739318848,218.56129455566406,7.125898264348507e-05,100.58919525146484,-0.27522528171539307,-4.127142906188965,242.0384521484375,0.0007912199362181127,103.24588012695312,2.198314666748047,-3.3701140880584717,269.4892883300781,0.005857308395206928,100.57450103759766,-3.8473236560821533,0.3494679927825928,279.91351318359375,0.008558313362300396,97.22743225097656,-5.351901054382324,-0.7276617288589478,289.72894287109375,0.012198356911540031,87.70500946044922,5.360162685974501e-05,5.319422416505404e-05,4.585718154907227,-3.040545701980591,-0.9616816639900208,5.360162685974501e-05,6.753536581527442e-05,83.29759979248047,1.8165041208267212,0.6239087834902308,0.5061724663115021,15,1,9,ML_CTL_50_0015
CTL,50.0,1083.0,9.0,18.0,14.210526466369629,330.0,-0.5000000000000004,0.8660254037844384,-1.0,-1.8369701987210297e-16,-8.579914093017578,2.3940341472625732,218.06375122070312,6.559046596521512e-05,97.6825942993164,0.5093567371368408,-2.8711836338043213,242.81385803222656,0.0008796206675469875,105.19813537597656,5.459627151489258,-2.321774482727051,269.3930358886719,0.00583275593817234,101.00078582763672,-2.595305919647217,1.356212854385376,280.4183349609375,0.00875947531312704,96.14354705810547,-4.037658214569092,-0.3213416635990143,289.9389343261719,0.012238091789186,86.80084991455078,5.71472046431154e-05,5.850315938005224e-05,5.292008399963379,-1.8487789630889893,-0.3528105616569519,5.71472046431154e-05,6.56473494018428e-05,82.97962188720703,2.8103115558624268,0.6299954479300076,0.5321972853970887,15,2,9,ML_CTL_50_0015
CTL,50.0,1084.0,9.0,0.0,14.210526466369629,330.0,-0.5000000000000004,0.8660254037844384,-1.0,-1.8369701987210297e-16,-8.630949974060059,3.463611364364624,217.69125366210938,5.974166560918093e-05,93.41423034667969,0.982653796672821,-1.2313674688339233,242.24807739257812,0.0008318301988765597,105.57684326171875,6.948523044586182,-1.3133701086044312,269.0203857421875,0.005635501351207495,99.77328491210938,-0.8578382730484009,3.149219036102295,281.4072570800781,0.008999545127153397,92.28959655761719,-2.9757771492004395,1.067787766456604,289.8782958984375,0.012261799536645412,87.29295349121094,5.763696026406251e-05,6.022472371114418e-05,6.141738414764404,-0.9066777229309082,1.0271761417388916,5.763696026406251e-05,7.551888847956434e-05,82.32292938232422,4.043065071105957,0.6228822818964243,0.5018001589963195,15,3,9,ML_CTL_50_0015
CTL,50.0,1085.0,9.0,6.0,14.210526466369629,330.0,-0.5000000000000004,0.8660254037844384,-1.0,-1.8369701987210297e-16,-7.589345455169678,6.334958076477051,217.8877410888672,4.3018375436076894e-05,64.5177993774414,0.17889462411403656,1.0376805067062378,241.5208282470703,0.0006553212879225612,91.23469543457031,7.075014114379883,-0.8790719509124756,268.70721435546875,0.0050321598537266254,88.47367095947266,1.0329912900924683,4.506012439727783,282.2267761230469,0.00919987354427576,89.24346923828125,-1.393165946006775,2.614102602005005,289.6634826660156,0.01227840781211853,88.60350799560547,5.842835525982082e-05,5.2425701142055914e-05,7.227544784545898,-0.13912229239940643,2.722736120223999,5.842835525982082e-05,7.801316678524017e-05,82.95270538330078,2.87849760055542,0.7878832875264398,1.3122133128907465,15,4,9,ML_CTL_50_0015
CTL,50.0,1086.0,9.0,12.0,14.210526466369629,330.0,-0.5000000000000004,0.8660254037844384,-1.0,-1.8369701987210297e-16,-7.600043296813965,9.61571979522705,218.4769287109375,3.286515857325867e-05,45.638824462890625,-2.1339528560638428,2.4157721996307373,241.58795166015625,0.0004772199899889529,66.12909698486328,6.245823860168457,0.8260554075241089,268.6444396972656,0.004252113867551088,73.53662872314453,3.0447049140930176,5.91838264465332,282.9588623046875,0.009089608676731586,83.88804626464844,1.3481839895248413,4.6298508644104,289.8490905761719,0.012313283048570156,87.77547454833984,5.8475950936554e-05,3.894291876349598e-05,10.243517875671387,0.18094328045845032,4.681156158447266,5.8475950936554e-05,6.710069283144549e-05,83.61734008789062,2.2573013305664062,0.8173304919908229,1.4983649790711855,15,5,9,ML_CTL_50_0015
CTL,50.0,1087.0,9.0,18.0,14.210526466369629,327.5,-0.5372996083468242,0.8433914458128855,-1.0,-1.8369701987210297e-16,-5.3062238693237305,13.034773826599121,219.1179656982422,5.7166336773661897e-05,76.60967254638672,-0.9917988777160645,2.966371536254883,241.7254638671875,0.00020533207862172276,32.183631896972656,1.1173306703567505,-3.104436159133911,269.9371643066406,0.0014297652523964643,22.10788345336914,2.529085636138916,-0.5948212146759033,283.1649169921875,0.00765690254047513,69.64936828613281,0.5022408366203308,-0.40103766322135925,289.7922668457031,0.011930110864341259,85.37428283691406,6.245663098525256e-05,1.6105619579320773e-05,14.637598037719727,-0.42987313866615295,2.3801701068878174,6.245663098525256e-05,5.3663839935325086e-05,83.69995880126953,1.9892505407333374,0.7946617980132815,1.3532582272786362,15,6,9,ML_CTL_50_0015
CTL,50.0,1088.0,9.0,0.0,14.210526466369629,327.5,-0.5372996083468242,0.8433914458128855,-1.0,-1.8369701987210297e-16,-5.174314975738525,12.761956214904785,219.3174285888672,7.567400461994112e-05,98.70707702636719,-2.2613375186920166,2.242793321609497,241.59371948242188,0.00023820756177883595,39.952579498291016,0.0806889533996582,-0.59488844871521,270.28668212890625,0.00154492212459445,23.389238357543945,2.096933603286743,0.45030447840690613,283.2130432128906,0.00832806434482336,75.54546356201172,1.2049884796142578,0.5842278599739075,289.9593811035156,0.011820083484053612,83.67451477050781,6.266260606935248e-05,1.2454450370569248e-05,13.747457504272461,-0.8106082677841187,3.0888783931732178,6.266260606935248e-05,5.185639383853413e-05,85.16015625,2.9457128047943115,0.6614734664051954,0.6698673964113362,15,7,9,ML_CTL_50_0015
CTL,50.0,1089.0,9.0,6.0,14.210526466369629,327.5,-0.5372996083468242,0.8433914458128855,-1.0,-1.8369701987210297e-16,-3.915067672729492,11.580206871032715,218.86605834960938,7.16273789294064e-05,98.8102035522461,-3.4386355876922607,2.1547389030456543,241.3756561279297,0.00029792345594614744,50.50082015991211,-1.1969940662384033,0.80954909324646,270.6098327636719,0.0012801336124539375,19.137170791625977,1.0273703336715698,2.0974440574645996,283.28533935546875,0.009566406719386578,86.4626235961914,1.7888884544372559,2.1309421062469482,290.0965576171875,0.011673899367451668,81.90685272216797,5.9309408243279904e-05,8.764833182794973e-06,11.037378311157227,-1.1468876600265503,3.7545762062072754,5.9309408243279904e-05,4.1247687477152795e-05,86.42068481445312,2.9324560165405273,0.5609694342417693,0.2450973830964771,15,8,9,ML_CTL_50_0015
CTL,50.0,1090.0,9.0,12.0,16.105262756347656,327.5,-0.5372996083468242,0.8433914458128855,-1.0,-1.8369701987210297e-16,-0.07457519322633743,11.472023010253906,219.24505615234375,7.508545968448743e-05,98.90084838867188,-3.400420904159546,3.7012834548950195,241.65478515625,0.0003488782967906445,51.884132385253906,-1.3421852588653564,2.0921630859375,269.5054626464844,0.003509669564664364,56.312294006347656,-3.441349506378174,5.048740863800049,283.4843444824219,0.009934542700648308,88.53250885009766,-6.357261657714844,2.9148333072662354,289.97314453125,0.012463856488466263,88.09847259521484,5.5745091231074184e-05,1.449729097657837e-05,10.615914344787598,-2.923158645629883,5.0458083152771,5.5745091231074184e-05,2.6415860702400096e-05,84.66193389892578,2.078279495239258,0.5806583929846687,0.3254767410927206,15,9,9,ML_CTL_50_0015
