experiment,year,time_index,month,hour,lat,lon,lon_sin,lon_cos,month_sin,month_cos,u_200,v_200,t_200,q_200,rh_200,u_300,v_300,t_300,q_300,rh_300,u_500,v_500,t_500,q_500,rh_500,u_700,v_700,t_700,q_700,rh_700,u_850,v_850,t_850,q_850,rh_850,zeta_850,zeta_500,wshear_850_200,steer_u_850_200,steer_v_850_200,zeta850_max_r500,zeta500_max_r500,rh700_mean_r500,shear_min_r500,prob_tc,decision_score,track_id,life_step,lifetime_steps,global_track_id
GGW,108.0,724.0,7.0,0.0,18.0,330.0,-0.5000000000000004,0.8660254037844384,-0.4999999999999997,-0.8660254037844388,-2.984297752380371,8.707674026489258,218.93650817871094,5.3701729484600946e-05,74.6394271850586,-7.398120403289795,2.5422561168670654,241.5828094482422,0.0002299068437423557,32.090614318847656,-6.760648250579834,-1.3806674480438232,267.65093994140625,0.004257525317370892,80.09487915039062,-7.093135356903076,0.8916028738021851,281.6843566894531,0.007373505271971226,74.03544616699219,-6.905119895935059,0.651821494102478,289.4714050292969,0.012216358445584774,89.26412200927734,3.992040001321584e-05,3.379015834070742e-05,8.959330558776855,-6.228264808654785,2.2825372219085693,3.992040001321584e-05,3.482750616967678e-05,68.4948501586914,3.8469738960266113,0.7631984712472123,1.1702957581785611,1,1,11,ML_GGW_108_0001
GGW,108.0,725.0,7.0,6.0,18.0,330.0,-0.5000000000000004,0.8660254037844384,-0.4999999999999997,-0.8660254037844388,-2.5792839527130127,5.722672939300537,218.5405731201172,4.7713092499179766e-05,69.49567413330078,-7.699215888977051,4.179841041564941,241.55252075195312,0.00022545023239217699,31.38374900817871,-8.034157752990723,2.439840316772461,267.50048828125,0.0033021157141774893,62.9384880065918,-7.614679336547852,4.293470859527588,281.63116455078125,0.0066132573410868645,66.58058166503906,-6.793736934661865,2.835966110229492,289.4640808105469,0.012006225995719433,87.81405639648438,3.817474498646334e-05,3.168340845149942e-05,5.108295917510986,-6.544214725494385,3.8943581581115723,3.817474498646334e-05,3.279965676483698e-05,66.257568359375,3.6649749279022217,0.783441501244597,1.285835682584226,1,2,11,ML_GGW_108_0001
GGW,108.0,726.0,7.0,12.0,18.0,327.5,-0.5372996083468242,0.8433914458128855,-0.4999999999999997,-0.8660254037844388,-2.369556188583374,4.466292858123779,218.3076629638672,4.1666127799544483e-05,63.135902404785156,-6.089213848114014,4.2103142738342285,241.5292205810547,0.00019695771334227175,27.715795516967773,-7.354519844055176,1.783965826034546,267.79046630859375,0.0032311866525560617,59.2596435546875,-7.508985996246338,2.5678155422210693,281.9429931640625,0.006719980388879776,66.28743743896484,-6.736133098602295,1.0824013948440552,289.5123596191406,0.012085089460015297,88.0604019165039,3.695835039252415e-05,2.9836801331839524e-05,5.524284362792969,-6.01168155670166,2.822158098220825,3.695835039252415e-05,3.004753489221912e-05,62.917884826660156,3.6822073459625244,0.7946108173070927,1.3529458252968598,1,3,11,ML_GGW_108_0001
GGW,108.0,727.0,7.0,18.0,18.0,325.0,-0.5735764363510465,0.8191520442889916,-0.4999999999999997,-0.8660254037844388,-3.7266316413879395,3.551161527633667,218.27317810058594,3.6763831303687766e-05,56.182613372802734,-4.027645587921143,2.469569444656372,241.53977966308594,0.00015243601228576154,22.953388214111328,-6.5328145027160645,-0.8627562522888184,267.84234619140625,0.0030652708373963833,55.24201202392578,-7.591380596160889,0.3928666412830353,282.0204162597656,0.007032550871372223,69.02690887451172,-7.323727607727051,-0.5835662484169006,289.5072021484375,0.012115124613046646,88.28657531738281,3.443044261075556e-05,2.5082861611736007e-05,5.48042631149292,-5.840440273284912,0.9934550523757935,3.443044261075556e-05,2.679829231055919e-05,61.28866195678711,2.6950199604034424,0.787902613024941,1.3123289529718907,1,4,11,ML_GGW_108_0001
GGW,108.0,728.0,7.0,0.0,18.0,322.5,-0.608761429008721,0.7933533402912349,-0.4999999999999997,-0.8660254037844388,-5.738901615142822,4.299454689025879,217.7960662841797,3.657351408037357e-05,60.156009674072266,-2.5187833309173584,0.13428641855716705,240.69369506835938,0.00012572617561090738,18.80620002746582,-7.364248752593994,-2.885697841644287,267.45709228515625,0.002599518746137619,47.81428146362305,-8.579794883728027,-1.0059679746627808,282.4044189453125,0.006689709611237049,64.02416229248047,-8.363456726074219,-1.167075753211975,289.2135314941406,0.012317619286477566,91.43307495117188,3.2156163797480986e-05,1.7081580153899267e-05,6.063929557800293,-6.513037204742432,-0.12500008940696716,3.2156163797480986e-05,2.607680289656855e-05,59.465660095214844,1.7268258333206177,0.7527940052164568,1.1135696488924678,1,5,11,ML_GGW_108_0001
GGW,108.0,729.0,7.0,6.0,18.0,320.0,-0.6427876096865396,0.7660444431189778,-0.4999999999999997,-0.8660254037844388,-6.668975353240967,6.273768901824951,216.97128295898438,3.627789919846691e-05,66.34843444824219,-1.3596656322479248,-1.5669872760772705,240.38955688476562,7.217250822577626e-05,11.87684440612793,-8.009639739990234,-3.250128984451294,267.47119140625,0.0018450476927682757,34.005767822265625,-9.367670059204102,-1.7255808115005493,282.5931091308594,0.006556850858032703,61.96558380126953,-8.878600120544434,-1.8534924983978271,289.07757568359375,0.012345080263912678,92.4318618774414,2.9792339773848653e-05,9.191384378937073e-06,8.422281265258789,-6.85690975189209,-0.42448416352272034,2.9792339773848653e-05,2.4961611416074447e-05,56.162864685058594,1.6688902378082275,0.6971324978444183,0.8336800667756203,1,6,11,ML_GGW_108_0001
GGW,108.0,730.0,7.0,12.0,18.0,317.5,-0.6755902076156605,0.7372773368101239,-0.4999999999999997,-0.8660254037844388,-7.039608955383301,8.35394287109375,216.88990783691406,3.199991988367401e-05,58.75075912475586,-1.6645218133926392,0.1634615808725357,240.22789001464844,7.611871114932e-05,14.202117919921875,-7.413410186767578,-1.7789077758789062,267.9468078613281,0.0010253150248900056,18.159730911254883,-9.562545776367188,-1.9530320167541504,282.8818054199219,0.00680459663271904,63.09651184082031,-9.607667922973633,-2.561713457107544,289.30078125,0.012438444420695305,91.79733276367188,2.6631172659108415e-05,6.810830655012978e-06,11.21367359161377,-7.057551383972168,0.44475024938583374,2.6631172659108415e-05,2.501022936485242e-05,52.105751037597656,2.207913398742676,0.6757208837984293,0.7341754822913855,1,7,11,ML_GGW_108_0001
GGW,108.0,731.0,7.0,18.0,16.105262756347656,317.5,-0.6755902076156605,0.7372773368101239,-0.4999999999999997,-0.8660254037844388,-11.737019538879395,5.850848197937012,217.09605407714844,2.670704634510912e-05,46.59042739868164,-8.238186836242676,-2.4273998737335205,240.41168212890625,7.879237818997353e-05,14.091819763183594,-7.516489505767822,-1.601686716079712,268.4881286621094,0.0008368277922272682,14.379459381103516,-8.088664054870605,-0.30558809638023376,282.8282775878906,0.006425631232559681,59.727378845214844,-7.385738372802734,-1.052923321723938,289.59857177734375,0.011784501373767853,85.33206939697266,2.452081025694497e-05,1.5199138033494819e-05,8.160619735717773,-8.593219757080078,0.09265003353357315,2.6224995963275433e-05,2.23612914851401e-05,50.468997955322266,2.23520827293396,0.6006390190415578,0.40812839814392254,1,8,11,ML_GGW_108_0001
GGW,108.0,732.0,7.0,0.0,16.105262756347656,315.0,-0.7071067811865477,0.7071067811865474,-0.4999999999999997,-0.8660254037844388,-12.72518253326416,6.796262741088867,217.02444458007812,2.6967612939188257e-05,47.30224609375,-8.758522987365723,-0.7853975892066956,240.23223876953125,7.835612632334232e-05,14.521794319152832,-7.732296943664551,-2.038520574569702,268.45233154296875,0.000608069880399853,10.638219833374023,-9.439265251159668,-1.043409824371338,282.68536376953125,0.006720213685184717,63.12650680541992,-9.21152114868164,-1.2935433387756348,289.4228820800781,0.012117612175643444,88.72425079345703,2.4546117856516503e-05,5.784768745797919e-06,8.819907188415527,-9.573358535766602,0.32707828283309937,2.582681190688163e-05,1.633519059396349e-05,51.061336517333984,2.7724969387054443,0.5708131333617212,0.28516948337341796,1,9,11,ML_GGW_108_0001
GGW,108.0,734.0,7.0,12.0,16.105262756347656,310.0,-0.7660444431189781,0.6427876096865393,-0.4999999999999997,-0.8660254037844388,-12.420212745666504,7.295262336730957,216.4853515625,2.997012961714063e-05,56.91443634033203,-8.328932762145996,0.6193645000457764,239.6514434814453,9.822045103646815e-05,19.83539390563965,-9.513439178466797,-1.0645214319229126,267.96600341796875,0.0014460902893915772,25.2957763671875,-11.161141395568848,1.0445209741592407,282.8679504394531,0.005884328857064247,54.638065338134766,-10.303844451904297,-0.025956714525818825,289.4141540527344,0.012348318472504616,90.45924377441406,2.209426929766778e-05,3.176025074935751e-06,7.620975017547607,-10.345514297485352,1.5737340450286865,2.2801035811426118e-05,8.174160939233843e-06,47.627803802490234,2.816682815551758,0.5662282508190548,0.26647879470212255,1,10,11,ML_GGW_108_0001
GGW,108.0,735.0,7.0,18.0,16.105262756347656,307.5,-0.7933533402912352,0.6087614290087205,-0.4999999999999997,-0.8660254037844388,-11.885031700134277,7.210324764251709,216.62362670898438,2.4758035578997806e-05,45.75969696044922,-9.631428718566895,0.6297957897186279,239.56187438964844,0.00010213322821073234,19.887773513793945,-10.429858207702637,-0.44912189245224,267.6953125,0.0014051536563783884,25.2550048828125,-10.2030668258667,0.5449578166007996,282.90283203125,0.006725718267261982,62.31583023071289,-9.982795715332031,-0.7346935272216797,289.729736328125,0.0122372442856431,87.82888793945312,2.1457841285155155e-05,4.547167009150144e-06,8.16956615447998,-10.426436424255371,1.4402525424957275,2.2978134438744746e-05,9.243412932846695e-06,50.51536560058594,3.572979688644409,0.5773857949115717,0.31205094693819513,1,11,11,ML_GGW_108_0001
GGW,108.0,753.0,7.0,6.0,14.210526466369629,340.0,-0.3420201433256686,0.9396926207859084,-0.4999999999999997,-0.8660254037844388,-10.811171531677246,-0.44533252716064453,218.19927978515625,6.71384550514631e-05,98.6769027709961,-8.660393714904785,5.970839977264404,242.21145629882812,0.0008131221984513104,104.34280395507812,-6.686999797821045,4.061073303222656,269.24371337890625,0.005773283541202545,101.1507797241211,-4.964359283447266,0.9468734264373779,279.5000915527344,0.007691401522606611,90.15123748779297,1.2698214054107666,5.622259616851807,290.93359375,0.011962165124714375,79.48211669921875,6.223728996701539e-05,7.976697088452056e-05,13.519100189208984,-5.970620632171631,3.23114275932312,6.223728996701539e-05,7.976697088452056e-05,65.05306243896484,3.2420005798339844,0.6441634904431572,0.593481178483408,2,1,9,ML_GGW_108_0002
GGW,108.0,754.0,7.0,12.0,16.105262756347656,340.0,-0.3420201433256686,0.9396926207859084,-0.4999999999999997,-0.8660254037844388,-7.60830545425415,0.2188199907541275,218.02871704101562,6.593953003175557e-05,99.1427230834961,-6.219727993011475,5.785250186920166,242.4553985595703,0.0008296886226162314,103.41307830810547,-7.234744071960449,5.560267925262451,269.4644470214844,0.005849125795066357,100.79031372070312,-11.441086769104004,4.005148410797119,280.417236328125,0.007126711308956146,78.28355407714844,-4.268468856811523,6.742667198181152,291.1329345703125,0.01066485233604908,70.01907348632812,5.758740735473111e-05,6.362619751598686e-05,7.329057693481445,-7.354466438293457,4.462430477142334,5.758740735473111e-05,6.362619751598686e-05,64.89165496826172,1.9516897201538086,0.5680963078653918,0.2740883319323366,2,2,9,ML_GGW_108_0002
GGW,108.0,756.0,7.0,0.0,16.105262756347656,337.5,-0.38268343236508956,0.9238795325112868,-0.4999999999999997,-0.8660254037844388,-7.892739772796631,3.8314833641052246,217.72830200195312,4.4715023250319064e-05,69.76705169677734,-1.1576800346374512,6.8798675537109375,241.740234375,0.0002969171036966145,43.74421310424805,-2.737288236618042,4.776463985443115,268.7105407714844,0.0054468135349452496,98.85842895507812,-2.171138048171997,3.3731536865234375,282.241455078125,0.007071162573993206,68.43526458740234,0.48995423316955566,4.384832859039307,290.0019836425781,0.011944958940148354,84.23051452636719,5.329848863766529e-05,5.820076330564916e-05,8.400938034057617,-2.6937785148620605,4.649160385131836,5.329848863766529e-05,5.851969763170928e-05,68.1612777709961,2.9686152935028076,0.8501832144722321,1.7360387549674776,2,3,9,ML_GGW_108_0002
GGW,108.0,757.0,7.0,6.0,18.0,337.5,-0.38268343236508956,0.9238795325112868,-0.4999999999999997,-0.8660254037844388,-3.181657075881958,5.2340874671936035,217.82736206054688,3.701389505295083e-05,57.25883865356445,1.6657413244247437,3.1616318225860596,241.48007202148438,0.0003184812667313963,48.87812805175781,-4.175842761993408,5.753874778747559,268.6162414550781,0.005237914156168699,95.45108795166016,-7.358039855957031,4.5943779945373535,281.78741455078125,0.007458781357854605,74.54606628417969,-6.268484592437744,4.2137274742126465,290.22265625,0.01101430132985115,76.68409729003906,5.2437157137319446e-05,4.7198849642882124e-05,3.251098155975342,-3.863656520843506,4.591540336608887,5.2437157137319446e-05,4.7198849642882124e-05,65.50377655029297,3.251098155975342,0.8780835868952297,1.9744061191458138,2,4,9,ML_GGW_108_0002
GGW,108.0,758.0,7.0,12.0,18.0,337.5,-0.38268343236508956,0.9238795325112868,-0.4999999999999997,-0.8660254037844388,-2.6362507343292236,4.826216697692871,217.8495330810547,3.145489972666837e-05,47.97792434692383,1.63441002368927,1.757116675376892,241.44265747070312,0.00023896859784144908,38.1315803527832,0.7956066727638245,9.107725143432617,268.7997131347656,0.004290055949240923,75.8371810913086,-3.1535286903381348,7.850125312805176,282.8805236816406,0.007733593694865704,71.71261596679688,-3.384519577026367,5.853799343109131,289.8466491699219,0.011773176491260529,83.92198944091797,5.0208163884235546e-05,2.8667409424087964e-05,1.2711539268493652,-1.3488564491271973,5.878996849060059,5.0208163884235546e-05,3.650467988336459e-05,69.06947326660156,1.2711539268493652,0.8545000013802792,1.7703404270458591,2,5,9,ML_GGW_108_0002
GGW,108.0,759.0,7.0,18.0,18.0,335.0,-0.4226182617406992,0.90630778703665,-0.4999999999999997,-0.8660254037844388,-2.802617073059082,6.728046417236328,217.7572479248047,2.7682212021318264e-05,42.544342041015625,-0.25653398036956787,4.3582892417907715,241.4462432861328,0.00016615045024082065,25.117950439453125,-0.6411167979240417,5.239315509796143,269.1707763671875,0.004029995296150446,68.63939666748047,-1.4284825325012207,4.840057849884033,282.8039855957031,0.00744693772867322,69.38037872314453,-1.7245920896530151,3.009244680404663,289.59197998046875,0.011632419191300869,84.32984924316406,4.29079300374724e-05,2.8768432457582094e-05,3.8719019889831543,-1.370668649673462,4.834990501403809,4.29079300374724e-05,3.224248575861566e-05,68.81657409667969,3.8719019889831543,0.7963933363760415,1.3639031918341509,2,6,9,ML_GGW_108_0002
GGW,108.0,760.0,7.0,0.0,18.0,332.5,-0.46174861323503363,0.8870108331782218,-0.4999999999999997,-0.8660254037844388,-3.4908783435821533,8.684011459350586,217.8251953125,2.334307828277815e-05,35.424774169921875,-1.8932427167892456,6.973312854766846,241.39109802246094,0.00013375429261941463,19.766572952270508,-2.5249557495117188,2.8385696411132812,268.9197082519531,0.0036189905367791653,63.21086120605469,-2.3487303256988525,1.4176652431488037,282.22772216796875,0.006682383827865124,64.70458221435547,-2.0208077430725098,0.08220873028039932,289.62750244140625,0.011004156433045864,79.53314971923828,3.6448105674935505e-05,2.441246215312276e-05,8.726518630981445,-2.4557228088378906,3.9991536140441895,3.6448105674935505e-05,2.7542777388589457e-05,65.36730194091797,5.60267448425293,0.6620615945978231,0.6724949484691727,2,7,9,ML_GGW_108_0002
GGW,108.0,761.0,7.0,6.0,19.894737243652344,332.5,-0.46174861323503363,0.8870108331782218,-0.4999999999999997,-0.8660254037844388,1.3082984685897827,5.921623229980469,217.83139038085938,2.156030313926749e-05,33.01058578491211,1.9012354612350464,6.084414482116699,241.36282348632812,0.00011677679867716506,17.150634765625,-5.090843200683594,3.1970434188842773,268.78729248046875,0.003591938177123666,62.38912582397461,-8.945590019226074,2.919316291809082,282.3165588378906,0.00766053656116128,73.8346939086914,-8.470942497253418,1.0408194065093994,289.6385192871094,0.011376539245247841,82.26490783691406,3.566751547623426e-05,1.9341428924235515e-05,10.929583549499512,-3.8595683574676514,3.832643508911133,3.566751547623426e-05,1.9341428924235515e-05,60.739959716796875,4.637094974517822,0.698953959713075,0.842321663316,2,8,9,ML_GGW_108_0002
GGW,108.0,762.0,7.0,12.0,19.894737243652344,330.0,-0.5000000000000004,0.8660254037844384,-0.4999999999999997,-0.8660254037844388,-0.44078657031059265,6.659124374389648,217.64016723632812,2.502431561879348e-05,39.43476867675781,0.3672662377357483,7.859877109527588,241.40213012695312,0.00010618387022987008,16.246915817260742,-4.3960466384887695,2.5868911743164062,269.5535888671875,0.0027869895566254854,45.15835952758789,-8.495987892150879,1.7383886575698853,282.3778381347656,0.0073847053572535515,70.9155502319336,-8.218003273010254,0.0940365195274353,289.31982421875,0.01145988330245018,84.59841918945312,3.2872467272682115e-05,1.4259520867199171e-05,10.177695274353027,-4.2367119789123535,3.787663221359253,3.2872467272682115e-05,1.8028107660938986e-05,57.66200637817383,5.827862739562988,0.6694011777321365,0.7054779251879835,2,9,9,ML_GGW_108_0002
GGW,108.0,762.0,7.0,12.0,33.157894134521484,275.0,-0.9961946980917455,0.08715574274765789,-0.4999999999999997,-0.8660254037844388,4.701674461364746,-7.474277496337891,219.19773864746094,7.84281874075532e-05,101.70891571044922,-1.484192967414856,-4.036343574523926,241.2528076171875,0.000720227777492255,102.44904327392578,-2.3160691261291504,-6.67563009262085,267.7821044921875,0.0048134163953363895,95.10160827636719,-0.22106021642684937,-5.124648094177246,281.1634521484375,0.00962031353265047,100.11734771728516,1.9724806547164917,-2.6044371128082275,290.0472717285156,0.013424093835055828,94.57115173339844,3.3808904845500365e-05,3.7569487176369876e-05,5.582458972930908,0.5305665731430054,-5.1830668449401855,3.3808904845500365e-05,5.495263758348301e-05,81.42449951171875,1.1752383708953857,0.5618355567469765,0.2486149222908467,3,1,11,ML_GGW_108_0003
GGW,108.0,763.0,7.0,18.0,33.157894134521484,275.0,-0.9961946980917455,0.08715574274765789,-0.4999999999999997,-0.8660254037844388,5.545136451721191,-7.679164886474609,220.02818298339844,8.543524745618924e-05,99.87360382080078,0.5794953107833862,-3.0042643547058105,241.58798217773438,0.0007420059992000461,102.0074691772461,-3.237361431121826,-7.7579026222229,268.67559814453125,0.00496414490044117,91.53707122802734,-0.7140831351280212,-6.658243179321289,281.4864196777344,0.009266517125070095,94.22439575195312,0.7883880734443665,-0.8824716806411743,290.695068359375,0.01350240595638752,91.29734802246094,3.6598452425096184e-05,3.7792160583194345e-05,8.295884132385254,0.5923150777816772,-5.196409225463867,3.6598452425096184e-05,5.5813201470300555e-05,78.71485900878906,0.3013935089111328,0.5700295176890525,0.2819715843642836,3,2,11,ML_GGW_108_0003
GGW,108.0,764.0,7.0,0.0,31.263158798217773,275.0,-0.9961946980917455,0.08715574274765789,-0.4999999999999997,-0.8660254037844388,4.248359680175781,-7.683826446533203,219.20260620117188,7.6647600508295e-05,100.02449798583984,-1.9646795988082886,-4.569029808044434,242.50204467773438,0.000903983018361032,110.50682067871094,-2.1452109813690186,-6.265723705291748,268.3013916015625,0.005163033492863178,97.88518524169922,0.8068692684173584,-6.611747741699219,281.16094970703125,0.009416108019649982,98.08673095703125,4.186375617980957,-0.9362401962280273,290.8739013671875,0.013585061766207218,90.78033447265625,3.5611214116215706e-05,6.180909258546308e-05,6.747870922088623,1.026342749595642,-5.213313102722168,3.5611214116215706e-05,6.286199641181156e-05,75.92391967773438,2.914752721786499,0.6232779139579123,0.503484765838305,3,3,11,ML_GGW_108_0003
GGW,108.0,765.0,7.0,6.0,31.263158798217773,275.0,-0.9961946980917455,0.08715574274765789,-0.4999999999999997,-0.8660254037844388,3.396982431411743,-7.782695293426514,218.87689208984375,7.407961675198749e-05,100.83589935302734,-2.0782470703125,-3.109171152114868,242.13174438476562,0.0008298717439174652,106.15567016601562,-2.439727544784546,-4.822150230407715,268.708984375,0.005163140129297972,94.85519409179688,-0.722581684589386,-5.334595680236816,281.06103515625,0.009372406639158726,98.21013641357422,4.138695240020752,-0.5980939269065857,290.59716796875,0.013644106686115265,92.83099365234375,3.625494355219416e-05,5.3634146752301604e-05,7.222785949707031,0.4590242803096771,-4.329340934753418,3.625494355219416e-05,6.130588008090854e-05,76.80509185791016,3.2377805709838867,0.6332618957685155,0.5462360931057451,3,4,11,ML_GGW_108_0003
GGW,108.0,766.0,7.0,12.0,31.263158798217773,275.0,-0.9961946980917455,0.08715574274765789,-0.4999999999999997,-0.8660254037844388,2.194230556488037,-6.603306293487549,218.5379638671875,7.070302672218531e-05,99.61299896240234,-1.2603845596313477,-1.8426967859268188,242.5157470703125,0.0008780632633715868,108.43404388427734,-3.0320796966552734,-3.2840566635131836,268.1894836425781,0.0050581698305904865,96.92179107666016,-0.3630359470844269,-3.822114944458008,281.085693359375,0.009479932487010956,99.18940734863281,4.118934154510498,-0.12187951803207397,289.9877624511719,0.0138376634567976,97.84371185302734,3.745470894500613e-05,4.62375974166207e-05,6.761166572570801,0.33153289556503296,-3.1348109245300293,3.745470894500613e-05,5.476958176586777e-05,78.19767761230469,1.3979395627975464,0.6070302311389975,0.43484590910952137,3,5,11,ML_GGW_108_0003
GGW,108.0,767.0,7.0,18.0,31.263158798217773,275.0,-0.9961946980917455,0.08715574274765789,-0.4999999999999997,-0.8660254037844388,3.4583544731140137,-5.198751449584961,219.22100830078125,7.775255653541535e-05,99.96240234375,-2.1274490356445312,-1.5309828519821167,243.65618896484375,0.0010500114876776934,115.42916870117188,-2.7622616291046143,-1.5281902551651,268.3708190917969,0.005046709906309843,95.44258880615234,0.4576011598110199,-2.9505248069763184,281.0816345214844,0.00924490112811327,96.79328155517578,4.754252910614014,1.7985844612121582,290.34210205078125,0.013505952432751656,93.375732421875,3.798698526225053e-05,5.10233330714982e-05,7.116323471069336,0.7560995817184448,-1.8819732666015625,3.798698526225053e-05,5.3294439567252994e-05,74.52222442626953,1.117004632949829,0.5905504140268193,0.36624122260670955,3,6,11,ML_GGW_108_0003
GGW,108.0,770.0,7.0,12.0,35.05263137817383,277.5,-0.9914448613738105,0.13052619222005127,-0.4999999999999997,-0.8660254037844388,2.1644675731658936,-4.528724670410156,219.51663208007812,2.802505696308799e-05,35.543155670166016,3.577871084213257,-0.9119817018508911,240.8314208984375,0.00024145751376636326,37.73147964477539,1.0329811573028564,1.0529847145080566,267.270263671875,0.004886256996542215,99.36531829833984,3.955327272415161,2.3114728927612305,281.8923034667969,0.007848788052797318,77.36844635009766,4.224871635437012,5.825338363647461,290.1324768066406,0.01321141142398119,92.48110961914062,2.2372420062310994e-05,1.5768315279274248e-05,10.557077407836914,2.9911036491394043,0.749817967414856,2.5799497961997986e-05,3.248729262850247e-05,66.67696380615234,4.545952796936035,0.7255959731602325,0.9723917783005169,3,7,11,ML_GGW_108_0003
GGW,108.0,771.0,7.0,18.0,36.94736862182617,280.0,-0.9848077530122081,0.17364817766692997,-0.4999999999999997,-0.8660254037844388,6.57053804397583,-4.746249198913574,218.65194702148438,5.696608423022553e-05,76.61333465576172,5.118024826049805,-0.545680582523346,240.90452575683594,0.00035705871414393187,55.831939697265625,3.6725428104400635,2.304905414581299,267.3189392089844,0.0043861353769898415,87.78678131103516,4.463837623596191,3.129936695098877,282.4771423339844,0.007994991727173328,75.82193756103516,4.769355773925781,6.3278398513793945,290.3809814453125,0.013948756270110607,96.11962890625,1.854366564657539e-05,6.676129032712197e-06,11.219612121582031,4.918859958648682,1.294150471687317,1.9799806977971457e-05,1.8296297639608383e-05,66.72892761230469,5.026855945587158,0.6093429158912244,0.44455103708462573,3,8,11,ML_GGW_108_0003
GGW,108.0,775.0,7.0,18.0,36.94736862182617,282.5,-0.9762960071199335,0.21643961393810246,-0.4999999999999997,-0.8660254037844388,11.120623588562012,2.0684738159179688,220.34820556640625,8.994925156002864e-05,99.88992309570312,8.959725379943848,3.3223447799682617,241.63311767578125,0.0005349551211111248,76.7938003540039,2.172640800476074,-0.4542272388935089,268.7615966796875,0.0045579830184578896,82.01847076416016,5.331934452056885,0.3150885999202728,281.5599670410156,0.00811733491718769,82.08209991455078,6.778314113616943,3.3839893341064453,291.535888671875,0.013178572058677673,84.39807891845703,3.922318501281552e-05,2.4515837139915675e-05,4.537205219268799,6.872647762298584,1.7271339893341064,3.922318501281552e-05,3.948091762140393e-05,74.1954345703125,2.103755235671997,0.7080919713736334,0.88613520613013,3,9,11,ML_GGW_108_0003
GGW,108.0,776.0,7.0,0.0,36.94736862182617,282.5,-0.9762960071199335,0.21643961393810246,-0.4999999999999997,-0.8660254037844388,11.737290382385254,1.75343656539917,219.72032165527344,8.194555266527459e-05,99.80618286132812,7.714450359344482,1.482578992843628,240.29249572753906,0.0005001557874493301,84.23828125,2.00476336479187,-2.284014940261841,268.7402038574219,0.004852353595197201,87.65289306640625,4.363626480102539,0.7491284012794495,282.2125244140625,0.007909120060503483,76.49844360351562,5.650207996368408,2.184813976287842,291.88421630859375,0.012890508398413658,80.75650024414062,4.721637014881708e-05,2.8694326829281636e-05,6.102348804473877,6.2940673828125,0.7771885991096497,4.721637014881708e-05,4.9682810640661046e-05,72.01146697998047,1.4715962409973145,0.6743599682243665,0.7279714715431136,3,10,11,ML_GGW_108_0003
GGW,108.0,778.0,7.0,12.0,38.842105865478516,287.5,-0.9537169507482268,0.30070579950427345,-0.4999999999999997,-0.8660254037844388,13.637518882751465,5.93869686126709,217.08717346191406,5.6507025874452665e-05,95.38227844238281,10.593490600585938,7.0121750831604,241.6830596923828,0.0007731892983429134,103.58618927001953,6.2323079109191895,2.0351483821868896,269.0701904296875,0.005683818832039833,100.97744750976562,6.754547119140625,2.902517557144165,279.190185546875,0.007888645865023136,94.27885437011719,8.910137176513672,5.160422325134277,290.9970397949219,0.011516736820340157,76.4185562133789,4.8121826694114134e-05,3.7157329643378034e-05,4.791017532348633,9.225600242614746,4.609792232513428,4.8121826694114134e-05,3.85869134333916e-05,70.95841979980469,4.791017532348633,0.6073231253031803,0.4360739091707688,3,11,11,ML_GGW_108_0003
GGW,108.0,780.0,7.0,0.0,10.421052932739258,322.5,-0.608761429008721,0.7933533402912349,-0.4999999999999997,-0.8660254037844388,-5.41136360168457,3.2186174392700195,219.0509033203125,7.681194256292656e-05,100.56122589111328,-6.971803665161133,8.794468879699707,242.59461975097656,0.0009833215735852718,122.23731231689453,-8.125313758850098,6.690351963043213,268.233154296875,0.005363130941987038,101.95648956298828,-4.174818992614746,-1.074509620666504,279.1099853515625,0.008085429668426514,97.15162658691406,4.499400615692139,1.0730748176574707,286.5518798828125,0.01016972679644823,89.7424545288086,4.2961419239873067e-05,7.949106657179072e-05,10.140345573425293,-4.036779880523682,3.740400791168213,4.2961419239873067e-05,7.949106657179072e-05,70.97792053222656,5.110520362854004,0.5571229114837077,0.22949360353166148,4,1,24,ML_GGW_108_0004
GGW,108.0,781.0,7.0,6.0,10.421052932739258,322.5,-0.608761429008721,0.7933533402912349,-0.4999999999999997,-0.8660254037844388,-6.832115173339844,1.186124563217163,217.6495361328125,6.132074486231431e-05,96.7019271850586,-5.352602958679199,9.29536247253418,241.503662109375,0.0008088354952633381,108.92642974853516,-3.6677985191345215,11.11618709564209,267.9831237792969,0.00525797251611948,102.02153778076172,-2.5069072246551514,2.662986993789673,279.24481201171875,0.008169540204107761,97.26643371582031,5.356542587280273,2.760171890258789,286.2104187011719,0.010293957777321339,92.92752838134766,4.450172491488047e-05,7.055649621179327e-05,12.289874076843262,-2.6005759239196777,5.4041666984558105,4.450172491488047e-05,8.793494635028765e-05,75.75179290771484,3.475078582763672,0.6303006206226813,0.5335066939436126,4,2,24,ML_GGW_108_0004
GGW,108.0,782.0,7.0,12.0,10.421052932739258,320.0,-0.6427876096865396,0.7660444431189778,-0.4999999999999997,-0.8660254037844388,-12.910318374633789,0.14550305902957916,217.2327880859375,6.245451368158683e-05,103.3487319946289,-6.617388725280762,5.082530975341797,242.4430389404297,0.0009284851257689297,114.1966323852539,-2.3484344482421875,5.574440956115723,267.7120666503906,0.005155795253813267,102.27215576171875,0.701840341091156,0.15504635870456696,278.1516418457031,0.007644628174602985,98.2366943359375,4.278581619262695,1.5614430904388428,286.82000732421875,0.010549644008278847,91.53424835205078,4.764439654536545e-05,8.699481259100139e-05,17.247119903564453,-3.3791439533233643,2.5037930011749268,4.764439654536545e-05,8.699481259100139e-05,71.74549102783203,3.054893970489502,0.5904729879408765,0.36592102557451156,4,3,24,ML_GGW_108_0004
GGW,108.0,783.0,7.0,18.0,12.315789222717285,320.0,-0.6427876096865396,0.7660444431189778,-0.4999999999999997,-0.8660254037844388,-16.0762939453125,0.9803077578544617,217.65786743164062,5.4626845667371526e-05,86.06828308105469,-12.343281745910645,4.898908615112305,241.43434143066406,0.0007805755012668669,106.26441955566406,-8.589141845703125,6.704539775848389,268.0007019042969,0.0052694277837872505,101.97686767578125,-7.489156246185303,-0.11620628833770752,281.34442138671875,0.009695978835225105,99.8968505859375,-2.426532745361328,0.6918967962265015,287.7198486328125,0.011535152792930603,94.3843994140625,4.6957487938925624e-05,6.790952465962619e-05,13.65280818939209,-9.384881019592285,2.6318891048431396,4.6957487938925624e-05,7.463899237336591e-05,67.70983123779297,3.585155963897705,0.760935207422542,1.1578135990323077,4,4,24,ML_GGW_108_0004
GGW,108.0,784.0,7.0,0.0,12.315789222717285,320.0,-0.6427876096865396,0.7660444431189778,-0.4999999999999997,-0.8660254037844388,-21.66921615600586,2.8090622425079346,217.99380493164062,4.14912574342452e-05,61.345096588134766,-13.77287769317627,3.012770652770996,240.41403198242188,0.000637094839476049,97.46211242675781,-1.6722230911254883,7.9892096519470215,267.6969299316406,0.004728789906948805,93.0899429321289,-6.911028861999512,2.175163745880127,281.628662109375,0.009979486465454102,100.81975555419922,-1.2094612121582031,1.8792492151260376,287.7878112792969,0.010875384323298931,88.65038299560547,4.6303979615913704e-05,5.185558256926015e-05,20.480873107910156,-9.046960830688477,3.5730910301208496,4.6303979615913704e-05,6.334529462037608e-05,74.0746841430664,5.676788806915283,0.7804708021063422,1.2684120863535022,4,5,24,ML_GGW_108_0004
GGW,108.0,785.0,7.0,6.0,12.315789222717285,317.5,-0.6755902076156605,0.7372773368101239,-0.4999999999999997,-0.8660254037844388,-20.733335494995117,4.794708251953125,217.9647216796875,3.46450469805859e-05,51.33641815185547,-12.390219688415527,1.8495872020721436,240.1287384033203,0.0005439414526335895,84.565673828125,-2.290950298309326,5.477108955383301,267.0992126464844,0.004700037185102701,96.82677459716797,-7.761197566986084,1.0571908950805664,281.5921936035156,0.009739391505718231,98.64068603515625,-2.2849769592285156,0.7781195044517517,288.0373229980469,0.011818910017609596,94.76115417480469,5.0316943088546395e-05,4.88191180920694e-05,18.880542755126953,-9.092135429382324,2.7913429737091064,5.0316943088546395e-05,5.382701783673838e-05,75.75206756591797,5.4647536277771,0.8460966505809931,1.7043087930521326,4,6,24,ML_GGW_108_0004
GGW,108.0,786.0,7.0,12.0,12.315789222717285,315.0,-0.7071067811865477,0.7071067811865474,-0.4999999999999997,-0.8660254037844388,-20.59388542175293,8.51745319366455,218.1401824951172,3.4024935303023085e-05,49.676124572753906,-12.717813491821289,0.8880002498626709,240.3824920654297,0.0005186143680475652,77.79280090332031,-4.4894585609436035,3.146496534347534,268.0830078125,0.005237569101154804,99.75821685791016,-7.0629801750183105,0.6083446741104126,281.5096130371094,0.009616253897547722,97.97367858886719,-2.1518900394439697,0.06147223338484764,288.2520751953125,0.012187957763671875,96.34934997558594,5.1404076657490805e-05,4.250138226780109e-05,20.28819465637207,-9.403205871582031,2.6443533897399902,5.1404076657490805e-05,4.2504216253291816e-05,75.0578384399414,4.990291595458984,0.8441795890442002,1.6896611229141332,4,7,24,ML_GGW_108_0004
GGW,108.0,787.0,7.0,18.0,12.315789222717285,315.0,-0.7071067811865477,0.7071067811865474,-0.4999999999999997,-0.8660254037844388,-21.00519371032715,10.530092239379883,218.41050720214844,3.310754254925996e-05,47.38835525512695,-15.04670524597168,0.2122320532798767,240.24368286132812,0.0003644009993877262,55.029335021972656,-3.832768678665161,2.0961532592773438,267.4976501464844,0.0047384994104504585,93.62550354003906,-4.458385944366455,2.8190739154815674,282.1361389160156,0.010149103589355946,99.08189392089844,0.8601815700531006,2.542133331298828,288.5206298828125,0.011692161671817303,90.85808563232422,5.265981599222869e-05,3.0262826840044e-05,23.278791427612305,-8.696574211120605,3.639936923980713,5.265981599222869e-05,3.730223761522211e-05,80.91670227050781,3.8010780811309814,0.784394888241058,1.2914640293143145,4,8,24,ML_GGW_108_0004
GGW,108.0,788.0,7.0,0.0,12.315789222717285,312.5,-0.7372773368101242,0.6755902076156601,-0.4999999999999997,-0.8660254037844388,-18.21314239501953,9.229203224182129,218.16282653808594,3.380765701876953e-05,50.590003967285156,-13.43122673034668,-0.4512515068054199,239.98486328125,0.0004146457649767399,63.23990249633789,-6.059621810913086,2.13729190826416,267.61102294921875,0.004927850794047117,97.14784240722656,-4.857863426208496,1.6283804178237915,282.1241149902344,0.01015509758144617,99.20619201660156,-0.04762754961848259,1.4130703210830688,288.24334716796875,0.011773153208196163,93.14677429199219,5.132619844516739e-05,2.678801683941856e-05,19.77568817138672,-8.521896362304688,2.791339159011841,5.132619844516739e-05,3.491015377221629e-05,82.7756576538086,1.016595721244812,0.8014043636765017,1.395094864072123,4,9,24,ML_GGW_108_0004
GGW,108.0,789.0,7.0,6.0,14.210526466369629,312.5,-0.7372773368101242,0.6755902076156601,-0.4999999999999997,-0.8660254037844388,-13.20848274230957,3.549776077270508,218.76687622070312,5.6038425100268796e-05,80.91798400878906,-13.291812896728516,-0.8390700221061707,240.47793579101562,0.00026927428552880883,41.73946762084961,-11.677412033081055,2.663402795791626,267.89117431640625,0.0038365693762898445,74.01863098144531,-10.695125579833984,3.191657066345215,282.7261962890625,0.01039601769298315,97.49562072753906,-7.519904613494873,2.4320011138916016,289.1229553222656,0.011786505579948425,88.06800079345703,5.043583587394096e-05,1.6290805433527566e-05,5.797356605529785,-11.278547286987305,2.1995532512664795,5.043583587394096e-05,3.4880238672485575e-05,81.35026550292969,1.8002663850784302,0.7918291922195636,1.335986768205288,4,10,24,ML_GGW_108_0004
GGW,108.0,790.0,7.0,12.0,14.210526466369629,310.0,-0.7660444431189781,0.6427876096865393,-0.4999999999999997,-0.8660254037844388,-11.744183540344238,1.1690566539764404,219.2671661376953,7.427034142892808e-05,97.23271942138672,-12.661523818969727,-1.4891445636749268,240.81712341308594,0.0002648293157108128,42.62886047363281,-12.197458267211914,3.8668057918548584,268.2555236816406,0.0037423192989081144,69.12649536132812,-10.528334617614746,3.7549972534179688,282.8312683105469,0.010447107255458832,97.27629089355469,-6.69271183013916,2.897603750228882,289.0546569824219,0.012186320498585701,91.50946807861328,5.373072417569347e-05,1.5218835869745817e-05,5.339029788970947,-10.76484203338623,2.0398638248443604,5.373072417569347e-05,3.649277277872898e-05,80.70475769042969,4.856663227081299,0.7513584514839036,1.1058705417022692,4,11,24,ML_GGW_108_0004
GGW,108.0,791.0,7.0,18.0,14.210526466369629,307.5,-0.7933533402912352,0.6087614290087205,-0.4999999999999997,-0.8660254037844388,-9.1123685836792,-1.5929561853408813,219.1730194091797,7.642320997547358e-05,99.71166229248047,-13.425764083862305,-1.2293951511383057,241.0431671142578,0.0002990761131513864,48.529232025146484,-12.698522567749023,5.269364833831787,268.7218933105469,0.0038763759657740593,68.0002670288086,-9.256054878234863,2.996758460998535,282.85516357421875,0.010485946200788021,97.48248291015625,-5.267706871032715,1.6149557828903198,289.40740966796875,0.012401917017996311,91.0322036743164,5.478619277710095e-05,1.5330364476540126e-05,5.007206916809082,-9.952083587646484,1.411745548248291,5.478619277710095e-05,4.843819988309406e-05,80.61844635009766,3.421766519546509,0.7535858137517653,1.1178290943841533,4,12,24,ML_GGW_108_0004
GGW,108.0,792.0,7.0,0.0,14.210526466369629,305.0,-0.8191520442889918,0.573576436351046,-0.4999999999999997,-0.8660254037844388,-9.57036304473877,-3.58192777633667,219.59063720703125,8.011328463908285e-05,99.90928649902344,-14.835976600646973,1.048547625541687,240.65545654296875,0.0003576546150725335,60.74535369873047,-10.95181655883789,6.975780487060547,268.7378845214844,0.003657839959487319,64.6880874633789,-9.605630874633789,2.0352625846862793,283.00274658203125,0.010272102430462837,94.54875946044922,-7.11440896987915,-0.41102924942970276,289.4256896972656,0.012859157286584377,94.21500396728516,5.218484875513241e-05,1.961367524927482e-05,4.0107741355896,-10.41563892364502,1.2133266925811768,5.218484875513241e-05,5.559728742809966e-05,79.27071380615234,3.978564500808716,0.7213393913551198,0.9511151647619549,4,13,24,ML_GGW_108_0004
GGW,108.0,793.0,7.0,6.0,14.210526466369629,302.5,-0.8433914458128857,0.5372996083468239,-0.4999999999999997,-0.8660254037844388,-12.342436790466309,-5.272820472717285,219.83570861816406,8.16258616396226e-05,99.08689880371094,-13.138568878173828,1.4795753955841064,240.39895629882812,0.00035625582677312195,62.87297439575195,-7.815767288208008,6.249482154846191,268.5992431640625,0.004066088702529669,72.88274383544922,-10.358597755432129,2.2207372188568115,282.686279296875,0.010119611397385597,95.14706420898438,-8.903481483459473,0.6849797964096069,289.243408203125,0.013078771531581879,96.96286010742188,5.1857765356544405e-05,2.834501901816111e-05,6.87908411026001,-10.511770248413086,1.0723907947540283,5.1857765356544405e-05,5.338925984688103e-05,77.13882446289062,4.5904340744018555,0.7526542401016763,1.1128187504406015,4,14,24,ML_GGW_108_0004
GGW,108.0,794.0,7.0,12.0,14.210526466369629,300.0,-0.8660254037844386,0.5000000000000001,-0.4999999999999997,-0.8660254037844388,-14.746671676635742,-6.360535144805908,218.19940185546875,6.722841499140486e-05,100.05908966064453,-10.448792457580566,0.3333660364151001,240.44338989257812,0.000604204076807946,95.3846206665039,-7.567490100860596,5.144496440887451,268.9468688964844,0.005044878460466862,89.30854797363281,-8.890118598937988,3.0276591777801514,282.6526184082031,0.009842068888247013,92.77629089355469,-6.785519123077393,2.6411073207855225,289.5318603515625,0.012785582803189754,93.0901107788086,5.422288813861087e-05,3.572676359908655e-05,12.017050743103027,-9.687718391418457,0.9572187662124634,5.422288813861087e-05,4.728889689431526e-05,73.12589263916016,5.118770599365234,0.6313680197757471,0.5380901223385433,4,15,24,ML_GGW_108_0004
GGW,108.0,795.0,7.0,18.0,14.210526466369629,297.5,-0.8870108331782216,0.4617486132350341,-0.4999999999999997,-0.8660254037844388,-14.192570686340332,-7.806341171264648,217.7959747314453,6.429286440834403e-05,100.27985382080078,-9.471686363220215,-0.5439959168434143,241.3020477294922,0.0007293498492799699,103.28648376464844,-7.52879524230957,5.073400020599365,269.1649169921875,0.005495069082826376,95.91387939453125,-5.862802028656006,1.4934918880462646,282.28448486328125,0.009387360885739326,90.76168823242188,-3.147732734680176,0.8237687349319458,289.8703918457031,0.012363148853182793,88.07127380371094,5.312875146046281e-05,3.893013490596786e-05,14.016676902770996,-8.040717124938965,-0.19193527102470398,5.312875146046281e-05,4.339267616160214e-05,69.461669921875,3.1957614421844482,0.5632663142065087,0.2544289486406712,4,16,24,ML_GGW_108_0004
GGW,108.0,796.0,7.0,0.0,14.210526466369629,295.0,-0.9063077870366498,0.4226182617406996,-0.4999999999999997,-0.8660254037844388,-14.013999938964844,-7.1351728439331055,217.78172302246094,6.358217797242105e-05,99.12178802490234,-9.240479469299316,0.013224673457443714,241.73358154296875,0.0007938619237393141,105.77418518066406,-5.663106918334961,4.42352294921875,269.21392822265625,0.005644054617732763,98.43428802490234,-5.317427158355713,-0.7724746465682983,281.6170349121094,0.008915705606341362,90.17501068115234,-3.726935386657715,-1.988515019416809,290.2131042480469,0.01238925103098154,86.34223937988281,4.88729310745839e-05,4.236096719978377e-05,11.502685546875,-7.5923895835876465,-1.0918829441070557,4.88729310745839e-05,5.001522004022263e-05,65.80333709716797,2.723405122756958,0.5538518227588802,0.2162460502185417,4,17,24,ML_GGW_108_0004
GGW,108.0,797.0,7.0,6.0,14.210526466369629,292.5,-0.9238795325112866,0.38268343236509,-0.4999999999999997,-0.8660254037844388,-14.81907844543457,-6.609585762023926,217.1581573486328,5.859965312993154e-05,98.63429260253906,-7.267827033996582,-1.4605084657669067,241.58389282226562,0.0007502628723159432,102.24840545654297,-4.473576545715332,2.6694159507751465,269.35943603515625,0.005821580067276955,100.67757415771484,-6.022177219390869,-0.683238685131073,281.18017578125,0.008813943713903427,91.79325103759766,-4.680477142333984,-1.324341058731079,290.1494140625,0.01244289055466652,87.08840942382812,4.758286740980111e-05,4.492104926612228e-05,11.43350601196289,-7.452627658843994,-1.4816515445709229,4.758286740980111e-05,5.236127253738232e-05,64.29637145996094,2.3452296257019043,0.5814403126856941,0.32868882120831966,4,18,24,ML_GGW_108_0004
GGW,108.0,798.0,7.0,12.0,16.105262756347656,292.5,-0.9238795325112866,0.38268343236509,-0.4999999999999997,-0.8660254037844388,-12.384539604187012,-3.708528757095337,218.27304077148438,6.547581142513081e-05,97.92598724365234,-14.217917442321777,2.055095911026001,240.3420867919922,0.0004634203214664012,71.06843566894531,-14.278244972229004,6.120226860046387,269.0240783691406,0.003989460412412882,71.12848663330078,-13.131773948669434,5.053878307342529,282.8156433105469,0.009262125939130783,86.37018585205078,-11.914297103881836,4.307991027832031,289.8026428222656,0.013152816332876682,94.02201843261719,5.094503649161197e-05,2.7341289751348086e-05,8.03030014038086,-13.185354232788086,2.765732526779175,5.094503649161197e-05,5.3279603889677674e-05,67.62893676757812,1.9348043203353882,0.7891955524356331,1.3200832236500708,4,19,24,ML_GGW_108_0004
GGW,108.0,799.0,7.0,18.0,16.105262756347656,290.0,-0.9396926207859083,0.342020143325669,-0.4999999999999997,-0.8660254037844388,-10.385613441467285,-1.7962397336959839,217.81007385253906,6.338493403745815e-05,99.00521087646484,-14.037282943725586,3.3850302696228027,241.131591796875,0.0006757344235666096,95.30196380615234,-15.143857955932617,6.386722087860107,269.022705078125,0.0044881426729261875,80.84937286376953,-10.465134620666504,4.449264049530029,282.42474365234375,0.00911805871874094,87.299560546875,-9.194124221801758,2.7568023204803467,290.0804443359375,0.013024379499256611,91.49986267089844,5.352795051294379e-05,3.563629070413299e-05,4.706361293792725,-11.845202445983887,3.036315679550171,5.352795051294379e-05,5.9794580010930076e-05,67.89331817626953,4.706361293792725,0.7322154527813859,1.005892076155781,4,20,24,ML_GGW_108_0004
GGW,108.0,800.0,7.0,0.0,16.105262756347656,287.5,-0.9537169507482268,0.30070579950427345,-0.4999999999999997,-0.8660254037844388,-10.136140823364258,-0.6042540669441223,217.4661865234375,6.157495226943865e-05,99.90885162353516,-13.74941635131836,5.040539264678955,241.282958984375,0.0007443409413099289,102.90617370605469,-14.086248397827148,7.409849643707275,268.8657531738281,0.004676641896367073,85.07413482666016,-9.689806938171387,3.0767266750335693,282.0743408203125,0.008627872914075851,84.62113189697266,-9.389242172241211,0.9562912583351135,290.56378173828125,0.013026528060436249,88.73442077636719,4.9443049647379667e-05,4.723998790723272e-05,1.7300750017166138,-11.410171508789062,3.175830364227295,4.9443049647379667e-05,6.723858678014949e-05,66.27119445800781,1.7300750017166138,0.6911388670657314,0.8054490010356885,4,21,24,ML_GGW_108_0004
GGW,108.0,801.0,7.0,6.0,16.105262756347656,285.0,-0.9659258262890684,0.2588190451025203,-0.4999999999999997,-0.8660254037844388,-11.580269813537598,-1.6271450519561768,217.1663818359375,5.469043389894068e-05,91.26097106933594,-12.171052932739258,4.4464898109436035,241.21054077148438,0.0007320822332985699,103.1614990234375,-11.59135913848877,7.005072116851807,268.8421936035156,0.004913636948913336,89.69280242919922,-9.57863998413086,2.6491892337799072,281.3247985839844,0.008416847325861454,86.84838104248047,-8.963680267333984,2.330142021179199,290.5032043457031,0.013132190331816673,89.79524230957031,4.482061922317371e-05,5.5038617574609816e-05,4.744118690490723,-10.777000427246094,2.960749626159668,4.482061922317371e-05,6.51708323857747e-05,65.86929321289062,4.744118690490723,0.748401266314539,1.090103794660588,4,22,24,ML_GGW_108_0004
GGW,108.0,802.0,7.0,12.0,16.105262756347656,282.5,-0.9762960071199335,0.21643961393810246,-0.4999999999999997,-0.8660254037844388,-12.982625007629395,-2.7451424598693848,217.2327880859375,6.103789928602055e-05,101.75760650634766,-11.78473949432373,3.526585340499878,241.75865173339844,0.000739741139113903,99.4228744506836,-10.39254379272461,6.270945072174072,268.7928466796875,0.0051221540197730064,93.72126770019531,-8.868742942810059,2.723395347595215,280.3808288574219,0.008364501409232616,92.1494140625,-6.529125690460205,3.2066433429718018,290.33123779296875,0.013119709677994251,90.728759765625,4.3572723370743915e-05,5.546302054426633e-05,8.779032707214355,-10.111555099487305,2.5964853763580322,4.3572723370743915e-05,5.6062355724861845e-05,66.2844467163086,3.9289286136627197,0.6822815986604404,0.7642770137970494,4,23,24,ML_GGW_108_0004
GGW,108.0,803.0,7.0,18.0,16.105262756347656,280.0,-0.9848077530122081,0.17364817766692997,-0.4999999999999997,-0.8660254037844388,-12.866878509521484,-2.5939624309539795,217.68524169921875,6.371267227223143e-05,99.89996337890625,-10.723867416381836,3.7224175930023193,242.74713134765625,0.000885985151398927,106.04594421386719,-8.121639251708984,5.064077854156494,268.688232421875,0.005351870786398649,98.54999542236328,-7.039374351501465,1.9133517742156982,280.0694885253906,0.008307850919663906,93.49101257324219,-4.047698020935059,1.5909218788146973,290.4773864746094,0.012820297852158546,87.85171508789062,4.1785286157391965e-05,5.630326268146746e-05,9.761720657348633,-8.559891700744629,1.9393612146377563,4.1785286157391965e-05,5.630326268146746e-05,64.11870574951172,1.8678957223892212,0.6280220265862225,0.5237405987681925,4,24,24,ML_GGW_108_0004
GGW,108.0,783.0,7.0,18.0,42.6315803527832,310.0,-0.7660444431189781,0.6427876096865393,-0.4999999999999997,-0.8660254037844388,27.827495574951172,2.614872455596924,216.51065063476562,4.7888042900012806e-05,88.21560668945312,20.358280181884766,0.35226690769195557,240.375732421875,0.0005553618539124727,84.48782348632812,7.400176525115967,-1.1898876428604126,267.3847351074219,0.004903865046799183,99.0180892944336,4.612308025360107,-2.2716875076293945,279.2400817871094,0.007731789723038673,92.12397766113281,4.920670032501221,-0.9902489185333252,288.0970458984375,0.01103068795055151,88.1128921508789,5.163052992429584e-05,2.2294019800028764e-05,23.18878173828125,13.023786544799805,-0.296936959028244,5.163052992429584e-05,3.715126877068542e-05,74.5695571899414,4.158333778381348,0.5845012433580543,0.34127928627350945,5,1,8,ML_GGW_108_0005
GGW,108.0,784.0,7.0,0.0,42.6315803527832,312.5,-0.7372773368101242,0.6755902076156601,-0.4999999999999997,-0.8660254037844388,26.842092514038086,0.31427377462387085,216.353759765625,3.9899139665067196e-05,75.2157974243164,19.258981704711914,0.8499714136123657,239.8126220703125,0.00035098844091407955,58.940425872802734,6.305185794830322,-0.8464576601982117,266.59783935546875,0.004463545512408018,95.26050567626953,4.316385269165039,-0.6931753754615784,279.9373474121094,0.008100061677396297,91.95189666748047,4.7039408683776855,0.4444360136985779,287.9605407714844,0.010838553309440613,87.36306762695312,5.838723882334307e-05,1.8878074115491472e-05,22.138534545898438,12.285318374633789,0.013809621334075928,5.838723882334307e-05,3.180918065481819e-05,76.89122772216797,3.3206000328063965,0.7970376861181316,1.3678816467332773,5,2,8,ML_GGW_108_0005
GGW,108.0,785.0,7.0,6.0,42.6315803527832,315.0,-0.7071067811865477,0.7071067811865474,-0.4999999999999997,-0.8660254037844388,23.3283748626709,0.17324061691761017,216.36927795410156,3.791446579270996e-05,70.88623809814453,18.43006134033203,2.6426568031311035,239.3577423095703,0.000335400429321453,59.38859939575195,7.1192450523376465,0.7704685926437378,266.1822814941406,0.004459241405129433,98.21469116210938,5.351317405700684,1.1613450050354004,280.1963195800781,0.008213422261178493,91.593505859375,6.269183158874512,3.3190393447875977,287.57769775390625,0.010753367096185684,88.86083984375,6.121368642197922e-05,1.860181691881735e-05,17.346818923950195,12.099637031555176,1.6133501529693604,6.121368642197922e-05,2.6285832063877024e-05,77.30577850341797,6.145823001861572,0.8382125477695895,1.6449882547710182,5,3,8,ML_GGW_108_0005
GGW,108.0,786.0,7.0,12.0,42.6315803527832,315.0,-0.7071067811865477,0.7071067811865474,-0.4999999999999997,-0.8660254037844388,23.099246978759766,1.426123023033142,217.21798706054688,2.9888695280533284e-05,49.15227508544922,19.807357788085938,2.932581663131714,238.7682342529297,0.000302709435345605,58.33405685424805,7.615830898284912,-0.42430055141448975,266.12884521484375,0.0025697227101773024,53.8398323059082,3.2639567852020264,-1.1359267234802246,281.2241516113281,0.008376588113605976,87.01702117919922,4.064265251159668,0.6985702514648438,288.2472229003906,0.010650834068655968,84.25750732421875,5.899197276448831e-05,6.7923742790299e-06,19.048879623413086,11.570131301879883,0.6994094848632812,5.899197276448831e-05,1.7292608390562236e-05,70.21979522705078,7.629444122314453,0.9090909215891307,2.3025852442225374,5,4,8,ML_GGW_108_0005
GGW,108.0,787.0,7.0,18.0,42.6315803527832,317.5,-0.6755902076156605,0.7372773368101239,-0.4999999999999997,-0.8660254037844388,22.551651000976562,2.453948736190796,217.66458129882812,2.6631556465872563e-05,41.398075103759766,19.154748916625977,4.782190799713135,238.63775634765625,0.0003150224220007658,61.579994201660156,7.349819183349609,0.7100486159324646,266.190673828125,0.0033414058852940798,70.41703796386719,5.2655744552612305,1.6986206769943237,281.2253723144531,0.00870282482355833,90.3954849243164,7.0628275871276855,4.8337721824646,287.8383483886719,0.010565271601080894,85.8142318725586,5.1265527872601524e-05,1.1542296306288335e-05,15.670583724975586,12.276924133300781,2.8957161903381348,5.1265527872601524e-05,2.2441739929490723e-05,71.40998077392578,7.833736896514893,0.8641755822062019,1.850412962318905,5,5,8,ML_GGW_108_0005
GGW,108.0,788.0,7.0,0.0,42.6315803527832,317.5,-0.6755902076156605,0.7372773368101239,-0.4999999999999997,-0.8660254037844388,22.305543899536133,1.6382941007614136,218.92361450195312,1.7934344214154407e-05,24.194583892822266,18.764591217041016,3.7194316387176514,237.26022338867188,0.00022326406906358898,49.21439743041992,6.224111557006836,-0.17701618373394012,265.9432678222656,0.0012605170486494899,26.924970626831055,3.4114677906036377,0.28992959856987,281.59075927734375,0.00864748191088438,87.58097839355469,5.700152397155762,2.754918336868286,288.0313415527344,0.010651564225554466,85.39585876464844,4.771985186380334e-05,8.824242286209483e-06,16.642892837524414,11.281174659729004,1.6451114416122437,4.771985186380334e-05,2.5707198801683262e-05,65.79220581054688,9.290148735046387,0.8518502293325155,1.7491869981652859,5,6,8,ML_GGW_108_0005
GGW,108.0,789.0,7.0,6.0,44.52631759643555,320.0,-0.6427876096865396,0.7660444431189778,-0.4999999999999997,-0.8660254037844388,14.902764320373535,1.7728431224822998,219.76390075683594,1.833800706663169e-05,22.750125885009766,11.05309772491455,-0.2762085795402527,234.95843505859375,9.064887854037806e-05,26.12821388244629,6.13883113861084,0.3843344748020172,264.7882995605469,0.0006611968274228275,16.342472076416016,3.576134204864502,0.5025655627250671,281.49725341796875,0.0076308115385472775,77.94827270507812,3.9253478050231934,3.2664072513580322,287.60906982421875,0.010586130432784557,87.23841094970703,3.8290581869659945e-05,1.3633244634547736e-05,11.078557014465332,7.919234275817871,1.1299883127212524,3.8290581869659945e-05,1.909844831970986e-05,62.600189208984375,7.6946516036987305,0.8225852109940653,1.533961645555752,5,7,8,ML_GGW_108_0005
GGW,108.0,790.0,7.0,12.0,42.6315803527832,320.0,-0.6427876096865396,0.7660444431189778,-0.4999999999999997,-0.8660254037844388,13.307212829589844,-0.4186825752258301,219.38955688476562,1.9044089640374295e-05,24.57969093322754,10.197929382324219,-0.8514717817306519,236.12281799316406,0.00010137604112969711,25.121253967285156,5.677474021911621,0.02619694359600544,265.8369140625,0.0010698646074160933,22.940507888793945,4.68867301940918,0.7553683519363403,281.9059753417969,0.008735904470086098,86.61837768554688,6.912869930267334,3.8124992847442627,288.1138610839844,0.010741124860942364,85.60540008544922,3.375297455932014e-05,8.151871043082792e-06,7.667497634887695,8.156831741333008,0.6647820472717285,3.375297455932014e-05,2.0486211724346504e-05,65.80815887451172,5.843846321105957,0.8421148947628339,1.6740488730623286,5,8,8,ML_GGW_108_0005
GGW,108.0,788.0,7.0,0.0,35.05263137817383,275.0,-0.9961946980917455,0.08715574274765789,-0.4999999999999997,-0.8660254037844388,9.652584075927734,3.7415060997009277,219.35951232910156,8.018844528123736e-05,100.1113510131836,3.6916704177856445,0.9107591509819031,242.42547607421875,0.0008049972238950431,106.28219604492188,-4.2223405838012695,-3.145362377166748,269.4512939453125,0.005653468891978264,97.48963165283203,-3.203134536743164,-2.0146524906158447,281.7950744628906,0.0077490233816206455,76.97811126708984,-0.20912843942642212,1.133253574371338,291.83648681640625,0.013319526799023151,83.65771484375,3.854477472486906e-05,4.4660067942459136e-05,10.200801849365234,1.1419302225112915,0.1251007616519928,3.854477472486906e-05,5.718863394577056e-05,66.8672866821289,2.6114392280578613,0.5651051544418846,0.2619075603687344,6,1,22,ML_GGW_108_0006
GGW,108.0,789.0,7.0,6.0,35.05263137817383,275.0,-0.9961946980917455,0.08715574274765789,-0.4999999999999997,-0.8660254037844388,10.249507904052734,4.202162265777588,218.3836212158203,5.935877197771333e-05,85.75138854980469,0.9297485947608948,-0.8478004336357117,240.83721923828125,0.0007191241602413356,108.4019775390625,-3.85891056060791,-1.4372799396514893,269.00799560546875,0.005614708177745342,99.95496368408203,-2.1827640533447266,0.5425712466239929,280.5010070800781,0.00825556367635727,89.70340728759766,-0.3707592487335205,1.5104397535324097,291.3393859863281,0.013911818154156208,90.19086456298828,4.422800338943489e-05,4.607122900779359e-05,10.956068992614746,0.9533645510673523,0.794018566608429,4.422800338943489e-05,5.5552263802383095e-05,67.56074523925781,4.4555559158325195,0.6972787246478446,0.8343727238849705,6,2,22,ML_GGW_108_0006
GGW,108.0,790.0,7.0,12.0,35.05263137817383,275.0,-0.9961946980917455,0.08715574274765789,-0.4999999999999997,-0.8660254037844388,11.391901969909668,3.205048084259033,218.97068786621094,5.228933514445089e-05,69.24757385253906,0.029393011704087257,1.075871229171753,240.41595458984375,0.0006389719201251864,99.41035461425781,-3.7552008628845215,-0.04571801424026489,268.7738037109375,0.005492169875651598,99.54178619384766,-1.4454265832901,1.2758601903915405,280.236328125,0.008545870892703533,94.50450134277344,-0.9258154630661011,3.43788480758667,291.0826416015625,0.014024334959685802,92.43489074707031,4.4977310608373955e-05,4.178096787654795e-05,12.319917678833008,1.0589704513549805,1.7897891998291016,4.4977310608373955e-05,4.345272100181319e-05,69.38748931884766,2.3630597591400146,0.8055059280684392,1.4210688779859613,6,3,22,ML_GGW_108_0006
GGW,108.0,791.0,7.0,18.0,33.157894134521484,272.5,-0.9990482215818578,0.043619387365335764,-0.4999999999999997,-0.8660254037844388,8.548656463623047,-0.9196701049804688,221.36697387695312,9.801627311389893e-05,99.87554168701172,1.1414743661880493,-1.170149564743042,242.7572784423828,0.0006229586433619261,76.78376007080078,-3.57942271232605,-5.720871925354004,267.59515380859375,0.004858685657382011,96.81612396240234,0.03451915457844734,-3.354423999786377,281.1120300292969,0.009147501550614834,95.46427154541016,1.8881258964538574,0.9941571950912476,291.7717590332031,0.014732744544744492,92.93193054199219,4.626466034096666e-05,4.409549728734419e-05,6.9300360679626465,1.6066707372665405,-2.034191608428955,4.626466034096666e-05,4.409549728734419e-05,76.81365966796875,2.6735541820526123,0.7527076934240851,1.113105898728501,6,4,22,ML_GGW_108_0006
GGW,108.0,792.0,7.0,0.0,35.05263137817383,272.5,-0.9990482215818578,0.043619387365335764,-0.4999999999999997,-0.8660254037844388,2.799947500228882,2.5285606384277344,220.73016357421875,9.206777031067759e-05,99.89195251464844,0.2639908492565155,-2.4892075061798096,240.77484130859375,0.0005746943061240017,90.03623962402344,-6.018631935119629,-6.839946269989014,268.9703063964844,0.004661714658141136,82.52033233642578,-5.267155170440674,-4.225922107696533,281.62548828125,0.0072049605660140514,72.3086166381836,-3.4263205528259277,-1.1453309059143066,291.862548828125,0.012994692660868168,81.54910278320312,4.580411041388288e-05,3.4428652725182474e-05,7.229376792907715,-2.3296337127685547,-2.4343693256378174,4.580411041388288e-05,4.817274384549819e-05,71.09396362304688,4.306947231292725,0.6820287782762748,0.7631109728783558,6,5,22,ML_GGW_108_0006
GGW,108.0,793.0,7.0,6.0,35.05263137817383,272.5,-0.9990482215818578,0.043619387365335764,-0.4999999999999997,-0.8660254037844388,3.0037682056427,3.4626729488372803,218.86683654785156,7.243739673867822e-05,99.8851089477539,-0.8149716258049011,-0.6653397679328918,240.2199249267578,0.0006708671571686864,106.08037567138672,-4.863853931427002,-5.778626441955566,268.10504150390625,0.004708264023065567,90.20832824707031,-4.432808876037598,-1.4409618377685547,280.798828125,0.007550224661827087,80.31243133544922,-2.958850622177124,1.218693494796753,291.1890869140625,0.013047655113041401,85.46760559082031,4.846949013881385e-05,3.72801223420538e-05,6.37089204788208,-2.013343334197998,-0.640712320804596,4.846949013881385e-05,4.593905759975314e-05,69.8652572631836,2.19724702835083,0.6050888017132365,0.42671430178838454,6,6,22,ML_GGW_108_0006
GGW,108.0,794.0,7.0,12.0,35.05263137817383,272.5,-0.9990482215818578,0.043619387365335764,-0.4999999999999997,-0.8660254037844388,4.015742301940918,3.0777385234832764,218.3414306640625,6.863941962365061e-05,99.8550033569336,0.43342193961143494,1.6568515300750732,240.50259399414062,0.0005832227179780602,90.13650512695312,-4.333017826080322,-3.2595596313476562,268.13848876953125,0.004701958037912846,89.39000701904297,-2.957200288772583,0.49377357959747314,280.64453125,0.007748860400170088,83.22140502929688,-1.7295246124267578,3.8983330726623535,290.6671447753906,0.013689251616597176,92.64757537841797,5.034004425397143e-05,3.3588446967769414e-05,5.8035736083984375,-0.9141157269477844,1.1734273433685303,5.034004425397143e-05,4.193514178041369e-05,72.46321105957031,1.569378137588501,0.7176268144937511,0.9327201280177508,6,7,22,ML_GGW_108_0006
GGW,108.0,795.0,7.0,18.0,33.157894134521484,270.0,-1.0,-1.8369701987210297e-16,-0.4999999999999997,-0.8660254037844388,2.5833725929260254,5.054235458374023,219.98731994628906,8.991530921775848e-05,105.18526458740234,0.7395622730255127,0.5208352208137512,242.91722106933594,0.0006823342991992831,88.72925567626953,-3.9169695377349854,-6.72836971282959,268.21014404296875,0.0038442634977400303,71.46491241455078,-1.9178578853607178,-4.719389915466309,281.14337158203125,0.007044902537018061,73.00786590576172,-0.3106284737586975,0.2689911127090454,291.9554138183594,0.014178916811943054,88.38003540039062,5.486906229634769e-05,3.346673838677816e-05,5.592298984527588,-0.5645042061805725,-1.1207395792007446,5.486906229634769e-05,4.851444100495428e-05,78.06954956054688,0.44087547063827515,0.6806345356499227,0.7566894004353713,6,8,22,ML_GGW_108_0006
GGW,108.0,796.0,7.0,0.0,33.157894134521484,270.0,-1.0,-1.8369701987210297e-16,-0.4999999999999997,-0.8660254037844388,6.2104644775390625,4.935905456542969,220.0115509033203,9.135878644883633e-05,106.36245727539062,0.0061929598450660706,-1.4536930322647095,241.61329650878906,0.0006256058695726097,92.98628234863281,-4.354348182678223,-6.172165870666504,268.2933349609375,0.004943038336932659,89.97119140625,-2.7585346698760986,-2.396083116531372,281.55810546875,0.00677748117595911,68.44644927978516,0.30184829235076904,2.6597938537597656,291.879638671875,0.013499305583536625,84.53099060058594,5.269386383588426e-05,3.8193637010408565e-05,6.331858158111572,-0.11887538433074951,-0.4852485656738281,5.269386383588426e-05,6.386409950209782e-05,74.24871063232422,3.4428658485412598,0.6287236368771708,0.5267450917405228,6,9,22,ML_GGW_108_0006
GGW,108.0,797.0,7.0,6.0,33.157894134521484,270.0,-1.0,-1.8369701987210297e-16,-0.4999999999999997,-0.8660254037844388,9.944894790649414,1.9590165615081787,219.67356872558594,8.271582919405773e-05,99.95741271972656,-0.26220643520355225,0.21022483706474304,241.23573303222656,0.0006069737719371915,93.0741195678711,-3.1399149894714355,-3.7352454662323,268.18060302734375,0.0052296980284154415,96.99238586425781,-1.0233436822891235,-0.07814773917198181,281.2654113769531,0.007218990940600634,74.34864807128906,2.103351593017578,3.1767117977142334,291.6278991699219,0.01355802547186613,86.33466339111328,5.667277946486138e-05,3.4416192647768185e-05,7.935526371002197,1.5245563983917236,0.3065119981765747,5.667277946486138e-05,5.749059346271679e-05,72.27682495117188,3.6048049926757812,0.6671937257811132,0.6955198856045199,6,10,22,ML_GGW_108_0006
GGW,108.0,798.0,7.0,12.0,33.157894134521484,270.0,-1.0,-1.8369701987210297e-16,-0.4999999999999997,-0.8660254037844388,11.057768821716309,0.3052403926849365,219.7026824951172,8.222689939429983e-05,99.95841979980469,2.857579469680786,2.437366008758545,241.00218200683594,0.0006743904086761177,101.81477355957031,-1.752280831336975,-1.393294095993042,268.570068359375,0.0053215017542243,97.80210876464844,0.5633829832077026,0.20638173818588257,281.0082702636719,0.007822840474545956,81.99958801269531,2.510361433029175,2.7953367233276367,291.4642639160156,0.01397766824811697,89.95612335205078,6.455073889810592e-05,2.996573857672047e-05,8.902738571166992,3.0473623275756836,0.8702061772346497,6.455073889810592e-05,4.357119178166613e-05,74.7771224975586,3.402892589569092,0.6305103686386511,0.5344069216484804,6,11,22,ML_GGW_108_0006
GGW,108.0,799.0,7.0,18.0,33.157894134521484,270.0,-1.0,-1.8369701987210297e-16,-0.4999999999999997,-0.8660254037844388,12.353628158569336,2.2728848457336426,220.00743103027344,8.54929894558154e-05,99.86280822753906,5.233450889587402,1.6708952188491821,241.83424377441406,0.0007079729693941772,97.19758605957031,-0.5064690709114075,-0.5115336179733276,269.0315246582031,0.005519638303667307,98.29338836669922,1.0285720825195312,0.3702092468738556,280.6134033203125,0.008467065170407295,91.2755126953125,3.4639358520507812,4.929755210876465,291.6084289550781,0.014161172322928905,90.31310272216797,6.503034819616005e-05,3.799354090006091e-05,9.278231620788574,4.3146233558654785,1.7464420795440674,6.503034819616005e-05,4.8515594244236127e-05,75.16382598876953,4.616472244262695,0.7275940461674221,0.9824498327886824,6,12,22,ML_GGW_108_0006
GGW,108.0,800.0,7.0,0.0,33.157894134521484,270.0,-1.0,-1.8369701987210297e-16,-0.4999999999999997,-0.8660254037844388,13.33024787902832,0.1591074913740158,220.26748657226562,7.96714230091311e-05,90.03843688964844,4.4229536056518555,0.8540111184120178,241.18663024902344,0.0007293579983524978,105.18253326416016,-0.4525931179523468,-2.1925251483917236,268.4676513671875,0.005294937640428543,98.78844451904297,0.9896017909049988,0.6869060397148132,280.41229248046875,0.008833027444779873,96.64238739013672,4.783801078796387,4.305923938751221,291.475341796875,0.01416142750531435,91.06578063964844,5.9879781474592164e-05,5.216003773966804e-05,9.499360084533691,4.61480188369751,0.76268470287323,5.9879781474592164e-05,6.247074634302408e-05,69.78215026855469,3.46042537689209,0.7511931172188341,1.104985741076511,6,13,22,ML_GGW_108_0006
GGW,108.0,801.0,7.0,6.0,33.157894134521484,270.0,-1.0,-1.8369701987210297e-16,-0.4999999999999997,-0.8660254037844388,10.564720153808594,-3.683309316635132,220.5602264404297,4.197210364509374e-05,43.2309455871582,5.491949081420898,2.9418234825134277,240.964599609375,0.0006384284351952374,96.50682830810547,0.2255636751651764,-2.9273455142974854,268.4173583984375,0.004897136706858873,91.26786804199219,2.510620594024658,1.0455901622772217,280.63079833984375,0.008825607597827911,95.13770294189453,4.756875038146973,2.2444825172424316,291.0071716308594,0.014313904568552971,94.81583404541016,6.161795317893848e-05,5.364383105188608e-05,8.298781394958496,4.7099456787109375,-0.07575173676013947,6.161795317893848e-05,5.839291770826094e-05,66.84766387939453,0.763829231262207,0.8903363953658312,2.0941818231953224,6,14,22,ML_GGW_108_0006
GGW,108.0,802.0,7.0,12.0,33.157894134521484,270.0,-1.0,-1.8369701987210297e-16,-0.4999999999999997,-0.8660254037844388,7.284894943237305,-1.7848553657531738,220.34764099121094,3.3066633477574214e-05,33.34955978393555,6.800408363342285,3.462937593460083,241.6647186279297,0.0006072047399356961,88.75393676757812,0.6128811240196228,-3.95247220993042,267.7735595703125,0.00414682412520051,80.76518249511719,3.1253914833068848,-0.9095245003700256,280.5855712890625,0.008767185732722282,94.75652313232422,4.236063003540039,1.8118971586227417,290.69378662109375,0.014290415681898594,96.57526397705078,7.212695345515385e-05,4.848320531891659e-05,4.71508264541626,4.411927700042725,-0.27440345287323,7.212695345515385e-05,4.851885751122609e-05,67.07862091064453,0.22856812179088593,0.9337699774239777,2.6460962576798464,6,15,22,ML_GGW_108_0006
GGW,108.0,803.0,7.0,18.0,35.05263137817383,272.5,-0.9990482215818578,0.043619387365335764,-0.4999999999999997,-0.8660254037844388,12.606411933898926,2.222966432571411,220.52069091796875,4.3841278966283426e-05,46.884437561035156,9.46847915649414,5.591738700866699,240.54661560058594,0.000736965739633888,113.546142578125,2.4715380668640137,-0.5204050540924072,268.54864501953125,0.005428293254226446,100.41739654541016,3.264660596847534,1.3899812698364258,280.4122009277344,0.008589424192905426,94.01727294921875,5.581194877624512,6.676607608795166,289.9583435058594,0.013457892462611198,95.33494567871094,6.802809366490692e-05,4.5715652959188446e-05,8.317968368530273,6.678456783294678,3.0721778869628906,6.802809366490692e-05,5.0558053771965206e-05,65.87655639648438,2.502039670944214,0.8003335966682743,1.3883806460110248,6,16,22,ML_GGW_108_0006
GGW,108.0,804.0,7.0,0.0,35.05263137817383,272.5,-0.9990482215818578,0.043619387365335764,-0.4999999999999997,-0.8660254037844388,10.948993682861328,0.881945788860321,220.95352172851562,4.113171235076152e-05,42.21177673339844,8.058602333068848,3.078813314437866,240.01388549804688,0.0006686895503662527,109.84031677246094,1.844270944595337,-2.5323023796081543,268.1055908203125,0.005238445475697517,100.16019439697266,1.821570634841919,0.13615791499614716,280.99713134765625,0.00811714492738247,85.26860809326172,5.048742771148682,3.6997056007385254,290.3827209472656,0.01319044828414917,90.9621353149414,7.169131276896223e-05,4.635607183445245e-05,6.538557052612305,5.544435977935791,1.0528640747070312,7.169131276896223e-05,5.847126158187166e-05,60.71171951293945,3.6398091316223145,0.8431554756253479,1.6818963482639853,6,17,22,ML_GGW_108_0006
GGW,108.0,805.0,7.0,6.0,35.05263137817383,272.5,-0.9990482215818578,0.043619387365335764,-0.4999999999999997,-0.8660254037844388,7.504720211029053,-2.265603542327881,222.44085693359375,1.887545113277156e-05,15.78632640838623,7.562170028686523,2.135662078857422,239.4319305419922,0.00043183163506910205,76.44537353515625,1.931810736656189,-4.057844161987305,266.7034912109375,0.0038862633518874645,82.2718276977539,2.6684651374816895,-0.7596270442008972,281.0610046386719,0.007660578936338425,80.02680206298828,3.0992431640625,1.7547279596328735,290.1280517578125,0.012855065055191517,90.10362243652344,6.678000499960035e-05,3.703607217175886e-05,5.964167594909668,4.553281784057617,-0.6385369300842285,6.678000499960035e-05,5.4334923333954066e-05,54.84381866455078,1.9538373947143555,0.8713306298511916,1.9127754107203772,6,18,22,ML_GGW_108_0006
GGW,108.0,806.0,7.0,12.0,35.05263137817383,272.5,-0.9990482215818578,0.043619387365335764,-0.4999999999999997,-0.8660254037844388,4.322092533111572,-3.5188541412353516,222.2068328857422,1.236382649949519e-05,10.699740409851074,5.662328720092773,-1.671743392944336,239.1697235107422,0.00020182733715046197,38.00867462158203,1.234766960144043,-4.237298965454102,266.575439453125,0.0019225633004680276,40.32011413574219,2.7082056999206543,-1.97054922580719,281.8328857421875,0.00658502709120512,65.302490234375,3.472395658493042,1.9568872451782227,289.8278503417969,0.012847154401242733,91.75379180908203,5.570664143306203e-05,3.1707979360362515e-05,5.5412750244140625,3.4799575805664062,-1.888311743736267,5.570664143306203e-05,4.5113145461073145e-05,50.73994064331055,2.8314168453216553,0.8855683235249541,2.046251679494804,6,19,22,ML_GGW_108_0006
GGW,108.0,807.0,7.0,18.0,35.05263137817383,272.5,-0.9990482215818578,0.043619387365335764,-0.4999999999999997,-0.8660254037844388,3.9079747200012207,-6.635141849517822,221.96458435058594,1.2908123608212918e-05,11.499083518981934,2.990690231323242,-4.3117194175720215,239.0248260498047,0.00014588094200007617,28.375991821289062,2.4326348304748535,-2.657001256942749,266.8983459472656,0.001236545736901462,25.747238159179688,2.1695306301116943,-3.6821508407592773,282.6075744628906,0.005339302122592926,50.15864562988281,3.3679261207580566,-0.0875764936208725,290.49078369140625,0.01327782217413187,90.89800262451172,4.294199970900081e-05,2.3554404833703302e-05,6.569799423217773,2.9737515449523926,-3.4747180938720703,4.294199970900081e-05,3.7689049349864945e-05,49.479820251464844,4.9013352394104,0.7653952099224081,1.1824899606309986,6,20,22,ML_GGW_108_0006
GGW,108.0,808.0,7.0,0.0,38.842105865478516,280.0,-0.9848077530122081,0.17364817766692997,-0.4999999999999997,-0.8660254037844388,8.621286392211914,-6.100475788116455,222.8938751220703,1.0194261449214537e-05,8.279440879821777,11.283750534057617,1.107927680015564,238.21612548828125,0.00019855762366205454,43.996395111083984,5.1772637367248535,-3.6430823802948,265.6265869140625,0.0014645360643044114,33.91020584106445,3.2818942070007324,-2.9839532375335693,280.7771301269531,0.006660129874944687,70.9671401977539,6.158443450927734,-0.016796967014670372,289.0737609863281,0.012555333785712719,94.0818862915039,3.87109030270949e-05,1.5015807548479643e-05,6.563287258148193,6.904527187347412,-2.3272762298583984,3.9447200833819807e-05,3.93152040487621e-05,63.779476165771484,5.633397579193115,0.6688574351796241,0.7030219439676553,6,21,22,ML_GGW_108_0006
GGW,108.0,809.0,7.0,6.0,40.73684310913086,285.0,-0.9659258262890684,0.2588190451025203,-0.4999999999999997,-0.8660254037844388,12.637838363647461,0.3713330328464508,222.93295288085938,1.0274022315570619e-05,8.513202667236328,15.242071151733398,7.823289394378662,237.26622009277344,0.00022362606250680983,50.23457717895508,7.428936958312988,0.8710266351699829,264.5494689941406,0.002385214902460575,59.52742004394531,6.105441093444824,0.37302178144454956,279.9582824707031,0.0062994747422635555,71.14143371582031,6.235879421234131,0.8155727982521057,288.7913513183594,0.011030983179807663,84.22636413574219,4.195353903924115e-05,1.752018761180807e-05,6.417353630065918,9.530033111572266,2.0508487224578857,4.195353903924115e-05,3.730732714757323e-05,68.61746215820312,2.632760763168335,0.5896470256855253,0.36250639403247886,6,22,22,ML_GGW_108_0006
GGW,108.0,792.0,7.0,0.0,42.6315803527832,322.5,-0.608761429008721,0.7933533402912349,-0.4999999999999997,-0.8660254037844388,0.775488555431366,-8.221587181091309,219.12100219726562,2.0225752450642176e-05,26.956443786621094,1.9378501176834106,-5.3534722328186035,236.55245971679688,0.00010144154657609761,23.735986709594727,2.989346981048584,-1.3115066289901733,265.99346923828125,0.0008994168019853532,18.813894271850586,3.8050880432128906,1.5098445415496826,281.6131286621094,0.008784513920545578,88.6795425415039,6.228649139404297,3.7474846839904785,287.8111572265625,0.010868930257856846,88.3354721069336,2.4304006728925742e-05,7.3533460636099335e-06,13.15278148651123,3.147284507751465,-1.9258472919464111,2.4304006728925742e-05,1.7025355191435665e-05,64.9894790649414,5.731410503387451,0.7595304803115394,1.1501071090544643,7,1,9,ML_GGW_108_0007
GGW,108.0,793.0,7.0,6.0,42.6315803527832,322.5,-0.608761429008721,0.7933533402912349,-0.4999999999999997,-0.8660254037844388,-3.4415183067321777,-7.8565192222595215,218.2755126953125,2.406699422863312e-05,35.28364181518555,-1.1039561033248901,-7.013093948364258,237.10208129882812,0.000127864332171157,28.735273361206055,2.1545612812042236,-0.3045062720775604,266.1134948730469,0.0004949129652231932,10.693647384643555,3.3447036743164062,1.0197374820709229,281.3603210449219,0.007568295579403639,77.70787048339844,4.668567657470703,2.429391622543335,288.0569152832031,0.010716821067035198,85.74064636230469,1.9526447431417182e-05,1.3966900951345451e-06,13.098605155944824,1.124471664428711,-2.3449981212615967,1.9526447431417182e-05,1.1804555470007472e-05,61.631187438964844,1.897946834564209,0.7848428917148812,1.294115062329504,7,2,9,ML_GGW_108_0007
GGW,108.0,794.0,7.0,12.0,40.73684310913086,322.5,-0.608761429008721,0.7933533402912349,-0.4999999999999997,-0.8660254037844388,2.2169852256774902,-3.4191579818725586,218.8896484375,2.1156722141313367e-05,28.84783935546875,0.5429669618606567,-3.035722255706787,236.7839813232422,0.00010776163981063291,25.004112243652344,3.4015328884124756,0.07257896661758423,265.8986511230469,0.0013609377201646566,28.130748748779297,3.5103485584259033,0.9423437714576721,281.3790588378906,0.008897416293621063,91.20657348632812,5.10309362411499,3.2383642196655273,288.63201904296875,0.010026114992797375,77.2721939086914,1.8248872947879136e-05,7.105060831236187e-06,7.256185054779053,2.9549853801727295,-0.44031867384910583,1.8248872947879136e-05,9.197570761898533e-06,68.87141418457031,1.738753080368042,0.7145642900447765,0.9176561526974352,7,3,9,ML_GGW_108_0007
GGW,108.0,795.0,7.0,18.0,40.73684310913086,322.5,-0.608761429008721,0.7933533402912349,-0.4999999999999997,-0.8660254037844388,1.9359935522079468,-4.269389629364014,218.64297485351562,2.2417434593080543e-05,31.41021728515625,1.1058729887008667,-2.65981388092041,236.97476196289062,0.00011771422578021884,26.766345977783203,3.373988628387451,-1.0925350189208984,266.1526184082031,0.0006629059789702296,13.945849418640137,2.926863670349121,0.23289243876934052,281.4739685058594,0.008241787552833557,83.78406524658203,3.748178720474243,2.559682607650757,288.83843994140625,0.010027550160884857,76.24624633789062,1.730759504425805e-05,5.6017561291810125e-06,7.065425872802734,2.6181795597076416,-1.045832633972168,1.730759504425805e-05,1.066004824679112e-05,66.93302917480469,1.825778603553772,0.7207956840529468,0.9484118895264901,7,4,9,ML_GGW_108_0007
GGW,108.0,796.0,7.0,0.0,40.73684310913086,322.5,-0.608761429008721,0.7933533402912349,-0.4999999999999997,-0.8660254037844388,1.9492560625076294,-5.023552894592285,218.32623291015625,2.3567965399706736e-05,34.21622085571289,1.0452282428741455,-4.261782169342041,236.9356689453125,0.00014274698332883418,33.05043411254883,2.372697114944458,-0.7743899822235107,265.9950866699219,0.0004530796140898019,10.090304374694824,2.0663530826568604,0.6773328185081482,281.00347900390625,0.007283786311745644,76.43119812011719,2.640178918838501,2.477356195449829,288.8798828125,0.009817077778279781,74.45368957519531,1.4423535503738094e-05,6.091936029406497e-06,7.532662868499756,2.014742612838745,-1.381007432937622,1.4524186553899199e-05,1.0237059541395865e-05,65.89623260498047,1.6846545934677124,0.6893608436961248,0.7971328853874327,7,5,9,ML_GGW_108_0007
GGW,108.0,797.0,7.0,6.0,36.94736862182617,315.0,-0.7071067811865477,0.7071067811865474,-0.4999999999999997,-0.8660254037844388,2.5002670288085938,-9.11265754699707,217.4379425048828,2.7414236683398485e-05,45.43954086303711,4.140618801116943,-6.97746467590332,239.60055541992188,0.00018551484390627593,31.785158157348633,3.6610398292541504,-2.5597665309906006,266.4491271972656,0.002573195844888687,54.99095153808594,2.9153621196746826,-2.037769079208374,282.2830505371094,0.006949461530894041,67.0983657836914,3.245415449142456,-1.147766351699829,289.79803466796875,0.009717104025185108,69.42729949951172,1.547639476484619e-05,1.3131563036949956e-06,7.999671459197998,3.2925407886505127,-4.367084980010986,1.547639476484619e-05,2.5130855192401214e-06,67.7761001586914,0.672592043876648,0.6244388629258355,0.5084321540743679,7,6,9,ML_GGW_108_0007
GGW,108.0,798.0,7.0,12.0,38.842105865478516,322.5,-0.608761429008721,0.7933533402912349,-0.4999999999999997,-0.8660254037844388,2.24392032623291,-6.115151405334473,218.35411071777344,1.9643912310129963e-05,28.288827896118164,0.6141507029533386,-4.825288772583008,237.29190063476562,0.00015090587839949876,36.842201232910156,2.3914310932159424,-1.0696808099746704,265.8243103027344,0.000996913993731141,21.847400665283203,1.0059828758239746,0.6851882338523865,280.728759765625,0.008530654944479465,91.17259979248047,2.3692805767059326,2.3247289657592773,289.2446594238281,0.009929490275681019,73.59537506103516,1.1716159860952757e-05,4.449985226528952e-06,8.440811157226562,1.724953055381775,-1.8000408411026,1.5080994671734516e-05,5.344760211301036e-06,67.32621765136719,5.809548377990723,0.5753908981866408,0.30388064750961385,7,7,9,ML_GGW_108_0007
GGW,108.0,799.0,7.0,18.0,35.05263137817383,315.0,-0.7071067811865477,0.7071067811865474,-0.4999999999999997,-0.8660254037844388,-0.16982297599315643,-4.790807247161865,217.67514038085938,2.2977726985118352e-05,36.753055572509766,-2.0078182220458984,-5.598038673400879,239.54237365722656,0.0001730145886540413,29.576889038085938,1.0782567262649536,-2.2975640296936035,266.8583679199219,0.002924109110608697,59.61005401611328,1.1126633882522583,-2.143712043762207,282.98040771484375,0.009181948378682137,84.55320739746094,1.4016412496566772,-1.7295842170715332,289.97412109375,0.01020227000117302,72.11316680908203,1.569528649270069e-05,6.780410330975428e-07,3.4410152435302734,0.28298404812812805,-3.311941146850586,1.569528649270069e-05,2.6239185899612494e-06,70.37506866455078,1.515276551246643,0.6363404921743472,0.5595157733385356,7,8,9,ML_GGW_108_0007
GGW,108.0,800.0,7.0,0.0,35.05263137817383,315.0,-0.7071067811865477,0.7071067811865474,-0.4999999999999997,-0.8660254037844388,-1.6391433477401733,-4.367857456207275,218.18128967285156,1.889045597636141e-05,28.244503021240234,-4.593277454376221,-5.0634660720825195,239.59373474121094,0.00011840548540931195,21.174144744873047,-0.4276277422904968,-2.0435049533843994,266.8985290527344,0.002428117673844099,49.33797836303711,-0.33907178044319153,-1.6370338201522827,282.6578063964844,0.008364405483007431,78.6845474243164,-0.23165802657604218,-0.5571302175521851,289.9488220214844,0.010025211609899998,70.97439575195312,1.3817252693115734e-05,3.2223059065472626e-07,4.0623459815979,-1.4461556673049927,-2.7337985038757324,1.3817252693115734e-05,2.756379672064213e-06,70.11439514160156,0.44405728578567505,0.5859968290645415,0.347440745349338,7,9,9,ML_GGW_108_0007
GGW,108.0,799.0,7.0,18.0,14.210526466369629,330.0,-0.5000000000000004,0.8660254037844384,-0.4999999999999997,-0.8660254037844388,-10.590330123901367,2.8795108795166016,220.92840576171875,9.601659985492006e-05,99.90602111816406,-10.858054161071777,-2.805979013442993,243.8457489013672,0.0010435439180582762,114.70347595214844,-5.141497611999512,-1.3897038698196411,270.127197265625,0.00576610816642642,94.9115982055664,-0.17250308394432068,-0.1698131561279297,282.9247741699219,0.009496385231614113,87.69574737548828,0.5756974220275879,0.5103266835212708,290.3603515625,0.014543171040713787,100.34832000732422,9.177803440252319e-05,0.00010755588300526142,11.414604187011719,-5.237337589263916,-0.19513168931007385,9.177803440252319e-05,0.00010755588300526142,80.08116149902344,6.695622444152832,0.6641616938725556,0.6818958223293288,8,1,13,ML_GGW_108_0008
GGW,108.0,800.0,7.0,0.0,14.210526466369629,330.0,-0.5000000000000004,0.8660254037844384,-0.4999999999999997,-0.8660254037844388,-11.834335327148438,0.23108775913715363,220.30743408203125,8.958790567703545e-05,99.98756408691406,-5.673661708831787,-1.2200603485107422,244.58802795410156,0.001109665259718895,112.48209381103516,3.345876455307007,4.465176582336426,269.9516296386719,0.005675504915416241,94.79959869384766,4.292749404907227,2.5311174392700195,282.2615966796875,0.009652617387473583,93.24361419677734,5.476940631866455,3.3851473331451416,290.60650634765625,0.014573847874999046,99.0367202758789,9.878134005703032e-05,0.00010652282799128443,17.59626007080078,-0.878486156463623,1.8784936666488647,9.878134005703032e-05,0.00010652282799128443,80.67432403564453,2.6047420501708984,0.6423180198063738,0.5854392708684801,8,2,13,ML_GGW_108_0008
GGW,108.0,801.0,7.0,6.0,14.210526466369629,330.0,-0.5000000000000004,0.8660254037844384,-0.4999999999999997,-0.8660254037844388,-11.46298599243164,0.3726990818977356,219.71595764160156,8.365165558643639e-05,100.27076721191406,-0.9083742499351501,0.10347698628902435,244.90110778808594,0.0010985011467710137,107.89795684814453,11.166177749633789,9.0888032913208,269.6372985839844,0.005312841851264238,91.34444427490234,8.956701278686523,6.056684494018555,281.6046142578125,0.00975722260773182,98.56434631347656,9.550429344177246,5.952088832855225,290.7275390625,0.014429690316319466,97.2989730834961,9.663368109613657e-05,9.021291771205142e-05,21.74151039123535,3.4603896141052246,4.314750671386719,9.663368109613657e-05,9.487102215643972e-05,82.79048919677734,5.430275917053223,0.6087887036650328,0.44222343743597614,8,3,13,ML_GGW_108_0008
GGW,108.0,802.0,7.0,12.0,16.105262756347656,330.0,-0.5000000000000004,0.8660254037844384,-0.4999999999999997,-0.8660254037844388,-9.336145401000977,5.930383205413818,219.41502380371094,7.915103924460709e-05,99.15831756591797,-7.488050937652588,4.72020959854126,244.49679565429688,0.0009896253468468785,100.38983154296875,1.2902421951293945,3.9831504821777344,270.5241394042969,0.006337424274533987,100.69599914550781,2.6997017860412598,5.264129161834717,282.6963195800781,0.009427578188478947,88.45123291015625,1.1745473146438599,3.8006961345672607,291.2630920410156,0.013834716752171516,90.13396453857422,9.292377217207104e-05,9.408696496393532e-05,10.724282264709473,-2.3319408893585205,4.739713668823242,9.292377217207104e-05,9.408696496393532e-05,79.87401580810547,3.4289135932922363,0.7151005417578405,0.9202868107212465,8,4,13,ML_GGW_108_0008
GGW,108.0,803.0,7.0,18.0,16.105262756347656,330.0,-0.5000000000000004,0.8660254037844384,-0.4999999999999997,-0.8660254037844388,-6.034263610839844,7.817115783691406,219.30235290527344,7.874757284298539e-05,99.83772277832031,-6.357377052307129,6.2834320068359375,245.03924560546875,0.001030097482725978,96.6264419555664,4.541821002960205,7.081305980682373,270.2843933105469,0.006239764858037233,101.12975311279297,6.495852947235107,8.074200630187988,283.0743103027344,0.009182617999613285,83.92412567138672,5.967149257659912,7.760990142822266,291.3279113769531,0.013951498083770275,90.51939392089844,8.646860806038603e-05,8.643470209790394e-05,12.001544952392578,0.9226365089416504,7.403409004211426,8.646860806038603e-05,8.919215179048479e-05,79.6059341430664,5.456840515136719,0.6853427518333056,0.7784351354041541,8,5,13,ML_GGW_108_0008
GGW,108.0,804.0,7.0,0.0,18.0,330.0,-0.5000000000000004,0.8660254037844384,-0.4999999999999997,-0.8660254037844388,-5.834932327270508,6.231671333312988,219.6130828857422,3.3254469599341974e-05,39.13566970825195,-7.960224628448486,7.875854969024658,243.9722137451172,0.0005185841000638902,52.787208557128906,-5.721523284912109,7.482158660888672,270.4245300292969,0.005956892389804125,94.30258178710938,-1.2279231548309326,7.95736026763916,283.6938171386719,0.00892111286520958,78.23917388916016,-1.0725146532058716,7.948032379150391,291.3998718261719,0.013537595048546791,87.43440246582031,7.828863454051316e-05,7.230768096633255e-05,5.0622639656066895,-4.3634233474731445,7.499015808105469,7.828863454051316e-05,8.883458212949336e-05,75.95819091796875,2.121781349182129,0.9384998310565393,2.7252427541553628,8,6,13,ML_GGW_108_0008
GGW,108.0,805.0,7.0,6.0,18.0,327.5,-0.5372996083468242,0.8433914458128855,-0.4999999999999997,-0.8660254037844388,-4.847375392913818,0.06110619753599167,219.78033447265625,5.1524937589420006e-05,60.44853591918945,-10.450769424438477,6.8749189376831055,243.7633056640625,0.0006779254181310534,73.15208435058594,-5.77455997467041,5.560373783111572,270.3402099609375,0.005976308602839708,95.36493682861328,-3.5273468494415283,2.250397205352783,283.3472595214844,0.008864539675414562,79.55244445800781,-2.981701374053955,1.5721536874771118,290.5681457519531,0.014100798405706882,96.01395416259766,7.977315544849262e-05,6.69080181978643e-05,2.400834083557129,-5.516350746154785,3.263789653778076,7.977315544849262e-05,7.142714457586408e-05,77.08814239501953,2.400834083557129,0.9350711914884654,2.667331251021179,8,7,13,ML_GGW_108_0008
GGW,108.0,806.0,7.0,12.0,18.0,327.5,-0.5372996083468242,0.8433914458128855,-0.4999999999999997,-0.8660254037844388,-9.504258155822754,1.1455961465835571,219.72071838378906,2.5879748136503622e-05,30.6717586517334,-10.030040740966797,8.765814781188965,242.68321228027344,0.0003572616842575371,41.51031494140625,-1.7180346250534058,8.687637329101562,271.59356689453125,0.005366674158722162,76.81220245361328,-0.9773487448692322,6.627386569976807,283.99102783203125,0.008878806605935097,76.33377075195312,0.6035339832305908,6.12891960144043,291.0400085449219,0.013628716580569744,90.05284118652344,7.662864663871005e-05,5.3594354540109634e-05,11.269471168518066,-4.325229167938232,6.271070957183838,7.662864663871005e-05,6.131838745204732e-05,78.58155059814453,3.4274144172668457,0.9212437461197597,2.4593669661032127,8,8,13,ML_GGW_108_0008
GGW,108.0,807.0,7.0,18.0,18.0,325.0,-0.5735764363510465,0.8191520442889916,-0.4999999999999997,-0.8660254037844388,-9.826178550720215,1.904548168182373,219.64126586914062,3.088797893724404e-05,36.64615249633789,-8.654033660888672,8.211666107177734,242.68679809570312,0.0003965768264606595,47.755367279052734,-3.8917672634124756,4.319434642791748,271.0513000488281,0.005982641596347094,89.8160171508789,-1.0285229682922363,0.5132529735565186,284.08056640625,0.008980042301118374,76.74907684326172,0.8315904140472412,-0.688566267490387,290.79595947265625,0.013870221562683582,93.08834075927734,7.090971485013142e-05,5.0178354285890236e-05,10.968695640563965,-4.513782501220703,2.852067470550537,7.090971485013142e-05,5.325281017576344e-05,78.34441375732422,1.5609413385391235,0.9084229640967092,2.294529549126927,8,9,13,ML_GGW_108_0008
GGW,108.0,808.0,7.0,0.0,18.0,325.0,-0.5735764363510465,0.8191520442889916,-0.4999999999999997,-0.8660254037844388,-11.39572525024414,7.51613712310791,219.53646850585938,2.1538939108722843e-05,27.189556121826172,-10.867774963378906,5.75000524520874,242.2091827392578,0.00011103747965535149,15.109137535095215,-2.7998435497283936,6.954757213592529,271.9203796386719,0.0046765790320932865,63.18418884277344,-0.045854806900024414,2.0908966064453125,284.1235046386719,0.009513800963759422,81.17491912841797,2.1947479248046875,1.543388843536377,290.87841796875,0.013566078618168831,90.54685974121094,6.650554132647812e-05,3.2781503250589594e-05,14.845022201538086,-4.582890033721924,4.7710371017456055,6.650554132647812e-05,4.521196024143137e-05,82.42633819580078,3.1498472690582275,0.8049387559087969,1.4174526133920033,8,10,13,ML_GGW_108_0008
GGW,108.0,809.0,7.0,6.0,18.0,322.5,-0.608761429008721,0.7933533402912349,-0.4999999999999997,-0.8660254037844388,-11.312429428100586,7.560846328735352,219.1573028564453,2.538772241678089e-05,33.30295944213867,-9.8326416015625,4.268487930297852,242.0736541748047,0.0001646043237997219,22.58086585998535,-3.982119560241699,5.164783954620361,270.6214904785156,0.004910869523882866,74.5608139038086,-0.9898520708084106,-1.1749153137207031,284.0696105957031,0.00959339365363121,82.135498046875,1.8680800199508667,-2.117528200149536,290.6670227050781,0.013837652280926704,93.62470245361328,5.913119821343571e-05,2.6783380235428922e-05,16.352270126342773,-4.84979248046875,2.740334987640381,5.913119821343571e-05,3.238447607145645e-05,77.78333282470703,3.6075892448425293,0.8159299211023152,1.4890119216008193,8,11,13,ML_GGW_108_0008
GGW,108.0,810.0,7.0,12.0,19.894737243652344,322.5,-0.608761429008721,0.7933533402912349,-0.4999999999999997,-0.8660254037844388,-8.420767784118652,7.999913692474365,219.47186279296875,2.4162021873053163e-05,31.295124053955078,-10.59348201751709,3.5623362064361572,241.7332000732422,0.00011835501209134236,17.11525535583496,-6.3171305656433105,7.450765609741211,272.918212890625,0.002986621344462037,36.69817352294922,-5.550123691558838,3.3211448192596436,284.869140625,0.009782901965081692,79.51488494873047,-4.960149765014648,1.905653953552246,290.6490478515625,0.013588913716375828,92.09127807617188,5.5502416216768324e-05,9.587911335984245e-06,7.008272171020508,-7.168330192565918,4.847962856292725,5.5502416216768324e-05,2.5961011488107033e-05,83.14776611328125,4.325088024139404,0.6955940456209325,0.8264040355503157,8,12,13,ML_GGW_108_0008
GGW,108.0,811.0,7.0,18.0,19.894737243652344,320.0,-0.6427876096865396,0.7660444431189778,-0.4999999999999997,-0.8660254037844388,-8.627317428588867,6.141973972320557,219.40574645996094,2.800347465381492e-05,36.76724624633789,-10.29494571685791,3.558314561843872,241.7702178955078,0.00011665210331557319,16.89728355407715,-5.972805023193359,6.260451316833496,272.18194580078125,0.0032452698796987534,42.759639739990234,-3.8955185413360596,-0.017442818731069565,284.4664001464844,0.010637043975293636,88.88835906982422,-3.6801514625549316,-1.5026135444641113,290.8236083984375,0.01359150093048811,91.08119201660156,5.14318780915346e-05,7.577482392662205e-06,9.105721473693848,-6.494148254394531,2.888136625289917,5.14318780915346e-05,2.4041937649599276e-05,82.33507537841797,6.002884387969971,0.7103874575434993,0.8972665668760689,8,13,13,ML_GGW_108_0008
GGW,108.0,829.0,7.0,6.0,16.105262756347656,350.0,-0.1736481776669304,0.984807753012208,-0.4999999999999997,-0.8660254037844388,-4.879082202911377,-0.29886382818222046,219.81826782226562,8.283240458695218e-05,99.368408203125,-7.609856605529785,9.04064655303955,243.37820434570312,0.0007634212379343808,91.45348358154297,-7.914638519287109,14.133319854736328,270.3447570800781,0.004621943924576044,74.16815185546875,-2.5714974403381348,10.1639986038208,283.2425231933594,0.010662298649549484,96.18722534179688,3.830047130584717,4.385128021240234,292.148681640625,0.015398857183754444,94.9002456665039,9.216736361850053e-05,3.954095154767856e-05,9.88881778717041,-3.829005479812622,7.4848456382751465,9.216736361850053e-05,6.666727858828381e-05,84.72698211669922,4.793616771697998,0.5675466812456939,0.27184861664360405,9,1,8,ML_GGW_108_0009
GGW,108.0,830.0,7.0,12.0,18.0,345.0,-0.2588190451025207,0.9659258262890683,-0.4999999999999997,-0.8660254037844388,-13.459697723388672,6.217448711395264,221.3336639404297,0.00010219032265013084,99.81019592285156,-15.05932903289795,6.2240142822265625,246.12904357910156,0.0011673873523250222,102.98613739013672,-14.021695137023926,6.191129684448242,269.7630920410156,0.005416968837380409,91.70362091064453,-10.321951866149902,2.5087924003601074,282.85650634765625,0.010492908768355846,97.25566101074219,-3.9413936138153076,0.20872335135936737,292.83709716796875,0.014598019421100616,86.33096313476562,8.28000484034419e-05,7.632280176039785e-05,11.256237983703613,-11.360814094543457,4.270021915435791,8.28000484034419e-05,7.632280176039785e-05,76.25907135009766,4.585703372955322,0.560661908247787,0.2438488074212002,9,2,8,ML_GGW_108_0009
GGW,108.0,832.0,7.0,0.0,18.0,340.0,-0.3420201433256686,0.9396926207859084,-0.4999999999999997,-0.8660254037844388,-15.579195022583008,1.635113000869751,221.05026245117188,9.85057995421812e-05,100.15116882324219,-11.650345802307129,2.7570292949676514,246.20248413085938,0.0013160944217815995,113.17225646972656,-7.312895774841309,0.7587578296661377,268.15179443359375,0.005154710728675127,98.99876403808594,-5.266435623168945,-1.3301936388015747,283.0147705078125,0.010335059836506844,94.84115600585938,0.8701686859130859,-0.7214157581329346,291.5611572265625,0.013410214334726334,86.01689147949219,8.702651393832639e-05,9.812142525333911e-05,16.6173038482666,-7.787741184234619,0.6198581457138062,8.702651393832639e-05,9.812142525333911e-05,75.72181701660156,2.377441644668579,0.5894615507054424,0.36173990523180777,9,3,8,ML_GGW_108_0009
GGW,108.0,833.0,7.0,6.0,19.894737243652344,340.0,-0.3420201433256686,0.9396926207859084,-0.4999999999999997,-0.8660254037844388,-12.809489250183105,1.0381838083267212,220.85397338867188,9.415821841685101e-05,99.69525909423828,-13.3637113571167,9.28897476196289,244.78086853027344,0.0011007878929376602,107.84905242919922,-16.501235961914062,10.136756896972656,269.9098205566406,0.005460154730826616,91.43392944335938,-13.528634071350098,7.339030742645264,283.9632263183594,0.009395129047334194,80.9056396484375,-10.576663970947266,6.211193084716797,291.98577880859375,0.014635180123150349,91.10104370117188,8.53115925565362e-05,8.225008787121624e-05,5.634317398071289,-13.355947494506836,6.802828311920166,8.53115925565362e-05,8.798689668765292e-05,69.62505340576172,5.634317398071289,0.600431426191041,0.4072630409197857,9,4,8,ML_GGW_108_0009
GGW,108.0,834.0,7.0,12.0,19.894737243652344,337.5,-0.38268343236508956,0.9238795325112868,-0.4999999999999997,-0.8660254037844388,-13.159594535827637,1.3637301921844482,220.43450927734375,9.122049232246354e-05,100.1179428100586,-11.762889862060547,7.812723636627197,245.7307586669922,0.001230008085258305,109.4614028930664,-12.759295463562012,9.612086296081543,270.35003662109375,0.005465634632855654,89.01765441894531,-9.358455657958984,6.503870964050293,284.1371765136719,0.009407903999090195,80.07037353515625,-7.318864822387695,5.572358131408691,292.0013122558594,0.014497035183012486,90.16527557373047,8.390843140659854e-05,8.66924092406407e-05,7.1990742683410645,-10.871820449829102,6.1729536056518555,8.390843140659854e-05,9.057674469659105e-05,69.89228057861328,6.0784711837768555,0.6065811787051748,0.43296381979998055,9,5,8,ML_GGW_108_0009
GGW,108.0,835.0,7.0,18.0,19.894737243652344,335.0,-0.4226182617406992,0.90630778703665,-0.4999999999999997,-0.8660254037844388,-12.476226806640625,1.1754543781280518,220.77923583984375,9.50774410739541e-05,99.8832778930664,-11.307788848876953,7.471491813659668,246.22183227539062,0.001312401844188571,110.73243713378906,-9.674229621887207,8.053451538085938,270.4095153808594,0.005134879145771265,83.672119140625,-6.307728290557861,4.025484085083008,284.0218811035156,0.009893219918012619,84.83137512207031,-3.801320791244507,3.7466695308685303,291.87457275390625,0.014922484755516052,93.56192016601562,8.24144808575511e-05,9.045979095390067e-05,9.047935485839844,-8.713458061218262,4.894510269165039,8.24144808575511e-05,9.045979095390067e-05,71.04714965820312,4.226652145385742,0.6167439521501985,0.4757506513050951,9,6,8,ML_GGW_108_0009
GGW,108.0,836.0,7.0,0.0,19.894737243652344,332.5,-0.46174861323503363,0.8870108331782218,-0.4999999999999997,-0.8660254037844388,-12.476088523864746,-0.4360313415527344,220.43350219726562,9.075181878870353e-05,99.90166473388672,-10.372384071350098,7.8328022956848145,245.42926025390625,0.0011837746715173125,108.75772857666016,-8.493144989013672,6.687698841094971,270.30450439453125,0.005039744544774294,82.42848205566406,-5.715638160705566,2.6702966690063477,283.6645202636719,0.010096126236021519,88.6927490234375,-2.8013062477111816,1.9337433576583862,291.65777587890625,0.014935653656721115,94.97528076171875,7.985248521436006e-05,8.427955617662519e-05,9.960784912109375,-7.971712589263916,3.737701892852783,7.985248521436006e-05,8.427955617662519e-05,72.11236572265625,3.8176023960113525,0.6590605088933974,0.6591103334459516,9,7,8,ML_GGW_108_0009
GGW,108.0,837.0,7.0,6.0,19.894737243652344,330.0,-0.5000000000000004,0.8660254037844384,-0.4999999999999997,-0.8660254037844388,-13.737812995910645,-2.423724412918091,219.86990356445312,8.473197522107512e-05,100.13874053955078,-9.3916597366333,6.891067981719971,244.1784210205078,0.00103689543902874,108.3448257446289,-7.82774543762207,5.954266548156738,270.3656921386719,0.005146529525518417,84.08179473876953,-4.938080787658691,2.374101161956787,283.4828796386719,0.009822400286793709,87.36611938476562,-2.331705331802368,1.2462742328643799,291.8414001464844,0.014439099468290806,90.76488494873047,7.133639883249998e-05,7.320273289224133e-05,11.98199462890625,-7.6454010009765625,2.808397054672241,7.133639883249998e-05,7.320273289224133e-05,70.9210205078125,1.7636889219284058,0.6475211179912146,0.6081606964373323,9,8,8,ML_GGW_108_0009
GGW,108.0,839.0,7.0,18.0,21.789474487304688,327.5,-0.5372996083468242,0.8433914458128855,-0.4999999999999997,-0.8660254037844388,-14.454262733459473,-2.143496036529541,219.2949676513672,6.874276004964486e-05,88.61238098144531,-9.358109474182129,5.663933753967285,242.75750732421875,0.0005800165235996246,70.28536224365234,-9.322237968444824,10.285618782043457,270.8930358886719,0.004054159391671419,61.54816436767578,-7.3200201988220215,7.685193061828613,284.77783203125,0.008930805139243603,72.8675308227539,-5.841544151306152,6.276860237121582,291.79364013671875,0.014116968959569931,88.95745849609375,5.2997234888607636e-05,4.1920960939023644e-05,12.044971466064453,-9.259234428405762,5.553621768951416,5.2997234888607636e-05,6.0850354202557355e-05,65.50708770751953,5.1116862297058105,0.8141060535694047,1.4769143138384102,10,1,10,ML_GGW_108_0010
GGW,108.0,840.0,7.0,0.0,21.789474487304688,325.0,-0.5735764363510465,0.8191520442889916,-0.4999999999999997,-0.8660254037844388,-15.191792488098145,-1.3862981796264648,219.15179443359375,5.7607194321462885e-05,75.90957641601562,-9.692656517028809,4.756668567657471,242.3605194091797,0.0004781790776178241,60.814796447753906,-8.920949935913086,8.499930381774902,270.3000793457031,0.004216930363327265,65.88591003417969,-7.621945858001709,6.455341815948486,284.4097900390625,0.008870274759829044,74.20944213867188,-5.670327186584473,4.877753257751465,290.98785400390625,0.014442223124206066,95.74750518798828,5.0184662541141734e-05,3.780944462050684e-05,11.397220611572266,-9.419533729553223,4.640679359436035,5.0184662541141734e-05,5.162828165339306e-05,66.29667663574219,5.649028301239014,0.8781263140875485,1.9748053019877236,10,2,10,ML_GGW_108_0010
GGW,108.0,841.0,7.0,6.0,21.789474487304688,322.5,-0.608761429008721,0.7933533402912349,-0.4999999999999997,-0.8660254037844388,-15.323814392089844,-1.0280072689056396,218.9215545654297,5.3199757530819625e-05,73.35121154785156,-10.290345191955566,3.9724979400634766,241.83004760742188,0.00037105000228621066,50.00946807861328,-8.875348091125488,7.394434452056885,269.7279052734375,0.00432741129770875,70.08917999267578,-7.271872043609619,6.141878604888916,284.3482360839844,0.008904495276510715,74.85506439208984,-5.8932952880859375,3.8618266582489014,290.75445556640625,0.01424866821616888,95.89492797851562,4.585159695125185e-05,3.4534950827946886e-05,10.6228609085083,-9.530935287475586,4.068526268005371,4.585159695125185e-05,4.427215753821656e-05,65.31737518310547,4.036942958831787,0.8876902133382163,2.0673618178480884,10,3,10,ML_GGW_108_0010
GGW,108.0,842.0,7.0,12.0,21.789474487304688,320.0,-0.6427876096865396,0.7660444431189778,-0.4999999999999997,-0.8660254037844388,-15.929460525512695,-0.531876802444458,218.93614196777344,5.1466446166159585e-05,71.71509552001953,-10.97636890411377,4.651155471801758,241.56687927246094,0.0002881163964048028,40.138160705566406,-8.564085960388184,7.390621662139893,269.7031555175781,0.004358466248959303,70.36748504638672,-6.236496448516846,5.511902809143066,284.49920654296875,0.009104241617023945,75.78466796875,-5.588195323944092,3.078984498977661,290.83612060546875,0.013987498357892036,93.6275634765625,4.033166987937875e-05,3.102346454397775e-05,10.95354175567627,-9.458921432495117,4.020157814025879,4.033166987937875e-05,3.8811282138340175e-05,62.388126373291016,1.8451730012893677,0.8694342829401843,1.895966071638881,10,4,10,ML_GGW_108_0010
GGW,108.0,843.0,7.0,18.0,21.789474487304688,317.5,-0.6755902076156605,0.7372773368101239,-0.4999999999999997,-0.8660254037844388,-15.654489517211914,0.09141243994235992,218.99090576171875,4.5791784941684455e-05,63.3972282409668,-10.344208717346191,4.959224224090576,241.27391052246094,0.00022794007963966578,33.322818756103516,-7.918640613555908,4.900692462921143,269.5294494628906,0.004360080696642399,71.75167846679688,-5.665884017944336,2.6459944248199463,284.3058166503906,0.009572487324476242,80.73992919921875,-4.91817569732666,1.5165669918060303,290.80499267578125,0.013815575279295444,92.63416290283203,3.447871495154686e-05,2.9985809305799194e-05,10.830489158630371,-8.90027904510498,2.8227782249450684,3.447871495154686e-05,3.53826726495754e-05,59.65797805786133,0.7422549724578857,0.857689212249673,1.7962284982506378,10,5,10,ML_GGW_108_0010
GGW,108.0,844.0,7.0,0.0,21.789474487304688,315.0,-0.7071067811865477,0.7071067811865474,-0.4999999999999997,-0.8660254037844388,-13.7737398147583,1.0933688879013062,219.33282470703125,5.908653838559985e-05,79.02444458007812,-9.222728729248047,4.50786828994751,240.94825744628906,0.00021658586047124118,32.208045959472656,-8.575605392456055,2.2314229011535645,269.05072021484375,0.004220129922032356,72.81498718261719,-6.645608901977539,0.5044284462928772,283.9757385253906,0.0091672632843256,78.97113037109375,-4.877139091491699,-0.14295056462287903,290.3512268066406,0.013498250395059586,93.19290161132812,2.964890700241085e-05,2.8562153602251783e-05,8.98209285736084,-8.618964195251465,1.6388275623321533,2.964890700241085e-05,3.1274728826247156e-05,57.84062576293945,3.044424533843994,0.78639320874722,1.303320032084602,10,6,10,ML_GGW_108_0010
GGW,108.0,845.0,7.0,6.0,23.6842098236084,315.0,-0.7071067811865477,0.7071067811865474,-0.4999999999999997,-0.8660254037844388,-7.660213470458984,2.2505598068237305,218.8766326904297,4.791752144228667e-05,66.43766021728516,-5.30538272857666,4.723465919494629,240.59542846679688,0.0002844998089130968,44.290584564208984,-6.794557571411133,5.5714569091796875,268.7342529296875,0.003980016801506281,69.5523681640625,-6.447195053100586,4.297496795654297,284.1118469238281,0.008209985680878162,70.08844757080078,-6.3530402183532715,2.223097324371338,290.52734375,0.01355013344436884,92.51754760742188,2.7129190129926428e-05,1.8443253793520853e-05,1.3074617385864258,-6.512078285217285,3.8132152557373047,2.7129190129926428e-05,2.7012225473299623e-05,60.551483154296875,1.3074617385864258,0.8086271866729606,1.4411145507506706,10,7,10,ML_GGW_108_0010
GGW,108.0,846.0,7.0,12.0,21.789474487304688,312.5,-0.7372773368101242,0.6755902076156601,-0.4999999999999997,-0.8660254037844388,-8.011434555053711,2.8018083572387695,218.8140106201172,2.7013473300030455e-05,38.03737258911133,-6.01105260848999,4.140997886657715,240.0140380859375,0.0001647614553803578,25.769556045532227,-6.313304901123047,5.015466690063477,268.77557373046875,0.003865456208586693,67.8564682006836,-4.776645183563232,3.8845884799957275,283.5360412597656,0.008305463008582592,73.68867492675781,-4.487562656402588,2.424966335296631,290.53826904296875,0.012823998928070068,87.54342651367188,2.328820846742019e-05,2.0330546249169856e-05,3.543964385986328,-5.920000076293945,3.6535656452178955,2.328820846742019e-05,2.451679938531015e-05,55.03824234008789,0.49051159620285034,0.813436599968289,1.4724968608677513,10,8,10,ML_GGW_108_0010
GGW,108.0,847.0,7.0,18.0,23.6842098236084,312.5,-0.7372773368101242,0.6755902076156601,-0.4999999999999997,-0.8660254037844388,-5.26497220993042,1.9598374366760254,218.75424194335938,3.53916511812713e-05,50.672264099121094,-3.899847984313965,4.45225715637207,239.8214111328125,0.00021023207227699459,32.6947135925293,-4.539026737213135,5.628373146057129,268.578125,0.0039306748658418655,70.546142578125,-4.221790790557861,5.464959144592285,283.9541320800781,0.007666802033782005,66.16920471191406,-4.076903343200684,4.006542682647705,290.96270751953125,0.012952316552400589,86.0238037109375,1.9451223124633543e-05,1.3254009900265373e-05,2.366539716720581,-4.400507926940918,4.302393913269043,1.9451223124633543e-05,2.074779877148103e-05,55.88236999511719,1.0113513469696045,0.746002011976822,1.0774019514014195,10,9,10,ML_GGW_108_0010
GGW,108.0,848.0,8.0,0.0,23.6842098236084,310.0,-0.7660444431189781,0.6427876096865393,-0.8660254037844385,-0.5000000000000004,-4.52766752243042,1.7169116735458374,219.3048553466797,6.791114719817415e-05,88.62329864501953,-2.7798564434051514,4.101232528686523,240.07192993164062,0.000290730909910053,48.935298919677734,-5.7546257972717285,3.5453381538391113,268.27880859375,0.0036772647872567177,67.5306396484375,-5.318986892700195,2.896310329437256,283.4217224121094,0.007681329268962145,68.7127685546875,-4.64330530166626,1.1379016637802124,290.49285888671875,0.012897459790110588,88.23174285888672,1.959743894985877e-05,1.222327773575671e-05,0.5904445052146912,-4.604887962341309,2.6795387268066406,1.959743894985877e-05,1.848574902396649e-05,53.144535064697266,0.5904445052146912,0.6188262231623842,0.4845691169182924,10,10,10,ML_GGW_108_0010
GGW,108.0,849.0,8.0,6.0,16.105262756347656,337.5,-0.38268343236508956,0.9238795325112868,-0.8660254037844385,-0.5000000000000004,-12.9353609085083,0.880668044090271,219.39706420898438,6.836569082224742e-05,87.1712417602539,-3.734513998031616,3.8436315059661865,241.9519805908203,0.0006708367727696896,89.9408187866211,-5.322022914886475,-1.2475824356079102,267.0534362792969,0.004636624362319708,97.04254913330078,-4.563950061798096,-2.3758904933929443,280.5419006347656,0.008635950274765491,94.5051498413086,-1.7047005891799927,1.2298256158828735,295.78924560546875,0.007228845730423927,35.8681526184082,5.4706430091755465e-05,6.28382622380741e-05,11.23608684539795,-5.652109622955322,0.46613043546676636,5.4706430091755465e-05,7.099609501892701e-05,63.349609375,3.4475650787353516,0.6024475146619553,0.41567358501168705,11,1,10,ML_GGW_108_0011
GGW,108.0,850.0,8.0,12.0,16.105262756347656,335.0,-0.4226182617406992,0.90630778703665,-0.8660254037844385,-0.5000000000000004,-12.567667007446289,1.1021658182144165,219.35887145996094,4.4885746319778264e-05,57.38928985595703,-3.997480869293213,3.582028388977051,241.97561645507812,0.0005875790375284851,76.75190734863281,-4.832964897155762,-3.0152344703674316,266.72918701171875,0.004340337589383125,93.38358306884766,-4.16563606262207,-5.433302879333496,282.32342529296875,0.007741947192698717,75.03814697265625,-3.5259249210357666,-2.171837568283081,296.5099182128906,0.006360295228660107,30.036741256713867,5.0545946578495204e-05,4.33056011388544e-05,9.616247177124023,-5.817934989929199,-1.1872361898422241,5.0545946578495204e-05,6.167322135297582e-05,58.32558059692383,2.729294776916504,0.6557950490317794,0.644611047212031,11,2,10,ML_GGW_108_0011
GGW,108.0,851.0,8.0,18.0,16.105262756347656,335.0,-0.4226182617406992,0.90630778703665,-0.8660254037844385,-0.5000000000000004,-14.632619857788086,3.5111336708068848,218.34054565429688,2.0076067812624387e-05,29.38776206970215,-1.2386459112167358,6.604230880737305,241.7528533935547,0.00027429431793279946,35.562599182128906,-0.6339825987815857,0.7976582050323486,267.4813537597656,0.0041436608880758286,83.09040832519531,-1.6297610998153687,-2.2797021865844727,282.05364990234375,0.008116386830806732,80.02318572998047,-1.1712971925735474,1.321227788925171,294.814208984375,0.007932063192129135,41.777008056640625,5.076381785329431e-05,4.054696546518244e-05,13.638287544250488,-3.8612608909606934,1.9909095764160156,5.076381785329431e-05,4.9838698032544926e-05,60.83626937866211,4.823775768280029,0.6631011817581068,0.6771449478801448,11,3,10,ML_GGW_108_0011
GGW,108.0,852.0,8.0,0.0,16.105262756347656,335.0,-0.4226182617406992,0.90630778703665,-0.8660254037844385,-0.5000000000000004,-13.088252067565918,8.235527992248535,216.82545471191406,2.9667520720977336e-05,54.79048538208008,-1.5978749990463257,6.545279026031494,240.9400177001953,0.0001480884093325585,20.771596908569336,0.3666131794452667,3.6051723957061768,267.99468994140625,0.003574748057872057,67.59943389892578,-0.2301231175661087,1.9710445404052734,281.7398681640625,0.00802784413099289,80.90740966796875,1.0560789108276367,4.189515590667725,291.8227233886719,0.011094105429947376,72.17717742919922,4.5816039346391335e-05,3.242207458242774e-05,14.711638450622559,-2.698711633682251,4.909308433532715,4.5816039346391335e-05,4.07188999815844e-05,63.243343353271484,5.992595672607422,0.7217393888342771,0.953105991643818,11,4,10,ML_GGW_108_0011
GGW,108.0,853.0,8.0,6.0,18.0,335.0,-0.4226182617406992,0.90630778703665,-0.8660254037844385,-0.5000000000000004,-8.997602462768555,8.199126243591309,216.75271606445312,3.6780573282158e-05,67.5564956665039,-3.881666421890259,6.463860511779785,241.1014404296875,0.00012715326738543808,18.369728088378906,-3.6647541522979736,6.7525553703308105,268.33160400390625,0.003367898054420948,61.63175964355469,-2.869292974472046,5.436532497406006,281.32586669921875,0.007923646830022335,81.88499450683594,-2.8465182781219482,5.119859218597412,290.9705810546875,0.011793757788836956,79.34578704833984,3.951387043343857e-05,3.046298115805257e-05,6.878787517547607,-4.451966762542725,6.394387245178223,3.951387043343857e-05,3.428970740060322e-05,64.91403198242188,0.9585468173027039,0.7653083385270639,1.182006235742576,11,5,10,ML_GGW_108_0011
GGW,108.0,854.0,8.0,12.0,18.0,332.5,-0.46174861323503363,0.8870108331782218,-0.8660254037844385,-0.5000000000000004,-6.832780361175537,6.436648845672607,216.889404296875,2.112941729137674e-05,38.03445053100586,-4.367000579833984,7.382504463195801,241.2034454345703,0.00010764340549940243,14.902588844299316,-3.3923728466033936,6.009432792663574,268.4180603027344,0.0031215890776365995,57.10680389404297,-2.166194200515747,3.037630796432495,282.21673583984375,0.007389683276414871,71.78656005859375,-3.3386945724487305,1.818002700805664,290.72137451171875,0.012220028787851334,83.6236801147461,3.448217466939241e-05,2.408706677670125e-05,5.791418552398682,-4.019408226013184,4.9368438720703125,3.448217466939241e-05,2.9823715522070415e-05,59.24856948852539,3.0898211002349854,0.7270464045635183,0.9796885050570654,11,6,10,ML_GGW_108_0011
GGW,108.0,855.0,8.0,18.0,19.894737243652344,332.5,-0.46174861323503363,0.8870108331782218,-0.8660254037844385,-0.5000000000000004,-6.9535393714904785,3.9252376556396484,217.03749084472656,2.344751737837214e-05,41.119346618652344,-4.389416694641113,7.566622257232666,240.94024658203125,0.0001076948901754804,15.658781051635742,-4.164292812347412,7.44680643081665,268.6912536621094,0.003216295735910535,56.526329040527344,-4.982244968414307,5.527046203613281,282.26123046875,0.007470289710909128,72.3349380493164,-6.550106048583984,4.016989231109619,291.42138671875,0.01150928158313036,74.69197845458984,2.998016498167999e-05,1.874883491836954e-05,0.41373518109321594,-5.407919883728027,5.696539878845215,2.998016498167999e-05,2.636791941768024e-05,60.1229248046875,0.41373518109321594,0.6657593280888187,0.6890669279229276,11,7,10,ML_GGW_108_0011
GGW,108.0,856.0,8.0,0.0,19.894737243652344,330.0,-0.5000000000000004,0.8660254037844384,-0.8660254037844385,-0.5000000000000004,-7.271857738494873,5.024684906005859,217.06529235839844,1.5142648408073e-05,26.72598648071289,-3.2982864379882812,7.574028015136719,240.58384704589844,0.000113093905383721,16.4931697845459,-4.178030490875244,5.029619216918945,268.3721923828125,0.002996497554704547,53.79716873168945,-5.791351795196533,3.0140974521636963,282.28948974609375,0.007147795986384153,69.0306167602539,-6.688662052154541,2.5080406665802,291.193603515625,0.011211550794541836,73.6754150390625,2.657129334693309e-05,1.820372744987253e-05,2.58333420753479,-5.4456377029418945,4.630094051361084,2.657129334693309e-05,2.3219727154355496e-05,57.31105422973633,2.58333420753479,0.6027383142788877,0.41688790800447495,11,8,10,ML_GGW_108_0011
GGW,108.0,857.0,8.0,6.0,19.894737243652344,327.5,-0.5372996083468242,0.8433914458128855,-0.8660254037844385,-0.5000000000000004,-7.0158514976501465,5.977389812469482,216.8628387451172,1.29458703668206e-05,23.46697235107422,-1.9876374006271362,6.964017391204834,239.947509765625,0.00014114736404735595,22.095048904418945,-5.175027370452881,3.476058006286621,268.3766174316406,0.002395380986854434,43.191471099853516,-6.533485412597656,2.2570436000823975,282.27020263671875,0.006604423746466637,63.83610534667969,-6.487002372741699,1.72501540184021,290.7393493652344,0.011030808091163635,74.59435272216797,2.2818154320702888e-05,1.7071606634999625e-05,4.2851338386535645,-5.439801216125488,4.079905033111572,2.2818154320702888e-05,2.1162131815799512e-05,54.016883850097656,0.7075425386428833,0.6182126231351603,0.48196860008784226,11,9,10,ML_GGW_108_0011
GGW,108.0,858.0,8.0,12.0,21.789474487304688,325.0,-0.5735764363510465,0.8191520442889916,-0.8660254037844385,-0.5000000000000004,-5.549699783325195,7.257319450378418,217.33868408203125,1.4303126590675674e-05,24.008071899414062,-0.9398320913314819,7.513895034790039,239.8201904296875,0.0001962912065209821,30.139753341674805,-6.965573310852051,4.1320977210998535,268.3192138671875,0.00289090140722692,50.59665298461914,-8.227126121520996,1.9665186405181885,282.31146240234375,0.006859092973172665,66.1545639038086,-7.840085983276367,1.1717250347137451,290.29541015625,0.011191698722541332,77.76561737060547,1.9635679564089514e-05,1.4124000699666794e-05,6.5023322105407715,-5.904463768005371,4.408310890197754,1.9635679564089514e-05,1.9040227925870568e-05,54.43157196044922,1.7926626205444336,0.6262982523157735,0.5163686858525853,11,10,10,ML_GGW_108_0011
GGW,108.0,868.0,8.0,0.0,35.05263137817383,285.0,-0.9659258262890684,0.2588190451025203,-0.8660254037844385,-0.5000000000000004,7.196447849273682,0.5103495717048645,218.44781494140625,4.424131111591123e-05,62.45703125,6.7725653648376465,-0.7767831087112427,241.17979431152344,0.000667338608764112,94.03763580322266,6.21087646484375,-0.29950714111328125,268.8735656738281,0.005603963043540716,100.43724822998047,7.414208889007568,1.663366675376892,281.36248779296875,0.0069656167179346085,71.65489959716797,7.169319152832031,2.1973180770874023,290.4747619628906,0.010056005790829659,69.01516723632812,2.8327947802608833e-05,3.657494016806595e-05,1.6871867179870605,6.952683925628662,0.6589487791061401,2.8327947802608833e-05,3.657494016806595e-05,62.375282287597656,1.6871867179870605,0.5972306723755669,0.3939394146121029,12,1,12,ML_GGW_108_0012
GGW,108.0,869.0,8.0,6.0,36.94736862182617,287.5,-0.9537169507482268,0.30070579950427345,-0.8660254037844385,-0.5000000000000004,9.390180587768555,1.8287900686264038,219.10711669921875,3.468016439001076e-05,45.15778350830078,7.670653343200684,4.621711254119873,240.83480834960938,0.00044924410758540034,65.53514099121094,6.746077537536621,1.0419013500213623,268.2901916503906,0.005279839970171452,97.87112426757812,5.614560127258301,0.44952771067619324,280.5950622558594,0.007724991999566555,83.8351821899414,5.551855087280273,1.8577754497528076,289.6848449707031,0.010161892510950565,73.30005645751953,3.218670826754533e-05,1.912390325742308e-05,3.838434934616089,6.994665622711182,1.9599412679672241,3.218670826754533e-05,3.055750858038664e-05,66.00701904296875,0.5050613880157471,0.6559106143330461,0.6451230553459912,12,2,12,ML_GGW_108_0012
GGW,108.0,872.0,8.0,0.0,38.842105865478516,292.5,-0.9238795325112866,0.38268343236509,-0.8660254037844385,-0.5000000000000004,15.899253845214844,15.062837600708008,218.4695587158203,6.958055746508762e-05,99.52291107177734,13.335226058959961,9.091641426086426,241.86846923828125,0.0005296171875670552,71.59481811523438,5.363837242126465,0.9490042328834534,268.5944519042969,0.005115550942718983,91.65918731689453,5.096675395965576,1.5212336778640747,281.6407775878906,0.00807974860072136,81.55670928955078,5.361599922180176,3.2234978675842285,289.6152648925781,0.010116565972566605,73.33956909179688,4.550778612610884e-05,8.184043508663308e-06,15.849672317504883,9.01131820678711,5.969643592834473,4.550778612610884e-05,4.222255665808916e-05,72.5461654663086,3.5024795532226562,0.6087589855600918,0.4420986596586647,12,3,12,ML_GGW_108_0012
GGW,108.0,873.0,8.0,6.0,40.73684310913086,295.0,-0.9063077870366498,0.4226182617406996,-0.8660254037844385,-0.5000000000000004,20.96607208251953,15.350900650024414,218.56838989257812,6.667859997833148e-05,95.73223114013672,15.963362693786621,11.806157112121582,241.22833251953125,0.000491624407004565,70.98526763916016,6.672180652618408,2.4518628120422363,268.4273681640625,0.005087061319500208,92.4171371459961,3.5428953170776367,2.106008768081665,281.3000793457031,0.008262855000793934,85.38382720947266,2.8217694759368896,2.9277305603027344,288.79345703125,0.010192953050136566,77.91162109375,5.0431826821295545e-05,3.214071966795018e-06,21.989789962768555,9.993256568908691,6.928532600402832,5.0431826821295545e-05,3.908963844878599e-05,76.31359100341797,5.780697822570801,0.6477610002942048,0.6092118799777029,12,4,12,ML_GGW_108_0012
GGW,108.0,874.0,8.0,12.0,38.842105865478516,295.0,-0.9063077870366498,0.4226182617406996,-0.8660254037844385,-0.5000000000000004,14.710820198059082,13.149214744567871,218.85775756835938,7.397912122542039e-05,99.95968627929688,9.09937572479248,9.152057647705078,243.2498779296875,0.0010085664689540863,114.7011489868164,3.8004798889160156,4.467558860778809,269.3756103515625,0.005838110577315092,101.22478485107422,6.779963493347168,5.672117233276367,280.03887939453125,0.008389204740524292,94.53544616699219,7.5708537101745605,7.129579067230225,288.87060546875,0.01084841974079609,82.46717071533203,5.303608486428857e-05,3.2334628485841677e-05,9.33890438079834,8.392298698425293,7.914105415344238,5.303608486428857e-05,4.543094109976664e-05,76.06307220458984,7.258190631866455,0.5854479131706213,0.34517858928798906,12,5,12,ML_GGW_108_0012
GGW,108.0,875.0,8.0,18.0,38.842105865478516,295.0,-0.9063077870366498,0.4226182617406996,-0.8660254037844385,-0.5000000000000004,10.830881118774414,13.41287612915039,219.91845703125,8.508328755851835e-05,99.90542602539062,8.479169845581055,9.300771713256836,244.55992126464844,0.0011696885339915752,118.62193298339844,4.102224349975586,3.523449420928955,269.71722412109375,0.005980934947729111,101.20664978027344,6.444037437438965,4.321400165557861,279.73590087890625,0.008397427387535572,96.59844207763672,7.259869575500488,5.245391368865967,288.5074462890625,0.01119435578584671,87.09456634521484,5.5966538639040664e-05,4.728978092316538e-05,8.914029121398926,7.423235893249512,7.1607770919799805,5.5966538639040664e-05,5.0100210501113907e-05,72.61517333984375,6.1751580238342285,0.6115550214498627,0.45385339449630013,12,6,12,ML_GGW_108_0012
GGW,108.0,876.0,8.0,0.0,40.73684310913086,297.5,-0.8870108331782216,0.4617486132350341,-0.8660254037844385,-0.5000000000000004,15.99515151977539,12.22399616241455,219.60464477539062,8.144567982526496e-05,99.93826293945312,11.34835433959961,11.10742473602295,243.5675811767578,0.0010452632559463382,116.75768280029297,3.9890358448028564,5.612043380737305,269.4829406738281,0.0058878264389932156,101.34952545166016,4.297155380249023,5.602558135986328,280.7769470214844,0.009121928364038467,97.68123626708984,3.911672592163086,5.706141471862793,287.88555908203125,0.011226179078221321,90.9323501586914,6.009844582877122e-05,3.730316893779673e-05,13.729270935058594,7.9082746505737305,8.050432205200195,6.009844582877122e-05,4.552805330604315e-05,76.61003112792969,5.431812286376953,0.6202545479442036,0.4906287897313777,12,7,12,ML_GGW_108_0012
GGW,108.0,877.0,8.0,6.0,40.73684310913086,297.5,-0.8870108331782216,0.4617486132350341,-0.8660254037844385,-0.5000000000000004,12.533617973327637,12.538846969604492,219.60910034179688,8.098223770502955e-05,99.8758316040039,12.296170234680176,9.602042198181152,242.87576293945312,0.0007777845021337271,96.84516906738281,6.162719249725342,5.919817924499512,269.1107482910156,0.005716670770198107,101.11670684814453,5.514745712280273,3.558067560195923,281.3052062988281,0.009398340247571468,97.09173583984375,5.367063522338867,4.370349407196045,288.2416687011719,0.011128188110888004,88.10955810546875,6.27882982371375e-05,2.6537747544352897e-05,10.866639137268066,8.37486457824707,7.197824954986572,6.27882982371375e-05,3.1462652259506285e-05,76.09329986572266,4.593363285064697,0.7066649795496861,0.8792413212426453,12,8,12,ML_GGW_108_0012
GGW,108.0,878.0,8.0,12.0,42.6315803527832,300.0,-0.8660254037844386,0.5000000000000001,-0.8660254037844385,-0.5000000000000004,17.12852668762207,11.938150405883789,219.4281005859375,6.436091643990949e-05,81.60136413574219,16.77494239807129,10.581595420837402,242.70223999023438,0.000498505134601146,65.74803924560547,8.510141372680664,6.138338565826416,268.6947021484375,0.0055090030655264854,100.36323547363281,4.215622425079346,5.076508522033691,281.2976989746094,0.009111510589718819,94.16824340820312,2.751105308532715,4.8650736808776855,288.27532958984375,0.010918826796114445,86.29408264160156,6.174403097247705e-05,2.351014336454682e-05,16.0230655670166,9.876068115234375,7.71993350982666,6.174403097247705e-05,2.5395009288331494e-05,79.01435089111328,4.622646808624268,0.8769791725188456,1.9641295733840476,12,9,12,ML_GGW_108_0012
GGW,108.0,879.0,8.0,18.0,42.6315803527832,300.0,-0.8660254037844386,0.5000000000000001,-0.8660254037844385,-0.5000000000000004,13.21562385559082,15.889303207397461,218.7181854248047,5.019216405344196e-05,70.2650146484375,16.68226432800293,10.963964462280273,242.58302307128906,0.0003923674230463803,53.37386703491211,10.173454284667969,5.893035888671875,268.65301513671875,0.0042871651239693165,75.20741271972656,6.126819610595703,3.699728012084961,282.32611083984375,0.009330601431429386,89.93427276611328,4.433367729187012,3.7840023040771484,289.1048278808594,0.010611044242978096,79.46210479736328,5.6224209401989356e-05,7.371335868811002e-06,14.95547866821289,10.126306533813477,8.04600715637207,5.6224209401989356e-05,2.1193174688960426e-05,78.07677459716797,3.490410804748535,0.9030849249933125,2.2319815169854715,12,10,12,ML_GGW_108_0012
GGW,108.0,880.0,8.0,0.0,44.52631759643555,302.5,-0.8433914458128857,0.5372996083468239,-0.8660254037844385,-0.5000000000000004,20.911178588867188,15.221578598022461,218.3233642578125,3.721083339769393e-05,55.096923828125,22.433547973632812,10.79320240020752,242.0635528564453,0.00030065569444559515,43.395320892333984,10.235097885131836,5.786247730255127,267.692138671875,0.003674216801300645,68.40918731689453,4.858148574829102,4.20050573348999,281.7249450683594,0.009838075377047062,98.75822448730469,2.0535709857940674,4.423579692840576,288.5174560546875,0.010742618702352047,83.53524780273438,5.2392424549907446e-05,1.1486880794109311e-05,21.730304718017578,12.098308563232422,8.085022926330566,5.2392424549907446e-05,1.931901351781562e-05,78.29833221435547,3.5171091556549072,0.9052097211345983,2.2564997925244894,12,11,12,ML_GGW_108_0012
GGW,108.0,881.0,8.0,6.0,44.52631759643555,302.5,-0.8433914458128857,0.5372996083468239,-0.8660254037844385,-0.5000000000000004,22.720035552978516,17.254762649536133,217.83790588378906,3.550800101947971e-05,55.800357818603516,21.495038986206055,13.806134223937988,241.2000732421875,0.00034532815334387124,50.00069808959961,12.52920150756836,6.7607421875,267.087158203125,0.0021497029811143875,41.90098190307617,6.965531349182129,3.3138909339904785,282.4052429199219,0.009040012955665588,86.7426528930664,3.858854055404663,2.1843836307525635,288.6137390136719,0.010792220011353493,83.35830688476562,4.7916066250763834e-05,4.488567356020212e-06,24.14250373840332,13.513731002807617,8.663983345031738,4.7916066250763834e-05,1.9240027540945448e-05,78.75434875488281,4.2749834060668945,0.8711103848653543,1.910812360893729,12,12,12,ML_GGW_108_0012
GGW,108.0,891.0,8.0,18.0,33.157894134521484,280.0,-0.9848077530122081,0.17364817766692997,-0.8660254037844385,-0.5000000000000004,15.471002578735352,-2.005568504333496,218.39976501464844,2.8997037588851526e-05,42.552127838134766,12.002620697021484,0.6267511248588562,241.13621520996094,0.00023043622786644846,29.00082778930664,3.7797536849975586,-4.09187126159668,268.2972412109375,0.005235149059444666,97.7728042602539,4.07813835144043,-6.093315601348877,281.48785400390625,0.0058717792853713036,59.7396354675293,5.893035888671875,-1.3276526927947998,291.0154113769531,0.013208079151809216,87.30745697021484,3.595662929001264e-05,1.6914627849473618e-05,9.601927757263184,8.244909286499023,-2.578331470489502,3.595662929001264e-05,3.601791831897572e-05,61.30522155761719,3.1792008876800537,0.7317253464158486,1.0033939511971761,13,1,12,ML_GGW_108_0013
GGW,108.0,892.0,8.0,0.0,33.157894134521484,282.5,-0.9762960071199335,0.21643961393810246,-0.8660254037844385,-0.5000000000000004,11.67471981048584,-3.4378015995025635,218.83120727539062,2.3172995497589e-05,30.69300079345703,9.769574165344238,3.4175262451171875,240.66525268554688,0.0006671141600236297,99.43733978271484,2.9329779148101807,-2.294116258621216,268.393310546875,0.005409377161413431,100.52135467529297,3.061440944671631,-1.2457613945007324,280.1329040527344,0.007212244439870119,80.73825073242188,5.719631195068359,1.6961725950241089,289.9478759765625,0.012074077501893044,85.5412368774414,3.8860842323629186e-05,2.1419115000753663e-05,7.862618446350098,6.631669044494629,-0.37279608845710754,3.8860842323629186e-05,4.324724795878865e-05,68.34114837646484,3.3400049209594727,0.6416361183371229,0.5824724497219904,13,2,12,ML_GGW_108_0013
GGW,108.0,893.0,8.0,6.0,33.157894134521484,282.5,-0.9762960071199335,0.21643961393810246,-0.8660254037844385,-0.5000000000000004,7.672186374664307,-2.7758052349090576,220.36891174316406,1.0704644409997854e-05,10.43796157836914,8.611251831054688,3.2405853271484375,239.60423278808594,0.0005785176181234419,98.12692260742188,3.5578739643096924,-3.517703056335449,267.093017578125,0.004653980024158955,95.48838806152344,3.198019027709961,-2.669694662094116,280.89361572265625,0.007241708692163229,76.89656066894531,3.638601779937744,-0.258500337600708,290.4811706542969,0.01237187348306179,84.6021728515625,4.367945439298637e-05,2.2733282094122842e-05,4.754642963409424,5.3355865478515625,-1.1962236166000366,4.367945439298637e-05,3.8127051084302366e-05,62.42442321777344,1.7816516160964966,0.6267189293978068,0.5181664852905103,13,3,12,ML_GGW_108_0013
GGW,108.0,894.0,8.0,12.0,33.157894134521484,282.5,-0.9762960071199335,0.21643961393810246,-0.8660254037844385,-0.5000000000000004,5.224501132965088,-2.1896772384643555,221.13587951660156,1.1786996765295044e-05,11.674999237060547,7.894488334655762,2.7265775203704834,239.46046447753906,0.0003405319876037538,58.792110443115234,3.644073009490967,-3.7266249656677246,266.0805358886719,0.003028439823538065,66.09383392333984,2.0820510387420654,-5.472482681274414,281.9419860839844,0.006704095285385847,66.37504577636719,2.2626547813415527,-1.3451159000396729,290.6746826171875,0.011845368891954422,79.98099517822266,4.4627857278101146e-05,2.303111250512302e-05,3.0799055099487305,4.221553802490234,-2.001464605331421,4.4627857278101146e-05,3.799888872890733e-05,56.03968811035156,2.3572800159454346,0.826149249257736,1.5585782695947095,13,4,12,ML_GGW_108_0013
GGW,108.0,895.0,8.0,18.0,36.94736862182617,287.5,-0.9537169507482268,0.30070579950427345,-0.8660254037844385,-0.5000000000000004,8.254960060119629,7.932565212249756,218.3441925048828,6.308090087259188e-05,92.20257568359375,5.339041709899902,9.315317153930664,241.2128448486328,0.0007875648443587124,109.51000213623047,0.9194012880325317,-1.0624629259109497,268.12689208984375,0.0053305127657949924,101.84518432617188,2.150508165359497,1.438126802444458,280.51776123046875,0.008950857445597649,97.58415222167969,3.597308874130249,4.9850263595581055,286.99017333984375,0.010745499283075333,92.25922393798828,4.3238931539235637e-05,3.548214954207651e-05,5.511959552764893,4.052244186401367,4.521714687347412,4.3238931539235637e-05,4.069608621648513e-05,69.21388244628906,1.196462631225586,0.5750806959741201,0.3026110937590585,13,5,12,ML_GGW_108_0013
GGW,108.0,896.0,8.0,0.0,36.94736862182617,287.5,-0.9537169507482268,0.30070579950427345,-0.8660254037844385,-0.5000000000000004,7.379357814788818,6.7639689445495605,219.05467224121094,3.714041304192506e-05,48.922203063964844,5.170077800750732,7.573786735534668,240.2236328125,0.0006434129318222404,99.55426025390625,0.033091653138399124,-2.864861488342285,267.6228942871094,0.005086669698357582,101.12036895751953,1.5472667217254639,-0.21131035685539246,281.24029541015625,0.009216593578457832,95.6457290649414,2.488696336746216,3.2924554347991943,287.5543518066406,0.010765195824205875,89.07559967041016,4.4760818127542734e-05,3.407414260436781e-05,5.997497081756592,3.323698043823242,2.9108078479766846,4.4760818127542734e-05,4.429078762768768e-05,67.57483673095703,2.217926502227783,0.8137591631330878,1.4746237958185797,13,6,12,ML_GGW_108_0013
GGW,108.0,897.0,8.0,6.0,36.94736862182617,287.5,-0.9537169507482268,0.30070579950427345,-0.8660254037844385,-0.5000000000000004,6.539971828460693,4.422680377960205,220.177490234375,1.969014738278929e-05,22.2692928314209,5.753983497619629,6.551852226257324,239.76950073242188,0.0003785844019148499,61.467525482177734,1.3345293998718262,-2.1915717124938965,267.089599609375,0.004551166668534279,93.49461364746094,1.8820453882217407,-1.4024935960769653,281.9389343261719,0.010001249611377716,98.92707824707031,2.33137583732605,2.743147373199463,288.0941162109375,0.010603178292512894,84.73780059814453,4.601261389325373e-05,2.3974498617462814e-05,4.531347751617432,3.5683810710906982,2.0247230529785156,4.601261389325373e-05,3.983288843301125e-05,68.08401489257812,1.1841119527816772,0.8492786924656527,1.7289549060779352,13,7,12,ML_GGW_108_0013
GGW,108.0,898.0,8.0,12.0,33.157894134521484,285.0,-0.9659258262890684,0.2588190451025203,-0.8660254037844385,-0.5000000000000004,6.69665002822876,6.821414470672607,218.98394775390625,1.8940918380394578e-05,25.348663330078125,8.368563652038574,5.3704118728637695,240.1986541748047,0.00010034437582362443,17.79683494567871,3.564514398574829,-0.150796577334404,267.8077392578125,0.0020050546154379845,38.78044891357422,1.9135385751724243,-2.575033187866211,283.0038146972656,0.007951880805194378,73.18460845947266,3.019627809524536,-0.7429191470146179,290.3511047363281,0.010569903999567032,72.95002746582031,3.389621997484937e-05,1.536818490421865e-05,8.410685539245605,4.712578773498535,1.7446153163909912,4.3415446270955727e-05,3.26811641571112e-05,58.655208587646484,1.0516107082366943,0.8985543868766734,2.181264411563576,13,8,12,ML_GGW_108_0013
GGW,108.0,899.0,8.0,18.0,36.94736862182617,287.5,-0.9537169507482268,0.30070579950427345,-0.8660254037844385,-0.5000000000000004,8.002039909362793,3.1865766048431396,220.06300354003906,1.8773724150378257e-05,21.80547523498535,8.245816230773926,4.443408489227295,240.1137237548828,0.0001310939696850255,21.515979766845703,4.587011814117432,-0.8021985292434692,267.5539855957031,0.0016288714250549674,31.607242584228516,1.7999958992004395,-4.1358537673950195,282.9107360839844,0.009197715669870377,85.22581481933594,3.2901649475097656,-1.0713114738464355,289.41619873046875,0.010786719620227814,79.01118469238281,3.652413215604611e-05,7.452682893926976e-06,6.350698947906494,5.1850056648254395,0.3241242468357086,3.652413215604611e-05,2.587971721368376e-05,74.05684661865234,2.0512561798095703,0.8423306898013768,1.6756728141002024,13,9,12,ML_GGW_108_0013
GGW,108.0,900.0,8.0,0.0,36.94736862182617,290.0,-0.9396926207859083,0.342020143325669,-0.8660254037844385,-0.5000000000000004,7.774446487426758,6.31425142288208,219.31448364257812,1.9698311007232405e-05,25.247066497802734,8.353049278259277,7.675718307495117,240.22561645507812,0.00015638122567906976,25.150094985961914,5.263217449188232,1.6672446727752686,267.0470886230469,0.002824935829266906,57.01616668701172,4.8274688720703125,0.9622799158096313,282.3660583496094,0.010023366659879684,96.35398864746094,4.022530555725098,4.769237995147705,288.6506042480469,0.01106830220669508,85.08924865722656,3.140824628644623e-05,1.2237926057423465e-05,4.057578086853027,6.048142433166504,4.277746200561523,3.140824628644623e-05,2.3195432731881738e-05,73.80744934082031,2.9428043365478516,0.7915380611647322,1.3342214885269281,13,10,12,ML_GGW_108_0013
GGW,108.0,901.0,8.0,6.0,36.94736862182617,290.0,-0.9396926207859083,0.342020143325669,-0.8660254037844385,-0.5000000000000004,8.0381498336792,6.789421081542969,218.89205932617188,2.1239113266346976e-05,29.102535247802734,9.483302116394043,7.674176216125488,239.91943359375,0.00012827022874262184,22.333641052246094,5.143723487854004,3.2681379318237305,266.8348693847656,0.0015693497844040394,32.195438385009766,3.8146121501922607,0.28061556816101074,282.4346008300781,0.009947089478373528,95.19884490966797,3.9364748001098633,2.978174924850464,289.2127990722656,0.01125835720449686,83.47975158691406,2.6978776077157818e-05,7.503550023102434e-06,5.599047660827637,6.083252906799316,4.1981048583984375,2.6978776077157818e-05,1.9422710465732962e-05,72.4337387084961,1.9979439973831177,0.7610727694805556,1.1585699460305783,13,11,12,ML_GGW_108_0013
GGW,108.0,902.0,8.0,12.0,36.94736862182617,290.0,-0.9396926207859083,0.342020143325669,-0.8660254037844385,-0.5000000000000004,8.46041202545166,8.807109832763672,218.0658721923828,2.90092848445056e-05,44.87347412109375,9.398361206054688,7.811169624328613,239.78085327148438,0.00015577697195112705,28.08405113220215,4.55426549911499,5.030940055847168,266.6934509277344,0.0013560507213696837,27.923612594604492,3.4440999031066895,0.9896676540374756,282.51513671875,0.009677724912762642,92.09662628173828,3.2302157878875732,1.4120665788650513,289.80029296875,0.010976700112223625,78.3787841796875,2.4955905246315524e-05,4.657318640965968e-06,9.057682991027832,5.817470550537109,4.8101911544799805,2.598569517431315e-05,1.8466504116076976e-05,69.6417465209961,1.558311104774475,0.7521127970794568,1.1099124930513007,13,12,12,ML_GGW_108_0013
GGW,108.0,892.0,8.0,0.0,12.315789222717285,302.5,-0.8433914458128857,0.5372996083468239,-0.8660254037844385,-0.5000000000000004,-5.832566261291504,3.494727849960327,216.733154296875,4.022244320367463e-05,71.20995330810547,-9.81257438659668,-0.47549188137054443,240.31539916992188,0.00046249263687059283,76.04268646240234,-14.3175048828125,-1.5095218420028687,267.5725402832031,0.0035738982260227203,67.2306137084961,-5.837518692016602,-1.4067269563674927,282.08245849609375,0.009858512319624424,96.62117767333984,2.392348527908325,-0.5148243308067322,289.5586242675781,0.010096530430018902,73.3387680053711,2.846217103069648e-05,2.1493699023267254e-05,9.150176048278809,-6.681562900543213,-0.08236740529537201,2.846217103069648e-05,4.698416523751803e-05,81.3528823852539,2.402007818222046,0.6168212755736137,0.4760777913789702,14,1,9,ML_GGW_108_0014
GGW,108.0,893.0,8.0,6.0,12.315789222717285,302.5,-0.8433914458128857,0.5372996083468239,-0.8660254037844385,-0.5000000000000004,-3.9011194705963135,-1.0903581380844116,216.99391174316406,2.849166230589617e-05,49.17768859863281,-7.822896480560303,-1.830427885055542,240.23146057128906,0.00017239870794583112,34.71098327636719,-13.39280891418457,1.3307642936706543,267.29241943359375,0.00208441074937582,39.95420837402344,-5.969995021820068,1.0125097036361694,281.5845947265625,0.009536635130643845,96.65506744384766,0.16015686094760895,-0.4486113488674164,289.4129638671875,0.010053135454654694,73.7281494140625,3.132421261398122e-05,2.379610486968886e-05,4.111667156219482,-6.185332775115967,-0.2052246630191803,3.132421261398122e-05,4.609069219441153e-05,81.49356079101562,1.401772379875183,0.6055310986847378,0.4285656154667976,14,2,9,ML_GGW_108_0014
GGW,108.0,894.0,8.0,12.0,12.315789222717285,300.0,-0.8660254037844386,0.5000000000000001,-0.8660254037844385,-0.5000000000000004,-3.875808000564575,-2.009582996368408,217.2589569091797,2.2076599634601735e-05,36.76491928100586,-8.423712730407715,-1.2557803392410278,240.22311401367188,0.00019759187125600874,36.43986511230469,-11.791278839111328,0.03129415214061737,267.5180969238281,0.002731003798544407,51.49378204345703,-6.603792667388916,-1.1212624311447144,281.990234375,0.00944910291582346,93.19343566894531,-0.9848573207855225,0.38007545471191406,289.60137939453125,0.010136065073311329,73.37460327148438,3.4506192605476826e-05,2.4110322556225583e-05,3.750741720199585,-6.33588981628418,-0.7950512170791626,3.4506192605476826e-05,4.277503467164934e-05,80.3163833618164,1.138717532157898,0.6821655704008114,0.7637418146767745,14,3,9,ML_GGW_108_0014
GGW,108.0,895.0,8.0,18.0,12.315789222717285,300.0,-0.8660254037844386,0.5000000000000001,-0.8660254037844385,-0.5000000000000004,-5.183996200561523,-1.9927351474761963,217.80564880371094,1.712459561531432e-05,27.503440856933594,-5.983718395233154,-1.4926506280899048,240.45140075683594,0.00010666933667380363,20.270706176757812,-11.067652702331543,-0.3692843019962311,268.10589599609375,0.003248936962336302,57.97449493408203,-7.504481315612793,-0.6236640214920044,282.23150634765625,0.008837183006107807,85.73515319824219,0.10461916029453278,0.6956504583358765,289.78076171875,0.010171945206820965,72.86387634277344,3.51037087966688e-05,2.5105478925979696e-05,5.932694911956787,-5.927045822143555,-0.7565367817878723,3.51037087966688e-05,4.0851075027603656e-05,74.29312133789062,1.4818352460861206,0.6559004161243331,0.6450778692415857,14,4,9,ML_GGW_108_0014
GGW,108.0,896.0,8.0,0.0,12.315789222717285,297.5,-0.8870108331782216,0.4617486132350341,-0.8660254037844385,-0.5000000000000004,-4.240420818328857,0.2950780391693115,217.7066192626953,2.3210845029097982e-05,37.293548583984375,-6.054101467132568,-0.2701716423034668,240.32972717285156,0.00012327259173616767,24.928552627563477,-11.954763412475586,-2.149808883666992,267.9855041503906,0.00232523656450212,41.695682525634766,-10.650620460510254,-1.567612648010254,282.0700378417969,0.009199467487633228,90.25007629394531,-0.8046497702598572,-1.4152040481567383,289.6532897949219,0.010374504141509533,74.83287048339844,3.599745105020702e-05,2.3867058189352974e-05,3.83791446685791,-6.74091100692749,-1.0215438604354858,3.599745105020702e-05,4.4920481741428375e-05,71.97531127929688,0.7380586862564087,0.7056086740456156,0.8741508748150661,14,5,9,ML_GGW_108_0014
GGW,108.0,897.0,8.0,6.0,12.315789222717285,297.5,-0.8870108331782216,0.4617486132350341,-0.8660254037844385,-0.5000000000000004,-1.8662917613983154,-0.9395353198051453,217.5500946044922,2.112479523930233e-05,34.848426818847656,-4.01978874206543,-1.406169056892395,239.8325958251953,0.00010594485502224416,22.504228591918945,-11.543420791625977,0.11708322912454605,267.2075500488281,0.003642443800345063,70.62428283691406,-10.836376190185547,1.6489031314849854,282.0948791503906,0.008599449880421162,84.18680572509766,-2.9018430709838867,-0.8217505812644958,289.2936706542969,0.011022384278476238,81.2779541015625,3.6554883990902454e-05,2.9175458621466532e-05,1.0422282218933105,-6.23354434967041,-0.28029370307922363,3.6554883990902454e-05,4.45489349658601e-05,69.2645034790039,1.0422282218933105,0.7993181732948108,1.3820383787346575,14,6,9,ML_GGW_108_0014
GGW,108.0,898.0,8.0,12.0,12.315789222717285,295.0,-0.9063077870366498,0.4226182617406996,-0.8660254037844385,-0.5000000000000004,-2.9836111068725586,0.20742937922477722,216.98074340820312,2.3451844754163176e-05,40.37872314453125,-6.385776042938232,-1.4172179698944092,239.6079559326172,0.00011781911598518491,25.46585464477539,-11.696883201599121,-1.572738528251648,267.36114501953125,0.0037559536285698414,69.60370635986328,-8.757262229919434,0.9695923328399658,282.27496337890625,0.008273609913885593,79.9928207397461,-3.6676487922668457,-0.20147976279258728,289.460205078125,0.010902799665927887,79.54438781738281,3.628596095950343e-05,2.7957015845458955e-05,0.7969405651092529,-6.698235988616943,-0.4028828740119934,3.628596095950343e-05,4.598957457346842e-05,70.24055480957031,0.7969405651092529,0.8090532231688892,1.44386996985068,14,7,9,ML_GGW_108_0014
GGW,108.0,899.0,8.0,18.0,12.315789222717285,295.0,-0.9063077870366498,0.4226182617406996,-0.8660254037844385,-0.5000000000000004,-2.6815755367279053,-0.2768380343914032,217.6932373046875,1.9399458324187435e-05,30.78055191040039,-5.457832336425781,-1.8928195238113403,239.46676635742188,0.00010507268598303199,21.723203659057617,-10.48375129699707,0.053152088075876236,267.9132995605469,0.004703250713646412,86.51838684082031,-6.429446697235107,1.3902323246002197,282.4596252441406,0.008105242624878883,77.36770629882812,-2.9958229064941406,0.9621151685714722,289.6976623535156,0.010845151729881763,77.948974609375,3.702582398545928e-05,2.879636849684175e-05,1.2781848907470703,-5.609685897827148,0.04716842249035835,3.702582398545928e-05,4.205289951642044e-05,68.06877136230469,1.2781848907470703,0.784215057793269,1.290401017368834,14,8,9,ML_GGW_108_0014
GGW,108.0,900.0,8.0,0.0,12.315789222717285,295.0,-0.9063077870366498,0.4226182617406996,-0.8660254037844385,-0.5000000000000004,-0.8556115627288818,-1.0748591423034668,217.81199645996094,1.9626037101261318e-05,31.000276565551758,-3.793665647506714,-1.409104824066162,239.14967346191406,9.861887519946322e-05,20.14137077331543,-9.447563171386719,2.2696666717529297,267.7570495605469,0.004978018347173929,95.84882354736328,-7.3694610595703125,1.6807019710540771,282.1003723144531,0.007790810894221067,76.16703796386719,-2.855842351913452,1.6494379043579102,289.7347106933594,0.010740360245108604,77.04479217529297,3.5994180507259443e-05,2.579656575107947e-05,3.379751205444336,-4.864428520202637,0.6231685280799866,3.5994180507259443e-05,4.2489918996579945e-05,68.91165924072266,2.0966639518737793,0.7237762735155785,0.9632711895894248,14,9,9,ML_GGW_108_0014
GGW,108.0,892.0,8.0,0.0,21.789474487304688,340.0,-0.3420201433256686,0.9396926207859084,-0.8660254037844385,-0.5000000000000004,-6.661085605621338,6.521389007568359,220.8854522705078,9.663437231210992e-05,100.06733703613281,-3.5442497730255127,7.194474220275879,245.37518310546875,0.0012437730329111218,117.24478912353516,-6.520613193511963,10.062518119812012,270.4753112792969,0.0063095190562307835,100.74505615234375,-8.113503456115723,7.548768997192383,280.6094665527344,0.009207790717482567,99.76612854003906,-7.977241516113281,5.98079776763916,291.2109680175781,0.01286183949559927,84.10513305664062,6.616351311095059e-05,7.912854925962165e-05,1.4228510856628418,-6.563338279724121,7.461589813232422,6.616351311095059e-05,7.912854925962165e-05,80.42425537109375,1.4228510856628418,0.5526712620836022,0.21146960608439724,15,1,11,ML_GGW_108_0015
GGW,108.0,893.0,8.0,6.0,21.789474487304688,337.5,-0.38268343236508956,0.9238795325112868,-0.8660254037844385,-0.5000000000000004,-9.789444923400879,5.274389266967773,220.39712524414062,8.992338553071022e-05,100.3803939819336,-2.7046806812286377,0.6959055066108704,243.1561737060547,0.0009481356828473508,111.51356506347656,-1.62673819065094,3.528026819229126,270.6557922363281,0.0064169978722929955,100.61703491210938,-5.048277378082275,1.1787242889404297,281.3511047363281,0.009138304740190506,94.03346252441406,-4.907181739807129,0.9876622557640076,291.10540771484375,0.01257507037371397,82.81848907470703,6.791031773900613e-05,7.238196849357337e-05,6.497116565704346,-4.815264701843262,2.3329415321350098,6.791031773900613e-05,7.598561205668375e-05,79.32318115234375,6.497116565704346,0.6428334575876179,0.5876835039150985,15,2,11,ML_GGW_108_0015
GGW,108.0,894.0,8.0,12.0,23.6842098236084,337.5,-0.38268343236508956,0.9238795325112868,-0.8660254037844385,-0.5000000000000004,-9.140987396240234,3.9051754474639893,220.41102600097656,9.47655425989069e-05,104.97347259521484,-3.04014253616333,5.402035236358643,245.1038055419922,0.0011711757397279143,111.65953063964844,-2.261049747467041,10.969865798950195,270.6347351074219,0.006390989758074284,100.74491119384766,-9.042177200317383,9.589081764221191,282.2816162109375,0.009323081001639366,90.09822845458984,-9.659667015075684,6.147986888885498,291.2273254394531,0.01270125713199377,83.01065826416016,6.410800415324047e-05,7.370607636403292e-05,2.3020060062408447,-6.628804683685303,7.202828884124756,6.410800415324047e-05,7.370607636403292e-05,77.0054702758789,2.3020060062408447,0.5529191323439484,0.21247226613643977,15,3,11,ML_GGW_108_0015
GGW,108.0,895.0,8.0,18.0,23.6842098236084,335.0,-0.4226182617406992,0.90630778703665,-0.8660254037844385,-0.5000000000000004,-9.65916633605957,6.729034423828125,221.0125732421875,8.500453986926004e-05,88.46329498291016,-3.8341786861419678,5.719398021697998,243.59756469726562,0.00048550954670645297,61.815956115722656,0.42405232787132263,0.14243410527706146,271.367431640625,0.005451134871691465,78.09737396240234,-4.991879463195801,1.9481381177902222,282.6790466308594,0.00882476381957531,83.02145385742188,-7.502057075500488,1.170283317565918,291.1123962402344,0.012535115703940392,82.4887924194336,6.0539707192219794e-05,5.336749745765701e-05,5.962619781494141,-5.112645626068115,3.141857624053955,6.0539707192219794e-05,6.426393520087004e-05,73.67442321777344,5.962619781494141,0.8691306505241417,1.8932939665030712,15,4,11,ML_GGW_108_0015
GGW,108.0,896.0,8.0,0.0,25.578947067260742,335.0,-0.4226182617406992,0.90630778703665,-0.8660254037844385,-0.5000000000000004,-6.109721660614014,7.224151134490967,220.11163330078125,7.073573215166107e-05,81.82969665527344,-1.799941062927246,7.438870906829834,243.4471893310547,0.000517733977176249,65.93119812011719,-3.3476626873016357,4.513402938842773,269.94580078125,0.0058440957218408585,95.62843322753906,-8.757171630859375,7.220579147338867,283.1094055175781,0.009143729694187641,83.53944396972656,-10.301806449890137,6.49464225769043,290.9376220703125,0.012177098542451859,80.99974060058594,5.200893428991549e-05,4.772594547830522e-05,4.2550859451293945,-6.063260555267334,6.578329563140869,5.200893428991549e-05,5.033716661273502e-05,75.30370330810547,4.2550859451293945,0.8285614139918036,1.5754658574489007,15,5,11,ML_GGW_108_0015
GGW,108.0,897.0,8.0,6.0,25.578947067260742,332.5,-0.46174861323503363,0.8870108331782218,-0.8660254037844385,-0.5000000000000004,-3.0752928256988525,7.25935173034668,220.44442749023438,7.142060348996893e-05,80.15899658203125,-1.173158884048462,7.5333147048950195,243.03762817382812,0.00021885499882046133,32.43604278564453,-4.087813854217529,0.6662024855613708,270.5882263183594,0.003520033787935972,51.33858108520508,-8.06930160522461,3.2637948989868164,283.5127258300781,0.008734419010579586,77.64764404296875,-8.450939178466797,2.187657117843628,290.7623291015625,0.012160140089690685,81.78186798095703,5.102298018755391e-05,2.597705679363571e-05,7.390511512756348,-4.971301078796387,4.182064056396484,5.102298018755391e-05,3.065027340198867e-05,74.28326416015625,5.397251129150391,0.8390169086881637,1.650931523085601,15,6,11,ML_GGW_108_0015
GGW,108.0,898.0,8.0,12.0,25.578947067260742,332.5,-0.46174861323503363,0.8870108331782218,-0.8660254037844385,-0.5000000000000004,-7.614811420440674,5.032148838043213,219.4274444580078,4.806474316865206e-05,61.255706787109375,-2.4854774475097656,6.945530414581299,242.9727020263672,0.00027085660258308053,34.28739547729492,-3.1354990005493164,6.3009419441223145,270.77484130859375,0.003148151794448495,45.19447708129883,-4.541828155517578,8.909919738769531,284.0035705566406,0.008683568798005581,74.72642517089844,-5.972616195678711,6.478066444396973,291.2195739746094,0.011601204052567482,75.76200866699219,4.015373269794509e-05,1.8577269656816497e-05,2.1880316734313965,-4.750046253204346,6.733321189880371,4.015373269794509e-05,2.390486406511627e-05,70.81294250488281,2.1880316734313965,0.8105250059459399,1.4534251348762899,15,7,11,ML_GGW_108_0015
GGW,108.0,899.0,8.0,18.0,25.578947067260742,330.0,-0.5000000000000004,0.8660254037844384,-0.8660254037844385,-0.5000000000000004,-9.284734725952148,4.390634059906006,219.23757934570312,5.0687798648141325e-05,66.26676940917969,-3.8165886402130127,5.527815341949463,242.7898712158203,0.00021557285799644887,27.146799087524414,-2.010175943374634,3.467486619949341,271.18206787109375,0.0010398428421467543,14.042181968688965,-4.102259159088135,1.6422749757766724,284.4625244140625,0.00862320140004158,71.9471206665039,-5.871881484985352,1.6747938394546509,291.1387634277344,0.011882904917001724,78.00213623046875,3.72309259546455e-05,1.3055453564447816e-05,4.361577033996582,-5.017127990722656,3.3406009674072266,3.72309259546455e-05,1.661140049691312e-05,64.05477905273438,4.361577033996582,0.6963970901333474,0.8301993994272556,15,8,11,ML_GGW_108_0015
GGW,108.0,900.0,8.0,0.0,25.578947067260742,327.5,-0.5372996083468242,0.8433914458128855,-0.8660254037844385,-0.5000000000000004,-9.963441848754883,4.771702766418457,218.7177276611328,5.0356884457869455e-05,70.56918334960938,-4.019575595855713,4.834572792053223,242.32269287109375,0.00019107351545244455,25.843753814697266,-1.6469913721084595,0.08962995558977127,270.8692626953125,0.0003508514491841197,5.473407745361328,-6.930797100067139,-2.904815673828125,284.24609375,0.008185687474906445,69.3096694946289,-6.817500591278076,-1.9185274839401245,291.0212097167969,0.011739448644220829,77.65023040771484,3.0610452085966244e-05,4.37245080320281e-06,7.392978191375732,-5.875661373138428,0.9745124578475952,3.0610452085966244e-05,1.3214363207225688e-05,58.271339416503906,2.40250301361084,0.5806762815627223,0.32555020765712794,15,9,11,ML_GGW_108_0015
GGW,108.0,901.0,8.0,6.0,25.578947067260742,327.5,-0.5372996083468242,0.8433914458128855,-0.8660254037844385,-0.5000000000000004,-10.01159954071045,3.492108106613159,218.34129333496094,3.540394391166046e-05,51.69484329223633,-3.8709754943847656,3.311882495880127,241.64569091796875,0.00021313123579602689,29.827905654907227,-2.399369955062866,0.11156167834997177,270.88177490234375,0.0003369027399457991,5.291751861572266,-5.902373313903809,1.955886960029602,284.11712646484375,0.007775434292852879,66.40445709228516,-5.643858432769775,0.9930663704872131,290.8168640136719,0.011604569852352142,77.78697204589844,2.6800793420989066e-05,5.970857728243573e-06,5.032134056091309,-5.5656352043151855,1.9729011058807373,2.6800793420989066e-05,1.1362764780642465e-05,56.721126556396484,2.443079710006714,0.6132305442143425,0.460912162901965,15,10,11,ML_GGW_108_0015
GGW,108.0,902.0,8.0,12.0,27.473684310913086,327.5,-0.5372996083468242,0.8433914458128855,-0.8660254037844385,-0.5000000000000004,-5.607306957244873,3.155190944671631,218.95155334472656,4.1507373680360615e-05,56.723785400390625,1.0361627340316772,2.325176477432251,242.05970764160156,0.000151080108480528,21.622364044189453,-1.7964184284210205,1.1634644269943237,270.4508056640625,0.00047262932639569044,6.871251583099365,-3.7997097969055176,3.109182834625244,283.7243957519531,0.008394099771976471,73.56564331054688,-5.489279270172119,1.2299880981445312,290.91766357421875,0.011504683643579483,76.62421417236328,2.2267307940637693e-05,3.4035406315524597e-06,1.9288173913955688,-3.131310224533081,2.1966006755828857,2.2267307940637693e-05,9.462647540203761e-06,58.494163513183594,1.9288173913955688,0.5757552261317096,0.3053720302252283,15,11,11,ML_GGW_108_0015
GGW,108.0,911.0,8.0,18.0,16.105262756347656,307.5,-0.7933533402912352,0.6087614290087205,-0.8660254037844385,-0.5000000000000004,-9.65854549407959,2.510197639465332,218.0255126953125,6.825201126048341e-05,102.39884185791016,-14.749385833740234,2.3590447902679443,242.93841552734375,0.0009102955809794366,107.5431900024414,-16.56364631652832,-8.005026817321777,269.936767578125,0.006065208464860916,100.41714477539062,-7.685964584350586,-5.2599358558654785,281.4742431640625,0.007730415556579828,78.89590454101562,-5.1014180183410645,-0.2955830693244934,289.8310241699219,0.01191090140491724,85.03726959228516,3.879173527820967e-05,3.221038787160069e-05,5.35161828994751,-10.751792907714844,-1.7382605075836182,3.879173527820967e-05,7.784238550812006e-05,73.327880859375,5.35161828994751,0.603556525413992,0.4203062288404371,16,1,15,ML_GGW_108_0016
GGW,108.0,912.0,8.0,0.0,16.105262756347656,307.5,-0.7933533402912352,0.6087614290087205,-0.8660254037844385,-0.5000000000000004,-6.209653854370117,-0.9698657393455505,217.76699829101562,5.7015044149011374e-05,88.267578125,-9.83456802368164,2.4781854152679443,242.3701629638672,0.000755920191295445,93.72142791748047,-15.820919036865234,-3.878394842147827,269.6269836425781,0.005939208436757326,100.67324829101562,-8.762937545776367,-2.4349582195281982,281.1004638671875,0.008441835641860962,88.38351440429688,-3.2542295455932617,1.9280335903167725,289.5871276855469,0.011273947544395924,81.84663391113281,4.309938594815321e-05,4.7514749894617125e-05,4.139124870300293,-8.776461601257324,-0.5753999948501587,4.309938594815321e-05,8.466630970360711e-05,76.50907897949219,4.139124870300293,0.8360351861181727,1.6290188455529924,16,2,15,ML_GGW_108_0016
GGW,108.0,913.0,8.0,6.0,16.105262756347656,305.0,-0.8191520442889918,0.573576436351046,-0.8660254037844385,-0.5000000000000004,-4.702127933502197,1.622726321220398,217.53604125976562,5.88363254792057e-05,93.37760162353516,-11.27441120147705,-0.07708262652158737,241.7545928955078,0.0008263050694949925,111.98513793945312,-16.562335968017578,-6.069550514221191,269.4954528808594,0.005842478480190039,99.6681137084961,-9.844505310058594,-3.9982762336730957,281.882080078125,0.00845875684171915,83.95525360107422,-4.4232401847839355,-0.5207114219665527,289.86004638671875,0.012125090695917606,86.39149475097656,4.627708767657168e-05,4.009498661616817e-05,2.1615049839019775,-9.361324310302734,-1.8085788488388062,4.627708767657168e-05,8.28872507554479e-05,76.95482635498047,2.1615049839019775,0.729419346750512,0.9916785847928247,16,3,15,ML_GGW_108_0016
GGW,108.0,914.0,8.0,12.0,16.105262756347656,305.0,-0.8191520442889918,0.573576436351046,-0.8660254037844385,-0.5000000000000004,-2.6342053413391113,-1.7728813886642456,217.6609649658203,6.200334610184655e-05,98.65423583984375,-9.76705551147461,-1.5985406637191772,241.77719116210938,0.0006500095478259027,87.51608276367188,-12.718536376953125,0.15338724851608276,269.3621826171875,0.005684661213308573,97.98027801513672,-6.841338157653809,2.2709879875183105,281.25286865234375,0.00853430014103651,88.44038391113281,-2.0645031929016113,4.454217433929443,289.4663391113281,0.011475786566734314,83.92249298095703,5.0189963076263666e-05,5.640840026899241e-05,6.253105163574219,-6.8051276206970215,0.7014341354370117,5.0189963076263666e-05,7.524096145061776e-05,80.40643310546875,5.689552307128906,0.8288437378346741,1.5774546895354198,16,4,15,ML_GGW_108_0016
GGW,108.0,915.0,8.0,18.0,16.105262756347656,302.5,-0.8433914458128857,0.5372996083468239,-0.8660254037844385,-0.5000000000000004,-4.334071636199951,1.3200199604034424,218.71885681152344,7.220724364742637e-05,100.098388671875,-13.195706367492676,-2.6235766410827637,241.7121124267578,0.0006625893875025213,94.08667755126953,-13.701854705810547,-3.111424684524536,269.853759765625,0.0059904782101511955,98.84639739990234,-5.870405197143555,-2.211951494216919,282.07611083984375,0.00866828765720129,84.90676879882812,-2.0089054107666016,0.457672119140625,290.2256164550781,0.012308675795793533,85.68801879882812,5.343939483282156e-05,4.9301837862003595e-05,2.4799277782440186,-7.822187900543213,-1.2338521480560303,5.343939483282156e-05,7.727074262220412e-05,76.64844512939453,2.4799277782440186,0.7996277067120909,1.3839691501354325,16,5,15,ML_GGW_108_0016
GGW,108.0,916.0,8.0,0.0,16.105262756347656,302.5,-0.8433914458128857,0.5372996083468239,-0.8660254037844385,-0.5000000000000004,-3.7456955909729004,-2.7494773864746094,218.0943603515625,6.589477561647072e-05,99.63709259033203,-9.503440856933594,-0.4801384210586548,241.92555236816406,0.0004447388637345284,59.75510787963867,-8.37641429901123,3.9279565811157227,269.2218933105469,0.005696411244571209,99.30172729492188,-5.059360504150391,0.9898759126663208,281.7955627441406,0.008985373191535473,89.72748565673828,-0.19625283777713776,2.988985538482666,290.07177734375,0.011880031786859035,83.55564880371094,5.640707240672782e-05,5.304148362483829e-05,6.747480869293213,-5.376232624053955,0.9354404211044312,5.640707240672782e-05,6.941071478649974e-05,81.85011291503906,6.747480869293213,0.8570065061036568,1.7906463782920081,16,6,15,ML_GGW_108_0016
GGW,108.0,917.0,8.0,6.0,16.105262756347656,300.0,-0.8660254037844386,0.5000000000000001,-0.8660254037844385,-0.5000000000000004,-5.410117149353027,-2.0606369972229004,217.36968994140625,5.9256755776004866e-05,95.73009490966797,-8.442570686340332,1.1498774290084839,241.73193359375,0.000782667426392436,104.8296890258789,-10.080784797668457,0.18014812469482422,270.02825927734375,0.006027440074831247,98.77629852294922,-6.4735822677612305,-1.9891575574874878,281.64080810546875,0.009220520034432411,93.06380462646484,-1.8985087871551514,0.19220063090324402,289.9961853027344,0.01274880487471819,90.05946350097656,5.553392838919535e-05,4.916404577670619e-05,4.172130107879639,-6.461112976074219,-0.5055136680603027,5.553392838919535e-05,6.445175677072257e-05,80.83746337890625,4.172130107879639,0.7677454788968546,1.1956244264924587,16,7,15,ML_GGW_108_0016
GGW,108.0,918.0,8.0,12.0,16.105262756347656,300.0,-0.8660254037844386,0.5000000000000001,-0.8660254037844385,-0.5000000000000004,-4.298017978668213,-4.154500484466553,217.869873046875,6.412332004401833e-05,98.14423370361328,-4.960582256317139,1.7576223611831665,242.14662170410156,0.0008024433045648038,103.3591079711914,-6.29465389251709,6.021445274353027,270.0183410644531,0.006060929968953133,99.54627990722656,-2.6221301555633545,3.9839682579040527,281.4767761230469,0.009246701374650002,94.38782501220703,2.2969818115234375,5.757443428039551,289.5158386230469,0.012242353521287441,89.23113250732422,5.942653297097422e-05,5.204727494856343e-05,11.905488014221191,-3.175680637359619,2.6731956005096436,5.942653297097422e-05,6.87559149810113e-05,86.06573486328125,4.856203079223633,0.7141253657374744,0.9155051562115852,16,8,15,ML_GGW_108_0016
GGW,108.0,919.0,8.0,18.0,18.0,300.0,-0.8660254037844386,0.5000000000000001,-0.8660254037844385,-0.5000000000000004,-2.4423887729644775,-3.5167431831359863,219.66171264648438,7.810319220880046e-05,98.48857116699219,-3.9641637802124023,-0.9153152108192444,241.54434204101562,0.0003322958655189723,47.1661491394043,-5.911922931671143,4.816652297973633,269.6768798828125,0.005403375718742609,89.69021606445312,-5.604351043701172,3.510228157043457,283.40655517578125,0.00985309761017561,88.33079528808594,-0.8484736084938049,5.507768154144287,290.4256286621094,0.011638840660452843,80.01429748535156,5.6982768001034856e-05,3.522412953316234e-05,9.164189338684082,-3.754260301589966,1.8805179595947266,5.6982768001034856e-05,6.796459638280794e-05,88.98908996582031,1.9954413175582886,0.817062064346667,1.4965681122454053,16,9,15,ML_GGW_108_0016
GGW,108.0,920.0,8.0,0.0,16.105262756347656,297.5,-0.8870108331782216,0.4617486132350341,-0.8660254037844385,-0.5000000000000004,-3.5603599548339844,-0.9565494060516357,218.5689697265625,7.265942986123264e-05,101.61881256103516,-5.424928188323975,2.998467445373535,243.2936553955078,0.0008816096233204007,101.56893920898438,-5.003591537475586,8.809168815612793,270.2413635253906,0.006105972453951836,98.35824584960938,-0.2253214716911316,1.716165542602539,281.7210693359375,0.009213926270604134,92.47825622558594,4.955167293548584,2.1855387687683105,290.1285400390625,0.012534749694168568,87.80860137939453,5.75890953768976e-05,5.1565828471211717e-05,9.076725006103516,-1.8518069982528687,2.9505581855773926,5.75890953768976e-05,7.122763054212555e-05,85.07379913330078,1.966272234916687,0.6843598175328266,0.7738809265928572,16,10,15,ML_GGW_108_0016
GGW,108.0,921.0,8.0,6.0,18.0,297.5,-0.8870108331782216,0.4617486132350341,-0.8660254037844385,-0.5000000000000004,-1.1630070209503174,-1.6279377937316895,219.4638671875,7.837110752006993e-05,100.16796112060547,-2.9242894649505615,1.8668718338012695,241.1587677001953,0.0004943578387610614,72.30203247070312,-3.0540294647216797,7.986597537994385,269.25958251953125,0.0055944290943443775,96.02816772460938,-6.138959884643555,3.130402088165283,283.47406005859375,0.0104304114356637,93.17681121826172,-2.149218797683716,3.7215139865875244,290.4920349121094,0.01181818637996912,80.84916687011719,5.619082730845548e-05,3.2831962016643956e-05,5.439599990844727,-3.0859007835388184,3.0154895782470703,5.619082730845548e-05,6.130623660283163e-05,88.1091079711914,4.142309188842773,0.7420869525440945,1.0568439202675637,16,11,15,ML_GGW_108_0016
GGW,108.0,922.0,8.0,12.0,18.0,295.0,-0.9063077870366498,0.4226182617406996,-0.8660254037844385,-0.5000000000000004,-0.9201481342315674,0.48507481813430786,221.2163543701172,9.884779137792066e-05,100.52718353271484,-4.370257377624512,3.0631227493286133,242.9052276611328,0.0008924084831960499,108.7510757446289,-7.921383857727051,3.1922340393066406,269.91632080078125,0.00565449008718133,94.1959457397461,-6.699355125427246,1.4152023792266846,282.7817687988281,0.00998268835246563,93.29766082763672,-2.212376117706299,2.2013213634490967,290.27545166015625,0.012760997749865055,88.5406265258789,5.470539690577425e-05,4.3749030737672e-05,2.1483378410339355,-4.424704074859619,2.0713911056518555,5.470539690577425e-05,5.944256190559827e-05,84.39450073242188,2.1483378410339355,0.6798448498933566,0.7530588878376092,16,12,15,ML_GGW_108_0016
GGW,108.0,923.0,8.0,18.0,18.0,295.0,-0.9063077870366498,0.4226182617406996,-0.8660254037844385,-0.5000000000000004,-0.05867632105946541,0.12498290836811066,219.10882568359375,7.605605787830427e-05,99.47805786132812,-3.9120681285858154,3.4834280014038086,242.64944458007812,0.0009297163924202323,114.79021453857422,-5.362600326538086,7.259206295013428,270.26702880859375,0.006065348628908396,97.61548614501953,-1.8993124961853027,5.503486633300781,282.78118896484375,0.00942318420857191,88.02731323242188,2.082263946533203,5.279335021972656,290.4771423339844,0.012446720153093338,85.27967834472656,5.5273751058848575e-05,4.494320455705747e-05,5.581305503845215,-1.8300784826278687,4.330087661743164,5.5273751058848575e-05,6.92419198458083e-05,84.80062866210938,5.581305503845215,0.6287996797534369,0.5270708681720264,16,13,15,ML_GGW_108_0016
GGW,108.0,924.0,8.0,0.0,19.894737243652344,295.0,-0.9063077870366498,0.4226182617406996,-0.8660254037844385,-0.5000000000000004,0.2887134253978729,-1.8239728212356567,220.5486602783203,9.041756857186556e-05,99.90255737304688,-3.3176639080047607,1.2714787721633911,241.9160919189453,0.0005930655752308667,85.91946411132812,-5.501661777496338,7.001147270202637,269.8431396484375,0.005140817258507013,83.58900451660156,-5.541222095489502,4.80554723739624,283.6800231933594,0.01014890056103468,89.33616638183594,-2.680548906326294,5.96406364440918,290.71734619140625,0.012119035236537457,81.70465087890625,5.006591891287826e-05,2.4309332729899324e-05,8.334868431091309,-3.3504767417907715,3.443652629852295,5.006591891287826e-05,6.89994340064004e-05,85.24254608154297,3.8954615592956543,0.7133316102566842,0.911620292522981,16,14,15,ML_GGW_108_0016
GGW,108.0,925.0,8.0,6.0,18.0,292.5,-0.9238795325112866,0.38268343236509,-0.8660254037844385,-0.5000000000000004,-2.943399667739868,-1.5063215494155884,218.1976776123047,6.78364303894341e-05,98.99127960205078,-2.796574592590332,5.710752487182617,242.64598083496094,0.0008769628475420177,106.8171615600586,-1.9285626411437988,8.575190544128418,270.697509765625,0.0062334127724170685,97.08297729492188,-0.4079288840293884,3.126417875289917,282.2939147949219,0.009739503264427185,94.02521514892578,2.139327049255371,3.839123249053955,290.5376892089844,0.013426040299236774,91.60595703125,4.991141031496227e-05,5.753856021328829e-05,7.3761701583862305,-1.1874277591705322,3.9490325450897217,4.991141031496227e-05,5.753856021328829e-05,79.15904998779297,5.372922897338867,0.671992182198569,0.7172092639618362,16,15,15,ML_GGW_108_0016
GGW,108.0,925.0,8.0,6.0,12.315789222717285,325.0,-0.5735764363510465,0.8191520442889916,-0.8660254037844385,-0.5000000000000004,-10.575111389160156,3.404682159423828,215.74539184570312,5.069958933745511e-05,101.83937072753906,-9.139204978942871,0.948384165763855,241.29965209960938,0.0008162395679391921,113.363525390625,-11.474264144897461,-1.3338677883148193,268.1921081542969,0.005362681113183498,102.0314712524414,-11.037734985351562,-1.679696798324585,279.4991455078125,0.008531788364052773,99.80398559570312,0.3930182456970215,-0.30142340064048767,288.8896484375,0.011542906984686852,87.56979370117188,4.057130354340188e-05,4.9227834097109735e-05,11.577352523803711,-8.366660118103027,0.2076156884431839,4.057130354340188e-05,4.9227834097109735e-05,80.68541717529297,3.592182159423828,0.5517582056517815,0.20777711072692506,17,1,11,ML_GGW_108_0017
GGW,108.0,926.0,8.0,12.0,12.315789222717285,322.5,-0.608761429008721,0.7933533402912349,-0.8660254037844385,-0.5000000000000004,-11.59928035736084,4.1918439865112305,216.12350463867188,5.258050805423409e-05,100.47593688964844,-10.949467658996582,0.5963460803031921,241.6712646484375,0.0008499352261424065,113.83321380615234,-12.309484481811523,-2.9589998722076416,268.40228271484375,0.005391818005591631,100.62963104248047,-11.286458015441895,-1.9577364921569824,279.77313232421875,0.008462435565888882,97.13226318359375,-1.8808773756027222,-1.1672788858413696,289.14068603515625,0.011097029782831669,82.73368072509766,4.142347097513266e-05,5.387506098486483e-05,11.098087310791016,-9.60511302947998,-0.25916507840156555,4.142347097513266e-05,5.764445086242631e-05,76.83722686767578,3.777798652648926,0.6137451362217908,0.46308233394906706,17,2,11,ML_GGW_108_0017
GGW,108.0,927.0,8.0,18.0,12.315789222717285,322.5,-0.608761429008721,0.7933533402912349,-0.8660254037844385,-0.5000000000000004,-9.086492538452148,4.564413547515869,216.74319458007812,5.6636308727320284e-05,99.9856185913086,-10.961725234985352,0.33444005250930786,242.19464111328125,0.0008658455335535109,109.59160614013672,-12.349308967590332,-2.9219276905059814,268.2863464355469,0.005400184076279402,101.962890625,-11.943610191345215,-1.8195090293884277,279.4091796875,0.00818474031984806,96.35147094726562,-1.9408807754516602,-0.7588343620300293,289.14599609375,0.01134764589369297,84.62043762207031,4.36543850810267e-05,5.622784010483883e-05,8.910484313964844,-9.256402969360352,-0.12028346210718155,4.36543850810267e-05,6.449124339269474e-05,75.56379699707031,5.867736339569092,0.6625264403588627,0.6745733015999695,17,3,11,ML_GGW_108_0017
GGW,108.0,928.0,8.0,0.0,12.315789222717285,320.0,-0.6427876096865396,0.7660444431189778,-0.8660254037844385,-0.5000000000000004,-9.906970024108887,6.454559803009033,217.1650848388672,5.9961901570204645e-05,99.95178985595703,-13.500214576721191,-1.327114224433899,241.17718505859375,0.000820285000372678,117.85630798339844,-14.049653053283691,-5.998199939727783,267.520751953125,0.005072739906609058,101.81168365478516,-12.637961387634277,-3.4386792182922363,280.01580810546875,0.008063383400440216,90.97856903076172,-4.092601299285889,-1.9378639459609985,289.26971435546875,0.011345751583576202,83.80465698242188,4.463774530449882e-05,4.8909631004789844e-05,10.209782600402832,-10.837480545043945,-1.2494595050811768,4.463774530449882e-05,6.774232315365225e-05,75.63288116455078,4.8090972900390625,0.6179157043566129,0.4807107939505828,17,4,11,ML_GGW_108_0017
GGW,108.0,929.0,8.0,6.0,12.315789222717285,320.0,-0.6427876096865396,0.7660444431189778,-0.8660254037844385,-0.5000000000000004,-7.409935474395752,3.872239589691162,216.78958129882812,5.72679091419559e-05,100.39552307128906,-12.922469139099121,0.09883374720811844,241.06976318359375,0.0008404579130001366,122.03565216064453,-13.698307037353516,-4.095418453216553,267.9031677246094,0.005248826462775469,102.25033569335938,-12.806838035583496,-2.075897216796875,279.01141357421875,0.007634022738784552,92.35389709472656,-3.3105199337005615,-0.7123440504074097,289.2450256347656,0.011466925963759422,84.91436767578125,4.833212005905807e-05,5.1039114623563364e-05,6.15009069442749,-10.029614448547363,-0.5825172662734985,4.833212005905807e-05,6.723631668137386e-05,74.8968505859375,3.3284308910369873,0.6401811463719109,0.5761504570672238,17,5,11,ML_GGW_108_0017
GGW,108.0,930.0,8.0,12.0,12.315789222717285,320.0,-0.6427876096865396,0.7660444431189778,-0.8660254037844385,-0.5000000000000004,-7.165389537811279,2.7333359718322754,216.45962524414062,5.618058639811352e-05,102.66830444335938,-11.59630298614502,2.6661620140075684,241.93418884277344,0.0008918466046452522,116.61849212646484,-12.645126342773438,-0.751383900642395,268.1846008300781,0.005349448416382074,102.11698150634766,-11.079733848571777,-0.43138909339904785,278.47503662109375,0.007515878416597843,94.40499114990234,-1.2232892513275146,1.0439224243164062,289.3855285644531,0.011587289161980152,85.06362915039062,4.939514474244788e-05,5.3100724471732974e-05,6.1775946617126465,-8.741968154907227,1.0521295070648193,4.939514474244788e-05,6.422772275982425e-05,73.70246887207031,0.4066542983055115,0.6481654242971511,0.6109848384371188,17,6,11,ML_GGW_108_0017
GGW,108.0,931.0,8.0,18.0,12.315789222717285,317.5,-0.6755902076156605,0.7372773368101239,-0.8660254037844385,-0.5000000000000004,-9.803786277770996,4.680291652679443,216.9265594482422,5.838750075781718e-05,100.64752197265625,-13.021225929260254,0.907261312007904,242.4071807861328,0.0009466593037359416,118.10753631591797,-12.893238067626953,-4.489593982696533,268.0226745605469,0.005280040204524994,102.16276550292969,-12.310572624206543,-3.21272611618042,278.6382141113281,0.007249839603900909,90.02392578125,-1.1303560733795166,0.01370310503989458,289.3355407714844,0.011564639396965504,85.1693115234375,5.13505692651961e-05,5.2178573241690174e-05,9.84913444519043,-9.831835746765137,-0.4202128052711487,5.13505692651961e-05,6.456976552726701e-05,74.88883972167969,3.28346848487854,0.6617122578568891,0.6709339641999876,17,7,11,ML_GGW_108_0017
GGW,108.0,932.0,8.0,0.0,12.315789222717285,317.5,-0.6755902076156605,0.7372773368101239,-0.8660254037844385,-0.5000000000000004,-8.302704811096191,3.5193698406219482,217.48106384277344,6.259408837649971e-05,100.23744201660156,-10.273842811584473,3.908342123031616,242.36288452148438,0.0009631120483390987,123.16118621826172,-11.159224510192871,0.7925187349319458,268.0275573730469,0.005287364590913057,102.21589660644531,-11.614931106567383,-1.0010230541229248,277.8105773925781,0.007169907446950674,94.35765075683594,0.44286665320396423,1.6659860610961914,289.3362731933594,0.01146020833402872,84.40008544921875,5.012871770304628e-05,6.135021976660937e-05,8.939801216125488,-8.18156623840332,1.777038812637329,5.012871770304628e-05,6.135021976660937e-05,73.03697967529297,2.5789389610290527,0.637802890485486,0.5658407214679086,17,8,11,ML_GGW_108_0017
GGW,108.0,933.0,8.0,6.0,12.315789222717285,315.0,-0.7071067811865477,0.7071067811865474,-0.8660254037844385,-0.5000000000000004,-9.46818733215332,1.7328680753707886,217.08387756347656,5.954937296337448e-05,100.11125946044922,-9.799073219299316,2.4212355613708496,241.4237823486328,0.0008633654215373099,121.02984619140625,-10.64444637298584,-0.31246915459632874,268.1655578613281,0.005345780868083239,102.02928161621094,-12.115377426147461,-1.6400361061096191,277.8906555175781,0.007152813486754894,93.61156463623047,0.34451958537101746,1.6854774951934814,288.86346435546875,0.011890954338014126,90.2632064819336,4.72400315629784e-05,5.4630989325232804e-05,9.812821388244629,-8.336512565612793,0.7774151563644409,4.72400315629784e-05,5.549412526306696e-05,73.71309661865234,2.3075709342956543,0.6279505734340514,0.5234347460881126,17,9,11,ML_GGW_108_0017
GGW,108.0,934.0,8.0,12.0,12.315789222717285,312.5,-0.7372773368101242,0.6755902076156601,-0.8660254037844385,-0.5000000000000004,-11.272215843200684,1.8136358261108398,216.826171875,5.692912600352429e-05,99.84523010253906,-10.365181922912598,1.1532760858535767,241.48269653320312,0.0008066540467552841,109.95011901855469,-9.630475997924805,-1.2978004217147827,268.3707580566406,0.005395365878939629,101.15792846679688,-11.420106887817383,-1.5907201766967773,278.376220703125,0.007086268626153469,89.70960998535156,0.9902063608169556,1.8733861446380615,288.751220703125,0.011896809563040733,91.00360107421875,4.213340434944257e-05,4.7599925892427564e-05,12.262568473815918,-8.339554786682129,0.3903554677963257,4.213340434944257e-05,5.047990271123126e-05,73.72225952148438,0.3006019592285156,0.6271968691083272,0.5202099960776496,17,10,11,ML_GGW_108_0017
GGW,108.0,935.0,8.0,18.0,14.210526466369629,312.5,-0.7372773368101242,0.6755902076156601,-0.8660254037844385,-0.5000000000000004,-8.510431289672852,5.046645164489746,216.31967163085938,5.4155181715032086e-05,101.34756469726562,-8.719949722290039,4.685593605041504,241.6480255126953,0.0008227642974816263,110.33351135253906,-11.605827331542969,0.9904149174690247,268.8131103515625,0.005586343351751566,101.14375305175781,-15.517282485961914,-0.900092363357544,278.7077331542969,0.006227689795196056,77.18768310546875,-6.093372821807861,0.04839641600847244,290.2379455566406,0.011336707510054111,78.76336669921875,3.8729736843379214e-05,4.2954878153977916e-05,5.551996231079102,-10.089372634887695,1.974191427230835,3.8729736843379214e-05,5.192383468966e-05,66.41130065917969,2.728641986846924,0.5680125771776078,0.273747087411085,17,11,11,ML_GGW_108_0017
GGW,108.0,926.0,8.0,12.0,29.36842155456543,290.0,-0.9396926207859083,0.342020143325669,-0.8660254037844385,-0.5000000000000004,-2.786198139190674,7.991121292114258,220.31654357910156,8.565666212234646e-05,96.73568725585938,-6.028096675872803,6.504034996032715,241.9374237060547,0.0006448823842220008,85.76917266845703,-2.505970001220703,7.346951961517334,268.3223571777344,0.004436489660292864,82.25199127197266,-6.705565452575684,6.734578609466553,283.3933410644531,0.009220310486853123,82.54962921142578,-9.363409042358398,6.3033976554870605,290.5635986328125,0.012894978746771812,87.74613952636719,2.5851702957879752e-05,2.228836456197314e-05,6.790295600891113,-5.477847576141357,6.976016998291016,2.7960175430052914e-05,4.429989348864183e-05,69.69894409179688,5.153355121612549,0.733209122110943,1.0109658347561186,18,1,8,ML_GGW_108_0018
GGW,108.0,927.0,8.0,18.0,31.263158798217773,287.5,-0.9537169507482268,0.30070579950427345,-0.8660254037844385,-0.5000000000000004,-8.819623947143555,10.715129852294922,217.64744567871094,6.391305214492604e-05,100.65724182128906,-5.448615074157715,7.0223069190979,242.30276489257812,0.0008767584804445505,109.95748138427734,-0.759340226650238,2.910207509994507,269.50543212890625,0.0058632344007492065,100.62451934814453,-4.249593257904053,3.8121213912963867,280.11492919921875,0.008307673037052155,93.14305877685547,-6.8058929443359375,2.942624807357788,290.88409423828125,0.011418272741138935,76.25735473632812,3.019114228663966e-05,4.577321305987425e-05,8.029130935668945,-5.216612815856934,5.480478286743164,3.019114228663966e-05,4.832773993257433e-05,65.75297546386719,2.1238455772399902,0.6041875397433322,0.4229441321374692,18,2,8,ML_GGW_108_0018
GGW,108.0,928.0,8.0,0.0,31.263158798217773,287.5,-0.9537169507482268,0.30070579950427345,-0.8660254037844385,-0.5000000000000004,-9.244948387145996,9.836462020874023,218.06436157226562,6.715531344525516e-05,100.18828582763672,-3.551260471343994,5.317983150482178,242.3858184814453,0.0008866575662977993,110.48933410644531,1.3475582599639893,5.580454349517822,269.8241271972656,0.005939353723078966,99.54057312011719,-2.3868398666381836,6.212973594665527,282.1380920410156,0.00892927311360836,87.09552764892578,-5.9143571853637695,5.36239767074585,291.1587219238281,0.012682275846600533,83.18206787109375,3.302982804598287e-05,4.43392782472074e-05,5.57764196395874,-3.949969530105591,6.4620537757873535,3.302982804598287e-05,6.179328920552507e-05,68.23299407958984,0.8876016736030579,0.61884987023198,0.48466936839514463,18,3,8,ML_GGW_108_0018
GGW,108.0,929.0,8.0,6.0,33.157894134521484,287.5,-0.9537169507482268,0.30070579950427345,-0.8660254037844385,-0.5000000000000004,-5.3581132888793945,11.016818046569824,218.7906494140625,7.387585355900228e-05,100.43175506591797,-1.3880010843276978,5.465874671936035,243.7933807373047,0.0010644157882779837,114.92914581298828,0.9663731455802917,7.416558742523193,269.6791687011719,0.005913303233683109,100.41203308105469,-2.521442413330078,8.551358222961426,280.50506591796875,0.009283272549510002,101.28424835205078,-4.805580139160156,8.225446701049805,290.2867126464844,0.013240625150501728,91.76339721679688,3.446224218350835e-05,5.9981266531394795e-05,2.8455309867858887,-2.6213526725769043,8.135210990905762,3.446224218350835e-05,5.9981266531394795e-05,70.0721435546875,2.8455309867858887,0.6800397466226762,0.7539544674942322,18,4,8,ML_GGW_108_0018
GGW,108.0,930.0,8.0,12.0,35.05263137817383,287.5,-0.9537169507482268,0.30070579950427345,-0.8660254037844385,-0.5000000000000004,-0.6502876281738281,14.057113647460938,219.91941833496094,8.572415390517563e-05,100.40896606445312,0.07735102623701096,6.3870415687561035,244.90225219726562,0.0011821292573586106,114.45160675048828,0.2601674497127533,6.525818347930908,269.3031921386719,0.005752622149884701,100.78192901611328,-1.770161509513855,9.04977798461914,280.2879943847656,0.00916337501257658,101.50408172607422,-3.405482769012451,8.770262718200684,289.763671875,0.01349759753793478,96.7546615600586,3.807062967098318e-05,6.055763878975995e-05,5.961702346801758,-1.0976827144622803,8.958003044128418,3.807062967098318e-05,6.055763878975995e-05,72.7047348022461,3.344633102416992,0.6813822987854115,0.7601315718746375,18,5,8,ML_GGW_108_0018
GGW,108.0,931.0,8.0,18.0,35.05263137817383,287.5,-0.9537169507482268,0.30070579950427345,-0.8660254037844385,-0.5000000000000004,-1.159834861755371,12.122529029846191,221.77574157714844,0.00010954157914966345,101.4577865600586,1.5915768146514893,4.553619861602783,245.8067626953125,0.0013577440986409783,124.06269836425781,3.838954210281372,5.315369129180908,268.23809814453125,0.005165683105587959,98.79104614257812,1.4732969999313354,9.362276077270508,280.5544738769531,0.00924628134816885,100.5332260131836,-0.8405997157096863,9.65554141998291,290.2538757324219,0.013774345628917217,95.70663452148438,4.3728261516662315e-05,6.253917672438547e-05,2.4875569343566895,0.9806787371635437,8.20186710357666,4.3728261516662315e-05,6.253917672438547e-05,71.84944915771484,2.4875569343566895,0.5958596615696802,0.3882429821800184,18,6,8,ML_GGW_108_0018
GGW,108.0,932.0,8.0,0.0,36.94736862182617,287.5,-0.9537169507482268,0.30070579950427345,-0.8660254037844385,-0.5000000000000004,5.015079021453857,15.152066230773926,220.85601806640625,9.398972906637937e-05,98.70238494873047,3.140746593475342,4.459814548492432,243.15924072265625,0.0010161800310015678,120.40025329589844,2.7861969470977783,3.504706859588623,268.6650085449219,0.0052025169134140015,96.20622253417969,0.8558499813079834,6.752105236053467,280.4066162109375,0.009129980579018593,100.28455352783203,-0.9137266278266907,7.573792457580566,289.8332824707031,0.013852010481059551,98.8580322265625,5.148043783265166e-05,5.660475653712638e-05,9.62190055847168,2.1768290996551514,7.488497257232666,5.148043783265166e-05,5.660475653712638e-05,71.01622772216797,1.56961190700531,0.6505647116487171,0.6215223832658165,18,7,8,ML_GGW_108_0018
GGW,108.0,933.0,8.0,6.0,36.94736862182617,287.5,-0.9537169507482268,0.30070579950427345,-0.8660254037844385,-0.5000000000000004,8.557266235351562,15.70876407623291,219.6445770263672,7.92915016063489e-05,97.41493225097656,3.555833339691162,6.425978660583496,242.68203735351562,0.0009327923180535436,114.50704956054688,4.895890712738037,2.3351378440856934,268.7554931640625,0.005057428032159805,93.04398345947266,3.5321788787841797,5.563788414001465,281.2615051269531,0.00943214725703001,97.70602416992188,1.5693180561065674,7.294373035430908,290.1075439453125,0.014068352058529854,98.66951751708984,6.046497946954332e-05,4.397411612444557e-05,10.937705039978027,4.422097682952881,7.4656081199646,6.046497946954332e-05,4.397411612444557e-05,71.08740997314453,0.7365155220031738,0.638951520083573,0.5708163403719331,18,8,8,ML_GGW_108_0018
GGW,108.0,933.0,8.0,6.0,23.6842098236084,287.5,-0.9537169507482268,0.30070579950427345,-0.8660254037844385,-0.5000000000000004,0.03623241186141968,-3.376239061355591,218.78805541992188,7.251914212247357e-05,98.27119445800781,-0.04417598620057106,2.3825716972351074,243.217529296875,0.000927669636439532,106.77931213378906,-4.121314525604248,2.516317129135132,269.88922119140625,0.005912054795771837,98.23466491699219,-2.05548095703125,0.06590855866670609,285.4852294921875,0.012171059846878052,94.88368225097656,0.10797935724258423,0.36296242475509644,290.2335205078125,0.013556578196585178,94.38497161865234,5.380318179959431e-05,2.6162664653384127e-05,3.7398898601531982,-1.215351939201355,0.3903041481971741,5.380318179959431e-05,3.761404877877794e-05,73.25019836425781,2.7122178077697754,0.611147812927873,0.45213956001196354,19,1,19,ML_GGW_108_0019
GGW,108.0,934.0,8.0,12.0,23.6842098236084,287.5,-0.9537169507482268,0.30070579950427345,-0.8660254037844385,-0.5000000000000004,-2.102236270904541,-4.852522850036621,219.14353942871094,7.687347533646971e-05,99.40870666503906,-1.4946953058242798,0.2785893976688385,243.6273193359375,0.0009860564023256302,108.92362976074219,-3.205036163330078,1.8233078718185425,270.1234130859375,0.006047853268682957,98.68104553222656,0.09339254349470139,1.8700412511825562,285.20257568359375,0.012228751555085182,97.15408325195312,1.1997509002685547,2.9320285320281982,290.27783203125,0.013636687770485878,94.68421173095703,5.9800262533826753e-05,3.3483356673968956e-05,8.455906867980957,-1.1017649173736572,0.41028881072998047,5.9800262533826753e-05,3.692464088089764e-05,75.8343734741211,3.867783308029175,0.6414105935325908,0.5814917840158225,19,2,19,ML_GGW_108_0019
GGW,108.0,935.0,8.0,18.0,25.578947067260742,287.5,-0.9537169507482268,0.30070579950427345,-0.8660254037844385,-0.5000000000000004,-1.3449325561523438,-0.2829259932041168,219.1229705810547,6.872141966596246e-05,88.3149642944336,-5.845611572265625,1.2287496328353882,243.12945556640625,0.0009207481052726507,107.74608612060547,-8.896044731140137,0.08006482571363449,269.9627685546875,0.005963841453194618,98.45703887939453,-4.753115177154541,2.5339231491088867,285.4153747558594,0.01206511352211237,94.50035858154297,-3.297639846801758,5.649355411529541,290.68096923828125,0.013631369918584824,92.22731018066406,6.36442782706581e-05,2.8978496629861183e-05,6.245400428771973,-4.8274688720703125,1.841833472251892,6.36442782706581e-05,5.355149551178329e-05,77.4396743774414,4.7649126052856445,0.775196169343051,1.2378879608931443,19,3,19,ML_GGW_108_0019
GGW,108.0,936.0,8.0,0.0,25.578947067260742,287.5,-0.9537169507482268,0.30070579950427345,-0.8660254037844385,-0.5000000000000004,-1.5869238376617432,-2.901860475540161,218.3004150390625,5.7144246966345236e-05,81.18116760253906,-8.652278900146484,1.002347469329834,242.16824340820312,0.0007912977016530931,102.34012603759766,-11.384011268615723,1.3358172178268433,269.9690856933594,0.005935573019087315,97.88973236083984,-5.3238420486450195,3.965467929840088,285.1983642578125,0.011832037940621376,94.02173614501953,-1.4883110523223877,7.4185051918029785,290.58050537109375,0.013621274381875992,92.7406005859375,6.886005576234311e-05,4.365779022919014e-05,10.320837020874023,-5.687073707580566,2.164055347442627,6.886005576234311e-05,6.872931407997385e-05,78.39816284179688,6.742651462554932,0.8625853220778987,1.8369308678622303,19,4,19,ML_GGW_108_0019
GGW,108.0,937.0,8.0,6.0,25.578947067260742,287.5,-0.9537169507482268,0.30070579950427345,-0.8660254037844385,-0.5000000000000004,-3.94620943069458,-4.369537830352783,221.91209411621094,0.0001023404038278386,93.94112396240234,-7.3634257316589355,1.6449611186981201,242.90870666503906,0.0004934696480631828,60.38129806518555,-9.570417404174805,3.4347753524780273,269.9776611328125,0.005656776949763298,93.13355255126953,-3.093549966812134,8.465456008911133,283.5543518066406,0.010944964364171028,97.00074005126953,0.18591827154159546,10.46417236328125,290.4066467285156,0.01386012602597475,95.38700103759766,6.831622158642858e-05,5.415358828031458e-05,15.39848804473877,-4.757536888122559,3.9279656410217285,6.831622158642858e-05,6.952963303774595e-05,80.62464141845703,2.5269887447357178,0.9252610188442887,2.5160740881239536,19,5,19,ML_GGW_108_0019
GGW,108.0,938.0,8.0,12.0,25.578947067260742,285.0,-0.9659258262890684,0.2588190451025203,-0.8660254037844385,-0.5000000000000004,-6.704142093658447,3.5421524047851562,220.80859375,8.82315871422179e-05,93.30855560302734,-9.449234962463379,0.9053340554237366,244.60403442382812,0.0009897082345560193,98.00837707519531,-5.4916486740112305,-3.74147891998291,270.16229248046875,0.006113698240369558,99.61775970458984,-0.6948046088218689,0.3718438446521759,284.69195556640625,0.012037343345582485,98.90379333496094,1.185808777809143,2.594996452331543,290.3279724121094,0.013959184288978577,96.60357666015625,7.756480044918135e-05,6.302924157353118e-05,7.946598529815674,-4.230804920196533,0.7345695495605469,7.756480044918135e-05,7.282874139491469e-05,78.7069091796875,1.797309160232544,0.8692006164678633,1.893909231663013,19,6,19,ML_GGW_108_0019
GGW,108.0,939.0,8.0,18.0,27.473684310913086,285.0,-0.9659258262890684,0.2588190451025203,-0.8660254037844385,-0.5000000000000004,-0.8958693146705627,3.5559771060943604,222.6019744873047,0.0001081518639693968,92.47671508789062,-11.616106986999512,1.8850200176239014,244.26458740234375,0.0005801861989311874,62.23573303222656,-13.994916915893555,-1.0432276725769043,270.2995300292969,0.005633714608848095,89.17874145507812,-7.259162425994873,4.6214118003845215,283.7330322265625,0.011120801791548729,97.40782928466797,-4.799442768096924,8.116134643554688,291.1299743652344,0.013905134052038193,91.42871856689453,8.50790020194836e-05,5.49880278413184e-05,6.002743244171143,-7.713099479675293,3.42706298828125,8.50790020194836e-05,9.011162910610437e-05,83.23395538330078,3.6410369873046875,0.9519417768104065,2.9860906151537314,19,7,19,ML_GGW_108_0019
GGW,108.0,940.0,8.0,0.0,27.473684310913086,285.0,-0.9659258262890684,0.2588190451025203,-0.8660254037844385,-0.5000000000000004,-1.1912554502487183,0.23119226098060608,223.0779266357422,0.00012374330253805965,99.59356689453125,-9.898396492004395,4.309219837188721,244.7622528076172,0.0010292648803442717,102.8028335571289,-12.401520729064941,5.312286853790283,270.52557373046875,0.0057408674620091915,91.55582427978516,-3.521637439727783,10.059432983398438,281.93597412109375,0.009840688668191433,97.24593353271484,-1.3556971549987793,12.269882202148438,290.77783203125,0.014144090004265308,95.03644561767578,8.630609227111563e-05,8.410512964474037e-05,12.039813041687012,-5.673701286315918,6.436402797698975,8.630609227111563e-05,9.667270205682144e-05,81.48836517333984,8.539617538452148,0.8430479045631474,1.6810831484958162,19,8,19,ML_GGW_108_0019
GGW,108.0,941.0,8.0,6.0,27.473684310913086,282.5,-0.9762960071199335,0.21643961393810246,-0.8660254037844385,-0.5000000000000004,-3.0331549644470215,3.2505993843078613,224.63055419921875,0.00014796767209190875,99.6494140625,-7.832730293273926,0.6427984237670898,245.82272338867188,0.0011189673095941544,101.24668884277344,-5.219858169555664,-3.020353078842163,269.4409484863281,0.005707191303372383,98.9319839477539,-0.01708635687828064,-0.4269833564758301,283.1588439941406,0.010712441056966782,97.47257232666016,1.4907985925674438,1.777117371559143,290.8791809082031,0.014572186395525932,97.30979919433594,8.948628965299577e-05,8.50584328873083e-05,4.757867813110352,-2.922405958175659,0.4446357786655426,8.948628965299577e-05,8.644656918477267e-05,80.38298034667969,4.757867813110352,0.8479525654173109,1.718632155433847,19,9,19,ML_GGW_108_0019
GGW,108.0,942.0,8.0,12.0,29.36842155456543,282.5,-0.9762960071199335,0.21643961393810246,-0.8660254037844385,-0.5000000000000004,0.24739444255828857,2.8144209384918213,222.9417266845703,0.00012055654224241152,99.5593032836914,-7.903705596923828,2.5733392238616943,244.20323181152344,0.0009230365976691246,95.73895263671875,-9.791680335998535,0.08904974907636642,271.25921630859375,0.00671406788751483,100.41889953613281,-5.852802753448486,4.9263763427734375,283.3463439941406,0.009191416203975677,82.65098571777344,-4.770666599273682,7.23640251159668,291.3656311035156,0.01435340940952301,92.92787170410156,9.826545283431187e-05,6.996926822466776e-05,6.688412666320801,-5.614291667938232,3.5279178619384766,9.826545283431187e-05,9.412626241100952e-05,81.31838989257812,6.688412666320801,0.8799697713493433,1.9921439396615277,19,10,19,ML_GGW_108_0019
GGW,108.0,943.0,8.0,18.0,29.36842155456543,282.5,-0.9762960071199335,0.21643961393810246,-0.8660254037844385,-0.5000000000000004,-1.3717710971832275,2.8742899894714355,222.21780395507812,0.00011351529974490404,100.07758331298828,-7.044986248016357,2.5783305168151855,246.72242736816406,0.0013958808267489076,113.22388458251953,-4.7593674659729,3.616300344467163,271.48138427734375,0.0067438650876283646,99.76659393310547,1.576399564743042,8.690580368041992,282.3299865722656,0.010206839069724083,98.2113037109375,3.06803297996521,10.357852935791016,291.36773681640625,0.01439062599092722,93.18763732910156,0.00010366695642005652,9.525357017992064e-05,8.701469421386719,-1.7063382863998413,5.623471260070801,0.00010366695642005652,9.525357017992064e-05,81.55551147460938,8.701469421386719,0.7562329892288442,1.13213662028837,19,11,19,ML_GGW_108_0019
GGW,108.0,944.0,8.0,0.0,31.263158798217773,282.5,-0.9762960071199335,0.21643961393810246,-0.8660254037844385,-0.5000000000000004,1.1048622131347656,1.0390793085098267,221.89231872558594,0.00010841750190593302,100.21185302734375,-6.273303985595703,4.127900123596191,246.04800415039062,0.0012582330964505672,107.89949798583984,-7.635462760925293,7.166971683502197,271.8905944824219,0.0069444989785552025,99.38480377197266,-4.203124046325684,12.419266700744629,281.9124450683594,0.009621405974030495,95.2029037475586,-3.1739020347595215,14.318534851074219,291.29718017578125,0.013989592902362347,91.00786590576172,0.00010046953684650362,8.772604633122683e-05,13.951765060424805,-4.036186218261719,7.8143510818481445,0.00010046953684650362,9.910396329360083e-05,79.94843292236328,8.003867149353027,0.7802307879407432,1.267011798259916,19,12,19,ML_GGW_108_0019
GGW,108.0,945.0,8.0,6.0,31.263158798217773,280.0,-0.9848077530122081,0.17364817766692997,-0.8660254037844385,-0.5000000000000004,1.8598089218139648,4.4607744216918945,222.79766845703125,0.00011968428589170799,99.68191528320312,-4.375223636627197,0.6272910833358765,244.83285522460938,0.0010235417867079377,99.9503173828125,-2.6010563373565674,-3.9382059574127197,271.5164489746094,0.006809311453253031,99.75856018066406,1.6193368434906006,0.0727357417345047,284.0659484863281,0.009049156680703163,77.46012878417969,1.6752420663833618,1.6470153331756592,291.4371032714844,0.013852435164153576,89.23733520507812,9.669927385402843e-05,6.464334728661925e-05,2.819805860519409,-0.3643784821033478,0.5739221572875977,9.669927385402843e-05,8.556920511182398e-05,79.97574615478516,2.819805860519409,0.8610200103302414,1.8237877814021424,19,13,19,ML_GGW_108_0019
GGW,108.0,946.0,8.0,12.0,33.157894134521484,280.0,-0.9848077530122081,0.17364817766692997,-0.8660254037844385,-0.5000000000000004,5.203212261199951,6.918481349945068,221.70164489746094,7.0146270445548e-05,67.50890350341797,-2.588948965072632,5.005284786224365,245.62030029296875,0.0006782783311791718,62.26918029785156,-2.7727253437042236,-0.46577188372612,271.4706726074219,0.006705357693135738,98.76538848876953,-2.7561848163604736,2.4723689556121826,284.1378479003906,0.00954639445990324,81.31713104248047,-3.0179853439331055,4.562141418457031,290.9303283691406,0.014214304275810719,94.59724426269531,0.00010210333857685328,5.316949318512343e-05,8.552217483520508,-1.1865265369415283,3.698500871658325,0.00010210333857685328,6.822909199399874e-05,82.85128784179688,8.552217483520508,0.9779525080842999,3.7922622585110837,19,14,19,ML_GGW_108_0019
GGW,108.0,947.0,8.0,18.0,35.05263137817383,280.0,-0.9848077530122081,0.17364817766692997,-0.8660254037844385,-0.5000000000000004,6.169456958770752,9.462791442871094,221.72915649414062,3.201722211088054e-05,29.418405532836914,0.9416200518608093,7.773556232452393,245.53109741210938,0.0007017962052486837,60.723567962646484,-0.7512868642807007,0.5487578511238098,271.7295227050781,0.006863792892545462,99.06620025634766,-4.383385181427002,4.241625785827637,283.6043701171875,0.010119943879544735,89.24317932128906,-6.085493564605713,6.42085599899292,291.5742492675781,0.015300205908715725,97.77142333984375,9.550079266773537e-05,4.6825727622490376e-05,12.626843452453613,-0.8218177556991577,5.689517021179199,9.550079266773537e-05,6.532591214636341e-05,85.51740264892578,5.005683898925781,0.9631548494264174,3.2634901869736055,19,15,19,ML_GGW_108_0019
GGW,108.0,948.0,8.0,0.0,35.05263137817383,280.0,-0.9848077530122081,0.17364817766692997,-0.8660254037844385,-0.5000000000000004,4.956270217895508,9.639652252197266,222.15321350097656,4.9470498197479174e-05,45.080772399902344,2.1838219165802,4.795235633850098,245.8123321533203,0.000451280822744593,40.19197082519531,1.7622605562210083,-1.387591004371643,270.7333679199219,0.006130462046712637,94.38492584228516,0.9055492877960205,3.2399611473083496,284.7257385253906,0.01027676835656166,84.17926025390625,1.2159676551818848,5.3313212394714355,291.7231750488281,0.015055209398269653,95.28076171875,8.808060374576598e-05,3.962963819503784e-05,5.705399036407471,2.2047736644744873,4.323716163635254,8.808060374576598e-05,6.098324593040161e-05,82.65000915527344,5.705399036407471,0.9800324192240142,3.89347565478404,19,16,19,ML_GGW_108_0019
GGW,108.0,949.0,8.0,6.0,36.94736862182617,280.0,-0.9848077530122081,0.17364817766692997,-0.8660254037844385,-0.5000000000000004,11.91406536102295,13.557881355285645,222.14976501464844,3.775414370466024e-05,34.96225357055664,8.566374778747559,8.87716293334961,245.29000854492188,0.00013980682706460357,14.511286735534668,3.5133190155029297,0.37493202090263367,271.33953857421875,0.004712388385087252,68.15046691894531,0.5863011479377747,1.9832512140274048,283.8373107910156,0.010233194567263126,88.80381774902344,0.08884965628385544,3.808697462081909,291.0965270996094,0.015323033556342125,100.91209411621094,7.823893247405067e-05,2.1776475477963686e-05,15.325870513916016,4.93378210067749,5.72038459777832,7.823893247405067e-05,5.160034925211221e-05,85.0103988647461,8.10580825805664,0.9626021992925317,3.248028343529996,19,17,19,ML_GGW_108_0019
GGW,108.0,950.0,8.0,12.0,38.842105865478516,282.5,-0.9762960071199335,0.21643961393810246,-0.8660254037844385,-0.5000000000000004,15.267987251281738,11.385785102844238,221.96299743652344,8.40583597891964e-05,77.72708129882812,8.964516639709473,10.577852249145508,245.12632751464844,0.0008003703551366925,76.67133331298828,3.811772584915161,5.995762825012207,271.0073547363281,0.006405474152415991,97.41480255126953,0.41839298605918884,9.372928619384766,282.8087463378906,0.01063477247953415,98.93143463134766,-2.8401095867156982,12.16231632232666,291.24658203125,0.015274398028850555,99.6474609375,8.203869219869375e-05,3.5827008105115965e-05,18.124738693237305,5.124512195587158,9.89892864227295,8.203869219869375e-05,3.5827008105115965e-05,88.2236557006836,3.745943307876587,0.8861999616540703,2.052499756844192,19,18,19,ML_GGW_108_0019
GGW,108.0,951.0,8.0,18.0,38.842105865478516,282.5,-0.9762960071199335,0.21643961393810246,-0.8660254037844385,-0.5000000000000004,16.530982971191406,12.715795516967773,222.4838104248047,9.406649769516662e-05,82.63297271728516,12.111021995544434,11.906781196594238,245.61668395996094,0.0003817446413449943,36.96688461303711,7.221928596496582,2.983928680419922,271.3222351074219,0.004078633151948452,58.99214172363281,4.4062819480896,4.083724498748779,284.4653015136719,0.01079509872943163,89.92788696289062,3.2758381366729736,6.9868011474609375,291.97900390625,0.016079844906926155,100.1576919555664,8.401709783356637e-05,1.798445009626448e-05,14.440230369567871,8.709210395812988,7.735406398773193,8.401709783356637e-05,3.095298234256916e-05,84.59706115722656,1.8543611764907837,0.933741716475087,2.64563937377429,19,19,19,ML_GGW_108_0019
GGW,108.0,949.0,8.0,6.0,19.894737243652344,290.0,-0.9396926207859083,0.342020143325669,-0.8660254037844385,-0.5000000000000004,-13.298948287963867,0.6118383407592773,218.7392578125,7.208890019683167e-05,98.73558044433594,-7.5976080894470215,-5.28479528427124,241.92616271972656,0.0008586494950577617,114.19385528564453,-6.341292858123779,-2.8198275566101074,268.78680419921875,0.005563292186707258,100.53280639648438,-7.917683124542236,-0.9653916954994202,281.6411437988281,0.008927772752940655,90.09456634521484,-9.298412322998047,-1.2934812307357788,289.6305236816406,0.011557018384337425,83.67188262939453,3.133079007966444e-05,5.323729055817239e-05,4.431087017059326,-8.890789031982422,-1.950331449508667,3.133079007966444e-05,5.4733274737372994e-05,66.18778991699219,1.853554368019104,0.6566134615848005,0.6482387600066735,20,1,9,ML_GGW_108_0020
GGW,108.0,950.0,8.0,12.0,19.894737243652344,290.0,-0.9396926207859083,0.342020143325669,-0.8660254037844385,-0.5000000000000004,-12.781067848205566,0.09478569030761719,219.3478240966797,7.841723709134385e-05,99.85667419433594,-8.643741607666016,-4.186244487762451,242.82003784179688,0.0009198861662298441,109.91867065429688,-3.892256498336792,0.45831266045570374,269.26031494140625,0.0057667032815515995,100.7200927734375,-6.218629837036133,4.4429168701171875,281.8182373046875,0.00946857314556837,94.43973541259766,-8.349393844604492,3.465080499649048,289.47064208984375,0.012284785509109497,89.74999237060547,3.693511462188326e-05,5.335232708603144e-05,5.567640781402588,-7.977017402648926,0.8549702763557434,3.693511462188326e-05,5.335232708603144e-05,73.29418182373047,3.5129549503326416,0.6867339306018151,0.7848940340880073,20,2,9,ML_GGW_108_0020
GGW,108.0,951.0,8.0,18.0,19.894737243652344,287.5,-0.9537169507482268,0.30070579950427345,-0.8660254037844385,-0.5000000000000004,-11.874652862548828,3.24359130859375,219.33575439453125,7.778953295201063e-05,99.67469787597656,-8.425402641296387,-5.084645748138428,242.2625274658203,0.0008985690656118095,114.40715026855469,-5.743158340454102,-5.462869167327881,268.91162109375,0.005609276704490185,100.55940246582031,-5.217120170593262,0.28747013211250305,282.489501953125,0.008674128912389278,82.61717224121094,-6.291111946105957,0.9754019379615784,290.05255126953125,0.012466301210224628,87.68036651611328,3.6090823414269835e-05,5.280152254272252e-05,6.026658535003662,-7.510289192199707,-1.2082102298736572,3.6090823414269835e-05,5.502097337739542e-05,68.97528076171875,3.588876485824585,0.628044217994593,0.5238355931776777,20,3,9,ML_GGW_108_0020
GGW,108.0,952.0,8.0,0.0,19.894737243652344,287.5,-0.9537169507482268,0.30070579950427345,-0.8660254037844385,-0.5000000000000004,-9.10266399383545,0.6997572183609009,219.05624389648438,7.607519364682958e-05,100.1092758178711,-9.324408531188965,-5.497428894042969,242.6142578125,0.0009144585346803069,112.45687103271484,-6.085763454437256,-0.11421546339988708,269.2040100097656,0.005742265842854977,100.80126953125,-4.4033613204956055,5.051283836364746,282.1552429199219,0.008945968002080917,87.27114868164062,-5.139641761779785,3.178337335586548,290.47235107421875,0.011841564439237118,81.12716674804688,3.4717333619482815e-05,6.027488416293636e-05,4.674281120300293,-6.8111677169799805,0.6635468006134033,3.4717333619482815e-05,6.027488416293636e-05,75.20980834960938,3.6766276359558105,0.6656217685351744,0.6884488123057251,20,4,9,ML_GGW_108_0020
GGW,108.0,953.0,8.0,6.0,19.894737243652344,285.0,-0.9659258262890684,0.2588190451025203,-0.8660254037844385,-0.5000000000000004,-2.764078140258789,0.021467160433530807,219.23251342773438,5.342486110748723e-05,68.82649230957031,-8.728147506713867,-4.730788230895996,242.0244140625,0.0006876091356389225,84.79034423828125,-6.486255168914795,-1.5970805883407593,268.7961120605469,0.005551712587475777,100.33232879638672,-4.710235595703125,1.3110886812210083,282.319580078125,0.008663361892104149,83.54357147216797,-5.142160415649414,-0.11968879401683807,290.20184326171875,0.0116627998650074,81.270263671875,3.57385870302096e-05,4.863748836214654e-05,2.382267951965332,-5.56617546081543,-1.0230004787445068,3.57385870302096e-05,4.863748836214654e-05,73.40823364257812,2.382267951965332,0.8916312933992709,2.107513336087959,20,5,9,ML_GGW_108_0020
GGW,108.0,954.0,8.0,12.0,19.894737243652344,285.0,-0.9659258262890684,0.2588190451025203,-0.8660254037844385,-0.5000000000000004,-1.7941102981567383,-2.954967975616455,219.42762756347656,3.886383638018742e-05,48.37443161010742,-10.174266815185547,-1.3935316801071167,241.7835693359375,0.000744420220144093,96.72090911865234,-2.8545377254486084,2.5740809440612793,269.0479431152344,0.005643119104206562,100.27806091308594,-3.3449172973632812,6.266104698181152,282.21832275390625,0.00857721921056509,83.27924346923828,-4.761377334594727,4.732916831970215,290.4302062988281,0.011253505013883114,77.28380584716797,3.159238622174598e-05,4.242270006216131e-05,8.240646362304688,-4.585841655731201,1.8449205160140991,3.159238622174598e-05,4.242270006216131e-05,76.36058044433594,2.762118339538574,0.8271814156224726,1.5657816378264315,20,6,9,ML_GGW_108_0020
GGW,108.0,955.0,8.0,18.0,21.789474487304688,282.5,-0.9762960071199335,0.21643961393810246,-0.8660254037844385,-0.5000000000000004,1.9446207284927368,0.3215045630931854,219.6475067138672,2.6388688638689928e-05,31.882614135742188,-5.982274532318115,2.057117223739624,241.45956420898438,0.000551218050532043,71.94466400146484,-7.065978050231934,-3.7756993770599365,268.6455078125,0.004758740775287151,84.59325408935547,-6.390803813934326,-0.39049816131591797,282.7117004394531,0.008851858787238598,83.08004760742188,-5.247541904449463,0.5043006539344788,290.41925048828125,0.012974200770258904,89.05493927001953,3.361673589097336e-05,2.4870314518921077e-05,7.194485187530518,-4.54839563369751,-0.2566550374031067,3.361673589097336e-05,3.551399277057499e-05,71.8626937866211,3.1073896884918213,0.8693724230154775,1.8954212478570422,20,7,9,ML_GGW_108_0020
GGW,108.0,956.0,8.0,0.0,21.789474487304688,282.5,-0.9762960071199335,0.21643961393810246,-0.8660254037844385,-0.5000000000000004,-1.2104851007461548,2.0095014572143555,219.83798217773438,7.68056561355479e-05,93.5019760131836,-5.26628303527832,3.423682689666748,241.80010986328125,0.0006821007700636983,89.46463012695312,-6.613889217376709,-2.1500799655914307,268.9190673828125,0.005351559724658728,96.24516296386719,-5.772170543670654,2.585287094116211,282.4281921386719,0.008769924752414227,83.93150329589844,-4.156069278717041,2.5247910022735596,290.5738220214844,0.011891601607203484,80.91043853759766,3.3689608244458213e-05,3.0565883207600564e-05,2.990316152572632,-4.603779315948486,1.6786363124847412,3.3689608244458213e-05,3.601504795369692e-05,70.48605346679688,1.4454717636108398,0.6579729722539668,0.6542740924426265,20,8,9,ML_GGW_108_0020
GGW,108.0,957.0,8.0,6.0,19.894737243652344,280.0,-0.9848077530122081,0.17364817766692997,-0.8660254037844385,-0.5000000000000004,-1.317873239517212,0.10287564247846603,218.96693420410156,4.085835098521784e-05,55.354190826416016,-6.078519344329834,1.1590832471847534,241.20399475097656,0.0007159179076552391,98.24506378173828,-3.846021890640259,-4.70554780960083,268.6619567871094,0.005448812618851662,99.03215026855469,-3.462925434112549,-1.3667305707931519,283.0058898925781,0.007911832071840763,72.82218170166016,-3.179368734359741,-0.06430262327194214,290.5192565917969,0.011953327804803848,81.57307434082031,2.749707709881477e-05,2.3366619643638842e-05,1.8689874410629272,-3.576941728591919,-0.9749243855476379,2.749707709881477e-05,3.766929512494244e-05,68.27420806884766,1.8689874410629272,0.6632003229265,0.6775887671828951,20,9,9,ML_GGW_108_0020
GGW,108.0,960.0,8.0,0.0,38.842105865478516,302.5,-0.8433914458128857,0.5372996083468239,-0.8660254037844385,-0.5000000000000004,29.745586395263672,-14.333556175231934,221.0306854248047,5.780944411526434e-05,60.95174789428711,25.55397605895996,-11.069079399108887,242.87960815429688,0.00032364981598220766,38.49702835083008,12.487594604492188,-6.963125705718994,269.372802734375,0.005088374949991703,85.61956024169922,8.066425323486328,-3.177065372467041,282.25457763671875,0.009316975250840187,90.148193359375,6.304662704467773,0.6349619030952454,290.6535949707031,0.014063362032175064,95.2391357421875,5.822847379022278e-05,1.5266718037310056e-05,27.812469482421875,16.43164825439453,-6.981573581695557,5.822847379022278e-05,3.09865026792977e-05,74.4346923828125,4.076991558074951,0.8517706827078965,1.7485568230686588,21,1,15,ML_GGW_108_0021
GGW,108.0,961.0,8.0,6.0,38.842105865478516,302.5,-0.8433914458128857,0.5372996083468239,-0.8660254037844385,-0.5000000000000004,31.305681228637695,-11.901244163513184,220.50201416015625,3.351310806465335e-05,35.645992279052734,27.338680267333984,-11.39630126953125,242.1509552001953,0.00032076743082143366,39.839935302734375,12.094619750976562,-7.988605499267578,268.4896240234375,0.0032759951427578926,56.2745361328125,6.175090312957764,-4.674696445465088,283.536865234375,0.00872960314154625,77.53230285644531,3.205223798751831,-2.8502793312072754,290.81829833984375,0.013681762851774693,91.66708374023438,5.85885027248878e-05,1.126205734180985e-05,29.52212142944336,16.02385902404785,-7.762226104736328,5.85885027248878e-05,1.769249684002716e-05,69.7238998413086,1.7532398700714111,0.9134540533162869,2.3565576286951555,21,2,15,ML_GGW_108_0021
GGW,108.0,962.0,8.0,12.0,36.94736862182617,305.0,-0.8191520442889918,0.573576436351046,-0.8660254037844385,-0.5000000000000004,26.407926559448242,-15.511528015136719,220.15884399414062,4.567644646158442e-05,51.27226638793945,23.739850997924805,-13.411994934082031,242.04425048828125,0.00035366506199352443,46.85607147216797,11.472665786743164,-7.623762130737305,269.20013427734375,0.003339688992127776,54.04865646362305,7.196023464202881,-5.843009948730469,283.8376159667969,0.008457665331661701,73.65187072753906,6.608504772186279,-2.834120750427246,291.118408203125,0.01389980223029852,91.38304138183594,4.844120849156752e-05,9.36494780034991e-06,23.510290145874023,15.084994316101074,-9.044883728027344,4.844120849156752e-05,2.0383768060128205e-05,77.1494369506836,3.9186744689941406,0.8770801384246062,1.9650657549787667,21,3,15,ML_GGW_108_0021
GGW,108.0,963.0,8.0,18.0,36.94736862182617,305.0,-0.8191520442889918,0.573576436351046,-0.8660254037844385,-0.5000000000000004,24.698205947875977,-17.877702713012695,220.10508728027344,2.876248981920071e-05,34.00145721435547,22.547494888305664,-17.126972198486328,241.39044189453125,0.0003049719671253115,41.81070327758789,10.71589183807373,-9.211695671081543,268.421142578125,0.002295538317412138,40.2506217956543,3.5805652141571045,-6.714800834655762,284.91168212890625,0.008179031312465668,66.19891357421875,1.5612226724624634,-4.933653354644775,291.4557800292969,0.012999425642192364,83.6259536743164,4.719367279903963e-05,9.737664186104666e-06,26.51166534423828,12.620676040649414,-11.172966003417969,4.719367279903963e-05,2.2280355551629327e-05,64.99015808105469,4.464770317077637,0.8405710215344347,1.6624829014453546,21,4,15,ML_GGW_108_0021
GGW,108.0,964.0,8.0,0.0,35.05263137817383,307.5,-0.7933533402912352,0.6087614290087205,-0.8660254037844385,-0.5000000000000004,18.2950496673584,-16.200319290161133,219.8612060546875,2.9399036066024564e-05,34.57472229003906,16.71989631652832,-15.536567687988281,241.12863159179688,0.00026914957561530173,39.45695114135742,9.209966659545898,-8.901036262512207,268.6246643066406,0.002626602305099368,44.421409606933594,4.5440545082092285,-5.9643964767456055,284.40863037109375,0.008269506506621838,69.2330551147461,3.917391777038574,-4.099274635314941,291.1039733886719,0.013405711390078068,88.13878631591797,4.295354665373452e-05,1.303925000684103e-05,18.792346954345703,10.537272453308105,-10.140318870544434,4.295354665373452e-05,2.354350363020785e-05,70.49352264404297,5.514807224273682,0.846365612540184,1.7063757600240548,21,5,15,ML_GGW_108_0021
GGW,108.0,965.0,8.0,6.0,35.05263137817383,307.5,-0.7933533402912352,0.6087614290087205,-0.8660254037844385,-0.5000000000000004,15.347599029541016,-15.739236831665039,220.0277099609375,2.6801151761901565e-05,31.845720291137695,14.125312805175781,-14.792941093444824,240.46749877929688,0.0002635101554915309,40.12099075317383,5.804304122924805,-9.294744491577148,267.4593200683594,0.0013126181438565254,26.152118682861328,0.9762268662452698,-6.292245388031006,284.4440002441406,0.007648142985999584,63.86245346069336,-1.7919034957885742,-4.882206916809082,290.92034912109375,0.012400644831359386,82.50804138183594,3.765359360841103e-05,2.1515957996598445e-05,20.288856506347656,6.892307281494141,-10.200273513793945,3.765359360841103e-05,2.7225964004173875e-05,59.29771423339844,6.797585487365723,0.8312792409706511,1.5947207335470388,21,6,15,ML_GGW_108_0021
GGW,108.0,966.0,8.0,12.0,33.157894134521484,307.5,-0.7933533402912352,0.6087614290087205,-0.8660254037844385,-0.5000000000000004,10.28068733215332,-12.899296760559082,219.50482177734375,2.962954567919951e-05,36.608482360839844,10.805419921875,-13.859638214111328,240.5943603515625,0.0002535005332902074,39.22175216674805,5.136390209197998,-7.950220584869385,268.32623291015625,0.0013462417991831899,25.525867462158203,1.536453366279602,-5.717826843261719,284.86834716796875,0.00765044242143631,62.114959716796875,0.35203540325164795,-3.726421594619751,291.42584228515625,0.013076155446469784,84.23976135253906,3.76475763914641e-05,1.8470855138730258e-05,13.517387390136719,5.622197151184082,-8.830680847167969,3.76475763914641e-05,2.6594587325234897e-05,60.67836380004883,6.222587585449219,0.8626909269516823,1.8378220964739302,21,7,15,ML_GGW_108_0021
GGW,108.0,967.0,8.0,18.0,33.157894134521484,310.0,-0.7660444431189781,0.6427876096865393,-0.8660254037844385,-0.5000000000000004,10.838020324707031,-5.393287181854248,219.83969116210938,2.988250162161421e-05,33.4742317199707,9.089113235473633,-8.271479606628418,240.4068603515625,0.0002480887051206082,38.05280303955078,2.983798027038574,-4.478450775146484,268.0644836425781,0.0012120903702452779,23.58955955505371,-0.3550463318824768,-3.1774051189422607,283.85418701171875,0.007667139172554016,66.61407470703125,-0.9077878594398499,-1.505241870880127,290.64666748046875,0.013386383652687073,90.59822082519531,3.801788989221677e-05,2.5252922569052316e-05,12.372587203979492,4.329619407653809,-4.5651726722717285,3.801788989221677e-05,2.5252922569052316e-05,61.862091064453125,5.315339088439941,0.9448126824304537,2.840253515484688,21,8,15,ML_GGW_108_0021
GGW,108.0,968.0,8.0,0.0,31.263158798217773,307.5,-0.7933533402912352,0.6087614290087205,-0.8660254037844385,-0.5000000000000004,6.072166442871094,-8.785591125488281,219.25221252441406,2.943992876680568e-05,37.84691619873047,5.135992527008057,-9.569364547729492,240.53924560546875,0.0002152059751097113,33.73982620239258,3.338437080383301,-7.241038799285889,268.4427795410156,0.0017586086178198457,33.333396911621094,1.3676612377166748,-3.8780677318573,284.79571533203125,0.006513663567602634,53.109928131103516,0.6881514191627502,-3.0270771980285645,291.5404968261719,0.012801519595086575,81.86039733886719,3.601792923291214e-05,1.8771917893900536e-05,7.883406639099121,3.320481777191162,-6.500227928161621,3.601792923291214e-05,2.5721959900693037e-05,57.203433990478516,3.2034270763397217,0.8902636034775676,2.093436507963943,21,9,15,ML_GGW_108_0021
GGW,108.0,969.0,8.0,6.0,31.263158798217773,310.0,-0.7660444431189781,0.6427876096865393,-0.8660254037844385,-0.5000000000000004,9.195878028869629,-0.9946035742759705,219.08824157714844,3.755608122446574e-05,49.55524444580078,8.041285514831543,-2.448155403137207,239.92457580566406,0.0002312257420271635,39.365840911865234,2.26997447013855,-2.495002508163452,267.9041442871094,0.0032910467125475407,59.94198226928711,0.6839466691017151,-1.6051584482192993,283.6197509765625,0.006282806862145662,55.40757751464844,0.010910138487815857,0.5424664616584778,290.97576904296875,0.01267313864082098,84.00296020507812,3.6499593988992274e-05,2.1720383301726542e-05,9.312691688537598,4.040398597717285,-1.4000905752182007,3.6499593988992274e-05,2.437631155771669e-05,61.83966827392578,4.35959005355835,0.9271952140531226,2.544382436221789,21,10,15,ML_GGW_108_0021
GGW,108.0,970.0,8.0,12.0,31.263158798217773,310.0,-0.7660444431189781,0.6427876096865393,-0.8660254037844385,-0.5000000000000004,9.057950019836426,0.32862406969070435,219.1373291015625,3.4863351174863055e-05,46.043922424316406,7.245206832885742,-2.4720797538757324,239.60047912597656,0.00022069168335292488,38.61512756347656,1.6577612161636353,-1.414368748664856,267.75653076171875,0.0034727195743471384,62.98939514160156,0.034025903791189194,-0.05645212531089783,283.8310241699219,0.005939565133303404,51.67103576660156,0.16218511760234833,2.240731954574585,291.12713623046875,0.012288859114050865,80.7042465209961,3.717050276463851e-05,1.8339389498578385e-05,9.098944664001465,3.6314258575439453,-0.27470892667770386,3.717050276463851e-05,2.1562387701123953e-05,60.416500091552734,4.849743843078613,0.919852812595181,2.440348884137421,21,11,15,ML_GGW_108_0021
GGW,108.0,971.0,8.0,18.0,31.263158798217773,310.0,-0.7660444431189781,0.6427876096865393,-0.8660254037844385,-0.5000000000000004,8.0795259475708,-0.2392130345106125,219.31146240234375,3.4392574889352545e-05,44.96953582763672,5.998641014099121,-2.240302562713623,239.34938049316406,0.00020424509420990944,35.94929122924805,1.8567508459091187,-1.2129079103469849,267.4663391113281,0.0029656074475497007,55.24155807495117,0.9561932682991028,0.4405004680156708,284.1623840332031,0.005877300631254911,50.0009765625,1.4958620071411133,1.8475736379623413,291.3377685546875,0.012088331393897533,78.31877136230469,3.651606311905198e-05,1.7494234270998277e-05,6.906468868255615,3.6773948669433594,-0.28086984157562256,3.651606311905198e-05,2.345625944144558e-05,58.530147552490234,4.075168609619141,0.9234835620265957,2.4906474066151265,21,12,15,ML_GGW_108_0021
GGW,108.0,972.0,9.0,0.0,31.263158798217773,310.0,-0.7660444431189781,0.6427876096865393,-1.0,-1.8369701987210297e-16,5.998348236083984,-0.609282910823822,219.6043701171875,2.612649041111581e-05,33.01133346557617,5.464722633361816,-1.8679970502853394,239.0423583984375,0.00017809859127737582,32.180152893066406,1.863925576210022,-1.2418359518051147,267.0124816894531,0.0023471559397876263,45.24958038330078,0.9690232276916504,0.3864021301269531,284.0431213378906,0.0071244072169065475,61.16378402709961,0.8421493768692017,1.3156250715255737,291.43603515625,0.011655003763735294,75.03506469726562,3.4686563594732434e-05,1.8409597032587044e-05,5.503785610198975,3.0276341438293457,-0.4034176766872406,3.4686563594732434e-05,2.55411123362137e-05,56.060726165771484,2.7635412216186523,0.9176584522551332,2.41094945185967,21,13,15,ML_GGW_108_0021
GGW,108.0,973.0,9.0,6.0,33.157894134521484,312.5,-0.7372773368101242,0.6755902076156601,-1.0,-1.8369701987210297e-16,7.236765384674072,4.726790904998779,219.58082580566406,7.092712621670216e-05,87.36793518066406,6.5149126052856445,1.2159810066223145,239.09796142578125,0.0002896109945140779,56.9744987487793,1.5755271911621094,-1.6708654165267944,266.4844970703125,0.0010500748176127672,22.574560165405273,-0.2255367636680603,-1.1558375358581543,282.6911315917969,0.007909629493951797,74.32201385498047,-0.45360690355300903,1.4857896566390991,289.91607666015625,0.01175604946911335,83.49679565429688,3.173354343743995e-05,1.9389361114008352e-05,8.345413208007812,2.929612636566162,0.9203717112541199,3.173354343743995e-05,3.077880683122203e-05,56.513275146484375,2.339339256286621,0.8193217345446873,1.511758934336255,21,14,15,ML_GGW_108_0021
GGW,108.0,974.0,9.0,12.0,33.157894134521484,312.5,-0.7372773368101242,0.6755902076156601,-1.0,-1.8369701987210297e-16,6.412092685699463,4.536896228790283,219.4597930908203,6.469796790042892e-05,81.91242980957031,4.510153770446777,0.18001647293567657,239.6836700439453,0.0003143521025776863,61.754730224609375,1.8505232334136963,-2.16726016998291,266.6822204589844,0.0008401185623370111,18.470746994018555,0.5129615664482117,-0.39822202920913696,282.84356689453125,0.00723954988643527,67.34866333007812,1.0321905612945557,1.7995994091033936,290.1440734863281,0.01176533941179514,82.3361587524414,2.9083530534990132e-05,1.7127547835116275e-05,6.036235332489014,2.863584280014038,0.7902060151100159,3.394947270862758e-05,3.2254098186967894e-05,52.87513732910156,1.5063105821609497,0.8302414235774759,1.587339241269191,21,15,15,ML_GGW_108_0021
GGW,108.0,967.0,8.0,18.0,23.6842098236084,270.0,-1.0,-1.8369701987210297e-16,-0.8660254037844385,-0.5000000000000004,-0.5481410622596741,7.080796718597412,218.97607421875,5.460188185679726e-05,74.1716079711914,-5.267679214477539,3.676213026046753,241.9981689453125,0.000567293434869498,69.89433288574219,-5.986481189727783,-1.3741041421890259,269.8165588378906,0.0059766764752566814,99.42539978027344,-5.915077209472656,-0.5243053436279297,281.5643005371094,0.008200252428650856,83.27729034423828,-5.762512683868408,0.1255708634853363,290.489501953125,0.01079621072858572,73.88066864013672,2.6449557481100783e-05,2.7091820811619982e-05,8.692804336547852,-4.695978164672852,1.7968342304229736,2.6449557481100783e-05,4.7105342673603445e-05,66.03972625732422,2.7111079692840576,0.744470021690257,1.0693328502497303,22,1,13,ML_GGW_108_0022
GGW,108.0,968.0,8.0,0.0,23.6842098236084,270.0,-1.0,-1.8369701987210297e-16,-0.8660254037844385,-0.5000000000000004,-3.581761360168457,7.099829196929932,218.52105712890625,7.091164297889918e-05,99.91917419433594,-5.685360908508301,1.179237723350525,243.33282470703125,0.0009620016207918525,108.07238006591797,-6.147195339202881,-2.501115560531616,270.034912109375,0.006083229556679726,100.14714813232422,-6.735191345214844,2.38995361328125,280.6662292480469,0.008315050043165684,89.72745513916016,-7.990309238433838,3.9753596782684326,290.5302734375,0.010727020911872387,73.29399871826172,2.8266031222301535e-05,4.565031485981308e-05,5.403480529785156,-6.027963638305664,2.4286530017852783,2.8266031222301535e-05,4.750780135509558e-05,67.86397552490234,2.6931440830230713,0.5813173772985631,0.3281836989347877,22,2,13,ML_GGW_108_0022
GGW,108.0,969.0,8.0,6.0,23.6842098236084,267.5,-0.9990482215818578,-0.04361938736533613,-0.8660254037844385,-0.5000000000000004,-1.2213001251220703,7.002493858337402,218.86756896972656,5.109946505399421e-05,69.869140625,-3.7141714096069336,0.7329804301261902,241.85179138183594,0.0005234775017015636,66.55310821533203,-6.17295503616333,-4.620669841766357,269.1025085449219,0.005527968518435955,96.25680541992188,-4.657403469085693,-0.4229227900505066,282.29058837890625,0.008291195146739483,80.11650848388672,-4.993786811828613,2.4435863494873047,290.3547668457031,0.011208469979465008,77.30259704589844,2.7700141799869016e-05,3.0809445888735354e-05,5.917372226715088,-4.151923179626465,1.027093529701233,2.7700141799869016e-05,5.769089693785645e-05,67.85466766357422,1.6097044944763184,0.7963273558331021,1.3634963328493561,22,3,13,ML_GGW_108_0022
GGW,108.0,970.0,8.0,12.0,23.6842098236084,267.5,-0.9990482215818578,-0.04361938736533613,-0.8660254037844385,-0.5000000000000004,-4.028204917907715,4.741007328033447,218.63165283203125,6.72010937705636e-05,93.16195678710938,-7.135931968688965,0.38841262459754944,242.89883422851562,0.0009429460042156279,110.81360626220703,-4.86810827255249,-1.6018046140670776,269.7599792480469,0.005993497092276812,100.730224609375,-3.585848569869995,2.5494658946990967,280.88824462890625,0.00852428562939167,90.6539306640625,-3.7835607528686523,3.6410441398620605,290.0180358886719,0.011441124603152275,80.69849395751953,3.155365266138688e-05,4.7125544369919226e-05,1.126840591430664,-4.680330753326416,1.9436248540878296,3.155365266138688e-05,4.9503181799082085e-05,74.40591430664062,1.126840591430664,0.6311931062277456,0.53733866383083,22,4,13,ML_GGW_108_0022
GGW,108.0,971.0,8.0,18.0,23.6842098236084,267.5,-0.9990482215818578,-0.04361938736533613,-0.8660254037844385,-0.5000000000000004,-6.934328556060791,2.0839834213256836,220.0683135986328,8.718534809304401e-05,100.20281219482422,-6.131975173950195,0.6433948874473572,245.00538635253906,0.0012050902005285025,116.25308227539062,0.19035375118255615,3.125880479812622,269.5259094238281,0.00587734067812562,101.0948257446289,-2.384525775909424,6.5208048820495605,279.2312316894531,0.008419504389166832,100.33053588867188,-3.9193625450134277,5.7686309814453125,290.3188171386719,0.011389956809580326,78.86319732666016,3.218836718588136e-05,5.593266905634664e-05,4.760950088500977,-3.835967540740967,3.6285388469696045,3.218836718588136e-05,5.593266905634664e-05,79.47998046875,1.2209904193878174,0.5662781368163472,0.26668190488849985,22,5,13,ML_GGW_108_0022
GGW,108.0,972.0,9.0,0.0,25.578947067260742,265.0,-0.9961946980917455,-0.08715574274765825,-1.0,-1.8369701987210297e-16,-5.940384387969971,8.842242240905762,218.6815643310547,7.354928675340489e-05,101.48937225341797,-5.934254169464111,1.759585976600647,243.890625,0.0010275206295773387,109.0240478515625,-5.4667463302612305,-5.309734344482422,270.042236328125,0.006145181600004435,101.06517028808594,-5.452948570251465,0.07356849312782288,280.7650146484375,0.008491669781506062,91.0667495727539,-6.020077705383301,2.2155072689056396,290.3523254394531,0.01101630087941885,76.15914916992188,3.440479122218676e-05,4.875595914199948e-05,6.627213954925537,-5.762882232666016,1.516234040260315,3.440479122218676e-05,6.781205593142658e-05,80.98535919189453,2.8552968502044678,0.6014880649265185,0.4116692452562314,22,6,13,ML_GGW_108_0022
GGW,108.0,973.0,9.0,6.0,25.578947067260742,265.0,-0.9961946980917455,-0.08715574274765825,-1.0,-1.8369701987210297e-16,-4.153625011444092,5.070617198944092,219.1869659423828,7.750881923129782e-05,99.89723205566406,-6.764494895935059,0.49809274077415466,244.13314819335938,0.001104924944229424,116.20816802978516,-5.183492660522461,-0.7337380647659302,270.1509094238281,0.006187037099152803,101.00139617919922,-3.1158034801483154,4.97310209274292,279.9657287597656,0.00872723013162613,98.85633850097656,-3.67203950881958,5.523667812347412,289.4044494628906,0.011438851244747639,84.04511260986328,3.6997549614170566e-05,6.487157952506095e-05,0.6611954569816589,-4.577890872955322,3.0663483142852783,3.6997549614170566e-05,6.487157952506095e-05,82.94160461425781,0.6611954569816589,0.642078811142586,0.5843982356354731,22,7,13,ML_GGW_108_0022
GGW,108.0,974.0,9.0,12.0,25.578947067260742,265.0,-0.9961946980917455,-0.08715574274765825,-1.0,-1.8369701987210297e-16,-2.015575408935547,2.137047290802002,219.36642456054688,8.207908103941008e-05,103.87967681884766,-5.167037487030029,2.501552104949951,244.35533142089844,0.0011149863712489605,113.72373962402344,-1.9299577474594116,4.965396881103516,270.022705078125,0.0061039081774652,100.92313385009766,-1.0624215602874756,8.749001502990723,279.5699462890625,0.008708644658327103,101.35554504394531,-2.322692394256592,7.51025390625,288.62689208984375,0.011831327341496944,91.30665588378906,3.7520490877795964e-05,5.906979276915081e-05,5.38197660446167,-2.4995369911193848,5.172650337219238,3.7520490877795964e-05,5.906979276915081e-05,85.12061309814453,5.189138412475586,0.5833242353659638,0.33643480510079127,22,8,13,ML_GGW_108_0022
GGW,108.0,975.0,9.0,18.0,27.473684310913086,262.5,-0.9914448613738104,-0.13052619222005163,-1.0,-1.8369701987210297e-16,-2.1791906356811523,8.592082977294922,219.28224182128906,7.87653771112673e-05,100.01734924316406,-4.093993186950684,3.1646595001220703,244.31854248046875,0.0010953485034406185,111.74362182617188,-4.515704154968262,-2.8071227073669434,269.9194641113281,0.006065355613827705,101.01504516601562,-2.9518415927886963,0.3153144121170044,281.5784912109375,0.008456970565021038,85.65796661376953,-3.7681329250335693,2.122236967086792,289.71112060546875,0.012277213856577873,88.32100677490234,3.716146238730289e-05,5.200083978706971e-05,6.662105083465576,-3.501772403717041,2.2774341106414795,3.716146238730289e-05,5.8312252804171294e-05,87.30484771728516,1.4969122409820557,0.5924634972059651,0.3741587569424565,22,9,13,ML_GGW_108_0022
GGW,108.0,976.0,9.0,0.0,27.473684310913086,262.5,-0.9914448613738104,-0.13052619222005163,-1.0,-1.8369701987210297e-16,-3.415675163269043,6.584489822387695,220.61178588867188,9.366547601530328e-05,100.07737731933594,-3.599313974380493,-0.5630446672439575,245.1676483154297,0.0012654499150812626,121.89734649658203,-1.7604659795761108,-2.970024585723877,269.81591796875,0.006031348370015621,101.32904815673828,-0.24499088525772095,1.473474383354187,281.20703125,0.008593466132879257,89.45098876953125,-1.4120402336120605,4.892962455749512,290.4234924316406,0.011326718144118786,77.92489624023438,3.3447046007495373e-05,7.26233483874239e-05,2.622178077697754,-2.0864970684051514,1.8835716247558594,3.3447046007495373e-05,7.26233483874239e-05,84.18086242675781,2.622178077697754,0.6112582830537868,0.4526044353298291,22,10,13,ML_GGW_108_0022
GGW,108.0,977.0,9.0,6.0,27.473684310913086,262.5,-0.9914448613738104,-0.13052619222005163,-1.0,-1.8369701987210297e-16,-0.48311254382133484,4.574419975280762,220.97445678710938,9.850142669165507e-05,100.59114837646484,-2.6448209285736084,-1.519963026046753,244.63702392578125,0.001228846376761794,126.67184448242188,1.345777988433838,-0.2702470123767853,269.90496826171875,0.006077291909605265,101.29767608642578,3.0473504066467285,3.3728692531585693,280.4927673339844,0.008998671546578407,98.37181091308594,3.2494497299194336,6.246738433837891,290.5574035644531,0.011691945604979992,79.74775695800781,3.219659993192181e-05,7.269189518410712e-05,4.090069770812988,0.9029289484024048,2.4807636737823486,3.219659993192181e-05,7.269189518410712e-05,80.93511962890625,3.375032424926758,0.5655339047931678,0.263652339268613,22,11,13,ML_GGW_108_0022
GGW,108.0,978.0,9.0,12.0,29.36842155456543,262.5,-0.9914448613738104,-0.13052619222005163,-1.0,-1.8369701987210297e-16,8.907055854797363,4.716083526611328,220.16635131835938,7.325346086872742e-05,84.09258270263672,-0.13241179287433624,1.1282292604446411,243.26348876953125,0.000823088048491627,92.07793426513672,-1.1488053798675537,-0.877906858921051,269.7506408691406,0.005992853082716465,100.54236602783203,1.0034821033477783,2.685309410095215,281.2712707519531,0.008869503624737263,91.81707763671875,2.964271306991577,6.086488246917725,290.47003173828125,0.011685739271342754,80.10907745361328,3.59184923581779e-05,5.380100992624648e-05,6.098745346069336,2.318718433380127,2.747640609741211,3.59184923581779e-05,5.9514550230233e-05,79.67059326171875,5.2535600662231445,0.7777617800949093,1.2526704128526487,22,12,13,ML_GGW_108_0022
GGW,108.0,979.0,9.0,18.0,29.36842155456543,262.5,-0.9914448613738104,-0.13052619222005163,-1.0,-1.8369701987210297e-16,6.340271472930908,5.517251014709473,220.42543029785156,7.719833229202777e-05,85.14891815185547,2.2928411960601807,2.9045937061309814,243.23486328125,0.0009891139343380928,113.34233093261719,3.154794216156006,-2.32055926322937,269.8144836425781,0.005532786250114441,92.97723388671875,5.224003314971924,1.7955402135849,282.4490661621094,0.008610821329057217,82.1112060546875,3.734614372253418,7.635236740112305,291.413330078125,0.014044187031686306,90.6556167602539,3.619555354816839e-05,4.814721614820883e-05,3.3578732013702393,4.1493048667907715,3.106412410736084,3.619555354816839e-05,5.203726323088631e-05,78.59449768066406,3.3578732013702393,0.5972526601056224,0.394030822939587,22,13,13,ML_GGW_108_0022
GGW,108.0,981.0,9.0,6.0,36.94736862182617,327.5,-0.5372996083468242,0.8433914458128855,-1.0,-1.8369701987210297e-16,15.615614891052246,2.203573226928711,218.69039916992188,3.933696643798612e-05,54.51113510131836,10.530373573303223,4.0464372634887695,238.8521270751953,0.0005732389399781823,104.01483917236328,-2.0498881340026855,1.3379859924316406,266.310791015625,0.004528352990746498,100.0487289428711,-3.9439713954925537,1.2616475820541382,282.13104248046875,0.009905765764415264,96.73257446289062,-2.6754653453826904,2.438225746154785,287.45135498046875,0.01098567433655262,91.50495147705078,5.108160257805139e-05,1.85914286703337e-05,18.292585372924805,3.495332717895508,2.2575738430023193,5.108160257805139e-05,4.311058364692144e-05,64.9637222290039,4.90818452835083,0.6683586172050708,0.7007706687810002,23,1,8,ML_GGW_108_0023
GGW,108.0,982.0,9.0,12.0,36.94736862182617,327.5,-0.5372996083468242,0.8433914458128855,-1.0,-1.8369701987210297e-16,13.371323585510254,2.9128260612487793,219.4962921142578,2.1077588826301508e-05,24.9679012298584,9.250997543334961,5.061752796173096,238.4809112548828,0.0005765482201240957,109.494140625,-0.5426860451698303,1.621178388595581,266.81805419921875,0.004711948800832033,99.8758316040039,-3.6493043899536133,2.2699027061462402,282.5903015136719,0.010048894211649895,95.09739685058594,-2.408392906188965,3.930964469909668,287.9601135253906,0.01112800557166338,89.68437194824219,5.30233264726121e-05,1.8814716895576566e-05,15.812528610229492,3.204387664794922,3.159324884414673,5.30233264726121e-05,4.481583528104238e-05,67.14797973632812,3.3864498138427734,0.6747174342734505,0.7295997497406939,23,2,8,ML_GGW_108_0023
GGW,108.0,983.0,9.0,18.0,36.94736862182617,327.5,-0.5372996083468242,0.8433914458128855,-1.0,-1.8369701987210297e-16,12.885128021240234,3.9141900539398193,220.44773864746094,7.452221780113177e-06,6.638504505157471,8.548333168029785,5.015506267547607,238.0702362060547,0.0005228681839071214,103.83936309814453,0.546211302280426,0.6037019491195679,266.9054870605469,0.00467357411980629,98.0151138305664,-2.662212610244751,2.1538891792297363,282.8354187011719,0.010120457969605923,94.20116424560547,-2.2371628284454346,3.9036457538604736,288.4803771972656,0.011229087598621845,87.49295806884766,5.065164077677764e-05,2.3055232304614037e-05,15.122294425964355,3.4160590171813965,3.1181864738464355,5.065164077677764e-05,4.741458542412147e-05,68.36409759521484,1.9086428880691528,0.631693420162038,0.5394884930483621,23,3,8,ML_GGW_108_0023
GGW,108.0,984.0,9.0,0.0,36.94736862182617,327.5,-0.5372996083468242,0.8433914458128855,-1.0,-1.8369701987210297e-16,13.834492683410645,3.9592599868774414,221.25523376464844,9.606495041225571e-06,9.136877059936523,8.135748863220215,4.305090427398682,237.1529541015625,0.00035377824679017067,76.43311309814453,0.7654717564582825,0.5606014132499695,266.5120544433594,0.004283053334802389,91.78852081298828,-2.261357069015503,1.8052327632904053,282.7677307128906,0.010128583759069443,94.7179946899414,-3.1548290252685547,3.6998538970947266,288.5229797363281,0.01131393015384674,87.87773895263672,4.705840547103435e-05,2.254303944937419e-05,16.991302490234375,3.4639058113098145,2.8660078048706055,4.705840547103435e-05,3.928156729671173e-05,68.13296508789062,3.5928173065185547,0.6805121515817233,0.7561264388005029,23,4,8,ML_GGW_108_0023
GGW,108.0,985.0,9.0,6.0,36.94736862182617,327.5,-0.5372996083468242,0.8433914458128855,-1.0,-1.8369701987210297e-16,12.671150207519531,3.3190762996673584,221.36563110351562,1.2541356227302458e-05,12.426803588867188,6.28044319152832,1.9756618738174438,236.77334594726562,0.00020038073125761002,46.047767639160156,1.5438791513442993,-0.05977296829223633,265.89947509765625,0.0037493195850402117,83.61505889892578,-1.745468258857727,0.7402673959732056,282.667236328125,0.010151340626180172,95.58087158203125,-3.2044973373413086,2.9013583660125732,288.61761474609375,0.011268272995948792,86.98676300048828,4.498720954870805e-05,2.0253582988516428e-05,15.881141662597656,3.1091012954711914,1.7753181457519531,4.498720954870805e-05,2.833631879184395e-05,65.60847473144531,5.744940280914307,0.7269109507086604,0.9790060514446837,23,5,8,ML_GGW_108_0023
GGW,108.0,986.0,9.0,12.0,35.05263137817383,327.5,-0.5372996083468242,0.8433914458128855,-1.0,-1.8369701987210297e-16,12.016678810119629,3.2313098907470703,221.7097625732422,1.6486223103129305e-05,16.067668914794922,5.717999458312988,0.1818726360797882,237.74339294433594,0.00011390401050448418,24.570228576660156,4.6065545082092285,-2.4262118339538574,266.5475158691406,0.002135822083801031,42.84457015991211,3.517474889755249,-2.4420008659362793,282.8341064453125,0.008224316872656345,76.52212524414062,2.2267308235168457,-0.85467928647995,289.70953369140625,0.011230562813580036,80.75161743164062,4.3476105929585174e-05,1.552589310449548e-05,10.608410835266113,5.617087364196777,-0.4619418978691101,4.3476105929585174e-05,2.9788074243697338e-05,64.95855712890625,7.302352428436279,0.8444967795584416,1.6920744811707373,23,6,8,ML_GGW_108_0023
GGW,108.0,987.0,9.0,18.0,36.94736862182617,327.5,-0.5372996083468242,0.8433914458128855,-1.0,-1.8369701987210297e-16,9.147205352783203,-0.6996952891349792,218.3762664794922,3.5822842619381845e-05,53.181785583496094,5.392000198364258,-1.6784964799880981,237.4880828857422,0.00019402008911129087,45.35615921020508,3.8055334091186523,-0.436154305934906,266.23406982421875,0.0020887055434286594,44.414920806884766,0.021881960332393646,-0.8624551296234131,282.5744323730469,0.010344973765313625,98.09382629394531,-1.5910028219223022,0.84697026014328,289.1081237792969,0.011357996612787247,84.9123306274414,4.161301694693975e-05,1.0993302566930652e-05,10.849021911621094,3.3551230430603027,-0.5659661889076233,4.161301694693975e-05,3.2628493499942124e-05,63.17752456665039,5.3769121170043945,0.8229019627885344,1.5361336100297214,23,7,8,ML_GGW_108_0023
GGW,108.0,988.0,9.0,0.0,36.94736862182617,327.5,-0.5372996083468242,0.8433914458128855,-1.0,-1.8369701987210297e-16,9.01854419708252,2.2074170112609863,216.96316528320312,4.4316297135083005e-05,75.74462890625,7.062136173248291,0.4505451023578644,238.147705078125,0.00036666885716840625,73.4345474243164,5.380288124084473,1.4434434175491333,265.9690246582031,0.0016992151504382491,39.07642364501953,1.5139856338500977,-0.15052208304405212,281.7918395996094,0.009687017649412155,96.81710052490234,-0.29406115412712097,0.857347846031189,288.9422912597656,0.011511251330375671,86.9632797241211,4.146121864323504e-05,6.993192528170766e-06,9.409956932067871,4.536178112030029,0.9616462588310242,5.0014437874779105e-05,3.168235343764536e-05,63.54682922363281,5.010958194732666,0.6790982148960556,0.7496306525795822,23,8,8,ML_GGW_108_0023
GGW,108.0,995.0,9.0,18.0,16.105262756347656,315.0,-0.7071067811865477,0.7071067811865474,-1.0,-1.8369701987210297e-16,-4.2581787109375,1.9418034553527832,218.75973510742188,4.62146163044963e-05,63.10677719116211,-7.630766868591309,3.0922510623931885,242.8148956298828,0.0005758645129390061,64.62572479248047,-8.899255752563477,-1.8360315561294556,268.1510009765625,0.002635591896250844,48.94548416137695,-6.116824626922607,-0.18313941359519958,283.2734069824219,0.0076764835976064205,69.34159851074219,-4.330615520477295,0.8691693544387817,289.8456726074219,0.013042393140494823,92.92709350585938,4.6724395360797644e-05,1.4000764167576563e-05,1.0750771760940552,-6.247128486633301,0.7768106460571289,5.0520640797913074e-05,4.022887515020557e-05,66.20170593261719,1.0226267576217651,0.9226591318958683,2.4790373511052888,24,1,42,ML_GGW_108_0024
GGW,108.0,996.0,9.0,0.0,16.105262756347656,315.0,-0.7071067811865477,0.7071067811865474,-1.0,-1.8369701987210297e-16,-2.007519006729126,3.1899666786193848,218.4823455810547,5.2839848649455234e-05,75.05433654785156,-7.7053117752075195,3.7647931575775146,242.1493682861328,0.0007069159764796495,86.22994995117188,-10.126361846923828,-0.7062774896621704,267.95574951171875,0.0036313990131020546,69.10289001464844,-6.774045944213867,0.4998435974121094,283.01336669921875,0.007344594690948725,67.50358581542969,-3.7755141258239746,0.5142965316772461,289.66217041015625,0.012909109704196453,93.04983520507812,4.9082878831541166e-05,2.2662243281956762e-05,3.207026243209839,-6.077750205993652,1.4525244235992432,5.1690996770048514e-05,4.722835001302883e-05,67.029296875,1.5011016130447388,0.8890743322444874,2.0813205282121165,24,2,42,ML_GGW_108_0024
GGW,108.0,997.0,9.0,6.0,14.210526466369629,310.0,-0.7660444431189781,0.6427876096865393,-1.0,-1.8369701987210297e-16,-8.949814796447754,2.0906336307525635,218.1470947265625,6.843778101028875e-05,100.2690658569336,-3.545241355895996,-0.1099720299243927,243.20587158203125,0.0009859931888058782,114.68147277832031,-4.381848335266113,-4.298165321350098,268.0640563964844,0.003331372980028391,67.3171615600586,-3.0023128986358643,-1.6574428081512451,281.8736572265625,0.008668191730976105,86.05870819091797,2.495377540588379,1.3578245639801025,289.9819641113281,0.013946195133030415,98.59576416015625,5.150674405740574e-05,3.706556890392676e-05,11.4686279296875,-3.4767677783966064,-0.5234243869781494,5.150674405740574e-05,5.406506534200162e-05,77.62014770507812,3.424591064453125,0.5823110545324022,0.332267757010146,24,3,42,ML_GGW_108_0024
GGW,108.0,998.0,9.0,12.0,16.105262756347656,312.5,-0.7372773368101242,0.6755902076156601,-1.0,-1.8369701987210297e-16,-2.234417200088501,3.3335843086242676,218.24172973632812,7.060879579512402e-05,102.34282684326172,-7.826288223266602,2.3175551891326904,242.72360229492188,0.0009950560051947832,123.26268005371094,-10.433917045593262,0.5090166926383972,268.5953369140625,0.005256477277725935,97.27061462402344,-6.5928802490234375,1.269662618637085,282.2545471191406,0.007735250052064657,74.85355377197266,-5.030731201171875,0.8808304071426392,289.76776123046875,0.013319510966539383,95.4208755493164,5.4988471674732864e-05,3.3923686714842916e-05,3.7195932865142822,-6.423646450042725,1.6621297597885132,5.4988471674732864e-05,5.7560111599741504e-05,67.7043685913086,1.417323350906372,0.5759859487551146,0.30631667146461705,24,4,42,ML_GGW_108_0024
GGW,108.0,999.0,9.0,18.0,16.105262756347656,312.5,-0.7372773368101242,0.6755902076156601,-1.0,-1.8369701987210297e-16,-3.443931818008423,2.21586275100708,218.37554931640625,7.104501855792478e-05,101.47709655761719,-8.145792961120605,2.4318490028381348,243.8408203125,0.0010271182982251048,109.77233123779297,-8.15595531463623,2.5255990028381348,269.5180358886719,0.005886212456971407,101.21155548095703,-5.569203853607178,1.5863946676254272,281.5928039550781,0.00845704972743988,85.63671112060547,-2.3024399280548096,1.6368216276168823,290.1763610839844,0.013287018984556198,92.75977325439453,5.593026799033396e-05,4.413168426253833e-05,1.2799580097198486,-5.523465156555176,2.079305410385132,5.593026799033396e-05,6.042559471097775e-05,68.66615295410156,1.2799580097198486,0.6803401477902022,0.7553354218369108,24,5,42,ML_GGW_108_0024
GGW,108.0,1000.0,9.0,0.0,16.105262756347656,310.0,-0.7660444431189781,0.6427876096865393,-1.0,-1.8369701987210297e-16,-8.148555755615234,3.2201364040374756,218.41574096679688,7.029723201412708e-05,99.82112884521484,-11.470329284667969,0.9388028383255005,243.8905792236328,0.00103626842610538,109.75526428222656,-7.727727890014648,-1.2842726707458496,269.5670471191406,0.005907808896154165,101.2122802734375,-7.039327144622803,-1.015093445777893,280.8165588378906,0.007722478825598955,82.78997802734375,-5.527118682861328,-1.12614107131958,290.2723693847656,0.012910142540931702,89.56058502197266,5.8169523981632665e-05,4.6810153435217217e-05,5.075634002685547,-7.982611656188965,0.14668643474578857,5.8169523981632665e-05,6.182759534567595e-05,65.6281967163086,2.0142157077789307,0.7501706574919341,1.0995226691722921,24,6,42,ML_GGW_108_0024
GGW,108.0,1001.0,9.0,6.0,16.105262756347656,310.0,-0.7660444431189781,0.6427876096865393,-1.0,-1.8369701987210297e-16,-7.352237701416016,0.04136821627616882,218.97337341308594,7.537546480307356e-05,99.82102966308594,-8.937631607055664,2.5504887104034424,244.39254760742188,0.0010975199984386563,110.58411407470703,-5.777349948883057,1.1787078380584717,269.58978271484375,0.005907862912863493,101.1243667602539,-6.397185325622559,1.1760234832763672,279.3448791503906,0.00844886340200901,99.86808776855469,-4.097168922424316,0.9672137498855591,290.1822814941406,0.013049814850091934,91.0759506225586,6.108608795329928e-05,5.4511012422153726e-05,3.384178400039673,-6.512314796447754,1.18276047706604,6.108608795329928e-05,5.4511012422153726e-05,68.3636474609375,3.384178400039673,0.7510371291139075,1.1041513176688147,24,7,42,ML_GGW_108_0024
GGW,108.0,1002.0,9.0,12.0,16.105262756347656,310.0,-0.7660444431189781,0.6427876096865393,-1.0,-1.8369701987210297e-16,-7.043881416320801,-1.4316188097000122,219.79588317871094,8.483428246108815e-05,101.0738525390625,-7.182339191436768,3.659766674041748,245.0882110595703,0.0012181465281173587,116.33577728271484,-3.702420234680176,4.5537028312683105,269.43658447265625,0.0058474414981901646,101.34159851074219,-4.354433536529541,4.187595367431641,279.3595275878906,0.008527126163244247,100.67241668701172,-0.4751541018486023,3.9731547832489014,290.2303771972656,0.013224764727056026,92.02613067626953,5.8614470617612824e-05,5.861647514393553e-05,8.506454467773438,-4.5516462326049805,2.9885201454162598,5.8614470617612824e-05,5.861647514393553e-05,69.15901184082031,3.106827735900879,0.6508944700714977,0.6229732702093431,24,8,42,ML_GGW_108_0024
GGW,108.0,1003.0,9.0,18.0,16.105262756347656,307.5,-0.7933533402912352,0.6087614290087205,-1.0,-1.8369701987210297e-16,-12.141525268554688,-1.001656174659729,220.7926025390625,9.63401107583195e-05,101.03684997558594,-6.1480326652526855,1.7937711477279663,244.77505493164062,0.0012285478878766298,124.22724914550781,0.44698870182037354,-1.3286763429641724,269.5256652832031,0.005896283779293299,101.38050079345703,-2.1020514965057373,-0.11695480346679688,278.92620849609375,0.008060304448008537,98.20551300048828,-1.5748273134231567,0.22734549641609192,290.6427001953125,0.012092013843357563,81.93461608886719,5.886648432351649e-05,6.472697714343667e-05,10.637929916381836,-4.303889274597168,-0.085234135389328,5.886648432351649e-05,6.472697714343667e-05,70.2563705444336,4.721560001373291,0.6244183127155737,0.508344526464741,24,9,42,ML_GGW_108_0024
GGW,108.0,1004.0,9.0,0.0,16.105262756347656,307.5,-0.7933533402912352,0.6087614290087205,-1.0,-1.8369701987210297e-16,-9.97930908203125,-2.8143882751464844,220.28060913085938,8.884182898327708e-05,100.29594421386719,-2.6639745235443115,4.461291790008545,243.65054321289062,0.0010957468766719103,122.8068618774414,1.3942310810089111,1.634087324142456,269.4405517578125,0.005877027288079262,101.51610565185547,-1.8629974126815796,1.2318339347839355,279.58642578125,0.007915684953331947,92.05210876464844,-1.1956110000610352,0.9220036268234253,290.63751220703125,0.012048180215060711,81.66654968261719,5.771576979896054e-05,7.27873994037509e-05,9.545364379882812,-2.861532211303711,1.086965799331665,5.771576979896054e-05,7.27873994037509e-05,73.96041870117188,3.0686378479003906,0.6380335123492574,0.5668391771685233,24,10,42,ML_GGW_108_0024
GGW,108.0,1005.0,9.0,6.0,16.105262756347656,307.5,-0.7933533402912352,0.6087614290087205,-1.0,-1.8369701987210297e-16,-11.449034690856934,-5.4693803787231445,218.89634704589844,7.414132414851338e-05,99.96765899658203,-1.0637826919555664,4.545183181762695,241.8819580078125,0.0008301028283312917,111.40259552001953,2.6662051677703857,4.639869689941406,269.0751953125,0.00550245912745595,97.02385711669922,-1.3849235773086548,4.1498894691467285,281.24188232421875,0.008148157969117165,84.5343246459961,0.2722768485546112,4.3628387451171875,290.2198486328125,0.012425352819263935,86.49411010742188,5.477817103383131e-05,6.123980710981414e-05,15.299074172973633,-2.191851854324341,2.4456801414489746,5.477817103383131e-05,6.653088348684832e-05,78.4875259399414,0.5580387711524963,0.5706195602543338,0.2843793864612494,24,11,42,ML_GGW_108_0024
GGW,108.0,1006.0,9.0,12.0,16.105262756347656,305.0,-0.8191520442889918,0.573576436351046,-1.0,-1.8369701987210297e-16,-15.343657493591309,-4.446883678436279,219.0467529296875,7.089989230735227e-05,93.30072021484375,-0.5410871505737305,2.9267401695251465,241.50755310058594,0.0005304323276504874,79.61621856689453,3.3825135231018066,1.6302763223648071,268.6746520996094,0.003084596712142229,57.296356201171875,0.11538752168416977,1.8667469024658203,283.1860046386719,0.007128615397959948,64.70001983642578,-0.9817820191383362,1.4736809730529785,290.47259521484375,0.0108620161190629,74.37797546386719,5.2028713980689645e-05,3.9014230424072593e-05,15.534366607666016,-2.673725128173828,0.6901121139526367,5.2028713980689645e-05,6.320461397990584e-05,77.35230255126953,2.772510290145874,0.7316825313550872,1.0031758556113601,24,12,42,ML_GGW_108_0024
GGW,108.0,1007.0,9.0,18.0,18.0,305.0,-0.8191520442889918,0.573576436351046,-1.0,-1.8369701987210297e-16,-11.94930648803711,-0.029344283044338226,218.95761108398438,7.91566344560124e-05,104.81314849853516,-2.843374252319336,3.613142251968384,243.59698486328125,0.0010161163518205285,115.0858154296875,-2.441983461380005,5.336274147033691,269.48077392578125,0.005787369329482317,99.80259704589844,-4.623091697692871,3.8529181480407715,281.8994445800781,0.008488867431879044,84.23078918457031,-5.57388973236084,1.3816726207733154,290.7230224609375,0.01182256918400526,79.74877166748047,5.1097580580972135e-05,6.298465450527146e-05,6.529694080352783,-5.486329555511475,2.830932855606079,5.1097580580972135e-05,6.298465450527146e-05,75.96068572998047,5.438563823699951,0.6149006206269358,0.46795923305237297,24,13,42,ML_GGW_108_0024
GGW,108.0,1008.0,9.0,0.0,18.0,305.0,-0.8191520442889918,0.573576436351046,-1.0,-1.8369701987210297e-16,-12.097269058227539,2.205259084701538,218.63706970214844,5.071083069196902e-05,69.55580139160156,-3.423931121826172,3.7555131912231445,242.17523193359375,0.0007089290884323418,93.4493179321289,-1.3793368339538574,7.719137191772461,269.5286865234375,0.0040624928660690784,70.01080322265625,-3.520094156265259,5.904228687286377,283.06268310546875,0.008565028198063374,78.49755096435547,-4.660301208496094,3.534640312194824,290.6876220703125,0.01187021005898714,80.16572570800781,4.802026887773536e-05,4.706548497779295e-05,7.554849147796631,-5.016186714172363,4.62375545501709,4.802026887773536e-05,6.585558003280312e-05,76.2191162109375,3.974076747894287,0.8801556891695461,1.9939053206635586,24,14,42,ML_GGW_108_0024
GGW,108.0,1009.0,9.0,6.0,18.0,302.5,-0.8433914458128857,0.5372996083468239,-1.0,-1.8369701987210297e-16,-12.612146377563477,3.3681464195251465,218.72683715820312,4.882679786533117e-05,67.18202209472656,-2.800044536590576,2.311875104904175,241.88851928710938,0.0005743192741647363,79.44734954833984,1.1166335344314575,4.017282485961914,269.6946716308594,0.004922877531498671,82.38430786132812,-2.580477714538574,3.3691821098327637,282.2630310058594,0.00794730894267559,76.89537048339844,-4.313347816467285,2.3426623344421387,290.33135986328125,0.01116710714995861,77.2215347290039,4.63540964119602e-05,5.422050890047103e-05,8.361918449401855,-4.237876892089844,3.081829786300659,4.63540964119602e-05,5.845687337568961e-05,73.09484100341797,4.511569976806641,0.9138439046370841,2.361499060818542,24,15,42,ML_GGW_108_0024
GGW,108.0,1010.0,9.0,12.0,19.894737243652344,300.0,-0.8660254037844386,0.5000000000000001,-1.0,-1.8369701987210297e-16,-7.962868690490723,4.123784065246582,219.54537963867188,8.95355042302981e-05,111.3927001953125,-5.279503345489502,1.7298859357833862,244.6932830810547,0.0011357555631548166,111.09025573730469,-6.931308746337891,2.788365364074707,270.382568359375,0.006279515102505684,100.96092224121094,-8.11007308959961,1.4093682765960693,281.4517517089844,0.009035754948854446,92.42858123779297,-8.280585289001465,0.9526387453079224,290.26904296875,0.011864748783409595,82.36915588378906,4.545391857391223e-05,5.829809379065409e-05,3.1870217323303223,-7.312867641448975,2.200808525085449,4.545391857391223e-05,5.829809379065409e-05,73.71202087402344,3.1870217323303223,0.6212151220108344,0.49470899451844885,24,16,42,ML_GGW_108_0024
GGW,108.0,1011.0,9.0,18.0,19.894737243652344,300.0,-0.8660254037844386,0.5000000000000001,-1.0,-1.8369701987210297e-16,-4.652090549468994,0.5758288502693176,219.7504119873047,8.703571802470833e-05,104.59712219238281,-3.797022581100464,2.4986114501953125,244.92337036132812,0.0011659569572657347,111.59321594238281,-5.028476238250732,7.247018337249756,269.7071228027344,0.005946168210357428,100.77523040771484,-5.158736705780029,5.120014190673828,282.44610595703125,0.00891118124127388,85.23540496826172,-4.457396030426025,3.060154914855957,290.6156005859375,0.011526517570018768,78.24894714355469,4.933661693939939e-05,5.9546440752455965e-05,2.491943359375,-4.618744373321533,3.7003257274627686,4.933661693939939e-05,6.2530831201002e-05,75.18079376220703,2.491943359375,0.656944665213886,0.6497080314575234,24,17,42,ML_GGW_108_0024
GGW,108.0,1012.0,9.0,0.0,19.894737243652344,297.5,-0.8870108331782216,0.4617486132350341,-1.0,-1.8369701987210297e-16,-7.200626850128174,-0.02110341005027294,220.02194213867188,8.624725160188973e-05,99.85428619384766,-1.5912179946899414,2.361712694168091,245.2204132080078,0.0012227291008457541,115.19366455078125,-0.10193602740764618,2.834238290786743,270.1132507324219,0.006176673341542482,101.3222885131836,-3.2653462886810303,0.2070860117673874,281.44866943359375,0.008820815943181515,90.27030181884766,-4.10137414932251,-1.3112727403640747,290.01556396484375,0.011601231060922146,81.8748779296875,4.658502439269796e-05,7.64156284276396e-05,3.357067823410034,-3.2521004676818848,0.8141322135925293,4.658502439269796e-05,7.64156284276396e-05,69.64002990722656,3.357067823410034,0.7210372133223051,0.9496123575957052,24,18,42,ML_GGW_108_0024
GGW,108.0,1013.0,9.0,6.0,19.894737243652344,297.5,-0.8870108331782216,0.4617486132350341,-1.0,-1.8369701987210297e-16,-6.185310363769531,-2.8502888679504395,219.29969787597656,7.882917270762846e-05,100.04989624023438,0.7676072716712952,2.936814308166504,243.26681518554688,0.0010156738571822643,119.15803527832031,1.4159471988677979,5.19528865814209,269.60894775390625,0.005590506363660097,95.15547180175781,-2.323808431625366,3.757235050201416,282.0991516113281,0.008577533066272736,83.92675018310547,-3.6609392166137695,2.968364715576172,289.9096984863281,0.011409832164645195,80.987060546875,4.828623787034303e-05,6.394195952452719e-05,6.342647552490234,-1.9973007440567017,2.4014828205108643,4.828623787034303e-05,6.463460886152461e-05,70.52218627929688,6.342647552490234,0.6460674420624085,0.6017975171277374,24,19,42,ML_GGW_108_0024
GGW,108.0,1014.0,9.0,12.0,21.789474487304688,295.0,-0.9063077870366498,0.4226182617406996,-1.0,-1.8369701987210297e-16,-4.042857646942139,0.13868741691112518,220.5166015625,9.625757957110181e-05,104.92093658447266,-2.410634994506836,-2.248880386352539,245.60916137695312,0.0012758680386468768,115.84867858886719,-7.212087154388428,1.0697083473205566,270.0657653808594,0.006126150954514742,101.1032485961914,-8.89077377319336,0.4919356107711792,281.0179443359375,0.008802718482911587,92.74641418457031,-7.996582984924316,0.7613903880119324,290.3499755859375,0.012312840670347214,85.00908660888672,5.0832477427320555e-05,6.442733138101175e-05,4.002461910247803,-6.110587120056152,0.04256826639175415,5.0832477427320555e-05,6.442733138101175e-05,73.01693725585938,4.002461910247803,0.7026276687452628,0.8598421253250139,24,20,42,ML_GGW_108_0024
GGW,108.0,1015.0,9.0,18.0,21.789474487304688,295.0,-0.9063077870366498,0.4226182617406996,-1.0,-1.8369701987210297e-16,-2.665550470352173,-1.3197591304779053,221.681884765625,0.00011081078264396638,104.43243408203125,-1.777619481086731,-1.6432329416275024,246.27906799316406,0.0013595642521977425,116.81134033203125,-5.6875104904174805,4.66994571685791,269.3840026855469,0.005833027884364128,101.49031829833984,-7.012328624725342,3.707315683364868,281.8683776855469,0.008723356761038303,86.70108795166016,-5.8440423011779785,3.087327480316162,290.3070068359375,0.011783349327743053,81.58203125,5.194631012273021e-05,6.976253644097596e-05,5.433711528778076,-4.597410202026367,1.7003192901611328,5.194631012273021e-05,6.976253644097596e-05,69.95975494384766,5.433711528778076,0.6877503571777034,0.7896229140256275,24,21,42,ML_GGW_108_0024
GGW,108.0,1016.0,9.0,0.0,21.789474487304688,292.5,-0.9238795325112866,0.38268343236509,-1.0,-1.8369701987210297e-16,-6.250999450683594,1.3002941608428955,220.4105682373047,9.038943244377151e-05,99.81072998046875,-2.4567806720733643,-5.645858287811279,245.11215209960938,0.0011474917409941554,108.64263153076172,-5.231844425201416,-5.170353889465332,270.7167663574219,0.006413944065570831,100.4453125,-7.111677646636963,-2.902475595474243,281.8414001464844,0.00870904978364706,86.70478057861328,-5.644953727722168,-2.279545307159424,290.8185119628906,0.011794495396316051,79.07606506347656,5.134185994393192e-05,7.055176683934405e-05,3.63077712059021,-5.3392510414123535,-2.9395878314971924,5.134185994393192e-05,7.055176683934405e-05,68.91585540771484,3.63077712059021,0.7995690312276029,1.3836029794817053,24,22,42,ML_GGW_108_0024
GGW,108.0,1017.0,9.0,6.0,21.789474487304688,292.5,-0.9238795325112866,0.38268343236509,-1.0,-1.8369701987210297e-16,-3.9602103233337402,-0.06589367240667343,220.1710662841797,8.736410381970927e-05,99.70663452148438,-2.3461668491363525,-7.007113456726074,244.32846069335938,0.0010614211205393076,108.74930572509766,-7.018343448638916,-1.5028181076049805,270.25555419921875,0.006230503786355257,101.03593444824219,-7.440035343170166,0.6301554441452026,282.1042785644531,0.008646883070468903,84.5351791381836,-6.294912338256836,0.9306809306144714,290.2781677246094,0.01169329509139061,81.14783477783203,5.37224295840133e-05,6.920703162904829e-05,2.5385024547576904,-5.411933422088623,-1.4029977321624756,5.37224295840133e-05,6.920703162904829e-05,67.01449584960938,2.5385024547576904,0.813985952101498,1.4761209107957916,24,23,42,ML_GGW_108_0024
GGW,108.0,1018.0,9.0,12.0,21.789474487304688,290.0,-0.9396926207859083,0.342020143325669,-1.0,-1.8369701987210297e-16,-4.152870178222656,1.3674887418746948,219.22604370117188,5.603806130238809e-05,71.8055648803711,-2.8149759769439697,-6.1786065101623535,242.78793334960938,0.00027164682978764176,38.72832489013672,-7.725013732910156,-5.888486862182617,270.1845703125,0.0057697296142578125,90.56578063964844,-6.651304244995117,-3.4221858978271484,282.87109375,0.008097671903669834,75.1004638671875,-6.174796104431152,-3.058840751647949,290.6376647949219,0.011824343353509903,80.16261291503906,5.106173557578586e-05,4.125330815440975e-05,4.866269588470459,-5.503791809082031,-3.4361259937286377,5.106173557578586e-05,5.5668911954853684e-05,69.28048706054688,4.866269588470459,0.9348883172191937,2.6643230832177123,24,24,42,ML_GGW_108_0024
GGW,108.0,1019.0,9.0,18.0,21.789474487304688,290.0,-0.9396926207859083,0.342020143325669,-1.0,-1.8369701987210297e-16,-3.7009074687957764,-0.37295472621917725,219.47735595703125,4.462448850972578e-05,54.779422760009766,-4.6073784828186035,-5.497193336486816,242.90921020507812,0.0002444783749524504,29.464723587036133,-6.424261093139648,-5.05206298828125,269.85565185546875,0.005597355309873819,90.71023559570312,-6.374316692352295,-2.8491151332855225,283.2601318359375,0.008091354742646217,73.1002197265625,-6.15588903427124,-0.8037561774253845,290.58599853515625,0.011716550216078758,79.697509765625,5.108840923639946e-05,4.2059895349666476e-05,2.4924936294555664,-5.452550411224365,-2.9150164127349854,5.108840923639946e-05,4.3723244743887335e-05,69.3800277709961,2.4924936294555664,0.9434228542655111,2.8139094779252307,24,25,42,ML_GGW_108_0024
GGW,108.0,1020.0,9.0,0.0,19.894737243652344,290.0,-0.9396926207859083,0.342020143325669,-1.0,-1.8369701987210297e-16,-8.14250373840332,-0.6653358936309814,219.21734619140625,7.72229686845094e-05,99.17494201660156,-6.4476637840271,-3.53139066696167,243.51773071289062,0.0009659975185059011,108.125,-3.143878936767578,-3.529932737350464,270.46112060546875,0.006314558908343315,100.4791030883789,-1.748289704322815,-0.9007951021194458,282.58294677734375,0.009016784839332104,85.38069152832031,-0.6855274438858032,1.2439756393432617,290.6219177246094,0.011862942017614841,80.5311279296875,4.730166983790696e-05,5.0590639148140326e-05,7.6975297927856445,-4.033572673797607,-1.4766957759857178,4.730166983790696e-05,5.0590639148140326e-05,71.04110717773438,7.092489719390869,0.6817889853216133,0.762005473393671,24,26,42,ML_GGW_108_0024
GGW,108.0,1021.0,9.0,6.0,19.894737243652344,287.5,-0.9537169507482268,0.30070579950427345,-1.0,-1.8369701987210297e-16,-6.712164878845215,-0.11608576774597168,219.02481079101562,5.568252527154982e-05,73.9306869506836,-7.380005836486816,-3.1717355251312256,242.331298828125,0.00041975078056566417,60.41505813598633,-6.2131524085998535,-7.397820949554443,268.9808349609375,0.005062234587967396,87.0975341796875,-4.013400077819824,-3.7642061710357666,284.0216369628906,0.010153655894100666,87.79668426513672,-2.0328023433685303,-2.0541532039642334,290.9571838378906,0.012323114089667797,81.86549377441406,4.595137943397276e-05,3.8551155739696696e-05,5.064833164215088,-5.2703046798706055,-3.300800323486328,4.595137943397276e-05,5.146685361978598e-05,74.37692260742188,5.064833164215088,0.8897952958459638,2.0886518483726717,24,27,42,ML_GGW_108_0024
GGW,108.0,1022.0,9.0,12.0,19.894737243652344,287.5,-0.9537169507482268,0.30070579950427345,-1.0,-1.8369701987210297e-16,-5.9023637771606445,-2.8139476776123047,218.9291229248047,6.70224690111354e-05,90.75498962402344,-7.793362140655518,-3.5042712688446045,242.4588623046875,0.000478612317238003,62.78131103515625,-7.606982231140137,-2.594513177871704,269.8611755371094,0.005802981089800596,95.24114990234375,-3.967655897140503,0.18280869722366333,283.4248046875,0.00978380348533392,87.71739959716797,-3.1434574127197266,0.9995272159576416,290.609130859375,0.012561120092868805,85.29442596435547,5.0057467888109386e-05,4.740788062918e-05,4.706820011138916,-5.682764053344727,-1.5460792779922485,5.0057467888109386e-05,4.740788062918e-05,76.09037780761719,4.706820011138916,0.8679265792402013,1.8827491391221347,24,28,42,ML_GGW_108_0024
GGW,108.0,1023.0,9.0,18.0,19.894737243652344,287.5,-0.9537169507482268,0.30070579950427345,-1.0,-1.8369701987210297e-16,-4.576922416687012,-3.851762533187866,218.57530212402344,6.263493560254574e-05,86.2379150390625,-6.968756198883057,-1.2328823804855347,242.8177032470703,0.000866647984366864,103.47753143310547,-6.261068820953369,1.8303496837615967,270.56573486328125,0.006305878050625324,99.4498519897461,-3.7900240421295166,3.4218242168426514,283.1369323730469,0.009492598474025726,86.66590881347656,-2.9913170337677,4.081391334533691,290.9726867675781,0.012368429452180862,82.11083221435547,4.684313898906112e-05,4.415211878949776e-05,8.090060234069824,-4.9176177978515625,0.8497840762138367,4.684313898906112e-05,4.415211878949776e-05,76.5136947631836,5.080052852630615,0.7405398872881381,1.048776515050224,24,29,42,ML_GGW_108_0024
GGW,108.0,1024.0,9.0,0.0,19.894737243652344,285.0,-0.9659258262890684,0.2588190451025203,-1.0,-1.8369701987210297e-16,-5.426588535308838,-2.1648194789886475,218.6716766357422,5.900564428884536e-05,80.41913604736328,-9.27722454071045,-0.8861984610557556,242.19737243652344,0.0005788045818917453,75.91390228271484,-8.769356727600098,-2.4683055877685547,270.2947082519531,0.006082774139940739,97.51625061035156,-5.527458667755127,-0.8587456345558167,283.8494567871094,0.00932274665683508,81.10145568847656,-3.8318707942962646,0.44953733682632446,291.07781982421875,0.01317755226045847,86.81332397460938,4.80647140648216e-05,4.192848427919671e-05,3.062349796295166,-6.566500186920166,-1.185706377029419,4.80647140648216e-05,4.192848427919671e-05,76.06804656982422,3.062349796295166,0.8582742183116431,1.8010295744637972,24,30,42,ML_GGW_108_0024
GGW,108.0,1025.0,9.0,6.0,19.894737243652344,285.0,-0.9659258262890684,0.2588190451025203,-1.0,-1.8369701987210297e-16,-2.011512517929077,-4.710350513458252,218.11045837402344,6.730615859851241e-05,99.54808044433594,-6.578778266906738,0.08824354410171509,242.52601623535156,0.0008567419135943055,105.8322982788086,-9.009123802185059,2.2343475818634033,270.7397155761719,0.006334865465760231,98.56110382080078,-5.744382858276367,4.237553119659424,283.16473388671875,0.00937237124890089,85.34684753417969,-3.9931416511535645,4.399474143981934,291.0690002441406,0.01260116882622242,83.11651611328125,4.428117608767934e-05,4.3862546590389684e-05,9.32286262512207,-5.467387676239014,1.249853491783142,4.428117608767934e-05,4.3862546590389684e-05,76.63243865966797,1.7055584192276,0.6028279209278526,0.4172621490854045,24,31,42,ML_GGW_108_0024
GGW,108.0,1026.0,9.0,12.0,19.894737243652344,282.5,-0.9762960071199335,0.21643961393810246,-1.0,-1.8369701987210297e-16,-4.726329803466797,-1.4311208724975586,218.63275146484375,7.204236317193136e-05,99.58016967773438,-9.4781494140625,0.07142423093318939,242.86819458007812,0.0009159938781522214,108.8879623413086,-10.62924861907959,0.11543630063533783,270.65185546875,0.006311618257313967,98.94856262207031,-6.283470153808594,1.720132827758789,283.263671875,0.009374096989631653,84.80110931396484,-4.374150276184082,2.1335601806640625,291.19921875,0.013229724951088428,86.5323715209961,4.8976740799844265e-05,5.124370363773778e-05,3.582036018371582,-7.098269462585449,0.5218865275382996,4.8976740799844265e-05,5.124370363773778e-05,77.28136444091797,3.582036018371582,0.6891427244714127,0.7961145111223231,24,32,42,ML_GGW_108_0024
GGW,108.0,1027.0,9.0,18.0,19.894737243652344,280.0,-0.9848077530122081,0.17364817766692997,-1.0,-1.8369701987210297e-16,-8.418108940124512,1.5477877855300903,221.88023376464844,0.00010732721420936286,99.87031555175781,-11.774383544921875,-0.11736427247524261,244.17727661132812,0.0009949587984010577,104.520263671875,-10.064468383789062,-2.245689868927002,270.0092468261719,0.0059957560151815414,99.130126953125,-5.286232948303223,-0.9973504543304443,282.842041015625,0.009558873251080513,88.96173858642578,-3.9022066593170166,-1.0264288187026978,290.9346008300781,0.013803975656628609,91.77983856201172,5.132676233188249e-05,6.239354115677997e-05,5.198073387145996,-7.889080047607422,-0.5678091049194336,5.132676233188249e-05,6.239354115677997e-05,76.68376922607422,5.198073387145996,0.7638167122867137,1.1737197085532207,24,33,42,ML_GGW_108_0024
GGW,108.0,1028.0,9.0,0.0,19.894737243652344,280.0,-0.9848077530122081,0.17364817766692997,-1.0,-1.8369701987210297e-16,-6.9046173095703125,-1.100984811782837,220.20372009277344,8.82915046531707e-05,99.87980651855469,-9.232569694519043,3.394873857498169,245.1276092529297,0.0012110505485907197,115.24655151367188,-7.887784957885742,5.226516246795654,269.73779296875,0.0056915851309895515,96.62229919433594,-4.980381965637207,3.5459394454956055,281.9606018066406,0.00919561367481947,90.84541320800781,-4.076430797576904,3.2362000942230225,291.53509521484375,0.013034019619226456,83.47222900390625,5.1749062549788505e-05,7.733905658824369e-05,5.17781925201416,-6.616357326507568,2.860509157180786,5.1749062549788505e-05,7.733905658824369e-05,76.16110229492188,5.17781925201416,0.7346789826066804,1.0184931662082373,24,34,42,ML_GGW_108_0024
GGW,108.0,1029.0,9.0,6.0,19.894737243652344,277.5,-0.9914448613738105,0.13052619222005127,-1.0,-1.8369701987210297e-16,-8.050162315368652,-2.2807888984680176,220.15631103515625,8.779192285146564e-05,99.8993911743164,-8.26468563079834,0.6640803813934326,244.6173095703125,0.0011496428633108735,116.56521606445312,-8.04023551940918,0.7349161505699158,269.2544860839844,0.005383442621678114,95.21222686767578,-4.600385665893555,0.49481964111328125,281.597412109375,0.009368143044412136,94.80195617675781,-3.081721305847168,0.9522724151611328,290.9803466796875,0.013585002161562443,90.1003189086914,5.2971503464505076e-05,8.171755325747654e-05,5.927739143371582,-6.407437801361084,0.11305993795394897,5.2971503464505076e-05,8.171755325747654e-05,73.54869842529297,4.475968360900879,0.7734659089696079,1.227986149438825,24,35,42,ML_GGW_108_0024
GGW,108.0,1030.0,9.0,12.0,19.894737243652344,277.5,-0.9914448613738105,0.13052619222005127,-1.0,-1.8369701987210297e-16,-6.483438491821289,-4.4065423011779785,220.12408447265625,8.719521429156885e-05,99.91516876220703,-4.4436750411987305,4.0854597091674805,244.41732788085938,0.0011306008091196418,115.83968353271484,-4.074550628662109,9.150175094604492,269.8296203613281,0.0054739173501729965,92.5779800415039,-3.406741142272949,6.140647888183594,281.4540100097656,0.008974842727184296,91.72028350830078,-1.8945978879928589,5.041224002838135,291.1235656738281,0.013065588660538197,85.90194702148438,5.477803642861545e-05,6.912664684932679e-05,10.503225326538086,-4.060600757598877,4.002192497253418,5.477803642861545e-05,7.279101555468515e-05,74.9638900756836,3.8311820030212402,0.6809158526608198,0.7579838813780104,24,36,42,ML_GGW_108_0024
GGW,108.0,1031.0,9.0,18.0,19.894737243652344,275.0,-0.9961946980917455,0.08715574274765789,-1.0,-1.8369701987210297e-16,-6.413610935211182,-3.9891936779022217,220.87582397460938,9.947875514626503e-05,103.76199340820312,-4.86038875579834,-0.06890004128217697,246.1811065673828,0.001334636239334941,113.86664581298828,-3.526151180267334,3.289536714553833,269.7400817871094,0.005373028572648764,91.69956970214844,-2.8961591720581055,1.9202384948730469,280.901611328125,0.00895354337990284,95.05623626708984,-1.5417903661727905,0.3282715678215027,291.4015197753906,0.012834119610488415,82.9066162109375,6.240488437470049e-05,7.859626930439845e-05,6.509619235992432,-3.8476204872131348,0.29599064588546753,6.240488437470049e-05,7.859626930439845e-05,74.16907501220703,5.700865745544434,0.7344596714912338,1.017368362434302,24,37,42,ML_GGW_108_0024
GGW,108.0,1032.0,9.0,0.0,19.894737243652344,275.0,-0.9961946980917455,0.08715574274765789,-1.0,-1.8369701987210297e-16,-3.778484344482422,-6.7799787521362305,221.39170837402344,0.00010467576794326305,102.03675079345703,-3.27850079536438,0.6352642774581909,246.52566528320312,0.001334860105998814,110.1063232421875,-1.7431014776229858,9.72862720489502,269.65740966796875,0.005613106768578291,95.98724365234375,-2.0799355506896973,7.061365604400635,281.58819580078125,0.008511334657669067,86.25301361083984,-2.2153968811035156,5.393918514251709,291.5301513671875,0.012411953881382942,79.5227279663086,5.785337634733878e-05,6.916431448189542e-05,12.273834228515625,-2.619083881378174,3.2078394889831543,5.785337634733878e-05,7.808201917214319e-05,73.48284912109375,5.208783149719238,0.6626605745113461,0.675173284347609,24,38,42,ML_GGW_108_0024
GGW,108.0,1033.0,9.0,6.0,19.894737243652344,272.5,-0.9990482215818578,0.043619387365335764,-1.0,-1.8369701987210297e-16,-7.117172718048096,-4.251897811889648,222.03065490722656,0.00011104543227702379,99.73825073242188,-5.310181617736816,-1.5204343795776367,246.8580322265625,0.0014579091221094131,118.92235565185547,-2.845996141433716,2.5090219974517822,269.50836181640625,0.005496805999428034,95.16413116455078,-1.9523687362670898,1.3720439672470093,280.7549133300781,0.00860817451030016,92.35989379882812,-2.010392189025879,1.7579506635665894,291.71331787109375,0.012597008608281612,79.77828979492188,6.15736935287714e-05,8.528092439519241e-05,7.886538505554199,-3.847222089767456,-0.02666311338543892,6.15736935287714e-05,8.528092439519241e-05,73.35368347167969,5.833463191986084,0.7060429924012667,0.8762426074033991,24,39,42,ML_GGW_108_0024
GGW,108.0,1034.0,9.0,12.0,19.894737243652344,270.0,-1.0,-1.8369701987210297e-16,-1.0,-1.8369701987210297e-16,-9.637577056884766,-0.9520137906074524,221.97030639648438,0.00011132744839414954,100.8912353515625,-8.105729103088379,-5.484345436096191,246.2195281982422,0.0013294947566464543,116.03339385986328,-4.67142391204834,-6.485893249511719,270.6835021972656,0.006411919370293617,100.91825866699219,-2.8903214931488037,-3.612025260925293,281.00445556640625,0.008802602998912334,92.95036315917969,-1.2929495573043823,-3.2753169536590576,291.6692199707031,0.012287876568734646,78.06407928466797,6.161693454487249e-05,8.097493991954252e-05,8.662016868591309,-5.3196001052856445,-3.961919069290161,6.161693454487249e-05,8.097493991954252e-05,75.13090515136719,7.339517116546631,0.7143794031305537,0.9167498523871265,24,40,42,ML_GGW_108_0024
GGW,108.0,1035.0,9.0,18.0,19.894737243652344,270.0,-1.0,-1.8369701987210297e-16,-1.0,-1.8369701987210297e-16,-6.119912624359131,-0.10323793441057205,222.37428283691406,0.00011685805657180026,100.4944076538086,-7.056947231292725,-1.2108407020568848,247.29400634765625,0.0014772277791053057,115.32452392578125,-6.236351013183594,2.4854981899261475,270.8907470703125,0.006507733836770058,100.85043334960938,-4.103518962860107,2.1059718132019043,280.5216369628906,0.008647740818560123,94.41639709472656,-2.6346259117126465,0.9754974842071533,292.03460693359375,0.012062400579452515,74.89110565185547,6.650314753642306e-05,9.0312423708383e-05,3.648409843444824,-5.230271339416504,0.850577712059021,6.650314753642306e-05,9.0312423708383e-05,75.29339599609375,3.648409843444824,0.7090758283965551,0.890899817474621,24,41,42,ML_GGW_108_0024
GGW,108.0,1036.0,9.0,0.0,19.894737243652344,267.5,-0.9990482215818578,-0.04361938736533613,-1.0,-1.8369701987210297e-16,-6.576820373535156,1.7144612073898315,223.19972229003906,0.00012814982619602233,99.81182098388672,-10.111266136169434,-5.251396656036377,247.07814025878906,0.0014525392325595021,115.10057830810547,-10.952062606811523,-7.14788293838501,271.464111328125,0.00677577406167984,100.48197937011719,-7.0591936111450195,-5.0803914070129395,281.62432861328125,0.009080290794372559,91.69416046142578,-6.119760990142822,-5.617076396942139,290.9603271484375,0.01247615646570921,82.95108032226562,6.637065962422639e-05,8.899897511582822e-05,7.345770835876465,-8.16382122039795,-4.2764573097229,6.637065962422639e-05,8.899897511582822e-05,80.05416870117188,4.737598896026611,0.7126387836790093,0.9082346594379889,24,42,42,ML_GGW_108_0024
GGW,108.0,997.0,9.0,6.0,18.0,342.5,-0.300705799504273,0.9537169507482269,-1.0,-1.8369701987210297e-16,-8.877450942993164,0.6485438346862793,222.08338928222656,0.00010804643534356728,98.93037414550781,-8.93498420715332,5.808722972869873,246.06788635253906,0.0011253384873270988,97.72164916992188,-13.72032642364502,3.075423002243042,268.9187316894531,0.005397561471909285,97.29077911376953,-12.826573371887207,-0.5031923651695251,283.5036315917969,0.010510885156691074,93.33838653564453,-7.0972185134887695,-1.843599796295166,293.72235107421875,0.01535129826515913,85.8363037109375,7.650332554476336e-05,6.63040264043957e-05,3.0626797676086426,-10.29131031036377,1.437179684638977,7.650332554476336e-05,6.63040264043957e-05,79.2839126586914,3.0626797676086426,0.6000068916083187,0.40549382322528293,25,1,9,ML_GGW_108_0025
GGW,108.0,998.0,9.0,12.0,18.0,340.0,-0.3420201433256686,0.9396926207859084,-1.0,-1.8369701987210297e-16,-9.02318000793457,1.733465552330017,222.50088500976562,0.00011725499643944204,99.98701477050781,-8.560507774353027,5.282135486602783,246.57485961914062,0.0012199891498312354,102.35206604003906,-11.748400688171387,0.7047926783561707,268.8537902832031,0.005431354511529207,98.43128204345703,-10.701929092407227,-2.3566977977752686,283.699462890625,0.010454222559928894,91.6009292602539,-5.0710530281066895,-2.191178560256958,293.598876953125,0.015295836143195629,86.20890045166016,7.70425540395081e-05,7.276089309016243e-05,5.569752216339111,-9.021014213562012,0.6345034837722778,7.70425540395081e-05,7.276089309016243e-05,77.47010040283203,5.569752216339111,0.616703370626388,0.4755789689229317,25,2,9,ML_GGW_108_0025
GGW,108.0,999.0,9.0,18.0,18.0,340.0,-0.3420201433256686,0.9396926207859084,-1.0,-1.8369701987210297e-16,-4.9359354972839355,0.19721269607543945,222.1089630126953,0.00011403359530959278,101.05448913574219,-6.6187744140625,8.002205848693848,246.36830139160156,0.0012818510876968503,110.42263793945312,-9.348355293273926,7.7167134284973145,269.8638610839844,0.005589043255895376,93.73487091064453,-6.949156284332275,3.6819887161254883,283.57598876953125,0.0100204236805439,88.54539489746094,-1.8122344017028809,3.1523585319519043,292.4067687988281,0.015478281304240227,93.84870147705078,7.86676027928479e-05,7.552353054052219e-05,4.300045967102051,-5.932890892028809,4.550096035003662,7.86676027928479e-05,8.048267773119733e-05,75.95549011230469,4.300045967102051,0.5675298213667362,0.271779923781045,25,3,9,ML_GGW_108_0025
GGW,108.0,1000.0,9.0,0.0,18.0,337.5,-0.38268343236508956,0.9238795325112868,-1.0,-1.8369701987210297e-16,-4.939105987548828,0.07915504276752472,221.7410125732422,0.00010790760279633105,100.61477661132812,-4.068492889404297,8.201620101928711,246.22027587890625,0.0012089157244190574,104.95840454101562,-7.9356513023376465,7.0760650634765625,268.7713623046875,0.005245899315923452,95.83628845214844,-7.24776029586792,1.008315086364746,282.8912658691406,0.010241234675049782,94.73194122314453,-2.547651767730713,-0.9572405219078064,292.09759521484375,0.01528159249573946,94.57870483398438,8.123797306325287e-05,8.104526932584122e-05,2.6063709259033203,-5.3477325439453125,3.08158278465271,8.123797306325287e-05,8.104526932584122e-05,79.64232635498047,2.6063709259033203,0.645820041579143,0.600715750481791,25,4,9,ML_GGW_108_0025
GGW,108.0,1001.0,9.0,6.0,18.0,335.0,-0.4226182617406992,0.90630778703665,-1.0,-1.8369701987210297e-16,-5.272347927093506,-1.5772377252578735,222.22921752929688,0.00011395515321055427,99.88077545166016,-2.7782111167907715,5.754805088043213,247.20912170410156,0.0014035000931471586,109.77543640136719,-6.292418956756592,4.596305847167969,268.2377014160156,0.005058079492300749,96.5315933227539,-7.443751335144043,-1.646138072013855,282.67913818359375,0.010202104225754738,95.7750244140625,-4.251238822937012,-3.114140748977661,291.6946716308594,0.014941651374101639,94.84136962890625,8.327028626808897e-05,8.288178651127964e-05,1.845192313194275,-5.2075934410095215,0.8027189373970032,8.327028626808897e-05,8.288178651127964e-05,81.99779510498047,1.845192313194275,0.645488164885187,0.5992651445282824,25,5,9,ML_GGW_108_0025
GGW,108.0,1002.0,9.0,12.0,18.0,335.0,-0.4226182617406992,0.90630778703665,-1.0,-1.8369701987210297e-16,-2.558316707611084,-3.9006614685058594,222.6802520751953,0.0001236587413586676,102.17044067382812,-1.934045672416687,9.240501403808594,245.79270935058594,0.0011434239568188787,105.26114654541016,-2.67305326461792,11.938697814941406,269.5603332519531,0.0046243141405284405,79.41259765625,-3.260936737060547,6.490038871765137,283.6007385253906,0.009783273562788963,86.3280029296875,-0.41113778948783875,5.091737270355225,291.5408020019531,0.0151414405554533,96.958984375,8.334701124113053e-05,6.514224514830858e-05,9.245194435119629,-2.1674981117248535,5.772063255310059,8.334701124113053e-05,8.826346311252564e-05,81.32662200927734,3.14099383354187,0.5975488374664437,0.39526226263440933,25,6,9,ML_GGW_108_0025
GGW,108.0,1003.0,9.0,18.0,18.0,332.5,-0.46174861323503363,0.8870108331782218,-1.0,-1.8369701987210297e-16,-3.252967119216919,-4.370518207550049,223.72608947753906,0.00013694765220861882,100.4348373413086,0.3971424400806427,9.315034866333008,245.39151000976562,0.0011438208166509867,107.05797576904297,-1.3013091087341309,8.950127601623535,269.01580810546875,0.00499839847907424,89.75047302246094,-2.6715681552886963,2.0737764835357666,282.5984191894531,0.009710843674838543,91.67989349365234,-0.24166715145111084,0.13727010786533356,291.5360107421875,0.015138791874051094,96.97798156738281,8.191507367882878e-05,8.530315244570374e-05,5.421077728271484,-1.4140738248825073,3.2211380004882812,8.191507367882878e-05,8.753393922233954e-05,80.54705810546875,5.421077728271484,0.6523018996155197,0.6291729153547863,25,7,9,ML_GGW_108_0025
GGW,108.0,1004.0,9.0,0.0,18.0,332.5,-0.46174861323503363,0.8870108331782218,-1.0,-1.8369701987210297e-16,-1.9052624702453613,-4.812955379486084,222.56385803222656,0.00011705795623129234,100.2008056640625,0.10047517716884613,10.196772575378418,242.6446075439453,0.0007605653954669833,96.3372573852539,-0.4189896583557129,13.546072006225586,270.2978210449219,0.005011302884668112,80.39041137695312,0.3469814956188202,7.944129943847656,283.25579833984375,0.008954070508480072,80.82671356201172,2.7464027404785156,5.151198863983154,291.7515869140625,0.014615118503570557,92.33536529541016,7.840226317057386e-05,5.060949479229748e-05,10.99647045135498,0.17392149567604065,6.405043601989746,7.840226317057386e-05,8.781845826888457e-05,81.57056427001953,2.807985305786133,0.627082973103872,0.5197229184776813,25,8,9,ML_GGW_108_0025
GGW,108.0,1005.0,9.0,6.0,18.0,330.0,-0.5000000000000004,0.8660254037844384,-1.0,-1.8369701987210297e-16,-1.088218092918396,-5.921359062194824,221.383544921875,0.00010295511310687289,100.38497924804688,3.7165884971618652,6.1664605140686035,244.9406280517578,0.001222797087393701,120.97149658203125,1.7015278339385986,10.807409286499023,270.2516784667969,0.005558354780077934,91.02369689941406,0.2421315312385559,3.1906938552856445,282.0959777832031,0.009254944510757923,90.41285705566406,2.22175931930542,0.9148215055465698,291.7285461425781,0.01419325266033411,89.8408203125,8.44837268232368e-05,6.94137197569944e-05,7.595348358154297,1.358757734298706,3.0316052436828613,8.44837268232368e-05,8.444520062766969e-05,80.67581176757812,5.98254919052124,0.5812715182224627,0.32799528179508775,25,9,9,ML_GGW_108_0025
GGW,108.0,1007.0,9.0,18.0,19.894737243652344,327.5,-0.5372996083468242,0.8433914458128855,-1.0,-1.8369701987210297e-16,-2.084843158721924,-2.0987119674682617,223.2535858154297,0.00013725021563004702,105.78217315673828,-1.6185866594314575,6.6474738121032715,245.62225341796875,0.0013361552264541388,125.33247375488281,-5.357947826385498,8.556065559387207,270.31103515625,0.00553398672491312,90.39356994628906,-5.984563827514648,0.4504776895046234,282.3437805175781,0.008995420299470425,86.45584869384766,-4.786440372467041,-1.2761569023132324,292.0265197753906,0.013900388032197952,86.31499481201172,8.29322962090373e-05,9.994221909437329e-05,2.8240439891815186,-3.9664764404296875,2.455829620361328,8.29322962090373e-05,9.994221909437329e-05,73.78610229492188,2.8240439891815186,0.6122122035260624,0.4566206864946416,26,1,19,ML_GGW_108_0026
GGW,108.0,1008.0,9.0,0.0,19.894737243652344,327.5,-0.5372996083468242,0.8433914458128855,-1.0,-1.8369701987210297e-16,-2.4225499629974365,-1.6962417364120483,221.3453826904297,0.00010318511340301484,101.33208465576172,0.8481447100639343,9.795488357543945,244.36953735351562,0.0011798155028373003,124.37866973876953,-1.023078441619873,13.266716957092285,270.0075988769531,0.005914634559303522,97.96025085449219,-2.968532085418701,5.821499824523926,282.9422607421875,0.008372693322598934,77.13427734375,-2.6898200511932373,3.8872902393341064,292.33819580078125,0.013403432443737984,81.60723114013672,8.56337501318194e-05,8.294456347357482e-05,5.5899248123168945,-1.6511671543121338,6.2149505615234375,8.56337501318194e-05,0.00010212838969891891,73.28653717041016,4.790066719055176,0.5894295985326181,0.3616078711810542,26,2,19,ML_GGW_108_0026
GGW,108.0,1009.0,9.0,6.0,19.894737243652344,325.0,-0.5735764363510465,0.8191520442889916,-1.0,-1.8369701987210297e-16,-5.333817481994629,-3.5644302368164062,221.1163787841797,9.934927220456302e-05,100.2525863647461,-1.064797282218933,1.7490477561950684,246.00877380371094,0.001303085358813405,113.79780578613281,-3.131931781768799,3.5341012477874756,270.41229248046875,0.0056297960691154,91.18126678466797,-3.574876546859741,-2.679502010345459,281.1867980957031,0.009227454662322998,96.00858306884766,-2.2874033451080322,-2.8142335414886475,291.9751892089844,0.014095782302320004,87.78118896484375,9.043137833941728e-05,0.00010145947453565896,3.1374247074127197,-3.0785651206970215,-0.7550033330917358,9.043137833941728e-05,0.00010145947453565896,71.70242309570312,3.1374247074127197,0.7843343824903185,1.291106296594657,26,3,19,ML_GGW_108_0026
GGW,108.0,1010.0,9.0,12.0,19.894737243652344,325.0,-0.5735764363510465,0.8191520442889916,-1.0,-1.8369701987210297e-16,-3.0542938709259033,-2.7187674045562744,221.80673217773438,0.00010923074296442792,100.70675659179688,1.401116967201233,4.846938133239746,246.869384765625,0.0014254284324124455,114.74620056152344,0.9982801675796509,9.168045997619629,270.4765319824219,0.006081059109419584,97.51051330566406,-0.43360868096351624,2.5677945613861084,281.7987365722656,0.009000987745821476,89.75257873535156,0.940434455871582,1.449015736579895,292.2933654785156,0.013736809603869915,83.86643981933594,9.704606054583564e-05,0.00010054297308670357,5.773064136505127,-0.02961418591439724,3.062605381011963,9.704606054583564e-05,0.00010054297308670357,71.62844848632812,5.773064136505127,0.6905384580363441,0.8026378414185158,26,4,19,ML_GGW_108_0026
GGW,108.0,1011.0,9.0,18.0,19.894737243652344,325.0,-0.5735764363510465,0.8191520442889916,-1.0,-1.8369701987210297e-16,-0.5441703796386719,-3.224181652069092,222.46450805664062,0.00011806010297732428,100.24469757080078,2.893267869949341,8.345351219177246,246.16102600097656,0.001380536938086152,122.1856918334961,4.107381343841553,12.55741024017334,270.5513916015625,0.006386891473084688,101.29601287841797,3.250155448913574,6.04111385345459,281.7884826660156,0.00879945233464241,87.82596588134766,4.193509101867676,4.196449279785156,292.51019287109375,0.01331253070384264,80.19718933105469,9.562436753185466e-05,9.137894085142761e-05,8.804054260253906,2.780028820037842,5.58322811126709,9.562436753185466e-05,0.00010302531154593453,73.17510986328125,8.804054260253906,0.5907008168258052,0.3668632692910576,26,5,19,ML_GGW_108_0026
GGW,108.0,1012.0,9.0,0.0,19.894737243652344,322.5,-0.608761429008721,0.7933533402912349,-1.0,-1.8369701987210297e-16,-5.843510627746582,-2.0445921421051025,222.1640625,0.00011958765389863402,105.72698211669922,-0.8992780447006226,-1.23148775100708,246.15147399902344,0.0013793619582429528,120.6695556640625,-0.04538697376847267,-2.365009307861328,270.30096435546875,0.00584802683442831,95.19390106201172,2.4119911193847656,-5.344920635223389,280.8352966308594,0.009148793295025826,97.52088928222656,2.9344184398651123,-4.629711627960205,291.14337158203125,0.013913022354245186,91.33597564697266,8.605345647083595e-05,0.00010272747749695554,9.150676727294922,-0.28835320472717285,-3.1231441497802734,8.605345647083595e-05,0.00010272747749695554,68.403564453125,5.555098056793213,0.7178011528990317,0.9335806308551975,26,6,19,ML_GGW_108_0026
GGW,108.0,1013.0,9.0,6.0,21.789474487304688,322.5,-0.608761429008721,0.7933533402912349,-1.0,-1.8369701987210297e-16,-6.047599792480469,-1.2814160585403442,221.6818084716797,0.00010560467489995062,100.16301727294922,-3.3777565956115723,0.07391151040792465,244.8632354736328,0.0011931111803278327,118.6371841430664,-7.351647853851318,0.8207448124885559,270.9747314453125,0.0065644048154354095,100.85726928710938,-7.099688529968262,-1.8626532554626465,282.539794921875,0.00870748795568943,82.55422973632812,-6.911831855773926,-1.4843955039978027,291.6668701171875,0.013141282834112644,83.48368835449219,8.974165393738076e-05,8.875981438905001e-05,0.887748658657074,-6.157704830169678,-0.746761679649353,8.974165393738076e-05,9.896280243992805e-05,68.48303985595703,0.887748658657074,0.7625184582518001,1.1665368142324395,26,7,19,ML_GGW_108_0026
GGW,108.0,1014.0,9.0,12.0,21.789474487304688,322.5,-0.608761429008721,0.7933533402912349,-1.0,-1.8369701987210297e-16,-5.162722587585449,0.8036704063415527,221.635498046875,0.00010451085836393759,99.97398376464844,-1.9931353330612183,2.5918221473693848,245.5322723388672,0.0012589694233611226,114.53668212890625,-5.1539411544799805,7.024247169494629,270.8687744140625,0.00651446683332324,101.01972198486328,-5.474516868591309,4.227368354797363,282.5663146972656,0.008700055070221424,82.31362915039062,-4.939229965209961,3.6842241287231445,291.74554443359375,0.012822254560887814,81.06328582763672,9.533840784570202e-05,8.893820631783456e-05,2.8892107009887695,-4.544709205627441,3.666266679763794,9.533840784570202e-05,9.464571485295892e-05,71.94760131835938,2.8892107009887695,0.7435934435996754,1.064730142998322,26,8,19,ML_GGW_108_0026
GGW,108.0,1015.0,9.0,18.0,21.789474487304688,322.5,-0.608761429008721,0.7933533402912349,-1.0,-1.8369701987210297e-16,-3.763446807861328,3.4217593669891357,221.5686492919922,0.00010439811740070581,100.00375366210938,-2.267268419265747,4.835570812225342,246.53128051757812,0.001371583086438477,112.53207397460938,-3.0921406745910645,9.512432098388672,270.55780029296875,0.006375483237206936,101.240966796875,-1.8815382719039917,8.620182991027832,282.05657958984375,0.008625166490674019,84.50814056396484,-1.4401429891586304,7.93408203125,291.8544921875,0.012739043682813644,79.9796142578125,9.270704322261736e-05,9.43816703511402e-05,5.07531213760376,-2.4889073371887207,6.864805698394775,9.270704322261736e-05,9.43816703511402e-05,73.81632995605469,5.07531213760376,0.7103804975581423,0.8972327376093854,26,9,19,ML_GGW_108_0026
GGW,108.0,1016.0,9.0,0.0,21.789474487304688,320.0,-0.6427876096865396,0.7660444431189778,-1.0,-1.8369701987210297e-16,-6.180781364440918,5.528676986694336,220.3304443359375,8.972123760031536e-05,100.51873779296875,-3.210508346557617,-0.7476983666419983,244.48297119140625,0.0010164889972656965,103.62377166748047,1.116682529449463,-6.289866924285889,271.3172607421875,0.006718605291098356,100.04387664794922,1.26639723777771,-3.0519378185272217,282.1854248046875,0.00892491452395916,86.75282287597656,0.993069052696228,-2.1092216968536377,291.3950500488281,0.012494535185396671,80.7413330078125,9.04048138181679e-05,7.750786608085036e-05,10.47862720489502,-1.2030279636383057,-1.3340095281600952,9.04048138181679e-05,9.139526082435623e-05,66.07140350341797,9.140504837036133,0.7972258856620784,1.3690454362981814,26,10,19,ML_GGW_108_0026
GGW,108.0,1017.0,9.0,6.0,23.6842098236084,320.0,-0.6427876096865396,0.7660444431189778,-1.0,-1.8369701987210297e-16,-2.103347063064575,6.915908336639404,220.8032684326172,6.133421993581578e-05,65.47906494140625,-3.6008284091949463,3.9118218421936035,244.35482788085938,0.0007846389780752361,78.34612274169922,-4.5417094230651855,0.9378536939620972,270.9820251464844,0.00655517540872097,99.78298950195312,-6.128324508666992,2.8474316596984863,282.0179443359375,0.008752240799367428,86.07688903808594,-6.704407691955566,3.5586135387420654,291.3568115234375,0.012403702363371849,80.3370132446289,8.903576963348314e-05,7.40335090085864e-05,5.695716857910156,-4.615723609924316,3.6343257427215576,8.903576963348314e-05,7.699408888584003e-05,70.4546127319336,5.695716857910156,0.9699830856223085,3.4755175984733473,26,11,19,ML_GGW_108_0026
GGW,108.0,1018.0,9.0,12.0,23.6842098236084,320.0,-0.6427876096865396,0.7660444431189778,-1.0,-1.8369701987210297e-16,-3.1278076171875,7.679081439971924,220.6378631591797,6.645276152994484e-05,71.91092681884766,-3.3441965579986572,6.466018199920654,244.98971557617188,0.0007772246608510613,72.5377197265625,-1.306772232055664,4.410804271697998,271.1778564453125,0.006672452203929424,100.2467041015625,-1.7974692583084106,7.321341514587402,282.3684387207031,0.009039933793246746,86.81262969970703,-2.0618908405303955,7.841709613800049,291.3957824707031,0.012237685732543468,79.08675384521484,8.982080180430785e-05,6.935670535312966e-05,1.078251600265503,-2.327627182006836,6.743791103363037,8.982080180430785e-05,6.935670535312966e-05,71.74089050292969,1.078251600265503,0.9510225697147634,2.9661782093014084,26,12,19,ML_GGW_108_0026
GGW,108.0,1019.0,9.0,18.0,23.6842098236084,320.0,-0.6427876096865396,0.7660444431189778,-1.0,-1.8369701987210297e-16,-4.488723278045654,8.050227165222168,220.3457489013672,8.633780817035586e-05,96.19000244140625,-3.1564409732818604,7.61945104598999,245.27264404296875,0.001149689662270248,106.50983428955078,3.948345184326172,5.352926254272461,271.20208740234375,0.006674878764897585,100.34487915039062,3.9636123180389404,8.555130004882812,282.7619323730469,0.00939195230603218,87.86109161376953,2.9434120655059814,9.262036323547363,291.19970703125,0.012211006134748459,79.90068817138672,7.932344306027517e-05,6.160373595776036e-05,7.530280113220215,0.642041027545929,7.767954349517822,7.932344306027517e-05,6.26136752543971e-05,71.24247741699219,4.674519062042236,0.7032167629029313,0.8626631532024032,26,13,19,ML_GGW_108_0026
GGW,108.0,1020.0,9.0,0.0,25.578947067260742,317.5,-0.6755902076156605,0.7372773368101239,-1.0,-1.8369701987210297e-16,-0.2912840247154236,12.216968536376953,220.8519744873047,3.095098873018287e-05,30.44281005859375,-0.7853623628616333,11.488441467285156,244.4998016357422,0.0003679332439787686,39.41924285888672,4.528318881988525,0.2248252034187317,271.4821472167969,0.005699846427887678,81.583740234375,1.8567405939102173,-0.17883232235908508,283.6803894042969,0.008699347265064716,76.47110748291016,0.006384665612131357,0.61451256275177,291.4132080078125,0.011696306988596916,75.5062026977539,7.680181442992762e-05,3.836971882265061e-05,11.606273651123047,1.0629595518112183,4.873183250427246,7.680181442992762e-05,6.737192597938702e-05,70.81385803222656,3.998246908187866,0.9580925865552468,3.129481675841321,26,14,19,ML_GGW_108_0026
GGW,108.0,1021.0,9.0,6.0,27.473684310913086,317.5,-0.6755902076156605,0.7372773368101239,-1.0,-1.8369701987210297e-16,2.4264426231384277,13.428152084350586,220.7177734375,3.160307096550241e-05,32.48509216308594,1.2565233707427979,13.732231140136719,244.24520874023438,0.0003375124651938677,38.86590576171875,3.081648588180542,4.592431545257568,271.0596923828125,0.0059495908208191395,87.85299682617188,0.0705544650554657,3.7090909481048584,283.6142578125,0.009225302375853062,81.51395416259766,-1.5130311250686646,4.124765872955322,291.1368103027344,0.01183443982154131,77.73184204101562,7.369290688075125e-05,3.689859659061767e-05,10.1030912399292,1.0644276142120361,7.91733455657959,7.369290688075125e-05,6.087821748224087e-05,72.51333618164062,8.195350646972656,0.9428577238052487,2.8033711637069585,26,15,19,ML_GGW_108_0026
GGW,108.0,1022.0,9.0,12.0,29.36842155456543,317.5,-0.6755902076156605,0.7372773368101239,-1.0,-1.8369701987210297e-16,2.966158628463745,16.568450927734375,220.69741821289062,2.7142788894707337e-05,28.503448486328125,1.967149257659912,16.926301956176758,244.13665771484375,0.00027938769198954105,34.02678680419922,4.050704002380371,7.825716972351074,271.0041198730469,0.005918446462601423,87.63089752197266,0.8284156918525696,5.7213215827941895,283.8668518066406,0.009692518040537834,84.20928955078125,-0.6951068043708801,6.124458312988281,290.93896484375,0.012085042893886566,80.40316009521484,6.976477015996352e-05,3.3228050597244874e-05,11.06715202331543,1.8234641551971436,10.633249282836914,6.976477015996352e-05,5.3006006055511534e-05,72.75050354003906,8.068035125732422,0.9140197300080257,2.3637343064281673,26,16,19,ML_GGW_108_0026
GGW,108.0,1023.0,9.0,18.0,31.263158798217773,317.5,-0.6755902076156605,0.7372773368101239,-1.0,-1.8369701987210297e-16,4.872011661529541,20.945329666137695,220.60745239257812,2.386546657362487e-05,25.792448043823242,4.368528842926025,20.81895637512207,243.92266845703125,0.00022050354164093733,29.099943161010742,5.21473503112793,6.918870449066162,270.454833984375,0.005684682633727789,86.47093963623047,1.6965411901474,3.5968544483184814,284.00531005859375,0.01001804880797863,86.23076629638672,0.5294345021247864,4.45338249206543,290.8954772949219,0.012258045375347137,81.79602813720703,6.601109635084867e-05,3.1869556551100686e-05,17.054100036621094,3.3362503051757812,11.346677780151367,6.601109635084867e-05,4.672507566283457e-05,71.37870788574219,4.352334499359131,0.8837544257835321,2.028474252670431,26,17,19,ML_GGW_108_0026
GGW,108.0,1024.0,9.0,0.0,33.157894134521484,317.5,-0.6755902076156605,0.7372773368101239,-1.0,-1.8369701987210297e-16,9.025476455688477,25.417449951171875,220.55010986328125,2.0955696527380496e-05,23.37467384338379,8.53217601776123,24.153059005737305,243.4793701171875,0.00018807771266438067,25.174821853637695,4.054786682128906,7.4876556396484375,269.63311767578125,0.004232422914355993,65.69245147705078,0.4904492199420929,2.2550652027130127,283.98095703125,0.009496312588453293,81.81524658203125,0.2282417118549347,2.46469783782959,290.792724609375,0.012427324429154396,83.45399475097656,6.339486571960151e-05,2.237994885945227e-05,24.580888748168945,4.466225624084473,12.355586051940918,6.339486571960151e-05,4.121518577449024e-05,70.81024169921875,1.9906121492385864,0.8834040386598745,2.0250680344353404,26,18,19,ML_GGW_108_0026
GGW,108.0,1025.0,9.0,6.0,36.94736862182617,320.0,-0.6427876096865396,0.7660444431189778,-1.0,-1.8369701987210297e-16,12.74720573425293,27.655227661132812,221.7733917236328,0.00010375870624557137,99.94107818603516,12.450645446777344,25.827505111694336,243.42718505859375,0.00031469474197365344,38.145591735839844,6.841139316558838,11.269148826599121,269.3184509277344,0.005065631121397018,86.01847076416016,3.210373640060425,9.269915580749512,282.4385986328125,0.010452955961227417,99.9277572631836,2.479559898376465,10.643016815185547,290.62567138671875,0.014448355883359909,98.02546691894531,6.98875737725757e-05,2.1772439140477218e-05,19.87057876586914,7.545784950256348,16.93296241760254,6.98875737725757e-05,3.4937631426146254e-05,75.71867370605469,3.0344698429107666,0.7963800833155167,1.3638214609765642,26,19,19,ML_GGW_108_0026
GGW,108.0,1028.0,9.0,0.0,19.894737243652344,327.5,-0.5372996083468242,0.8433914458128855,-1.0,-1.8369701987210297e-16,-10.914949417114258,-3.3038113117218018,220.2061309814453,0.00010365073103457689,117.15313720703125,-14.005812644958496,-1.53896963596344,244.4782257080078,0.001191195216961205,123.27259063720703,-14.500256538391113,0.5424001812934875,269.6555480957031,0.005966235417872667,101.43714141845703,-13.534340858459473,0.43652456998825073,279.9342346191406,0.008659973740577698,98.20932006835938,-13.305904388427734,-0.6218816637992859,290.248779296875,0.01233378890901804,85.81399536132812,6.927744834683836e-05,9.238599886884913e-05,3.5929670333862305,-13.252252578735352,-0.897147536277771,6.927744834683836e-05,9.238599886884913e-05,68.76891326904297,3.5929670333862305,0.6358622182775407,0.557449584711136,27,1,37,ML_GGW_108_0027
GGW,108.0,1029.0,9.0,6.0,19.894737243652344,325.0,-0.5735764363510465,0.8191520442889916,-1.0,-1.8369701987210297e-16,-9.769421577453613,-4.68019962310791,219.16270446777344,7.723036833340302e-05,100.1060791015625,-12.265586853027344,-4.05256986618042,244.00857543945312,0.0010319657158106565,108.93745422363281,-12.2238187789917,-2.265779495239258,270.3199157714844,0.006228702608495951,100.57415771484375,-12.245932579040527,-1.9868474006652832,280.1665954589844,0.008879851549863815,99.11125183105469,-13.002293586730957,-2.8305811882019043,290.0201721191406,0.012339811772108078,87.09629821777344,7.400853792205453e-05,8.435088238911703e-05,3.7245872020721436,-11.901411056518555,-3.1631953716278076,7.400853792205453e-05,8.435088238911703e-05,69.55108642578125,3.7245872020721436,0.8317049371415531,1.5977589696581416,27,2,37,ML_GGW_108_0027
GGW,108.0,1030.0,9.0,12.0,19.894737243652344,325.0,-0.5735764363510465,0.8191520442889916,-1.0,-1.8369701987210297e-16,-5.799430847167969,-4.777115821838379,219.29019165039062,8.07093529147096e-05,102.89099884033203,-7.771000385284424,-2.13968825340271,244.63929748535156,0.0010902273934334517,107.20079803466797,-11.524092674255371,4.574792385101318,269.8044128417969,0.006007409654557705,101.06263732910156,-11.85622787475586,5.922328948974609,280.7503356933594,0.008022802881896496,85.95037078857422,-11.8192720413208,5.558322906494141,290.7430419921875,0.011693735606968403,78.79492950439453,7.748849020572379e-05,8.576918480684981e-05,11.960760116577148,-9.75400447845459,1.8277279138565063,7.748849020572379e-05,8.576918480684981e-05,65.73495483398438,3.1934144496917725,0.7770171343495893,1.2483674691947542,27,3,37,ML_GGW_108_0027
GGW,108.0,1031.0,9.0,18.0,19.894737243652344,322.5,-0.608761429008721,0.7933533402912349,-1.0,-1.8369701987210297e-16,-3.2643117904663086,-1.1804403066635132,220.30123901367188,8.93841206561774e-05,99.78983306884766,-8.761218070983887,-4.741971015930176,245.57510375976562,0.0012304817792028189,111.13021850585938,-11.856721878051758,-0.3185296356678009,269.8565368652344,0.00603740056976676,101.19852447509766,-9.8359375,2.075148344039917,279.68487548828125,0.00852248165756464,98.4329833984375,-9.454546928405762,2.405757427215576,290.7364501953125,0.011836855672299862,79.80062103271484,8.302512287627906e-05,0.00010278899571858346,7.154007911682129,-8.634547233581543,-0.3520070016384125,8.302512287627906e-05,0.00010278899571858346,69.45951080322266,5.934840679168701,0.8159853976496221,1.4893813447067812,27,4,37,ML_GGW_108_0027
GGW,108.0,1032.0,9.0,0.0,19.894737243652344,320.0,-0.6427876096865396,0.7660444431189778,-1.0,-1.8369701987210297e-16,-2.722255229949951,0.6807769536972046,221.11927795410156,9.898637654259801e-05,99.92930603027344,-11.228738784790039,-7.572403430938721,244.71205139160156,0.001159873092547059,116.46704864501953,-14.624251365661621,-3.7837488651275635,269.92926025390625,0.006077611818909645,101.17288208007812,-10.677138328552246,-1.544312834739685,279.6759033203125,0.008405832573771477,97.08673858642578,-10.643743515014648,-1.1041951179504395,290.31964111328125,0.012083395384252071,83.64665985107422,8.528141188435256e-05,0.00010862990166060627,8.120104789733887,-9.979225158691406,-2.664776563644409,8.528141188435256e-05,0.00010862990166060627,71.68367004394531,8.120104789733887,0.8045700553279397,1.4151060660466848,27,5,37,ML_GGW_108_0027
GGW,108.0,1033.0,9.0,6.0,19.894737243652344,317.5,-0.6755902076156605,0.7372773368101239,-1.0,-1.8369701987210297e-16,-2.5813705921173096,-0.4150930643081665,220.39845275878906,9.007412154460326e-05,99.8089599609375,-10.854256629943848,-8.37214183807373,243.09735107421875,0.0007701927679590881,92.79255676269531,-14.7972412109375,-7.56571626663208,270.0116271972656,0.005893140099942684,96.0962905883789,-10.861640930175781,-4.197754859924316,280.8952331542969,0.008094186894595623,85.89324188232422,-11.885733604431152,-3.270249366760254,290.1886901855469,0.012285413220524788,85.68262481689453,8.297844033222646e-05,8.415077900281176e-05,9.732579231262207,-10.196048736572266,-4.764190673828125,8.297844033222646e-05,9.445268369745463e-05,71.76712799072266,9.151790618896484,0.8879121112285923,2.069589479516564,27,6,37,ML_GGW_108_0027
GGW,108.0,1034.0,9.0,12.0,19.894737243652344,317.5,-0.6755902076156605,0.7372773368101239,-1.0,-1.8369701987210297e-16,-1.8431305885314941,-2.810293436050415,220.3791046142578,7.861787889851257e-05,89.61958312988281,-10.625496864318848,-7.224513530731201,242.7433624267578,0.00028808796196244657,38.49961471557617,-13.313787460327148,-3.018963098526001,269.974853515625,0.005565980449318886,90.00059509277344,-11.099740028381348,2.929839849472046,280.6593017578125,0.007832095958292484,84.50698852539062,-10.980213165283203,4.872133731842041,290.50006103515625,0.011399762704968452,78.04566955566406,7.956903573358431e-05,7.919847121229395e-05,11.937586784362793,-9.572473526000977,-1.0503592491149902,7.956903573358431e-05,9.314949420513585e-05,74.0992660522461,8.92263126373291,0.9306954496734876,2.59742153671802,27,7,37,ML_GGW_108_0027
GGW,108.0,1035.0,9.0,18.0,19.894737243652344,315.0,-0.7071067811865477,0.7071067811865474,-1.0,-1.8369701987210297e-16,-2.646986722946167,-3.0621209144592285,219.50588989257812,3.3195199648616835e-05,42.06916809082031,-4.507938861846924,-6.021541595458984,242.90516662597656,0.00020978973770979792,24.945127487182617,-12.567049026489258,-8.445566177368164,270.4129333496094,0.004521951079368591,68.80615234375,-10.04119873046875,-3.272632598876953,282.6007995605469,0.007438094355165958,70.24898529052734,-10.000831604003906,-0.3322584331035614,290.2882080078125,0.012039956636726856,83.42866516113281,7.688160985708237e-05,5.2425300964387134e-05,7.844181060791016,-7.952800750732422,-4.226823806762695,7.688160985708237e-05,9.858229896053672e-05,75.4249038696289,7.844181060791016,0.9684442805262551,3.423936094067015,27,8,37,ML_GGW_108_0027
GGW,108.0,1036.0,9.0,0.0,18.0,315.0,-0.7071067811865477,0.7071067811865474,-1.0,-1.8369701987210297e-16,-7.961481094360352,-0.8532935976982117,219.4341583251953,7.47827289160341e-05,95.32335662841797,-7.030145168304443,-6.482605457305908,243.2373046875,0.0005064249271526933,60.56909942626953,-3.4613592624664307,-7.683902740478516,269.11212158203125,0.005631794221699238,98.38619995117188,1.3845491409301758,-1.592246651649475,281.3754577636719,0.00856346357613802,87.94136047363281,1.5146334171295166,1.8943268060684204,290.1343688964844,0.012073726393282413,84.56594848632812,7.764595648040995e-05,7.865163206588477e-05,9.866415977478027,-3.110760450363159,-2.943544387817383,7.764595648040995e-05,9.473446698393673e-05,85.886962890625,8.079421043395996,0.9071822144141164,2.279705051409622,27,9,37,ML_GGW_108_0027
GGW,108.0,1037.0,9.0,6.0,18.0,315.0,-0.7071067811865477,0.7071067811865474,-1.0,-1.8369701987210297e-16,-5.326070308685303,-1.1796599626541138,219.19654846191406,6.21230574324727e-05,81.12218475341797,-5.717257022857666,-4.308649063110352,243.22535705566406,0.0005223398329690099,60.811004638671875,-1.499550700187683,-4.4246416091918945,269.39971923828125,0.005866128019988537,101.1397933959961,0.9357043504714966,1.6406649351119995,280.8128967285156,0.009043839760124683,96.54127502441406,1.5305490493774414,4.736064434051514,289.47015380859375,0.012288535945117474,89.82301330566406,8.268435340141878e-05,7.47454832890071e-05,9.055883407592773,-2.0153250694274902,-0.7072442173957825,8.268435340141878e-05,8.557971887057647e-05,87.4185562133789,7.08026647567749,0.9415170597354147,2.7787573753734596,27,10,37,ML_GGW_108_0027
GGW,108.0,1038.0,9.0,12.0,18.0,312.5,-0.7372773368101242,0.6755902076156601,-1.0,-1.8369701987210297e-16,-4.504267692565918,-4.5381760597229,219.31210327148438,3.405228926567361e-05,45.73569107055664,-3.3269553184509277,-5.5143585205078125,243.1823272705078,0.0001485173706896603,16.849435806274414,-1.371346116065979,-6.0361151695251465,269.5313415527344,0.005355502013117075,87.98103332519531,2.183042526245117,-3.1833736896514893,283.4442443847656,0.008009670302271843,71.5309066772461,1.9300127029418945,-0.70393967628479,290.17938232421875,0.012287984602153301,85.70903015136719,8.446829451713711e-05,5.150672950549051e-05,7.490082263946533,-1.0179027318954468,-3.995192766189575,8.446829451713711e-05,8.146827894961461e-05,85.4999771118164,5.900855541229248,0.9430057563078712,2.806122111987412,27,11,37,ML_GGW_108_0027
GGW,108.0,1039.0,9.0,18.0,18.0,312.5,-0.7372773368101242,0.6755902076156601,-1.0,-1.8369701987210297e-16,-4.406017780303955,-0.8494431972503662,219.34640502929688,3.237994314986281e-05,43.32355880737305,-2.581186532974243,-4.5695977210998535,243.1082763671875,0.00028144463431090117,30.38657569885254,1.6746985912322998,-6.0798234939575195,269.77532958984375,0.0059576029889285564,98.9005126953125,3.8920562267303467,-2.401869535446167,282.4720458984375,0.008672751486301422,82.82682037353516,3.092106819152832,0.29966023564338684,290.0242614746094,0.012660326436161995,89.18978881835938,9.204389789374545e-05,6.156945892143995e-05,7.585664749145508,0.3343314528465271,-2.720214605331421,9.204389789374545e-05,8.925847214413807e-05,86.61283874511719,5.495103359222412,0.9554560244354121,3.065711822861906,27,12,37,ML_GGW_108_0027
GGW,108.0,1040.0,9.0,0.0,18.0,312.5,-0.7372773368101242,0.6755902076156601,-1.0,-1.8369701987210297e-16,-2.4807417392730713,2.1499056816101074,219.45118713378906,2.4567412765463814e-05,28.62702178955078,-2.631378650665283,-4.487729549407959,242.27662658691406,0.0007737572304904461,96.04763793945312,1.1880435943603516,-5.855936050415039,269.9550476074219,0.006054013967514038,99.71745300292969,2.7291321754455566,0.24886848032474518,281.9036560058594,0.009421310387551785,93.417724609375,2.753551721572876,2.9129488468170166,289.7554626464844,0.012898760847747326,92.5161361694336,9.892583329929039e-05,7.386963989119977e-05,5.289618492126465,0.3117213845252991,-1.0063884258270264,9.892583329929039e-05,9.384159784531221e-05,86.73409271240234,1.7061079740524292,0.9472178035728037,2.887355114982384,27,13,37,ML_GGW_108_0027
GGW,108.0,1041.0,9.0,6.0,18.0,312.5,-0.7372773368101242,0.6755902076156601,-1.0,-1.8369701987210297e-16,-2.404733896255493,1.3705463409423828,218.8486785888672,7.213302160380408e-05,97.39273071289062,-2.564662456512451,-3.8970844745635986,242.90298461914062,0.0009024076862260699,107.29423522949219,1.718201756477356,-2.340043306350708,270.5203552246094,0.006306678056716919,99.60978698730469,3.8184618949890137,4.411526679992676,281.64892578125,0.00993622187525034,100.2243881225586,4.866694927215576,6.2738776206970215,289.547119140625,0.013453749008476734,97.80475616455078,9.973246051231399e-05,7.718068081885576e-05,8.770195960998535,1.0867923498153687,1.1637645959854126,9.973246051231399e-05,8.003474067663774e-05,86.67005920410156,0.24435386061668396,0.7944687666686941,1.3520756638692735,27,14,37,ML_GGW_108_0027
GGW,108.0,1042.0,9.0,12.0,19.894737243652344,312.5,-0.7372773368101242,0.6755902076156601,-1.0,-1.8369701987210297e-16,-1.1928377151489258,7.120795249938965,219.2623291015625,6.391863280441612e-05,79.71401977539062,-6.530529975891113,1.7268344163894653,244.1194305419922,0.001068798592314124,111.07071685791016,-8.860776901245117,0.7013928294181824,269.97027587890625,0.006109677255153656,101.09878540039062,-9.376760482788086,7.355917930603027,281.359619140625,0.009585964493453503,98.54164123535156,-9.226832389831543,8.380098342895508,290.303466796875,0.01388409361243248,96.178466796875,9.526534267934039e-05,8.034796337597072e-05,8.132091522216797,-7.0375471115112305,5.057007789611816,9.526534267934039e-05,8.034796337597072e-05,80.11538696289062,3.3884167671203613,0.8798219398357002,1.9907450682130947,27,15,37,ML_GGW_108_0027
GGW,108.0,1043.0,9.0,18.0,19.894737243652344,310.0,-0.7660444431189781,0.6427876096865393,-1.0,-1.8369701987210297e-16,-3.6838855743408203,6.823726177215576,222.02305603027344,9.428195335203782e-05,87.47897338867188,-5.899417400360107,-0.9916799068450928,243.93507385253906,0.0006943628541193902,72.22425079345703,-8.486639022827148,-6.075352668762207,269.98199462890625,0.005844998173415661,96.24028778076172,-6.970605373382568,-0.6825151443481445,282.6731872558594,0.009096937254071236,85.52818298339844,-7.711177349090576,0.2808624505996704,290.3328552246094,0.013929766602814198,96.28450012207031,0.0001064574607880786,7.534510950790718e-05,7.682977676391602,-6.550344944000244,-0.1289917677640915,0.0001064574607880786,8.802959200693294e-05,78.76261138916016,1.278746247291565,0.9632427335483401,3.265969507106541,27,16,37,ML_GGW_108_0027
GGW,108.0,1044.0,9.0,0.0,19.894737243652344,310.0,-0.7660444431189781,0.6427876096865393,-1.0,-1.8369701987210297e-16,-4.099853992462158,7.014981746673584,222.51632690429688,0.0001164607165264897,100.40242767333984,-6.156623363494873,-0.197261780500412,245.24180603027344,0.0011654951376840472,109.84403991699219,-5.485891819000244,-2.4236884117126465,269.69659423828125,0.005725727882236242,96.99691772460938,-3.7699263095855713,2.766099214553833,282.0222473144531,0.009961703792214394,97.83189392089844,-3.1215808391571045,4.672118186950684,290.6161193847656,0.014384672977030277,97.67070007324219,0.00010956596815958619,9.38788361963816e-05,2.538902997970581,-4.526774883270264,2.3664498329162598,0.00010956596815958619,9.38788361963816e-05,80.61782836914062,2.538902997970581,0.8211939389867509,1.5244575439896906,27,17,37,ML_GGW_108_0027
GGW,108.0,1045.0,9.0,6.0,19.894737243652344,310.0,-0.7660444431189781,0.6427876096865393,-1.0,-1.8369701987210297e-16,-3.315558671951294,3.9709346294403076,221.33140563964844,0.00010171234316658229,99.8029556274414,-2.632908582687378,2.0963664054870605,246.36634826660156,0.0013493297155946493,113.2524185180664,0.22094157338142395,3.953659772872925,268.93310546875,0.005560390651226044,100.3006362915039,1.428856611251831,8.640301704406738,282.1983337402344,0.01025897916406393,99.55825805664062,3.574408531188965,11.622574806213379,290.8542785644531,0.014525504782795906,97.14134216308594,0.00010508095874683931,9.78190655587241e-05,10.296564102172852,-0.14485207200050354,6.056767463684082,0.00010508095874683931,9.78190655587241e-05,83.072265625,4.333319187164307,0.724849399602738,0.9686453230150986,27,18,37,ML_GGW_108_0027
GGW,108.0,1046.0,9.0,12.0,19.894737243652344,307.5,-0.7933533402912352,0.6087614290087205,-1.0,-1.8369701987210297e-16,-3.6666147708892822,3.241044044494629,223.09207153320312,0.00012149020039942116,98.72444915771484,-1.276387333869934,-1.7299535274505615,243.54429626464844,0.0007111110026016831,81.98125457763672,-0.7236518263816833,-4.025879859924316,270.1042175292969,0.004912567790597677,79.06201171875,1.5225493907928467,0.9089751243591309,283.5740661621094,0.008952809497714043,79.17378997802734,2.044550657272339,2.4913408756256104,290.6330871582031,0.014149770140647888,95.95465087890625,0.00010722483420977369,7.907077088020742e-05,5.760161876678467,-0.41991084814071655,0.17710533738136292,0.00010722483420977369,9.274035255657509e-05,78.53504180908203,2.7081053256988525,0.938625718425842,2.7274259232886964,27,19,37,ML_GGW_108_0027
GGW,108.0,1047.0,9.0,18.0,21.789474487304688,307.5,-0.7933533402912352,0.6087614290087205,-1.0,-1.8369701987210297e-16,-4.702278137207031,7.268832683563232,222.9129180908203,0.0001228687760885805,99.90003967285156,-1.5384013652801514,-1.475373387336731,244.62501525878906,0.001010206644423306,102.44434356689453,-4.758098125457764,-7.3003153800964355,269.8432922363281,0.004011575132608414,65.9034652709961,-4.378671646118164,-1.6799087524414062,282.7054748535156,0.01003554742783308,94.04378509521484,-4.451746940612793,0.6271824836730957,291.1517639160156,0.015027021989226341,98.60022735595703,0.00011544577137101442,8.564341260353103e-05,6.646373748779297,-3.965839385986328,-0.51191645860672,0.00011544577137101442,9.835437958827242e-05,75.95245361328125,3.1452479362487793,0.9004246560573964,2.2019519089388355,27,20,37,ML_GGW_108_0027
GGW,108.0,1048.0,9.0,0.0,21.789474487304688,307.5,-0.7933533402912352,0.6087614290087205,-1.0,-1.8369701987210297e-16,-2.623669385910034,5.256014347076416,221.8427734375,0.00010704117448767647,100.00471496582031,0.7602512836456299,0.015539570711553097,245.2720489501953,0.0010204869322478771,97.98179626464844,-1.3098835945129395,-3.991222381591797,270.31744384765625,0.003947261720895767,62.56654739379883,0.5665253400802612,1.9269201755523682,282.4403381347656,0.009934860281646252,94.78224182128906,1.8294973373413086,4.8859686851501465,291.0765686035156,0.014874428510665894,98.067138671875,0.00011432322935434058,9.332345507573336e-05,4.468515396118164,-0.1554557830095291,1.618644118309021,0.00011432322935434058,9.332345507573336e-05,77.72840118408203,4.468515396118164,0.9126878319402714,2.346904072235806,27,21,37,ML_GGW_108_0027
GGW,108.0,1049.0,9.0,6.0,23.6842098236084,307.5,-0.7933533402912352,0.6087614290087205,-1.0,-1.8369701987210297e-16,-2.225140333175659,7.579288959503174,221.01678466796875,9.982327173929662e-05,101.60440826416016,-1.4771367311477661,2.2375473976135254,246.24716186523438,0.0011726731900125742,102.7589340209961,-5.523019790649414,-3.8274896144866943,268.6507568359375,0.0041691605001688,75.0350570678711,-5.946132659912109,0.9662968516349792,282.36016845703125,0.01010436937212944,96.88841247558594,-6.001864433288574,4.738194942474365,291.2812805175781,0.015100277960300446,98.27107238769531,0.0001130972959799692,8.398457430303097e-05,4.726040840148926,-4.234658718109131,2.3387675285339355,0.0001130972959799692,8.898737723939121e-05,76.83311462402344,4.726040840148926,0.8809013465580658,2.000993470546568,27,22,37,ML_GGW_108_0027
GGW,108.0,1050.0,9.0,12.0,23.6842098236084,307.5,-0.7933533402912352,0.6087614290087205,-1.0,-1.8369701987210297e-16,-4.117696762084961,7.211170673370361,221.30662536621094,0.00010249244951410219,100.92196655273438,0.9615382552146912,3.3710436820983887,246.62600708007812,0.001274212496355176,104.3747329711914,-0.2292485535144806,-0.8361297845840454,269.44622802734375,0.004387805238366127,75.8367919921875,-0.06996200233697891,4.555131912231445,282.50762939453125,0.009874078445136547,93.75808715820312,1.4566447734832764,8.110737800598145,291.18365478515625,0.014963909983634949,97.98816680908203,0.00012056886771460995,9.123863856075332e-05,5.646459579467773,-0.39974483847618103,4.482390403747559,0.00012056886771460995,9.123863856075332e-05,78.62890625,5.646459579467773,0.8461641490121824,1.7048272390912849,27,23,37,ML_GGW_108_0027
GGW,108.0,1051.0,9.0,18.0,25.578947067260742,307.5,-0.7933533402912352,0.6087614290087205,-1.0,-1.8369701987210297e-16,-3.207833766937256,9.240569114685059,222.39430236816406,0.00012063571921316907,104.3855209350586,-2.9171319007873535,1.467612862586975,247.8349609375,0.0013955846661701798,104.66177368164062,-5.285210132598877,-2.45456600189209,268.1686706542969,0.004665585234761238,88.5999755859375,-5.919127464294434,3.3936655521392822,282.4397888183594,0.010078975930809975,96.11043548583984,-5.925158500671387,7.312623500823975,291.24176025390625,0.015164759941399097,98.94723510742188,0.0001173393102362752,8.847080607665703e-05,3.3317904472351074,-4.650892734527588,3.7919812202453613,0.0001173393102362752,9.040852455655113e-05,78.19612121582031,3.3317904472351074,0.7899042502136521,1.3243483576874873,27,24,37,ML_GGW_108_0027
GGW,108.0,1052.0,9.0,0.0,25.578947067260742,307.5,-0.7933533402912352,0.6087614290087205,-1.0,-1.8369701987210297e-16,-1.0503960847854614,8.64619255065918,221.6642608642578,0.00010990336159011349,103.14754486083984,-1.6264700889587402,1.1418977975845337,247.19993591308594,0.0013787072384729981,107.28166198730469,-1.9500702619552612,-0.7058335542678833,269.64068603515625,0.0047348798252642155,81.30941772460938,-1.0154645442962646,4.221837520599365,282.4739685058594,0.009637011215090752,91.65605163574219,-0.24621088802814484,7.465409278869629,291.1830749511719,0.015093324705958366,98.84239196777344,0.00012439618876669556,9.722858521854505e-05,1.4286227226257324,-1.1777223348617554,4.153901100158691,0.00012439618876669556,9.722858521854505e-05,78.25589752197266,1.4286227226257324,0.8036450602405009,1.409233765703724,27,25,37,ML_GGW_108_0027
GGW,108.0,1053.0,9.0,6.0,25.578947067260742,307.5,-0.7933533402912352,0.6087614290087205,-1.0,-1.8369701987210297e-16,0.510479211807251,8.724006652832031,221.2472686767578,9.220070933224633e-05,90.71613311767578,0.5881237983703613,2.180830478668213,244.95826721191406,0.0011857969220727682,117.19112396240234,3.3654627799987793,1.3126521110534668,270.5850830078125,0.005278320983052254,84.5543441772461,4.801177501678467,4.813239574432373,283.23004150390625,0.008361676707863808,75.55022430419922,5.483957767486572,7.421038627624512,291.1554870605469,0.014858418144285679,97.46720886230469,0.00011944371362915263,9.290804155170918e-05,5.141324043273926,2.9498400688171387,4.890353202819824,0.00011944371362915263,9.290804155170918e-05,77.77233123779297,5.141324043273926,0.8428027666589252,1.6792316843951451,27,26,37,ML_GGW_108_0027
GGW,108.0,1054.0,9.0,12.0,27.473684310913086,307.5,-0.7933533402912352,0.6087614290087205,-1.0,-1.8369701987210297e-16,-0.8815903663635254,9.406059265136719,221.83229064941406,0.0001083839379134588,99.86044311523438,-2.0617222785949707,4.340139865875244,247.1396026611328,0.0014412824530154467,111.14671325683594,-2.043070077896118,1.0814399719238281,270.1374816894531,0.005008459556847811,82.54228973388672,-2.3160834312438965,5.819101810455322,282.48846435546875,0.009446163661777973,89.73008728027344,-2.321772813796997,9.554648399353027,291.19976806640625,0.015142126008868217,99.04879760742188,0.0001234705705428496,9.21138416742906e-05,1.4478274583816528,-1.9248478412628174,6.04027795791626,0.0001234705705428496,9.21138416742906e-05,79.7429428100586,1.4478274583816528,0.7740775429768698,1.2314802234169293,27,27,37,ML_GGW_108_0027
GGW,108.0,1055.0,9.0,18.0,27.473684310913086,307.5,-0.7933533402912352,0.6087614290087205,-1.0,-1.8369701987210297e-16,-1.9316970109939575,10.25466537475586,221.92604064941406,0.00010457571625011042,95.0944595336914,3.9225289821624756,3.8417325019836426,245.890625,0.001335577224381268,118.22940826416016,5.48768949508667,0.33347010612487793,270.3675231933594,0.006072128191590309,97.75968170166016,4.852829933166504,4.707738399505615,283.9432373046875,0.008229690603911877,70.87358093261719,5.464761257171631,7.834303855895996,291.5204162597656,0.014716819860041142,94.3143310546875,0.00011445800919318572,9.309808228863403e-05,7.782399654388428,3.559222459793091,5.394381523132324,0.00011445800919318572,9.309808228863403e-05,77.93267059326172,7.782399654388428,0.7453850517352184,1.0741485356819842,27,28,37,ML_GGW_108_0027
GGW,108.0,1056.0,9.0,0.0,29.36842155456543,307.5,-0.7933533402912352,0.6087614290087205,-1.0,-1.8369701987210297e-16,0.7413216829299927,11.952377319335938,221.5939483642578,0.00010580512753222138,100.31531524658203,0.9265108108520508,2.7013113498687744,246.77024841308594,0.0014039272209629416,112.27027130126953,-0.10939641296863556,0.2428015172481537,270.53900146484375,0.005466899834573269,87.86344146728516,-1.489823579788208,3.940822124481201,282.5155944824219,0.00907014962285757,86.10761260986328,-1.287407398223877,7.4923834800720215,291.5847473144531,0.014772793278098106,94.31110382080078,0.00011811203876277432,9.17141733225435e-05,4.899723052978516,-0.24375899136066437,5.265939235687256,0.00011811203876277432,9.17141733225435e-05,79.21220397949219,4.899723052978516,0.7885777598711027,1.3163737470874666,27,29,37,ML_GGW_108_0027
GGW,108.0,1057.0,9.0,6.0,31.263158798217773,307.5,-0.7933533402912352,0.6087614290087205,-1.0,-1.8369701987210297e-16,1.5685120820999146,14.127556800842285,221.0557861328125,0.00010283960727974772,105.01619720458984,-1.2901121377944946,4.84972620010376,245.598388671875,0.0012227226980030537,111.13270568847656,-2.2837116718292236,0.30365538597106934,270.7542724609375,0.005377069115638733,85.14984130859375,-4.60759162902832,3.313241481781006,281.83087158203125,0.009437034837901592,93.86148071289062,-5.5203657150268555,6.832050323486328,291.47418212890625,0.01479428168386221,95.12300872802734,0.00011405060649849474,8.106237510219216e-05,10.172345161437988,-2.4266538619995117,5.885246276855469,0.00011405060649849474,8.106237510219216e-05,79.92333984375,7.8883891105651855,0.7850921631221054,1.2955918456019884,27,30,37,ML_GGW_108_0027
GGW,108.0,1058.0,9.0,12.0,31.263158798217773,307.5,-0.7933533402912352,0.6087614290087205,-1.0,-1.8369701987210297e-16,0.48317134380340576,13.812496185302734,221.17538452148438,7.028723484836519e-05,69.71268463134766,2.3002967834472656,6.818003177642822,244.5403289794922,0.001066527678631246,106.58501434326172,7.051346778869629,0.38929322361946106,270.630615234375,0.006054786033928394,94.81332397460938,3.4583945274353027,1.6399457454681396,283.8518981933594,0.008419506251811981,73.14665985107422,3.9648191928863525,3.4995791912078857,292.1456604003906,0.013935422524809837,85.87889099121094,0.00011787079711211845,8.037091174628586e-05,10.884765625,3.4516055583953857,5.231863498687744,0.00011787079711211845,8.037091174628586e-05,76.32086944580078,8.814257621765137,0.9014188342383388,2.213089777720725,27,31,37,ML_GGW_108_0027
GGW,108.0,1059.0,9.0,18.0,33.157894134521484,307.5,-0.7933533402912352,0.6087614290087205,-1.0,-1.8369701987210297e-16,0.7358119487762451,16.856136322021484,221.0860595703125,7.37369991838932e-05,75.49481201171875,3.8480396270751953,6.476679801940918,243.85984802246094,0.0008572511724196374,91.21147155761719,6.052297592163086,-2.12774920463562,270.9949951171875,0.005576785188168287,85.1465835571289,1.003158450126648,-3.296837329864502,283.3147888183594,0.008738775737583637,78.60853576660156,0.38671696186065674,-1.9772536754608154,292.33642578125,0.014188701286911964,86.43309020996094,0.00011345996608724818,6.559785833815113e-05,18.836624145507812,2.405205011367798,3.1861956119537354,0.00011345996608724818,8.205401536542922e-05,76.61170196533203,6.162678241729736,0.9376282855037851,2.7102417070768086,27,32,37,ML_GGW_108_0027
GGW,108.0,1060.0,9.0,0.0,35.05263137817383,310.0,-0.7660444431189781,0.6427876096865393,-1.0,-1.8369701987210297e-16,5.441796779632568,15.5006742477417,221.2602996826172,9.997652523452416e-05,99.54981231689453,5.707174777984619,8.06084156036377,245.704345703125,0.0012150205438956618,108.40956115722656,6.081117153167725,3.7713778018951416,269.9551696777344,0.005371380597352982,89.2426986694336,2.7081151008605957,9.38424301147461,283.0460510253906,0.010484461672604084,95.97452545166016,1.3752241134643555,12.32861328125,291.7249755859375,0.015760723501443863,99.76184844970703,0.0001271784567506984,8.291415724670514e-05,5.1574201583862305,4.262685298919678,9.809149742126465,0.0001271784567506984,8.291415724670514e-05,79.5295639038086,4.034615516662598,0.7458022387603814,1.0763479179302395,27,33,37,ML_GGW_108_0027
GGW,108.0,1061.0,9.0,6.0,36.94736862182617,310.0,-0.7660444431189781,0.6427876096865393,-1.0,-1.8369701987210297e-16,5.913331031799316,18.4935359954834,220.68295288085938,8.369056013179943e-05,90.4275894165039,5.740342617034912,10.647677421569824,243.958251953125,0.0008816886111162603,90.52069091796875,4.552967071533203,-0.2883281707763672,269.9540710449219,0.004807508550584316,80.52861785888672,0.333051472902298,0.3939375579357147,283.3446350097656,0.010083338245749474,90.4980239868164,-1.3113301992416382,1.6482528448104858,291.8464660644531,0.015478216111660004,97.23384857177734,0.00013294634118210524,6.757253140676767e-05,18.329193115234375,3.0456724166870117,6.179015159606934,0.00013294634118210524,7.554431795142591e-05,76.94952392578125,7.366678714752197,0.8963563423051398,2.1573793899977063,27,34,37,ML_GGW_108_0027
GGW,108.0,1062.0,9.0,12.0,38.842105865478516,312.5,-0.7372773368101242,0.6755902076156601,-1.0,-1.8369701987210297e-16,6.8001275062561035,21.528257369995117,221.83737182617188,0.00010718835255829617,99.34600830078125,8.65009880065918,13.445134162902832,245.0709686279297,0.0010244015138596296,97.88920593261719,6.194180011749268,4.701892852783203,268.9217224121094,0.005193463992327452,93.49507141113281,1.8277918100357056,6.689833164215088,283.1308288574219,0.01068003848195076,97.2256088256836,0.5785215497016907,8.044315338134766,291.62628173828125,0.01566307619214058,99.75505828857422,0.00013206714356783777,7.276445830939338e-05,14.850086212158203,4.81014347076416,10.881887435913086,0.00013206714356783777,7.276445830939338e-05,76.72491455078125,6.222662925720215,0.774900571505295,1.2361925172766557,27,35,37,ML_GGW_108_0027
GGW,108.0,1063.0,9.0,18.0,40.73684310913086,315.0,-0.7071067811865477,0.7071067811865474,-1.0,-1.8369701987210297e-16,11.515237808227539,24.987138748168945,221.92356872558594,0.00010714053496485576,98.7676010131836,12.013716697692871,15.782917976379395,244.6456298828125,0.0009645712561905384,96.88655853271484,7.549901485443115,6.594191074371338,268.3831787109375,0.005029889289289713,94.36363983154297,2.6239101886749268,8.699443817138672,283.0498962402344,0.010717182420194149,98.07505798339844,1.2499626874923706,9.66423225402832,291.5898742675781,0.01568017341196537,100.0903091430664,0.00012607600365299731,6.956481229281053e-05,18.443626403808594,6.990545749664307,13.145586013793945,0.00012607600365299731,6.956481229281053e-05,77.42691802978516,4.986972808837891,0.745307964793554,1.0737423983030432,27,36,37,ML_GGW_108_0027
GGW,108.0,1064.0,9.0,0.0,42.6315803527832,317.5,-0.6755902076156605,0.7372773368101239,-1.0,-1.8369701987210297e-16,16.397939682006836,29.669702529907227,221.33016967773438,9.236713958671317e-05,91.2777328491211,12.394587516784668,20.01576805114746,243.68382263183594,0.0008174754329957068,93.71037292480469,8.056140899658203,8.970547676086426,267.75555419921875,0.004832082893699408,95.07894897460938,2.896052122116089,7.861459255218506,282.8222351074219,0.010588481090962887,98.37702941894531,1.3395098447799683,7.426314830780029,291.3580627441406,0.015479378402233124,100.26578521728516,0.00013849581591784954,5.695068830391392e-05,26.861209869384766,8.216845512390137,14.788759231567383,0.00013849581591784954,5.971675636828877e-05,76.19085693359375,3.401350259780884,0.7450295384062093,1.0722761648992392,27,37,37,ML_GGW_108_0027
GGW,108.0,1049.0,9.0,6.0,23.6842098236084,265.0,-0.9961946980917455,-0.08715574274765825,-1.0,-1.8369701987210297e-16,2.664155960083008,-2.150092601776123,222.05349731445312,8.611188968643546e-05,80.27076721191406,-2.131157875061035,-7.373326301574707,245.45042419433594,0.000452354084700346,42.13282012939453,-1.3429869413375854,-4.8103251457214355,271.62823486328125,0.00652758963406086,92.02761840820312,2.31087327003479,-0.04756036773324013,284.1018981933594,0.010725883767008781,91.53593444824219,2.0343708992004395,-0.6143918037414551,292.3220520019531,0.015160622075200081,92.40028381347656,7.844895299058408e-05,4.1764578782022e-05,1.6598211526870728,0.7070510983467102,-2.9991393089294434,7.844895299058408e-05,5.9967595007037744e-05,89.28895568847656,1.6598211526870728,0.8933375625093571,2.125295461163437,28,1,23,ML_GGW_108_0028
GGW,108.0,1050.0,9.0,12.0,23.6842098236084,265.0,-0.9961946980917455,-0.08715574274765825,-1.0,-1.8369701987210297e-16,-0.7942466735839844,-2.5802767276763916,222.3963165283203,8.780379721429199e-05,77.5126953125,-4.506738185882568,-4.016695976257324,246.1625213623047,0.0006118788733147085,53.35905456542969,2.565096378326416,-3.8421897888183594,271.0472106933594,0.0059123835526406765,88.70806121826172,5.479134559631348,-1.514443278312683,284.1667785644531,0.01036424282938242,88.09968566894531,4.938199520111084,-3.4265711307525635,292.1358337402344,0.014803571626543999,91.27867126464844,7.419451139867306e-05,3.646967888926156e-05,5.79457950592041,1.536289095878601,-3.076035261154175,7.419451139867306e-05,5.641935786115937e-05,89.14958953857422,2.7214465141296387,0.8899663581917556,2.090397508572265,28,2,23,ML_GGW_108_0028
GGW,108.0,1051.0,9.0,18.0,27.473684310913086,265.0,-0.9961946980917455,-0.08715574274765825,-1.0,-1.8369701987210297e-16,6.96475076675415,8.950791358947754,222.97933959960938,8.140464342432097e-05,69.28845977783203,8.03110408782959,4.019636154174805,245.52395629882812,0.00030113093089312315,27.24551010131836,1.822711706161499,-3.944291830062866,271.8595886230469,0.005423916503787041,76.28813171386719,-4.388703346252441,-2.407703161239624,284.1861877441406,0.010783202014863491,91.46373748779297,-5.028128623962402,-3.617349863052368,292.034423828125,0.015566889196634293,96.6392822265625,7.599056698381901e-05,3.728595038410276e-05,17.372026443481445,1.4803470373153687,0.6002164483070374,7.599056698381901e-05,6.048869909136556e-05,86.41915130615234,7.869022369384766,0.9279857654008419,2.5561525914193193,28,3,23,ML_GGW_108_0028
GGW,108.0,1052.0,9.0,0.0,27.473684310913086,265.0,-0.9961946980917455,-0.08715574274765825,-1.0,-1.8369701987210297e-16,8.015814781188965,9.41751480102539,222.79747009277344,3.358738831593655e-05,28.891687393188477,11.193443298339844,1.433451771736145,246.0154266357422,0.00019840718596242368,17.28960418701172,0.27326083183288574,-5.159660339355469,272.115234375,0.006002305541187525,80.36346435546875,-3.404142379760742,-2.210329532623291,284.920654296875,0.010609420947730541,85.65491485595703,-5.049574375152588,-2.5040619373321533,292.232421875,0.015466584824025631,94.80818939208984,8.506888116244227e-05,3.966721487813629e-05,17.686954498291016,2.2057604789733887,0.19538292288780212,8.506888116244227e-05,6.255559128476307e-05,87.09429931640625,5.774637222290039,0.9249397894730724,2.511438044447458,28,4,23,ML_GGW_108_0028
GGW,108.0,1053.0,9.0,6.0,27.473684310913086,265.0,-0.9961946980917455,-0.08715574274765825,-1.0,-1.8369701987210297e-16,9.816346168518066,7.1437668800354,222.76663208007812,2.377882628934458e-05,20.54148292541504,9.870731353759766,2.059965133666992,246.0414581298828,0.0002464539429638535,20.891254425048828,0.7056077718734741,-1.551383376121521,271.91961669921875,0.005639255978167057,76.4142074584961,0.12081734091043472,-1.0699723958969116,285.7266540527344,0.010211010463535786,78.15483856201172,-0.6937940716743469,-0.23082442581653595,292.3414611816406,0.015263623557984829,92.92290496826172,8.717110176803544e-05,3.3635191357461736e-05,12.839301109313965,3.9639415740966797,1.2703101634979248,8.717110176803544e-05,5.353987944545224e-05,87.21945190429688,2.541874647140503,0.9297053568653451,2.5821721195369474,28,5,23,ML_GGW_108_0028
GGW,108.0,1054.0,9.0,12.0,29.36842155456543,265.0,-0.9961946980917455,-0.08715574274765825,-1.0,-1.8369701987210297e-16,8.986116409301758,10.489351272583008,223.1334228515625,4.291708683012985e-05,36.317176818847656,6.551215171813965,9.093082427978516,245.1622314453125,0.000260583299677819,24.976978302001953,-0.11543092131614685,0.35198917984962463,271.5733947753906,0.006294253747910261,89.90653228759766,-6.697595119476318,-1.3830498456954956,284.51434326171875,0.010764925740659237,89.28360748291016,-7.900692939758301,-1.3072596788406372,291.779541015625,0.015893662348389626,100.26396942138672,8.914697536965832e-05,3.7361751310527325e-05,20.599136352539062,0.16472263634204865,3.4488227367401123,8.914697536965832e-05,5.426986899692565e-05,87.90618133544922,6.001524448394775,0.9116182030651797,2.3335552340186134,28,6,23,ML_GGW_108_0028
GGW,108.0,1055.0,9.0,18.0,29.36842155456543,265.0,-0.9961946980917455,-0.08715574274765825,-1.0,-1.8369701987210297e-16,7.020438194274902,11.963240623474121,222.72109985351562,2.2150768927531317e-05,19.471216201782227,8.261754989624023,11.437532424926758,245.4264373779297,0.0003881431184709072,33.14435577392578,3.7846405506134033,-0.8388773798942566,271.8651428222656,0.0056970249861478806,76.80248260498047,-2.9786179065704346,-0.5920996069908142,286.0077209472656,0.010442923754453659,78.50675201416016,-4.645576477050781,-1.283471941947937,292.4950866699219,0.016160862520337105,97.44384765625,9.186995885102078e-05,2.9742172046098858e-05,17.651382446289062,2.288527727127075,4.137264728546143,9.186995885102078e-05,5.375825639930554e-05,87.45040893554688,4.302096843719482,0.9092979477697439,2.3050928323560838,28,7,23,ML_GGW_108_0028
GGW,108.0,1056.0,9.0,0.0,29.36842155456543,265.0,-0.9961946980917455,-0.08715574274765825,-1.0,-1.8369701987210297e-16,9.073945999145508,11.766478538513184,222.62347412109375,2.249237513751723e-05,19.78448486328125,10.789894104003906,10.896464347839355,245.88232421875,0.000383803533622995,31.975217819213867,2.6439905166625977,-1.246596097946167,271.9429016113281,0.004623436834663153,61.7193489074707,-0.45168980956077576,0.9006001353263855,286.53533935546875,0.010899531655013561,79.23185729980469,-1.4270375967025757,1.666887640953064,292.8047790527344,0.01592424139380455,94.17362213134766,8.45420072437264e-05,1.8213426301372238e-05,14.569570541381836,4.125820636749268,4.796767234802246,8.45420072437264e-05,4.593182529788464e-05,86.44315338134766,3.766468048095703,0.9123116073945372,2.342192069288333,28,8,23,ML_GGW_108_0028
GGW,108.0,1057.0,9.0,6.0,31.263158798217773,265.0,-0.9961946980917455,-0.08715574274765825,-1.0,-1.8369701987210297e-16,13.30723762512207,12.085220336914062,222.68582153320312,6.181643402669579e-05,54.50566101074219,12.841252326965332,11.99901008605957,245.86587524414062,0.0004261593276169151,40.82564163208008,-0.040681008249521255,3.0714046955108643,271.40008544921875,0.004954002797603607,69.78294372558594,-3.151352643966675,0.6159467697143555,284.5636901855469,0.011073635891079903,91.53113555908203,-3.9057021141052246,1.3866244554519653,292.025390625,0.01612738147377968,100.17941284179688,7.874119182815775e-05,2.0312632841523737e-05,20.2668514251709,3.8101508617401123,5.831641674041748,7.874119182815775e-05,3.2794425351312384e-05,87.47335815429688,1.0558749437332153,0.8975841103951574,2.1706649597992778,28,9,23,ML_GGW_108_0028
GGW,108.0,1058.0,9.0,12.0,31.263158798217773,265.0,-0.9961946980917455,-0.08715574274765825,-1.0,-1.8369701987210297e-16,11.422990798950195,9.821176528930664,222.32577514648438,7.522411033278331e-05,68.30555725097656,11.380364418029785,11.831429481506348,245.5640106201172,0.0005133462254889309,45.94926834106445,4.067498207092285,5.951074600219727,271.25054931640625,0.0038071658927947283,55.06584167480469,-0.24783779680728912,0.9325510859489441,284.83599853515625,0.011008263565599918,89.42504119873047,-1.2783845663070679,1.248604416847229,292.04998779296875,0.016106799244880676,99.91201782226562,7.29450912331231e-05,1.4968214600230567e-05,15.323638916015625,5.0689263343811035,5.956967353820801,7.29450912331231e-05,3.826799729722552e-05,86.3066635131836,1.3003751039505005,0.8926400091326863,2.1179957861709524,28,10,23,ML_GGW_108_0028
GGW,108.0,1059.0,9.0,18.0,33.157894134521484,265.0,-0.9961946980917455,-0.08715574274765825,-1.0,-1.8369701987210297e-16,11.429366111755371,13.491670608520508,222.59481811523438,0.00010685812594601884,94.27861022949219,11.401232719421387,13.521596908569336,245.53094482421875,0.0005524571752175689,50.49173355102539,4.345301151275635,3.557645320892334,271.31829833984375,0.00367946014739573,53.08405303955078,-2.155733346939087,0.3187173008918762,284.299560546875,0.010907626710832119,91.67679595947266,-3.6883797645568848,-0.6412781476974487,292.20947265625,0.016146957874298096,99.13314056396484,6.808549369452521e-05,2.8607841159100644e-05,20.695083618164062,4.266357421875,6.049670696258545,6.808549369452521e-05,4.060119317728095e-05,84.08893585205078,2.6014485359191895,0.8277433186069422,1.5697174065716535,28,11,23,ML_GGW_108_0028
GGW,108.0,1060.0,9.0,0.0,35.05263137817383,267.5,-0.9990482215818578,-0.04361938736533613,-1.0,-1.8369701987210297e-16,15.521196365356445,14.619742393493652,223.07240295410156,0.00012104716006433591,98.67916870117188,11.520807266235352,11.146891593933105,244.63600158691406,0.0009102034382522106,90.71884155273438,-0.10759277641773224,4.075009346008301,271.8686828613281,0.00559984240680933,81.14659118652344,-1.6841636896133423,6.452626705169678,283.95074462890625,0.011389241553843021,98.05120086669922,-1.7904473543167114,8.879587173461914,292.5738525390625,0.016466349363327026,98.80701446533203,7.14111520210281e-05,3.084775380557403e-05,18.238487243652344,4.691959857940674,9.034771919250488,7.14111520210281e-05,3.7473419070011005e-05,85.41555786132812,4.523608207702637,0.692496611701481,0.8118172391568388,28,12,23,ML_GGW_108_0028
GGW,108.0,1061.0,9.0,6.0,35.05263137817383,267.5,-0.9990482215818578,-0.04361938736533613,-1.0,-1.8369701987210297e-16,16.743846893310547,12.331043243408203,222.8885498046875,0.00011803765664808452,98.54904174804688,13.651545524597168,10.463303565979004,245.01222229003906,0.000567801995202899,54.750694274902344,3.8616445064544678,6.403495788574219,271.5531005859375,0.005194196477532387,76.71815490722656,1.9898970127105713,7.017833232879639,283.9313049316406,0.01120916847139597,96.61278533935547,2.6219253540039062,8.015569686889648,292.477294921875,0.016366006806492805,98.79344177246094,7.194843783508986e-05,2.8679234674200416e-05,14.766583442687988,7.773772239685059,8.8462495803833,7.194843783508986e-05,3.8558373489649966e-05,83.0256576538086,5.030462265014648,0.8303100466699607,1.5878262132889178,28,13,23,ML_GGW_108_0028
GGW,108.0,1062.0,9.0,12.0,36.94736862182617,267.5,-0.9990482215818578,-0.04361938736533613,-1.0,-1.8369701987210297e-16,18.154476165771484,12.72592544555664,222.03060913085938,9.561605111230165e-05,86.25531768798828,11.845536231994629,11.737649917602539,244.0936279296875,0.0007081927615217865,77.5605697631836,3.053159475326538,4.624622821807861,270.1995849609375,0.0053994860500097275,87.90352630615234,-1.24953293800354,2.546473264694214,284.24481201171875,0.011264772154390812,95.02720642089844,-1.4813653230667114,2.5746474266052246,292.3355407714844,0.016360647976398468,99.6322250366211,7.483737863367423e-05,4.108683060621843e-05,22.104631423950195,6.064454078674316,6.84186315536499,7.483737863367423e-05,4.108683060621843e-05,77.88795471191406,7.54836368560791,0.8315412910824274,1.5965902871195117,28,14,23,ML_GGW_108_0028
GGW,108.0,1063.0,9.0,18.0,38.842105865478516,270.0,-1.0,-1.8369701987210297e-16,-1.0,-1.8369701987210297e-16,19.469825744628906,15.95261001586914,222.46713256835938,0.00011655822163447738,99.91696166992188,14.177711486816406,12.154383659362793,245.2088165283203,0.0008776927134022117,86.39153289794922,2.056810140609741,4.019682884216309,269.4539794921875,0.00568680465221405,98.15850067138672,-0.36663809418678284,4.763234615325928,284.11138916015625,0.011551830917596817,98.3454360961914,0.03131889924407005,7.708107948303223,292.08489990234375,0.016263967379927635,100.62939453125,8.135972893796861e-05,3.6577723221853375e-05,21.1146240234375,7.073805332183838,8.91960334777832,8.135972893796861e-05,4.8853453336050734e-05,80.02169799804688,8.931783676147461,0.7179822893596786,0.9344750294588957,28,15,23,ML_GGW_108_0028
GGW,108.0,1064.0,9.0,0.0,38.842105865478516,270.0,-1.0,-1.8369701987210297e-16,-1.0,-1.8369701987210297e-16,17.382614135742188,13.958900451660156,223.08950805664062,0.00012124919885536656,97.70049285888672,14.527463912963867,10.538501739501953,244.4321746826172,0.0006824394222348928,72.40283203125,2.867932081222534,0.772388219833374,269.5364074707031,0.00532918144017458,91.0241928100586,1.567901611328125,0.3328174948692322,284.12890625,0.011348200030624866,96.41835021972656,3.6743173599243164,1.6343246698379517,292.4629821777344,0.016324598342180252,98.65277862548828,9.086525824386626e-05,5.554932795348577e-05,18.434005737304688,8.004045486450195,5.447386741638184,9.086525824386626e-05,5.554932795348577e-05,74.2877197265625,4.847935199737549,0.8406212666511537,1.662857881049594,28,16,23,ML_GGW_108_0028
GGW,108.0,1065.0,9.0,6.0,38.842105865478516,272.5,-0.9990482215818578,0.043619387365335764,-1.0,-1.8369701987210297e-16,17.846698760986328,10.617777824401855,222.3873291015625,0.00011541107232915238,99.88668060302734,15.578302383422852,8.887216567993164,244.84036254882812,0.0006775973597541451,69.17919158935547,10.5383939743042,5.604320526123047,269.3739929199219,0.005325653124600649,92.0986328125,10.294569969177246,6.517453193664551,283.99609375,0.011464167386293411,98.31893157958984,11.616697311401367,9.07848834991455,292.3523864746094,0.01641230657696724,99.86188507080078,9.20586971915327e-05,5.237172081251629e-05,6.417346000671387,13.174932479858398,8.141050338745117,9.20586971915327e-05,5.237172081251629e-05,81.31940460205078,5.794277191162109,0.8121341994810992,1.463937715895962,28,17,23,ML_GGW_108_0028
GGW,108.0,1066.0,9.0,12.0,40.73684310913086,275.0,-0.9961946980917455,0.08715574274765789,-1.0,-1.8369701987210297e-16,20.8582763671875,13.690962791442871,221.2815704345703,9.911111555993557e-05,97.87638092041016,15.435917854309082,10.600006103515625,243.79913330078125,0.0008643100154586136,97.64542388916016,8.155070304870605,4.173736095428467,269.0854187011719,0.005464962683618069,97.02754211425781,7.098627090454102,4.855377674102783,284.4548645019531,0.011869403533637524,98.72664642333984,8.858441352844238,7.315138339996338,291.9552001953125,0.016246341168880463,101.3668212890625,0.00011330316920066252,5.068948303232901e-05,13.588494300842285,12.081266403198242,8.127044677734375,0.00011330316920066252,5.068948303232901e-05,83.21533203125,3.297873020172119,0.7134464157049415,0.9121817841079121,28,18,23,ML_GGW_108_0028
GGW,108.0,1067.0,9.0,18.0,42.6315803527832,277.5,-0.9914448613738105,0.13052619222005127,-1.0,-1.8369701987210297e-16,26.252782821655273,18.55860137939453,220.86590576171875,9.561466140439734e-05,99.62928009033203,18.32607650756836,13.58535385131836,243.67239379882812,0.0008028973825275898,93.32340240478516,7.183143138885498,2.685971975326538,268.4004211425781,0.00514848530292511,96.47297668457031,2.8781137466430664,-0.6254337430000305,283.7938537597656,0.011346485465765,98.61981964111328,4.3837056159973145,3.526989221572876,290.92987060546875,0.015145105309784412,100.8420639038086,0.00011788009578594938,4.0015285776462406e-05,26.53687858581543,11.804763793945312,7.546296119689941,0.00011788009578594938,5.0512669986346737e-05,85.00829315185547,4.674032211303711,0.6840315941480895,0.772361879723662,28,19,23,ML_GGW_108_0028
GGW,108.0,1068.0,9.0,0.0,42.6315803527832,280.0,-0.9848077530122081,0.17364817766692997,-1.0,-1.8369701987210297e-16,27.1939754486084,16.904630661010742,221.1034393310547,7.983839168446139e-05,82.33721923828125,20.217411041259766,13.53289794921875,242.41761779785156,0.0007345900521613657,92.68418884277344,11.206902503967285,2.9654183387756348,267.99188232421875,0.005052108317613602,97.5340805053711,7.913315296173096,-2.692999839782715,283.4964294433594,0.011186507530510426,99.19071197509766,11.828868865966797,0.9335846304893494,290.893798828125,0.015120130963623524,100.91058349609375,0.00013218758977018297,4.873368743574247e-05,22.162147521972656,15.672094345092773,6.328705787658691,0.00013218758977018297,4.873368743574247e-05,83.37947082519531,3.0426275730133057,0.7408423319754742,1.0503511919610382,28,20,23,ML_GGW_108_0028
GGW,108.0,1069.0,9.0,6.0,44.52631759643555,285.0,-0.9659258262890684,0.2588190451025203,-1.0,-1.8369701987210297e-16,29.102676391601562,20.219635009765625,220.13963317871094,6.552520062541589e-05,77.08789825439453,21.72610092163086,17.168407440185547,241.27078247070312,0.0007540671504102647,107.4434585571289,15.249832153320312,7.078259468078613,267.8115234375,0.005083947442471981,100.00299072265625,10.5665864944458,1.728661298751831,282.5575256347656,0.010582530871033669,100.09825134277344,13.470502853393555,6.102938175201416,289.4630432128906,0.013854769989848137,101.30471801757812,0.00012875962420366704,4.16871698689647e-05,21.06290626525879,18.023141860961914,10.459580421447754,0.00012875962420366704,4.3097104935441166e-05,82.10491943359375,5.187494277954102,0.6896566385265774,0.7985145462314023,28,21,23,ML_GGW_108_0028
GGW,108.0,1070.0,9.0,12.0,46.421051025390625,290.0,-0.9396926207859083,0.342020143325669,-1.0,-1.8369701987210297e-16,30.77933692932129,26.9729061126709,219.56796264648438,6.116698205005378e-05,77.70406341552734,24.230234146118164,22.592121124267578,241.4728240966797,0.0007633762434124947,106.62334442138672,17.419137954711914,8.858530044555664,267.0452575683594,0.004681781399995089,98.09272003173828,14.160369873046875,4.590160846710205,281.7110595703125,0.009981095790863037,99.87506103515625,13.286563873291016,9.615338325500488,289.1977233886719,0.013623501174151897,101.33799743652344,0.00013464133371599019,4.032990545965731e-05,24.643096923828125,19.975128173828125,14.525810241699219,0.00013464133371599019,4.5107735786587e-05,80.94758605957031,8.120976448059082,0.6726742823190224,0.7203054800903206,28,22,23,ML_GGW_108_0028
GGW,108.0,1071.0,9.0,18.0,48.31578826904297,295.0,-0.9063077870366498,0.4226182617406996,-1.0,-1.8369701987210297e-16,34.8000373840332,30.072132110595703,219.7060089111328,5.295664232107811e-05,69.37706756591797,29.700971603393555,26.15254020690918,240.83804321289062,0.0006914331461302936,100.6495361328125,20.050703048706055,11.459863662719727,266.7626037597656,0.004222752060741186,89.82279968261719,17.41752815246582,6.200045585632324,281.2623291015625,0.009509555995464325,98.00819396972656,16.631742477416992,10.934067726135254,288.6265563964844,0.013142884708940983,101.34776306152344,0.0001505015534348786,3.8360558392014354e-05,26.388490676879883,23.720195770263672,16.963727951049805,0.0001505015534348786,4.391542825032957e-05,76.45995330810547,6.246272563934326,0.6678010774143596,0.6982563869833107,28,23,23,ML_GGW_108_0028
GGW,108.0,1056.0,9.0,0.0,12.315789222717285,325.0,-0.5735764363510465,0.8191520442889916,-1.0,-1.8369701987210297e-16,-10.86540699005127,4.43304443359375,218.77940368652344,5.234224227024242e-05,71.60591888427734,-9.435654640197754,4.278120994567871,240.3468780517578,0.0005815572803840041,89.61820983886719,-5.40492057800293,-3.9703760147094727,268.54888916015625,0.005265196785330772,96.6906967163086,-4.606414318084717,-0.7193455696105957,282.58770751953125,0.007901174016296864,74.76725006103516,1.272599697113037,-0.32731983065605164,289.50726318359375,0.011972486041486263,87.18504333496094,4.6490462409565225e-05,2.3586770112160593e-05,13.038107872009277,-5.80795955657959,0.7388247847557068,4.6490462409565225e-05,3.5037741326959804e-05,76.75471496582031,2.8081300258636475,0.6123651942199013,0.45726515294647574,29,1,15,ML_GGW_108_0029
GGW,108.0,1057.0,9.0,6.0,12.315789222717285,322.5,-0.608761429008721,0.7933533402912349,-1.0,-1.8369701987210297e-16,-10.97288990020752,4.092868804931641,218.44676208496094,6.115335418144241e-05,87.26103973388672,-7.433283805847168,3.464345693588257,240.0255889892578,0.0005955445230938494,94.16781616210938,-8.463190078735352,-5.502142906188965,268.5158386230469,0.005186751950532198,95.24159240722656,-5.705598831176758,-2.23944354057312,282.42608642578125,0.00807927642017603,77.29551696777344,-0.09308032691478729,-1.3194667100906372,289.3822021484375,0.012273634783923626,90.0615234375,5.0391983677400276e-05,2.3637043341295794e-05,12.151692390441895,-6.533608436584473,-0.3007676899433136,5.0391983677400276e-05,4.75255110359285e-05,77.56452941894531,1.927855134010315,0.6162574145379761,0.473692779545996,29,2,15,ML_GGW_108_0029
GGW,108.0,1058.0,9.0,12.0,12.315789222717285,320.0,-0.6427876096865396,0.7660444431189778,-1.0,-1.8369701987210297e-16,-9.789185523986816,6.597320079803467,218.09983825683594,6.288342410698533e-05,94.2455062866211,-6.174783229827881,2.547534227371216,240.467529296875,0.0006465703481808305,100.68333435058594,-12.25393295288086,-7.171265602111816,268.58074951171875,0.005157872103154659,94.13040161132812,-6.842872619628906,-3.7541446685791016,282.70806884765625,0.008114798925817013,76.16979217529297,-1.9440727233886719,-2.154099702835083,289.4813537597656,0.01268199272453785,92.49385070800781,5.277323361951858e-05,2.2819818696007133e-05,11.753005981445312,-7.400969505310059,-0.7869310975074768,5.277323361951858e-05,5.6049822887871414e-05,77.71792602539062,4.010908603668213,0.6015615596399689,0.41197586581573153,29,3,15,ML_GGW_108_0029
GGW,108.0,1059.0,9.0,18.0,12.315789222717285,320.0,-0.6427876096865396,0.7660444431189778,-1.0,-1.8369701987210297e-16,-5.444387912750244,9.266404151916504,218.16424560546875,6.113611743785441e-05,89.85274505615234,-8.643478393554688,-1.0103191137313843,240.72677612304688,0.0006575568113476038,100.65618133544922,-17.115530014038086,-6.1775126457214355,268.4301452636719,0.004186611622571945,74.01771545410156,-8.448006629943848,-2.627659320831299,283.2805480957031,0.007924097590148449,71.5572738647461,-1.5170246362686157,-0.5376997590065002,289.455322265625,0.012754949741065502,93.18535614013672,5.613185930997133e-05,2.5080871637328528e-05,10.561469078063965,-8.233685493469238,-0.21735724806785583,5.613185930997133e-05,6.09257876931224e-05,78.86290740966797,5.751914024353027,0.6923696361326328,0.8112210243256657,29,4,15,ML_GGW_108_0029
GGW,108.0,1060.0,9.0,0.0,12.315789222717285,320.0,-0.6427876096865396,0.7660444431189778,-1.0,-1.8369701987210297e-16,-3.5363242626190186,5.1500115394592285,217.98934936523438,6.58355129417032e-05,99.93943786621094,-15.180645942687988,-1.388661503791809,240.92398071289062,0.0006720342207700014,100.5234603881836,-17.822843551635742,-2.843233585357666,268.11566162109375,0.0035166176967322826,62.48347854614258,-9.687079429626465,-0.8679793477058411,283.1552429199219,0.008004476316273212,72.92961120605469,-1.3026704788208008,0.7683175206184387,289.3467712402344,0.01257687620818615,92.54605102539062,5.8504476328380406e-05,2.3734546630294062e-05,4.91817569732666,-9.505912780761719,0.1636909544467926,5.8504476328380406e-05,5.6675045925658196e-05,77.06704711914062,4.91817569732666,0.67728575181303,0.74132601812902,29,5,15,ML_GGW_108_0029
GGW,108.0,1061.0,9.0,6.0,12.315789222717285,317.5,-0.6755902076156605,0.7372773368101239,-1.0,-1.8369701987210297e-16,-5.15020751953125,0.409096896648407,219.40011596679688,7.942283991724253e-05,99.83296203613281,-16.127857208251953,0.6987538933753967,241.391845703125,0.0006118436576798558,86.41626739501953,-16.678974151611328,-2.584153652191162,268.1424255371094,0.0035364653449505568,63.65115737915039,-9.833064079284668,-1.9121627807617188,282.8614501953125,0.007910381071269512,73.44562530517578,-4.873707294464111,-2.0573208332061768,289.3572082519531,0.013091934844851494,96.29732513427734,5.909160609007813e-05,2.3458722353097983e-05,2.481868028640747,-10.53276252746582,-1.0891573429107666,5.909160609007813e-05,5.6354430853389204e-05,75.9427719116211,2.481868028640747,0.7786663928658469,1.2579116057927258,29,6,15,ML_GGW_108_0029
GGW,108.0,1062.0,9.0,12.0,12.315789222717285,317.5,-0.6755902076156605,0.7372773368101239,-1.0,-1.8369701987210297e-16,-7.095649242401123,0.3832317292690277,219.07235717773438,7.521796214859933e-05,99.64878845214844,-15.648832321166992,3.6247146129608154,241.69970703125,0.0008140320423990488,107.81208038330078,-14.148240089416504,-1.8193795680999756,268.0211181640625,0.004624625667929649,87.19207000732422,-9.715585708618164,0.1758185774087906,283.16094970703125,0.007879569195210934,71.71934509277344,-3.7584645748138428,1.4136781692504883,289.42950439453125,0.012721803970634937,93.1321029663086,5.884619531570934e-05,4.106117194169201e-05,3.492652416229248,-10.073354721069336,0.7556127309799194,5.884619531570934e-05,5.9884172515012324e-05,74.95970916748047,3.150866985321045,0.7220198814810913,0.9545030801769068,29,7,15,ML_GGW_108_0029
GGW,108.0,1063.0,9.0,18.0,12.315789222717285,315.0,-0.7071067811865477,0.7071067811865474,-1.0,-1.8369701987210297e-16,-8.057878494262695,4.4276299476623535,218.69940185546875,7.267502951435745e-05,100.30549621582031,-13.084054946899414,3.629183530807495,243.04359436035156,0.0009012292721308768,106.9106674194336,-15.394538879394531,-4.9959845542907715,268.3936767578125,0.004164314828813076,77.13597106933594,-9.994189262390137,-1.6915532350540161,282.977783203125,0.007818769663572311,72.00641632080078,-5.542079448699951,-0.4864934980869293,289.65069580078125,0.013464379124343395,97.13919067382812,5.810002039652318e-05,4.276994877727702e-05,5.520675182342529,-10.414548873901367,0.17655639350414276,5.810002039652318e-05,6.64124745526351e-05,74.64971923828125,5.359877109527588,0.7361391179607079,1.0259971175547138,29,8,15,ML_GGW_108_0029
GGW,108.0,1064.0,9.0,0.0,12.315789222717285,315.0,-0.7071067811865477,0.7071067811865474,-1.0,-1.8369701987210297e-16,-6.38723611831665,4.7403411865234375,217.51089477539062,6.203026714501902e-05,99.55809020996094,-10.738021850585938,2.633535385131836,241.71908569335938,0.000860677333548665,116.1231460571289,-12.732871055603027,-0.40959131717681885,268.9662170410156,0.005573407281190157,99.50440979003906,-8.83764934539795,0.8588264584541321,282.6913757324219,0.008098149672150612,76.11962890625,-2.809460163116455,2.4448797702789307,289.70751953125,0.013173557817935944,94.704833984375,6.027304698363878e-05,5.2704486734000966e-05,4.250837802886963,-8.301047325134277,2.053598403930664,6.027304698363878e-05,7.251596980495378e-05,74.88301086425781,3.660918951034546,0.6827976925604992,0.7666588474026095,29,9,15,ML_GGW_108_0029
GGW,108.0,1065.0,9.0,6.0,12.315789222717285,312.5,-0.7372773368101242,0.6755902076156601,-1.0,-1.8369701987210297e-16,-4.073398590087891,3.2783632278442383,217.01292419433594,5.938969843555242e-05,100.97720336914062,-11.281349182128906,2.2322616577148438,241.96353149414062,0.0008609855431132019,112.25125122070312,-13.903064727783203,-0.2527676224708557,269.1271057128906,0.005693587474524975,100.40818786621094,-8.848845481872559,-0.3082822263240814,282.22564697265625,0.00811551883816719,78.67415618896484,-5.585554122924805,-0.2890546917915344,289.95233154296875,0.013466599397361279,95.31011199951172,6.181904609547928e-05,5.215901546762325e-05,3.8746721744537354,-8.738443374633789,0.9321039915084839,6.181904609547928e-05,7.054876914480701e-05,74.91748046875,3.8746721744537354,0.7127000888579584,0.9085340424868631,29,10,15,ML_GGW_108_0029
GGW,108.0,1066.0,9.0,12.0,12.315789222717285,312.5,-0.7372773368101242,0.6755902076156601,-1.0,-1.8369701987210297e-16,-2.7102179527282715,0.08226727694272995,216.98287963867188,5.707213131245226e-05,97.68045806884766,-8.643953323364258,1.7584060430526733,241.7997589111328,0.0008162397425621748,107.81537628173828,-8.277578353881836,5.322300434112549,269.57830810546875,0.005787746515125036,98.21607208251953,-6.504416465759277,3.5366055965423584,281.8388366699219,0.008650721982121468,86.0715560913086,-1.7706443071365356,6.02305269241333,290.0617980957031,0.013327540829777718,93.70528411865234,6.147359090391546e-05,4.741619704873301e-05,6.014626502990723,-5.581362247467041,3.3445262908935547,6.147359090391546e-05,6.637110345764086e-05,74.76083374023438,4.353264808654785,0.6940617227503432,0.8191775209606291,29,11,15,ML_GGW_108_0029
GGW,108.0,1067.0,9.0,18.0,12.315789222717285,310.0,-0.7660444431189781,0.6427876096865393,-1.0,-1.8369701987210297e-16,-2.9882924556732178,-0.09763965755701065,217.8440399169922,6.674080213997513e-05,102.5142593383789,-8.95038890838623,3.2121286392211914,242.78219604492188,0.0009139429312199354,108.85942077636719,-10.166465759277344,4.169610500335693,269.6483459472656,0.005906351841986179,99.9224853515625,-6.437559604644775,1.7882285118103027,281.7284240722656,0.008552061393857002,85.72274780273438,-2.5941946506500244,3.0521764755249023,290.42462158203125,0.013154309242963791,90.37545013427734,6.375852535711601e-05,5.1668263040483e-05,3.174374580383301,-6.227380275726318,2.424901008605957,6.375852535711601e-05,6.829214544268325e-05,73.20934295654297,3.174374580383301,0.7031979150094928,0.8625728451938244,29,12,15,ML_GGW_108_0029
GGW,108.0,1068.0,9.0,0.0,12.315789222717285,307.5,-0.7933533402912352,0.6087614290087205,-1.0,-1.8369701987210297e-16,-4.390194892883301,1.3605692386627197,217.9747772216797,6.727531581418589e-05,101.41869354248047,-9.752448081970215,4.961613655090332,242.69984436035156,0.0009358989773318172,113.2367172241211,-12.228852272033691,2.989523410797119,269.56451416015625,0.005876888521015644,100.16515350341797,-7.497182846069336,-0.5889227986335754,281.4202880859375,0.00815680343657732,83.5261459350586,-4.746040344238281,-1.0523990392684937,290.59478759765625,0.01278019044548273,86.82221221923828,5.6345485063502565e-05,5.727556344936602e-05,2.43906569480896,-7.722943305969238,1.5340769290924072,5.6345485063502565e-05,6.990466499701142e-05,70.17106628417969,2.43906569480896,0.6998505734427781,0.8465864065705091,29,13,15,ML_GGW_108_0029
GGW,108.0,1069.0,9.0,6.0,12.315789222717285,307.5,-0.7933533402912352,0.6087614290087205,-1.0,-1.8369701987210297e-16,-2.5798721313476562,-2.9542362689971924,217.05328369140625,5.563431477639824e-05,94.49794006347656,-6.9299235343933105,4.5686750411987305,240.64234924316406,0.0007246992900036275,108.91458129882812,-6.697506904602051,8.290885925292969,269.18084716796875,0.00469552306458354,77.79763793945312,-5.166177272796631,3.3827614784240723,281.92803955078125,0.008105880580842495,80.2044906616211,-2.254997968673706,3.7873950004577637,290.4028625488281,0.012560788542032242,86.4049301147461,5.849947046954185e-05,3.770830880966969e-05,6.749454498291016,-4.725695610046387,3.4150962829589844,5.849947046954185e-05,6.509228114737198e-05,74.0986099243164,3.186826705932617,0.6691256207667591,0.7042330320335333,29,14,15,ML_GGW_108_0029
GGW,108.0,1070.0,9.0,12.0,12.315789222717285,305.0,-0.8191520442889918,0.573576436351046,-1.0,-1.8369701987210297e-16,-2.33497953414917,-3.6156342029571533,217.1531524658203,5.4580938012804836e-05,91.24907684326172,-5.963619232177734,4.8275933265686035,240.91761779785156,0.0007217840175144374,105.59739685058594,-9.193965911865234,7.643630027770996,269.1664123535156,0.005229223519563675,88.37316131591797,-4.512678623199463,2.887676954269409,281.42816162109375,0.007902790792286396,80.95004272460938,-1.9104028940200806,2.8476295471191406,290.787841796875,0.012088856659829617,81.14107513427734,5.463507477543317e-05,4.4585554860532284e-05,6.477193832397461,-4.7831292152404785,2.9181790351867676,5.463507477543317e-05,6.235043110791594e-05,72.21612548828125,1.6483873128890991,0.7114280281399604,0.902329733282933,29,15,15,ML_GGW_108_0029
GGW,108.0,1060.0,9.0,0.0,16.105262756347656,347.5,-0.21643961393810288,0.9762960071199334,-1.0,-1.8369701987210297e-16,-10.151570320129395,3.3548924922943115,218.72970581054688,7.349738734774292e-05,100.05158996582031,-13.516112327575684,0.5569928288459778,243.82054138183594,0.0009537469013594091,103.7218017578125,-13.679510116577148,-2.190737009048462,268.7956237792969,0.00542582618072629,98.98866271972656,-11.062808990478516,-2.5156877040863037,282.5323791503906,0.010136516764760017,96.06715393066406,-3.310804843902588,-1.7005646228790283,293.875,0.013615135103464127,75.4327392578125,8.174208051059395e-05,6.348222814267501e-05,8.506098747253418,-10.344161033630371,-0.4990208148956299,8.174208051059395e-05,6.348222814267501e-05,82.64895629882812,1.6442890167236328,0.6385452357228635,0.5690556194549827,30,1,27,ML_GGW_108_0030
GGW,108.0,1061.0,9.0,6.0,16.105262756347656,347.5,-0.21643961393810288,0.9762960071199334,-1.0,-1.8369701987210297e-16,-7.295575141906738,0.4245976209640503,218.43150329589844,6.812605715822428e-05,96.28199005126953,-12.781105995178223,0.36532047390937805,243.22067260742188,0.0008802546071819961,102.22550964355469,-15.656731605529785,4.390074253082275,269.1556091308594,0.005036858841776848,89.67845153808594,-13.901342391967773,5.275196075439453,282.4233093261719,0.009487958624958992,90.71075439453125,-4.801549434661865,4.170834541320801,292.52423095703125,0.013895970769226551,83.64273071289062,8.045590948313475e-05,5.3638872486772016e-05,4.500494956970215,-10.887261390686035,2.9252047538757324,8.045590948313475e-05,6.475158443208784e-05,79.63508605957031,2.456986427307129,0.6526539678591711,0.6307255835859493,30,2,27,ML_GGW_108_0030
GGW,108.0,1062.0,9.0,12.0,16.105262756347656,345.0,-0.2588190451025207,0.9659258262890683,-1.0,-1.8369701987210297e-16,-8.823603630065918,1.815317988395691,218.9845733642578,7.568698492832482e-05,100.4088134765625,-15.247086524963379,0.9911611676216125,243.43667602539062,0.0009196435566991568,103.99398803710938,-14.658540725708008,2.5595760345458984,269.9815673828125,0.005174565594643354,86.63906860351562,-10.852498054504395,4.067876815795898,283.007568359375,0.009477587416768074,87.03117370605469,-4.430539608001709,1.8982847929000854,292.7781066894531,0.013640801422297955,80.84442138671875,6.64993713144213e-05,6.277056672843173e-05,4.393847465515137,-10.802453994750977,2.2664434909820557,6.64993713144213e-05,6.926521746208891e-05,77.42655944824219,4.393847465515137,0.612082750980465,0.4560754462381782,30,3,27,ML_GGW_108_0030
GGW,108.0,1063.0,9.0,18.0,16.105262756347656,342.5,-0.300705799504273,0.9537169507482269,-1.0,-1.8369701987210297e-16,-9.77910327911377,5.378637790679932,219.16720581054688,7.255037780851126e-05,94.51577758789062,-16.436199188232422,3.21748685836792,243.73655700683594,0.0009007832268252969,98.4359130859375,-15.404051780700684,-2.2333126068115234,269.0242919921875,0.00523826340213418,94.27108001708984,-10.022984504699707,-1.834596872329712,282.8717041015625,0.009490163996815681,87.955322265625,-6.867894649505615,-2.0227251052856445,293.5130615234375,0.013120220974087715,74.49592590332031,6.579749606316909e-05,6.887681956868619e-05,7.953320503234863,-11.702046394348145,0.5010980367660522,6.579749606316909e-05,7.760855805827305e-05,77.02525329589844,2.4899210929870605,0.7113960899444612,0.9021741686125311,30,4,27,ML_GGW_108_0030
GGW,108.0,1064.0,9.0,0.0,16.105262756347656,342.5,-0.300705799504273,0.9537169507482269,-1.0,-1.8369701987210297e-16,-6.5625481605529785,4.374415397644043,219.61378479003906,6.7999200837221e-05,84.3420639038086,-12.070037841796875,6.151116847991943,243.6151123046875,0.0008821255760267377,96.17211151123047,-17.564851760864258,3.068472146987915,269.4200134277344,0.00497853197157383,87.36375427246094,-13.448451042175293,2.816467761993408,283.18927001953125,0.009338759817183018,84.82752990722656,-9.6692533493042,1.4819279909133911,292.5040283203125,0.012863578274846077,77.5140380859375,6.97888171998784e-05,6.530959944939241e-05,4.2447733879089355,-11.863028526306152,3.578479766845703,6.97888171998784e-05,7.984544208738953e-05,77.67591094970703,3.4636449813842773,0.759262124184082,1.1486383830790396,30,5,27,ML_GGW_108_0030
GGW,108.0,1065.0,9.0,6.0,14.210526466369629,340.0,-0.3420201433256686,0.9396926207859084,-1.0,-1.8369701987210297e-16,-11.192465782165527,2.696293354034424,220.27481079101562,8.899188105715439e-05,99.78553771972656,-9.880902290344238,4.908989906311035,246.05865478515625,0.0012323621194809675,104.51734161376953,-4.165884017944336,1.388301968574524,267.72076416015625,0.004982085432857275,99.27073669433594,-1.9946722984313965,0.386830598115921,281.7725524902344,0.009869313798844814,98.64608001708984,0.8345958590507507,-1.152266025543213,291.4776916503906,0.013798218220472336,88.79193115234375,7.96287931734696e-05,8.584082388551906e-05,12.627811431884766,-5.279865741729736,1.6456298828125,7.96287931734696e-05,8.584082388551906e-05,82.28495788574219,6.546044826507568,0.6616895827033604,0.6708326692763547,30,6,27,ML_GGW_108_0030
GGW,108.0,1066.0,9.0,12.0,14.210526466369629,337.5,-0.38268343236508956,0.9238795325112868,-1.0,-1.8369701987210297e-16,-9.985151290893555,3.575469970703125,222.29534912109375,0.00011541538697201759,100.16817474365234,-8.226719856262207,4.276217460632324,247.76565551757812,0.0014711781404912472,108.26079559326172,-3.8098104000091553,-0.5498458743095398,267.58807373046875,0.0047498722560703754,95.58576965332031,-2.1027016639709473,-2.2154903411865234,281.2497863769531,0.009517556056380272,98.46405029296875,-1.4271875619888306,-3.4418227672576904,291.92388916015625,0.014806549996137619,92.56834411621094,7.479019404854625e-05,8.941367559600621e-05,11.067119598388672,-5.11031436920166,0.32890573143959045,7.479019404854625e-05,8.941367559600621e-05,81.61597442626953,6.930335521697998,0.6152818735918599,0.46956956690524576,30,7,27,ML_GGW_108_0030
GGW,108.0,1067.0,9.0,18.0,14.210526466369629,337.5,-0.38268343236508956,0.9238795325112868,-1.0,-1.8369701987210297e-16,-6.4564995765686035,4.477815628051758,221.79934692382812,0.0001088407589122653,100.08523559570312,-7.249473571777344,8.978228569030762,246.90406799316406,0.0013196109794080257,107.11315155029297,-4.202271938323975,6.882113456726074,268.0841064453125,0.004609598312526941,89.17967224121094,-2.0588855743408203,3.2043545246124268,281.40740966796875,0.009088116697967052,93.0602798461914,-1.1369322538375854,1.5826308727264404,291.4064025878906,0.015161980874836445,97.88323211669922,7.764872134430334e-05,8.926781447371468e-05,6.056392669677734,-4.220812797546387,5.025028705596924,7.764872134430334e-05,9.336700895801187e-05,80.34815216064453,6.056392669677734,0.6244452613535787,0.5084594378314942,30,8,27,ML_GGW_108_0030
GGW,108.0,1068.0,9.0,0.0,14.210526466369629,335.0,-0.4226182617406992,0.90630778703665,-1.0,-1.8369701987210297e-16,-5.697543144226074,5.190705299377441,221.4039306640625,0.00010313348320778459,100.00502014160156,-4.409241199493408,7.0624613761901855,246.1976776123047,0.0013445906806737185,116.57059478759766,-5.1567792892456055,3.4034762382507324,267.9930725097656,0.0048203058540821075,93.74396514892578,-2.6964802742004395,-1.221596360206604,280.9173889160156,0.00913162250071764,96.68062591552734,-2.3280229568481445,-2.7632052898406982,290.8277893066406,0.014604301191866398,97.84380340576172,8.177877316484228e-05,0.00010105006367666647,8.638192176818848,-4.057613372802734,2.3343682289123535,8.177877316484228e-05,0.00010105006367666647,79.70893859863281,6.0919342041015625,0.6626942235886235,0.6753238152137284,30,9,27,ML_GGW_108_0030
GGW,108.0,1069.0,9.0,6.0,14.210526466369629,335.0,-0.4226182617406992,0.90630778703665,-1.0,-1.8369701987210297e-16,-9.449677467346191,2.7129459381103516,219.88522338867188,7.922977238195017e-05,94.00980377197266,-7.843204498291016,9.000515937805176,244.12088012695312,0.0009488551295362413,98.06682586669922,-4.176120281219482,10.481328010559082,269.5816650390625,0.005540221929550171,94.54551696777344,-3.7038674354553223,4.314203262329102,281.77850341796875,0.008432415314018726,84.28507232666016,-3.127603769302368,2.1677799224853516,291.35565185546875,0.0139752933755517,90.56819152832031,8.982819417724386e-05,7.569410081487149e-05,6.345535755157471,-5.660094261169434,5.735354423522949,8.982819417724386e-05,9.665777179179713e-05,79.3401107788086,6.345535755157471,0.7559926348716378,1.1308332241088443,30,10,27,ML_GGW_108_0030
GGW,108.0,1070.0,9.0,12.0,14.210526466369629,332.5,-0.46174861323503363,0.8870108331782218,-1.0,-1.8369701987210297e-16,-9.340278625488281,1.45638906955719,220.7985382080078,9.221846994478256e-05,97.006103515625,-9.220222473144531,6.805006980895996,245.36773681640625,0.00111895683221519,102.38085174560547,-5.493250846862793,6.23799991607666,269.8033142089844,0.005682464223355055,95.74602508544922,-4.351499080657959,0.4935038089752197,281.5624694824219,0.00855974480509758,86.86409759521484,-4.1935505867004395,-1.8931455612182617,291.3025817871094,0.013247253373265266,86.11380004882812,9.31887116166763e-05,8.679414895595983e-05,6.14069938659668,-6.519761085510254,2.619950771331787,9.31887116166763e-05,8.745659579290077e-05,79.20964050292969,4.878530025482178,0.7865122507277956,1.3040288480718423,30,11,27,ML_GGW_108_0030
GGW,108.0,1071.0,9.0,18.0,14.210526466369629,332.5,-0.46174861323503363,0.8870108331782218,-1.0,-1.8369701987210297e-16,-15.194709777832031,2.0518710613250732,220.18194580078125,3.842317164526321e-05,44.88562774658203,-15.96103572845459,8.794922828674316,243.31190490722656,0.00035224840394221246,38.03010177612305,-5.280308723449707,8.310603141784668,270.2894287109375,0.005768502596765757,91.49673461914062,-3.461582660675049,4.567850589752197,283.49957275390625,0.007739357650279999,68.7988052368164,-3.2130327224731445,2.2316441535949707,291.47760009765625,0.013059945777058601,83.93034362792969,9.123248310061172e-05,6.086531720939092e-05,11.983025550842285,-8.622133255004883,5.191378593444824,9.123248310061172e-05,9.291653987020254e-05,77.4234390258789,3.4676530361175537,0.9144218424076216,2.3688619170693626,30,12,27,ML_GGW_108_0030
GGW,108.0,1072.0,9.0,0.0,14.210526466369629,330.0,-0.5000000000000004,0.8660254037844384,-1.0,-1.8369701987210297e-16,-14.736804008483887,2.8333537578582764,219.91770935058594,4.150142922298983e-05,49.0839729309082,-14.14046573638916,8.369791984558105,243.02008056640625,0.0005625898484140635,62.457881927490234,-6.918742656707764,4.93367862701416,270.11346435546875,0.005840292200446129,94.87197875976562,-5.439924240112305,0.10332998633384705,282.46197509765625,0.008521933108568192,81.30863952636719,-5.369590759277344,-1.624714732170105,290.8246765136719,0.01431912649422884,95.87796783447266,8.827743295114487e-05,7.366685895249248e-05,10.373960494995117,-9.32110595703125,2.923088312149048,8.827743295114487e-05,8.642263128422201e-05,77.45236206054688,1.7083332538604736,0.9478327109215867,2.8997223689540945,30,13,27,ML_GGW_108_0030
GGW,108.0,1073.0,9.0,6.0,14.210526466369629,330.0,-0.5000000000000004,0.8660254037844384,-1.0,-1.8369701987210297e-16,-17.68662452697754,3.7209160327911377,219.45526123046875,2.268993375764694e-05,28.57273292541504,-14.58792495727539,6.371645927429199,242.59811401367188,0.0004682168655563146,54.18773651123047,-7.440613269805908,5.253090858459473,269.6541442871094,0.005853643640875816,97.44540405273438,-4.703556060791016,4.542720317840576,284.0882263183594,0.008145703934133053,69.6038818359375,-3.193695306777954,4.7443766593933105,291.1180725097656,0.013665199279785156,89.82283782958984,8.951174095273018e-05,5.27171250723768e-05,14.529022216796875,-9.522482872009277,4.926549911499023,8.951174095273018e-05,7.63145653763786e-05,77.17206573486328,1.4641258716583252,0.9116741422474963,2.334249721540279,30,14,27,ML_GGW_108_0030
GGW,108.0,1074.0,9.0,12.0,14.210526466369629,327.5,-0.5372996083468242,0.8433914458128855,-1.0,-1.8369701987210297e-16,-15.756340026855469,2.4606986045837402,219.10035705566406,3.98502525058575e-05,50.63693618774414,-12.152403831481934,3.180741310119629,242.89529418945312,0.0006943362532183528,81.50120544433594,-7.583263397216797,4.974717617034912,270.8515319824219,0.006322967354208231,97.19993591308594,-4.339616298675537,2.532719612121582,283.43475341796875,0.008576435036957264,76.5508041381836,-3.3376736640930176,1.7318270206451416,291.3895568847656,0.014009571634232998,90.50267028808594,9.796683298191056e-05,5.789709757664241e-05,12.440037727355957,-8.633859634399414,2.9761407375335693,9.796683298191056e-05,7.624112913617864e-05,75.7594985961914,3.8065435886383057,0.9319299971125292,2.616721071591385,30,15,27,ML_GGW_108_0030
GGW,108.0,1075.0,9.0,18.0,14.210526466369629,325.0,-0.5735764363510465,0.8191520442889916,-1.0,-1.8369701987210297e-16,-10.218531608581543,1.3600594997406006,219.19590759277344,7.723826274741441e-05,99.31098937988281,-11.937294006347656,2.1736886501312256,243.83045959472656,0.0009606896783225238,103.93856811523438,-7.851541042327881,4.07412576675415,271.01263427734375,0.006457015872001648,98.80035400390625,-4.280840873718262,-1.1594125032424927,282.9542541503906,0.009031448513269424,83.21542358398438,-3.778411626815796,-2.443927526473999,291.476806640625,0.014874158427119255,95.60810852050781,9.212330041918904e-05,6.938149454072118e-05,7.479669570922852,-7.613324165344238,0.800906777381897,9.212330041918904e-05,8.189542859327048e-05,74.37105560302734,1.174929141998291,0.7592958224153452,1.1488227536950792,30,16,27,ML_GGW_108_0030
GGW,108.0,1076.0,9.0,0.0,14.210526466369629,325.0,-0.5735764363510465,0.8191520442889916,-1.0,-1.8369701987210297e-16,-10.055089950561523,0.7667254209518433,218.597412109375,6.642902735620737e-05,91.79782104492188,-12.37133502960205,1.6242448091506958,243.03395080566406,0.0008673343108966947,102.39657592773438,-3.5420188903808594,8.20708179473877,271.0168151855469,0.006323297042399645,96.03023529052734,-0.6021941304206848,5.011547565460205,282.94635009765625,0.008737838827073574,80.50790405273438,0.7878527045249939,4.228980541229248,291.60015869140625,0.014453479088842869,92.15550994873047,9.437806875212118e-05,5.3850111726205796e-05,11.382293701171875,-5.156557083129883,3.9677162170410156,9.437806875212118e-05,8.392217569053173e-05,74.9867935180664,4.586810111999512,0.7360179390591115,1.0253733422973998,30,17,27,ML_GGW_108_0030
GGW,108.0,1077.0,9.0,6.0,14.210526466369629,322.5,-0.608761429008721,0.7933533402912349,-1.0,-1.8369701987210297e-16,-9.537162780761719,-1.240874171257019,218.5773468017578,6.958763697184622e-05,97.07340240478516,-11.19472885131836,3.608422040939331,243.3824462890625,0.0008886897121556103,100.17854309082031,-2.784236192703247,9.087735176086426,270.6622009277344,0.0063663446344435215,99.81925964355469,-0.07920810580253601,3.061169147491455,282.29296875,0.00910129677504301,87.66277313232422,0.5649072527885437,0.9767414927482605,291.6337890625,0.01458054594695568,92.79021453857422,9.380969277117401e-05,6.473213579738513e-05,10.342612266540527,-4.606085777282715,3.0986390113830566,9.380969277117401e-05,9.043837781064212e-05,74.29066467285156,6.7874650955200195,0.7321737197261633,1.0056792454353527,30,18,27,ML_GGW_108_0030
GGW,108.0,1078.0,9.0,12.0,16.105262756347656,322.5,-0.608761429008721,0.7933533402912349,-1.0,-1.8369701987210297e-16,-7.674368381500244,-2.8122363090515137,219.29547119140625,5.7644181651994586e-05,73.74815368652344,-11.45809555053711,4.0922346115112305,242.91412353515625,0.0005816147313453257,68.49371337890625,-6.341493129730225,8.443008422851562,271.2277526855469,0.006151999346911907,91.43482208251953,-4.98331356048584,5.495306491851807,283.85760498046875,0.008615045808255672,74.77513885498047,-6.461940288543701,3.229081869125366,291.546142578125,0.013719169422984123,87.78233337402344,8.959146362030879e-05,4.4537831854540855e-05,6.161777496337891,-7.383842468261719,3.689479112625122,8.959146362030879e-05,8.832873572828248e-05,71.46504211425781,6.161777496337891,0.9280991185014046,2.5578500110967557,30,19,27,ML_GGW_108_0030
GGW,108.0,1079.0,9.0,18.0,16.105262756347656,322.5,-0.608761429008721,0.7933533402912349,-1.0,-1.8369701987210297e-16,-9.087580680847168,-4.498959064483643,219.7882843017578,4.264708695700392e-05,51.55078125,-10.945039749145508,2.6623048782348633,242.82923889160156,0.00040050805546343327,47.56388473510742,-1.4227374792099,9.437746047973633,270.65997314453125,0.004591530188918114,71.05357360839844,1.4730581045150757,9.33542251586914,284.6849365234375,0.007775444537401199,63.818092346191406,1.055855631828308,8.266246795654297,292.0276794433594,0.012997006066143513,80.61968231201172,7.99389963503927e-05,2.1356783690862358e-05,16.304594039916992,-3.7852885723114014,5.040552139282227,7.99389963503927e-05,8.068361057667062e-05,74.34880828857422,3.16611385345459,0.9169303847426277,2.4013525587704403,30,20,27,ML_GGW_108_0030
GGW,108.0,1080.0,9.0,0.0,16.105262756347656,320.0,-0.6427876096865396,0.7660444431189778,-1.0,-1.8369701987210297e-16,-9.996877670288086,-7.147201061248779,219.59295654296875,3.9206392102641985e-05,48.534507751464844,-10.681720733642578,3.2424185276031494,242.43118286132812,0.0003596713941078633,46.689334869384766,-1.419273853302002,9.271261215209961,270.3910827636719,0.004690371919423342,71.84137725830078,-0.5185268521308899,5.421041965484619,284.2117919921875,0.008228899911046028,69.7396240234375,-0.18010413646697998,3.835430860519409,291.5983581542969,0.013358540832996368,85.20853424072266,7.746349001536146e-05,3.169857518514618e-05,14.730486869812012,-4.559300422668457,2.924590587615967,7.746349001536146e-05,7.485478272428736e-05,75.12345886230469,4.064880847930908,0.9290090922928719,2.571566717570909,30,21,27,ML_GGW_108_0030
GGW,108.0,1081.0,9.0,6.0,16.105262756347656,317.5,-0.6755902076156605,0.7372773368101239,-1.0,-1.8369701987210297e-16,-12.768292427062988,-8.5400390625,219.40040588378906,4.100105070392601e-05,51.91401290893555,-9.991767883300781,3.3255937099456787,241.96131896972656,0.0003397210384719074,48.30060577392578,-1.620588779449463,7.278233528137207,269.5616149902344,0.00499286875128746,81.3712158203125,-2.4632320404052734,2.3855178356170654,283.9893798828125,0.009008563123643398,77.54057312011719,-1.0843384265899658,0.5402843356132507,291.1286926269531,0.013926820829510689,91.5264892578125,7.361402822425589e-05,3.558320531737991e-05,14.79753589630127,-5.585643768310547,0.9979181289672852,7.361402822425589e-05,5.551352660404518e-05,75.2863540649414,3.7426955699920654,0.9133558521897783,2.355316090466293,30,22,27,ML_GGW_108_0030
GGW,108.0,1082.0,9.0,12.0,18.0,317.5,-0.6755902076156605,0.7372773368101239,-1.0,-1.8369701987210297e-16,-14.893933296203613,-3.9489219188690186,219.35354614257812,4.442093268153258e-05,57.587860107421875,-6.983927249908447,1.1003926992416382,241.9083251953125,0.0002894347417168319,39.932044982910156,-3.6358704566955566,4.0582966804504395,269.9602355957031,0.0042989905923604965,68.81166076660156,-6.185926914215088,3.1929585933685303,284.96337890625,0.010107629932463169,81.64471435546875,-6.130748271942139,2.179762125015259,291.4252624511719,0.013914814218878746,89.71122741699219,7.198401726782322e-05,1.8031025319942273e-05,10.693652153015137,-7.5660810470581055,1.316497564315796,7.198401726782322e-05,4.2766580008901656e-05,76.46110534667969,2.6128273010253906,0.9110191414484692,2.3261426343624176,30,23,27,ML_GGW_108_0030
GGW,108.0,1083.0,9.0,18.0,18.0,317.5,-0.6755902076156605,0.7372773368101239,-1.0,-1.8369701987210297e-16,-13.90760612487793,0.6425334811210632,218.8998260498047,5.8703033573692665e-05,81.11747741699219,-5.576963901519775,-0.7478048801422119,241.7849578857422,0.0003061415918637067,44.43490982055664,-2.5966408252716064,1.6809403896331787,270.11376953125,0.00328758149407804,52.08236312866211,-1.5347943305969238,6.161215305328369,284.86907958984375,0.010222770273685455,83.15087890625,0.044192809611558914,6.571910858154297,291.79571533203125,0.012901785783469677,81.24384307861328,6.899882282596081e-05,1.3128662430972327e-05,15.159492492675781,-4.714362144470215,2.8617589473724365,6.899882282596081e-05,2.8381273295963183e-05,81.73145294189453,3.23417592048645,0.8115562087921515,1.4601538773155607,30,24,27,ML_GGW_108_0030
GGW,108.0,1084.0,9.0,0.0,18.0,315.0,-0.7071067811865477,0.7071067811865474,-1.0,-1.8369701987210297e-16,-10.722793579101562,2.666930675506592,218.59017944335938,5.524123116629198e-05,79.82379150390625,-3.6797666549682617,0.1715157926082611,241.6246795654297,0.0002298673352925107,35.364463806152344,-2.8943874835968018,2.2473437786102295,269.3448791503906,0.0052003925666213036,88.10928344726562,-2.8975675106048584,3.7239112854003906,284.3208923339844,0.01059694867581129,89.36450958251953,-2.1800131797790527,2.1681385040283203,291.37908935546875,0.013723514974117279,88.74739837646484,6.813371874159202e-05,1.2000407878076658e-05,8.557329177856445,-4.474905967712402,2.195568084716797,6.813371874159202e-05,2.557178413553629e-05,82.4389419555664,5.209619045257568,0.771968084814543,1.2194576102145183,30,25,27,ML_GGW_108_0030
GGW,108.0,1087.0,9.0,18.0,19.894737243652344,312.5,-0.7372773368101242,0.6755902076156601,-1.0,-1.8369701987210297e-16,2.9756908416748047,1.9439151287078857,222.2279815673828,0.00011105127487098798,99.8697509765625,0.310569703578949,4.075158596038818,244.4706573486328,0.0009490546071901917,100.15785217285156,-3.7903406620025635,3.8059699535369873,269.9408874511719,0.005642283242195845,92.86444091796875,-4.721673488616943,1.3461252450942993,283.7560119628906,0.011016679927706718,96.43923950195312,-3.425687313079834,0.8427324891090393,291.0905456542969,0.013816017657518387,91.00840759277344,6.296914216363803e-05,3.153837315039709e-05,6.495401859283447,-1.7302882671356201,2.402780294418335,6.296914216363803e-05,3.6050445487489924e-05,84.76371002197266,6.210093021392822,0.6098556474285636,0.44670548016385925,30,26,27,ML_GGW_108_0030
GGW,108.0,1088.0,9.0,0.0,19.894737243652344,312.5,-0.7372773368101242,0.6755902076156601,-1.0,-1.8369701987210297e-16,3.390409469604492,0.6686077117919922,221.36253356933594,0.00010075567843159661,100.22694396972656,0.6233372688293457,5.667256832122803,243.68414306640625,0.0009272501338273287,105.57418060302734,-2.839080810546875,5.120384693145752,269.359619140625,0.005595587659627199,96.51605987548828,-2.952059745788574,4.214085578918457,284.12469482421875,0.01140769012272358,97.38468170166016,-1.5990620851516724,3.7623608112335205,290.94158935546875,0.013520278036594391,89.93428802490234,6.416883115889505e-05,3.474598270258866e-05,5.870786666870117,-0.6752911806106567,3.8865389823913574,6.416883115889505e-05,4.535243715508841e-05,88.16681671142578,5.628419876098633,0.5889078130227732,0.35945216844976535,30,27,27,ML_GGW_108_0030
GGW,108.0,1073.0,9.0,6.0,14.210526466369629,300.0,-0.8660254037844386,0.5000000000000001,-1.0,-1.8369701987210297e-16,1.0177922248840332,-2.830988645553589,217.8446807861328,5.595010952674784e-05,86.49124145507812,-3.988022804260254,9.0044584274292,240.6217041015625,0.0005674182320944965,87.98665618896484,-9.824602127075195,9.419145584106445,269.269287109375,0.004866574890911579,81.27194213867188,-10.674161911010742,1.5190565586090088,282.9458312988281,0.008487125858664513,78.37350463867188,-7.7483439445495605,0.25345343351364136,290.2789001464844,0.012625756673514843,87.49186706542969,4.5032786147203296e-05,4.175301728537306e-05,9.292950630187988,-6.243467807769775,3.47302508354187,4.5032786147203296e-05,8.127827459247783e-05,74.00370788574219,1.6381851434707642,0.7460686972960577,1.077753914850546,31,1,12,ML_GGW_108_0031
GGW,108.0,1074.0,9.0,12.0,14.210526466369629,297.5,-0.8870108331782216,0.4617486132350341,-1.0,-1.8369701987210297e-16,0.6920768022537231,-1.2577604055404663,218.07571411132812,6.810089689679444e-05,101.2134780883789,-3.4083516597747803,9.445792198181152,241.5515899658203,0.0008088785689324141,112.49658966064453,-11.357361793518066,8.59646987915039,269.7494812011719,0.005799697246402502,95.80886840820312,-9.613831520080566,1.805015206336975,281.5751953125,0.008558569476008415,86.83187866210938,-6.7753825187683105,1.7056149244308472,289.9380187988281,0.012145486660301685,86.11073303222656,4.7476110921707004e-05,5.636110290652141e-05,8.033961296081543,-6.0925703048706055,4.05902624130249,4.7476110921707004e-05,8.416001946898177e-05,77.02753448486328,3.8400609493255615,0.608960226764511,0.4429436798457467,31,2,12,ML_GGW_108_0031
GGW,108.0,1075.0,9.0,18.0,14.210526466369629,295.0,-0.9063077870366498,0.4226182617406996,-1.0,-1.8369701987210297e-16,-0.4401980936527252,-2.448632001876831,219.5277099609375,8.115441596601158e-05,100.17759704589844,-5.388783931732178,10.448457717895508,242.63436889648438,0.0009418817353434861,118.35989379882812,-10.988945007324219,7.543560028076172,269.9729309082031,0.006033285986632109,99.2310791015625,-7.089148998260498,-0.5085386037826538,280.8276672363281,0.008436712436378002,90.13086700439453,-3.9336321353912354,-0.22526827454566956,289.9455261230469,0.012121823616325855,85.95354461669922,4.58471586171072e-05,7.80852569732815e-05,4.140944957733154,-5.568141460418701,2.9619157314300537,4.58471586171072e-05,8.25362658360973e-05,75.64363861083984,4.140944957733154,0.6686778242672001,0.702211123485581,31,3,12,ML_GGW_108_0031
GGW,108.0,1076.0,9.0,0.0,14.210526466369629,295.0,-0.9063077870366498,0.4226182617406996,-1.0,-1.8369701987210297e-16,-2.855543851852417,-5.75543212890625,219.1413116455078,7.698185800109059e-05,100.63550567626953,-5.509052753448486,11.631477355957031,240.5608673095703,0.0004848991520702839,85.7518310546875,-3.4808568954467773,14.544898986816406,269.7376708984375,0.004155690781772137,66.1955337524414,-5.3873701095581055,3.408946990966797,282.2831726074219,0.007893053814768791,76.23688507080078,-2.26947283744812,1.9580656290054321,290.17889404296875,0.011259551160037518,78.63396453857422,4.623250424629077e-05,5.295122537063435e-05,7.7357306480407715,-3.900458812713623,5.157591342926025,4.623250424629077e-05,8.922662527766079e-05,73.6723403930664,1.383476734161377,0.6790885377020255,0.7495862466185892,31,4,12,ML_GGW_108_0031
GGW,108.0,1077.0,9.0,6.0,14.210526466369629,292.5,-0.9238795325112866,0.38268343236509,-1.0,-1.8369701987210297e-16,-5.988537311553955,-3.260409355163574,217.84864807128906,6.441743607865646e-05,99.92648315429688,-2.419325351715088,11.649552345275879,240.4818572998047,0.0004631891497410834,79.40538024902344,-1.3969594240188599,9.243236541748047,269.7826843261719,0.005318852141499519,86.60193634033203,-4.502988815307617,1.2257777452468872,281.3202819824219,0.008312038145959377,85.76795196533203,-2.6735851764678955,0.7974048256874084,289.86883544921875,0.011648446321487427,83.01065063476562,4.5649918320123106e-05,6.929397204658017e-05,5.239729404449463,-3.3962790966033936,3.931112766265869,4.5649918320123106e-05,7.300296419998631e-05,75.16337585449219,4.038066864013672,0.7279358541553979,0.9841750630872164,31,5,12,ML_GGW_108_0031
GGW,108.0,1078.0,9.0,12.0,16.105262756347656,292.5,-0.9238795325112866,0.38268343236509,-1.0,-1.8369701987210297e-16,-4.183542728424072,-0.9881691932678223,220.44424438476562,8.885192801244557e-05,99.90940856933594,-4.370537281036377,10.324692726135254,240.7224578857422,0.0003682616807054728,64.96057891845703,-5.046740531921387,10.37451457977295,269.6715393066406,0.004542811773717403,72.92181396484375,-9.200215339660645,4.812016487121582,282.716552734375,0.008439337834715843,79.26106262207031,-6.350867748260498,4.486141204833984,290.2064514160156,0.011992138810455799,83.52711486816406,4.9814669182524085e-05,4.8194902774412185e-05,5.887730598449707,-5.830380916595459,5.8018388748168945,4.9814669182524085e-05,6.470482185250148e-05,78.41761779785156,3.042426586151123,0.8153363626070379,1.4850647490173774,31,6,12,ML_GGW_108_0031
GGW,108.0,1079.0,9.0,18.0,16.105262756347656,290.0,-0.9396926207859083,0.342020143325669,-1.0,-1.8369701987210297e-16,-5.388006210327148,1.8429220914840698,220.1718292236328,8.938377141021192e-05,101.63136291503906,-3.175679922103882,9.381141662597656,242.0384521484375,0.0007363785989582539,101.94386291503906,-5.45579719543457,5.696003437042236,269.88787841796875,0.005867482163012028,97.6105728149414,-6.242926597595215,0.8359156847000122,282.6764831542969,0.008803287521004677,82.9271469116211,-4.314528942108154,0.11098366975784302,290.3802490234375,0.012299484573304653,84.81827545166016,4.6585493691964075e-05,5.697569213225506e-05,2.0376367568969727,-4.9153876304626465,3.5733933448791504,4.6585493691964075e-05,5.697569213225506e-05,74.50663757324219,2.0376367568969727,0.6651798585433236,0.6864639715886973,31,7,12,ML_GGW_108_0031
GGW,108.0,1080.0,9.0,0.0,16.105262756347656,290.0,-0.9396926207859083,0.342020143325669,-1.0,-1.8369701987210297e-16,-9.325130462646484,4.460091590881348,219.45526123046875,7.658916001673788e-05,98.63346862792969,-7.122483253479004,9.750967979431152,241.6035919189453,0.0002537361579015851,38.776432037353516,-1.25543212890625,7.706418991088867,270.1026611328125,0.005274877417832613,84.6244888305664,-4.824499607086182,2.958810329437256,283.24481201171875,0.008878679946064949,80.46714782714844,-3.806983232498169,2.3065714836120605,290.506103515625,0.011471717618405819,78.42093658447266,4.4118074583821e-05,4.390909816720523e-05,5.923478603363037,-5.266905784606934,5.436572074890137,4.4118074583821e-05,4.99495945405215e-05,74.81753540039062,5.64219856262207,0.7630894885063774,1.169692828278348,31,8,12,ML_GGW_108_0031
GGW,108.0,1081.0,9.0,6.0,16.105262756347656,287.5,-0.9537169507482268,0.30070579950427345,-1.0,-1.8369701987210297e-16,-10.226020812988281,5.022575378417969,219.28179931640625,6.563977512996644e-05,87.3680648803711,-4.548072814941406,6.412055969238281,241.96505737304688,0.0002835391787812114,39.0013427734375,-3.4539361000061035,0.2954929769039154,269.92333984375,0.005998276639729738,98.1260986328125,-5.22675085067749,0.21902453899383545,283.0173034667969,0.009013993665575981,82.84805297851562,-4.066000461578369,0.6206564903259277,290.353515625,0.01229558140039444,84.89395141601562,4.145615821471438e-05,4.119802906643599e-05,7.571178436279297,-5.504156112670898,2.51396107673645,4.145615821471438e-05,4.119802906643599e-05,75.16976165771484,5.46481466293335,0.7433806801568996,1.0636145280164224,31,9,12,ML_GGW_108_0031
GGW,108.0,1082.0,9.0,12.0,16.105262756347656,287.5,-0.9537169507482268,0.30070579950427345,-1.0,-1.8369701987210297e-16,-9.869810104370117,5.351238250732422,219.53955078125,5.454966958495788e-05,70.6136703491211,-4.780136585235596,3.964000940322876,242.14129638671875,0.00012246548430994153,17.722463607788086,-3.3061821460723877,2.52925443649292,269.5115966796875,0.005552149377763271,92.45814514160156,-2.9163496494293213,3.7846922874450684,283.2203369140625,0.00911907758563757,82.72264099121094,-1.9192471504211426,4.432350158691406,290.2481994628906,0.011725100688636303,81.50196838378906,4.049291601404548e-05,2.7008132747141644e-05,8.003487586975098,-4.558344841003418,4.012307167053223,4.049291601404548e-05,2.7008132747141644e-05,76.47259521484375,2.510181427001953,0.7136421712578427,0.9131394977805725,31,10,12,ML_GGW_108_0031
GGW,108.0,1083.0,9.0,18.0,16.105262756347656,285.0,-0.9659258262890684,0.2588190451025203,-1.0,-1.8369701987210297e-16,-9.25241470336914,6.761122703552246,219.76075744628906,4.336671918281354e-05,53.76620864868164,-4.104605674743652,0.5746957659721375,242.7305908203125,0.00017191596271004528,21.291156768798828,-4.75609016418457,-1.4716389179229736,269.99212646484375,0.0059215654619038105,96.3208999633789,-1.8389450311660767,-1.1422755718231201,283.3070068359375,0.009284065105021,83.71604919433594,-1.053603172302246,-0.4720972180366516,290.7393493652344,0.01275129895657301,85.85928344726562,3.8919522921787575e-05,1.9309418348711915e-05,10.93343448638916,-4.201131343841553,0.8499612808227539,3.8919522921787575e-05,1.9818970031337813e-05,75.2206802368164,2.435006856918335,0.6314630960459838,0.5384986484872853,31,11,12,ML_GGW_108_0031
GGW,108.0,1084.0,9.0,0.0,16.105262756347656,285.0,-0.9659258262890684,0.2588190451025203,-1.0,-1.8369701987210297e-16,-5.467518329620361,4.910736560821533,220.09878540039062,6.720909004798159e-05,81.23270416259766,-4.436063766479492,-1.3355400562286377,242.7770538330078,0.00013273370859678835,17.409717559814453,-5.171361923217773,0.9630379676818848,268.896484375,0.005514291115105152,97.76875305175781,-2.241943359375,-0.09129411727190018,283.4231262207031,0.009701669216156006,86.8394546508789,-1.078118085861206,1.026402473449707,290.76025390625,0.01240811962634325,83.45681762695312,3.953951454604976e-05,1.4276340152719058e-05,5.86130428314209,-3.6790008544921875,1.0946686267852783,3.953951454604976e-05,2.171698542952072e-05,78.71308898925781,3.375441312789917,0.5613404513350897,0.2466039899417296,31,12,12,ML_GGW_108_0031
