experiment,year,time_index,month,hour,lat,lon,lon_sin,lon_cos,month_sin,month_cos,u_200,v_200,t_200,q_200,rh_200,u_300,v_300,t_300,q_300,rh_300,u_500,v_500,t_500,q_500,rh_500,u_700,v_700,t_700,q_700,rh_700,u_850,v_850,t_850,q_850,rh_850,zeta_850,zeta_500,wshear_850_200,steer_u_850_200,steer_v_850_200,zeta850_max_r500,zeta500_max_r500,rh700_mean_r500,shear_min_r500,prob_tc,decision_score,track_id,life_step,lifetime_steps,global_track_id
CTL,35.0,736.0,7.0,0.0,36.94736862182617,285.0,-0.9659258262890684,0.2588190451025203,-0.4999999999999997,-0.8660254037844388,20.543607711791992,9.662919998168945,215.31716918945312,3.744497735169716e-05,82.69622039794922,15.1085844039917,6.1514363288879395,238.3422393798828,0.0002757534384727478,51.562034606933594,2.5844228267669678,-0.8809599876403809,265.08575439453125,0.00373174250125885,87.28073120117188,1.4010381698608398,2.892488718032837,278.1148376464844,0.006314384751021862,81.3584213256836,0.9345415830612183,4.725065231323242,288.5989990234375,0.010418351739645004,80.50560760498047,4.746025297208689e-05,9.887834494293202e-06,20.221223831176758,8.114439010620117,4.510190010070801,4.746025297208689e-05,4.461173011804931e-05,58.78586959838867,2.8983752727508545,0.5618711181408026,0.2487593785293527,1,1,15,ML_CTL_35_0001
CTL,35.0,737.0,7.0,6.0,36.94736862182617,285.0,-0.9659258262890684,0.2588190451025203,-0.4999999999999997,-0.8660254037844388,16.99424934387207,7.0378851890563965,215.34542846679688,3.526877480908297e-05,77.38571166992188,13.035680770874023,6.675571441650391,238.33250427246094,0.0003611200663726777,65.32437896728516,3.5066208839416504,0.45576757192611694,264.7168273925781,0.0029945503920316696,72.1417236328125,2.727562189102173,2.819199562072754,278.278564453125,0.006390391383320093,81.407958984375,2.1007182598114014,4.277487754821777,288.4604187011719,0.010324984788894653,80.51152801513672,4.5681481424253434e-05,9.790644980967045e-06,15.14717960357666,7.672966957092285,4.253182411193848,4.5681481424253434e-05,3.6340075894258916e-05,57.3332405090332,1.6935226917266846,0.5761068053192944,0.30681154524615417,1,2,15,ML_CTL_35_0001
CTL,35.0,746.0,7.0,12.0,35.05263137817383,280.0,-0.9848077530122081,0.17364817766692997,-0.4999999999999997,-0.8660254037844388,11.453170776367188,0.6350252032279968,217.26205444335938,5.6820190366124734e-05,96.95597839355469,2.72036075592041,-5.53729248046875,240.07972717285156,0.00025814876426011324,44.366119384765625,-3.623553991317749,-6.219419002532959,267.65252685546875,0.004591220058500767,89.0899887084961,2.5594282150268555,-5.327404975891113,280.74676513671875,0.0063956803642213345,68.37169647216797,2.4732108116149902,-3.105360984802246,290.5586853027344,0.012272651307284832,83.58123779296875,3.764790017157793e-05,1.6439606042695232e-05,9.727803230285645,3.116523265838623,-3.910891056060791,3.764790017157793e-05,5.404023249866441e-05,73.07408142089844,4.143824577331543,0.6303927576640018,0.5339021153600436,1,3,15,ML_CTL_35_0001
CTL,35.0,748.0,7.0,0.0,35.05263137817383,282.5,-0.9762960071199335,0.21643961393810246,-0.4999999999999997,-0.8660254037844388,5.817160129547119,-12.312108993530273,219.6622314453125,8.158062701113522e-05,101.39693450927734,3.3524484634399414,-5.5750603675842285,239.7672119140625,0.0003538214659783989,62.27470016479492,-0.4642467796802521,-2.756687879562378,267.8501281738281,0.005034978501498699,98.13314056396484,0.9951314330101013,-2.0933680534362793,279.9917297363281,0.0069593461230397224,78.6246109008789,4.786802291870117,1.612257957458496,290.20660400390625,0.011399551294744015,79.37894439697266,3.923735494026914e-05,2.5539151465636678e-05,13.96243667602539,2.8974592685699463,-4.2249932289123535,3.923735494026914e-05,5.443666304927319e-05,70.9728775024414,1.562150478363037,0.567916514672951,0.2733556040637479,1,4,15,ML_CTL_35_0001
CTL,35.0,750.0,7.0,12.0,35.05263137817383,282.5,-0.9762960071199335,0.21643961393810246,-0.4999999999999997,-0.8660254037844388,4.939544677734375,-2.550199270248413,219.2212677001953,7.716040272498503e-05,99.81573486328125,3.162205457687378,-2.209815740585327,240.3762664794922,0.0005253905546851456,87.74541473388672,-1.2144323587417603,-5.107045650482178,267.4450988769531,0.004403998609632254,86.79756927490234,0.40158337354660034,-6.3730268478393555,280.9691162109375,0.007206579204648733,76.13577270507812,2.956394910812378,-1.9293488264083862,290.89459228515625,0.011741220019757748,78.26294708251953,3.871598528348841e-05,1.8727549104369245e-05,2.078061103820801,2.0490593910217285,-3.6338870525360107,3.871598528348841e-05,5.691159822163172e-05,70.63451385498047,2.004897356033325,0.5611259277623665,0.2457328299671564,1,5,15,ML_CTL_35_0001
CTL,35.0,752.0,7.0,0.0,35.05263137817383,285.0,-0.9659258262890684,0.2588190451025203,-0.4999999999999997,-0.8660254037844388,7.257282733917236,-6.087425708770752,218.933837890625,7.413065031869337e-05,100.2544174194336,2.4611458778381348,-1.2585288286209106,239.31796264648438,0.0005811939481645823,101.45682525634766,-0.3088650703430176,-0.03318764641880989,267.5766296386719,0.004965800326317549,98.72831726074219,2.8367385864257812,0.5203961133956909,279.9212341308594,0.007848556153476238,89.17877197265625,5.187994480133057,2.847532272338867,290.03570556640625,0.010784042067825794,76.08981323242188,4.143922706134617e-05,3.592343637137674e-05,9.171445846557617,3.486859083175659,-0.8022427558898926,4.143922706134617e-05,6.335913349175826e-05,68.62179565429688,1.9073549509048462,0.5562939495066039,0.22613454596516225,1,6,15,ML_CTL_35_0001
CTL,35.0,753.0,7.0,6.0,33.157894134521484,282.5,-0.9762960071199335,0.21643961393810246,-0.4999999999999997,-0.8660254037844388,1.227658987045288,-4.055792808532715,217.49713134765625,6.066434070817195e-05,97.76683044433594,-0.8153271675109863,-1.311660647392273,241.6431121826172,0.0007695773965679109,103.96746826171875,1.425739049911499,-3.5578479766845703,268.30975341796875,0.005227186251431704,99.04334259033203,4.454925060272217,-1.686647653579712,278.6925964355469,0.007380608469247818,91.32064819335938,5.471734523773193,-0.30441954731941223,291.17376708984375,0.013277196325361729,87.02008819580078,4.537810309557244e-05,5.3437703172676265e-05,5.664360523223877,2.3529460430145264,-2.1832737922668457,4.537810309557244e-05,5.3437703172676265e-05,70.80419921875,1.7224491834640503,0.6580575782766472,0.6546500671218582,1,7,15,ML_CTL_35_0001
CTL,35.0,754.0,7.0,12.0,35.05263137817383,285.0,-0.9659258262890684,0.2588190451025203,-0.4999999999999997,-0.8660254037844388,6.201412677764893,-1.2023566961288452,216.93283081054688,5.202131069381721e-05,90.24015045166016,3.626246929168701,1.5465432405471802,240.3778839111328,0.0006629162235185504,102.17433166503906,-1.6353551149368286,-2.0934736728668213,268.8314208984375,0.005525025073438883,99.354736328125,2.5306544303894043,-0.8343489766120911,279.6604309082031,0.007066071033477783,81.73649597167969,4.1500563621521,2.3056821823120117,290.0409851074219,0.012347533367574215,86.97525024414062,4.9674130423227325e-05,3.6484045267570764e-05,4.063791275024414,2.9746031761169434,-0.05559077113866806,4.9674130423227325e-05,5.2047453209524974e-05,69.23644256591797,1.2963191270828247,0.6787848939367972,0.7481932679903103,1,8,15,ML_CTL_35_0001
CTL,35.0,755.0,7.0,18.0,35.05263137817383,285.0,-0.9659258262890684,0.2588190451025203,-0.4999999999999997,-0.8660254037844388,10.804487228393555,0.5769703388214111,217.71815490722656,6.420166027965024e-05,99.83649444580078,1.9547284841537476,-0.005572724621742964,242.49143981933594,0.0008748885593377054,107.97513580322266,-2.8604397773742676,-2.240722417831421,269.0796813964844,0.005700043868273497,101.02445220947266,2.0678765773773193,-0.7056573629379272,278.7373046875,0.006549859885126352,80.78697967529297,4.248560428619385,2.04862904548645,290.6480407714844,0.012585464864969254,85.2346420288086,5.281623816699721e-05,4.5559390855487436e-05,6.71907377243042,3.243042469024658,-0.06527066230773926,5.281623816699721e-05,6.529696838697419e-05,72.11693572998047,2.310891628265381,0.6333233298902256,0.5465006295877424,1,9,15,ML_CTL_35_0001
CTL,35.0,756.0,7.0,0.0,35.05263137817383,285.0,-0.9659258262890684,0.2588190451025203,-0.4999999999999997,-0.8660254037844388,9.461146354675293,-2.141709804534912,218.1884307861328,6.801773997722194e-05,100.02452850341797,-1.0707297325134277,-0.8951767086982727,242.3614501953125,0.0008846019045449793,110.53316497802734,-2.2814180850982666,-1.195148229598999,268.94952392578125,0.005641565658152103,101.28433227539062,2.0101559162139893,-0.21642255783081055,277.9945983886719,0.0063262819312512875,82.21234893798828,4.083554744720459,1.9315603971481323,291.0610656738281,0.012413793243467808,81.85960388183594,5.066456287750043e-05,4.9178535846294835e-05,6.746111869812012,2.4405417442321777,-0.5033793449401855,5.066456287750043e-05,6.307559669949114e-05,72.881103515625,2.68119740486145,0.6204524612126959,0.4914691321443556,1,10,15,ML_CTL_35_0001
CTL,35.0,757.0,7.0,6.0,35.05263137817383,285.0,-0.9659258262890684,0.2588190451025203,-0.4999999999999997,-0.8660254037844388,4.701792240142822,-2.6385345458984375,217.64398193359375,6.342272536130622e-05,100.04351806640625,-0.5630382895469666,1.0489587783813477,242.5840301513672,0.0009082917822524905,110.1876220703125,-0.9351590275764465,-2.1817028522491455,268.7193603515625,0.005544532556086779,101.54510498046875,2.612457275390625,-0.4067595601081848,277.5540466308594,0.006338287610560656,84.93628692626953,3.98689603805542,2.193267345428467,291.0433654785156,0.012227188795804977,80.71122741699219,4.8496007366338745e-05,4.503509262576699e-05,4.884402275085449,1.9605896472930908,-0.39695414900779724,4.8496007366338745e-05,5.400480949901976e-05,73.7265396118164,3.4925456047058105,0.6011749612559659,0.4103631877348448,1,11,15,ML_CTL_35_0001
CTL,35.0,758.0,7.0,12.0,35.05263137817383,285.0,-0.9659258262890684,0.2588190451025203,-0.4999999999999997,-0.8660254037844388,4.299434185028076,0.18770955502986908,218.07723999023438,6.743132689734921e-05,100.05963134765625,0.9363428354263306,1.1760963201522827,243.23147583007812,0.001003620564006269,114.26656341552734,-1.9402812719345093,-3.042390823364258,268.0042419433594,0.005262680817395449,102.03057861328125,2.196713924407959,-0.8257240056991577,277.43402099609375,0.006684314459562302,90.31900024414062,3.8242921829223633,2.7192862033843994,291.0018005371094,0.01203958224505186,79.70343017578125,4.711607107310556e-05,4.501951116253622e-05,2.575779438018799,1.8633003234863281,0.042995452880859375,4.711607107310556e-05,5.5870506912469864e-05,71.98843383789062,2.575779438018799,0.5860784557777389,0.3477772150380303,1,12,15,ML_CTL_35_0001
CTL,35.0,759.0,7.0,18.0,35.05263137817383,285.0,-0.9659258262890684,0.2588190451025203,-0.4999999999999997,-0.8660254037844388,6.119434356689453,0.6926403045654297,218.59803771972656,7.181619730545208e-05,99.93921661376953,0.7839951515197754,-0.4462989866733551,243.30679321289062,0.001036536879837513,119.0510025024414,-2.1695101261138916,-2.3078696727752686,267.9287414550781,0.005242011975497007,102.16504669189453,1.5272512435913086,-0.2843541204929352,277.58233642578125,0.006951266434043646,92.94145202636719,4.068004608154297,3.8486766815185547,291.0578308105469,0.011647495441138744,76.88287353515625,4.404819628689438e-05,4.9114925786852837e-05,3.7641639709472656,2.0658349990844727,0.30055880546569824,4.404819628689438e-05,6.140622281236574e-05,67.07263946533203,1.0373165607452393,0.5526198731322466,0.21126174589433178,1,13,15,ML_CTL_35_0001
CTL,35.0,761.0,7.0,6.0,33.157894134521484,282.5,-0.9762960071199335,0.21643961393810246,-0.4999999999999997,-0.8660254037844388,0.08502203226089478,-4.598587512969971,217.6130828857422,3.1238992960425094e-05,49.72041702270508,1.164874792098999,-4.017000198364258,239.7100372314453,0.00034681311808526516,58.96520233154297,0.2766628563404083,-4.627651214599609,267.3432922363281,0.004848326090723276,98.7138442993164,1.0078023672103882,-1.3910877704620361,280.77044677734375,0.007205337285995483,77.19146728515625,3.0492148399353027,2.5136685371398926,290.84075927734375,0.011688892729580402,78.18355560302734,3.6507284676190466e-05,1.7262816982110962e-05,7.705233573913574,1.1167153120040894,-2.424131393432617,3.6507284676190466e-05,4.2298044718336314e-05,65.49571228027344,1.6596640348434448,0.7927337238136226,1.3414830569062772,1,14,15,ML_CTL_35_0001
CTL,35.0,762.0,7.0,12.0,33.157894134521484,282.5,-0.9762960071199335,0.21643961393810246,-0.4999999999999997,-0.8660254037844388,-3.513784408569336,-3.582404851913452,217.74557495117188,2.297293394804001e-05,32.898014068603516,-0.45166149735450745,-1.9300230741500854,239.19158935546875,0.0005988931516185403,104.18003845214844,1.117569923400879,-3.567998170852661,267.6145935058594,0.004998727235943079,99.40011596679688,0.8580113649368286,-1.2491201162338257,280.5179138183594,0.007323288358747959,79.7883071899414,2.5074586868286133,3.3713231086730957,290.6609802246094,0.011398132890462875,77.12503051757812,3.5868451959686354e-05,1.4971819837228395e-05,9.198352813720703,0.10351879894733429,-1.3916445970535278,3.5868451959686354e-05,4.181852636975236e-05,67.40130615234375,0.9670085310935974,0.6640218310549332,0.6812688425561744,1,15,15,ML_CTL_35_0001
CTL,35.0,795.0,7.0,18.0,16.105262756347656,330.0,-0.5000000000000004,0.8660254037844384,-0.4999999999999997,-0.8660254037844388,-11.98215389251709,8.416338920593262,219.07275390625,3.0953975510783494e-05,40.18335723876953,-12.561406135559082,0.8889063596725464,242.78768920898438,0.00021981286408845335,28.64093017578125,-14.250365257263184,-6.06583309173584,269.03863525390625,0.003929155878722668,66.61917114257812,-12.951398849487305,-5.1493730545043945,282.6058654785156,0.00815550610423088,77.14657592773438,-7.6312713623046875,-1.7724014520645142,292.87774658203125,0.006970682647079229,41.877864837646484,4.264486051397398e-05,1.7541935449116863e-05,11.078836441040039,-11.87531852722168,-0.7364724278450012,5.519887417904101e-05,7.456479215761647e-05,65.34191131591797,7.514703750610352,0.5903658619238689,0.36547803450510985,2,1,38,ML_CTL_35_0002
CTL,35.0,796.0,7.0,0.0,16.105262756347656,327.5,-0.5372996083468242,0.8433914458128855,-0.4999999999999997,-0.8660254037844388,-10.120180130004883,8.65355110168457,218.84725952148438,3.857277624774724e-05,52.277549743652344,-12.563971519470215,-0.3695923388004303,242.35501098632812,0.0002133181260433048,30.63719367980957,-14.832701683044434,-7.034581184387207,268.5233154296875,0.003654665546491742,63.866172790527344,-11.625200271606445,-6.0631327629089355,282.7075500488281,0.008066792041063309,75.75883483886719,-7.928812026977539,-3.347075939178467,293.0306396484375,0.007163059897720814,43.279605865478516,4.2488081817282364e-05,1.8990414901054464e-05,12.199063301086426,-11.414172172546387,-1.6321662664413452,4.644234650186263e-05,8.029456512304023e-05,65.67811584472656,9.405855178833008,0.5602207238825442,0.24205790000416472,2,2,38,ML_CTL_35_0002
CTL,35.0,798.0,7.0,12.0,14.210526466369629,330.0,-0.5000000000000004,0.8660254037844384,-0.4999999999999997,-0.8660254037844388,-12.68400764465332,5.2995405197143555,218.29164123535156,5.845213672728278e-05,84.09398651123047,-11.752607345581055,7.268210411071777,243.4823760986328,0.000980105483904481,108.29105377197266,-10.806072235107422,4.269612789154053,269.0295715332031,0.005696114152669907,101.68467712402344,-6.0640339851379395,2.371291160583496,280.8490905761719,0.00871360395103693,92.86002349853516,-2.034886121749878,2.790919065475464,287.76531982421875,0.011193749494850636,91.22969818115234,4.7459699999308214e-05,7.177045335993171e-05,10.940610885620117,-8.66832160949707,4.399914741516113,4.7459699999308214e-05,7.177045335993171e-05,81.1960678100586,0.6550681591033936,0.7237981978305386,0.9633808554291581,2,3,38,ML_CTL_35_0002
CTL,35.0,799.0,7.0,18.0,14.210526466369629,327.5,-0.5372996083468242,0.8433914458128855,-0.4999999999999997,-0.8660254037844388,-13.393937110900879,5.0895676612854,218.1807861328125,5.257172597339377e-05,77.18573760986328,-10.573640823364258,3.021216630935669,243.4576873779297,0.0009594752918928862,105.09435272216797,-7.815229892730713,0.9017336964607239,268.8670654296875,0.0056275613605976105,101.77180480957031,-4.002222061157227,0.010005669668316841,281.1256103515625,0.009143585339188576,95.63255310058594,-0.8241987824440002,0.7831307053565979,288.0609436035156,0.01107995305210352,88.48790740966797,4.848076423513703e-05,6.843177106929943e-05,13.286975860595703,-7.321846008300781,1.9611308574676514,4.848076423513703e-05,6.843177106929943e-05,81.41645050048828,0.9101388454437256,0.7730831080172466,1.2258027205823363,2,4,38,ML_CTL_35_0002
CTL,35.0,800.0,7.0,0.0,14.210526466369629,327.5,-0.5372996083468242,0.8433914458128855,-0.4999999999999997,-0.8660254037844388,-12.17188835144043,6.374387264251709,217.8841094970703,6.550634134327993e-05,99.63227844238281,-10.637784004211426,4.359508514404297,242.8429412841797,0.0009820543928071856,117.99156951904297,-6.280047416687012,3.0777204036712646,268.70989990234375,0.005569441709667444,101.90597534179688,-4.294388771057129,2.1021463871002197,280.8778381347656,0.00883821677416563,93.9911880493164,-1.820376992225647,2.0055816173553467,288.09112548828125,0.011020731180906296,87.92659759521484,5.024527126806788e-05,7.067040860420093e-05,11.235668182373047,-7.040897369384766,3.5838687419891357,5.024527126806788e-05,7.067040860420093e-05,82.15393829345703,1.4587321281433105,0.5772882675380191,0.3116512756812253,2,5,38,ML_CTL_35_0002
CTL,35.0,801.0,7.0,6.0,14.210526466369629,325.0,-0.5735764363510465,0.8191520442889916,-0.4999999999999997,-0.8660254037844388,-10.012467384338379,5.302670955657959,217.77146911621094,5.205819252296351e-05,80.39537048339844,-10.02357292175293,2.8499410152435303,242.40272521972656,0.0008572051301598549,106.87750244140625,-4.757485389709473,0.1874992847442627,268.5905456542969,0.005502261221408844,101.45044708251953,-3.7485809326171875,0.716261088848114,281.3719787597656,0.009249645285308361,95.13409423828125,-2.294828176498413,0.9289443492889404,288.4288024902344,0.01155348215252161,90.1434555053711,5.289125692797825e-05,5.949580008746125e-05,8.870819091796875,-6.167387008666992,1.9970632791519165,5.289125692797825e-05,6.922327156644315e-05,83.56936645507812,2.8595755100250244,0.7523445669068277,1.1111560222928532,2,6,38,ML_CTL_35_0002
CTL,35.0,802.0,7.0,12.0,14.210526466369629,325.0,-0.5735764363510465,0.8191520442889916,-0.4999999999999997,-0.8660254037844388,-10.70980167388916,4.440486431121826,217.6072998046875,5.42851303180214e-05,86.13374328613281,-8.885963439941406,4.064220905303955,242.437255859375,0.0008915066136978567,109.83121490478516,-2.515049934387207,1.7110766172409058,268.6401672363281,0.005547742825001478,101.94276428222656,-3.226151704788208,3.117133855819702,281.6827697753906,0.008867410942912102,89.24749755859375,-1.2997936010360718,3.059480905532837,288.6221618652344,0.011513016186654568,88.76114654541016,5.2808700274908915e-05,6.464396574301645e-05,9.5108060836792,-5.3273515701293945,3.278479814529419,5.2808700274908915e-05,6.638737977482378e-05,80.8619155883789,3.130460023880005,0.6999808224259315,0.8472065402737647,2,7,38,ML_CTL_35_0002
CTL,35.0,803.0,7.0,18.0,14.210526466369629,322.5,-0.608761429008721,0.7933533402912349,-0.4999999999999997,-0.8660254037844388,-10.256217956542969,4.5329108238220215,217.81951904296875,5.160514410817996e-05,80.30892181396484,-6.583081245422363,1.9141733646392822,242.23216247558594,0.0007484029047191143,94.12101745605469,-0.6114518642425537,-0.5643137097358704,268.9288330078125,0.005647751968353987,100.99047088623047,-1.9758257865905762,0.9494741559028625,281.5390625,0.009418142959475517,95.73367309570312,-0.6166191697120667,1.3484177589416504,288.5604248046875,0.012026434764266014,93.14117431640625,5.417225111159496e-05,4.736534538096748e-05,10.15198802947998,-4.008639335632324,1.6361324787139893,5.417225111159496e-05,6.998730532359332e-05,82.86836242675781,4.976334571838379,0.7628385774441004,1.1683054288017596,2,8,38,ML_CTL_35_0002
CTL,35.0,804.0,7.0,0.0,14.210526466369629,320.0,-0.6427876096865396,0.7660444431189778,-0.4999999999999997,-0.8660254037844388,-8.550678253173828,6.532460689544678,217.58590698242188,5.774705277872272e-05,92.30961608886719,-4.623216152191162,1.2253695726394653,241.2183837890625,0.0007507032132707536,105.76195526123047,-1.2307194471359253,-1.5016788244247437,269.0771179199219,0.005631686188280582,99.46127319335938,-3.991565465927124,-0.3421366512775421,281.63214111328125,0.009752989746630192,98.499267578125,-2.0838356018066406,0.5968597531318665,288.49676513671875,0.012194697745144367,94.88980102539062,5.569084169110283e-05,4.0436138078803197e-05,8.77789306640625,-4.09600305557251,1.3021748065948486,5.569084169110283e-05,7.00499294907786e-05,84.96940612792969,7.466925621032715,0.60219305679833,0.4146112659853145,2,9,38,ML_CTL_35_0002
CTL,35.0,805.0,7.0,6.0,14.210526466369629,317.5,-0.6755902076156605,0.7372773368101239,-0.4999999999999997,-0.8660254037844388,-4.48205041885376,6.369231700897217,216.83236694335938,5.9397156292106956e-05,104.83209991455078,-3.659254789352417,-0.30144715309143066,241.18983459472656,0.0007335091358982027,103.78844451904297,-3.636037826538086,-2.0117924213409424,269.1658935546875,0.005676713772118092,99.66972351074219,-6.113280296325684,-0.150113046169281,281.6669616699219,0.009891300462186337,99.6539077758789,-2.9233405590057373,0.7730303406715393,288.4844970703125,0.012337446212768555,96.09307098388672,6.014703103573993e-05,4.190510662738234e-05,5.809220790863037,-4.162792682647705,0.9357818365097046,6.014703103573993e-05,6.214943277882412e-05,83.78500366210938,5.389067649841309,0.5756020447857563,0.3047449387835006,2,10,38,ML_CTL_35_0002
CTL,35.0,806.0,7.0,12.0,14.210526466369629,315.0,-0.7071067811865477,0.7071067811865474,-0.4999999999999997,-0.8660254037844388,-3.023375988006592,2.817326784133911,217.1624755859375,6.0477887018350884e-05,101.33674621582031,-4.546367168426514,-1.4343276023864746,242.30458068847656,0.0008605892071500421,107.35657501220703,-5.09242582321167,-0.7275621891021729,269.29608154296875,0.005798805505037308,100.97618103027344,-6.101641654968262,0.37382772564888,281.8472595214844,0.009937436319887638,98.89411926269531,-2.455030918121338,1.0397528409957886,288.7138977050781,0.012574132531881332,96.47925567626953,6.440139259211719e-05,4.4940683437744156e-05,1.8662221431732178,-4.243767738342285,0.41380348801612854,6.440139259211719e-05,5.50346594536677e-05,80.2778549194336,1.8662221431732178,0.6328147001702046,0.5443110217393605,2,11,38,ML_CTL_35_0002
CTL,35.0,807.0,7.0,18.0,14.210526466369629,312.5,-0.7372773368101242,0.6755902076156601,-0.4999999999999997,-0.8660254037844388,-4.132348537445068,1.8814040422439575,218.17465209960938,7.018856558715925e-05,102.85693359375,-6.041134834289551,0.2845665216445923,243.49349975585938,0.0010399564635008574,115.77070617675781,-4.885908126831055,-0.850933313369751,269.2806091308594,0.0058144512586295605,101.65437316894531,-5.267610549926758,-1.146981120109558,282.1391296386719,0.009884489700198174,96.45264434814453,-2.358943223953247,-0.3879578113555908,289.09442138671875,0.01287386566400528,96.38059997558594,6.774414941901341e-05,4.867208917858079e-05,2.880099058151245,-4.53718900680542,-0.04398033767938614,6.774414941901341e-05,5.395423067966476e-05,75.96300506591797,2.880099058151245,0.5794000326571118,0.32031095607443283,2,12,38,ML_CTL_35_0002
CTL,35.0,808.0,7.0,0.0,14.210526466369629,312.5,-0.7372773368101242,0.6755902076156601,-0.4999999999999997,-0.8660254037844388,-4.608663082122803,4.012729167938232,217.77561950683594,6.471649976447225e-05,99.90789031982422,-4.619904518127441,1.5726526975631714,243.09368896484375,0.0009920457378029823,114.52532196044922,-4.1643829345703125,-1.5356879234313965,269.1287536621094,0.005753037054091692,101.72164916992188,-6.596055030822754,-1.2254363298416138,282.10491943359375,0.009733921848237514,95.19916534423828,-2.7734529972076416,-0.43867018818855286,289.1299743652344,0.012890090234577656,96.2869873046875,7.129285950213671e-05,5.4191121307667345e-05,4.814867973327637,-4.552491664886475,0.47711753845214844,7.129285950213671e-05,6.104236672399566e-05,73.64349365234375,4.671646595001221,0.6388861084190082,0.5705328066852262,2,13,38,ML_CTL_35_0002
CTL,35.0,809.0,7.0,6.0,14.210526466369629,312.5,-0.7372773368101242,0.6755902076156601,-0.4999999999999997,-0.8660254037844388,-5.050914287567139,4.027616024017334,217.58938598632812,6.320041575236246e-05,99.9168472290039,-2.471273899078369,0.4625961482524872,242.52127075195312,0.0009515080600976944,118.2608642578125,-3.6691880226135254,-1.4624210596084595,269.03070068359375,0.005697031505405903,101.47261810302734,-6.297558307647705,-0.8897717595100403,281.1742248535156,0.009580588899552822,99.82831573486328,-1.6835895776748657,0.2317574918270111,289.1271057128906,0.01293268147855997,96.62101745605469,7.357527647400275e-05,5.83341607125476e-05,5.074191570281982,-3.8345046043395996,0.47395533323287964,7.357527647400275e-05,6.474351539509371e-05,71.89339447021484,3.9467251300811768,0.6541585563280936,0.6373693481986296,2,14,38,ML_CTL_35_0002
CTL,35.0,810.0,7.0,12.0,14.210526466369629,312.5,-0.7372773368101242,0.6755902076156601,-0.4999999999999997,-0.8660254037844388,-5.712732315063477,2.2616536617279053,217.94786071777344,6.625070818699896e-05,100.01458740234375,-2.9693892002105713,-1.0677777528762817,242.8800048828125,0.0009799667168408632,117.32457733154297,-2.047349691390991,-1.145695447921753,269.11871337890625,0.005728891585022211,101.3783187866211,-4.1518025398254395,-0.978065550327301,280.4215087890625,0.009224602952599525,101.20728302001953,1.0732802152633667,1.3223704099655151,289.1499328613281,0.012979015707969666,96.82283782958984,7.286058826139197e-05,6.0062000557081774e-05,6.850709438323975,-2.761598587036133,0.07849706709384918,7.286058826139197e-05,6.573987775482237e-05,69.58826446533203,2.5149006843566895,0.6647121166224232,0.6843645234314515,2,15,38,ML_CTL_35_0002
CTL,35.0,811.0,7.0,18.0,14.210526466369629,312.5,-0.7372773368101242,0.6755902076156601,-0.4999999999999997,-0.8660254037844388,-6.523174285888672,1.0418565273284912,218.3863525390625,6.946449138922617e-05,99.14447021484375,-3.7693374156951904,-3.381296396255493,242.80923461914062,0.0009614501614123583,116.75780487060547,0.4377622902393341,-2.359438896179199,269.1669921875,0.005742507055401802,101.25435638427734,-1.5511207580566406,-1.8168830871582031,280.0590515136719,0.008862415328621864,99.68375396728516,4.235583305358887,1.5289407968521118,289.3843994140625,0.012744109146296978,93.64307403564453,7.020904013188556e-05,6.12805160926655e-05,10.76977825164795,-1.4340574741363525,-0.9973642230033875,7.020904013188556e-05,7.00112505001016e-05,69.2904281616211,2.285189151763916,0.6490288798932908,0.6147732735966922,2,16,38,ML_CTL_35_0002
CTL,35.0,812.0,7.0,0.0,14.210526466369629,312.5,-0.7372773368101242,0.6755902076156601,-0.4999999999999997,-0.8660254037844388,-6.934432029724121,0.38680437207221985,218.0381317138672,6.621630018344149e-05,99.34236907958984,-4.956212997436523,-4.546753406524658,241.77957153320312,0.000801700574811548,108.06712341308594,1.4684841632843018,-3.240149974822998,269.0831604003906,0.005705368239432573,101.0214614868164,-0.015312980860471725,-2.0273823738098145,280.4346008300781,0.008721875958144665,95.60652160644531,6.056265354156494,1.7882176637649536,289.1517028808594,0.012577853165566921,93.79816436767578,6.854419189039618e-05,5.901768963667564e-05,13.066070556640625,-0.8762418031692505,-1.5278526544570923,6.854419189039618e-05,7.06894279574044e-05,70.46739196777344,1.8387278318405151,0.670536383928604,0.7106120389140893,2,17,38,ML_CTL_35_0002
CTL,35.0,813.0,7.0,6.0,16.105262756347656,315.0,-0.7071067811865477,0.7071067811865474,-0.4999999999999997,-0.8660254037844388,-6.190918922424316,2.35111927986145,217.9044647216797,4.5242126361699775e-05,71.82559204101562,-6.649364471435547,-1.7904678583145142,241.45037841796875,0.0005949517362751067,77.77208709716797,-5.430893898010254,-0.01831147074699402,268.9395751953125,0.005647521931678057,101.0272445678711,-8.42383098602295,1.9001023769378662,279.1573181152344,0.00816876720637083,97.78487396240234,-2.921013116836548,1.974144458770752,289.4256896972656,0.012699044309556484,93.05420684814453,7.49414466554299e-05,6.925410707481205e-05,3.2915639877319336,-5.923203945159912,0.8833173513412476,7.49414466554299e-05,6.925410707481205e-05,72.4077377319336,3.2915639877319336,0.9617129852483307,3.2236052557441335,2,18,38,ML_CTL_35_0002
CTL,35.0,814.0,7.0,12.0,16.105262756347656,315.0,-0.7071067811865477,0.7071067811865474,-0.4999999999999997,-0.8660254037844388,-8.010796546936035,4.212353706359863,217.87149047851562,5.6799835874699056e-05,87.1605453491211,-6.607404708862305,-0.29514026641845703,242.15211486816406,0.0008323168149217963,104.66053009033203,-4.039003849029541,1.1919554471969604,269.24676513671875,0.005766151938587427,100.85226440429688,-6.633892059326172,4.293609142303467,279.2906188964844,0.008405456319451332,99.7271499633789,0.8167130351066589,5.096876621246338,289.28973388671875,0.012734252028167248,94.1374282836914,8.079061808530241e-05,6.913172546774149e-05,8.87171459197998,-4.894876956939697,2.899930953979492,8.079061808530241e-05,6.913172546774149e-05,74.69257354736328,3.5431203842163086,0.8682438142397322,1.8855194301374505,2,19,38,ML_CTL_35_0002
CTL,35.0,815.0,7.0,18.0,16.105262756347656,312.5,-0.7372773368101242,0.6755902076156601,-0.4999999999999997,-0.8660254037844388,-8.347809791564941,5.529963970184326,218.43313598632812,4.661362254410051e-05,68.03914642333984,-4.861898899078369,-2.813734531402588,242.46070861816406,0.00028405713965184987,35.83036422729492,-2.434576988220215,-5.493838310241699,268.53729248046875,0.005213302560150623,93.97177124023438,-6.3824896812438965,-2.2918009757995605,281.435302734375,0.00808585062623024,82.7214584350586,-1.7218358516693115,-1.4264415502548218,289.42132568359375,0.012471329420804977,91.40455627441406,8.71610754984431e-05,4.81702372781001e-05,9.607034683227539,-4.749722480773926,-1.2991702556610107,8.71610754984431e-05,7.13858098606579e-05,71.96760559082031,6.111239910125732,0.9690482573219085,3.44388510802424,2,20,38,ML_CTL_35_0002
CTL,35.0,816.0,7.0,0.0,16.105262756347656,312.5,-0.7372773368101242,0.6755902076156601,-0.4999999999999997,-0.8660254037844388,-7.427105903625488,6.1608052253723145,218.5724334716797,6.369854236254469e-05,89.40912628173828,-6.202330112457275,-3.0393176078796387,242.34979248046875,0.000495026062708348,64.42990112304688,-3.4806714057922363,-4.951843738555908,268.0491638183594,0.005002312362194061,94.61383056640625,-5.404456615447998,0.15464642643928528,281.8512268066406,0.008260481990873814,82.1427993774414,-0.897102415561676,1.4874433279037476,289.13653564453125,0.012518275529146194,93.45709991455078,9.013389353640378e-05,5.406787386164069e-05,8.030022621154785,-4.682333469390869,-0.037653278559446335,9.013389353640378e-05,6.84605329297483e-05,71.83304595947266,4.8808465003967285,0.9488664241250836,2.92082669078623,2,21,38,ML_CTL_35_0002
CTL,35.0,817.0,7.0,6.0,16.105262756347656,312.5,-0.7372773368101242,0.6755902076156601,-0.4999999999999997,-0.8660254037844388,-7.487320899963379,4.503400802612305,218.32965087890625,6.879369175294414e-05,99.6494369506836,-8.047324180603027,-2.2682573795318604,241.99398803710938,0.0007623864803463221,103.26949310302734,-4.369627475738525,-1.8558146953582764,268.104736328125,0.005250491201877594,100.2391586303711,-3.8027942180633545,3.6936261653900146,281.6448059082031,0.008559522219002247,86.36822509765625,1.454153060913086,5.040610313415527,288.7080383300781,0.0125926798209548,96.62517547607422,8.969568443717435e-05,5.465745198307559e-05,8.957597732543945,-4.450582504272461,1.8227131366729736,8.969568443717435e-05,5.607712591881864e-05,73.95182800292969,5.32788610458374,0.8039290718765947,1.4110345742794341,2,22,38,ML_CTL_35_0002
CTL,35.0,818.0,7.0,12.0,16.105262756347656,312.5,-0.7372773368101242,0.6755902076156601,-0.4999999999999997,-0.8660254037844388,-9.167701721191406,4.506809711456299,218.09483337402344,6.689138535875827e-05,99.46455383300781,-9.395827293395996,0.6341638565063477,242.520263671875,0.0009362326818518341,115.5331802368164,-3.4134762287139893,1.7192836999893188,268.77508544921875,0.005592120345681906,101.56488800048828,-1.6146050691604614,6.60815954208374,280.7662048339844,0.0090175187215209,96.6925048828125,3.2363297939300537,7.375144004821777,288.70501708984375,0.012679602019488811,97.31431579589844,8.082599379122257e-05,5.285803126753308e-05,12.731352806091309,-4.071056365966797,4.1687116622924805,8.082599379122257e-05,5.285803126753308e-05,76.72846984863281,4.788710594177246,0.6916706523674956,0.8079413842756327,2,23,38,ML_CTL_35_0002
CTL,35.0,819.0,7.0,18.0,16.105262756347656,310.0,-0.7660444431189781,0.6427876096865393,-0.4999999999999997,-0.8660254037844388,-9.974010467529297,4.128023147583008,218.20968627929688,5.547630644286983e-05,81.33837127685547,-8.140894889831543,-1.2686383724212646,242.13827514648438,0.0006940290331840515,94.34909057617188,-0.3345237970352173,-2.9268288612365723,268.1817626953125,0.004843572620302439,90.35400390625,1.7421393394470215,-1.2476614713668823,282.62847900390625,0.00907957460731268,85.75186920166016,0.07874877005815506,0.4400421679019928,289.35357666015625,0.012272922322154045,90.29646301269531,7.772289245622233e-05,3.8698613934684545e-05,10.707901954650879,-3.3257083892822266,-0.17501267790794373,7.772289245622233e-05,5.7300221669720486e-05,78.54145812988281,3.456090211868286,0.8570437681116461,1.7909504759025943,2,24,38,ML_CTL_35_0002
CTL,35.0,820.0,7.0,0.0,16.105262756347656,310.0,-0.7660444431189781,0.6427876096865393,-0.4999999999999997,-0.8660254037844388,-9.739208221435547,4.654773712158203,217.98516845703125,6.022240631864406e-05,91.01209259033203,-8.639877319335938,-0.07126877456903458,242.1544189453125,0.0008558763074688613,110.7404556274414,-1.4071483612060547,-2.2541046142578125,268.4101867675781,0.005384351592510939,100.46052551269531,-1.2299718856811523,1.142862319946289,282.34893798828125,0.009352053515613079,89.99530029296875,0.6151715517044067,4.4641828536987305,289.02362060546875,0.01213318295776844,91.19098663330078,7.038022158667445e-05,4.625512519851327e-05,10.356133460998535,-4.080206871032715,1.5872890949249268,7.038022158667445e-05,5.3132345783524215e-05,79.09740447998047,5.626976013183594,0.7049381900401305,0.8709252655866067,2,25,38,ML_CTL_35_0002
CTL,35.0,821.0,7.0,6.0,18.0,307.5,-0.7933533402912352,0.6087614290087205,-0.4999999999999997,-0.8660254037844388,-5.513243675231934,4.825631618499756,217.65155029296875,4.709256245405413e-05,74.7282943725586,-5.872142791748047,0.9801185131072998,241.21107482910156,0.0005339825293049216,79.49198913574219,-7.824213027954102,-1.4223092794418335,268.7149353027344,0.004555874038487673,81.36643981933594,-9.795741081237793,1.55524480342865,282.6038818359375,0.008743400685489178,82.66016387939453,-10.725118637084961,1.9160754680633545,289.4497985839844,0.01253929641097784,91.67353057861328,6.418738485081121e-05,3.261054371250793e-05,5.9690165519714355,-7.946092128753662,1.5709521770477295,6.418738485081121e-05,4.432635978446342e-05,73.47555541992188,4.974496841430664,0.9151313955712722,2.3779634264712755,2,26,38,ML_CTL_35_0002
CTL,35.0,822.0,7.0,12.0,18.0,307.5,-0.7933533402912352,0.6087614290087205,-0.4999999999999997,-0.8660254037844388,-7.401078224182129,3.608518600463867,217.3699188232422,5.0047085096593946e-05,82.14971160888672,-8.125287055969238,1.74685800075531,241.45143127441406,0.0006736124050803483,92.94564056396484,-8.931736946105957,2.1359407901763916,268.74560546875,0.005428972654044628,98.22863006591797,-8.372238159179688,5.8463053703308105,282.2084655761719,0.009237831458449364,89.75923919677734,-8.359410285949707,4.858829975128174,289.5556945800781,0.01201658509671688,87.28456115722656,6.026514165569097e-05,3.60029298462905e-05,1.5753345489501953,-8.237950325012207,3.6392905712127686,6.026514165569097e-05,3.60029298462905e-05,76.86056518554688,1.5753345489501953,0.8444868179100918,1.6919986264746405,2,27,38,ML_CTL_35_0002
CTL,35.0,823.0,7.0,18.0,18.0,305.0,-0.8191520442889918,0.573576436351046,-0.4999999999999997,-0.8660254037844388,-7.903203964233398,5.144914627075195,217.4751739501953,5.415976556832902e-05,88.6218490600586,-7.355118274688721,0.5244256258010864,241.51007080078125,0.0004496987094171345,62.40470504760742,-7.365224361419678,-0.38213953375816345,269.18536376953125,0.005094798281788826,87.63533020019531,-4.7587409019470215,1.362847089767456,283.111572265625,0.010051918216049671,91.89891052246094,-7.617190361022949,2.4485957622528076,289.6390686035156,0.012323688715696335,89.01016235351562,6.172966095618904e-05,2.642881554493215e-05,2.7114460468292236,-6.9998955726623535,1.8197286128997803,6.172966095618904e-05,3.4122382203349844e-05,76.85340118408203,2.7114460468292236,0.8748097441935601,1.9441718008926747,2,28,38,ML_CTL_35_0002
CTL,35.0,824.0,7.0,0.0,18.0,302.5,-0.8433914458128857,0.5372996083468239,-0.4999999999999997,-0.8660254037844388,-6.401902198791504,7.021528720855713,217.19898986816406,4.9102280172519386e-05,83.96253967285156,-5.697516441345215,0.4718928039073944,241.313720703125,0.0002440346434013918,35.19562911987305,-7.29437255859375,-2.305208206176758,268.96881103515625,0.003854437032714486,65.92803955078125,-5.447564125061035,-1.9413508176803589,283.5987548828125,0.010816836729645729,95.71463012695312,-8.432005882263184,0.8115224242210388,290.0317687988281,0.01252567395567894,88.20748901367188,5.874561975360848e-05,1.5423102013301104e-05,6.533413887023926,-6.654672145843506,0.8116769790649414,5.874561975360848e-05,3.420488064875826e-05,73.59785461425781,0.9729834794998169,0.8792435218621284,1.985285963258729,2,29,38,ML_CTL_35_0002
CTL,35.0,825.0,7.0,6.0,18.0,300.0,-0.8660254037844386,0.5000000000000001,-0.4999999999999997,-0.8660254037844388,-4.601827621459961,6.966407775878906,217.06080627441406,4.021640052087605e-05,70.07882690429688,-4.2357282638549805,0.01575056090950966,240.67662048339844,0.00013698978000320494,22.32471466064453,-6.927225112915039,-2.249884605407715,268.4412536621094,0.0025358637794852257,45.06061553955078,-5.678891181945801,-1.6436012983322144,284.11907958984375,0.010855747386813164,92.77188873291016,-7.152795314788818,-0.02348424680531025,290.1789855957031,0.012619462795555592,88.03071594238281,5.298238102113828e-05,8.223467375501059e-06,7.440834999084473,-5.719293594360352,0.6130375862121582,5.298238102113828e-05,3.539174940669909e-05,69.57856750488281,1.8237125873565674,0.8788941002911238,1.9819990459082346,2,30,38,ML_CTL_35_0002
CTL,35.0,826.0,7.0,12.0,18.0,300.0,-0.8660254037844386,0.5000000000000001,-0.4999999999999997,-0.8660254037844388,-5.631557464599609,6.032544136047363,217.2211456298828,4.9287074944004416e-05,83.69145202636719,-8.04385757446289,-0.5380650758743286,240.73358154296875,0.00032133967033587396,49.00483322143555,-8.550321578979492,-0.691368579864502,268.38775634765625,0.004033465404063463,73.34329986572266,-4.532787322998047,2.4377310276031494,284.19915771484375,0.011029484681785107,93.72193145751953,-5.29848051071167,4.006566047668457,290.26580810546875,0.012237544171512127,84.93772888183594,5.1571547373896465e-05,1.7274602214456536e-05,2.0531749725341797,-6.41140079498291,2.249481678009033,5.1571547373896465e-05,3.16866826324258e-05,71.5974349975586,2.0531749725341797,0.8466430482616552,1.708510953172111,2,31,38,ML_CTL_35_0002
CTL,35.0,827.0,7.0,18.0,19.894737243652344,297.5,-0.8870108331782216,0.4617486132350341,-0.4999999999999997,-0.8660254037844388,-3.2912344932556152,7.212986946105957,217.43116760253906,2.5532670406391844e-05,41.38079833984375,-3.4684391021728516,3.6420845985412598,240.0467529296875,9.59199242061004e-05,17.54806900024414,-6.999565601348877,2.202906847000122,267.8544616699219,0.00378769775852561,70.18880462646484,-7.278916835784912,2.2727694511413574,283.9255065917969,0.011262197047472,97.46019744873047,-11.31605339050293,2.6467397212982178,290.2513732910156,0.012973587028682232,90.07572937011719,4.720500510302372e-05,6.276001386140706e-06,9.233001708984375,-6.470841884613037,3.5954976081848145,4.720500510302372e-05,3.441115404712036e-05,73.52314758300781,2.9671471118927,0.8643446607996347,1.8518542037709786,2,32,38,ML_CTL_35_0002
CTL,35.0,829.0,7.0,6.0,19.894737243652344,295.0,-0.9063077870366498,0.4226182617406996,-0.4999999999999997,-0.8660254037844388,-2.726043462753296,6.408997058868408,217.40924072265625,3.4877088182838634e-05,57.52212905883789,-3.3648693561553955,3.4297595024108887,239.96954345703125,0.00011939374235225841,23.56336784362793,-8.891118049621582,1.8370832204818726,267.2802734375,0.0038994078058749437,76.28854370117188,-8.64100456237793,3.16894268989563,284.1105041503906,0.011195482686161995,95.67852783203125,-9.213321685791016,4.467404365539551,290.43414306640625,0.012655716389417648,86.85235595703125,4.159747186349705e-05,3.963242306781467e-06,6.771599292755127,-6.5672712326049805,3.8624374866485596,4.159747186349705e-05,3.8422953366534784e-05,71.26400756835938,3.1139800548553467,0.8285367266606444,1.5752920709377332,2,33,38,ML_CTL_35_0002
CTL,35.0,831.0,7.0,18.0,21.789474487304688,290.0,-0.9396926207859083,0.342020143325669,-0.4999999999999997,-0.8660254037844388,-3.721247911453247,5.445793151855469,220.796142578125,9.08974398043938e-05,99.35311889648438,-0.9240211844444275,6.245811939239502,240.49539184570312,0.0002090178313665092,37.974327087402344,-3.942472457885742,5.402760028839111,267.59478759765625,0.002834184095263481,54.22404479980469,-6.4677839279174805,3.430305242538452,283.5931701660156,0.009958975948393345,88.07410430908203,-9.08948040008545,3.328068733215332,290.2293395996094,0.013371259905397892,93.0408706665039,3.700496017700061e-05,3.1956280963640893e-06,5.770847320556641,-4.829001426696777,4.770547389984131,3.700496017700061e-05,3.2847714464878663e-05,69.67176055908203,1.0581074953079224,0.7058266938365327,0.8752006607948206,2,34,38,ML_CTL_35_0002
CTL,35.0,832.0,7.0,0.0,21.789474487304688,290.0,-0.9396926207859083,0.342020143325669,-0.4999999999999997,-0.8660254037844388,-3.1656386852264404,3.546718120574951,220.80929565429688,9.227694681612775e-05,99.89080047607422,-1.5532283782958984,6.122371196746826,240.6844024658203,0.00030160864116624,52.45128631591797,-6.204716682434082,4.688044548034668,267.7391357421875,0.003457495477050543,65.3381118774414,-8.65205192565918,4.396867275238037,283.8328552246094,0.009934121742844582,86.45366668701172,-9.786876678466797,5.731052398681641,290.6531066894531,0.012441104277968407,84.29032135009766,3.362989809829742e-05,2.6879822598857572e-06,6.972238063812256,-5.872502326965332,4.897010803222656,3.362989809829742e-05,3.0158409572322853e-05,64.42781066894531,1.4482991695404053,0.6449177170120708,0.5967731924515791,2,35,38,ML_CTL_35_0002
CTL,35.0,833.0,7.0,6.0,21.789474487304688,287.5,-0.9537169507482268,0.30070579950427345,-0.4999999999999997,-0.8660254037844388,-3.8022687435150146,5.211008071899414,220.9053192138672,9.300750389229506e-05,99.99775695800781,-1.583846092224121,5.5742340087890625,240.23756408691406,0.0003044349723495543,53.907470703125,-4.461913108825684,3.3436062335968018,267.6753234863281,0.00280438712798059,54.00259017944336,-5.979132652282715,2.88603138923645,283.52679443359375,0.008889594115316868,78.96475982666016,-6.140076160430908,4.138721942901611,290.3204040527344,0.012756843119859695,88.24977111816406,3.4296266676392406e-05,5.345881618268322e-06,2.5719916820526123,-4.393447399139404,4.230720043182373,3.4296266676392406e-05,2.5527087927912362e-05,64.67581176757812,2.2131073474884033,0.6314281476302528,0.5383484761423096,2,36,38,ML_CTL_35_0002
CTL,35.0,834.0,7.0,12.0,23.6842098236084,285.0,-0.9659258262890684,0.2588190451025203,-0.4999999999999997,-0.8660254037844388,-4.648959159851074,5.532612323760986,219.99403381347656,9.024790051626042e-05,106.9803237915039,-5.382331848144531,2.6577796936035156,240.38467407226562,0.00040538626490160823,67.54393005371094,-3.7616255283355713,2.874661922454834,267.90887451171875,0.003411040874198079,64.68992614746094,-6.028717994689941,4.631070613861084,282.80133056640625,0.008080897852778435,75.30670928955078,-6.761232376098633,4.2993083000183105,290.0811767578125,0.012732014991343021,89.42639923095703,3.4444961784174666e-05,1.6520491044502705e-05,2.4459633827209473,-5.316573143005371,3.999086856842041,3.4444961784174666e-05,2.5255530999857e-05,65.7605972290039,1.5496450662612915,0.6114027183224541,0.45321231375865345,2,37,38,ML_CTL_35_0002
CTL,35.0,835.0,7.0,18.0,25.578947067260742,282.5,-0.9762960071199335,0.21643961393810246,-0.4999999999999997,-0.8660254037844388,-7.18986701965332,3.4609742164611816,217.72250366210938,4.428395186550915e-05,68.89889526367188,-8.219523429870605,0.023904098197817802,241.5524444580078,0.000771660590544343,103.89297485351562,-2.305551052093506,0.20882096886634827,269.41107177734375,0.005820808466523886,100.48253631591797,-4.47435998916626,2.9972527027130127,282.1725158691406,0.008173474110662937,79.5894546508789,-5.5608110427856445,2.864204168319702,290.58563232421875,0.012143832631409168,82.59774017333984,3.389727498870343e-05,2.294631485710852e-05,1.734923005104065,-5.550022125244141,1.9110313653945923,3.389727498870343e-05,3.198083504685201e-05,64.72740173339844,1.028003215789795,0.7078635028048108,0.8850301332656543,2,38,38,ML_CTL_35_0002
CTL,35.0,831.0,7.0,18.0,16.105262756347656,337.5,-0.38268343236508956,0.9238795325112868,-0.4999999999999997,-0.8660254037844388,-10.200303077697754,-7.209968566894531,218.10801696777344,6.161761120893061e-05,91.99567413330078,-8.042485237121582,6.764185428619385,242.05372619628906,0.0005187153583392501,71.05039978027344,-15.058849334716797,11.721799850463867,269.44073486328125,0.005741176661103964,97.87977600097656,-12.751078605651855,2.488311290740967,283.921630859375,0.009117956273257732,78.87797546386719,-5.806069374084473,2.075723171234131,291.4783020019531,0.012025007046759129,77.58113861083984,6.0253238189034164e-05,3.412224032217637e-05,10.272943496704102,-10.371756553649902,3.1680102348327637,6.0253238189034164e-05,5.94596604059916e-05,69.7686767578125,4.758514404296875,0.5754691541164852,0.304200961169947,3,1,10,ML_CTL_35_0003
CTL,35.0,832.0,7.0,0.0,16.105262756347656,335.0,-0.4226182617406992,0.90630778703665,-0.4999999999999997,-0.8660254037844388,-13.577757835388184,-5.410984516143799,218.70675659179688,6.706716521875933e-05,94.19464874267578,-8.538432121276855,4.962102890014648,242.38084411621094,0.000363956147339195,47.72076416015625,-13.11433219909668,8.368292808532715,269.2635803222656,0.0055836900137364864,96.15276336669922,-11.633939743041992,-2.0799317359924316,282.80145263671875,0.009156741201877594,85.4617919921875,-6.379903793334961,-1.9657862186431885,291.65740966796875,0.011966591700911522,76.35237884521484,5.74574078200385e-05,3.9361977542284876e-05,7.9798808097839355,-10.648874282836914,0.7747386693954468,5.74574078200385e-05,5.133046579430811e-05,71.84392547607422,4.77577018737793,0.6654545153232119,0.6876974404465708,3,2,10,ML_CTL_35_0003
CTL,35.0,833.0,7.0,6.0,16.105262756347656,335.0,-0.4226182617406992,0.90630778703665,-0.4999999999999997,-0.8660254037844388,-16.84442901611328,-5.53729248046875,217.76771545410156,5.240829341346398e-05,81.57518005371094,-11.48178768157959,1.3426071405410767,241.81808471679688,0.0003043083706870675,47.490909576416016,-12.709559440612793,10.333464622497559,269.2303466796875,0.004756517242640257,80.48002624511719,-10.979317665100098,2.712322473526001,283.8924560546875,0.009437084197998047,81.80532836914062,-7.349649906158447,1.4167674779891968,290.6946716308594,0.011883651837706566,80.26038360595703,6.02315558353439e-05,2.1307047063601203e-05,11.769018173217773,-11.872949600219727,2.0535738468170166,6.02315558353439e-05,4.0432525565847754e-05,72.96897888183594,4.1066060066223145,0.713605776837803,0.9129614122174798,3,3,10,ML_CTL_35_0003
CTL,35.0,834.0,7.0,12.0,16.105262756347656,332.5,-0.46174861323503363,0.8870108331782218,-0.4999999999999997,-0.8660254037844388,-17.82699966430664,-2.2475695610046387,217.75277709960938,5.9777419664897025e-05,93.72956848144531,-12.531758308410645,1.135524034500122,241.8593292236328,0.00029588351026177406,47.34915542602539,-11.036866188049316,7.244934558868408,269.417724609375,0.005000048782676458,83.00534057617188,-10.040044784545898,0.9007850885391235,284.1030578613281,0.009536494500935078,81.49622344970703,-6.595226287841797,-0.6899594664573669,290.9378967285156,0.01255479920655489,83.47246551513672,5.691395926987752e-05,2.093719012918882e-05,11.339262962341309,-11.606179237365723,1.2687427997589111,5.691395926987752e-05,3.290371023467742e-05,72.32555389404297,0.6018924713134766,0.6228630851215905,0.5017184366183827,3,4,10,ML_CTL_35_0003
CTL,35.0,835.0,7.0,18.0,16.105262756347656,332.5,-0.46174861323503363,0.8870108331782218,-0.4999999999999997,-0.8660254037844388,-16.824533462524414,1.3165284395217896,217.6479034423828,4.6100758481770754e-05,72.33967590332031,-16.240009307861328,-0.07606853544712067,241.3369140625,0.00029592844657599926,49.89369583129883,-12.246047019958496,6.954559326171875,269.7949523925781,0.0031072995625436306,48.46784591674805,-8.852869033813477,4.650052070617676,284.932373046875,0.009749302640557289,78.85709381103516,-5.908173561096191,1.910668134689331,290.9972839355469,0.01209466252475977,80.11204528808594,5.1680337492143735e-05,7.125192496459931e-06,10.932516098022461,-12.014326095581055,2.9511477947235107,5.1680337492143735e-05,3.135177757940255e-05,71.13973999023438,2.716730833053589,0.6077300711498489,0.43778062463742584,3,5,10,ML_CTL_35_0003
CTL,35.0,836.0,7.0,0.0,14.210526466369629,330.0,-0.5000000000000004,0.8660254037844384,-0.4999999999999997,-0.8660254037844388,-13.038613319396973,3.426898241043091,218.30758666992188,3.844665116048418e-05,57.29448318481445,-18.383703231811523,0.7151517271995544,240.93405151367188,0.0001761994353728369,30.52179718017578,-12.360595703125,4.764663219451904,267.5823669433594,0.004727588966488838,89.98653411865234,-3.1491098403930664,1.6193395853042603,283.7593078613281,0.009237503632903099,80.76608276367188,0.5413640141487122,-0.31881576776504517,290.5216979980469,0.013207382522523403,90.16028594970703,5.148674608790316e-05,1.933543899212964e-05,14.087091445922852,-9.278131484985352,2.041447401046753,5.148674608790316e-05,3.3031108614522964e-05,78.0792465209961,0.7737900614738464,0.6559411021298011,0.645258144117828,3,6,10,ML_CTL_35_0003
CTL,35.0,837.0,7.0,6.0,14.210526466369629,327.5,-0.5372996083468242,0.8433914458128855,-0.4999999999999997,-0.8660254037844388,-12.331315040588379,1.347089409828186,219.65757751464844,7.533856842201203e-05,95.058349609375,-17.67021942138672,0.5967560410499573,240.8661346435547,0.00022453743440564722,38.90827941894531,-12.848267555236816,4.951066493988037,268.2733154296875,0.003981032874435186,71.54698944091797,-5.143396377563477,0.5497817397117615,283.1945495605469,0.009490814059972763,86.23587799072266,-1.6163959503173828,-1.6048022508621216,289.8162841796875,0.01353087741881609,96.65795135498047,4.8337304178858176e-05,2.3810860511730425e-05,11.114097595214844,-9.921917915344238,1.167978286743164,4.8337304178858176e-05,3.168745752191171e-05,77.86743927001953,2.065640926361084,0.5867388219893436,0.3504999984655619,3,7,10,ML_CTL_35_0003
CTL,35.0,838.0,7.0,12.0,14.210526466369629,327.5,-0.5372996083468242,0.8433914458128855,-0.4999999999999997,-0.8660254037844388,-13.774192810058594,2.2585513591766357,218.57945251464844,3.894521069014445e-05,56.62319564819336,-15.94884967803955,3.0050618648529053,240.55001831054688,0.00017449271399527788,29.374359130859375,-14.081392288208008,6.966832637786865,268.03656005859375,0.002879598643630743,51.71046829223633,-6.911201000213623,3.968099355697632,284.32489013671875,0.009511677548289299,80.13035583496094,-2.0403800010681152,1.5016758441925049,290.5925598144531,0.01306278258562088,88.80891418457031,4.4739976146956906e-05,1.6114758182084188e-05,11.758197784423828,-10.551202774047852,3.5400443077087402,4.4739976146956906e-05,2.9892040402046405e-05,76.85237121582031,2.7936348915100098,0.5823791514306609,0.33254773850361463,3,8,10,ML_CTL_35_0003
CTL,35.0,839.0,7.0,18.0,12.315789222717285,325.0,-0.5735764363510465,0.8191520442889916,-0.4999999999999997,-0.8660254037844388,-16.532573699951172,4.7746686935424805,218.52040100097656,1.4244976227928419e-05,19.114511489868164,-13.492186546325684,6.540956497192383,240.6207275390625,0.00031686449074186385,45.85618209838867,-9.94583797454834,2.0811097621917725,268.1355285644531,0.005111688282340765,95.77716064453125,-3.1903975009918213,-0.33721768856048584,283.07080078125,0.009159288369119167,83.87517547607422,3.2651543617248535,-0.8384963274002075,289.24212646484375,0.013138240203261375,97.40058135986328,4.5505654270527884e-05,2.6600824639899656e-05,20.578086853027344,-7.979168891906738,2.444204330444336,4.5505654270527884e-05,2.904493157984689e-05,81.65491485595703,3.4067142009735107,0.6191007840978883,0.4857332620944499,3,9,10,ML_CTL_35_0003
CTL,35.0,840.0,7.0,0.0,12.315789222717285,322.5,-0.608761429008721,0.7933533402912349,-0.4999999999999997,-0.8660254037844388,-14.007442474365234,6.338172435760498,219.02935791015625,6.570883124368265e-05,87.69820404052734,-12.168664932250977,7.419341564178467,241.29920959472656,0.0004360515740700066,61.750144958496094,-11.797916412353516,-0.05743416026234627,268.41058349609375,0.004615014418959618,83.96975708007812,-4.39570951461792,-2.265568733215332,282.8920593261719,0.009429757483303547,87.4171371459961,1.0469155311584473,-2.815434217453003,289.0754089355469,0.013053230941295624,97.81661224365234,4.8852365580387414e-05,3.050910345336888e-05,17.618803024291992,-8.264562606811523,1.7238153219223022,4.8852365580387414e-05,3.497911529848352e-05,81.5286636352539,0.763789176940918,0.5933842398160329,0.3779734870323357,3,10,10,ML_CTL_35_0003
CTL,35.0,842.0,7.0,12.0,12.315789222717285,322.5,-0.608761429008721,0.7933533402912349,-0.4999999999999997,-0.8660254037844388,-3.9217300415039062,4.129924297332764,218.65322875976562,6.577953899977729e-05,92.29948425292969,-11.6740140914917,3.350147008895874,240.91265869140625,0.0004533994069788605,70.21908569335938,-20.0451602935791,3.7591311931610107,267.8413391113281,0.0030953087843954563,58.52678680419922,-10.968969345092773,2.152036428451538,283.1619567871094,0.01019368041306734,92.85957336425781,-0.21674726903438568,2.138246536254883,289.5876159667969,0.012803817167878151,92.82194519042969,5.199543011258356e-05,9.706316632218659e-06,4.206385135650635,-9.365324020385742,3.1058971881866455,5.199543011258356e-05,5.8257210184819996e-05,81.16649627685547,1.6073240041732788,0.5751178655999738,0.30276320380555566,4,1,87,ML_CTL_35_0004
CTL,35.0,843.0,7.0,18.0,12.315789222717285,320.0,-0.6427876096865396,0.7660444431189778,-0.4999999999999997,-0.8660254037844388,-5.194858551025391,2.069960117340088,219.0655059814453,7.250886847032234e-05,95.60179901123047,-14.974859237670898,3.436570405960083,241.20779418945312,0.0005648113437928259,85.23397827148438,-20.604063034057617,4.149125576019287,267.8818054199219,0.00378090119920671,71.24575805664062,-10.729987144470215,0.608849048614502,283.2000732421875,0.010105845518410206,91.82748413085938,0.09913800656795502,0.7067785859107971,289.4825744628906,0.012738002464175224,92.98506164550781,5.189408693695441e-05,1.9199993403162807e-05,5.466686725616455,-10.280926704406738,2.1942567825317383,5.189408693695441e-05,6.542190385516733e-05,81.84016418457031,2.9769208431243896,0.5692691890912566,0.27887008748030206,4,2,87,ML_CTL_35_0004
CTL,35.0,844.0,7.0,0.0,12.315789222717285,317.5,-0.6755902076156605,0.7372773368101239,-0.4999999999999997,-0.8660254037844388,-8.443721771240234,-0.5417792201042175,218.66773986816406,6.439803109969944e-05,89.04134368896484,-15.45241928100586,3.948455333709717,241.04298400878906,0.0005840533995069563,88.08321380615234,-19.841978073120117,3.551309823989868,267.5524597167969,0.004084345418959856,78.71710968017578,-12.459964752197266,-0.8194950222969055,283.18707275390625,0.009951301850378513,90.47941589355469,-2.3520216941833496,-0.6782769560813904,289.3303527832031,0.01269988901913166,93.6318359375,5.241624967311509e-05,2.7950081857852638e-05,6.093229293823242,-11.710021018981934,1.0920426845550537,5.241624967311509e-05,6.0640089941443875e-05,80.58011627197266,3.4352893829345703,0.6507576440710175,0.6223711795675233,4,3,87,ML_CTL_35_0004
CTL,35.0,845.0,7.0,6.0,12.315789222717285,315.0,-0.7071067811865477,0.7071067811865474,-0.4999999999999997,-0.8660254037844388,-9.747054100036621,-2.772650718688965,219.8031768798828,8.043344132602215e-05,98.5426025390625,-14.283614158630371,4.3382248878479,241.47442626953125,0.0005754500743933022,81.03871154785156,-19.115745544433594,1.9480013847351074,267.81060791015625,0.004205093253403902,80.40502166748047,-13.544182777404785,-1.6465795040130615,282.65301513671875,0.009924964047968388,93.52577209472656,-5.364449977874756,-1.2088384628295898,289.08123779296875,0.013088575564324856,98.06110382080078,5.6081393267959356e-05,3.1960509659256786e-05,4.653249263763428,-12.411008834838867,0.1316315233707428,5.6081393267959356e-05,5.6605185818625614e-05,79.85926818847656,4.653249263763428,0.6734267840086547,0.7237251116548262,4,4,87,ML_CTL_35_0004
CTL,35.0,846.0,7.0,12.0,12.315789222717285,315.0,-0.7071067811865477,0.7071067811865474,-0.4999999999999997,-0.8660254037844388,-7.809079647064209,-5.808363914489746,219.58932495117188,8.092159259831533e-05,99.77356719970703,-10.997489929199219,2.5348451137542725,241.43798828125,0.0004877377359662205,72.25579071044922,-19.00041961669922,3.0570931434631348,268.40771484375,0.004192288964986801,74.72775268554688,-15.544374465942383,1.965993881225586,282.6352233886719,0.00975808035582304,92.06230163574219,-4.429104804992676,2.134972333908081,289.0023498535156,0.013031963258981705,98.1266860961914,6.057446444174275e-05,2.7599917302723043e-05,8.63254451751709,-11.556093215942383,0.7769080996513367,6.057446444174275e-05,5.909308310947381e-05,74.94808197021484,4.8081560134887695,0.7258973453606211,0.9739059190602326,4,5,87,ML_CTL_35_0004
CTL,35.0,847.0,7.0,18.0,12.315789222717285,312.5,-0.7372773368101242,0.6755902076156601,-0.4999999999999997,-0.8660254037844388,-6.477663040161133,-3.515564203262329,220.27003479003906,8.890840399544686e-05,99.80425262451172,-12.16319465637207,3.231910467147827,242.20535278320312,0.0006834002560935915,91.65139770507812,-20.207433700561523,2.2687745094299316,268.46533203125,0.004619325511157513,83.02310180664062,-14.275665283203125,1.8206813335418701,282.3978271484375,0.009801436215639114,93.97212982177734,-4.7742204666137695,1.205291509628296,289.3041687011719,0.013328700326383114,98.43470001220703,6.233731255633757e-05,4.349798837210983e-05,5.018784046173096,-11.579634666442871,1.0022187232971191,6.233731255633757e-05,6.611646676901728e-05,73.90351104736328,5.018784046173096,0.7218381185799964,0.9535976497786187,4,6,87,ML_CTL_35_0004
CTL,35.0,848.0,8.0,0.0,12.315789222717285,310.0,-0.7660444431189781,0.6427876096865393,-0.8660254037844385,-0.5000000000000004,-6.369732856750488,-0.8814873695373535,219.7698211669922,8.231485116994008e-05,99.52931213378906,-14.862451553344727,3.5895097255706787,242.54808044433594,0.0007652650820091367,97.8801040649414,-20.066265106201172,2.5405569076538086,268.3619689941406,0.004888592753559351,89.94938659667969,-13.191119194030762,1.567583441734314,282.025634765625,0.009644515812397003,94.82603454589844,-6.63932991027832,0.23868848383426666,289.6679992675781,0.013531763106584549,97.60094451904297,6.162629142636433e-05,5.6273172958754e-05,1.1521615982055664,-12.22577953338623,1.4109702110290527,6.162629142636433e-05,7.213102071546018e-05,71.96196746826172,1.1521615982055664,0.8150802797979089,1.4833648251658502,4,7,87,ML_CTL_35_0004
CTL,35.0,849.0,8.0,6.0,12.315789222717285,307.5,-0.7933533402912352,0.6087614290087205,-0.8660254037844385,-0.5000000000000004,-6.446839809417725,-1.263899326324463,219.01190185546875,7.609681051690131e-05,100.58223724365234,-15.442435264587402,3.9084296226501465,243.1143341064453,0.0008361874497495592,100.24979400634766,-17.113229751586914,2.9370365142822266,268.3160095214844,0.005137097090482712,96.31317138671875,-11.978682518005371,1.0729153156280518,281.6359558105469,0.00940443854779005,94.91191864013672,-8.586002349853516,0.5033631324768066,289.65692138671875,0.013598735444247723,98.1628189086914,6.242175732040778e-05,6.780559488106519e-05,2.774749279022217,-11.913437843322754,1.43156898021698,6.242175732040778e-05,6.780559488106519e-05,71.49163055419922,2.774749279022217,0.8296812782934718,1.5833701096756987,4,8,87,ML_CTL_35_0004
CTL,35.0,850.0,8.0,12.0,12.315789222717285,305.0,-0.8191520442889918,0.573576436351046,-0.8660254037844385,-0.5000000000000004,-7.732081890106201,-2.7976651191711426,218.5007781982422,7.058215123834088e-05,99.54833984375,-13.880159378051758,3.713594913482666,242.9250946044922,0.0009461609297432005,112.35265350341797,-14.406537055969238,3.8992252349853516,268.4051208496094,0.005163487512618303,96.53797912597656,-10.222326278686523,1.8394296169281006,280.91644287109375,0.00924678985029459,98.02000427246094,-8.364800453186035,2.109741687774658,289.5873718261719,0.013576673343777657,98.43630981445312,6.556494918186218e-05,7.38626258680597e-05,4.94802713394165,-10.921180725097656,1.752865195274353,6.556494918186218e-05,7.467400428140536e-05,73.00254821777344,3.4052233695983887,0.8045014557810316,1.4146698430309792,4,9,87,ML_CTL_35_0004
CTL,35.0,851.0,8.0,18.0,12.315789222717285,302.5,-0.8433914458128857,0.5372996083468239,-0.8660254037844385,-0.5000000000000004,-9.385190963745117,-1.928418755531311,219.36862182617188,7.971422746777534e-05,100.72184753417969,-12.104973793029785,4.64654541015625,244.70762634277344,0.0011537179816514254,112.86214447021484,-11.579806327819824,4.740713119506836,267.9127197265625,0.005054031498730183,98.57188415527344,-7.912113189697266,1.403290867805481,280.54180908203125,0.008995871059596539,97.85273742675781,-6.86246919631958,1.2110179662704468,289.821044921875,0.013546754606068134,96.76546478271484,6.836018292233348e-05,8.128782064886764e-05,4.027429580688477,-9.568910598754883,2.01462984085083,6.836018292233348e-05,8.377942140214145e-05,73.59346771240234,4.027429580688477,0.7885475459133893,1.316192533936532,4,10,87,ML_CTL_35_0004
CTL,35.0,852.0,8.0,0.0,12.315789222717285,300.0,-0.8660254037844386,0.5000000000000001,-0.8660254037844385,-0.5000000000000004,-11.069830894470215,-0.769717276096344,219.49822998046875,8.364435052499175e-05,102.29584503173828,-8.213692665100098,5.399775505065918,243.7034149169922,0.0010972387390211225,123.15617370605469,-9.246630668640137,5.78093147277832,267.93878173828125,0.004866054747253656,94.69740295410156,-8.147159576416016,0.8804611563682556,280.1961364746094,0.00854960922151804,95.20857238769531,-7.811049938201904,0.03679405525326729,289.94293212890625,0.013502564281225204,95.71246337890625,6.709133594995365e-05,8.436199277639389e-05,3.3570990562438965,-8.897672653198242,2.26564884185791,6.709133594995365e-05,8.647366485092789e-05,72.99874877929688,3.3570990562438965,0.7338931209250914,1.014465377078638,4,11,87,ML_CTL_35_0004
CTL,35.0,853.0,8.0,6.0,12.315789222717285,297.5,-0.8870108331782216,0.4617486132350341,-0.8660254037844385,-0.5000000000000004,-11.331147193908691,-2.4707672595977783,218.6519317626953,7.392944826278836e-05,102.1971435546875,-6.605594158172607,3.6486451625823975,243.8521728515625,0.0010451440466567874,112.31282043457031,-6.741572380065918,6.008901596069336,267.5199279785156,0.00472850538790226,95.34848022460938,-7.520901679992676,1.1345696449279785,279.9970703125,0.008468990214169025,95.52848815917969,-7.4808220863342285,0.4493822157382965,289.7603759765625,0.013588185422122478,97.44544982910156,6.961212784517556e-05,8.092632924672216e-05,4.832419395446777,-7.936007499694824,1.7541462182998657,6.961212784517556e-05,8.10986093711108e-05,75.32965087890625,4.832419395446777,0.7851689852924613,1.2960472215236298,4,12,87,ML_CTL_35_0004
CTL,35.0,854.0,8.0,12.0,12.315789222717285,295.0,-0.9063077870366498,0.4226182617406996,-0.8660254037844385,-0.5000000000000004,-12.660968780517578,-3.644613027572632,218.84461975097656,7.71889608586207e-05,103.7382583618164,-7.431094646453857,1.7687978744506836,244.14064025878906,0.0011067651212215424,116.44425964355469,-5.201435089111328,4.3367695808410645,268.2873840332031,0.004803531803190708,91.89725494384766,-5.583684921264648,1.4610251188278198,279.6398010253906,0.008402924984693527,97.1816635131836,-5.399077892303467,0.8395093679428101,289.93798828125,0.013525867834687233,95.9185562133789,7.339116564253345e-05,8.230084495153278e-05,8.53477668762207,-7.255251884460449,0.9522978067398071,7.339116564253345e-05,8.230084495153278e-05,76.36402893066406,4.110087871551514,0.7539816656854827,1.1199619887563466,4,13,87,ML_CTL_35_0004
CTL,35.0,855.0,8.0,18.0,12.315789222717285,295.0,-0.9063077870366498,0.4226182617406996,-0.8660254037844385,-0.5000000000000004,-9.541620254516602,-3.3780674934387207,218.8367919921875,7.48537786421366e-05,100.87035369873047,-5.023501873016357,4.280114650726318,243.02645874023438,0.0009971678955480456,118.7104263305664,-1.0631859302520752,10.341171264648438,268.37432861328125,0.005366976372897625,100.95053100585938,-1.882560133934021,5.743681907653809,280.2264709472656,0.007414388004690409,82.45114135742188,-0.3061390519142151,5.778923511505127,290.86358642578125,0.012177085503935814,81.4374771118164,7.077152258716524e-05,6.723983824485913e-05,13.005559921264648,-3.563401460647583,4.553164482116699,7.077152258716524e-05,9.11709139472805e-05,76.77332305908203,4.50881814956665,0.6196535491862454,0.48807798019116744,4,14,87,ML_CTL_35_0004
CTL,35.0,856.0,8.0,0.0,12.315789222717285,292.5,-0.9238795325112866,0.38268343236509,-0.8660254037844385,-0.5000000000000004,-7.868123531341553,-0.7380966544151306,219.6693572998047,8.545524906367064e-05,102.13793182373047,-3.7214832305908203,4.604028701782227,243.32577514648438,0.0010694119846448302,125.31452178955078,-0.8138577938079834,8.083698272705078,268.57281494140625,0.005381946451961994,99.96886444091797,-2.7203450202941895,3.849402904510498,279.3216247558594,0.007719175890088081,91.21215057373047,-1.5670280456542969,4.151551246643066,290.6423645019531,0.01252523809671402,84.96196746826172,7.604456186527386e-05,8.41820947243832e-05,7.975741863250732,-3.338167667388916,3.990116834640503,7.604456186527386e-05,9.171919373329729e-05,77.98118591308594,5.965460777282715,0.6601192198286009,0.6638255452470545,4,15,87,ML_CTL_35_0004
CTL,35.0,857.0,8.0,6.0,12.315789222717285,290.0,-0.9396926207859083,0.342020143325669,-0.8660254037844385,-0.5000000000000004,-6.701420307159424,0.9544647336006165,219.12631225585938,7.745218317722902e-05,100.01803588867188,-5.959535121917725,1.1494464874267578,244.2728271484375,0.0011357106268405914,118.78700256347656,-1.7756673097610474,3.7852604389190674,268.22454833984375,0.004851176869124174,93.18898010253906,-1.4669429063796997,2.5084097385406494,279.32659912109375,0.008287576958537102,97.90077209472656,-0.9073264598846436,3.4179811477661133,289.8193359375,0.013209805823862553,94.4241943359375,8.182101009879261e-05,9.121761104324833e-05,6.296065330505371,-3.362178325653076,2.363112449645996,8.182101009879261e-05,9.121761104324833e-05,82.74745178222656,6.296065330505371,0.7624282817495832,1.1660388978649405,4,16,87,ML_CTL_35_0004
CTL,35.0,858.0,8.0,12.0,14.210526466369629,290.0,-0.9396926207859083,0.342020143325669,-0.8660254037844385,-0.5000000000000004,-7.429625511169434,2.5720713138580322,218.92108154296875,7.575183553854004e-05,101.26852416992188,-11.782238960266113,2.2117011547088623,243.71755981445312,0.0010388438822701573,113.4082260131836,-10.836745262145996,7.674339771270752,268.7577819824219,0.005465322639793158,100.04815673828125,-11.77259349822998,7.20859956741333,278.9526062011719,0.007710964418947697,93.59247589111328,-8.45617389678955,7.049704551696777,290.40533447265625,0.012196170166134834,83.91799926757812,8.485802391078323e-05,8.614175021648407e-05,4.5938005447387695,-10.055475234985352,5.343283176422119,8.485802391078323e-05,9.216975013259798e-05,76.58731079101562,4.5938005447387695,0.7997092756557277,1.3844783234057614,4,17,87,ML_CTL_35_0004
CTL,35.0,859.0,8.0,18.0,14.210526466369629,287.5,-0.9537169507482268,0.30070579950427345,-0.8660254037844385,-0.5000000000000004,-8.202101707458496,3.2778406143188477,220.00775146484375,8.95242701517418e-05,104.0331039428711,-14.348848342895508,-0.36509791016578674,245.1446990966797,0.0012053458485752344,114.356689453125,-9.77003002166748,2.353978395462036,268.9395751953125,0.005521438084542751,99.73741912841797,-8.949736595153809,4.642940044403076,278.82366943359375,0.008009188808500767,98.06876373291016,-7.8640522956848145,3.8313465118408203,290.1895446777344,0.012741812504827976,88.90157318115234,9.138962195720524e-05,0.00010029209806816652,0.6485724449157715,-9.826953887939453,2.748201370239258,9.138962195720524e-05,0.00010029209806816652,77.18344116210938,0.6485724449157715,0.7819172804979407,1.2768745174615392,4,18,87,ML_CTL_35_0004
CTL,35.0,860.0,8.0,0.0,14.210526466369629,285.0,-0.9659258262890684,0.2588190451025203,-0.8660254037844385,-0.5000000000000004,-11.924190521240234,5.088665008544922,220.56289672851562,9.234422032022849e-05,100.05574798583984,-16.80855369567871,-3.738049268722534,244.64991760253906,0.0011921031400561333,120.9824447631836,-11.132725715637207,-4.181316375732422,269.41192626953125,0.005848975386470556,101.5226058959961,-8.557883262634277,0.48551145195961,278.59576416015625,0.007967640645802021,99.15492248535156,-9.565601348876953,-0.5275790095329285,290.3971862792969,0.012510718777775764,86.1324462890625,9.164138464257121e-05,0.00010313208622392267,6.0913987159729,-11.59779167175293,-0.5745536088943481,9.164138464257121e-05,0.00010313208622392267,76.52136993408203,6.0913987159729,0.7650219627765033,1.1804124917729832,4,19,87,ML_CTL_35_0004
CTL,35.0,861.0,8.0,6.0,14.210526466369629,285.0,-0.9659258262890684,0.2588190451025203,-0.8660254037844385,-0.5000000000000004,-9.567294120788574,3.3634259700775146,219.93167114257812,8.686134242452681e-05,100.9473876953125,-11.472296714782715,1.3139142990112305,243.99520874023438,0.0011348507832735777,123.47964477539062,-5.082220554351807,6.65886926651001,268.7179260253906,0.0055510555393993855,101.75089263916016,-3.2626283168792725,9.492643356323242,278.53485107421875,0.007833770476281643,97.87539672851562,-3.7497074604034424,9.916779518127441,290.018310546875,0.012609953992068768,88.94369506835938,8.673979755258188e-05,0.00010384344932390377,8.763033866882324,-6.626829624176025,6.1491265296936035,8.673979755258188e-05,0.00010384344932390377,83.11161041259766,8.14389705657959,0.6882810866840325,0.7920954478446662,4,20,87,ML_CTL_35_0004
CTL,35.0,862.0,8.0,12.0,14.210526466369629,282.5,-0.9762960071199335,0.21643961393810246,-0.8660254037844385,-0.5000000000000004,-11.324652671813965,3.817310333251953,219.40267944335938,8.126784086925909e-05,101.11474609375,-12.681639671325684,-3.2847344875335693,243.4735870361328,0.001054568449035287,121.0982894897461,-5.57846212387085,-0.49355536699295044,269.7702941894531,0.005954904481768608,100.2074203491211,-2.412095785140991,5.30359411239624,278.65338134765625,0.008004706352949142,99.21717834472656,-2.8870441913604736,5.523539066314697,290.05120849609375,0.01256947685033083,88.47554016113281,9.11554234335199e-05,0.00010163993283640593,8.608394622802734,-6.976778984069824,2.1732306480407715,9.11554234335199e-05,0.00010163993283640593,81.71719360351562,5.284312725067139,0.744136325232876,1.0675794686886189,4,21,87,ML_CTL_35_0004
CTL,35.0,863.0,8.0,18.0,14.210526466369629,280.0,-0.9848077530122081,0.17364817766692997,-0.8660254037844385,-0.5000000000000004,-12.425355911254883,5.3554301261901855,219.47509765625,8.046167204156518e-05,99.990234375,-10.655647277832031,-6.161746978759766,242.9324951171875,0.0008980912389233708,111.13099670410156,-5.1186347007751465,-8.58935260772705,270.0370788574219,0.006116671487689018,100.77919006347656,-0.28774598240852356,-2.2401063442230225,279.9158935546875,0.00806017592549324,91.4652328491211,-0.048173509538173676,-1.7315547466278076,290.0281982421875,0.01238719467073679,87.30651092529297,8.290330151794478e-05,8.381407678825781e-05,14.262537956237793,-5.707111835479736,-2.673466205596924,8.290330151794478e-05,9.603091893950477e-05,77.25257110595703,6.804327487945557,0.7655647426172617,1.1834343252685406,4,22,87,ML_CTL_35_0004
CTL,35.0,864.0,8.0,0.0,16.105262756347656,280.0,-0.9848077530122081,0.17364817766692997,-0.8660254037844385,-0.5000000000000004,-8.150379180908203,5.289361000061035,219.1587371826172,7.629190076841041e-05,98.91077423095703,-9.293330192565918,-3.879852056503296,243.0840606689453,0.0007312743691727519,87.96276092529297,-9.616728782653809,-5.634790897369385,269.781005859375,0.006007392890751362,100.7230453491211,-6.829096794128418,-1.0962512493133545,279.92779541015625,0.00787855964154005,89.36565399169922,-5.929447650909424,0.6790052056312561,289.9874267578125,0.012289983220398426,86.84368133544922,8.662558684591204e-05,8.217788126785308e-05,5.11741304397583,-7.963797092437744,-0.9285055994987488,8.662558684591204e-05,0.0001014034787658602,73.0677719116211,5.11741304397583,0.9169225122816062,2.4012492081134234,4,23,87,ML_CTL_35_0004
CTL,35.0,865.0,8.0,6.0,16.105262756347656,280.0,-0.9848077530122081,0.17364817766692997,-0.8660254037844385,-0.5000000000000004,-6.231135845184326,3.1681315898895264,218.73098754882812,7.29041566955857e-05,99.85790252685547,-7.143915176391602,-2.253767251968384,242.86729431152344,0.0009089616360142827,108.75206756591797,-4.506699562072754,2.9107251167297363,269.85589599609375,0.006016701925545931,100.37017059326172,-1.958481788635254,5.402474880218506,279.2484130859375,0.007962001487612724,94.63045501708984,-1.075390338897705,6.358953475952148,289.7510681152344,0.012232846580445766,87.771240234375,8.756155148148537e-05,9.264756226912141e-05,6.063254356384277,-4.183124542236328,3.1173033714294434,8.756155148148537e-05,9.380253322888166e-05,75.29263305664062,6.063254356384277,0.8399313212071082,1.65771716243585,4,24,87,ML_CTL_35_0004
CTL,35.0,866.0,8.0,12.0,18.0,280.0,-0.9848077530122081,0.17364817766692997,-0.8660254037844385,-0.5000000000000004,-2.2784230709075928,1.9328875541687012,218.32931518554688,6.638380727963522e-05,95.4868392944336,-5.373748302459717,1.8472493886947632,242.7747802734375,0.0009107925579883158,108.66657257080078,-5.561141014099121,8.052596092224121,269.950439453125,0.006053849123418331,100.37330627441406,-5.442355155944824,9.4683837890625,279.0973205566406,0.007705489173531532,92.56501770019531,-5.129665374755859,11.085047721862793,289.794677734375,0.011819066479802132,84.58847045898438,8.164886094164103e-05,8.06302996352315e-05,9.58601188659668,-4.757066249847412,6.477232933044434,8.164886094164103e-05,8.681985491421074e-05,74.19889831542969,8.906649589538574,0.8128947250139938,1.4689301853483885,4,25,87,ML_CTL_35_0004
CTL,35.0,867.0,8.0,18.0,18.0,277.5,-0.9914448613738105,0.13052619222005127,-0.8660254037844385,-0.5000000000000004,-4.027645111083984,3.4624035358428955,218.7015838623047,7.013889990048483e-05,97.53021240234375,-3.4399402141571045,0.09427834302186966,242.5808868408203,0.0007549701258540154,91.11209106445312,-0.6857956051826477,-5.205191135406494,270.1309509277344,0.00615690927952528,100.46946716308594,-2.0235862731933594,-1.9674911499023438,280.4000549316406,0.007870335131883621,86.3921890258789,-1.7067666053771973,-0.07449068874120712,289.72149658203125,0.011850846000015736,85.18748474121094,8.425446867477149e-05,7.317620475078002e-05,4.230378150939941,-2.376746654510498,-0.7380982637405396,8.425446867477149e-05,8.68398929014802e-05,70.92647552490234,4.230378150939941,0.9007520669068022,2.2056089501834757,4,26,87,ML_CTL_35_0004
CTL,35.0,868.0,8.0,0.0,18.0,277.5,-0.9914448613738105,0.13052619222005127,-0.8660254037844385,-0.5000000000000004,-5.656051158905029,1.5097581148147583,218.5004119873047,7.13132249074988e-05,100.4268569946289,-0.05152212455868721,-0.22154980897903442,243.6680145263672,0.0009375855443067849,102.70399475097656,3.110988140106201,-1.1999804973602295,270.045654296875,0.006108068395406008,100.70391082763672,1.9157637357711792,1.8961879014968872,280.38958740234375,0.008233116008341312,90.53380584716797,2.1334779262542725,3.764889717102051,289.643310546875,0.011726295575499535,84.72391510009766,8.668084774399176e-05,8.731084380997345e-05,8.109400749206543,0.2905312776565552,1.1498610973358154,8.668084774399176e-05,9.335826325695962e-05,71.1803207397461,4.045324802398682,0.841997232763829,1.6731641807065833,4,27,87,ML_CTL_35_0004
CTL,35.0,869.0,8.0,6.0,19.894737243652344,277.5,-0.9914448613738105,0.13052619222005127,-0.8660254037844385,-0.5000000000000004,-2.234886407852173,2.0176937580108643,218.63235473632812,7.22584591130726e-05,99.8393325805664,-0.40736356377601624,-0.14999963343143463,244.10983276367188,0.001044142059981823,107.75542449951172,-2.2277286052703857,5.286780834197998,269.9648742675781,0.0060736993327736855,100.87890625,-3.7536492347717285,6.5409016609191895,278.9736328125,0.008004775270819664,97.1260757446289,-2.086528778076172,9.117253303527832,289.2699890136719,0.011634312570095062,86.12230682373047,8.742416684981436e-05,0.00010207364539382979,7.101109504699707,-2.14203143119812,4.562525749206543,8.742416684981436e-05,0.00010207364539382979,70.63951110839844,7.101109504699707,0.8365722730467587,1.6329420604063678,4,28,87,ML_CTL_35_0004
CTL,35.0,870.0,8.0,12.0,19.894737243652344,277.5,-0.9914448613738105,0.13052619222005127,-0.8660254037844385,-0.5000000000000004,-3.942699670791626,-1.5292965173721313,219.9748077392578,8.59942811075598e-05,99.88195037841797,0.7859289050102234,0.13126039505004883,245.05943298339844,0.0011842651292681694,113.3647232055664,3.402156114578247,10.475564956665039,269.625,0.005938151851296425,101.1987533569336,1.087240219116211,12.21190357208252,279.0078125,0.008350093849003315,101.01649475097656,2.621825695037842,12.347612380981445,288.48199462890625,0.012014481239020824,93.52281188964844,7.790023664711043e-05,9.518369915895164e-05,15.351273536682129,0.7908902764320374,6.727409362792969,7.790023664711043e-05,9.518369915895164e-05,71.83895874023438,10.183116912841797,0.6982500278364953,0.8389784769639272,4,29,87,ML_CTL_35_0004
CTL,35.0,871.0,8.0,18.0,21.789474487304688,275.0,-0.9961946980917455,0.08715574274765789,-0.8660254037844385,-0.5000000000000004,-4.160791873931885,3.9206016063690186,219.04165649414062,7.53168496885337e-05,98.99591064453125,-2.4442360401153564,0.037346601486206055,243.70697021484375,0.0010396253783255816,112.84005737304688,0.4634625017642975,0.5388892889022827,270.4593505859375,0.00630876375362277,100.83494567871094,-0.7687097191810608,1.195567011833191,279.61505126953125,0.008187170140445232,94.99000549316406,-1.638191819190979,4.158071041107178,289.1181335449219,0.011595389805734158,86.68197631835938,8.341463399119675e-05,9.419589332537726e-05,2.533752918243408,-1.7096935510635376,1.9700950384140015,8.341463399119675e-05,9.419589332537726e-05,72.81452941894531,2.533752918243408,0.8301174659103857,1.5864599936972206,4,30,87,ML_CTL_35_0004
CTL,35.0,872.0,8.0,0.0,23.6842098236084,275.0,-0.9961946980917455,0.08715574274765789,-0.8660254037844385,-0.5000000000000004,-1.5792888402938843,4.643288612365723,219.39060974121094,7.956546323839575e-05,99.81866455078125,-6.467990875244141,2.302954912185669,244.6922607421875,0.0011239165905863047,109.9703140258789,-8.959476470947266,7.1016316413879395,269.9515380859375,0.0060905334539711475,101.23774719238281,-9.35108757019043,7.541269302368164,279.1717224121094,0.008151533082127571,97.52278900146484,-7.138913154602051,11.398256301879883,288.9817199707031,0.011616341769695282,87.59612274169922,7.982098031789064e-05,0.00010013142309617251,8.7486572265625,-6.6993513107299805,6.597479820251465,7.982098031789064e-05,0.00010013142309617251,73.04759979248047,8.7486572265625,0.8136126313855464,1.4736572349042114,4,31,87,ML_CTL_35_0004
CTL,35.0,873.0,8.0,6.0,23.6842098236084,272.5,-0.9990482215818578,0.043619387365335764,-0.8660254037844385,-0.5000000000000004,-2.179149866104126,6.817715167999268,219.00247192382812,7.817861478542909e-05,103.68611907958984,-4.533531188964844,1.5279641151428223,244.09764099121094,0.0010470078559592366,108.73735046386719,-1.9736583232879639,-0.9536458253860474,270.35772705078125,0.0062573691830039024,100.68480682373047,-1.296409010887146,1.6414674520492554,280.08319091796875,0.00813040416687727,91.401611328125,-0.9098512530326843,3.2998759746551514,289.58233642578125,0.011094382964074612,80.51986694335938,7.628819003002718e-05,8.919520769268274e-05,3.7398276329040527,-2.1785197257995605,2.466675281524658,7.628819003002718e-05,8.919520769268274e-05,74.42475891113281,3.7398276329040527,0.8204273847469619,1.519245737468193,4,32,87,ML_CTL_35_0004
CTL,35.0,874.0,8.0,12.0,25.578947067260742,272.5,-0.9990482215818578,0.043619387365335764,-0.8660254037844385,-0.5000000000000004,-0.08868815004825592,7.942655563354492,219.18887329101562,8.025862916838378e-05,103.81692504882812,-7.313510417938232,6.1942524909973145,244.16213989257812,0.0010751865338534117,111.3311767578125,-10.430009841918945,5.158326148986816,270.2524108886719,0.006208877079188824,100.77215576171875,-8.08382511138916,7.122710227966309,279.8570861816406,0.00830067042261362,94.7499771118164,-7.073164463043213,10.050251960754395,289.1177062988281,0.011779709719121456,88.02147674560547,7.891610584920272e-05,8.416361379204318e-05,7.29553747177124,-6.597840309143066,7.293639183044434,7.891610584920272e-05,8.416361379204318e-05,77.53482818603516,7.29553747177124,0.7935846301956586,1.3466696916488954,4,33,87,ML_CTL_35_0004
CTL,35.0,875.0,8.0,18.0,25.578947067260742,270.0,-1.0,-1.8369701987210297e-16,-0.8660254037844385,-0.5000000000000004,-4.100752353668213,6.235805988311768,220.627685546875,9.328294254373759e-05,99.85357666015625,-3.8942112922668457,3.8588335514068604,245.781494140625,0.001210722024552524,107.24444580078125,-2.453644037246704,-0.2524297535419464,270.389404296875,0.006289879325777292,101.14849853515625,-2.105207681655884,0.6948893070220947,280.8998718261719,0.008443216793239117,89.73825073242188,-1.4661762714385986,1.6326665878295898,289.8878479003906,0.011200716719031334,79.67601013183594,8.277918823296204e-05,9.227903501596302e-05,5.3037614822387695,-2.8039982318878174,2.433953046798706,8.277918823296204e-05,9.227903501596302e-05,77.78492736816406,5.3037614822387695,0.846476511786835,1.7072288807454914,4,34,87,ML_CTL_35_0004
CTL,35.0,876.0,8.0,0.0,27.473684310913086,270.0,-1.0,-1.8369701987210297e-16,-0.8660254037844385,-0.5000000000000004,-2.18733286857605,4.629772663116455,221.54690551757812,0.00010439403558848426,99.90940856933594,-7.896435737609863,3.3630313873291016,245.7994384765625,0.001277111703529954,114.2315902709961,-9.974925994873047,2.5266001224517822,270.4814453125,0.0063183922320604324,100.92256164550781,-8.522171974182129,5.80607271194458,280.0772705078125,0.008347970433533192,93.93688201904297,-8.693190574645996,8.221144676208496,289.919921875,0.011374126188457012,80.78424835205078,8.276395237771794e-05,9.804512228583917e-05,7.4312944412231445,-7.454812049865723,4.909324645996094,8.276395237771794e-05,9.804512228583917e-05,74.31079864501953,7.4312944412231445,0.802599259837015,1.402619659074285,4,35,87,ML_CTL_35_0004
CTL,35.0,877.0,8.0,6.0,27.473684310913086,267.5,-0.9990482215818578,-0.04361938736533613,-0.8660254037844385,-0.5000000000000004,-5.546567916870117,4.524984359741211,220.41986083984375,9.54435599851422e-05,105.69380950927734,-3.4222190380096436,-0.2324448525905609,245.46932983398438,0.0012439535930752754,114.53177642822266,-4.161110877990723,-5.986050605773926,270.748046875,0.006458286661654711,100.8582992553711,-2.9783835411071777,-2.8495585918426514,281.57708740234375,0.008182276971638203,82.93168640136719,-2.3660213947296143,0.24600985646247864,289.9822998046875,0.011329553090035915,80.14237976074219,8.32142832223326e-05,8.274063293356448e-05,5.331556797027588,-3.6948609352111816,-0.8594120144844055,8.32142832223326e-05,9.967299411073327e-05,78.3958511352539,5.331556797027588,0.7753377493258058,1.2387005737011845,4,36,87,ML_CTL_35_0004
CTL,35.0,878.0,8.0,12.0,27.473684310913086,267.5,-0.9990482215818578,-0.04361938736533613,-0.8660254037844385,-0.5000000000000004,-6.183371067047119,1.5431535243988037,221.1233673095703,9.935789421433583e-05,99.92891693115234,-0.7315051555633545,0.8451324105262756,246.13845825195312,0.0013507496332749724,117.05256652832031,1.8134181499481201,-0.9600397944450378,270.6976623535156,0.006422610953450203,100.8793716430664,2.646646499633789,0.867496132850647,280.8077697753906,0.008783754892647266,93.9123306274414,1.9111864566802979,2.5638585090637207,289.5251770019531,0.011562713421881199,84.21786499023438,8.722204802324995e-05,9.234639583155513e-05,8.158658027648926,-0.1087249293923378,0.9719201326370239,8.722204802324995e-05,9.234639583155513e-05,80.74211120605469,5.23050594329834,0.7691877655663433,1.2037305661477977,4,37,87,ML_CTL_35_0004
CTL,35.0,879.0,8.0,18.0,29.36842155456543,267.5,-0.9990482215818578,-0.04361938736533613,-0.8660254037844385,-0.5000000000000004,-5.418957710266113,3.6393558979034424,222.4257049560547,0.00011705646465998143,100.0735092163086,-1.4321540594100952,1.4513273239135742,246.99496459960938,0.001466498477384448,117.42559814453125,-1.8086320161819458,-0.10311953723430634,270.6889953613281,0.006413462106138468,100.92957305908203,-2.9441118240356445,3.2773826122283936,280.5213623046875,0.008677409030497074,94.57149505615234,-3.715137004852295,5.278059959411621,289.83831787109375,0.011602101847529411,82.82515716552734,9.127313387580216e-05,0.00010700412531150505,2.3639702796936035,-3.063798427581787,2.708601236343384,9.127313387580216e-05,0.00010700412531150505,80.86945343017578,2.3639702796936035,0.7550416726428429,1.1256848396216363,4,38,87,ML_CTL_35_0004
CTL,35.0,880.0,8.0,0.0,29.36842155456543,267.5,-0.9990482215818578,-0.04361938736533613,-0.8660254037844385,-0.5000000000000004,-3.1638545989990234,1.4533183574676514,222.87667846679688,0.00012721659732051194,102.39445495605469,1.8475375175476074,-2.6874780654907227,246.79661560058594,0.0014984816079959273,124.19667053222656,3.3153791427612305,0.3835764229297638,270.5707702636719,0.006363685242831707,100.96697235107422,3.035723924636841,5.685312747955322,281.3073425292969,0.009126071818172932,94.25367736816406,3.0687403678894043,8.009594917297363,289.91143798828125,0.011746266856789589,83.43807983398438,8.658513252157718e-05,0.00010898031905526295,9.04599380493164,1.6207053661346436,2.5688648223876953,8.658513252157718e-05,0.00010898031905526295,75.18769073486328,6.632107257843018,0.694147833872034,0.819583086943777,4,39,87,ML_CTL_35_0004
CTL,35.0,881.0,8.0,6.0,31.263158798217773,267.5,-0.9990482215818578,-0.04361938736533613,-0.8660254037844385,-0.5000000000000004,0.7212578058242798,2.537121057510376,222.24337768554688,0.0001052826046361588,92.11296081542969,-3.4958367347717285,-1.6857070922851562,244.7937469482422,0.0011580028804019094,115.49762725830078,-1.4744230508804321,1.9974433183670044,270.5447998046875,0.006344289053231478,100.75927734375,-0.5089231133460999,7.275224685668945,281.2457580566406,0.009117428213357925,94.525634765625,0.7378174662590027,8.109784126281738,289.7412109375,0.01246921718120575,89.59491729736328,9.378741378895938e-05,9.230586874764413e-05,5.572688102722168,-0.8040215373039246,3.64677357673645,9.378741378895938e-05,9.230586874764413e-05,74.61112976074219,5.572688102722168,0.863973211266418,1.848689920523642,4,40,87,ML_CTL_35_0004
CTL,35.0,882.0,8.0,12.0,31.263158798217773,267.5,-0.9990482215818578,-0.04361938736533613,-0.8660254037844385,-0.5000000000000004,0.6287126541137695,2.8145198822021484,221.6425323486328,9.509250958217308e-05,90.07354736328125,-1.1084295511245728,1.3528361320495605,244.74148559570312,0.0011278290767222643,111.53926086425781,3.670668601989746,2.238278865814209,270.7048034667969,0.006416701711714268,100.6239013671875,5.394473075866699,6.809082508087158,281.9809875488281,0.009039540775120258,89.10741424560547,5.911879062652588,6.448215961456299,289.80438232421875,0.012787791900336742,91.43635559082031,8.895985229173675e-05,8.407865243498236e-05,6.412144184112549,2.899460554122925,3.932586669921875,8.895985229173675e-05,8.407865243498236e-05,72.81104278564453,6.412144184112549,0.8620330401426086,1.8322793643928343,4,41,87,ML_CTL_35_0004
CTL,35.0,883.0,8.0,18.0,33.157894134521484,267.5,-0.9990482215818578,-0.04361938736533613,-0.8660254037844385,-0.5000000000000004,5.880159854888916,8.080948829650879,221.1671905517578,7.67112142057158e-05,78.55387878417969,3.4762847423553467,2.9222652912139893,244.19090270996094,0.0008704658248461783,89.60067749023438,0.34075650572776794,-2.322549343109131,270.72100830078125,0.0064025032334029675,99.65857696533203,1.2190824747085571,3.0768680572509766,282.9120178222656,0.008841931819915771,81.80387115478516,0.7843888401985168,6.173748016357422,290.57379150390625,0.01368954498320818,93.17304229736328,8.54234240250662e-05,7.460378401447088e-05,5.440982818603516,2.340134382247925,3.5862560272216797,8.54234240250662e-05,7.499645289499313e-05,74.58776092529297,5.440982818603516,0.9533283513209596,3.0168225035939926,4,42,87,ML_CTL_35_0004
CTL,35.0,884.0,8.0,0.0,33.157894134521484,267.5,-0.9990482215818578,-0.04361938736533613,-0.8660254037844385,-0.5000000000000004,9.0286226272583,7.099903106689453,221.0799560546875,6.671952723991126e-05,69.44441986083984,5.6448893547058105,-0.5800325870513916,244.0573272705078,0.00035938876681029797,38.163002014160156,0.8240067958831787,-4.855005741119385,270.2205505371094,0.004963443148881197,78.07150268554688,3.0324394702911377,0.11755557358264923,283.802978515625,0.008604852482676506,74.94488525390625,6.031820297241211,3.1124258041381836,291.0382995605469,0.013829187490046024,91.39430236816406,7.289778295671567e-05,5.769052222603932e-05,4.988065719604492,4.912355899810791,0.9789692759513855,7.289778295671567e-05,7.476655446225777e-05,69.91796875,2.9111263751983643,0.9861193693660896,4.263283022774449,4,43,87,ML_CTL_35_0004
CTL,35.0,885.0,8.0,6.0,35.05263137817383,270.0,-1.0,-1.8369701987210297e-16,-0.8660254037844385,-0.5000000000000004,12.103121757507324,7.437933921813965,220.60525512695312,7.373281550826505e-05,80.07942199707031,6.106698989868164,3.4493188858032227,243.65859985351562,0.0008391539449803531,92.38822174072266,5.541869640350342,2.663886070251465,269.5350036621094,0.005735406652092934,97.72705841064453,5.392867088317871,8.14236068725586,281.6346435546875,0.009334947913885117,94.14884948730469,5.339672565460205,9.338629722595215,290.5684814453125,0.013834410347044468,94.23793029785156,6.985801155678928e-05,6.053423567209393e-05,7.025445938110352,6.896845817565918,6.20642614364624,6.985801155678928e-05,6.053423567209393e-05,73.70169830322266,5.311395168304443,0.9101114406679262,2.3149963808385445,4,44,87,ML_CTL_35_0004
CTL,35.0,886.0,8.0,12.0,35.05263137817383,270.0,-1.0,-1.8369701987210297e-16,-0.8660254037844385,-0.5000000000000004,12.565018653869629,8.017261505126953,220.3637237548828,6.874054815853015e-05,79.109130859375,7.621676921844482,5.408344268798828,242.94735717773438,0.0004909754497930408,59.052215576171875,6.506679058074951,1.0779478549957275,269.5517578125,0.004318755120038986,71.75675964355469,6.9330220222473145,3.106937885284424,283.0597839355469,0.009000682272017002,82.51761627197266,6.844566822052002,5.712127685546875,290.56146240234375,0.014222873374819756,96.90497589111328,6.673220923403278e-05,3.930774983018637e-05,6.167431354522705,8.094192504882812,4.664523601531982,6.673220923403278e-05,5.1899594836868346e-05,72.93419647216797,3.740370273590088,0.9576120744458848,3.1175792162199274,4,45,87,ML_CTL_35_0004
CTL,35.0,887.0,8.0,18.0,36.94736862182617,272.5,-0.9990482215818578,0.043619387365335764,-0.8660254037844385,-0.5000000000000004,14.291313171386719,11.69113826751709,219.86102294921875,6.903574103489518e-05,82.52207946777344,10.928064346313477,8.669583320617676,242.4550018310547,0.0007553355535492301,96.36674499511719,8.208874702453613,3.3815717697143555,270.0311584472656,0.006008620373904705,98.0411148071289,7.324687480926514,5.333622932434082,282.60784912109375,0.009054778143763542,85.37147521972656,7.080066680908203,8.70089054107666,290.7249755859375,0.014523725025355816,97.93877410888672,5.77127757424023e-05,4.035056190332398e-05,7.806642055511475,9.566601753234863,7.555361270904541,5.77127757424023e-05,4.752656241180375e-05,72.66816711425781,3.00961971282959,0.7472643123719556,1.0840747246703728,4,46,87,ML_CTL_35_0004
CTL,35.0,888.0,8.0,0.0,36.94736862182617,272.5,-0.9990482215818578,0.043619387365335764,-0.8660254037844385,-0.5000000000000004,16.706897735595703,8.913650512695312,220.20162963867188,6.745458813384175e-05,79.29978942871094,12.215185165405273,7.402729034423828,242.0866241455078,0.0004281904548406601,58.95859146118164,7.2552947998046875,2.0223424434661865,269.5053405761719,0.00496360519900918,81.24076843261719,5.6109490394592285,0.7924469113349915,283.8348693847656,0.008523833937942982,74.02084350585938,7.800604343414307,2.6752827167510986,291.13067626953125,0.014752275310456753,97.00028991699219,6.147643580334261e-05,2.66113638645038e-05,10.87378978729248,9.917786598205566,4.361290454864502,6.147643580334261e-05,4.4666736357612535e-05,65.75047302246094,0.6653864979743958,0.8851952622958863,2.042575503800598,4,47,87,ML_CTL_35_0004
CTL,35.0,889.0,8.0,6.0,38.842105865478516,275.0,-0.9961946980917455,0.08715574274765789,-0.8660254037844385,-0.5000000000000004,17.053598403930664,9.663565635681152,219.89276123046875,4.6309844037750736e-05,55.84843063354492,14.028487205505371,8.742568016052246,240.96238708496094,0.00035831471905112267,55.90779495239258,7.993168830871582,0.08179081976413727,268.4833068847656,0.004390349145978689,78.51935577392578,5.103291988372803,-0.06213220953941345,282.8493957519531,0.008480120450258255,78.61711120605469,3.3406660556793213,-0.709255576133728,290.5325927734375,0.013487178832292557,92.04549407958984,5.115621752338484e-05,1.5945459381327964e-05,17.194183349609375,9.5038423538208,3.5433075428009033,5.115621752338484e-05,4.09723688790109e-05,67.26250457763672,1.9350810050964355,0.8692135834330865,1.894023291018148,4,48,87,ML_CTL_35_0004
CTL,35.0,890.0,8.0,12.0,36.94736862182617,275.0,-0.9961946980917455,0.08715574274765789,-0.8660254037844385,-0.5000000000000004,15.04750919342041,10.286467552185059,219.434326171875,7.421003829222172e-05,93.6423110961914,15.769658088684082,9.42949104309082,241.41494750976562,0.00044697741395793855,68.36524963378906,9.611652374267578,1.5630793571472168,268.3722839355469,0.002924483036622405,53.24734878540039,8.84150505065918,0.07662293314933777,283.728759765625,0.00849264208227396,74.34114074707031,7.965531349182129,1.3276643753051758,290.66851806640625,0.014535629190504551,98.35468292236328,4.2135365220019594e-05,1.0978103091474622e-05,11.419919967651367,11.447171211242676,4.5366644859313965,4.2135365220019594e-05,2.044292887148913e-05,63.5295524597168,3.412006378173828,0.6438389503930859,0.5920656027081423,4,49,87,ML_CTL_35_0004
CTL,35.0,891.0,8.0,18.0,40.73684310913086,282.5,-0.9762960071199335,0.21643961393810246,-0.8660254037844385,-0.5000000000000004,25.521774291992188,8.761030197143555,219.5004119873047,6.696565833408386e-05,84.34001159667969,20.60419464111328,4.620109558105469,241.12721252441406,0.00037790878559462726,59.371707916259766,7.1844987869262695,-2.0652310848236084,268.1321105957031,0.0047721839509904385,89.21528625488281,3.23820424079895,-1.3122371435165405,281.65972900390625,0.007707854267209768,77.38968658447266,1.6103376150131226,1.4675606489181519,290.81951904296875,0.013000925071537495,87.04391479492188,4.231985076330602e-05,1.7257154468097724e-05,24.9990291595459,11.63180160522461,2.2942464351654053,4.231985076330602e-05,3.0449287805822678e-05,78.73258209228516,2.983696460723877,0.6764856358609237,0.7376676991240441,4,50,87,ML_CTL_35_0004
CTL,35.0,892.0,8.0,0.0,38.842105865478516,282.5,-0.9762960071199335,0.21643961393810246,-0.8660254037844385,-0.5000000000000004,23.13804817199707,6.981528282165527,221.11582946777344,9.64988794294186e-05,99.63671875,20.061731338500977,2.667823314666748,242.419921875,0.000535163504537195,70.97811126708984,8.790807723999023,-2.007077217102051,269.440185546875,0.004261511843651533,69.50843048095703,5.14593505859375,-2.198700428009033,283.1688537597656,0.00901470985263586,81.80484008789062,6.6680474281311035,-1.9394171237945557,291.35113525390625,0.014022073708474636,90.88040161132812,4.6812896471237764e-05,1.1413887477829121e-05,18.7308349609375,12.760913848876953,0.7008312940597534,4.6812896471237764e-05,1.4961473425501026e-05,74.18228149414062,1.5731995105743408,0.6399071192310719,0.5749610393112019,4,51,87,ML_CTL_35_0004
CTL,35.0,893.0,8.0,6.0,38.842105865478516,285.0,-0.9659258262890684,0.2588190451025203,-0.8660254037844385,-0.5000000000000004,24.13661766052246,1.8057715892791748,220.12417602539062,8.586558396928012e-05,99.79700469970703,18.744525909423828,-0.16672399640083313,241.94105529785156,0.00046118846512399614,64.54679107666016,7.605825901031494,-2.2473034858703613,269.07012939453125,0.004437921568751335,73.78944396972656,4.3451409339904785,-1.5223848819732666,282.7161560058594,0.009066411294043064,84.94226837158203,2.56660532951355,-1.090814232826233,291.2586669921875,0.01411595568060875,91.99888610839844,5.201626481721178e-05,1.47060418385081e-05,21.76363182067871,11.479743003845215,-0.6442910432815552,5.201626481721178e-05,2.1927864509052597e-05,77.95367431640625,7.359645366668701,0.7595354990806373,1.1501345876840343,4,52,87,ML_CTL_35_0004
CTL,35.0,894.0,8.0,12.0,38.842105865478516,287.5,-0.9537169507482268,0.30070579950427345,-0.8660254037844385,-0.5000000000000004,24.104345321655273,-2.6985676288604736,219.83340454101562,6.919251609360799e-05,83.20820617675781,17.42169761657715,-1.5189363956451416,240.8539581298828,0.00047233005170710385,69.44505310058594,6.002610683441162,-2.3811256885528564,268.9385681152344,0.00508828554302454,87.80325317382812,1.498401165008545,-1.921492576599121,282.1881408691406,0.009042979218065739,87.90180969238281,-1.950126051902771,0.5627450346946716,290.7847900390625,0.013517558574676514,90.79642486572266,5.114877058076672e-05,1.1497653758851811e-05,26.257793426513672,9.415385246276855,-1.591475486755371,5.114877058076672e-05,2.15342479350511e-05,81.20614624023438,3.076059579849243,0.7222439845512285,0.9556199244825145,4,53,87,ML_CTL_35_0004
CTL,35.0,895.0,8.0,18.0,36.94736862182617,292.5,-0.9238795325112866,0.38268343236509,-0.8660254037844385,-0.5000000000000004,22.83176040649414,-5.5853753089904785,219.4307403564453,6.640578067163005e-05,84.81786346435547,18.823158264160156,-3.4826972484588623,241.81190490722656,0.0007342472672462463,97.09205627441406,4.421591758728027,-5.700555324554443,269.6972961425781,0.005647086538374424,94.6218032836914,3.0012407302856445,-2.732478380203247,281.7193908691406,0.00939629040658474,94.34092712402344,0.8125869035720825,1.007617473602295,289.69012451171875,0.012613060884177685,90.91118621826172,5.681443144567311e-05,9.767022675077897e-06,22.985027313232422,9.978067398071289,-3.2986977100372314,5.681443144567311e-05,4.0793947846395895e-05,84.39124298095703,0.2685632109642029,0.6229186866751317,0.5019551418854313,4,54,87,ML_CTL_35_0004
CTL,35.0,896.0,8.0,0.0,36.94736862182617,292.5,-0.9238795325112866,0.38268343236509,-0.8660254037844385,-0.5000000000000004,22.902626037597656,-6.596096992492676,220.2980499267578,4.67270911030937e-05,53.732173919677734,18.649761199951172,-6.581580638885498,241.38238525390625,0.0002907875750679523,39.44947814941406,3.3027992248535156,-4.467187404632568,268.9142150878906,0.004715303424745798,82.38057708740234,-0.9941179156303406,-1.4961904287338257,282.65631103515625,0.008977599442005157,84.57978820800781,-2.414217233657837,0.7965397238731384,289.869873046875,0.012590045109391212,89.68431091308594,5.813841926283203e-05,9.872540431388188e-06,26.374109268188477,8.289369583129883,-3.668903350830078,5.813841926283203e-05,4.2703784856712446e-05,80.43126678466797,6.608827590942383,0.9192944178054424,2.4327986935692687,4,55,87,ML_CTL_35_0004
CTL,35.0,897.0,8.0,6.0,35.05263137817383,295.0,-0.9063077870366498,0.4226182617406996,-0.8660254037844385,-0.5000000000000004,25.37525749206543,-5.278774261474609,220.15118408203125,5.995950414217077e-05,71.15535736083984,16.11155128479004,-5.0436930656433105,240.9140625,0.0004146924475207925,57.99686813354492,2.2190234661102295,-4.515339374542236,269.7579650878906,0.005352200008928776,88.64225006103516,3.178816795349121,-2.300853967666626,281.8027648925781,0.009416560642421246,93.96343231201172,3.140709638595581,-0.3895282447338104,290.6033020019531,0.01384293008595705,94.08065795898438,6.470305379480124e-05,1.4195617950463202e-05,22.76576042175293,10.005071640014648,-3.5056376457214355,6.470305379480124e-05,3.790836490225047e-05,81.76768493652344,1.3303900957107544,0.8830468746614264,2.021605068492737,4,56,87,ML_CTL_35_0004
CTL,35.0,898.0,8.0,12.0,35.05263137817383,295.0,-0.9063077870366498,0.4226182617406996,-0.8660254037844385,-0.5000000000000004,23.38526725769043,-4.636145114898682,220.24635314941406,6.0476635553641245e-05,71.58129119873047,14.523788452148438,-2.868298292160034,240.44052124023438,0.0003501395112834871,51.846256256103516,3.1919617652893066,-4.4432878494262695,269.7974548339844,0.004654239397495985,76.72297668457031,-0.5567455291748047,-2.793116807937622,282.8748474121094,0.009043797850608826,83.9354248046875,-1.013013243675232,-1.0887714624404907,291.063720703125,0.013484924100339413,88.99927520751953,7.292618829524145e-05,1.5549207091680728e-05,24.654815673828125,7.906252384185791,-3.165923833847046,7.292618829524145e-05,3.9619702874915674e-05,76.6629409790039,6.808701992034912,0.9463315518547312,2.8697677142777827,4,57,87,ML_CTL_35_0004
CTL,35.0,899.0,8.0,18.0,35.05263137817383,295.0,-0.9063077870366498,0.4226182617406996,-0.8660254037844385,-0.5000000000000004,17.609535217285156,-4.334610462188721,219.7287139892578,4.312764940550551e-05,54.4375,13.168272018432617,-3.928805351257324,240.705810546875,0.0001485664542997256,23.051027297973633,2.4746439456939697,-6.31605863571167,269.27960205078125,0.0033298712223768234,54.52016830444336,-4.3627824783325195,-3.656642436981201,283.7677917480469,0.008375423960387707,73.14131927490234,-4.5985260009765625,-2.162665367126465,291.3801574707031,0.01304606068879366,84.36895751953125,7.205385918496177e-05,1.8039463611785322e-05,22.314016342163086,4.858229160308838,-4.079756736755371,7.205385918496177e-05,5.2003157179569826e-05,69.21405792236328,3.2984485626220703,0.9828813576168048,4.050320351156546,4,58,87,ML_CTL_35_0004
CTL,35.0,900.0,8.0,0.0,33.157894134521484,297.5,-0.8870108331782216,0.4617486132350341,-0.8660254037844385,-0.5000000000000004,20.2467041015625,7.010174751281738,220.7044677734375,7.35433932277374e-05,81.03216552734375,13.990628242492676,-0.35920679569244385,241.95574951171875,0.0002504262956790626,33.10511016845703,0.6638776659965515,-6.439068794250488,269.7301025390625,0.0052948337979614735,85.88775634765625,3.700047731399536,-0.49941444396972656,282.56396484375,0.009671925567090511,91.69914245605469,5.470343112945557,3.292724609375,290.9095153808594,0.014135303907096386,94.19409942626953,8.12133657746017e-05,3.402689617360011e-05,15.236806869506836,8.81432056427002,0.6010419130325317,8.12133657746017e-05,5.8787907619262114e-05,75.2328109741211,0.8094032406806946,0.9577665752788936,3.121392127374115,4,59,87,ML_CTL_35_0004
CTL,35.0,901.0,8.0,6.0,33.157894134521484,297.5,-0.8870108331782216,0.4617486132350341,-0.8660254037844385,-0.5000000000000004,17.517658233642578,4.340290069580078,221.28793334960938,9.29407324292697e-05,97.03186798095703,12.461177825927734,1.1538357734680176,241.6842803955078,0.00021603524510283023,30.777812957763672,1.382007122039795,-5.106239318847656,268.796630859375,0.00392250157892704,63.28119659423828,1.6698914766311646,-2.07267427444458,283.11004638671875,0.00942272786051035,85.98435974121094,2.9101109504699707,1.4111727476119995,290.7642822265625,0.01425762940198183,95.87980651855469,8.907108713174239e-05,3.0192923077265732e-05,14.898327827453613,7.188169002532959,-0.05472300201654434,8.907108713174239e-05,5.3993604524293914e-05,72.91349029541016,3.3006410598754883,0.971615492581821,3.533116659556816,4,60,87,ML_CTL_35_0004
CTL,35.0,902.0,8.0,12.0,33.157894134521484,297.5,-0.8870108331782216,0.4617486132350341,-0.8660254037844385,-0.5000000000000004,13.152036666870117,6.343493938446045,221.4638214111328,0.00010131742601515725,102.46772766113281,9.902390480041504,2.5074779987335205,240.98837280273438,0.00020138277614023536,30.970056533813477,1.84353506565094,-5.806146621704102,268.6292419433594,0.0020661901216953993,34.14165496826172,-0.5302287340164185,-3.1515769958496094,283.59771728515625,0.008806554600596428,77.78689575195312,1.0083104372024536,-0.13453899323940277,290.8835754394531,0.01431031059473753,95.46723175048828,8.825746044749394e-05,3.68057590094395e-05,13.76353931427002,5.07520866394043,-0.048258088529109955,8.825746044749394e-05,6.114217103458941e-05,68.49793243408203,2.5087621212005615,0.9764159525644431,3.7233181491802467,4,61,87,ML_CTL_35_0004
CTL,35.0,903.0,8.0,18.0,33.157894134521484,297.5,-0.8870108331782216,0.4617486132350341,-0.8660254037844385,-0.5000000000000004,11.198141098022461,6.148612022399902,220.6141815185547,8.232008258346468e-05,89.29457092285156,9.008683204650879,1.2891374826431274,241.06826782226562,0.00016667185991536826,27.5380916595459,1.1696627140045166,-6.904521942138672,268.623291015625,0.0010907865362241864,18.888364791870117,-0.18440349400043488,-3.3838717937469482,284.16656494140625,0.007871635258197784,66.84232330322266,1.1309512853622437,-0.7783801555633545,290.9176330566406,0.014275477267801762,95.01207733154297,8.557087130611762e-05,3.63871586159803e-05,12.220129013061523,4.464606761932373,-0.7258049249649048,8.557087130611762e-05,7.306757470360026e-05,64.42122650146484,1.5418986082077026,0.9881174770542452,4.420732934021777,4,62,87,ML_CTL_35_0004
CTL,35.0,904.0,8.0,0.0,35.05263137817383,300.0,-0.8660254037844386,0.5000000000000001,-0.8660254037844385,-0.5000000000000004,11.463191032409668,16.742650985717773,221.49061584472656,0.00010205917351413518,100.05722045898438,4.902640342712402,7.896012783050537,241.89329528808594,0.00044843347859568894,62.230377197265625,-5.242291450500488,-3.676363945007324,268.184326171875,0.002684513572603464,49.548667907714844,-4.490164279937744,2.071294069290161,282.1229248046875,0.008653443306684494,84.42252349853516,-4.659331798553467,5.969693183898926,290.2818298339844,0.014180540107190609,98.3333511352539,8.418751531280577e-05,4.712996451416984e-05,19.390522003173828,0.3948087692260742,5.800657749176025,8.418751531280577e-05,7.531125447712839e-05,61.024513244628906,0.8580397367477417,0.9643956608266278,3.299034129623794,4,63,87,ML_CTL_35_0004
CTL,35.0,905.0,8.0,6.0,35.05263137817383,300.0,-0.8660254037844386,0.5000000000000001,-0.8660254037844385,-0.5000000000000004,9.416661262512207,15.865219116210938,220.9513397216797,9.658167255111039e-05,100.65670013427734,4.181351661682129,9.63662338256836,242.3163299560547,0.0005447931471280754,75.02468872070312,-3.5402777194976807,-1.4723700284957886,268.52923583984375,0.0029110328759998083,52.906898498535156,-1.9827054738998413,2.8109607696533203,281.8419494628906,0.009157503955066204,91.0084457397461,-1.8157000541687012,5.5503315925598145,290.7077941894531,0.014433618634939194,97.3946304321289,8.739616896491498e-05,5.7036995713133365e-05,15.250011444091797,1.251866102218628,6.478153228759766,8.739616896491498e-05,7.045048550935462e-05,60.465110778808594,1.5026695728302002,0.9607173511938104,3.1968973310645126,4,64,87,ML_CTL_35_0004
CTL,35.0,906.0,8.0,12.0,35.05263137817383,300.0,-0.8660254037844386,0.5000000000000001,-0.8660254037844385,-0.5000000000000004,8.366860389709473,14.497517585754395,219.76329040527344,8.327305840793997e-05,100.14823913574219,5.0324482917785645,9.593213081359863,243.0718994140625,0.0005237458390183747,71.65550231933594,0.4805910885334015,2.265676975250244,269.18670654296875,0.0027399647515267134,47.70492172241211,1.861973524093628,4.9500603675842285,282.2345886230469,0.009232821874320507,89.39202880859375,2.703416347503662,7.821731090545654,290.71551513671875,0.014437509700655937,97.37574768066406,8.659316517878324e-05,5.8916273701470345e-05,8.75446891784668,3.6890578269958496,7.825639247894287,8.659316517878324e-05,5.8916273701470345e-05,59.347023010253906,1.3822413682937622,0.9671672311642593,3.3829443520814593,4,65,87,ML_CTL_35_0004
CTL,35.0,907.0,8.0,18.0,36.94736862182617,300.0,-0.8660254037844386,0.5000000000000001,-0.8660254037844385,-0.5000000000000004,7.652935028076172,15.523019790649414,219.16714477539062,7.90101767051965e-05,102.30160522460938,4.33022403717041,8.14598274230957,242.18270874023438,0.00045561950537376106,69.33109283447266,-1.0697206258773804,0.4167262017726898,268.5235900878906,0.0028622238896787167,50.6851806640625,-2.243569850921631,1.3401951789855957,282.8591003417969,0.008638699539005756,80.20008850097656,-3.3054654598236084,1.7109227180480957,290.6174621582031,0.013831337913870811,93.87914276123047,8.104673906927928e-05,4.488295962801203e-05,17.63123893737793,1.072880506515503,5.427369117736816,8.104673906927928e-05,5.854979463038035e-05,52.760345458984375,3.659191370010376,0.9671419710795695,3.3821491740368916,4,66,87,ML_CTL_35_0004
CTL,35.0,908.0,8.0,0.0,36.94736862182617,300.0,-0.8660254037844386,0.5000000000000001,-0.8660254037844385,-0.5000000000000004,10.536892890930176,13.111682891845703,219.2273406982422,4.503677337197587e-05,57.680912017822266,6.9581427574157715,7.921112060546875,240.77452087402344,0.00029948423616588116,52.43404769897461,3.2220864295959473,0.8894394636154175,268.83624267578125,0.002718074945732951,44.71498107910156,1.7543283700942993,2.0330424308776855,283.64483642578125,0.007617743220180273,67.08834838867188,0.8509221076965332,2.6958391666412354,291.0110168457031,0.013461784459650517,89.07881164550781,7.470801210729405e-05,4.484309829422273e-05,14.223495483398438,4.664474010467529,5.330223083496094,7.470801210729405e-05,5.6346987548749894e-05,51.0504150390625,3.3337442874908447,0.9955209066418818,5.4038454739045765,4,67,87,ML_CTL_35_0004
CTL,35.0,909.0,8.0,6.0,38.842105865478516,302.5,-0.8433914458128857,0.5372996083468239,-0.8660254037844385,-0.5000000000000004,14.831992149353027,13.457391738891602,219.24790954589844,6.960847531445324e-05,90.37100219726562,8.829207420349121,9.586627960205078,240.88082885742188,0.0005588422645814717,85.21458435058594,3.580397844314575,2.6317338943481445,269.2372741699219,0.004374656826257706,77.95929718017578,2.7222049236297607,4.543581485748291,282.33526611328125,0.008689421229064465,83.62484741210938,2.5531723499298096,5.8028178215026855,290.5878601074219,0.014028177596628666,95.37358856201172,7.858961907913908e-05,4.930300565320067e-05,14.469344139099121,6.503395080566406,7.20443058013916,7.858961907913908e-05,4.930300565320067e-05,55.46470642089844,2.520583391189575,0.9290635831384589,2.572393240385035,4,68,87,ML_CTL_35_0004
CTL,35.0,910.0,8.0,12.0,38.842105865478516,302.5,-0.8433914458128857,0.5372996083468239,-0.8660254037844385,-0.5000000000000004,18.039276123046875,10.660775184631348,219.361328125,3.045844096050132e-05,38.580543518066406,13.474908828735352,8.282048225402832,240.30287170410156,0.0002819651854224503,45.78899383544922,8.323705673217773,1.8364378213882446,268.7425537109375,0.003754570847377181,63.0386962890625,6.209412574768066,2.5019853115081787,283.4202575683594,0.00753684202209115,67.42718505859375,5.379961013793945,3.236114978790283,290.84393310546875,0.013566559180617332,90.70001983642578,7.885722880018875e-05,3.549977918737568e-05,14.6759614944458,10.285451889038086,5.30347204208374,7.885722880018875e-05,4.125617851968855e-05,54.815345764160156,2.862461805343628,0.9903003811506387,4.6259217215541515,4,69,87,ML_CTL_35_0004
CTL,35.0,911.0,8.0,18.0,40.73684310913086,305.0,-0.8191520442889918,0.573576436351046,-0.8660254037844385,-0.5000000000000004,21.321744918823242,11.617355346679688,219.54713439941406,5.05564094055444e-05,63.62018585205078,15.189003944396973,7.739283084869385,239.47390747070312,0.0003560051554813981,59.27204132080078,8.370678901672363,-0.36236685514450073,268.6539306640625,0.004129261244088411,74.15972900390625,3.903851270675659,0.9657186269760132,282.3861083984375,0.008387482725083828,80.5799331665039,2.439739465713501,1.3095308542251587,290.7470397949219,0.013706387020647526,92.27198028564453,7.336888666031882e-05,3.1337385735241696e-05,21.512353897094727,10.245003700256348,4.253903865814209,7.336888666031882e-05,4.712020017905161e-05,56.1467170715332,4.434488296508789,0.9654990206894069,3.3316573781152314,4,70,87,ML_CTL_35_0004
CTL,35.0,912.0,8.0,0.0,40.73684310913086,307.5,-0.7933533402912352,0.6087614290087205,-0.8660254037844385,-0.5000000000000004,24.45601463317871,8.417736053466797,219.37435913085938,4.869034091825597e-05,62.81499481201172,18.375850677490234,5.357536315917969,239.38088989257812,0.0003684006223920733,62.25920104980469,11.136337280273438,-0.9285586476325989,268.55810546875,0.004263560753315687,75.64035034179688,7.639223098754883,1.3561253547668457,282.48779296875,0.008381797932088375,79.90123748779297,6.294919013977051,3.049839973449707,290.32244873046875,0.01368686743080616,94.6567153930664,7.363225449807942e-05,3.045948142244015e-05,18.93778419494629,13.580469131469727,3.450535535812378,7.363225449807942e-05,4.4898115447722375e-05,61.977088928222656,1.3993390798568726,0.9483686177205454,2.910613592606246,4,71,87,ML_CTL_35_0004
CTL,35.0,913.0,8.0,6.0,40.73684310913086,310.0,-0.7660444431189781,0.6427876096865393,-0.8660254037844385,-0.5000000000000004,26.739404678344727,6.2120161056518555,219.118408203125,6.235516775632277e-05,81.39277648925781,20.185306549072266,4.14182186126709,239.42015075683594,0.00036303987144492567,65.23198699951172,12.738965034484863,-0.8890106081962585,268.33160400390625,0.00395622244104743,70.56227111816406,9.309497833251953,0.9253073334693909,282.0713195800781,0.008726810105144978,85.52481079101562,8.815899848937988,2.8556110858917236,289.9554748535156,0.013782992027699947,97.57719421386719,7.027768879197538e-05,2.1104046027176082e-05,18.235061645507812,15.557815551757812,2.649149179458618,7.027768879197538e-05,3.783635111176409e-05,66.63194274902344,0.9416711926460266,0.8893199903355139,2.083813872646096,4,72,87,ML_CTL_35_0004
CTL,35.0,914.0,8.0,12.0,40.73684310913086,312.5,-0.7372773368101242,0.6755902076156601,-0.8660254037844385,-0.5000000000000004,27.311920166015625,5.028324604034424,218.99404907226562,7.529128924943507e-05,100.68447875976562,19.9389705657959,4.2874226570129395,239.8637237548828,0.0003856042167171836,67.98115539550781,13.942708969116211,-0.4494268298149109,268.411376953125,0.003065609373152256,54.976993560791016,10.146210670471191,1.2872220277786255,281.93560791015625,0.008994140662252903,88.98922729492188,8.69627571105957,3.568889617919922,289.92987060546875,0.013881285674870014,98.43333435058594,6.918622966622934e-05,1.954561594175175e-05,18.672765731811523,16.007217407226562,2.7444863319396973,6.918622966622934e-05,3.716061110026203e-05,68.13128662109375,1.6852864027023315,0.836441677037126,1.6319871532878452,4,73,87,ML_CTL_35_0004
CTL,35.0,915.0,8.0,18.0,40.73684310913086,312.5,-0.7372773368101242,0.6755902076156601,-0.8660254037844385,-0.5000000000000004,27.37765884399414,6.254396915435791,219.97796630859375,3.7842648453079164e-05,45.52574157714844,23.409090042114258,7.102854251861572,239.38914489746094,0.0002759282069746405,49.60380172729492,15.518834114074707,-0.1986989825963974,266.6987609863281,0.0009725268464535475,20.489383697509766,9.722808837890625,-3.014859199523926,283.175048828125,0.0068778106942772865,62.53498458862305,7.397549152374268,-2.2570903301239014,290.4131164550781,0.013404163531959057,92.18729400634766,6.872238736832514e-05,1.4707472473673988e-05,21.717510223388672,16.685190200805664,1.5773204565048218,6.872238736832514e-05,3.750717587536201e-05,58.397640228271484,1.9147237539291382,0.9686422089848851,3.4304325528999744,4,74,87,ML_CTL_35_0004
CTL,35.0,916.0,8.0,0.0,40.73684310913086,315.0,-0.7071067811865477,0.7071067811865474,-0.8660254037844385,-0.5000000000000004,23.553144454956055,5.570856094360352,220.58580017089844,2.4229408154496923e-05,27.12542152404785,20.697063446044922,5.8446760177612305,239.27194213867188,0.00023818340559955686,46.91168975830078,15.463449478149414,-0.9468509554862976,266.0016174316406,0.0007355203269980848,17.0903377532959,10.051277160644531,-2.178436756134033,282.75042724609375,0.006949581205844879,64.94808959960938,7.497098445892334,-1.0764963626861572,290.1839599609375,0.01348056085407734,94.05465698242188,6.708698492730036e-05,2.417439281998668e-05,17.377683639526367,15.45240592956543,1.4427497386932373,6.708698492730036e-05,4.682923463406041e-05,59.090248107910156,2.963878870010376,0.970057631888667,3.4780810129521598,4,75,87,ML_CTL_35_0004
CTL,35.0,917.0,8.0,6.0,40.73684310913086,317.5,-0.6755902076156605,0.7372773368101239,-0.8660254037844385,-0.5000000000000004,21.282869338989258,5.397068500518799,221.3897247314453,1.6437772501376458e-05,16.5463924407959,18.01096534729004,5.065474987030029,238.61802673339844,0.0002546148025430739,54.961769104003906,14.631207466125488,-1.2144050598144531,265.61346435546875,0.0007443528738804162,17.930755615234375,10.964956283569336,-1.0313392877578735,282.4378662109375,0.006395407021045685,61.02472686767578,8.635502815246582,0.4043020009994507,290.07086181640625,0.013278099708259106,93.30194091796875,6.418178236344829e-05,3.321850090287626e-05,13.597190856933594,14.705101013183594,1.7242200374603271,6.418178236344829e-05,5.174224861548282e-05,60.71822738647461,4.727207660675049,0.9493629849783494,2.9311083865241123,4,76,87,ML_CTL_35_0004
CTL,35.0,918.0,8.0,12.0,42.6315803527832,320.0,-0.6427876096865396,0.7660444431189778,-0.8660254037844385,-0.5000000000000004,16.049697875976562,5.1914544105529785,221.49192810058594,1.8663587979972363e-05,17.83848762512207,11.888795852661133,4.233782768249512,238.30291748046875,0.0003717200306709856,79.32260131835938,9.012049674987793,-0.9671598076820374,266.5376281738281,0.0034481671173125505,69.30941009521484,4.548352241516113,0.3583219051361084,280.7341613769531,0.008035717532038689,86.24407958984375,0.3652094006538391,1.7854011058807373,289.3463134765625,0.01254986971616745,92.44681549072266,6.963727355469018e-05,4.8770281864563e-05,16.050058364868164,8.372819900512695,2.1203601360321045,6.963727355469018e-05,5.1746661483775824e-05,58.746063232421875,7.817252159118652,0.9169947210619754,2.402197508054732,4,77,87,ML_CTL_35_0004
CTL,35.0,919.0,8.0,18.0,42.6315803527832,322.5,-0.608761429008721,0.7933533402912349,-0.8660254037844385,-0.5000000000000004,14.736227035522461,4.1075639724731445,220.84564208984375,2.4339911760762334e-05,24.308094024658203,11.102349281311035,1.76242995262146,239.00062561035156,0.00038868561387062073,77.02527618408203,10.834816932678223,-1.531943678855896,267.0105895996094,0.003117576241493225,60.03527069091797,6.193118572235107,1.2282116413116455,281.1498718261719,0.0078072440810501575,81.50587463378906,2.648911237716675,3.0327110290527344,289.5601806640625,0.013021753169596195,94.58573150634766,7.059855852276087e-05,4.372246621642262e-05,12.135011672973633,9.103084564208984,1.7197946310043335,7.059855852276087e-05,5.070002953289077e-05,57.79875946044922,4.8646769523620605,0.953880159050977,3.029294797352671,4,78,87,ML_CTL_35_0004
CTL,35.0,920.0,8.0,0.0,42.6315803527832,325.0,-0.5735764363510465,0.8191520442889916,-0.8660254037844385,-0.5000000000000004,15.497356414794922,3.0608630180358887,220.74046325683594,2.1907349946559407e-05,22.42043685913086,10.900595664978027,1.400039553642273,238.6563262939453,0.0003846718173008412,80.63682556152344,10.65849781036377,-1.8322724103927612,266.7999267578125,0.0035114360507577658,70.20370483398438,7.247025012969971,2.3549954891204834,281.29345703125,0.0074373227544128895,76.76024627685547,4.407844066619873,3.9787862300872803,289.3970031738281,0.013177614659070969,96.69567108154297,6.591435521841049e-05,4.2515523091424257e-05,11.127436637878418,9.742263793945312,1.7924823760986328,6.591435521841049e-05,4.471184729482047e-05,58.39716720581055,4.846051216125488,0.9204914578631389,2.4490432565915827,4,79,87,ML_CTL_35_0004
CTL,35.0,921.0,8.0,6.0,42.6315803527832,325.0,-0.5735764363510465,0.8191520442889916,-0.8660254037844385,-0.5000000000000004,15.593073844909668,-0.4017215669155121,220.569091796875,1.764084299793467e-05,19.365625381469727,13.659246444702148,-1.8976706266403198,237.46578979492188,0.00024336301430594176,56.94903564453125,10.636425971984863,-4.10675048828125,266.5678405761719,0.002045778091996908,42.60268020629883,7.766952991485596,-1.2562214136123657,282.570068359375,0.006456382572650909,61.052303314208984,4.909726142883301,-0.08016933500766754,289.8418273925781,0.012354839593172073,88.08802032470703,6.256261258386075e-05,2.046328881988302e-05,10.688185691833496,10.513084411621094,-1.5485066175460815,6.256261258386075e-05,3.850492794299498e-05,51.806556701660156,4.838280200958252,0.9470890777281665,2.884783364114143,4,80,87,ML_CTL_35_0004
CTL,35.0,922.0,8.0,12.0,42.6315803527832,327.5,-0.5372996083468242,0.8433914458128855,-0.8660254037844385,-0.5000000000000004,14.217759132385254,-0.65291428565979,220.06680297851562,2.217516885139048e-05,25.765226364135742,13.339183807373047,-2.051379680633545,237.84735107421875,0.0002450366737321019,54.21531295776367,11.340700149536133,-3.1578097343444824,266.7254943847656,0.002334549091756344,48.123207092285156,9.075676918029785,-0.5286363363265991,282.9249267578125,0.006485337391495705,59.90504455566406,6.5795207023620605,1.259165644645691,290.005859375,0.012218070216476917,86.18651580810547,5.9806865465361625e-05,1.4730825569131412e-05,7.873927593231201,10.910568237304688,-1.0263148546218872,5.9806865465361625e-05,3.527634544298053e-05,51.46299743652344,4.886136054992676,0.9398752226082955,2.7493250985527937,4,81,87,ML_CTL_35_0004
CTL,35.0,923.0,8.0,18.0,42.6315803527832,330.0,-0.5000000000000004,0.8660254037844384,-0.8660254037844385,-0.5000000000000004,14.65088939666748,-0.7526400089263916,219.83885192871094,2.1255229512462392e-05,25.521665573120117,13.08289909362793,-1.7704323530197144,237.75389099121094,0.0002447091101203114,53.77287292480469,12.353778839111328,-4.198090553283691,266.5670166015625,0.002334628952667117,48.9515380859375,9.615108489990234,-0.772406816482544,283.05572509765625,0.006787464488297701,62.210853576660156,7.870292663574219,1.33640456199646,289.8697814941406,0.012125617824494839,86.2479019165039,5.5595268349861726e-05,8.825952136248816e-06,7.095110893249512,11.514593124389648,-1.2314329147338867,5.5595268349861726e-05,3.4346456232015043e-05,50.13719177246094,4.096639156341553,0.9053531614853957,2.258172626019704,4,82,87,ML_CTL_35_0004
CTL,35.0,924.0,8.0,0.0,42.6315803527832,332.5,-0.46174861323503363,0.8870108331782218,-0.8660254037844385,-0.5000000000000004,15.002887725830078,-3.3052432537078857,219.8209228515625,1.9800858353846706e-05,23.612567901611328,13.646156311035156,-2.2786388397216797,237.3723602294922,0.0002358186902711168,52.87683868408203,11.454543113708496,-4.397252559661865,266.2761535644531,0.0022516874596476555,48.19964599609375,9.591975212097168,-0.2581789791584015,282.6312561035156,0.007170802913606167,67.67508697509766,8.171235084533691,1.7882798910140991,289.2013244628906,0.012325841002166271,91.52259826660156,5.097658504382707e-05,8.611740668129642e-06,8.521470069885254,11.573359489440918,-1.69020676612854,5.097658504382707e-05,2.6663048629416153e-05,51.94940948486328,5.700869083404541,0.8760118130084925,1.9551932811455757,4,83,87,ML_CTL_35_0004
CTL,35.0,925.0,8.0,6.0,42.6315803527832,335.0,-0.4226182617406992,0.90630778703665,-0.8660254037844385,-0.5000000000000004,13.424147605895996,-5.028306007385254,219.78021240234375,1.9948300177929923e-05,23.88578224182129,12.748011589050293,-3.2644460201263428,237.24501037597656,0.0002777756890282035,66.87049102783203,11.466726303100586,-4.370095729827881,266.0782165527344,0.0021633899305015802,47.00651168823242,9.44864273071289,-0.6607515811920166,282.06280517578125,0.0074876598082482815,73.45166015625,8.041462898254395,1.7504420280456543,288.6620788574219,0.012450583279132843,95.72221374511719,4.944085594615899e-05,8.042303306865506e-06,8.655906677246094,11.025797843933105,-2.314631223678589,4.944085594615899e-05,2.7014652005163953e-05,55.65800476074219,6.603543758392334,0.8078738359431965,1.4362536420030585,4,84,87,ML_CTL_35_0004
CTL,35.0,926.0,8.0,12.0,42.6315803527832,337.5,-0.38268343236508956,0.9238795325112868,-0.8660254037844385,-0.5000000000000004,13.567726135253906,-4.753480911254883,219.34002685546875,2.9158341931179166e-05,37.040992736816406,12.919537544250488,-2.929915189743042,237.716064453125,0.00031585112446919084,72.55513763427734,10.944437980651855,-4.915431022644043,266.1112365722656,0.002253106562420726,48.78632354736328,8.400533676147461,-0.47994065284729004,281.7891540527344,0.007792377378791571,77.86144256591797,7.321389198303223,2.2654402256011963,288.671142578125,0.012337220832705498,94.81532287597656,4.890698255621828e-05,1.2687354683293961e-05,9.395849227905273,10.630724906921387,-2.162665605545044,4.890698255621828e-05,2.607160058687441e-05,59.41376495361328,5.409173488616943,0.8223431849764771,1.5323041240874082,4,85,87,ML_CTL_35_0004
CTL,35.0,927.0,8.0,18.0,44.52631759643555,337.5,-0.38268343236508956,0.9238795325112868,-0.8660254037844385,-0.5000000000000004,15.398104667663574,-7.503570079803467,220.48773193359375,1.3696843780053314e-05,15.23238754272461,14.634160995483398,-4.716268539428711,235.9456329345703,0.0002378015487920493,58.25564193725586,9.56987190246582,-3.64520525932312,265.5583801269531,0.0014975955709815025,35.247474670410156,1.786847710609436,0.7082241773605347,281.525634765625,0.00724379625171423,73.6661148071289,-2.0022876262664795,2.788766622543335,288.76556396484375,0.01193113625049591,91.13257598876953,4.715538307209499e-05,1.5571285985060968e-05,20.216474533081055,7.877338409423828,-2.4736106395721436,4.715538307209499e-05,2.687311098270584e-05,59.15422439575195,5.317175388336182,0.8028820730900466,1.4044056818454873,4,86,87,ML_CTL_35_0004
CTL,35.0,928.0,8.0,0.0,42.6315803527832,340.0,-0.3420201433256686,0.9396926207859084,-0.8660254037844385,-0.5000000000000004,13.452950477600098,-9.517358779907227,220.1041717529297,1.3755678992311005e-05,16.017955780029297,13.566150665283203,-8.026865005493164,236.1983184814453,0.00026064596022479236,65.97514343261719,9.671792030334473,-6.161801815032959,265.4857177734375,0.0017171681392937899,39.99315643310547,5.536417007446289,-1.5992659330368042,281.66796875,0.007934640161693096,79.93358612060547,3.5878236293792725,1.3127518892288208,288.37213134765625,0.012128470465540886,95.05471801757812,4.537180211627856e-05,7.188938980107196e-06,14.649641990661621,9.163026809692383,-4.798508167266846,4.537180211627856e-05,2.7223952201893553e-05,57.426429748535156,4.935306549072266,0.7194609648416664,0.9417893936268475,4,87,87,ML_CTL_35_0004
CTL,35.0,878.0,8.0,12.0,14.210526466369629,287.5,-0.9537169507482268,0.30070579950427345,-0.8660254037844385,-0.5000000000000004,-7.991262435913086,10.038602828979492,216.23934936523438,5.309849439072423e-05,99.82046508789062,-12.85714340209961,6.581932544708252,241.4237518310547,0.0007808600785210729,105.95746612548828,-16.776674270629883,0.04550750553607941,268.1820068359375,0.005310528911650181,101.32844543457031,-10.15052604675293,4.131463050842285,278.34564208984375,0.0076820626854896545,97.48250579833984,-10.781341552734375,4.23160982131958,289.86260986328125,0.010709663853049278,76.40399932861328,3.6752961023012176e-05,3.096315776929259e-05,6.442492485046387,-11.711389541625977,5.005822658538818,3.6752961023012176e-05,5.2177208999637514e-05,76.01624298095703,5.2209320068359375,0.5538567108947501,0.21626583225597407,5,1,8,ML_CTL_35_0005
CTL,35.0,879.0,8.0,18.0,14.210526466369629,285.0,-0.9659258262890684,0.2588190451025203,-0.8660254037844385,-0.5000000000000004,-9.571741104125977,7.29463529586792,218.18687438964844,6.870438664918765e-05,100.16082000732422,-14.121341705322266,4.8717570304870605,242.8246612548828,0.0009975299471989274,120.7346420288086,-13.088746070861816,-0.06509890407323837,267.84033203125,0.005191783886402845,102.03311157226562,-7.089588642120361,2.8860106468200684,278.1363830566406,0.007848924957215786,100.94702911376953,-9.818492889404297,3.213059663772583,289.3348388671875,0.011415250599384308,84.26419067382812,4.352787073003128e-05,5.7946326705859974e-05,4.089027404785156,-10.737981796264648,3.64007306098938,4.352787073003128e-05,5.7946326705859974e-05,78.29749298095703,4.089027404785156,0.6299430550621745,0.5319725274766263,5,2,8,ML_CTL_35_0005
CTL,35.0,880.0,8.0,0.0,14.210526466369629,282.5,-0.9762960071199335,0.21643961393810246,-0.8660254037844385,-0.5000000000000004,-11.953368186950684,4.2278852462768555,218.12600708007812,7.030494452919811e-05,103.04789733886719,-11.876111030578613,3.0116732120513916,242.38629150390625,0.0009732244652695954,123.59210968017578,-11.356300354003906,-2.0021114349365234,267.84405517578125,0.005205552559345961,102.19683074951172,-5.573545455932617,1.4307057857513428,278.10443115234375,0.007585959974676371,97.8185806274414,-8.986552238464355,1.5816154479980469,289.5572204589844,0.011538343504071236,83.87673950195312,4.870371412835084e-05,7.495695899706334e-05,3.975517749786377,-9.949174880981445,1.6499536037445068,4.870371412835084e-05,7.495695899706334e-05,77.61053466796875,3.975517749786377,0.647240934191923,0.6069333210976515,5,3,8,ML_CTL_35_0005
CTL,35.0,881.0,8.0,6.0,14.210526466369629,280.0,-0.9848077530122081,0.17364817766692997,-0.8660254037844385,-0.5000000000000004,-11.547835350036621,3.10506534576416,217.02529907226562,5.8489316870691255e-05,99.88812255859375,-9.37934684753418,0.2980176508426666,241.652099609375,0.000879419210832566,117.89369201660156,-10.224616050720215,-3.95943021774292,268.0378112792969,0.005291091278195381,102.14350128173828,-4.275509834289551,0.7735235095024109,278.1976013183594,0.007691769395023584,98.53666687011719,-7.235230922698975,1.0533920526504517,289.67523193359375,0.011248885653913021,81.19029998779297,4.751497181132436e-05,7.305041799554601e-05,4.775763988494873,-8.532506942749023,0.25411367416381836,4.751497181132436e-05,7.952782470965758e-05,78.74541473388672,0.7328042387962341,0.6689391850338333,0.7033910621957322,5,4,8,ML_CTL_35_0005
CTL,35.0,882.0,8.0,12.0,14.210526466369629,280.0,-0.9848077530122081,0.17364817766692997,-0.8660254037844385,-0.5000000000000004,-7.451737880706787,0.029534868896007538,216.68629455566406,5.5840610002633184e-05,99.78948211669922,-5.880544185638428,2.433464765548706,241.635498046875,0.000855810649227351,113.67572021484375,-5.207520484924316,3.9746296405792236,268.1011657714844,0.005296254996210337,101.7556381225586,-1.0208642482757568,6.4455766677856445,278.5179443359375,0.008046411909162998,100.75965881347656,-4.2779221534729,5.239555835723877,289.122314453125,0.012144791893661022,90.79814147949219,4.532512684818357e-05,7.220451516332105e-05,6.100608825683594,-4.7677178382873535,3.6245522499084473,4.532512684818357e-05,7.220451516332105e-05,81.8528823852539,5.265385627746582,0.6255793881655709,0.5132984453180032,5,5,8,ML_CTL_35_0005
CTL,35.0,883.0,8.0,18.0,14.210526466369629,277.5,-0.9914448613738105,0.13052619222005127,-0.8660254037844385,-0.5000000000000004,-8.191834449768066,-0.4463179111480713,216.8805389404297,5.643818440148607e-05,97.99462890625,-5.960695266723633,0.8629092574119568,241.8583984375,0.0008144538733176887,106.39279174804688,-4.242527008056641,1.359330654144287,268.7669982910156,0.0055799949914216995,101.46139526367188,-1.1946121454238892,3.3948214054107666,278.8678894042969,0.007558900862932205,92.31025695800781,-2.9280338287353516,2.783557176589966,289.4333801269531,0.010989369824528694,80.50672149658203,4.5141154259908944e-05,5.86943315283861e-05,6.175734043121338,-4.503540992736816,1.59086012840271,4.5141154259908944e-05,6.0792837757617235e-05,82.88162994384766,1.1612714529037476,0.6047896491163519,0.42546255312464343,5,6,8,ML_CTL_35_0005
CTL,35.0,884.0,8.0,0.0,16.105262756347656,277.5,-0.9914448613738105,0.13052619222005127,-0.8660254037844385,-0.5000000000000004,-8.04298210144043,-0.18852438032627106,217.35098266601562,6.122692866483703e-05,99.79811096191406,-5.364609241485596,1.027220606803894,242.50392150878906,0.0009576663724146783,117.64712524414062,-8.145980834960938,0.7849677801132202,268.7658386230469,0.005599922966212034,101.86802673339844,-7.333430290222168,3.5406386852264404,278.6035461425781,0.007790592033416033,96.96769714355469,-8.064460754394531,4.065812110900879,289.5166931152344,0.01157807745039463,84.38031005859375,4.283483576728031e-05,6.581006164196879e-05,4.254390716552734,-7.390292167663574,1.8460229635238647,4.283483576728031e-05,6.581006164196879e-05,78.03021240234375,4.050191879272461,0.6342700598341514,0.5505796329815638,5,7,8,ML_CTL_35_0005
CTL,35.0,885.0,8.0,6.0,16.105262756347656,275.0,-0.9961946980917455,0.08715574274765789,-0.8660254037844385,-0.5000000000000004,-5.907982349395752,-0.06231043115258217,217.12261962890625,4.254706436768174e-05,68.42073822021484,-5.276980400085449,-1.5305250883102417,241.17181396484375,0.0008464092970825732,120.36769104003906,-8.405885696411133,-1.2513046264648438,268.272705078125,0.0053832135163247585,101.87237548828125,-7.527169704437256,1.0530712604522705,279.7837219238281,0.007876180112361908,90.15904998779297,-7.061537742614746,2.145890474319458,289.3706359863281,0.011193682439625263,82.35796356201172,3.784407817875035e-05,5.770369170932099e-05,2.4913532733917236,-6.835911750793457,0.07096433639526367,3.784407817875035e-05,6.33683885098435e-05,79.19112396240234,1.7246825695037842,0.7467202745366984,1.0811961376518293,5,8,8,ML_CTL_35_0005
CTL,35.0,912.0,8.0,0.0,27.473684310913086,275.0,-0.9961946980917455,0.08715574274765789,-0.8660254037844385,-0.5000000000000004,0.35559242963790894,0.41050538420677185,222.26666259765625,0.00011450838064774871,100.40035247802734,-3.912310838699341,-0.023030845448374748,241.556884765625,0.0006424261373467743,91.78886413574219,-5.6309638023376465,0.18019108474254608,268.0092468261719,0.0040141805075109005,76.37796020507812,-7.391866207122803,-1.3650027513504028,282.64556884765625,0.008202660828828812,77.32555389404297,-7.054600715637207,-1.5696461200714111,290.91363525390625,0.01177284400910139,78.33013153076172,2.5129682398983277e-05,3.459212166490033e-05,7.670199394226074,-4.726829528808594,-0.4733966290950775,2.5129682398983277e-05,3.9374514017254114e-05,68.21880340576172,0.3715626001358032,0.566108353943827,0.2659906584802991,6,1,11,ML_CTL_35_0006
CTL,35.0,913.0,8.0,6.0,25.578947067260742,272.5,-0.9990482215818578,0.043619387365335764,-0.8660254037844385,-0.5000000000000004,-4.274028778076172,-1.7465908527374268,221.32913208007812,9.498713188804686e-05,94.18894958496094,-2.9524078369140625,0.9953159093856812,241.06922912597656,0.0006172012654133141,89.93806457519531,-2.1383845806121826,-0.2891152799129486,268.27655029296875,0.005204996559768915,96.17845153808594,-3.9958388805389404,-0.9531353116035461,281.7803039550781,0.006474062334746122,64.68038177490234,-3.965592384338379,-0.8836556673049927,291.3825378417969,0.011900609359145164,76.87937927246094,2.8652979381149635e-05,3.818850018433295e-05,0.916400671005249,-3.4652504920959473,-0.5754362344741821,2.8652979381149635e-05,3.9553506212541834e-05,64.4946060180664,0.916400671005249,0.5617096632904509,0.24810354306526294,6,2,11,ML_CTL_35_0006
CTL,35.0,914.0,8.0,12.0,25.578947067260742,270.0,-1.0,-1.8369701987210297e-16,-0.8660254037844385,-0.5000000000000004,-3.1774630546569824,1.3223919868469238,221.65879821777344,9.204861999023706e-05,88.01521301269531,-3.4715938568115234,0.5323662757873535,241.09881591796875,0.0005276566953398287,77.30168914794922,-4.9006853103637695,-0.8400270342826843,268.4111022949219,0.005223380867391825,95.79725646972656,-3.8078386783599854,-1.9470148086547852,281.6316833496094,0.006388419773429632,64.45143127441406,-3.7280492782592773,-1.8801816701889038,291.0915222167969,0.012310223653912544,80.98966979980469,3.216766708646901e-05,2.9615604944410734e-05,3.2495574951171875,-3.8171257972717285,-0.5624930262565613,3.216766708646901e-05,3.750343603314832e-05,67.0995101928711,1.8278684616088867,0.6424360054195931,0.5859528574151911,6,3,11,ML_CTL_35_0006
CTL,35.0,915.0,8.0,18.0,25.578947067260742,270.0,-1.0,-1.8369701987210297e-16,-0.8660254037844385,-0.5000000000000004,-3.6357548236846924,3.579618215560913,221.53488159179688,7.632150663994253e-05,74.84867858886719,-3.4395949840545654,3.441610336303711,241.1318359375,0.0005965657182969153,82.75859832763672,-3.140641450881958,2.4484078884124756,269.64727783203125,0.00550250057131052,92.75233459472656,-3.2407021522521973,0.13429725170135498,281.96380615234375,0.006633171811699867,65.44537353515625,-3.059415817260742,0.19364967942237854,291.34954833984375,0.011427648365497589,74.02310943603516,3.6264300433686e-05,2.743499499047175e-05,3.434668779373169,-3.3032219409942627,1.9595167636871338,3.6264300433686e-05,3.6319739592727274e-05,63.873687744140625,3.434668779373169,0.766315801628808,1.1876237342013454,6,4,11,ML_CTL_35_0006
CTL,35.0,916.0,8.0,0.0,25.578947067260742,267.5,-0.9990482215818578,-0.04361938736533613,-0.8660254037844385,-0.5000000000000004,-4.059092044830322,2.8693480491638184,221.2966766357422,8.513047941960394e-05,84.81800079345703,-3.7070164680480957,3.765662908554077,241.49691772460938,0.0006967016961425543,99.85063171386719,-3.9865365028381348,0.8858306407928467,269.30487060546875,0.005677419248968363,98.0191879272461,-4.9028639793396,-1.6831800937652588,282.5646667480469,0.006496611982584,61.54715347290039,-3.904407024383545,-1.8830065727233887,291.5030517578125,0.010921657085418701,70.06315612792969,3.83094884455204e-05,3.3953419915633276e-05,4.754871368408203,-4.111983299255371,0.7909310460090637,3.83094884455204e-05,3.633564119809307e-05,63.15154266357422,2.0254178047180176,0.6232201761324976,0.5032388738152518,6,5,11,ML_CTL_35_0006
CTL,35.0,917.0,8.0,6.0,25.578947067260742,267.5,-0.9990482215818578,-0.04361938736533613,-0.8660254037844385,-0.5000000000000004,-5.952953338623047,3.2015817165374756,221.04820251464844,5.6602584663778543e-05,59.14411926269531,-4.5150370597839355,4.106977462768555,241.4335479736328,0.0005680386093445122,78.27798461914062,-3.607795476913452,1.9393410682678223,269.3357849121094,0.005568264052271843,95.28067779541016,-2.8353848457336426,2.1826345920562744,282.5429382324219,0.0065108113922178745,61.776065826416016,-3.0572216510772705,2.0856881141662598,291.1022033691406,0.010892925783991814,71.68553924560547,4.011670534964651e-05,2.7494535970618017e-05,3.103301525115967,-3.993678569793701,2.70324444770813,4.011670534964651e-05,3.0883111321600154e-05,62.062644958496094,3.103301525115967,0.8445511171258047,1.6924883137928477,6,6,11,ML_CTL_35_0006
CTL,35.0,918.0,8.0,12.0,27.473684310913086,267.5,-0.9990482215818578,-0.04361938736533613,-0.8660254037844385,-0.5000000000000004,-4.456538677215576,2.3083882331848145,220.75323486328125,6.395846139639616e-05,68.86349487304688,-7.2890825271606445,5.532554626464844,241.25669860839844,0.00046841439325362444,65.57247924804688,-6.313669204711914,2.107680082321167,269.0021667480469,0.0055409581400454044,96.13534545898438,-6.042903423309326,1.65719735622406,283.14990234375,0.007181456778198481,65.45531463623047,-5.6337666511535645,2.906360626220703,290.7218017578125,0.01084754429757595,73.07182312011719,3.6093875678488985e-05,2.1322113752830774e-05,1.3203926086425781,-5.947192192077637,2.9024360179901123,3.6093875678488985e-05,2.5283527065766975e-05,59.41343307495117,1.3203926086425781,0.8287671874332683,1.5769151727377135,6,7,11,ML_CTL_35_0006
CTL,35.0,919.0,8.0,18.0,25.578947067260742,265.0,-0.9961946980917455,-0.08715574274765825,-0.8660254037844385,-0.5000000000000004,-9.772414207458496,2.2077271938323975,220.50811767578125,5.2265382691984996e-05,58.51523208618164,-4.931825637817383,5.106524467468262,241.36097717285156,0.00048263673670589924,66.53878021240234,-2.8166399002075195,4.948988914489746,269.52008056640625,0.004599140956997871,77.38799285888672,-1.930162787437439,1.3564391136169434,283.845703125,0.00714981509372592,62.143524169921875,-1.9417859315872192,0.5523534417152405,291.1412048339844,0.010871234349906445,71.35869598388672,3.3444117434555665e-05,1.2199435332149733e-05,8.003686904907227,-4.278565406799316,2.834406852722168,3.3444117434555665e-05,2.8237282094778493e-05,64.39900207519531,3.342371702194214,0.7316003668112602,1.002757379461193,6,8,11,ML_CTL_35_0006
CTL,35.0,920.0,8.0,0.0,27.473684310913086,265.0,-0.9961946980917455,-0.08715574274765825,-0.8660254037844385,-0.5000000000000004,-8.4072847366333,2.912851572036743,220.260986328125,6.731624307576567e-05,78.19905853271484,-6.110936164855957,3.9667887687683105,241.50167846679688,0.00045041635166853666,60.8112907409668,-1.978973388671875,0.8415347933769226,270.13092041015625,0.004706710577011108,75.093994140625,-5.166238784790039,1.1638814210891724,284.1043395996094,0.007873635739088058,67.32257843017578,-5.917701721191406,1.270864725112915,291.5387878417969,0.010500437580049038,67.16421508789062,3.25843138853088e-05,1.3148078323865775e-05,2.9823052883148193,-5.516226768493652,2.031184196472168,3.25843138853088e-05,3.8863443478476256e-05,63.01150894165039,2.9823052883148193,0.764587481072755,1.1779970730351548,6,9,11,ML_CTL_35_0006
CTL,35.0,921.0,8.0,6.0,27.473684310913086,265.0,-0.9961946980917455,-0.08715574274765825,-0.8660254037844385,-0.5000000000000004,-6.952010631561279,4.181982040405273,219.51853942871094,6.338530511129647e-05,79.99688720703125,-7.355599403381348,2.766430616378784,241.79702758789062,0.0004390988906379789,59.60758972167969,-2.295074462890625,-1.6223291158676147,269.8516845703125,0.004354298580437899,70.72925567626953,-2.4289896488189697,2.322706937789917,283.7646484375,0.00817659217864275,71.55372619628906,-3.2506961822509766,3.4997832775115967,290.896240234375,0.010959001258015633,72.99149322509766,3.42233688570559e-05,1.1316846212139353e-05,3.763658285140991,-4.4564738273620605,2.229714870452881,3.42233688570559e-05,3.6947938497178257e-05,62.49183654785156,3.763658285140991,0.7863010247021106,1.302771334927518,6,10,11,ML_CTL_35_0006
CTL,35.0,922.0,8.0,12.0,27.473684310913086,265.0,-0.9961946980917455,-0.08715574274765825,-0.8660254037844385,-0.5000000000000004,-4.404710292816162,1.625552773475647,218.9627685546875,6.148993270471692e-05,82.39514923095703,-7.468167781829834,1.4400501251220703,242.2552947998047,0.0006000990979373455,77.9916763305664,-3.393484592437744,-2.058779716491699,269.2758483886719,0.0049784379079937935,83.9981460571289,-0.6094840168952942,1.6311018466949463,283.4731750488281,0.008689646609127522,77.47956085205078,-1.093254804611206,3.6620588302612305,290.162353515625,0.011661559343338013,81.35176086425781,3.058068978134543e-05,1.100632653106004e-05,3.887556314468384,-3.393820285797119,1.259996771812439,3.058068978134543e-05,3.3453885407652706e-05,66.28760528564453,3.887556314468384,0.6547857601130027,0.640142888855187,6,11,11,ML_CTL_35_0006
CTL,35.0,933.0,8.0,6.0,14.210526466369629,317.5,-0.6755902076156605,0.7372773368101239,-0.8660254037844385,-0.5000000000000004,-4.198798656463623,-1.847861886024475,217.68919372558594,6.40240396023728e-05,100.08998107910156,-0.047841012477874756,10.49414348602295,241.7001190185547,0.0008560037240386009,116.043701171875,-5.8868255615234375,11.602543830871582,268.6678161621094,0.005448697600513697,99.10294342041016,-7.251699447631836,2.9221718311309814,280.2142333984375,0.008725322782993317,97.13626861572266,-1.2485244274139404,0.9009837508201599,287.47784423828125,0.009674900211393833,80.09424591064453,4.5182507165009156e-05,5.4432446631835774e-05,4.032402515411377,-3.7267374992370605,4.814396381378174,4.5182507165009156e-05,6.906833004904911e-05,75.44892883300781,3.925175189971924,0.5772453053071739,0.3114752224976445,7,1,19,ML_CTL_35_0007
CTL,35.0,934.0,8.0,12.0,14.210526466369629,315.0,-0.7071067811865477,0.7071067811865474,-0.8660254037844385,-0.5000000000000004,-7.3112263679504395,-0.3823698163032532,217.4872283935547,6.446886254707351e-05,103.30291748046875,-1.2891942262649536,7.450140476226807,242.5926055908203,0.0009473859099671245,116.63050842285156,-6.269369602203369,7.359269618988037,268.86102294921875,0.005618311930447817,101.46745300292969,-3.2071428298950195,2.654843807220459,278.7135925292969,0.007879963144659996,97.40998077392578,0.14688056707382202,0.8059837222099304,287.8669738769531,0.009942544624209404,80.37338256835938,4.497742702369578e-05,6.174542795633897e-05,7.552187919616699,-3.586010694503784,3.577573776245117,4.497742702369578e-05,6.174542795633897e-05,73.22311401367188,1.3566879034042358,0.5926107440206336,0.3747686340048535,7,2,19,ML_CTL_35_0007
CTL,35.0,935.0,8.0,18.0,16.105262756347656,315.0,-0.7071067811865477,0.7071067811865474,-0.8660254037844385,-0.5000000000000004,-3.4860446453094482,-1.3925098180770874,218.22647094726562,6.919910811120644e-05,100.48460388183594,1.1459290981292725,8.28911018371582,242.5959014892578,0.0009779006941244006,122.42377471923828,-9.452811241149902,10.764832496643066,268.4024353027344,0.005437580402940512,101.48429107666016,-7.609405517578125,6.33172607421875,282.2038269042969,0.010365309193730354,100.73094940185547,-5.213332176208496,3.1236653327941895,286.98321533203125,0.010746120475232601,92.27532958984375,4.805891148862429e-05,4.7790250391699374e-05,4.835220813751221,-4.92313289642334,5.423364639282227,4.805891148862429e-05,6.494864646811038e-05,73.7958755493164,4.835220813751221,0.5765820095356095,0.30875773550676744,7,3,19,ML_CTL_35_0007
CTL,35.0,936.0,8.0,0.0,16.105262756347656,312.5,-0.7372773368101242,0.6755902076156601,-0.8660254037844385,-0.5000000000000004,-6.017358303070068,0.9030428528785706,217.54835510253906,6.470947846537456e-05,102.04993438720703,-1.8724232912063599,3.9718210697174072,242.3313751220703,0.0009264255641028285,117.83856964111328,-7.305739879608154,7.123050212860107,268.784423828125,0.005581969860941172,101.49585723876953,-6.811572551727295,2.581404685974121,281.32684326171875,0.009729355573654175,100.35906982421875,-5.438805103302002,1.3849490880966187,286.7268371582031,0.010777504183351994,94.1133804321289,5.066238736617379e-05,6.514252163469791e-05,0.7529657483100891,-5.489179611206055,3.1928534507751465,5.066238736617379e-05,6.514252163469791e-05,72.24227905273438,0.7529657483100891,0.6962317679496951,0.8294175887656543,7,4,19,ML_CTL_35_0007
CTL,35.0,937.0,8.0,6.0,16.105262756347656,310.0,-0.7660444431189781,0.6427876096865393,-0.8660254037844385,-0.5000000000000004,-5.548338890075684,1.768054723739624,216.87777709960938,5.303431680658832e-05,91.65618896484375,-4.228823184967041,-0.9645057320594788,241.6523895263672,0.0007748733623884618,104.20135498046875,-4.4387712478637695,2.1449780464172363,269.0950927734375,0.005691037513315678,100.64647674560547,-5.4126877784729,0.3971461355686188,280.80535888671875,0.00921568926423788,98.49813842773438,-4.7817063331604,0.9346898198127747,287.2388916015625,0.010951352305710316,92.46955108642578,5.3413437854032964e-05,6.560864858329296e-05,1.1323527097702026,-4.882065773010254,0.8560726046562195,5.3413437854032964e-05,6.560864858329296e-05,72.40682983398438,1.1323527097702026,0.8533500208199255,1.7611211508093598,7,5,19,ML_CTL_35_0007
CTL,35.0,938.0,8.0,12.0,18.0,307.5,-0.7933533402912352,0.6087614290087205,-0.8660254037844385,-0.5000000000000004,-2.6189687252044678,4.879459857940674,217.23486328125,3.2507468858966604e-05,52.33067321777344,-4.120975017547607,0.9897676110267639,241.01356506347656,0.0006183621590025723,86.5073471069336,-7.641882419586182,-2.093413829803467,269.4551696777344,0.005702084396034479,97.60883331298828,-11.871504783630371,-2.0177934169769287,281.72833251953125,0.00959710031747818,96.29662322998047,-11.457510948181152,-1.0271985530853271,288.59503173828125,0.012072138488292694,93.33318328857422,5.577201955020428e-05,5.6396133004454896e-05,10.630542755126953,-7.542168617248535,0.14616432785987854,5.577201955020428e-05,6.61143203615211e-05,71.73645782470703,3.311093330383301,0.9572038756572923,3.107568859231349,7,6,19,ML_CTL_35_0007
CTL,35.0,939.0,8.0,18.0,18.0,307.5,-0.7933533402912352,0.6087614290087205,-0.8660254037844385,-0.5000000000000004,-6.243417739868164,3.9459500312805176,217.4066162109375,6.153777940198779e-05,99.8536148071289,-2.6773815155029297,1.7131065130233765,242.5510711669922,0.0008795560570433736,106.99546813964844,-2.8912525177001953,0.8970369696617126,269.52593994140625,0.005894451402127743,100.88004302978516,-7.215169429779053,2.415363311767578,280.9638671875,0.009381077252328396,99.18354034423828,-8.577880859375,3.3120737075805664,287.8880310058594,0.011390049941837788,92.25072479248047,6.285570270847529e-05,7.218265818664804e-05,2.4189908504486084,-5.521020412445068,2.4567060470581055,6.285570270847529e-05,7.218265818664804e-05,76.79133605957031,2.4189908504486084,0.8194737671097522,1.5127862850382456,7,7,19,ML_CTL_35_0007
CTL,35.0,940.0,8.0,0.0,18.0,305.0,-0.8191520442889918,0.573576436351046,-0.8660254037844385,-0.5000000000000004,-3.7700600624084473,9.326225280761719,217.7436981201172,2.5940364139387384e-05,41.56673049926758,-1.0115306377410889,4.891419410705566,241.21885681152344,0.0001745823392411694,28.08803939819336,-3.308511734008789,-5.778779983520508,268.1966857910156,0.004891818854957819,89.03421783447266,-7.478140354156494,-2.1354634761810303,282.22003173828125,0.009942950680851936,96.551025390625,-8.511046409606934,-0.14512014389038086,288.70263671875,0.011570350266993046,88.83294677734375,6.431073416024446e-05,5.322477227309719e-05,10.59166431427002,-4.815857887268066,1.2316561937332153,6.431073416024446e-05,7.197478407761082e-05,77.35617065429688,3.6728086471557617,0.958072934506388,3.1289923342347947,7,8,19,ML_CTL_35_0007
CTL,35.0,941.0,8.0,6.0,18.0,305.0,-0.8191520442889918,0.573576436351046,-0.8660254037844385,-0.5000000000000004,-4.810051918029785,8.096537590026855,217.63604736328125,3.1739564292365685e-05,52.364627838134766,-0.021073108538985252,3.864941358566284,241.08340454101562,0.0001401114568579942,24.09705924987793,-1.5848520994186401,-0.22915808856487274,267.78363037109375,0.004642021842300892,88.1147689819336,-3.2867186069488525,4.241030216217041,281.9112854003906,0.010018712840974331,99.30699920654297,-6.5725483894348145,4.365133762359619,288.28472900390625,0.01141712348908186,90.03697204589844,6.221007788553834e-05,5.440079257823527e-05,4.126713752746582,-3.2550487518310547,4.067696571350098,6.221007788553834e-05,6.375114026013762e-05,82.83976745605469,4.126713752746582,0.9523338331099659,2.994693781641857,7,9,19,ML_CTL_35_0007
CTL,35.0,942.0,8.0,12.0,18.0,302.5,-0.8433914458128857,0.5372996083468239,-0.8660254037844385,-0.5000000000000004,-0.9566783308982849,11.626106262207031,217.595703125,2.5287932658102363e-05,42.15109634399414,2.3703839778900146,7.332221984863281,241.0010223388672,8.981917198980227e-05,15.486994743347168,-2.6979830265045166,-2.1930463314056396,268.49462890625,0.002427212428301573,40.031951904296875,-2.8583173751831055,2.0852408409118652,282.6412353515625,0.01055192295461893,99.56298828125,-6.375695705413818,2.544851541519165,289.2281188964844,0.01192476786673069,88.44666290283203,6.410653440980241e-05,3.525967986206524e-05,10.575203895568848,-2.1036581993103027,4.279074668884277,6.410653440980241e-05,5.5994645663304254e-05,82.06730651855469,4.660836696624756,0.9366649006860789,2.6938859212617317,7,10,19,ML_CTL_35_0007
CTL,35.0,943.0,8.0,18.0,18.0,300.0,-0.8660254037844386,0.5000000000000001,-0.8660254037844385,-0.5000000000000004,2.0231642723083496,13.714228630065918,217.91415405273438,2.7968362701358274e-05,44.639156341552734,3.159980297088623,9.752918243408203,240.736572265625,6.856364052509889e-05,12.47359848022461,-2.795574903488159,-4.339476108551025,268.67437744140625,0.0014925594441592693,24.4284725189209,-2.7779576778411865,-1.504699468612671,283.38739013671875,0.010648127645254135,95.60743713378906,-5.456212997436523,-0.6927939057350159,289.81695556640625,0.012289914302527905,87.7088623046875,5.851919195265509e-05,1.8573333363747224e-05,16.2327880859375,-1.1693202257156372,3.386035442352295,5.851919195265509e-05,4.4921882363269106e-05,77.32827758789062,3.2750868797302246,0.9044275365056247,2.247417447399917,7,11,19,ML_CTL_35_0007
CTL,35.0,944.0,8.0,0.0,18.0,300.0,-0.8660254037844386,0.5000000000000001,-0.8660254037844385,-0.5000000000000004,1.8819774389266968,13.116415023803711,218.26416015625,3.616029425757006e-05,55.31174850463867,2.03021240234375,11.044577598571777,240.9112091064453,9.207805123878643e-05,14.815949440002441,-2.703024387359619,-1.1384224891662598,268.59454345703125,0.0014392056036740541,24.106760025024414,-1.4351707696914673,1.3146464824676514,283.3189697265625,0.011076580733060837,99.93568420410156,-3.7702248096466064,2.1596505641937256,289.9452209472656,0.012324248440563679,87.24264526367188,5.469378811540082e-05,2.045816472673323e-05,12.328749656677246,-0.7992460131645203,5.299373149871826,5.469378811540082e-05,4.194779467070475e-05,80.91603088378906,2.6498935222625732,0.8734851791222645,1.9321316998039286,7,12,19,ML_CTL_35_0007
CTL,35.0,945.0,8.0,6.0,19.894737243652344,300.0,-0.8660254037844386,0.5000000000000001,-0.8660254037844385,-0.5000000000000004,3.439105749130249,13.346076965332031,219.3064727783203,7.769377407385036e-05,103.48265838623047,3.402815580368042,11.590852737426758,240.9192352294922,0.00023101411352399737,37.6948356628418,-3.388727903366089,1.5923230648040771,268.6222229003906,0.002977504162117839,51.4412841796875,-5.031357288360596,3.5525436401367188,282.83526611328125,0.010245885699987411,95.38201141357422,-8.892313003540039,3.808349132537842,289.31072998046875,0.012705936096608639,93.7156753540039,5.0161983381258324e-05,2.7376900106901303e-05,15.58948802947998,-2.094095468521118,6.778028964996338,5.0161983381258324e-05,3.3722681109793484e-05,80.40314483642578,3.1846816539764404,0.7930492998759012,1.3434047872763109,7,13,19,ML_CTL_35_0007
CTL,35.0,946.0,8.0,12.0,19.894737243652344,297.5,-0.8870108331782216,0.4617486132350341,-0.8660254037844385,-0.5000000000000004,4.507030963897705,14.540623664855957,218.1832733154297,4.567314317682758e-05,66.12672424316406,4.368451118469238,13.961854934692383,240.33135986328125,0.00020689853408839554,32.807098388671875,-2.8181142807006836,0.527462899684906,268.55615234375,0.002371271373704076,39.03480529785156,-5.077335357666016,1.9559355974197388,283.4306945800781,0.009875529445707798,88.33837127685547,-8.999553680419922,1.7344211339950562,289.5751037597656,0.013074042275547981,94.80026245117188,5.038029121351428e-05,1.976148269022815e-05,18.612539291381836,-1.603904128074646,6.544059753417969,5.038029121351428e-05,2.5393421310582198e-05,78.37451934814453,1.3177521228790283,0.8853437150610933,2.04403712192563,7,14,19,ML_CTL_35_0007
CTL,35.0,947.0,8.0,18.0,19.894737243652344,297.5,-0.8870108331782216,0.4617486132350341,-0.8660254037844385,-0.5000000000000004,2.3878166675567627,11.635650634765625,217.9203338623047,5.348540435079485e-05,84.14311981201172,2.7330238819122314,12.80499267578125,240.0958709716797,0.00013797129213344306,24.072731018066406,-1.3404650688171387,2.074918031692505,268.78594970703125,0.002758444519713521,44.021610260009766,-1.3054444789886475,4.890986919403076,283.92205810546875,0.009865657426416874,85.35425567626953,-5.191287517547607,4.9632697105407715,290.1789245605469,0.013335490599274635,93.02005767822266,4.566977440845221e-05,1.5008913578640204e-05,10.097697257995605,-0.5432713031768799,7.273963928222656,4.566977440845221e-05,1.8857714167097583e-05,81.26343536376953,3.132293224334717,0.8072120102709682,1.4319952615575238,7,15,19,ML_CTL_35_0007
CTL,35.0,948.0,8.0,0.0,19.894737243652344,295.0,-0.9063077870366498,0.4226182617406996,-0.8660254037844385,-0.5000000000000004,4.708876132965088,15.673243522644043,218.8146514892578,6.043104804120958e-05,83.98883819580078,6.455563545227051,14.987117767333984,240.24986267089844,0.00020383707305882126,36.0586051940918,-3.0277206897735596,1.985797643661499,268.4781494140625,0.001384748611599207,23.43052864074707,-3.3287713527679443,1.3686802387237549,283.8355712890625,0.010580438189208508,92.14122772216797,-6.040915012359619,1.5593183040618896,290.4625549316406,0.013139558956027031,90.00495147705078,4.312979581300169e-05,3.944026502722409e-06,17.74150276184082,-0.2465933859348297,7.114831447601318,4.312979581300169e-05,1.5051124137244187e-05,75.6420669555664,1.5831280946731567,0.725461398903041,0.97171599034322,7,16,19,ML_CTL_35_0007
CTL,35.0,949.0,8.0,6.0,21.789474487304688,295.0,-0.9063077870366498,0.4226182617406996,-0.8660254037844385,-0.5000000000000004,7.287879943847656,15.68886947631836,218.70510864257812,7.596499926876277e-05,105.00922393798828,8.227622032165527,13.781316757202148,240.23733520507812,0.00029722019098699093,50.43715286254883,-2.9130287170410156,3.7410199642181396,268.1079406738281,0.002293485915288329,39.8350715637207,-5.6506829261779785,3.1043243408203125,283.09991455078125,0.009382115676999092,85.7803726196289,-8.53995132446289,3.6601133346557617,289.8221740722656,0.013532651588320732,96.60216522216797,3.5687808122020215e-05,6.283245511440327e-06,19.879919052124023,-0.31763219833374023,7.995128631591797,3.5687808122020215e-05,1.0007790478994139e-05,73.3622055053711,1.8983148336410522,0.5761131027525229,0.30683733249279244,7,17,19,ML_CTL_35_0007
CTL,35.0,950.0,8.0,12.0,21.789474487304688,292.5,-0.9238795325112866,0.38268343236509,-0.8660254037844385,-0.5000000000000004,8.337384223937988,14.194528579711914,217.890869140625,4.5941553253214806e-05,67.92610931396484,7.548468589782715,11.568008422851562,239.24774169921875,0.00029517116490751505,54.40245056152344,-1.6614853143692017,3.82108473777771,267.3509826660156,0.0010735789546743035,21.178630828857422,-5.679348468780518,1.5038470029830933,283.8932800292969,0.010443444363772869,90.5521469116211,-7.968712329864502,1.7169605493545532,290.6775207519531,0.012913900427520275,87.25968170166016,3.3390915632480755e-05,8.911260920285713e-06,20.532377243041992,0.11526136100292206,6.560885429382324,3.3390915632480755e-05,1.2701780178758781e-05,67.8807144165039,2.5665371417999268,0.6959650263435321,0.8281566698537972,7,18,19,ML_CTL_35_0007
CTL,35.0,951.0,8.0,18.0,21.789474487304688,292.5,-0.9238795325112866,0.38268343236509,-0.8660254037844385,-0.5000000000000004,6.753649711608887,10.186868667602539,217.8541259765625,5.30770885234233e-05,80.94291687011719,9.100797653198242,9.492474555969238,239.7186279296875,0.0003682562673930079,63.60643768310547,0.35508695244789124,3.4380574226379395,267.60198974609375,0.0011274917051196098,21.909975051879883,-2.5762579441070557,3.1512742042541504,284.259033203125,0.01046765223145485,88.61382293701172,-4.872762203216553,4.073893070220947,291.0559387207031,0.013024388812482357,85.92442321777344,3.030182961083483e-05,6.795630724809598e-06,13.135520935058594,1.7521026134490967,6.0685133934021,3.030182961083483e-05,1.9410588720347732e-05,69.85798645019531,4.111178398132324,0.5863127643337146,0.34874315581767945,7,19,19,ML_CTL_35_0007
CTL,35.0,955.0,8.0,18.0,23.6842098236084,287.5,-0.9537169507482268,0.30070579950427345,-0.8660254037844385,-0.5000000000000004,11.9944429397583,3.23854923248291,217.4032745361328,3.70730267604813e-05,59.89629364013672,5.741014003753662,0.3925718665122986,238.7833251953125,0.00011815047037089244,25.299001693725586,-1.965559720993042,-3.6439006328582764,267.7953796386719,0.0009636608301661909,17.572189331054688,-4.679708003997803,-1.1020625829696655,283.9570617675781,0.007101471535861492,61.22970962524414,-5.335330486297607,0.3124258518218994,291.2797546386719,0.012527653016149998,81.47327423095703,2.0865385522483848e-05,7.650477527931798e-06,17.5750732421875,1.1509716510772705,-0.1604832410812378,2.0865385522483848e-05,3.3287840778939426e-05,54.33182144165039,3.4620254039764404,0.6975506996464735,0.8356615374321097,8,1,8,ML_CTL_35_0008
CTL,35.0,956.0,8.0,0.0,23.6842098236084,287.5,-0.9537169507482268,0.30070579950427345,-0.8660254037844385,-0.5000000000000004,10.009252548217773,3.826397180557251,217.2421417236328,3.152776480419561e-05,51.71316909790039,7.222755432128906,-1.2570022344589233,239.22117614746094,0.00013801490422338247,28.77421760559082,-2.9355688095092773,-4.909049987792969,267.9715881347656,0.001706441631540656,29.698150634765625,-4.909380912780762,-1.872962236404419,283.65338134765625,0.0062620737589895725,55.032875061035156,-4.877353191375732,0.1621602177619934,291.26531982421875,0.0124306445941329,80.92916107177734,2.042135747615248e-05,4.1336666072311345e-06,15.330938339233398,0.9019410014152527,-0.8100913166999817,2.042135747615248e-05,3.812491922872141e-05,53.6164665222168,4.910523891448975,0.7025829805929762,0.8596282563570545,8,2,8,ML_CTL_35_0008
CTL,35.0,957.0,8.0,6.0,23.6842098236084,287.5,-0.9537169507482268,0.30070579950427345,-0.8660254037844385,-0.5000000000000004,11.345236778259277,3.9122397899627686,217.02801513671875,3.282696343376301e-05,56.3148307800293,7.763732433319092,-3.5597054958343506,239.2340087890625,0.00013676554954145104,27.905628204345703,-3.3679912090301514,-4.816555500030518,267.6313171386719,0.002304686699062586,40.8480224609375,-4.831765174865723,-1.9217472076416016,283.2840270996094,0.005726013332605362,51.66893005371094,-4.416872978210449,0.10825825482606888,290.8286437988281,0.01256761234253645,84.112060546875,1.724070534692146e-05,2.9748823635600274e-06,16.21463394165039,1.2984678745269775,-1.2555019855499268,1.724070534692146e-05,3.673090031952597e-05,53.550926208496094,2.863405466079712,0.6378411527364293,0.5660063552680583,8,3,8,ML_CTL_35_0008
CTL,35.0,958.0,8.0,12.0,25.578947067260742,290.0,-0.9396926207859083,0.342020143325669,-0.8660254037844385,-0.5000000000000004,8.487775802612305,6.7983927726745605,218.19818115234375,2.0429086362128146e-05,30.43292999267578,1.8343533277511597,1.9945321083068848,238.954345703125,0.00020673242397606373,40.8875846862793,-3.563535690307617,-2.762204647064209,266.85296630859375,0.004050516989082098,77.35533142089844,-3.6987955570220947,-1.3573269844055176,281.8196105957031,0.0076072486117482185,75.73580932617188,-5.460999011993408,0.22367620468139648,289.6278991699219,0.011132319457828999,80.53710174560547,1.7279700841754675e-05,2.120553472195752e-05,15.420609474182129,-0.48024019598960876,0.9794138669967651,1.7683343685348518e-05,2.7790822059614584e-05,64.72639465332031,4.394324779510498,0.5787501542369564,0.31764475637518763,8,4,8,ML_CTL_35_0008
CTL,35.0,959.0,8.0,18.0,25.578947067260742,290.0,-0.9396926207859083,0.342020143325669,-0.8660254037844385,-0.5000000000000004,7.346643924713135,7.045934677124023,218.08535766601562,2.0302099073887803e-05,30.87189292907715,-0.36088311672210693,4.398685932159424,239.16293334960938,0.0002286606322741136,40.42546081542969,-2.147177219390869,-1.9458404779434204,267.0518493652344,0.0046002487652003765,90.55793762207031,-2.614691972732544,-0.4287636876106262,281.78192138671875,0.007941082119941711,79.2919692993164,-4.698474407196045,0.7843160629272461,289.8517150878906,0.01086999662220478,77.53840637207031,1.738157880026847e-05,2.0532172129605897e-05,13.575446128845215,-0.4949165880680084,1.9708664417266846,1.8024584278464317e-05,3.039099829038605e-05,66.2284164428711,3.7242448329925537,0.5620795349682002,0.24960605397402746,8,5,8,ML_CTL_35_0008
CTL,35.0,960.0,8.0,0.0,27.473684310913086,290.0,-0.9396926207859083,0.342020143325669,-0.8660254037844385,-0.5000000000000004,0.8276575207710266,8.966957092285156,217.65866088867188,2.217458859377075e-05,35.25741958618164,-2.531169891357422,7.84601354598999,238.62498474121094,0.0003510006354190409,66.64836883544922,-4.323917865753174,-2.5921998023986816,266.90869140625,0.002911904128268361,61.067256927490234,-5.892096996307373,-1.5348261594772339,281.5102844238281,0.008050189353525639,81.88996887207031,-6.658801078796387,-0.024234872311353683,289.2063903808594,0.010347430594265461,76.80958557128906,1.647771023272071e-05,2.3917998987599276e-05,11.699939727783203,-3.715665340423584,2.5323421955108643,1.655623782426119e-05,3.301748802186921e-05,64.60222625732422,2.1976218223571777,0.6789486342168953,0.74894434718765,8,6,8,ML_CTL_35_0008
CTL,35.0,961.0,8.0,6.0,27.473684310913086,290.0,-0.9396926207859083,0.342020143325669,-0.8660254037844385,-0.5000000000000004,-1.658139944076538,9.498709678649902,216.9503936767578,2.529231642256491e-05,42.798248291015625,-4.285693168640137,9.753408432006836,238.50894165039062,0.0005396789638325572,101.45381164550781,-3.2576770782470703,0.03314130753278732,267.1433410644531,0.004053737036883831,83.28579711914062,-3.5207552909851074,0.3574519753456116,281.1576232910156,0.007873164489865303,82.10133361816406,-5.5486345291137695,0.12358815222978592,289.0813903808594,0.010482657700777054,78.50495910644531,1.822708873078227e-05,2.7507758204592392e-05,10.150312423706055,-3.6541800498962402,3.9532599449157715,1.822708873078227e-05,3.343420394230634e-05,67.04698944091797,0.596798300743103,0.6196886724788289,0.4882270105190636,8,7,8,ML_CTL_35_0008
CTL,35.0,962.0,8.0,12.0,27.473684310913086,290.0,-0.9396926207859083,0.342020143325669,-0.8660254037844385,-0.5000000000000004,-5.116699695587158,11.645554542541504,216.52603149414062,2.298583058291115e-05,38.401023864746094,-5.57921838760376,11.40829849243164,238.68377685546875,0.0005922372220084071,109.35234832763672,-1.1474918127059937,2.8740432262420654,267.45660400390625,0.004963034298270941,99.18576049804688,-2.2333879470825195,2.1796493530273438,281.197021484375,0.007858972065150738,81.72545623779297,-5.196132659912109,1.5769562721252441,289.4559631347656,0.010451951995491982,76.44991302490234,1.9791290469584055e-05,2.1812922568642534e-05,10.0689115524292,-3.854586124420166,5.9369001388549805,1.9791290469584055e-05,3.255658521084115e-05,67.58195495605469,0.44086259603500366,0.5671952435726209,0.27041687201111664,8,8,8,ML_CTL_35_0008
CTL,35.0,967.0,8.0,18.0,18.0,345.0,-0.2588190451025207,0.9659258262890683,-0.8660254037844385,-0.5000000000000004,-9.05997371673584,7.531184196472168,223.6493377685547,0.0001357322616968304,99.90028381347656,-10.477961540222168,4.342037200927734,247.54071044921875,0.0012994236312806606,99.90300750732422,-11.33942699432373,1.5456922054290771,269.5617980957031,0.0056901066564023495,97.82369232177734,-8.876851081848145,-0.08446415513753891,284.5260314941406,0.011056235991418362,91.58837890625,-2.023879051208496,1.6944342851638794,292.947998046875,0.016123617067933083,94.60059356689453,9.910243534250185e-05,9.444382885703817e-05,9.141897201538086,-8.355618476867676,3.005776882171631,9.910243534250185e-05,9.444382885703817e-05,72.075927734375,4.603445529937744,0.6177536170399599,0.48002431776950694,9,1,17,ML_CTL_35_0009
CTL,35.0,968.0,8.0,0.0,18.0,345.0,-0.2588190451025207,0.9659258262890683,-0.8660254037844385,-0.5000000000000004,-0.5547431111335754,6.780206203460693,222.94163513183594,0.00012471855734474957,99.92300415039062,-0.3598845303058624,16.779220581054688,246.9740447998047,0.0012559808092191815,102.12724304199219,-5.078677177429199,14.976924896240234,269.29364013671875,0.005615390837192535,98.31686401367188,-4.006986141204834,7.287464141845703,284.1253967285156,0.011163637042045593,94.95081329345703,1.8239548206329346,6.4446892738342285,292.740234375,0.01641412451863289,97.50099182128906,0.00010896698950091377,9.690672595752403e-05,2.4022438526153564,-1.6352672576904297,10.453701972961426,0.00010896698950091377,9.891833178699017e-05,78.24364471435547,2.4022438526153564,0.558781478966091,0.2362182172655991,9,2,17,ML_CTL_35_0009
CTL,35.0,969.0,8.0,6.0,18.0,342.5,-0.300705799504273,0.9537169507482269,-0.8660254037844385,-0.5000000000000004,-4.5113301277160645,2.2866668701171875,224.29151916503906,0.00014752926654182374,100.5078353881836,-1.9851454496383667,10.09298038482666,247.5976104736328,0.001314428634941578,102.43383026123047,-3.18477463722229,4.15081787109375,268.7911682128906,0.005261303391307592,95.7609634399414,-2.249971628189087,-0.2149352878332138,284.2381591796875,0.011084942147135735,93.51900482177734,1.4257481098175049,0.2048567235469818,292.73797607421875,0.016498742625117302,98.01168823242188,0.00010418373858556151,0.00010885756637435406,6.291489124298096,-2.1010947227478027,3.3040771484375,0.00010418373858556151,0.00010885756637435406,72.1751480102539,4.766592025756836,0.6282743461736986,0.5248208355588797,9,3,17,ML_CTL_35_0009
CTL,35.0,970.0,8.0,12.0,18.0,342.5,-0.300705799504273,0.9537169507482269,-0.8660254037844385,-0.5000000000000004,1.1190886497497559,2.448875665664673,224.8052215576172,0.00015428996994160116,99.95655059814453,1.8920425176620483,19.531949996948242,244.40170288085938,0.0007419253815896809,81.12779235839844,2.7578952312469482,11.645984649658203,271.1793518066406,0.0050474065355956554,77.3871078491211,3.715517997741699,6.578385353088379,284.3542785644531,0.010677694343030453,89.37870788574219,6.705462455749512,6.30794095993042,293.0545349121094,0.01650230586528778,96.09839630126953,0.00010072201257571578,9.232588490704075e-05,6.789694786071777,3.2380013465881348,9.302626609802246,0.00010072201257571578,0.00010244615259580314,74.72755432128906,4.603424549102783,0.6782667355900106,0.7458177950396974,9,4,17,ML_CTL_35_0009
CTL,35.0,971.0,8.0,18.0,19.894737243652344,342.5,-0.300705799504273,0.9537169507482269,-0.8660254037844385,-0.5000000000000004,-0.3780497908592224,3.528536081314087,223.4728546142578,0.00012965034693479538,100.13949584960938,-5.095841407775879,20.331825256347656,242.48460388183594,0.0005361419171094894,74.60213470458984,-3.9537694454193115,16.265201568603516,272.51287841796875,0.0061409082263708115,83.17915344238281,-1.3213359117507935,11.43375301361084,285.103515625,0.009642516262829304,76.73249816894531,-1.1475163698196411,10.401684761047363,293.2647399902344,0.016096429899334908,92.46829986572266,9.24388732528314e-05,7.55616492824629e-05,6.916086673736572,-2.379302501678467,12.392200469970703,9.24388732528314e-05,0.0001037727779475972,73.59260559082031,5.745563507080078,0.6782762802483717,0.7458615338826742,9,5,17,ML_CTL_35_0009
CTL,35.0,972.0,9.0,0.0,19.894737243652344,340.0,-0.3420201433256686,0.9396926207859084,-1.0,-1.8369701987210297e-16,-5.92185640335083,2.021287679672241,222.80191040039062,0.00011295268632238731,94.71892547607422,-1.7812680006027222,15.1868257522583,243.62026977539062,0.0005670396494679153,66.7870864868164,-1.5805217027664185,7.930548191070557,271.38690185546875,0.00633279187604785,93.70171356201172,0.6834240555763245,0.7926929593086243,284.1245422363281,0.009556068107485771,81.25238800048828,1.68424391746521,0.6890923976898193,293.35784912109375,0.015236414968967438,87.01766967773438,8.43698944663629e-05,8.627562056062743e-05,7.721884727478027,-1.3831956386566162,5.324089050292969,8.43698944663629e-05,8.627562056062743e-05,65.93335723876953,3.2363483905792236,0.7537546669992319,1.1187386121378768,9,6,17,ML_CTL_35_0009
CTL,35.0,973.0,9.0,6.0,21.789474487304688,340.0,-0.3420201433256686,0.9396926207859084,-1.0,-1.8369701987210297e-16,-4.5805134773254395,2.078887462615967,224.2520751953125,0.000142921824590303,99.84395599365234,-1.7851794958114624,14.21988582611084,243.5790557861328,0.00038685835897922516,48.6380729675293,-7.234471797943115,14.001614570617676,271.2251892089844,0.005994648206979036,88.60469818115234,-6.137627124786377,8.594118118286133,284.6256103515625,0.009556233882904053,78.64189147949219,-5.826740741729736,7.791486740112305,292.783935546875,0.015691526234149933,92.89507293701172,8.222170436056331e-05,6.356669473461807e-05,5.846954345703125,-5.112906455993652,9.337199211120605,8.222170436056331e-05,7.87905664765276e-05,66.8248519897461,5.846954345703125,0.746748584802213,1.081345830693317,9,7,17,ML_CTL_35_0009
CTL,35.0,974.0,9.0,12.0,21.789474487304688,337.5,-0.38268343236508956,0.9238795325112868,-1.0,-1.8369701987210297e-16,-6.561179161071777,3.0310609340667725,223.18453979492188,0.00012451544171199203,99.7691879272461,-3.5253608226776123,8.950667381286621,244.26487731933594,0.0007491101277992129,78.36405181884766,-4.429013252258301,5.089064598083496,271.6352233886719,0.006822796072810888,99.77586364746094,-2.5446255207061768,-0.2008460909128189,284.4913635253906,0.009613879024982452,79.8198471069336,-1.0867294073104858,-0.25639858841896057,293.35748291015625,0.015287159010767937,87.2970199584961,7.657484093215317e-05,7.460758206434548e-05,6.38568639755249,-3.6293816566467285,3.322709560394287,7.657484093215317e-05,7.460758206434548e-05,57.168701171875,3.2474942207336426,0.6899040900588306,0.7996709514792528,9,8,17,ML_CTL_35_0009
CTL,35.0,975.0,9.0,18.0,21.789474487304688,337.5,-0.38268343236508956,0.9238795325112868,-1.0,-1.8369701987210297e-16,-4.390629768371582,3.9245736598968506,222.71383666992188,0.0001150185416918248,98.6355972290039,-1.8667293787002563,9.247003555297852,244.2579803466797,0.0003361540148034692,36.92338180541992,-2.570281505584717,9.188170433044434,271.3188171386719,0.006514342501759529,96.12628936767578,0.8730201721191406,3.5381505489349365,284.7254638671875,0.009448421187698841,77.26180267333984,1.5858303308486938,2.485273599624634,293.3897399902344,0.015090961009263992,86.00752258300781,7.50066465116106e-05,5.737216633860953e-05,6.147329330444336,-1.273758053779602,5.676634788513184,7.50066465116106e-05,5.855656854691915e-05,56.9632453918457,3.953855037689209,0.7463745477398088,1.0793689675956863,9,9,17,ML_CTL_35_0009
CTL,35.0,976.0,9.0,0.0,23.6842098236084,337.5,-0.38268343236508956,0.9238795325112868,-1.0,-1.8369701987210297e-16,-0.8016085624694824,2.253955125808716,221.67686462402344,0.00010134157491847873,98.6097183227539,-0.5517135858535767,8.310497283935547,243.72398376464844,0.00039389129960909486,45.897926330566406,-4.197009086608887,12.026846885681152,271.24383544921875,0.005533558316528797,78.92630004882812,-5.247100353240967,8.469659805297852,285.3602294921875,0.008716180920600891,68.31303405761719,-5.438160419464111,8.032161712646484,293.1170654296875,0.014722715131938457,85.30940246582031,6.909735384397209e-05,3.4064665669575334e-05,7.40846061706543,-3.2471184730529785,7.818624019622803,6.909735384397209e-05,5.481815242092125e-05,61.850589752197266,6.455625057220459,0.7908495893240931,1.3300541356916384,9,10,17,ML_CTL_35_0009
CTL,35.0,977.0,9.0,6.0,23.6842098236084,335.0,-0.4226182617406992,0.90630778703665,-1.0,-1.8369701987210297e-16,-1.7761187553405762,-0.5439423322677612,221.77239990234375,8.22228830656968e-05,77.16983032226562,-3.1867432594299316,4.4822001457214355,243.50865173339844,0.0007033901638351381,81.16132354736328,-5.144369125366211,4.668264389038086,271.1320495605469,0.006240323651582003,91.65419006347656,-4.171878814697266,1.5175193548202515,285.0435485839844,0.009112242609262466,72.96656036376953,-3.5994176864624023,0.8298085331916809,292.6678771972656,0.01505368109792471,89.74577331542969,6.386439781636e-05,4.026665919809602e-05,2.28289532661438,-3.5757057666778564,2.190769672393799,6.386439781636e-05,4.1923824028344825e-05,54.236141204833984,2.28289532661438,0.7722658554236153,1.221149947002786,9,11,17,ML_CTL_35_0009
CTL,35.0,978.0,9.0,12.0,25.578947067260742,335.0,-0.4226182617406992,0.90630778703665,-1.0,-1.8369701987210297e-16,-1.253493070602417,-1.7163074016571045,221.95797729492188,8.995650568976998e-05,82.3960189819336,-2.3340306282043457,3.4517641067504883,242.92340087890625,0.0007822608458809555,96.34803771972656,-3.1228485107421875,5.162350177764893,271.0413818359375,0.005647656507790089,82.40190124511719,-6.0139946937561035,7.2194504737854,285.72802734375,0.008629131130874157,66.0575180053711,-6.238419055938721,5.415470123291016,292.66064453125,0.014964030124247074,89.2435302734375,5.7182525779353455e-05,2.6216179321636446e-05,8.701249122619629,-3.7925572395324707,3.906545639038086,5.7182525779353455e-05,3.589596599340439e-05,60.19184112548828,2.8711347579956055,0.6283256901807415,0.5250406874206521,9,12,17,ML_CTL_35_0009
CTL,35.0,979.0,9.0,18.0,25.578947067260742,332.5,-0.46174861323503363,0.8870108331782218,-1.0,-1.8369701987210297e-16,-2.899113416671753,-0.26191118359565735,221.87384033203125,8.398172940360382e-05,78.4419937133789,-3.0103049278259277,1.215537428855896,242.7143096923828,0.0006770170293748379,85.27323913574219,-6.240789413452148,-2.4869494438171387,271.2945861816406,0.004670227412134409,65.12324523925781,-5.476529121398926,-0.5542122721672058,285.72943115234375,0.008991806767880917,68.86454010009766,-5.664113521575928,-1.6629735231399536,292.35968017578125,0.015440238639712334,93.81732940673828,5.117146429256536e-05,1.4689603631268255e-05,3.099709987640381,-4.658169746398926,-0.7501017451286316,5.117146429256536e-05,2.956403659482021e-05,52.958316802978516,3.099709987640381,0.7098021978058168,0.8944235695772624,9,13,17,ML_CTL_35_0009
CTL,35.0,980.0,9.0,0.0,25.578947067260742,332.5,-0.46174861323503363,0.8870108331782218,-1.0,-1.8369701987210297e-16,-2.874340057373047,1.4170383214950562,221.669677734375,7.423225906677544e-05,70.6538314819336,-1.6172324419021606,1.9540936946868896,242.3607177734375,0.000656754884403199,85.76679992675781,-6.320013999938965,0.37529540061950684,271.08282470703125,0.004253286402672529,60.7024040222168,-4.649536609649658,3.1734375953674316,285.7937316894531,0.009010070003569126,68.74764251708984,-5.306160926818848,1.5519368648529053,292.1923522949219,0.015125442296266556,92.8777847290039,4.74348635179922e-05,1.757117388478946e-05,2.4355595111846924,-4.153456687927246,1.694360375404358,4.74348635179922e-05,2.5833769541350193e-05,51.85823059082031,2.4355595111846924,0.7523698423683424,1.11129168151195,9,14,17,ML_CTL_35_0009
CTL,35.0,981.0,9.0,6.0,25.578947067260742,330.0,-0.5000000000000004,0.8660254037844384,-1.0,-1.8369701987210297e-16,-1.7212656736373901,2.810389995574951,221.58578491210938,6.414417293854058e-05,61.20846176147461,-2.7232534885406494,0.7627993226051331,241.97377014160156,0.0004740224976558238,68.09614562988281,-8.142915725708008,-0.6372109055519104,270.7507019042969,0.003231246955692768,46.63201904296875,-6.385136127471924,-0.18058478832244873,285.36517333984375,0.009678740054368973,76.07510375976562,-6.682755470275879,-1.2525262832641602,291.52398681640625,0.015011184848845005,96.17814636230469,4.062493462697603e-05,3.300405069239787e-06,6.412774085998535,-5.131065368652344,0.3005734384059906,4.062493462697603e-05,1.928427991515491e-05,49.73722839355469,2.7469534873962402,0.7799584734486532,1.2654243935064224,9,15,17,ML_CTL_35_0009
CTL,35.0,982.0,9.0,12.0,25.578947067260742,330.0,-0.5000000000000004,0.8660254037844384,-1.0,-1.8369701987210297e-16,-1.7169954776763916,1.8466321229934692,221.70779418945312,5.976316242595203e-05,55.95003128051758,-3.0914182662963867,1.9834303855895996,241.99771118164062,0.0005156727274879813,71.58316040039062,-6.824545860290527,3.051520824432373,270.4183349609375,0.003723909379914403,55.714752197265625,-4.0760979652404785,5.0754547119140625,285.4479064941406,0.009393157437443733,73.44386291503906,-4.262068748474121,3.6673972606658936,291.8484191894531,0.014670212753117085,92.09061431884766,3.896814087056555e-05,9.3071284936741e-06,3.129310369491577,-3.994225263595581,3.124886989593506,3.896814087056555e-05,1.538102878839709e-05,50.762447357177734,3.129310369491577,0.7929313784124418,1.342686440148671,9,16,17,ML_CTL_35_0009
CTL,35.0,983.0,9.0,18.0,25.578947067260742,327.5,-0.5372996083468242,0.8433914458128855,-1.0,-1.8369701987210297e-16,-1.102363109588623,1.9772666692733765,221.78416442871094,5.886965664103627e-05,53.79894256591797,-2.9514448642730713,3.7965919971466064,242.15945434570312,0.0004298090061638504,61.15094757080078,-6.971286773681641,3.2140231132507324,270.1515808105469,0.0036532075610011816,55.71407699584961,-4.707364559173584,1.5428340435028076,285.1407165527344,0.010341915301978588,82.53923797607422,-5.035911560058594,-0.4540818929672241,291.74737548828125,0.014536477625370026,91.88472747802734,3.5096181818516925e-05,4.754580459120916e-06,4.624311923980713,-4.153674125671387,2.015326976776123,3.5096181818516925e-05,1.1456469110271428e-05,48.884849548339844,3.2584054470062256,0.7324191004455457,1.0069309428593738,9,17,17,ML_CTL_35_0009
CTL,35.0,968.0,8.0,0.0,18.0,297.5,-0.8870108331782216,0.4617486132350341,-0.8660254037844385,-0.5000000000000004,-11.788881301879883,-3.1844208240509033,218.63905334472656,7.261199061758816e-05,100.09555053710938,-8.69650650024414,-2.2472376823425293,242.9702911376953,0.0009793315548449755,117.1013412475586,-5.623379230499268,3.8397860527038574,268.08868408203125,0.0047224946320056915,92.00299072265625,-9.067264556884766,4.261113166809082,279.2064208984375,0.007844705134630203,93.71744537353516,-9.585525512695312,2.5520851612091064,291.1950988769531,0.01141208317130804,74.71489715576172,3.232524250051938e-05,6.494471745099872e-05,6.145102024078369,-8.952311515808105,1.0442651510238647,3.232524250051938e-05,6.494471745099872e-05,62.7176628112793,1.8427700996398926,0.678713438598673,0.7478655644695247,10,1,8,ML_CTL_35_0010
CTL,35.0,969.0,8.0,6.0,18.0,295.0,-0.9063077870366498,0.4226182617406996,-0.8660254037844385,-0.5000000000000004,-12.74504280090332,-2.7333738803863525,217.7163543701172,6.395612581400201e-05,99.91020202636719,-10.076801300048828,-2.5250370502471924,242.34361267089844,0.0008786406251601875,109.4334487915039,-6.298056125640869,0.3098514974117279,268.6643371582031,0.0055198268964886665,101.42174530029297,-7.875789642333984,3.02874493598938,279.3191833496094,0.007617213763296604,90.25884246826172,-9.363503456115723,1.2477765083312988,291.0963134765625,0.011184622533619404,73.67534637451172,3.201258004992269e-05,6.374988151947036e-05,5.223443984985352,-9.271838188171387,-0.13440756499767303,3.201258004992269e-05,6.374988151947036e-05,61.042945861816406,2.1948652267456055,0.6956631845466786,0.8267305792957225,10,2,8,ML_CTL_35_0010
CTL,35.0,970.0,8.0,12.0,18.0,292.5,-0.9238795325112866,0.38268343236509,-0.8660254037844385,-0.5000000000000004,-13.10567569732666,-1.5453755855560303,217.47756958007812,6.0985199525021017e-05,98.32673645019531,-11.004166603088379,-2.5846264362335205,241.95953369140625,0.0008114624070003629,105.84659576416016,-7.615964889526367,-3.9260590076446533,268.96331787109375,0.005622609052807093,100.6245346069336,-7.306273460388184,1.7746058702468872,280.001953125,0.007495489437133074,84.6745376586914,-8.770169258117676,1.3332325220108032,290.7675476074219,0.011068055406212807,74.41343688964844,3.262507379986346e-05,5.2615599997807294e-05,5.204133033752441,-9.560449600219727,-0.9896445274353027,3.262507379986346e-05,5.2615599997807294e-05,59.8242301940918,1.2363911867141724,0.6870952804111037,0.7865742392216115,10,3,8,ML_CTL_35_0010
CTL,35.0,971.0,8.0,18.0,18.0,292.5,-0.9238795325112866,0.38268343236509,-0.8660254037844385,-0.5000000000000004,-11.828584671020508,-2.173095464706421,218.0669708251953,6.715263589285314e-05,99.83114624023438,-8.663195610046387,-4.127924919128418,243.29110717773438,0.000940648140385747,106.60385131835938,-4.19756555557251,0.7442173957824707,268.934814453125,0.005621895659714937,101.26981353759766,-4.706794738769531,5.930957317352295,279.1016540527344,0.007384076714515686,88.84382629394531,-5.707931041717529,4.475948810577393,291.0429992675781,0.010539594106376171,69.62884521484375,3.0704482924193144e-05,6.095378194004297e-05,9.037266731262207,-7.020813941955566,0.970020592212677,3.0704482924193144e-05,6.095378194004297e-05,61.361000061035156,3.7092509269714355,0.6601155105497496,0.6638090127159093,10,4,8,ML_CTL_35_0010
CTL,35.0,972.0,9.0,0.0,18.0,290.0,-0.9396926207859083,0.342020143325669,-1.0,-1.8369701987210297e-16,-10.52917766571045,2.3137366771698,217.460693359375,6.223628588486463e-05,99.86980438232422,-9.92985725402832,-4.552067279815674,241.74522399902344,0.0007847493980079889,105.77828216552734,-7.958817005157471,-4.982858180999756,268.7608337402344,0.005530449096113443,100.52505493164062,-5.029128074645996,2.8716320991516113,280.20458984375,0.007408395409584045,82.66043090820312,-6.275599002838135,1.6167984008789062,290.888427734375,0.01027456484735012,68.5338363647461,2.752168438746594e-05,5.6333701650146395e-05,4.310296535491943,-7.944516181945801,-0.5465515851974487,2.752168438746594e-05,5.6333701650146395e-05,60.78836441040039,1.989450454711914,0.6389461393903227,0.5707930163523234,10,5,8,ML_CTL_35_0010
CTL,35.0,973.0,9.0,6.0,18.0,287.5,-0.9537169507482268,0.30070579950427345,-1.0,-1.8369701987210297e-16,-5.430395603179932,3.0415854454040527,217.4180450439453,4.931291186949238e-05,80.03092193603516,-8.309492111206055,-3.4087235927581787,240.88931274414062,0.000568349554669112,84.63069152832031,-9.704405784606934,-5.757394313812256,267.9239196777344,0.004870767705142498,92.29732513427734,-6.033805847167969,0.8464818596839905,281.8981018066406,0.006999760400503874,69.32596588134766,-7.2231550216674805,0.8511645197868347,290.68804931640625,0.010878813453018665,73.52920532226562,2.2179496227181517e-05,3.676364940474741e-05,2.8305351734161377,-7.3402509689331055,-0.8853772878646851,2.2179496227181517e-05,5.671349208569154e-05,58.619041442871094,2.8305351734161377,0.7313804993424169,1.0016379607013541,10,6,8,ML_CTL_35_0010
CTL,35.0,974.0,9.0,12.0,18.0,285.0,-0.9659258262890684,0.2588190451025203,-1.0,-1.8369701987210297e-16,-4.783995628356934,2.22473406791687,217.42994689941406,4.601007458404638e-05,76.21708679199219,-6.747961521148682,-1.3118805885314941,240.7232208251953,0.0004277494444977492,66.22492980957031,-10.551851272583008,-4.491221904754639,267.8863830566406,0.004127877298742533,75.77046966552734,-6.7906413078308105,0.20260629057884216,282.65460205078125,0.006806571967899799,64.07073211669922,-7.268960952758789,0.9947358965873718,290.5496826171875,0.011653686873614788,79.38885498046875,2.0640263755922206e-05,1.6315176253556274e-05,2.772714853286743,-7.228682041168213,-0.4762052595615387,2.0640263755922206e-05,4.3769727199105546e-05,56.914161682128906,1.3895021677017212,0.674946280372217,0.730642643238685,10,7,8,ML_CTL_35_0010
CTL,35.0,975.0,9.0,18.0,18.0,282.5,-0.9762960071199335,0.21643961393810246,-1.0,-1.8369701987210297e-16,-5.326244354248047,2.878453493118286,217.37979125976562,4.572689067572355e-05,76.63304138183594,-6.125881195068359,1.856744647026062,240.62579345703125,0.00033936710678972304,53.359458923339844,-9.928449630737305,-3.4942004680633545,268.0323181152344,0.0032537193037569523,58.13531494140625,-6.646432876586914,-1.3001536130905151,283.3416748046875,0.0065348646603524685,58.71946334838867,-6.851253509521484,-0.524316668510437,290.60003662109375,0.012274986132979393,83.21136474609375,1.8923305106000043e-05,4.816871751245344e-06,3.7288734912872314,-6.97565221786499,-0.11669454723596573,1.8923305106000043e-05,3.364600706845522e-05,56.40061950683594,2.320023775100708,0.5629403492959715,0.2531039847623737,10,8,8,ML_CTL_35_0010
CTL,35.0,997.0,9.0,6.0,33.157894134521484,317.5,-0.6755902076156605,0.7372773368101239,-1.0,-1.8369701987210297e-16,16.960468292236328,9.192855834960938,219.42974853515625,1.8530017769080587e-05,23.98923683166504,11.111509323120117,4.948159217834473,237.38584899902344,0.0003802358696702868,73.79527282714844,3.235297441482544,0.8829481601715088,265.02227783203125,0.003004838479682803,71.46654510498047,2.283945083618164,-1.3356362581253052,280.00323486328125,0.004500995390117168,50.751190185546875,0.3812616169452667,-1.3047258853912354,289.908935546875,0.01045321673154831,74.1976089477539,3.264159386162646e-05,1.876824717328418e-05,19.62318229675293,6.794496059417725,2.4767203330993652,3.264159386162646e-05,3.3025851735146716e-05,45.54685592651367,1.8551608324050903,0.6317361674642828,0.5396722329124843,11,1,8,ML_CTL_35_0011
CTL,35.0,998.0,9.0,12.0,33.157894134521484,317.5,-0.6755902076156605,0.7372773368101239,-1.0,-1.8369701987210297e-16,14.594979286193848,8.37101936340332,219.2306671142578,1.8495335098123178e-05,24.419036865234375,8.617484092712402,4.755953311920166,237.24021911621094,0.00036545071634463966,74.33087921142578,2.44148850440979,1.254984974861145,265.11322021484375,0.003157860366627574,74.01073455810547,1.7012584209442139,-1.27705717086792,280.2489318847656,0.004198506474494934,46.59025192260742,0.004542515613138676,-1.348217487335205,289.8846130371094,0.010121830739080906,71.9509048461914,3.088461744482629e-05,1.5759720554342493e-05,17.531240463256836,5.471950531005859,2.351336717605591,3.088461744482629e-05,3.422699955990538e-05,43.148799896240234,1.4819079637527466,0.5952172763808206,0.3855760710189702,11,2,8,ML_CTL_35_0011
CTL,35.0,999.0,9.0,18.0,33.157894134521484,317.5,-0.6755902076156605,0.7372773368101239,-1.0,-1.8369701987210297e-16,13.103982925415039,7.116203784942627,218.86807250976562,1.8836355593521148e-05,25.938735961914062,7.457605361938477,4.337711334228516,237.05255126953125,0.0003487049834802747,73.10040283203125,1.9908406734466553,0.9432221055030823,265.08123779296875,0.0029097367078065872,69.03346252441406,1.1644330024719238,-1.4152374267578125,280.61480712890625,0.004029412288218737,43.668392181396484,-0.6670783162117004,-1.8355618715286255,289.8295593261719,0.009862817823886871,70.33731079101562,2.8826189009123482e-05,1.5367044397862628e-05,16.42486572265625,4.609956741333008,1.8292675018310547,2.8826189009123482e-05,3.557850868673995e-05,41.8554801940918,2.2555885314941406,0.5896667164032334,0.36258777353240945,11,3,8,ML_CTL_35_0011
CTL,35.0,1000.0,9.0,0.0,33.157894134521484,317.5,-0.6755902076156605,0.7372773368101239,-1.0,-1.8369701987210297e-16,10.902349472045898,6.396446228027344,218.85397338867188,1.8420258129481226e-05,25.4530029296875,5.686308860778809,3.9265525341033936,236.62567138671875,0.00029980592080391943,63.7321662902832,0.9583311080932617,1.1278469562530518,264.7924499511719,0.002681051380932331,65.46569061279297,0.2673634886741638,-0.9035177826881409,280.76348876953125,0.004036341328173876,43.3671989440918,-1.7096178531646729,-1.272191047668457,289.3458251953125,0.00971780251711607,71.45317077636719,2.634385964483954e-05,1.6289004634018056e-05,14.76041030883789,3.220946788787842,1.855027437210083,2.634385964483954e-05,3.588141407817602e-05,42.70954132080078,2.1765799522399902,0.6107875364877569,0.45062379469809266,11,4,8,ML_CTL_35_0011
CTL,35.0,1001.0,9.0,6.0,33.157894134521484,317.5,-0.6755902076156605,0.7372773368101239,-1.0,-1.8369701987210297e-16,9.40949535369873,6.3992600440979,218.86520385742188,1.767047433531843e-05,24.389036178588867,4.030820846557617,4.070463180541992,236.24786376953125,0.00025249217287637293,54.834049224853516,-0.06875089555978775,1.0970795154571533,264.3620300292969,0.002582459943369031,65.49282836914062,-0.5091838836669922,-0.7068609595298767,280.8375549316406,0.004197448492050171,44.95233917236328,-1.9584113359451294,-0.9478224515914917,288.96368408203125,0.009613812901079655,72.44609832763672,2.5175517293973826e-05,1.633864303585142e-05,13.535469055175781,2.1807940006256104,1.9824237823486328,2.5175517293973826e-05,3.530088361003436e-05,45.90830993652344,1.1140495538711548,0.6230703067293253,0.5026006842547568,11,5,8,ML_CTL_35_0011
CTL,35.0,1002.0,9.0,12.0,33.157894134521484,317.5,-0.6755902076156605,0.7372773368101239,-1.0,-1.8369701987210297e-16,8.68254566192627,7.42667818069458,218.90005493164062,1.6938796761678532e-05,23.213842391967773,3.537978410720825,5.511063575744629,236.1714630126953,0.00020606917678378522,45.262290954589844,-0.8096032738685608,2.1897737979888916,264.37408447265625,0.0025104344822466373,63.13236618041992,-1.3231618404388428,0.36961427330970764,281.0500793457031,0.005190570838749409,54.678524017333984,-2.1793696880340576,-0.2722855806350708,289.1333923339844,0.00949591863900423,70.77606201171875,2.5358223865623586e-05,1.5664296370232478e-05,13.313724517822266,1.5816776752471924,3.044969081878662,2.5358223865623586e-05,3.564587314031087e-05,48.066131591796875,0.6810485124588013,0.641292314338075,0.5809775708369358,11,6,8,ML_CTL_35_0011
CTL,35.0,1003.0,9.0,18.0,33.157894134521484,317.5,-0.6755902076156605,0.7372773368101239,-1.0,-1.8369701987210297e-16,8.293478012084961,7.40557336807251,218.90904235839844,1.648779470997397e-05,22.53113555908203,3.722245216369629,5.877788066864014,236.0811309814453,0.0001630346814636141,37.14976119995117,-0.4124959409236908,2.6145856380462646,264.44793701171875,0.0023025893606245518,57.267730712890625,-1.1602016687393188,0.8166505098342896,281.22503662109375,0.005858805496245623,60.88167190551758,-2.2519285678863525,-0.03854275122284889,289.21240234375,0.009489533491432667,70.36983489990234,2.5490367988822982e-05,1.597637492523063e-05,12.908154487609863,1.6382194757461548,3.3352108001708984,2.5490367988822982e-05,3.629593993537128e-05,49.437843322753906,0.998188316822052,0.6490364727866661,0.614806606570026,11,7,8,ML_CTL_35_0011
CTL,35.0,1004.0,9.0,0.0,33.157894134521484,317.5,-0.6755902076156605,0.7372773368101239,-1.0,-1.8369701987210297e-16,7.358798027038574,8.118529319763184,219.1347198486328,1.5846200767555274e-05,21.072751998901367,3.087728261947632,6.907500267028809,235.99139404296875,0.0001250744389835745,29.786897659301758,-0.8003231883049011,3.0100417137145996,264.10107421875,0.0020124027505517006,51.204917907714844,-1.3368701934814453,1.5136610269546509,281.0538635253906,0.0065578497014939785,68.84635925292969,-2.2632482051849365,1.1432414054870605,289.0456848144531,0.009386710822582245,70.36884307861328,2.5364241082570516e-05,1.604093449714128e-05,11.884377479553223,1.209216833114624,4.138594627380371,2.5364241082570516e-05,3.687640855787322e-05,53.007598876953125,1.2349739074707031,0.6136132313072901,0.46252595399040564,11,8,8,ML_CTL_35_0011
CTL,35.0,1007.0,9.0,18.0,12.315789222717285,322.5,-0.608761429008721,0.7933533402912349,-1.0,-1.8369701987210297e-16,-9.719124794006348,-1.2374011278152466,219.23963928222656,7.794171688146889e-05,99.90509796142578,-3.61973237991333,-1.72273588180542,244.13865661621094,0.0010837959125638008,113.36359405517578,3.679638624191284,1.9662117958068848,269.1876525878906,0.005743666086345911,101.39009094238281,1.587389349937439,0.8397889137268066,278.33251953125,0.007914910092949867,100.4274673461914,1.5084394216537476,-0.915164053440094,289.8847961425781,0.01162839774042368,82.7260971069336,4.861707202508114e-05,6.361481064232066e-05,11.232187271118164,-1.3126780986785889,-0.21386003494262695,4.861707202508114e-05,7.31817854102701e-05,81.16569519042969,5.096427917480469,0.5605084174439597,0.24322569551730844,12,1,17,ML_CTL_35_0012
CTL,35.0,1008.0,9.0,0.0,14.210526466369629,322.5,-0.608761429008721,0.7933533402912349,-1.0,-1.8369701987210297e-16,-6.2179694175720215,1.5218122005462646,219.51734924316406,8.080877887550741e-05,100.06022644042969,-6.309861660003662,4.1695475578308105,244.03697204589844,0.0011391262523829937,122.99942016601562,-6.792121887207031,5.681969165802002,268.9671630859375,0.00567019684240222,101.70047760009766,-7.5757737159729,2.9561774730682373,278.49627685546875,0.007920819334685802,99.39292907714844,-8.041378021240234,0.877470076084137,289.5704345703125,0.01230026688426733,89.32882690429688,4.8661528126103804e-05,8.195821283152327e-05,1.9339067935943604,-6.987420558929443,3.041395425796509,4.8661528126103804e-05,8.195821283152327e-05,73.1009292602539,1.9339067935943604,0.6574415471579169,0.6519135500659847,12,2,17,ML_CTL_35_0012
CTL,35.0,1009.0,9.0,6.0,14.210526466369629,320.0,-0.6427876096865396,0.7660444431189778,-1.0,-1.8369701987210297e-16,-10.18589973449707,0.880483865737915,218.5631103515625,7.146163989091292e-05,99.73921203613281,-6.822059631347656,-2.9452688694000244,243.29356384277344,0.0010338289430364966,119.26675415039062,-6.062601566314697,-2.6655333042144775,269.2458801269531,0.005788110662251711,101.5555419921875,-6.214314937591553,-1.8662915229797363,278.1907043457031,0.007870731875300407,100.84107208251953,-6.886565685272217,-1.1601786613464355,289.3424072265625,0.01208947878330946,89.09136199951172,5.015605711378157e-05,7.884447404649109e-05,3.8794212341308594,-7.234288215637207,-1.551357626914978,5.015605711378157e-05,7.884447404649109e-05,71.91873931884766,3.8794212341308594,0.7435296934043474,1.064395808282009,12,3,17,ML_CTL_35_0012
CTL,35.0,1010.0,9.0,12.0,14.210526466369629,320.0,-0.6427876096865396,0.7660444431189778,-1.0,-1.8369701987210297e-16,-7.4170308113098145,0.9334713816642761,219.034423828125,7.787056529195979e-05,102.41897583007812,-5.631214141845703,1.7598090171813965,244.2826690673828,0.0011467501753941178,119.73534393310547,-5.4567365646362305,3.4500675201416016,269.10211181640625,0.005720658227801323,101.61148071289062,-6.023261547088623,2.8648552894592285,277.9611511230469,0.007712198421359062,100.41386413574219,-5.360058307647705,2.677582263946533,289.24310302734375,0.011972581036388874,88.80846405029297,5.9888323448831216e-05,8.150448411470279e-05,2.6968607902526855,-5.977660179138184,2.3371570110321045,5.9888323448831216e-05,8.150448411470279e-05,75.03001403808594,2.6968607902526855,0.7032149455122938,0.8626544451920695,12,4,17,ML_CTL_35_0012
CTL,35.0,1011.0,9.0,18.0,14.210526466369629,317.5,-0.6755902076156605,0.7372773368101239,-1.0,-1.8369701987210297e-16,-11.288389205932617,1.6248962879180908,219.81385803222656,8.443132537649944e-05,100.08053588867188,-6.291206359863281,-3.905189275741577,244.55535888671875,0.0011770605342462659,119.87889862060547,-3.768570899963379,-5.043421745300293,269.18328857421875,0.00574355386197567,101.4619369506836,-3.9020938873291016,-2.5344502925872803,278.13787841796875,0.007854224182665348,100.98800659179688,-3.712937116622925,-1.6188545227050781,289.3831787109375,0.01192241907119751,87.63589477539062,5.8456706028664485e-05,7.986620767042041e-05,8.240715026855469,-5.79263973236084,-2.2954039573669434,5.8456706028664485e-05,7.986620767042041e-05,74.57010650634766,3.254244089126587,0.74230332268947,1.057974726380607,12,5,17,ML_CTL_35_0012
CTL,35.0,1012.0,9.0,0.0,14.210526466369629,317.5,-0.6755902076156605,0.7372773368101239,-1.0,-1.8369701987210297e-16,-7.386241912841797,2.1224961280822754,220.1014862060547,8.948923641582951e-05,101.90716552734375,-5.552087783813477,-0.34633904695510864,244.09548950195312,0.001162011525593698,125.47975158691406,-4.621264457702637,-0.09787781536579132,268.80145263671875,0.005592519883066416,101.72887420654297,-4.746516704559326,1.5705416202545166,277.7347717285156,0.007562106009572744,100.07327270507812,-3.418804407119751,0.9980876445770264,288.8180847167969,0.011965190060436726,91.16670227050781,6.220395880518481e-05,9.112049883697182e-05,4.12369441986084,-5.144982814788818,0.8493816256523132,6.220395880518481e-05,9.112049883697182e-05,74.1207046508789,3.948789119720459,0.7163344102923198,0.9263510680731233,12,6,17,ML_CTL_35_0012
CTL,35.0,1013.0,9.0,6.0,14.210526466369629,315.0,-0.7071067811865477,0.7071067811865474,-1.0,-1.8369701987210297e-16,-9.433046340942383,2.057695150375366,218.76007080078125,7.291403744602576e-05,99.73023223876953,-7.468494892120361,-5.786134243011475,243.36683654785156,0.0010299248388037086,117.07894897460938,-4.4111199378967285,-6.767226219177246,269.40472412109375,0.005866953171789646,101.5601806640625,-4.171939849853516,-2.971198320388794,278.45416259765625,0.007946792989969254,99.9732666015625,-4.625707149505615,-1.76205575466156,289.43487548828125,0.01171076949685812,85.7786636352539,5.914854409638792e-05,7.47283484088257e-05,6.1401143074035645,-6.022061347961426,-3.045783758163452,5.914854409638792e-05,8.712610724614933e-05,73.39680480957031,2.81471848487854,0.7770998862532646,1.2488451451462543,12,7,17,ML_CTL_35_0012
CTL,35.0,1014.0,9.0,12.0,14.210526466369629,315.0,-0.7071067811865477,0.7071067811865474,-1.0,-1.8369701987210297e-16,-8.83244514465332,3.026761293411255,218.9737548828125,7.562929386040196e-05,100.107421875,-6.659839630126953,-1.9569264650344849,243.95375061035156,0.0010987598216161132,118.25630950927734,-3.3405227661132812,-2.7772586345672607,269.4808044433594,0.005891746375709772,101.510498046875,-3.13999080657959,2.3505442142486572,278.0931396484375,0.007755577564239502,100.046875,-2.761580228805542,2.741469383239746,289.268798828125,0.01164170727133751,86.18173217773438,6.292404577834532e-05,8.431276364717633e-05,6.077564239501953,-4.94687557220459,0.6769179105758667,6.292404577834532e-05,8.431276364717633e-05,76.30614471435547,4.383385181427002,0.7487388957909337,1.0918976647367273,12,8,17,ML_CTL_35_0012
CTL,35.0,1015.0,9.0,18.0,14.210526466369629,312.5,-0.7372773368101242,0.6755902076156601,-1.0,-1.8369701987210297e-16,-12.253076553344727,5.187110424041748,218.8758544921875,7.419810572173446e-05,99.5678939819336,-7.808417797088623,-6.680074214935303,243.1444091796875,0.0010146532440558076,119.61215209960938,-3.9009902477264404,-9.083674430847168,269.6468505859375,0.005971181206405163,101.22697448730469,-0.654894232749939,-3.2612838745117188,280.5744323730469,0.007969239726662636,86.56558227539062,-1.624769687652588,-0.9424146413803101,289.36529541015625,0.011759938672184944,86.50538635253906,5.927542224526405e-05,5.964781666989438e-05,12.269147872924805,-5.248429298400879,-2.9560673236846924,5.927542224526405e-05,9.196139581035823e-05,77.13386535644531,2.2256486415863037,0.7023906138531792,0.8587078373329078,12,9,17,ML_CTL_35_0012
CTL,35.0,1016.0,9.0,0.0,14.210526466369629,312.5,-0.7372773368101242,0.6755902076156601,-1.0,-1.8369701987210297e-16,-10.236796379089355,5.764941692352295,219.2652130126953,7.852681301301345e-05,100.16646575927734,-7.096192836761475,-5.154565334320068,243.3898468017578,0.001054661930538714,121.52140045166016,-3.802630662918091,-6.023476600646973,269.412841796875,0.005876911338418722,101.6298828125,-2.1949849128723145,-0.8149120211601257,279.4031982421875,0.008392365649342537,98.81285858154297,-1.597716212272644,1.0612252950668335,288.5636901855469,0.011955363675951958,92.64424896240234,6.200894131325185e-05,7.889558037277311e-05,9.836597442626953,-4.985663890838623,-1.0333573818206787,6.200894131325185e-05,8.227540092775598e-05,78.6338119506836,3.481721878051758,0.7365165217978447,1.0279410038107448,12,10,17,ML_CTL_35_0012
CTL,35.0,1017.0,9.0,6.0,14.210526466369629,310.0,-0.7660444431189781,0.6427876096865393,-1.0,-1.8369701987210297e-16,-8.879754066467285,3.4904682636260986,218.6038818359375,7.091505540302023e-05,99.14308166503906,-6.987126350402832,-8.208321571350098,241.3233184814453,0.0007206485024653375,105.88409423828125,-5.108213901519775,-8.723362922668457,268.1140441894531,0.005088168662041426,96.12067413330078,-3.4833176136016846,-3.645533323287964,282.0919494628906,0.007972195744514465,78.05892181396484,-3.70499849319458,-0.9257574081420898,289.1578674316406,0.011731703765690327,87.43641662597656,5.936625166214071e-05,4.425130464369431e-05,6.8030242919921875,-5.632681846618652,-3.602501630783081,5.936625166214071e-05,8.208204963011667e-05,77.92289733886719,2.3062009811401367,0.7693492980409575,1.2046406367035019,12,11,17,ML_CTL_35_0012
CTL,35.0,1018.0,9.0,12.0,14.210526466369629,310.0,-0.7660444431189781,0.6427876096865393,-1.0,-1.8369701987210297e-16,-10.165834426879883,2.9632062911987305,218.7725830078125,6.525454227812588e-05,88.45846557617188,-8.98083209991455,-7.193924427032471,242.01373291015625,0.0008677105070091784,114.82965087890625,-3.801939010620117,-5.973066806793213,268.6786193847656,0.005530571099370718,100.78709411621094,-2.5721192359924316,1.2714229822158813,280.85394287109375,0.008495727553963661,90.52788543701172,-1.1976661682128906,3.60246205329895,288.87835693359375,0.011876539327204227,90.14897155761719,5.978191256872378e-05,6.0817143094027415e-05,8.990922927856445,-5.3436784744262695,-1.0659799575805664,5.978191256872378e-05,7.16030117473565e-05,80.44584655761719,2.739469051361084,0.800958259197167,1.392294279338072,12,12,17,ML_CTL_35_0012
CTL,35.0,1019.0,9.0,18.0,14.210526466369629,307.5,-0.7933533402912352,0.6087614290087205,-1.0,-1.8369701987210297e-16,-11.06330394744873,4.041717052459717,218.70428466796875,6.702994869556278e-05,92.89480590820312,-7.676229000091553,-7.425867080688477,241.3403778076172,0.0004979719524271786,79.99739074707031,-4.599822998046875,-8.593443870544434,268.72393798828125,0.004145490936934948,73.03197479248047,-1.147931694984436,-3.104346513748169,282.17449951171875,0.008591710589826107,83.70329284667969,-1.0394419431686401,0.3176182210445404,289.5452575683594,0.011950685642659664,86.8388900756836,5.7076998928096145e-05,3.0927778425393626e-05,10.693302154541016,-5.105345726013184,-2.952864408493042,5.7076998928096145e-05,6.670833681710064e-05,81.62759399414062,2.6482152938842773,0.8054848091787626,1.4209340816500142,12,13,17,ML_CTL_35_0012
CTL,35.0,1020.0,9.0,0.0,14.210526466369629,307.5,-0.7933533402912352,0.6087614290087205,-1.0,-1.8369701987210297e-16,-11.004514694213867,3.5626566410064697,218.5425262451172,7.104138057911769e-05,100.15508270263672,-8.924450874328613,-7.021640300750732,241.4939422607422,0.0007133801118470728,102.70655822753906,-4.503032207489014,-7.1933369636535645,268.5130310058594,0.005328846164047718,97.64510345458984,-2.3205878734588623,-0.8484503626823425,281.5285949707031,0.008872427977621555,90.24850463867188,-1.6299636363983154,2.7625012397766113,289.2430419921875,0.012000053189694881,88.97931671142578,5.439627420855686e-05,5.1069811888737604e-05,9.408637046813965,-5.676509857177734,-1.7476539611816406,5.439627420855686e-05,7.006651139818132e-05,83.28994750976562,2.3781991004943848,0.7249937031664337,0.9693689745482494,12,14,17,ML_CTL_35_0012
CTL,35.0,1021.0,9.0,6.0,14.210526466369629,305.0,-0.8191520442889918,0.573576436351046,-1.0,-1.8369701987210297e-16,-7.355390548706055,2.950443744659424,218.24563598632812,6.314166967058554e-05,93.58013916015625,-5.867996692657471,-6.337853908538818,240.48861694335938,0.00048707914538681507,82.49446868896484,-6.6948041915893555,-7.845484733581543,268.9565734863281,0.004117417614907026,69.66667175292969,-3.2195498943328857,-2.745471477508545,282.44732666015625,0.009218930266797543,88.09693908691406,-3.3280208110809326,1.3220932483673096,289.1777038574219,0.012028842233121395,89.47456359863281,5.41267181688454e-05,2.1936531993560493e-05,4.34410285949707,-5.29315185546875,-2.531254768371582,5.41267181688454e-05,5.9188507293583825e-05,83.63322448730469,1.9618074893951416,0.7711034935126772,1.2145526327224063,12,15,17,ML_CTL_35_0012
CTL,35.0,1022.0,9.0,12.0,14.210526466369629,302.5,-0.8433914458128857,0.5372996083468239,-1.0,-1.8369701987210297e-16,-4.4702253341674805,2.6277003288269043,218.9414520263672,4.2424209823366255e-05,57.67657470703125,-5.166694164276123,-3.281925678253174,240.3601837158203,0.00028666495927609503,55.55341339111328,-7.311634063720703,-6.453589916229248,269.4117431640625,0.0021352777257561684,34.28456497192383,-3.4862730503082275,-2.5998735427856445,283.0726318359375,0.010613062418997288,97.31065368652344,-3.119215488433838,1.3660566806793213,289.8811950683594,0.011693221516907215,83.09397888183594,4.897124381386675e-05,7.77587410993874e-06,1.8485053777694702,-4.710808277130127,-1.6683266162872314,4.897124381386675e-05,5.8576599258231e-05,80.70161437988281,1.8485053777694702,0.7968652429839066,1.366815997702056,12,16,17,ML_CTL_35_0012
CTL,35.0,1023.0,9.0,18.0,16.105262756347656,302.5,-0.8433914458128857,0.5372996083468239,-1.0,-1.8369701987210297e-16,-0.5929511189460754,5.010834693908691,219.01852416992188,2.7249665436102077e-05,36.96526336669922,-4.338803768157959,-1.0229926109313965,240.7970733642578,0.00023207762569654733,45.91313934326172,-9.377150535583496,-4.872888565063477,269.0945739746094,0.0026989050675183535,44.56243133544922,-11.753824234008789,-0.8252760767936707,282.6736755371094,0.007791562005877495,73.30511474609375,-10.140210151672363,2.061877489089966,289.6134338378906,0.01185978576540947,85.76081085205078,5.063402932137251e-05,7.095944965840317e-06,9.99232292175293,-7.2405877113342285,0.07031097263097763,5.063402932137251e-05,5.255996438791044e-05,76.84326934814453,3.068794012069702,0.890470788600935,2.095559014376552,12,17,17,ML_CTL_35_0012
CTL,35.0,1016.0,9.0,0.0,18.0,335.0,-0.4226182617406992,0.90630778703665,-1.0,-1.8369701987210297e-16,-8.451603889465332,-0.013989276252686977,219.41970825195312,7.871984416851774e-05,99.11871337890625,-1.17782723903656,2.6049416065216064,243.0045166015625,0.0009354290668852627,111.23202514648438,1.401926040649414,6.202940464019775,270.4231872558594,0.0062865917570889,100.25335693359375,-5.484455585479736,1.9553285837173462,281.69415283203125,0.008774722926318645,88.21920776367188,-8.58787727355957,-0.32570672035217285,291.67266845703125,0.01263396441936493,80.2343521118164,6.800590199418366e-05,7.331968663493171e-05,0.3402031660079956,-4.459967613220215,2.084702968597412,6.800590199418366e-05,8.565177995478734e-05,75.1541519165039,0.3402031660079956,0.6250150817877475,0.5108899732446714,13,1,24,ML_CTL_35_0013
CTL,35.0,1017.0,9.0,6.0,18.0,335.0,-0.4226182617406992,0.90630778703665,-1.0,-1.8369701987210297e-16,-7.970684051513672,-1.9176090955734253,219.05972290039062,7.546543929493055e-05,99.87615203857422,-0.0015854105586186051,3.8023908138275146,242.26487731933594,0.0007467927061952651,96.80998229980469,4.931522369384766,10.758907318115234,269.9671936035156,0.0054428474977612495,87.98365020751953,-4.295581340789795,7.86008882522583,283.0508117675781,0.008147943764925003,74.82896423339844,-6.921550750732422,5.47074556350708,291.67236328125,0.01256009005010128,79.73992156982422,6.968538218643516e-05,4.271471334504895e-05,7.462470531463623,-2.8515758514404297,5.194904804229736,6.968538218643516e-05,7.90355188655667e-05,75.92334747314453,7.072057723999023,0.5675751209316087,0.2719644910100567,13,2,24,ML_CTL_35_0013
CTL,35.0,1018.0,9.0,12.0,18.0,332.5,-0.46174861323503363,0.8870108331782218,-1.0,-1.8369701987210297e-16,-7.484439373016357,0.7554754018783569,219.69833374023438,5.004051126888953e-05,61.975852966308594,-2.8191580772399902,5.196417808532715,242.9414825439453,0.00034968581167049706,44.4107780456543,2.877340078353882,5.938137531280518,270.9719543457031,0.0034820360597223043,49.22162628173828,-2.926225423812866,4.297908306121826,283.41595458984375,0.00766606442630291,68.59046936035156,-4.9715423583984375,1.6137702465057373,291.34136962890625,0.012335597537457943,79.95861053466797,6.799856782890856e-05,3.1506107916356996e-05,2.6554324626922607,-3.064805030822754,3.5603415966033936,6.799856782890856e-05,7.26632570149377e-05,71.8675537109375,2.6554324626922607,0.9372403757970291,2.7036278470046513,13,3,24,ML_CTL_35_0013
CTL,35.0,1019.0,9.0,18.0,18.0,330.0,-0.5000000000000004,0.8660254037844384,-1.0,-1.8369701987210297e-16,-5.104695796966553,1.8705600500106812,219.80941772460938,4.050976349390112e-05,49.67148971557617,-1.6794583797454834,3.825523853302002,243.1118621826172,0.0001802503247745335,23.741893768310547,0.36129793524742126,2.9826252460479736,270.73431396484375,0.0021213616710156202,29.070064544677734,-1.4660844802856445,-0.28122764825820923,283.6377258300781,0.007811948657035828,68.80699157714844,-3.9223098754882812,-2.9460506439208984,291.010986328125,0.012279686518013477,81.24880981445312,6.128045788500458e-05,3.0011760827619582e-05,4.9596147537231445,-2.3622500896453857,1.0902860164642334,6.128045788500458e-05,6.777037197025493e-05,68.57525634765625,4.9596147537231445,0.91943200435698,2.434654598545471,13,4,24,ML_CTL_35_0013
CTL,35.0,1020.0,9.0,0.0,19.894737243652344,330.0,-0.5000000000000004,0.8660254037844384,-1.0,-1.8369701987210297e-16,-1.276179552078247,4.026421070098877,219.44622802734375,4.273208833183162e-05,55.77467727661133,0.9714774489402771,2.8758771419525146,242.9617462158203,0.00010660738189471886,15.43396282196045,-0.48571038246154785,4.428369998931885,269.5146179199219,0.0035695629194378853,55.8882942199707,-5.484663486480713,2.888416290283203,283.87286376953125,0.00831175409257412,72.1004867553711,-10.452947616577148,1.2919563055038452,290.6177978515625,0.012664313428103924,85.90618896484375,6.202061922522262e-05,3.617296533775516e-05,9.575509071350098,-3.345604658126831,3.102207899093628,6.202061922522262e-05,5.434892955236137e-05,74.4176254272461,4.218175411224365,0.9224766451368034,2.476482814634242,13,5,24,ML_CTL_35_0013
CTL,35.0,1021.0,9.0,6.0,19.894737243652344,327.5,-0.5372996083468242,0.8433914458128855,-1.0,-1.8369701987210297e-16,-1.2386261224746704,2.05210018157959,219.22494506835938,1.810422145354096e-05,24.746309280395508,-1.9994057416915894,-1.7938284873962402,241.7175750732422,4.7016277676448226e-05,7.308121681213379,-2.6539652347564697,1.7337260246276855,269.3844909667969,0.0022516963072121143,35.127601623535156,-6.9677863121032715,-1.0387893915176392,283.8128662109375,0.009116328321397305,79.41415405273438,-9.988504409790039,-2.1061766147613525,290.471923828125,0.012345733121037483,84.53102111816406,5.771547876065597e-05,3.2987962185870856e-05,9.687705039978027,-4.569657325744629,-0.23059365153312683,5.771547876065597e-05,4.657337558455765e-05,74.55220031738281,3.6062636375427246,0.8397950725565928,1.6567041085968812,13,6,24,ML_CTL_35_0013
CTL,35.0,1022.0,9.0,12.0,19.894737243652344,327.5,-0.5372996083468242,0.8433914458128855,-1.0,-1.8369701987210297e-16,-1.6730605363845825,2.0904572010040283,219.170166015625,2.735747148108203e-05,37.52381896972656,-1.0777995586395264,0.4887581765651703,241.67221069335938,5.2293915359769017e-05,7.9628586769104,-0.0913175418972969,5.051264762878418,269.8262634277344,0.0010255163069814444,15.701850891113281,-5.179112911224365,4.301198482513428,284.3364562988281,0.009955090470612049,83.87789154052734,-7.589748859405518,2.9714794158935547,290.9717102050781,0.012115986086428165,80.34841918945312,5.484577195602469e-05,2.8502754503278993e-05,5.9819231033325195,-3.1222081184387207,2.9806315898895264,5.484577195602469e-05,3.990532422903925e-05,70.54570007324219,4.407830715179443,0.8212196162869718,1.5246324262600783,13,7,24,ML_CTL_35_0013
CTL,35.0,1023.0,9.0,18.0,19.894737243652344,325.0,-0.5735764363510465,0.8191520442889916,-1.0,-1.8369701987210297e-16,-1.688907504081726,0.8325948715209961,218.74427795410156,1.8871265638154e-05,27.35579490661621,-2.2524912357330322,-3.119765043258667,241.73263549804688,5.928995960857719e-05,9.47342300415039,-1.747898817062378,1.1958718299865723,270.13763427734375,0.0007536847842857242,11.20767879486084,-4.232525825500488,0.9835688471794128,284.1681823730469,0.01026556733995676,87.46676635742188,-6.9352641105651855,-1.1760400533676147,290.7376403808594,0.012234431691467762,82.34827423095703,5.359945134841837e-05,2.3553015125798993e-05,5.617728233337402,-3.37141752243042,-0.25675392150878906,5.359945134841837e-05,3.0849598260829225e-05,70.71269226074219,3.7405664920806885,0.7665754587896206,1.1890742784768977,13,8,24,ML_CTL_35_0013
CTL,35.0,1024.0,9.0,0.0,19.894737243652344,325.0,-0.5735764363510465,0.8191520442889916,-1.0,-1.8369701987210297e-16,-0.6246482133865356,2.2736175060272217,218.67018127441406,2.7056308681494556e-05,39.538570404052734,-1.3862277269363403,-2.3462471961975098,241.50035095214844,6.156721065053716e-05,10.209355354309082,-1.095173954963684,3.0169358253479004,269.6512451171875,0.0004977621720172465,7.8168044090271,-3.547126054763794,2.6390743255615234,283.896484375,0.010129575617611408,87.83438110351562,-5.784119129180908,2.3804547786712646,290.94647216796875,0.011676515452563763,77.56330108642578,5.0091381126549095e-05,2.278815554745961e-05,5.160576820373535,-2.487459182739258,1.5927671194076538,5.0091381126549095e-05,2.5721601559780538e-05,69.74885559082031,5.160576820373535,0.7554988946655495,1.1281584889614855,13,9,24,ML_CTL_35_0013
CTL,35.0,1025.0,9.0,6.0,19.894737243652344,322.5,-0.608761429008721,0.7933533402912349,-1.0,-1.8369701987210297e-16,0.297410249710083,2.7508115768432617,218.14553833007812,2.4125251002260484e-05,37.24601745605469,-0.8602266311645508,-2.6302568912506104,241.01307678222656,0.00010625197319313884,19.89031410217285,-2.071028709411621,0.9707750678062439,270.09033203125,0.00035444830427877605,5.462716579437256,-5.077233791351318,-0.2479657381772995,283.65673828125,0.010498902760446072,92.54244232177734,-6.308615684509277,-0.4826502799987793,290.6275939941406,0.011903799138963223,80.69829559326172,4.630106923286803e-05,1.9121293007628992e-05,7.354920387268066,-2.803938865661621,0.07214275747537613,4.630106923286803e-05,2.4466124159516767e-05,70.75302124023438,4.622451305389404,0.7187064513407981,0.93805421962769,13,10,24,ML_CTL_35_0013
CTL,35.0,1026.0,9.0,12.0,19.894737243652344,320.0,-0.6427876096865396,0.7660444431189778,-1.0,-1.8369701987210297e-16,1.7451972961425781,3.239053964614868,218.3587646484375,2.5825680495472625e-05,38.151554107666016,0.34900006651878357,-1.0868781805038452,240.96310424804688,0.00023579959815833718,45.43891143798828,-2.112156391143799,0.18996921181678772,270.3204345703125,0.0003504048509057611,5.321634769439697,-5.389866828918457,-0.5714292526245117,283.8594970703125,0.010239564813673496,89.00235748291016,-5.9438300132751465,-2.003690004348755,290.6146545410156,0.011975986883044243,81.2336196899414,3.942324474337511e-05,1.2098936167603824e-05,9.306315422058105,-2.2703311443328857,-0.046594809740781784,3.942324474337511e-05,2.4834122086758725e-05,70.0873794555664,2.898344039916992,0.6966388875443074,0.8313432949835309,13,11,24,ML_CTL_35_0013
CTL,35.0,1027.0,9.0,18.0,19.894737243652344,320.0,-0.6427876096865396,0.7660444431189778,-1.0,-1.8369701987210297e-16,3.254750967025757,2.9759328365325928,218.7030487060547,2.7005364245269448e-05,38.659568786621094,0.6444340944290161,-0.6935416460037231,240.8052520751953,0.00025404998450540006,47.469947814941406,-0.10793308913707733,1.3936653137207031,270.4591369628906,0.0002751143474597484,4.210947513580322,-3.8395915031433105,1.1322095394134521,283.7022399902344,0.010042796842753887,88.1958999633789,-4.733665943145752,0.5058817267417908,290.80584716796875,0.011868635192513466,79.53005981445312,3.861351797240786e-05,1.1286853805358987e-05,8.361576080322266,-0.9564010500907898,1.0628294944763184,3.861351797240786e-05,2.6269992304150946e-05,68.86845397949219,2.9015772342681885,0.7010073056752528,0.8520991693752631,13,12,24,ML_CTL_35_0013
CTL,35.0,1028.0,9.0,0.0,21.789474487304688,317.5,-0.6755902076156605,0.7372773368101239,-1.0,-1.8369701987210297e-16,8.604509353637695,3.066972017288208,218.4906005859375,2.1837060558027588e-05,31.888282775878906,9.876314163208008,1.7689067125320435,239.94068908691406,0.0003273924230597913,55.27333450317383,0.8326019644737244,-0.9244311451911926,268.86627197265625,0.001463627559132874,24.39889144897461,-5.860649108886719,-0.6122696399688721,283.38043212890625,0.010425976477563381,93.59722137451172,-9.249841690063477,-1.0399234294891357,290.2913818359375,0.01221553422510624,84.57152557373047,3.790983100770973e-05,1.0923977242782712e-05,18.320602416992188,0.8405868411064148,0.451850950717926,3.790983100770973e-05,3.4481665352359414e-05,78.2126693725586,1.1095867156982422,0.721050048384796,0.9496761692730944,13,13,24,ML_CTL_35_0013
CTL,35.0,1029.0,9.0,6.0,21.789474487304688,317.5,-0.6755902076156605,0.7372773368101239,-1.0,-1.8369701987210297e-16,9.617630958557129,3.5607593059539795,218.49960327148438,2.8981596187804826e-05,42.16538619995117,10.40983772277832,2.5574216842651367,239.5524139404297,0.0002972758957184851,49.579734802246094,1.2923054695129395,0.49617597460746765,268.4668273925781,0.0023088857997208834,38.79372024536133,-4.92984676361084,1.6325974464416504,283.237548828125,0.00969939399510622,87.88854217529297,-7.7253618240356445,2.4138050079345703,290.08447265625,0.012292916886508465,86.24230194091797,3.7292877095751464e-05,1.4374708371178713e-05,17.380878448486328,1.7329130172729492,2.1321518421173096,3.7292877095751464e-05,3.8016583857825026e-05,74.91102600097656,1.4795461893081665,0.7935230532829554,1.3462938242060076,13,14,24,ML_CTL_35_0013
CTL,35.0,1030.0,9.0,12.0,21.789474487304688,315.0,-0.7071067811865477,0.7071067811865474,-1.0,-1.8369701987210297e-16,11.238595962524414,3.8055646419525146,217.86575317382812,3.12334050249774e-05,48.318885803222656,11.278153419494629,3.5140480995178223,239.945068359375,0.00017596974794287235,31.383563995361328,1.7440999746322632,0.48835957050323486,268.2596435546875,0.0015419312985613942,26.64313316345215,-4.3609185218811035,1.0478661060333252,283.41595458984375,0.009645368903875351,86.3470687866211,-6.61740255355835,0.8391247987747192,290.2710266113281,0.012212179601192474,84.67849731445312,3.724882481037639e-05,1.3672847671841737e-05,18.100730895996094,2.656506061553955,1.9389925003051758,3.724882481037639e-05,4.1966843127738684e-05,73.5174560546875,1.8343379497528076,0.8211368834652468,1.5240690220806266,13,15,24,ML_CTL_35_0013
CTL,35.0,1031.0,9.0,18.0,23.6842098236084,315.0,-0.7071067811865477,0.7071067811865474,-1.0,-1.8369701987210297e-16,12.126606941223145,4.440729141235352,218.4295196533203,2.5117829864029773e-05,33.741455078125,11.27871036529541,3.0955467224121094,239.51873779296875,0.00011485171125968918,21.25509262084961,1.9623693227767944,1.6654335260391235,267.3053894042969,0.0036079585552215576,67.3557357788086,-5.719055652618408,2.150250196456909,282.9477233886719,0.008926212787628174,82.48193359375,-9.181577682495117,2.51165509223938,289.71417236328125,0.012336724437773228,88.63160705566406,3.765996007132344e-05,2.7817330192192458e-05,21.395328521728516,2.0934109687805176,2.7727229595184326,3.765996007132344e-05,4.2356296034995466e-05,74.16893768310547,8.17341136932373,0.7930660978368002,1.3435071407312025,13,16,24,ML_CTL_35_0013
CTL,35.0,1032.0,9.0,0.0,23.6842098236084,312.5,-0.7372773368101242,0.6755902076156601,-1.0,-1.8369701987210297e-16,8.76764965057373,2.4262497425079346,218.81565856933594,3.9705013477941975e-05,54.74311065673828,9.347384452819824,0.5771564245223999,239.33900451660156,0.00013962732919026166,27.449262619018555,0.34852901101112366,-0.6549878716468811,267.21197509765625,0.0028815027326345444,52.63569259643555,-5.843748569488525,-0.250053346157074,282.5249328613281,0.008291183970868587,78.8330078125,-9.181395530700684,-0.18433205783367157,289.5122375488281,0.01247111614793539,90.76280212402344,4.020430787932128e-05,2.5397112040081993e-05,18.13789939880371,0.6876840591430664,0.38280656933784485,4.020430787932128e-05,4.123683538637124e-05,73.63581085205078,8.097326278686523,0.8541148614038169,1.7672460927391676,13,17,24,ML_CTL_35_0013
CTL,35.0,1033.0,9.0,6.0,23.6842098236084,312.5,-0.7372773368101242,0.6755902076156601,-1.0,-1.8369701987210297e-16,8.394637107849121,4.2693939208984375,219.1082305908203,7.2721995820757e-05,99.45137023925781,8.679829597473145,1.024248480796814,239.3933563232422,0.00021380293765105307,40.16492462158203,0.7327643036842346,-0.0951637476682663,267.2303771972656,0.002604113658890128,48.14558792114258,-4.426246166229248,2.031430959701538,282.1448059082031,0.008698304183781147,84.87197875976562,-7.708235740661621,2.5107645988464355,289.3081970214844,0.012734184972941875,93.91990661621094,3.866280894726515e-05,2.5633438781369478e-05,16.198619842529297,1.134549856185913,1.9481350183486938,3.866280894726515e-05,4.253904990036972e-05,72.03195190429688,8.19997787475586,0.7322577679286135,1.006107896917424,13,18,24,ML_CTL_35_0013
CTL,35.0,1034.0,9.0,12.0,23.6842098236084,310.0,-0.7660444431189781,0.6427876096865393,-1.0,-1.8369701987210297e-16,9.425966262817383,3.148709774017334,217.62583923339844,3.217436096747406e-05,53.12479019165039,7.216227054595947,0.1630830317735672,238.4769287109375,0.00011110004561487585,25.674114227294922,-2.215526819229126,-1.2179784774780273,267.171875,0.002240704372525215,41.75816345214844,-4.62396240234375,0.9621276259422302,283.382568359375,0.006868795957416296,61.61732864379883,-7.338618278503418,1.2960853576660156,289.9073791503906,0.012456987984478474,88.41255187988281,3.780037513934076e-05,2.5895698854583316e-05,16.86663818359375,0.49281710386276245,0.8704054951667786,3.780037513934076e-05,4.2627842049114406e-05,67.21575927734375,6.97688627243042,0.8914731637263316,2.1058778531428755,13,19,24,ML_CTL_35_0013
CTL,35.0,1035.0,9.0,18.0,23.6842098236084,310.0,-0.7660444431189781,0.6427876096865393,-1.0,-1.8369701987210297e-16,10.595063209533691,3.9460208415985107,218.38104248046875,6.481459422502667e-05,96.41707611083984,8.575252532958984,1.0658360719680786,238.88343811035156,0.00016743755259085447,35.111961364746094,-1.232890248298645,0.36720478534698486,267.34136962890625,0.002250324236229062,40.973182678222656,-2.722262382507324,1.9366670846939087,283.2500915527344,0.007238603197038174,65.54146575927734,-5.121605396270752,2.8928096294403076,290.096435546875,0.012413335032761097,87.04995727539062,3.6509562050923705e-05,2.049093927780632e-05,15.75191879272461,2.0187110900878906,2.0417075157165527,3.6509562050923705e-05,3.8637332181679085e-05,67.76261138916016,6.604528427124023,0.7701869132378888,1.209366917575574,13,20,24,ML_CTL_35_0013
CTL,35.0,1036.0,9.0,0.0,23.6842098236084,307.5,-0.7933533402912352,0.6087614290087205,-1.0,-1.8369701987210297e-16,9.725154876708984,4.635719299316406,217.9618682861328,6.495878915302455e-05,101.75215911865234,8.474374771118164,1.6324779987335205,238.64205932617188,0.00020427243725862354,42.232913970947266,-1.32618248462677,0.19104717671871185,267.5494384765625,0.001424765563569963,25.960481643676758,-3.9276535511016846,-0.019317960366606712,283.27398681640625,0.00822396483272314,74.31903076171875,-5.956640243530273,0.8799763917922974,290.13360595703125,0.012207789346575737,85.39665222167969,3.617792026489042e-05,1.5932484529912472e-05,16.125268936157227,1.3978105783462524,1.4639804363250732,3.617792026489042e-05,2.1807460143463686e-05,64.75940704345703,8.402578353881836,0.6580278281463693,0.6545178575438466,13,21,24,ML_CTL_35_0013
CTL,35.0,1037.0,9.0,6.0,25.578947067260742,307.5,-0.7933533402912352,0.6087614290087205,-1.0,-1.8369701987210297e-16,6.950401782989502,2.685192108154297,217.79559326171875,3.697735883179121e-05,59.75608825683594,5.833810329437256,0.27613452076911926,237.59872436523438,0.00012689028517343104,31.615503311157227,-2.6865181922912598,-1.1171565055847168,265.8840026855469,0.0030129284132272005,60.765377044677734,-7.0914483070373535,-0.008520062081515789,283.1955871582031,0.007575995288789272,68.84834289550781,-9.089574813842773,1.5495504140853882,289.7752990722656,0.012363323010504246,88.45477294921875,3.463028770056553e-05,1.4608499441237655e-05,16.080127716064453,-1.2166657447814941,0.6770401000976562,3.463028770056553e-05,1.825265644583851e-05,61.27971267700195,9.087839126586914,0.7807495563081154,1.270039772943261,13,22,24,ML_CTL_35_0013
CTL,35.0,1038.0,9.0,12.0,25.578947067260742,307.5,-0.7933533402912352,0.6087614290087205,-1.0,-1.8369701987210297e-16,6.411827087402344,3.9842135906219482,217.56446838378906,5.0207563617732376e-05,82.4029769897461,5.79027795791626,0.9284045100212097,237.79940795898438,0.00016478424367960542,38.56739807128906,-2.797334909439087,-1.0664618015289307,266.0438537597656,0.0030544621404260397,60.53677749633789,-5.222963333129883,1.3330488204956055,283.1458435058594,0.007745027542114258,70.64918518066406,-6.39503812789917,3.242917537689209,289.81072998046875,0.01235110592097044,88.17888641357422,3.21142615575809e-05,1.354471987724537e-05,12.828301429748535,-0.442646324634552,1.684424638748169,3.21142615575809e-05,1.5904928659438156e-05,61.044612884521484,6.752376079559326,0.7145949394922434,0.9178064278021811,13,23,24,ML_CTL_35_0013
CTL,35.0,1039.0,9.0,18.0,25.578947067260742,305.0,-0.8191520442889918,0.573576436351046,-1.0,-1.8369701987210297e-16,2.72892427444458,0.5080288648605347,218.84207153320312,7.606198778375983e-05,107.25011444091797,4.718792915344238,0.3983142375946045,238.44920349121094,0.00025825240300036967,54.51896667480469,-2.8493478298187256,-1.2415791749954224,266.1007385253906,0.0016293805092573166,34.227333068847656,-4.782134056091309,-1.047916293144226,283.1725769042969,0.008331140503287315,75.81045532226562,-6.372231483459473,-0.20806673169136047,290.0108642578125,0.012459883466362953,87.82872009277344,3.41500599461142e-05,1.1303845894872211e-05,9.129284858703613,-1.3111991882324219,-0.3182438015937805,3.41500599461142e-05,1.3744979696639348e-05,60.176334381103516,6.586742401123047,0.5822319775366973,0.3319426468613029,13,24,24,ML_CTL_35_0013
CTL,35.0,1053.0,9.0,6.0,27.473684310913086,287.5,-0.9537169507482268,0.30070579950427345,-1.0,-1.8369701987210297e-16,6.692174434661865,7.220850944519043,217.76646423339844,3.972720151068643e-05,63.2754020690918,1.7192620038986206,6.931254863739014,239.64328002929688,0.0003103247145190835,53.33583068847656,3.3415911197662354,-0.35823678970336914,267.94769287109375,0.0047093587927520275,88.72760772705078,-0.41034361720085144,2.4103479385375977,279.6892395019531,0.006505120545625687,75.09323120117188,-3.0658185482025146,3.741466522216797,290.4228820800781,0.009766684845089912,67.19144439697266,2.8791522709070705e-05,2.6370295017841272e-05,10.359755516052246,1.655372977256775,3.9891364574432373,2.8791522709070705e-05,5.3257710533216596e-05,75.01964569091797,3.407376527786255,0.5752283757902382,0.30321546753447093,14,1,8,ML_CTL_35_0014
CTL,35.0,1054.0,9.0,12.0,27.473684310913086,287.5,-0.9537169507482268,0.30070579950427345,-1.0,-1.8369701987210297e-16,7.438821315765381,9.31570816040039,217.87977600097656,3.627229671110399e-05,57.47739028930664,3.926306962966919,9.70928955078125,239.8214874267578,0.00019846067880280316,34.17232131958008,3.6269192695617676,0.7448083162307739,267.55670166015625,0.004166976548731327,78.26423645019531,0.7902407050132751,3.150225877761841,280.781494140625,0.006468781735748053,69.24853515625,-1.0683051347732544,3.745285749435425,290.29364013671875,0.009967084974050522,69.15663146972656,3.173703225911595e-05,1.6188418157980777e-05,10.168619155883789,2.9427967071533203,5.33306360244751,3.173703225911595e-05,5.39144421054516e-05,78.10812377929688,1.5300953388214111,0.6337597553209015,0.5483804235101337,14,2,8,ML_CTL_35_0014
CTL,35.0,1055.0,9.0,18.0,29.36842155456543,287.5,-0.9537169507482268,0.30070579950427345,-1.0,-1.8369701987210297e-16,6.043703556060791,13.939861297607422,217.4576416015625,3.383405055501498e-05,55.71261978149414,3.529536008834839,8.439644813537598,239.48641967773438,0.0003968296805396676,66.24139404296875,1.634412169456482,-0.7731526494026184,269.182373046875,0.005426964722573757,94.44463348388672,-0.6841214895248413,2.025578498840332,278.9811096191406,0.00675044022500515,81.88968658447266,-2.6933956146240234,2.7600436210632324,290.0284118652344,0.009898051619529724,69.85943603515625,3.47317909472622e-05,2.7908152333111502e-05,14.188911437988281,1.5660269260406494,5.278395175933838,3.47317909472622e-05,4.655333032133058e-05,74.49437713623047,2.76470947265625,0.6530603640189299,0.6325187609689729,14,3,8,ML_CTL_35_0014
CTL,35.0,1056.0,9.0,0.0,29.36842155456543,287.5,-0.9537169507482268,0.30070579950427345,-1.0,-1.8369701987210297e-16,10.8355073928833,14.3438720703125,217.8043212890625,1.900622737593949e-05,30.29250144958496,7.427330017089844,5.670679092407227,239.1595001220703,0.00016399260493926704,27.949533462524414,1.7363687753677368,-0.5159446001052856,268.8134765625,0.0050081005319952965,88.43688201904297,0.6354580521583557,1.1949715614318848,280.19793701171875,0.006516589317470789,72.61021423339844,-1.2261958122253418,2.503145217895508,290.0802001953125,0.010043956339359283,70.63543701171875,3.617517359089106e-05,2.1167859813431278e-05,16.902292251586914,3.8816933631896973,4.639344215393066,3.617517359089106e-05,4.004849324701354e-05,76.84307861328125,3.1252808570861816,0.6829838703274015,0.7675185885422773,14,4,8,ML_CTL_35_0014
CTL,35.0,1057.0,9.0,6.0,31.263158798217773,290.0,-0.9396926207859083,0.342020143325669,-1.0,-1.8369701987210297e-16,13.802373886108398,15.175325393676758,218.2034912109375,3.523772829794325e-05,52.70059585571289,5.124197483062744,8.695428848266602,239.03904724121094,0.0004765998455695808,82.63319396972656,2.794872760772705,3.292996644973755,268.4443664550781,0.0051946574822068214,94.83317565917969,-0.11643907427787781,5.129887580871582,279.674072265625,0.007767583709210157,89.83068084716797,-2.0669710636138916,6.799139499664307,289.3287353515625,0.010770860128104687,79.5153579711914,3.577189636416733e-05,2.7797372240456752e-05,17.944263458251953,3.907606601715088,7.818556308746338,3.577189636416733e-05,4.262529546394944e-05,76.27225494384766,2.6500232219696045,0.6448430459953431,0.5964471319176012,14,5,8,ML_CTL_35_0014
CTL,35.0,1058.0,9.0,12.0,31.263158798217773,290.0,-0.9396926207859083,0.342020143325669,-1.0,-1.8369701987210297e-16,13.317503929138184,13.605120658874512,217.98208618164062,2.652528928592801e-05,41.27993392944336,6.719627380371094,8.099203109741211,239.22251892089844,0.0001857828174252063,31.697322845458984,5.697798728942871,2.246757984161377,267.6222839355469,0.0044911266304552555,84.91594696044922,2.133828639984131,4.250571250915527,281.383544921875,0.007594972383230925,78.05778503417969,0.3666561543941498,6.3287882804870605,289.755126953125,0.010749476961791515,77.17908477783203,3.960866524721496e-05,1.5192487808235455e-05,14.854947090148926,5.647083282470703,6.906088352203369,3.960866524721496e-05,4.001073830295354e-05,79.84477233886719,0.6980063915252686,0.7533332745833711,1.1164695899059431,14,6,8,ML_CTL_35_0014
CTL,35.0,1059.0,9.0,18.0,33.157894134521484,290.0,-0.9396926207859083,0.342020143325669,-1.0,-1.8369701987210297e-16,13.031156539916992,14.06434440612793,217.16346740722656,2.700652476050891e-05,46.326927185058594,8.084765434265137,8.622116088867188,238.7355499267578,0.00021762809774372727,38.6591796875,5.780595779418945,1.0774096250534058,267.1911315917969,0.0039587016217410564,77.49981689453125,1.874329924583435,3.5094871520996094,281.6376037597656,0.007598598022013903,76.72132873535156,-0.8822060227394104,4.395380020141602,289.4168701171875,0.010659800842404366,78.21672821044922,4.3554060539463535e-05,1.2019003406749107e-05,16.94315528869629,5.577728271484375,6.333747386932373,4.3554060539463535e-05,3.744697824004106e-05,79.80180358886719,4.578082084655762,0.783295150440059,1.284973285729686,14,7,8,ML_CTL_35_0014
CTL,35.0,1060.0,9.0,0.0,33.157894134521484,290.0,-0.9396926207859083,0.342020143325669,-1.0,-1.8369701987210297e-16,16.488601684570312,14.477808952331543,216.90113830566406,3.0818864615866914e-05,53.69926834106445,12.484621047973633,8.246786117553711,238.51901245117188,0.0002756427275016904,53.895389556884766,5.794489860534668,1.66690194606781,267.0680236816406,0.0027849236503243446,55.35628128051758,3.4756476879119873,2.092115879058838,282.4788513183594,0.008012996055185795,76.36953735351562,0.2275000810623169,2.579050064086914,289.7312927246094,0.010636696591973305,76.45756530761719,4.511402585194446e-05,4.1799557948252186e-07,20.149538040161133,7.694171905517578,5.812532424926758,4.511402585194446e-05,3.7627869460266083e-05,79.80795288085938,7.476583957672119,0.7280153743500186,0.984576625233518,14,8,8,ML_CTL_35_0014
CTL,35.0,1077.0,9.0,6.0,14.210526466369629,340.0,-0.3420201433256686,0.9396926207859084,-1.0,-1.8369701987210297e-16,-10.228475570678711,5.263119220733643,216.31594848632812,5.372331725084223e-05,100.60393524169922,-1.5606682300567627,6.616816520690918,241.36109924316406,0.0007403860217891634,102.4560546875,-0.13708464801311493,5.8841962814331055,267.8591003417969,0.005039388779550791,99.11441802978516,-6.357452392578125,5.59760046005249,278.3713073730469,0.007833725772798061,99.11604309082031,-4.816105365753174,1.980927586555481,289.6934814453125,0.012072382494807243,86.9621353149414,5.300691555021331e-05,8.171020454028621e-05,6.329813003540039,-4.619956970214844,5.068532466888428,5.300691555021331e-05,8.171020454028621e-05,80.73731231689453,2.862691640853882,0.5962233566267482,0.389753494162834,15,1,9,ML_CTL_35_0015
CTL,35.0,1078.0,9.0,12.0,14.210526466369629,337.5,-0.38268343236508956,0.9238795325112868,-1.0,-1.8369701987210297e-16,-13.21292781829834,8.500056266784668,216.7517852783203,4.101403828826733e-05,72.57916259765625,-3.6651082038879395,4.431521415710449,240.0915069580078,0.0003959601162932813,65.21736145019531,0.9655500054359436,-1.0550786256790161,268.46331787109375,0.0053869932889938354,99.93685913085938,-5.221810340881348,2.9365592002868652,279.49029541015625,0.007725176401436329,90.38949584960938,-4.518998146057129,0.7606636881828308,290.0744323730469,0.0119319474324584,83.83220672607422,5.063177377451211e-05,6.129218672867864e-05,11.639699935913086,-5.1306586265563965,3.1147446632385254,5.063177377451211e-05,6.714031042065471e-05,79.0633773803711,4.962342262268066,0.7269516567336959,0.9792111173255602,15,2,9,ML_CTL_35_0015
CTL,35.0,1079.0,9.0,18.0,14.210526466369629,337.5,-0.38268343236508956,0.9238795325112868,-1.0,-1.8369701987210297e-16,-14.561699867248535,4.966027736663818,216.67742919921875,4.249706398695707e-05,75.43978881835938,-5.1115007400512695,3.601027011871338,240.14353942871094,0.000541884743142873,86.17082977294922,2.7088069915771484,2.427353858947754,268.6339416503906,0.005518022459000349,101.08781433105469,-1.737649917602539,7.74858283996582,280.3558349609375,0.008137299679219723,89.67420196533203,-2.275672197341919,3.4401121139526367,289.70684814453125,0.01213599182665348,87.30219268798828,5.020207026973367e-05,5.17583976034075e-05,12.380424499511719,-4.19554328918457,4.436621189117432,5.020207026973367e-05,6.984996434766799e-05,76.51595306396484,3.3955907821655273,0.6438338781325142,0.5920434831470618,15,3,9,ML_CTL_35_0015
CTL,35.0,1080.0,9.0,0.0,14.210526466369629,335.0,-0.4226182617406992,0.90630778703665,-1.0,-1.8369701987210297e-16,-13.746541023254395,7.467123508453369,217.14178466796875,5.096365202916786e-05,87.02689361572266,-7.550589084625244,4.725447177886963,240.39712524414062,0.0003004728932864964,52.543861389160156,0.6869084239006042,-2.448178291320801,267.7037658691406,0.004887943156063557,95.29342651367188,-1.8649178743362427,2.9393973350524902,281.0234375,0.00736547214910388,77.50231170654297,-2.1209218502044678,1.567110300064087,289.7825622558594,0.011554057709872723,82.79010009765625,5.0592640036484227e-05,4.222872303216718e-05,13.037069320678711,-4.919212341308594,2.850180149078369,5.0592640036484227e-05,6.266168929869309e-05,76.71339416503906,3.194415330886841,0.627048972399018,0.5195775257532222,15,4,9,ML_CTL_35_0015
CTL,35.0,1081.0,9.0,6.0,14.210526466369629,335.0,-0.4226182617406992,0.90630778703665,-1.0,-1.8369701987210297e-16,-14.33283805847168,3.5921621322631836,216.5265350341797,4.575322236632928e-05,84.42372131347656,-7.855093479156494,3.959742307662964,240.1059112548828,0.00038020548527128994,64.15252685546875,0.4014415144920349,0.9775103330612183,268.1200256347656,0.00501667708158493,95.76960754394531,-1.013596773147583,7.374404430389404,281.09857177734375,0.00751902163028717,78.72541046142578,-1.1162199974060059,3.8991379737854004,289.333251953125,0.011819330044090748,87.1112289428711,4.8126701585715637e-05,3.569157706806436e-05,13.220182418823242,-4.783261299133301,3.9605915546417236,4.8126701585715637e-05,5.091380080557428e-05,77.65971374511719,0.48952293395996094,0.5972845209202344,0.39416327895834025,15,5,9,ML_CTL_35_0015
CTL,35.0,1082.0,9.0,12.0,16.105262756347656,332.5,-0.46174861323503363,0.8870108331782218,-1.0,-1.8369701987210297e-16,-8.68080997467041,4.5759077072143555,217.40110778808594,2.2074207663536072e-05,37.37433624267578,-4.687363147735596,6.216333389282227,240.7735137939453,0.00019294122466817498,32.740623474121094,-4.5359320640563965,-0.6678609848022461,268.96942138671875,0.004389600828289986,74.82377624511719,-8.073979377746582,3.3646159172058105,280.8405456542969,0.007507716305553913,80.01119995117188,-9.666878700256348,1.9372787475585938,290.0341491699219,0.010739397257566452,75.73279571533203,4.9330770707456395e-05,3.184569868608378e-05,2.816859006881714,-7.128992557525635,3.0852551460266113,4.9330770707456395e-05,3.737669248948805e-05,74.24362182617188,2.816859006881714,0.8168189239259286,1.4949422845880167,15,6,9,ML_CTL_35_0015
CTL,35.0,1083.0,9.0,18.0,16.105262756347656,332.5,-0.46174861323503363,0.8870108331782218,-1.0,-1.8369701987210297e-16,-11.573970794677734,3.439854621887207,217.31712341308594,1.884281482489314e-05,31.501922607421875,-5.669165134429932,4.726388454437256,240.73448181152344,0.00021671222930308431,32.5412483215332,-3.67574143409729,1.4530153274536133,268.3321838378906,0.0048771388828754425,88.90206909179688,-6.171297550201416,6.410409927368164,281.0394287109375,0.007963125593960285,83.80731964111328,-7.858462810516357,4.540552139282227,289.9621887207031,0.01088104397058487,77.0989761352539,5.169664291315712e-05,2.4755330741754733e-05,3.875117301940918,-6.989727020263672,4.114043712615967,5.169664291315712e-05,3.0166593205649406e-05,75.58255004882812,3.699295997619629,0.7885923775042822,1.3164614255353877,15,7,9,ML_CTL_35_0015
CTL,35.0,1084.0,9.0,0.0,16.105262756347656,330.0,-0.5000000000000004,0.8660254037844384,-1.0,-1.8369701987210297e-16,-7.443860054016113,4.4884819984436035,217.20697021484375,1.5405867088702507e-05,26.81041145324707,-6.279205799102783,4.941767692565918,240.8367156982422,0.00012173935829196125,18.02508544921875,-6.422790050506592,0.04139062389731407,267.9720153808594,0.003952650353312492,72.9996109008789,-6.158208847045898,2.7631449699401855,281.6581726074219,0.007997620850801468,80.61961364746094,-8.074244499206543,2.4374332427978516,289.9382629394531,0.010893229395151138,77.29546356201172,5.089716796646826e-05,1.877867543953471e-05,2.1457366943359375,-6.875662326812744,2.934443712234497,5.089716796646826e-05,2.0222596504027024e-05,79.36647033691406,1.7420628070831299,0.7064277925427154,0.8780973614217689,15,8,9,ML_CTL_35_0015
CTL,35.0,1085.0,9.0,6.0,14.210526466369629,327.5,-0.5372996083468242,0.8433914458128855,-1.0,-1.8369701987210297e-16,-8.89950180053711,1.3164883852005005,217.14202880859375,4.510785947786644e-05,79.2938232421875,-10.97142505645752,3.856497049331665,240.56234741210938,0.00025440793251618743,39.01224899291992,-5.981514930725098,-1.638773798942566,267.57794189453125,0.0028658881783485413,55.02728271484375,-1.7767889499664307,0.7133455872535706,282.1461486816406,0.008047773502767086,78.52667999267578,-1.2851123809814453,1.651154637336731,289.8083801269531,0.010364530608057976,74.05807495117188,4.777780486620031e-05,1.3780922927253414e-05,7.621740341186523,-5.782868385314941,1.1797423362731934,4.777780486620031e-05,1.583835546625778e-05,83.52388763427734,1.1462980508804321,0.5775569808272174,0.3127525337888759,15,9,9,ML_CTL_35_0015
