experiment,year,time_index,month,hour,lat,lon,lon_sin,lon_cos,month_sin,month_cos,u_200,v_200,t_200,q_200,rh_200,u_300,v_300,t_300,q_300,rh_300,u_500,v_500,t_500,q_500,rh_500,u_700,v_700,t_700,q_700,rh_700,u_850,v_850,t_850,q_850,rh_850,zeta_850,zeta_500,wshear_850_200,steer_u_850_200,steer_v_850_200,zeta850_max_r500,zeta500_max_r500,rh700_mean_r500,shear_min_r500,prob_tc,decision_score,track_id,life_step,lifetime_steps,global_track_id
CTL,36.0,786.0,7.0,12.0,12.315789222717285,340.0,-0.3420201433256686,0.9396926207859084,-0.4999999999999997,-0.8660254037844388,-16.32990837097168,3.1999621391296387,217.6417694091797,5.053513086750172e-05,80.36023712158203,-0.46010640263557434,5.733027458190918,240.77166748046875,0.0006338765379041433,91.73416137695312,5.1771063804626465,6.915164470672607,267.84100341796875,0.005151601508259773,100.09976196289062,-0.7080904245376587,7.374413967132568,278.9100341796875,0.006974983960390091,85.04953002929688,-2.080956220626831,5.215226650238037,288.98516845703125,0.00985157024115324,74.50908660888672,5.0346578063908964e-05,7.269426714628935e-05,14.390758514404297,-2.8803908824920654,5.687559127807617,5.0346578063908964e-05,8.733755385037512e-05,74.8866958618164,1.3407032489776611,0.7006040105900405,0.8501757587831329,1,1,11,ML_CTL_36_0001
CTL,36.0,787.0,7.0,18.0,12.315789222717285,337.5,-0.38268343236508956,0.9238795325112868,-0.4999999999999997,-0.8660254037844388,-15.195175170898438,5.031841278076172,218.37747192382812,2.9180037017795257e-05,42.61453628540039,-1.9239745140075684,3.317366123199463,240.95529174804688,0.00034434563713148236,46.397308349609375,4.31973123550415,3.7787728309631348,267.9455871582031,0.004365512169897556,83.24913024902344,0.8062805533409119,3.6271307468414307,280.34967041015625,0.00666727963835001,73.53700256347656,-1.4296475648880005,3.005753517150879,289.646728515625,0.009188586845993996,66.51950073242188,4.513228122959845e-05,6.368867616401985e-05,13.913834571838379,-2.6845574378967285,3.7521729469299316,4.513228122959845e-05,8.217387949116528e-05,71.78568267822266,2.311283588409424,0.8102300598087115,1.451505734392743,1,2,11,ML_CTL_36_0001
CTL,36.0,788.0,7.0,0.0,14.210526466369629,337.5,-0.38268343236508956,0.9238795325112868,-0.4999999999999997,-0.8660254037844388,-13.612638473510742,4.486467361450195,217.67498779296875,4.159974923823029e-05,66.59984588623047,-6.856536865234375,2.37199068069458,241.4120635986328,0.0004788363876286894,65.33330535888672,-3.694493055343628,5.358139991760254,267.3909606933594,0.004921214189380407,99.03836059570312,-6.588198661804199,6.152649402618408,280.02685546875,0.007648890838027,86.27755737304688,-6.189349174499512,3.7944390773773193,288.8638916015625,0.010298803448677063,78.28912353515625,4.444722071639262e-05,7.079455826897174e-05,7.4554762840271,-7.388243198394775,4.432737350463867,4.444722071639262e-05,7.274516246980056e-05,69.07697296142578,0.871694803237915,0.8997780289978555,2.194760662365432,1,3,11,ML_CTL_36_0001
CTL,36.0,789.0,7.0,6.0,14.210526466369629,335.0,-0.4226182617406992,0.90630778703665,-0.4999999999999997,-0.8660254037844388,-10.858710289001465,4.4457688331604,218.0305633544922,2.941718776128255e-05,45.206424713134766,-8.453511238098145,2.1132946014404297,241.24072265625,0.0003240207443013787,44.9787712097168,-3.4636759757995605,4.038454055786133,266.96173095703125,0.0046851783990859985,97.43900299072266,-6.483829021453857,3.305535316467285,280.6723327636719,0.0074346913024783134,80.1746826171875,-5.882908821105957,1.4470614194869995,288.84063720703125,0.01001602504402399,76.22433471679688,4.2487456084927544e-05,5.9126236010342836e-05,5.8095479011535645,-7.02852725982666,3.0700228214263916,4.2487456084927544e-05,5.9297024563420564e-05,68.29676055908203,1.033213496208191,0.890054769997677,2.0913006674312093,1,4,11,ML_CTL_36_0001
CTL,36.0,790.0,7.0,12.0,14.210526466369629,335.0,-0.4226182617406992,0.90630778703665,-0.4999999999999997,-0.8660254037844388,-9.924397468566895,4.355250358581543,218.03355407714844,3.0062219593673944e-05,46.40271759033203,-6.386184215545654,4.0149030685424805,240.87860107421875,0.0001973993785213679,29.458080291748047,-0.7945069074630737,5.727845191955566,267.25189208984375,0.0040295859798789024,80.46085357666016,-3.222402572631836,7.8254618644714355,281.75042724609375,0.0077416980639100075,77.57140350341797,-4.607166290283203,4.796476364135742,289.1983947753906,0.009936955757439137,73.85659790039062,4.096814518561587e-05,4.3995893065584823e-05,5.335506439208984,-4.986931324005127,5.343987464904785,4.096814518561587e-05,5.361799048841931e-05,68.81307983398438,1.2260968685150146,0.8129621753405307,1.4693737163622655,1,5,11,ML_CTL_36_0001
CTL,36.0,791.0,7.0,18.0,14.210526466369629,332.5,-0.46174861323503363,0.8870108331782218,-0.4999999999999997,-0.8660254037844388,-9.037897109985352,4.489839553833008,218.32374572753906,2.9167327738832682e-05,43.37898254394531,-6.376236438751221,4.031710147857666,240.37353515625,0.00021114245464559644,31.482505798339844,0.44842371344566345,4.3528923988342285,267.090576171875,0.0036968840286135674,74.82447814941406,-1.3346816301345825,5.28843355178833,281.9343566894531,0.007725303526967764,76.45120239257812,-3.6671535968780518,2.331016778945923,289.2839660644531,0.009925128892064095,73.31668090820312,3.695013583637774e-05,4.721600635093637e-05,5.788385391235352,-3.993509292602539,4.098778247833252,3.695013583637774e-05,5.213239637669176e-05,66.2094955444336,1.5953959226608276,0.7988203052465502,1.3789375084820579,1,6,11,ML_CTL_36_0001
CTL,36.0,792.0,7.0,0.0,14.210526466369629,330.0,-0.5000000000000004,0.8660254037844384,-0.4999999999999997,-0.8660254037844388,-7.422859191894531,5.6415534019470215,218.48109436035156,2.6035484552267008e-05,37.82748031616211,-5.192808628082275,4.277705669403076,239.57911682128906,0.00036478060064837337,53.62864685058594,1.5095881223678589,3.2191834449768066,267.2318420410156,0.002810212317854166,57.566192626953125,-1.4028725624084473,2.916565179824829,282.14019775390625,0.008023802191019058,78.32592010498047,-3.633910894393921,1.0988013744354248,289.2749328613281,0.010295429266989231,76.0491714477539,3.148143150610849e-05,4.719943899544887e-05,5.915464878082275,-3.228572368621826,3.4307618141174316,3.148143150610849e-05,5.09782912558876e-05,64.43659973144531,0.4284583032131195,0.8011190810312931,1.3933033530047507,1,7,11,ML_CTL_36_0001
CTL,36.0,793.0,7.0,6.0,14.210526466369629,327.5,-0.5372996083468242,0.8433914458128855,-0.4999999999999997,-0.8660254037844388,-6.048212051391602,5.700313091278076,218.64254760742188,2.2909358449396677e-05,32.431453704833984,-3.669405698776245,2.837266206741333,239.0469207763672,0.00045591226080432534,69.76029968261719,1.8600382804870605,3.243774175643921,267.3441467285156,0.0024322899989783764,49.50924301147461,-2.6808431148529053,1.5704020261764526,281.710693359375,0.008351930417120457,83.93647003173828,-3.589693307876587,0.8186814188957214,288.7364501953125,0.010929715819656849,83.65998077392578,2.7625466827885248e-05,4.225178054184653e-05,5.465770244598389,-2.825623035430908,2.834087610244751,2.7625466827885248e-05,4.9069582019001245e-05,64.4625473022461,2.357013463973999,0.7616381257794348,1.16168154350314,1,8,11,ML_CTL_36_0001
CTL,36.0,794.0,7.0,12.0,16.105262756347656,327.5,-0.5372996083468242,0.8433914458128855,-0.4999999999999997,-0.8660254037844388,-5.3989081382751465,5.62339448928833,218.52049255371094,2.1690446374122985e-05,31.228069305419922,-5.844851493835449,3.5309011936187744,239.73289489746094,0.00021700019715353847,32.39532470703125,-5.1125993728637695,5.314269065856934,267.0771789550781,0.003095440799370408,64.64525604248047,-7.211014747619629,5.046285629272461,281.9908142089844,0.009128699079155922,90.04863739013672,-6.962667942047119,2.774749279022217,289.24188232421875,0.010090529918670654,74.718017578125,2.6321022232878022e-05,4.211191480862908e-05,3.2496345043182373,-6.1060075759887695,4.457920074462891,2.6321022232878022e-05,4.41652191511821e-05,64.43441772460938,1.666850209236145,0.7486954229942309,1.091666598249728,1,9,11,ML_CTL_36_0001
CTL,36.0,795.0,7.0,18.0,16.105262756347656,325.0,-0.5735764363510465,0.8191520442889916,-0.4999999999999997,-0.8660254037844388,-5.375799179077148,5.838624000549316,218.74667358398438,2.1407522581284866e-05,29.933847427368164,-5.588777542114258,2.399012565612793,239.38119506835938,0.0003175854799337685,47.328102111816406,-3.1128573417663574,4.426041603088379,267.0239562988281,0.002753820735961199,56.67820358276367,-5.843235492706299,3.7671008110046387,281.3794250488281,0.009349102154374123,96.09957885742188,-5.435353755950928,1.7832072973251343,289.0475158691406,0.010412097908556461,78.0792236328125,2.5859793822746724e-05,4.0303457353729755e-05,4.055853843688965,-5.071204662322998,3.6427969932556152,2.5859793822746724e-05,4.0303457353729755e-05,64.81831359863281,2.4355363845825195,0.789904632402265,1.3243506606470694,1,10,11,ML_CTL_36_0001
CTL,36.0,796.0,7.0,0.0,16.105262756347656,322.5,-0.608761429008721,0.7933533402912349,-0.4999999999999997,-0.8660254037844388,-4.156253337860107,5.546570301055908,218.2745361328125,2.1840074623469263e-05,32.57914733886719,-4.074051380157471,2.250493288040161,238.9222869873047,0.00033077082480303943,52.84607696533203,-2.686439037322998,3.1901357173919678,266.5644226074219,0.002572197001427412,54.08030700683594,-5.352960586547852,2.3604462146759033,280.9790344238281,0.00880986638367176,93.05858612060547,-5.041949272155762,0.7921904921531677,288.34033203125,0.010531842708587646,82.72905731201172,2.3641645384486765e-05,3.707189534907229e-05,4.836174488067627,-4.262330532073975,2.8279671669006348,2.3641645384486765e-05,3.707189534907229e-05,64.19328308105469,2.9027931690216064,0.7784615685311027,1.2567235440690556,1,11,11,ML_CTL_36_0001
CTL,36.0,801.0,7.0,6.0,31.263158798217773,282.5,-0.9762960071199335,0.21643961393810246,-0.4999999999999997,-0.8660254037844388,-1.3327728509902954,-9.866786003112793,217.0015869140625,4.634916695067659e-05,78.62834167480469,-4.392040729522705,-5.449702739715576,240.14053344726562,0.0006522006005980074,103.94039916992188,-5.249237537384033,-1.3099018335342407,268.6923828125,0.005520160775631666,100.60311889648438,-0.3860738277435303,-0.5696873068809509,277.4299011230469,0.0064713782630860806,87.54734802246094,1.0870628356933594,1.7143969535827637,291.1614074707031,0.009957422502338886,65.06226348876953,3.31284427375067e-05,5.328140832716599e-05,11.83128833770752,-2.054612398147583,-3.0963358879089355,3.31284427375067e-05,5.328140832716599e-05,56.234474182128906,2.9799766540527344,0.6313936101130614,0.5382000752401404,2,1,13,ML_CTL_36_0002
CTL,36.0,805.0,7.0,6.0,29.36842155456543,277.5,-0.9914448613738105,0.13052619222005127,-0.4999999999999997,-0.8660254037844388,1.393896460533142,-9.124404907226562,217.57931518554688,5.0225600716657937e-05,80.44200134277344,-4.806094646453857,-4.661861896514893,239.7058563232422,0.0005984118324704468,100.4418716430664,-5.841476917266846,-4.722187519073486,268.1978454589844,0.005285973660647869,100.12015533447266,-0.9316051006317139,-0.3139258325099945,277.3283996582031,0.006161337718367577,83.85404968261719,1.4400599002838135,2.071171998977661,290.91119384765625,0.01075602788478136,71.61974334716797,4.324562905821949e-05,6.055062840459868e-05,11.195672035217285,-1.7490441799163818,-3.3502414226531982,4.324562905821949e-05,6.055062840459868e-05,63.30574035644531,1.3392471075057983,0.6811985577567343,0.7592853606956265,2,2,13,ML_CTL_36_0002
CTL,36.0,806.0,7.0,12.0,29.36842155456543,277.5,-0.9914448613738105,0.13052619222005127,-0.4999999999999997,-0.8660254037844388,-0.6318609714508057,-7.542164325714111,217.14456176757812,4.548790820990689e-05,76.34217834472656,-3.487978219985962,-2.8923537731170654,239.41387939453125,0.000588163617067039,101.13078308105469,-4.7964324951171875,-1.8763586282730103,268.3119201660156,0.005341730546206236,100.3245620727539,-0.05267086625099182,2.324915885925293,276.836669921875,0.006193323992192745,87.28169250488281,1.8680615425109863,4.790369510650635,290.0823669433594,0.010554240085184574,74.04631805419922,4.21263903263025e-05,5.6551420129835606e-05,12.583362579345703,-1.4201760292053223,-1.0391182899475098,4.21263903263025e-05,5.71889613638632e-05,65.65177154541016,1.5837756395339966,0.6952999340777771,0.8250154099508942,2,3,13,ML_CTL_36_0002
CTL,36.0,807.0,7.0,18.0,29.36842155456543,275.0,-0.9961946980917455,0.08715574274765789,-0.4999999999999997,-0.8660254037844388,2.33638072013855,-4.405636310577393,220.60340881347656,9.237512131221592e-05,99.8923568725586,-4.2287774085998535,-2.7442827224731445,240.40359497070312,0.0004958276404067874,82.4891357421875,-9.622976303100586,-7.104116439819336,267.7268981933594,0.004801792558282614,93.24221801757812,-3.409031867980957,-3.7494618892669678,278.80816650390625,0.006100993137806654,74.68354797363281,-0.4706674814224243,1.0055674314498901,290.7018737792969,0.01289001852273941,86.90106964111328,4.686799002229236e-05,5.173304452910088e-05,6.095953464508057,-3.079014539718628,-3.3995862007141113,4.686799002229236e-05,7.287604967132211e-05,69.7474136352539,0.5161769986152649,0.6989896899260157,0.8424914754770891,2,4,13,ML_CTL_36_0002
CTL,36.0,808.0,7.0,0.0,29.36842155456543,275.0,-0.9961946980917455,0.08715574274765789,-0.4999999999999997,-0.8660254037844388,2.2875335216522217,-10.132766723632812,219.43629455566406,7.610108150402084e-05,95.88151550292969,-4.993058204650879,-3.7964138984680176,239.70114135742188,0.0005851178430020809,99.42327880859375,-8.636321067810059,-2.6019561290740967,268.3817138671875,0.005362691357731819,100.06945037841797,-3.8962180614471436,-0.3469635546207428,278.79791259765625,0.006213406100869179,76.20219421386719,-0.64434814453125,3.3188724517822266,290.361328125,0.011922021396458149,82.16011047363281,4.8736419557826594e-05,6.0155714891152456e-05,13.767444610595703,-3.1764824390411377,-2.7118453979492188,4.8736419557826594e-05,7.37098598619923e-05,69.00404357910156,1.5557117462158203,0.6406372650988077,0.578131125664977,2,5,13,ML_CTL_36_0002
CTL,36.0,809.0,7.0,6.0,29.36842155456543,272.5,-0.9990482215818578,0.043619387365335764,-0.4999999999999997,-0.8660254037844388,-3.653195381164551,-9.490767478942871,220.50535583496094,8.92746465979144e-05,99.02460479736328,-6.284640789031982,-3.692662239074707,240.8939208984375,0.0004733112873509526,73.91167449951172,-10.029701232910156,-6.479979515075684,267.98699951171875,0.004348638001829386,81.78922271728516,-5.603266716003418,-4.236479759216309,279.13531494140625,0.006872924510389566,82.21543884277344,-2.358138084411621,-0.9609838724136353,291.4180603027344,0.013536425307393074,87.27705383300781,5.0072281737811863e-05,3.656422268250026e-05,8.627535820007324,-5.585788726806641,-4.972174644470215,5.0072281737811863e-05,6.104820204200223e-05,68.73602294921875,1.6019400358200073,0.7320609087468705,1.0051040359330083,2,6,13,ML_CTL_36_0002
CTL,36.0,810.0,7.0,12.0,29.36842155456543,272.5,-0.9990482215818578,0.043619387365335764,-0.4999999999999997,-0.8660254037844388,-3.813001871109009,-8.228178024291992,219.9283447265625,8.536323002772406e-05,100.25039672851562,-5.237692356109619,-2.6119775772094727,241.1129608154297,0.00048295900342054665,73.94872283935547,-9.864798545837402,-5.0724778175354,268.0898742675781,0.004484799224883318,84.04119110107422,-4.324143409729004,-2.2202565670013428,279.0479431152344,0.007120163179934025,85.79882049560547,-1.12758469581604,1.2593504190444946,290.6363830566406,0.013501574285328388,91.45672607421875,5.530316411750391e-05,4.4166350562591106e-05,9.860257148742676,-4.873444080352783,-3.3747081756591797,5.530316411750391e-05,6.457030394813046e-05,70.33795166015625,3.291572093963623,0.8106133475005449,1.4540004745362767,2,7,13,ML_CTL_36_0002
CTL,36.0,811.0,7.0,18.0,29.36842155456543,272.5,-0.9990482215818578,0.043619387365335764,-0.4999999999999997,-0.8660254037844388,1.0859004259109497,-7.183447360992432,219.52696228027344,8.057381637627259e-05,100.39318084716797,-4.054914474487305,-3.054001569747925,240.59442138671875,0.0004558425862342119,74.04734802246094,-9.005672454833984,-2.59816837310791,268.3253173828125,0.005182528402656317,95.54902648925781,-3.753347396850586,0.9070400595664978,279.8176574707031,0.007151137571781874,81.77687072753906,-0.5417121052742004,4.376626491546631,290.1362609863281,0.012890031561255455,90.14179992675781,5.387279816204682e-05,5.033527850173414e-05,11.674092292785645,-3.2539494037628174,-1.5103901624679565,5.387279816204682e-05,6.620338535867631e-05,71.22350311279297,0.6530828475952148,0.7880787643233474,1.313383363777202,2,8,13,ML_CTL_36_0002
CTL,36.0,812.0,7.0,0.0,29.36842155456543,270.0,-1.0,-1.8369701987210297e-16,-0.4999999999999997,-0.8660254037844388,-1.0299447774887085,-6.748709678649902,220.82574462890625,9.413523366674781e-05,99.92076873779297,-5.482304096221924,-4.4865312576293945,240.3773956298828,0.00035752731491811574,61.97968292236328,-11.04641056060791,-7.101991176605225,268.2503967285156,0.0038962308317422867,68.26080322265625,-6.643209934234619,-3.8618147373199463,281.7414245605469,0.006214228458702564,62.19169235229492,-3.115375280380249,-1.0496872663497925,290.8834533691406,0.012949147261679173,86.36360931396484,4.891604476142675e-05,3.1965377274900675e-05,6.068597316741943,-5.463448524475098,-4.649746894836426,4.891604476142675e-05,6.559958274010569e-05,67.00947570800781,0.5668943524360657,0.7182291366360771,0.9356944505567744,2,9,13,ML_CTL_36_0002
CTL,36.0,813.0,7.0,6.0,29.36842155456543,270.0,-1.0,-1.8369701987210297e-16,-0.4999999999999997,-0.8660254037844388,-2.629065990447998,-8.32091999053955,219.44813537597656,7.938929775264114e-05,99.5007553100586,-5.430581569671631,-4.888078689575195,240.65345764160156,0.00031894954736344516,53.22871017456055,-9.43906307220459,-5.918429851531982,268.0947570800781,0.003222381230443716,58.451263427734375,-4.110206127166748,-1.9085187911987305,281.1082458496094,0.0065683163702487946,68.69896697998047,-1.0251061916351318,1.7038546800613403,290.0811462402344,0.012747576460242271,89.47978210449219,5.032223270973191e-05,3.182781802024692e-05,10.1522798538208,-4.5268049240112305,-3.8664181232452393,5.032223270973191e-05,6.0635036788880825e-05,63.960052490234375,0.7311745285987854,0.797554598233178,1.3710800647622339,2,10,13,ML_CTL_36_0002
CTL,36.0,814.0,7.0,12.0,29.36842155456543,270.0,-1.0,-1.8369701987210297e-16,-0.4999999999999997,-0.8660254037844388,-1.7652685642242432,-6.27423620223999,219.55584716796875,8.067025919444859e-05,99.67554473876953,-4.522231578826904,-4.4139790534973145,240.60906982421875,0.0003560195618774742,59.59007263183594,-8.407299995422363,-4.799822807312012,267.8360290527344,0.003287810832262039,61.78130340576172,-3.0286266803741455,-1.4156444072723389,280.80108642578125,0.006937821861356497,74.11369323730469,1.7354073524475098,2.568539619445801,289.5269470214844,0.012882976792752743,93.72007751464844,4.6650140575366095e-05,3.159184052492492e-05,9.510489463806152,-3.197603940963745,-2.8670287132263184,4.6650140575366095e-05,5.349164712242782e-05,65.57000732421875,0.3563098609447479,0.7761655807594794,1.2434592959958604,2,11,13,ML_CTL_36_0002
CTL,36.0,815.0,7.0,18.0,29.36842155456543,270.0,-1.0,-1.8369701987210297e-16,-0.4999999999999997,-0.8660254037844388,2.553499937057495,-5.570497989654541,220.2349853515625,8.816453191684559e-05,99.83956146240234,-1.6401554346084595,-3.051740884780884,240.69625854492188,0.000416318594943732,72.12335968017578,-6.959085464477539,-3.349092960357666,268.09881591796875,0.003892012406140566,71.93399047851562,-2.493903636932373,-0.7990812659263611,280.67901611328125,0.007437642198055983,80.12000274658203,1.6918931007385254,3.2125730514526367,289.51751708984375,0.012967415153980255,94.3857650756836,4.391199036035687e-05,3.119561733910814e-05,8.825231552124023,-1.3695502281188965,-1.91156804561615,4.391199036035687e-05,5.3273248340701684e-05,68.78185272216797,1.9380589723587036,0.7290680983242864,0.9898996370123347,2,12,13,ML_CTL_36_0002
CTL,36.0,816.0,7.0,0.0,29.36842155456543,270.0,-1.0,-1.8369701987210297e-16,-0.4999999999999997,-0.8660254037844388,4.400323390960693,-7.175339221954346,219.48150634765625,7.947460835566744e-05,99.88818359375,0.5013941526412964,-3.194171190261841,239.6082763671875,0.0004127998254261911,78.72139739990234,-6.2855143547058105,-2.6605613231658936,267.25799560546875,0.004404199775308371,87.900390625,-2.754934787750244,0.42860063910484314,281.4864196777344,0.007178863510489464,73.20431518554688,1.338328242301941,4.522703647613525,289.8004150390625,0.011944723315536976,85.42659759521484,3.730412572622299e-05,3.34271026076749e-05,12.092146873474121,-0.5600806474685669,-1.6157535314559937,3.730412572622299e-05,5.818043428007513e-05,66.33547973632812,4.562911510467529,0.5522684544270205,0.20984043436647504,2,13,13,ML_CTL_36_0002
CTL,36.0,809.0,7.0,6.0,16.105262756347656,345.0,-0.2588190451025207,0.9659258262890683,-0.4999999999999997,-0.8660254037844388,-9.778743743896484,-3.1830737590789795,217.58949279785156,6.292176840361208e-05,99.93566131591797,-9.136155128479004,4.306593418121338,241.93130493164062,0.0008360599749721587,109.10327911376953,-8.497143745422363,4.157614707946777,268.0918884277344,0.005314788315445185,102.13629150390625,-10.450016021728516,3.504211187362671,278.47174072265625,0.007405387703329325,93.10575866699219,-5.649931907653809,2.0653462409973145,290.7660827636719,0.011299270205199718,75.99625396728516,5.108671393827535e-05,8.533240907127038e-05,6.677798748016357,-8.702398300170898,2.1701385974884033,5.108671393827535e-05,8.533240907127038e-05,72.6346206665039,2.2710423469543457,0.5964378777732529,0.39064465726984965,3,1,13,ML_CTL_36_0003
CTL,36.0,810.0,7.0,12.0,16.105262756347656,342.5,-0.300705799504273,0.9537169507482269,-0.4999999999999997,-0.8660254037844388,-11.036476135253906,-3.8422939777374268,217.8549346923828,6.18723061052151e-05,96.62506866455078,-8.624279022216797,1.4691083431243896,242.11985778808594,0.0006578462780453265,83.2794418334961,-7.5543341636657715,-0.12094557285308838,268.3612365722656,0.005372513085603714,100.57010650634766,-8.253434181213379,0.2608881890773773,279.8604736328125,0.0072842976078391075,83.0683822631836,-4.24454927444458,-0.4712026119232178,290.1083068847656,0.011646048165857792,81.60078430175781,4.851537960348651e-05,7.471105345757678e-05,7.582514762878418,-7.942614555358887,-0.5408891439437866,4.851537960348651e-05,7.471105345757678e-05,70.89653015136719,4.076752662658691,0.7141520819581242,0.9156360253100342,3,2,13,ML_CTL_36_0003
CTL,36.0,811.0,7.0,18.0,16.105262756347656,342.5,-0.300705799504273,0.9537169507482269,-0.4999999999999997,-0.8660254037844388,-12.77610969543457,-5.565160274505615,217.5994415283203,5.983863229630515e-05,96.91891479492188,-6.474665641784668,1.8996899127960205,241.86566162109375,0.0004994181217625737,64.80516052246094,-6.536109447479248,2.5349338054656982,268.2033386230469,0.005276346579194069,100.06172943115234,-7.6580963134765625,3.176046133041382,281.2535400390625,0.0077931322157382965,80.73098754882812,-4.720433712005615,1.4290097951889038,290.0090026855469,0.011628716252744198,81.95514678955078,4.4739001168636605e-05,6.48713466944173e-05,10.668286323547363,-7.633082389831543,0.6949038505554199,4.4739001168636605e-05,6.48713466944173e-05,69.15216827392578,3.93206524848938,0.6877207714465688,0.7894851492152795,3,3,13,ML_CTL_36_0003
CTL,36.0,812.0,7.0,0.0,16.105262756347656,340.0,-0.3420201433256686,0.9396926207859084,-0.4999999999999997,-0.8660254037844388,-11.64568042755127,-3.5913197994232178,217.82339477539062,5.5684082326479256e-05,88.01766204833984,-7.431628704071045,-0.2847297191619873,241.5450439453125,0.0004026508249808103,54.00735092163086,-9.244384765625,-0.4698014557361603,268.1928405761719,0.00501138623803854,94.72620391845703,-8.731247901916504,-0.06664687395095825,280.64251708984375,0.007648973260074854,82.64407348632812,-5.811560153961182,0.035902850329875946,289.2684326171875,0.011678311973810196,86.48334503173828,4.5459746615961194e-05,6.0297679738141596e-05,6.869767189025879,-8.572900772094727,-0.8753190040588379,4.5459746615961194e-05,6.0297679738141596e-05,69.3960189819336,4.767547130584717,0.8042957281724493,1.4133623200461671,3,4,13,ML_CTL_36_0003
CTL,36.0,813.0,7.0,6.0,16.105262756347656,340.0,-0.3420201433256686,0.9396926207859084,-0.4999999999999997,-0.8660254037844388,-11.54398250579834,-5.6617751121521,217.9693145751953,5.0930535508086905e-05,79.25125885009766,-7.149209499359131,-0.507747232913971,241.20071411132812,0.0003259475342929363,45.65690231323242,-9.056977272033691,5.085631370544434,267.1852111816406,0.004802275449037552,97.89889526367188,-9.51245403289795,5.778349876403809,282.03759765625,0.007920706644654274,77.8745346069336,-5.201290130615234,3.026242971420288,289.0262451171875,0.011217285878956318,84.41915893554688,4.474265006138012e-05,4.9074649723479524e-05,10.75692367553711,-8.492782592773438,1.5441404581069946,4.474265006138012e-05,5.155102553544566e-05,67.21148681640625,4.952203273773193,0.7818149214834551,1.2762743526121039,3,5,13,ML_CTL_36_0003
CTL,36.0,814.0,7.0,12.0,16.105262756347656,337.5,-0.38268343236508956,0.9238795325112868,-0.4999999999999997,-0.8660254037844388,-11.883241653442383,-3.969512701034546,218.01914978027344,5.1334176532691345e-05,79.39958953857422,-9.072599411010742,-1.1017887592315674,241.1249237060547,0.00027235649758949876,39.71174240112305,-9.188874244689941,3.478922128677368,268.51617431640625,0.004287391901016235,77.70401763916016,-8.995473861694336,4.258738040924072,281.60809326171875,0.0075714257545769215,76.6473159790039,-4.967803001403809,1.3559799194335938,289.0914611816406,0.011354605667293072,85.02986907958984,4.166613143752329e-05,4.4428314140532166e-05,8.728354454040527,-8.821599006652832,0.8044677972793579,4.166613143752329e-05,4.4428314140532166e-05,65.68940734863281,4.0413289070129395,0.7978983491239542,1.3732104142998054,3,6,13,ML_CTL_36_0003
CTL,36.0,815.0,7.0,18.0,16.105262756347656,335.0,-0.4226182617406992,0.90630778703665,-0.4999999999999997,-0.8660254037844388,-12.225485801696777,-2.331282138824463,217.9601593017578,4.929433634970337e-05,76.48584747314453,-10.185319900512695,-0.7073572874069214,240.93789672851562,0.0002334157907171175,36.37065124511719,-9.380857467651367,0.1783093810081482,269.09979248046875,0.003877317765727639,66.45989990234375,-8.799806594848633,0.9021915197372437,281.3325500488281,0.007479153573513031,77.10729217529297,-5.685596942901611,-1.2125368118286133,289.1350402832031,0.0114067904651165,85.17538452148438,3.8209924241527915e-05,3.844194725388661e-05,6.6348876953125,-9.255413055419922,-0.6341350674629211,3.8209924241527915e-05,3.853848102153279e-05,65.585693359375,4.2173991203308105,0.7623420690883641,1.1655629897835467,3,7,13,ML_CTL_36_0003
CTL,36.0,816.0,7.0,0.0,16.105262756347656,335.0,-0.4226182617406992,0.90630778703665,-0.4999999999999997,-0.8660254037844388,-11.412924766540527,-2.4475555419921875,217.6637420654297,4.7381516196765006e-05,76.78804779052734,-8.650936126708984,0.9451340436935425,240.61691284179688,0.00020305947691667825,33.225494384765625,-11.126956939697266,3.496870279312134,267.7943420410156,0.0034583297092467546,65.77519989013672,-10.180191993713379,5.529500484466553,281.9283447265625,0.007003717124462128,69.33011627197266,-6.1189398765563965,1.5365175008773804,289.2131042480469,0.011081557720899582,82.40186309814453,3.626402030931786e-05,2.8564230888150632e-05,6.625640869140625,-9.497989654541016,1.8120933771133423,3.626402030931786e-05,3.6221754271537066e-05,64.30369567871094,4.708581447601318,0.6649166396354328,0.6852823410872599,3,8,13,ML_CTL_36_0003
CTL,36.0,817.0,7.0,6.0,16.105262756347656,332.5,-0.46174861323503363,0.8870108331782218,-0.4999999999999997,-0.8660254037844388,-10.64035701751709,-1.084306240081787,217.4117431640625,4.736343908007257e-05,79.54045867919922,-8.60909366607666,-0.12161853909492493,240.37294006347656,0.00017957367526832968,31.319812774658203,-12.551741600036621,3.1250367164611816,267.6676025390625,0.003149942960590124,60.303646087646484,-11.294575691223145,4.241176128387451,281.6951599121094,0.006932257208973169,69.79711151123047,-7.372356414794922,1.1954758167266846,289.0218200683594,0.011172779835760593,84.19831848144531,3.356243541929871e-05,2.7142386898049153e-05,3.9846246242523193,-10.09362506866455,1.471152663230896,3.356243541929871e-05,3.411082798265852e-05,65.09295654296875,0.6783380508422852,0.6703141911460909,0.7096064379264768,3,9,13,ML_CTL_36_0003
CTL,36.0,818.0,7.0,12.0,16.105262756347656,330.0,-0.5000000000000004,0.8660254037844384,-0.4999999999999997,-0.8660254037844388,-10.8120756149292,-0.25330501794815063,217.46432495117188,4.516450280789286e-05,75.54170227050781,-9.765403747558594,-1.066314935684204,240.3928985595703,0.00015731884923297912,28.422876358032227,-12.273428916931152,3.3225038051605225,268.2543029785156,0.002668441040441394,48.48096466064453,-11.421092987060547,3.696171760559082,282.20257568359375,0.006801661103963852,66.12879943847656,-7.620442867279053,1.22101891040802,288.7598571777344,0.011333916336297989,86.86483764648438,3.0363349651452154e-05,2.6042451281682588e-05,3.515700578689575,-10.378488540649414,1.3840148448944092,3.0363349651452154e-05,3.0997416615718976e-05,62.37034225463867,1.9455639123916626,0.6294088084839352,0.5296814341830947,3,10,13,ML_CTL_36_0003
CTL,36.0,819.0,7.0,18.0,16.105262756347656,327.5,-0.5372996083468242,0.8433914458128855,-0.4999999999999997,-0.8660254037844388,-11.441176414489746,-0.30632996559143066,217.5338897705078,4.2267998651368544e-05,70.02613067626953,-11.2830228805542,-1.2431049346923828,240.34896850585938,0.00013441302871797234,25.689685821533203,-11.757328033447266,1.9075361490249634,268.3702697753906,0.0023164397571235895,41.363704681396484,-10.884090423583984,1.7042349576950073,282.34466552734375,0.006842699833214283,65.85954284667969,-7.402890682220459,-0.08064660429954529,288.64398193359375,0.011496691964566708,88.63970947265625,2.8326867322903126e-05,2.3997679818421602e-05,4.044587135314941,-10.553701400756836,0.39633792638778687,2.8326867322903126e-05,2.8517186365206726e-05,61.621212005615234,0.6343110799789429,0.6131009374142782,0.4603657449236467,3,11,13,ML_CTL_36_0003
CTL,36.0,820.0,7.0,0.0,16.105262756347656,325.0,-0.5735764363510465,0.8191520442889916,-0.4999999999999997,-0.8660254037844388,-12.226544380187988,0.07590217143297195,217.48146057128906,4.0122551581589505e-05,66.7350082397461,-12.443168640136719,-0.8284934759140015,240.0935516357422,0.00012720543600153178,25.185155868530273,-12.603538513183594,0.8576680421829224,267.7754821777344,0.0020832682494074106,38.75714111328125,-11.06246280670166,0.34063011407852173,281.88031005859375,0.006931276060640812,68.83694458007812,-7.913669109344482,-0.8923057317733765,288.1286315917969,0.011477994732558727,91.58505249023438,2.766189027170185e-05,2.0661045709857717e-05,4.420217037200928,-11.249876022338867,-0.08931978046894073,2.766189027170185e-05,2.7606598450802267e-05,63.20940017700195,2.85317325592041,0.5982917613306906,0.3983524795075062,3,12,13,ML_CTL_36_0003
CTL,36.0,821.0,7.0,6.0,16.105262756347656,322.5,-0.608761429008721,0.7933533402912349,-0.4999999999999997,-0.8660254037844388,-13.103018760681152,0.5874636173248291,217.21099853515625,3.9789687434677035e-05,68.31669616699219,-13.13413143157959,-0.6654713153839111,239.79689025878906,0.00012526640784926713,25.410188674926758,-13.095492362976074,0.9440633058547974,267.3835754394531,0.0018310414161533117,35.04113006591797,-11.60078239440918,-0.45158651471138,281.7833557128906,0.0067894551903009415,67.89886474609375,-8.870704650878906,-1.445268988609314,288.1535339355469,0.011437562294304371,91.13291931152344,2.5426405045436695e-05,1.9329618226038292e-05,4.695155620574951,-11.96082592010498,-0.20615997910499573,2.5426405045436695e-05,2.8496277082012966e-05,62.83707046508789,2.777559518814087,0.5620631672480195,0.24953955830118768,3,13,13,ML_CTL_36_0003
CTL,36.0,841.0,7.0,6.0,36.94736862182617,300.0,-0.8660254037844386,0.5000000000000001,-0.4999999999999997,-0.8660254037844388,14.998668670654297,1.8397492170333862,215.08029174804688,3.6326517147244886e-05,80.24714660644531,11.027865409851074,1.6901148557662964,237.00677490234375,0.0004353433905635029,97.03534698486328,6.646730899810791,-5.0005269050598145,266.34320068359375,0.00435870373621583,94.79175567626953,4.491778373718262,-4.175622463226318,279.0937805175781,0.00748557411134243,90.11012268066406,3.690990924835205,-0.9815780520439148,287.94091796875,0.01033290196210146,83.3238525390625,5.471621625474654e-05,3.3613225241424516e-05,11.654333114624023,8.171207427978516,-1.3255726099014282,5.471621625474654e-05,5.406796117313206e-05,79.56820678710938,4.734405517578125,0.581036559985993,0.3270300200590497,4,1,16,ML_CTL_36_0004
CTL,36.0,842.0,7.0,12.0,36.94736862182617,302.5,-0.8433914458128857,0.5372996083468239,-0.4999999999999997,-0.8660254037844388,11.304085731506348,10.686786651611328,214.21421813964844,2.531556492613163e-05,59.04487991333008,9.425228118896484,5.596472263336182,237.6107940673828,0.0005167777417227626,107.58631134033203,7.215221881866455,-2.1263275146484375,266.9611511230469,0.0047111837193369865,98.33653259277344,5.630971908569336,1.3846999406814575,277.8785095214844,0.007331302855163813,96.08509063720703,3.7062013149261475,4.0282697677612305,287.4464111328125,0.010256710462272167,85.51248931884766,6.332671182462946e-05,5.599690121016465e-05,10.102657318115234,7.456341743469238,3.913980007171631,6.332671182462946e-05,6.201712676556781e-05,77.75727081298828,1.2980759143829346,0.7097477801509696,0.8941593990915446,4,2,16,ML_CTL_36_0004
CTL,36.0,843.0,7.0,18.0,36.94736862182617,302.5,-0.8433914458128857,0.5372996083468239,-0.4999999999999997,-0.8660254037844388,11.23271656036377,14.105264663696289,215.03067016601562,2.8037582524120808e-05,62.63949203491211,10.522807121276855,7.088224411010742,236.82423400878906,0.0002248803648399189,52.897369384765625,7.426814079284668,-3.8623974323272705,266.2925720214844,0.0036823642440140247,77.07244110107422,4.986540794372559,-1.8033961057662964,280.0185546875,0.007110838778316975,80.29275512695312,3.423652410507202,0.8628970384597778,288.2946472167969,0.010087952949106693,79.54574584960938,6.73035392537713e-05,4.1969207813963294e-05,15.373411178588867,7.5185065269470215,3.27811861038208,6.73035392537713e-05,6.797451351303607e-05,75.95404815673828,0.3509662449359894,0.9063441202570756,2.269791846464576,4,3,16,ML_CTL_36_0004
CTL,36.0,844.0,7.0,0.0,36.94736862182617,305.0,-0.8191520442889918,0.573576436351046,-0.4999999999999997,-0.8660254037844388,10.801871299743652,19.428546905517578,214.88992309570312,3.079575617448427e-05,69.43128204345703,12.039010047912598,10.891608238220215,237.27798461914062,0.0002749208942987025,59.796287536621094,9.386957168579102,0.7732649445533752,266.3729553222656,0.004054661840200424,85.1340103149414,6.966359615325928,4.333899021148682,279.8513488769531,0.007401966955512762,84.6080322265625,4.562466621398926,6.274151802062988,288.05145263671875,0.010263229720294476,82.17862701416016,6.244097312446684e-05,4.7807836381252855e-05,14.559130668640137,8.75133228302002,8.34029483795166,6.244097312446684e-05,6.47012930130586e-05,76.4239273071289,3.1963696479797363,0.8667647340435535,1.8726511011091196,4,4,16,ML_CTL_36_0004
CTL,36.0,845.0,7.0,6.0,38.842105865478516,305.0,-0.8191520442889918,0.573576436351046,-0.4999999999999997,-0.8660254037844388,15.4434175491333,18.878387451171875,215.2847137451172,2.6807452741195448e-05,58.24210739135742,10.018826484680176,12.546533584594727,236.36795043945312,0.0001251495850738138,30.348003387451172,2.141706705093384,0.9862657189369202,265.5322570800781,0.003938572481274605,89.34573364257812,-1.163374900817871,1.5129926204681396,278.6060485839844,0.006649784278124571,82.79676055908203,-4.030507564544678,2.5901336669921875,287.6956481933594,0.00979422777891159,80.3191146850586,6.181198114063591e-05,4.735262336907908e-05,25.3878116607666,4.48201322555542,7.302862644195557,6.181198114063591e-05,5.178900755709037e-05,69.7345962524414,1.2798370122909546,0.8790209321860676,1.9831911736792698,4,5,16,ML_CTL_36_0004
CTL,36.0,846.0,7.0,12.0,38.842105865478516,305.0,-0.8191520442889918,0.573576436351046,-0.4999999999999997,-0.8660254037844388,14.382362365722656,17.781766891479492,215.59225463867188,2.8877431759610772e-05,60.88382339477539,11.090001106262207,13.211591720581055,236.11203002929688,8.59723222674802e-05,22.659399032592773,4.170468330383301,3.4621267318725586,264.8130187988281,0.002589647425338626,58.71758270263672,0.41685038805007935,1.0790910720825195,280.32659912109375,0.006836925633251667,75.50635528564453,-2.4957973957061768,1.6843725442886353,288.2294921875,0.00990221370011568,78.41761779785156,6.090279566706158e-05,4.2057206883328035e-05,23.323774337768555,5.5127763748168945,7.443789482116699,6.090279566706158e-05,4.2057206883328035e-05,66.38668823242188,6.576095104217529,0.9019652203504139,2.2192536508554133,4,6,16,ML_CTL_36_0004
CTL,36.0,847.0,7.0,18.0,38.842105865478516,307.5,-0.7933533402912352,0.6087614290087205,-0.4999999999999997,-0.8660254037844388,14.071046829223633,20.4979190826416,214.93959045410156,3.18767451972235e-05,69.66978454589844,14.03844165802002,18.248523712158203,237.0409393310547,0.00017815828323364258,42.27828598022461,9.68704891204834,6.6340250968933105,265.250732421875,0.0019015755970031023,41.3721809387207,6.367944240570068,4.731106758117676,281.61151123046875,0.007523569744080305,76.08937072753906,3.627002477645874,5.542479991912842,288.37646484375,0.010931719094514847,85.60523986816406,5.741508357459679e-05,2.4839240722940303e-05,18.241249084472656,9.558297157287598,11.13081169128418,5.741508357459679e-05,4.1621016862336546e-05,70.31794738769531,4.113034248352051,0.8845831923058686,2.0365665741899126,4,7,16,ML_CTL_36_0004
CTL,36.0,848.0,8.0,0.0,38.842105865478516,307.5,-0.7933533402912352,0.6087614290087205,-0.8660254037844385,-0.5000000000000004,13.131799697875977,17.871360778808594,215.00897216796875,3.088171433773823e-05,67.59463500976562,14.983796119689941,16.34095573425293,236.06361389160156,0.0002068287431029603,51.689815521240234,10.063131332397461,7.5521016120910645,264.84906005859375,0.0012148137902840972,29.386125564575195,6.701320171356201,4.532291412353516,281.7000732421875,0.007726085837930441,77.66717529296875,4.8773064613342285,4.244307994842529,288.4979248046875,0.010760058648884296,83.60062408447266,5.049671744927764e-05,2.5905954316840507e-05,15.932144165039062,9.951471328735352,10.108203887939453,5.049671744927764e-05,3.961842958233319e-05,66.72929382324219,2.8448197841644287,0.8307689870827801,1.5910870404752244,4,8,16,ML_CTL_36_0004
CTL,36.0,849.0,8.0,6.0,40.73684310913086,310.0,-0.7660444431189781,0.6427876096865393,-0.8660254037844385,-0.5000000000000004,15.08759593963623,18.32050132751465,214.5452423095703,3.997003295808099e-05,94.37084197998047,15.342408180236816,14.440156936645508,236.0659942626953,0.0002192598913097754,57.93471145629883,8.894582748413086,6.041782855987549,264.5767517089844,0.002253949409350753,54.93617630004883,3.7906508445739746,3.767871141433716,280.88531494140625,0.007824602536857128,83.17631530761719,0.7955455183982849,3.7661352157592773,287.9277648925781,0.010949487797915936,88.31287384033203,4.603539491654374e-05,2.7423364372225478e-05,20.398340225219727,8.782155990600586,9.267290115356445,4.603539491654374e-05,3.82928665203508e-05,66.6686782836914,2.957084894180298,0.6445274047433459,0.595069184025169,4,9,16,ML_CTL_36_0004
CTL,36.0,850.0,8.0,12.0,40.73684310913086,310.0,-0.7660444431189781,0.6427876096865393,-0.8660254037844385,-0.5000000000000004,16.518293380737305,15.835628509521484,214.87391662597656,2.963708720926661e-05,68.58319854736328,16.242328643798828,12.60354232788086,234.7584228515625,0.00015445177268702537,44.46742248535156,9.64759349822998,5.477418422698975,264.1336669921875,0.0019542821682989597,50.185726165771484,5.412385940551758,3.786971092224121,281.3902282714844,0.008205913007259369,84.22846221923828,2.445052146911621,3.20703125,288.55938720703125,0.010754445567727089,83.24546813964844,4.3702042603399605e-05,2.9055348932160996e-05,18.90866470336914,10.053131103515625,8.18211841583252,4.3702042603399605e-05,3.48684006894473e-05,65.9474868774414,1.5819531679153442,0.7593751019305015,1.1492565793236915,4,10,16,ML_CTL_36_0004
CTL,36.0,851.0,8.0,18.0,40.73684310913086,310.0,-0.7660444431189781,0.6427876096865393,-0.8660254037844385,-0.5000000000000004,19.083370208740234,12.891438484191895,215.6113739013672,3.0418628739425912e-05,64.12799072265625,17.42037582397461,11.105311393737793,235.09625244140625,0.00013365074119064957,39.64370346069336,9.243946075439453,4.167759895324707,263.9061584472656,0.0017936481162905693,46.16141128540039,6.230225086212158,2.7003607749938965,281.4397888183594,0.008294903673231602,84.82396697998047,4.07386589050293,1.9626314640045166,288.8222961425781,0.010418711230158806,79.27647399902344,4.176290531177074e-05,2.5692768758744933e-05,18.56674575805664,11.210355758666992,6.565500736236572,4.176290531177074e-05,3.204054883099161e-05,64.44548797607422,0.3971783220767975,0.7738740092477243,1.2303167564479915,4,11,16,ML_CTL_36_0004
CTL,36.0,852.0,8.0,0.0,40.73684310913086,310.0,-0.7660444431189781,0.6427876096865393,-0.8660254037844385,-0.5000000000000004,16.98090934753418,8.590743064880371,216.5994110107422,2.547412077547051e-05,47.46828842163086,16.88527488708496,8.404773712158203,234.37271118164062,0.00010234382352791727,34.84181213378906,8.084739685058594,2.426288366317749,263.316650390625,0.0014973909128457308,39.79202651977539,5.682271480560303,1.133849859237671,280.9744567871094,0.007995981723070145,84.37667083740234,4.002413749694824,0.2284017950296402,288.5315246582031,0.010263782925903797,79.56190490722656,3.7692501791752875e-05,2.883639717765618e-05,15.439238548278809,10.32712173461914,4.156811714172363,3.7692501791752875e-05,3.0203651476767845e-05,61.997249603271484,1.5935089588165283,0.7838941807959033,1.2885058463228702,4,12,16,ML_CTL_36_0004
CTL,36.0,853.0,8.0,6.0,40.73684310913086,312.5,-0.7372773368101242,0.6755902076156601,-0.8660254037844385,-0.5000000000000004,17.71991729736328,9.543161392211914,216.21832275390625,2.4025561287999153e-05,46.70104217529297,17.722902297973633,8.742478370666504,234.69680786132812,0.00018271997396368533,58.669029235839844,9.64382553100586,2.8315000534057617,263.44744873046875,0.001778997015208006,47.26164245605469,7.283873081207275,1.1987864971160889,280.7040710449219,0.007910896092653275,85.00025939941406,5.673433780670166,0.5178307890892029,288.3072204589844,0.01020742580294609,80.29237365722656,3.566869781934656e-05,2.4627583115943708e-05,15.052387237548828,11.608790397644043,4.566751480102539,3.566869781934656e-05,3.151398050249554e-05,65.63552856445312,1.7239675521850586,0.6160928782647199,0.4729970757203632,4,13,16,ML_CTL_36_0004
CTL,36.0,854.0,8.0,12.0,40.73684310913086,312.5,-0.7372773368101242,0.6755902076156601,-0.8660254037844385,-0.5000000000000004,14.454879760742188,5.889919757843018,217.02609252929688,2.267346644657664e-05,39.9353141784668,13.931492805480957,5.416411876678467,233.91506958007812,0.0001016094465740025,37.069889068603516,8.584076881408691,0.6998411417007446,262.8943786621094,0.0010662798304110765,29.379873275756836,6.1529154777526855,-0.8799800872802734,280.8251953125,0.007503886241465807,79.91798400878906,4.5776896476745605,-1.2287013530731201,288.2899475097656,0.010224566794931889,80.52336120605469,3.2864187232917175e-05,3.0903873266652226e-05,12.175124168395996,9.540210723876953,1.979498267173767,3.2864187232917175e-05,3.166615715599619e-05,60.886207580566406,2.588005304336548,0.7415600226271215,1.0540926347400035,4,14,16,ML_CTL_36_0004
CTL,36.0,855.0,8.0,18.0,40.73684310913086,315.0,-0.7071067811865477,0.7071067811865474,-0.8660254037844385,-0.5000000000000004,14.155265808105469,5.5755743980407715,217.02638244628906,2.2300113414530642e-05,39.282169342041016,13.95950984954834,5.4678730964660645,234.2438507080078,9.66957668424584e-05,33.55903244018555,8.815805435180664,0.5030446648597717,263.04205322265625,0.0010934381280094385,29.69526481628418,6.295247554779053,-0.9765812158584595,280.8795471191406,0.007335918489843607,77.83092498779297,5.248795986175537,-1.2590763568878174,288.3454284667969,0.010279431939125061,80.65387725830078,3.076947177760303e-05,2.7429412511992268e-05,11.226649284362793,9.694924354553223,1.8621670007705688,3.076947177760303e-05,3.0266528483480215e-05,62.71011734008789,2.3264167308807373,0.7420260719579514,1.0565258542449936,4,15,16,ML_CTL_36_0004
CTL,36.0,858.0,8.0,12.0,40.73684310913086,320.0,-0.6427876096865396,0.7660444431189778,-0.8660254037844385,-0.5000000000000004,12.006522178649902,4.993289470672607,217.2266845703125,2.1721809389418922e-05,37.2996940612793,10.726851463317871,6.702493190765381,234.36495971679688,0.00011091844498878345,39.44022750854492,7.060009479522705,2.637220621109009,262.8745422363281,0.0008831939194351435,24.680320739746094,4.771336555480957,-0.10987688601016998,280.2248840332031,0.006392583716660738,70.89091491699219,3.7830421924591064,-0.5855118632316589,287.9208679199219,0.010028938762843609,80.89668273925781,2.261984809592832e-05,2.2525840904563665e-05,9.937235832214355,7.669552803039551,2.727522850036621,2.3115902877179906e-05,2.774244057945907e-05,58.937171936035156,2.246580123901367,0.5768685581994486,0.3099315705819441,4,16,16,ML_CTL_36_0004
CTL,36.0,844.0,7.0,0.0,12.315789222717285,335.0,-0.4226182617406992,0.90630778703665,-0.4999999999999997,-0.8660254037844388,-7.202732563018799,1.3586264848709106,218.14598083496094,6.364659930113703e-05,96.06415557861328,-4.613317489624023,-2.281879425048828,240.68002319335938,0.000705407524947077,106.74095916748047,-5.651220798492432,-4.20424747467041,267.7882080078125,0.0049055637791752815,96.80244445800781,-1.7682961225509644,-0.5960240364074707,280.68341064453125,0.009158025495707989,98.70088958740234,2.0171236991882324,-0.7149686217308044,288.5086975097656,0.01252380758523941,97.37902069091797,3.7444446206791326e-05,8.402411913266405e-05,9.45016098022461,-3.443688154220581,-1.2876986265182495,3.7444446206791326e-05,9.137510642176494e-05,79.68470764160156,1.8127316236495972,0.6051107069543783,0.4268059731449172,5,1,10,ML_CTL_36_0005
CTL,36.0,845.0,7.0,6.0,12.315789222717285,335.0,-0.4226182617406992,0.90630778703665,-0.4999999999999997,-0.8660254037844388,-5.526723384857178,1.6374632120132446,217.66905212402344,4.951862501911819e-05,78.485595703125,-3.306034803390503,-0.36903631687164307,240.29806518554688,0.0007027927786111832,109.88524627685547,-0.6912811398506165,0.16685248911380768,268.00286865234375,0.005251344293355942,101.29730987548828,-0.06731951981782913,2.031784772872925,280.1860656738281,0.00906115397810936,101.05815124511719,0.8962054252624512,0.6587554216384888,288.51031494140625,0.012609207071363926,98.0179214477539,4.4479264033725485e-05,7.745513721602038e-05,6.497067451477051,-1.7390308380126953,0.8251639604568481,4.4479264033725485e-05,8.983728912426159e-05,81.39750671386719,1.852007269859314,0.6922034921801368,0.8104411005075627,5,2,10,ML_CTL_36_0005
CTL,36.0,846.0,7.0,12.0,12.315789222717285,335.0,-0.4226182617406992,0.90630778703665,-0.4999999999999997,-0.8660254037844388,-6.058940887451172,1.575413465499878,217.48851013183594,5.239693564362824e-05,84.47103881835938,-1.0749784708023071,1.4444864988327026,240.8553466796875,0.0007280402351170778,106.96694946289062,4.849541664123535,4.762319087982178,268.61083984375,0.005493102129548788,101.05440521240234,1.8095710277557373,5.693706035614014,280.03082275390625,0.008958961814641953,100.98373413085938,1.1745021343231201,3.8971612453460693,288.7821350097656,0.012435858137905598,95.01236724853516,4.675616946769878e-05,6.276513158809394e-05,7.596921443939209,0.1399391144514084,3.4746174812316895,4.675616946769878e-05,8.647896174807101e-05,81.97454071044922,3.2450311183929443,0.620937037919162,0.49352737043217987,5,3,10,ML_CTL_36_0005
CTL,36.0,847.0,7.0,18.0,12.315789222717285,332.5,-0.46174861323503363,0.8870108331782218,-0.4999999999999997,-0.8660254037844388,-3.157479763031006,3.678586721420288,217.698974609375,3.7903289921814576e-05,61.540252685546875,-0.6579417586326599,1.543299913406372,240.7842559814453,0.0005255808355286717,75.12118530273438,1.5865118503570557,1.5640294551849365,268.4483337402344,0.005412498023360968,100.50777435302734,0.09811052680015564,1.598175287246704,281.14495849609375,0.008975709788501263,93.7200698852539,1.2018961906433105,2.104055404663086,288.82305908203125,0.01268045511096716,96.60441589355469,4.3317566451150924e-05,5.338225309969857e-05,4.635008811950684,-0.1857806146144867,2.0976293087005615,4.3317566451150924e-05,8.641762542538345e-05,76.60002136230469,1.2479513883590698,0.7960318508570122,1.361675348680941,5,4,10,ML_CTL_36_0005
CTL,36.0,848.0,8.0,0.0,14.210526466369629,332.5,-0.46174861323503363,0.8870108331782218,-0.8660254037844385,-0.5000000000000004,-1.2803624868392944,5.694307804107666,217.85189819335938,3.0162193070282228e-05,47.0390510559082,-2.3358147144317627,2.75075626373291,240.729248046875,0.00034554721787571907,49.91367721557617,-6.3779754638671875,-1.0578758716583252,267.908447265625,0.005187634844332933,100.6427001953125,-7.004270076751709,0.9618909358978271,280.63702392578125,0.007932325825095177,85.79776763916016,-5.446970462799072,2.277678966522217,289.6446228027344,0.012099917978048325,87.43727111816406,4.4106996938353404e-05,7.405327778542414e-05,5.388318061828613,-4.489078521728516,2.125351667404175,4.4106996938353404e-05,7.960145740071312e-05,72.1944808959961,1.5405102968215942,0.9164482679659063,2.395039635141292,5,5,10,ML_CTL_36_0005
CTL,36.0,849.0,8.0,6.0,14.210526466369629,332.5,-0.46174861323503363,0.8870108331782218,-0.8660254037844385,-0.5000000000000004,-1.3418620824813843,6.243356227874756,217.34686279296875,1.9655803043860942e-05,30.97930335998535,-2.989794969558716,2.8726837635040283,240.1156463623047,0.0005401191883720458,82.47347259521484,-1.8762730360031128,1.6290059089660645,268.3587646484375,0.005247544497251511,98.11556243896484,-5.095777988433838,2.8431708812713623,280.0832214355469,0.008268007077276707,92.86785888671875,-5.088086128234863,3.4685206413269043,289.34197998046875,0.011888701468706131,87.62269592285156,4.512521263677627e-05,6.700373342027888e-05,4.661963939666748,-3.2783589363098145,3.4113476276397705,4.512521263677627e-05,6.700373342027888e-05,76.84039306640625,2.949892520904541,0.8923846511727258,2.115333978269595,5,6,10,ML_CTL_36_0005
CTL,36.0,850.0,8.0,12.0,14.210526466369629,330.0,-0.5000000000000004,0.8660254037844384,-0.8660254037844385,-0.5000000000000004,0.9108272194862366,7.219963550567627,217.4503631591797,2.3196602342068218e-05,38.68543243408203,-1.757146954536438,4.920688629150391,240.95745849609375,0.000139681258588098,20.086994171142578,-2.9052116870880127,1.252772331237793,267.608154296875,0.0046284073032438755,90.22394561767578,-5.409348011016846,0.7485802173614502,282.327880859375,0.007594215217977762,73.12983703613281,-6.472775459289551,0.981847882270813,289.4641418457031,0.011918526142835617,87.07235717773438,4.2728002881631255e-05,4.874706792179495e-05,9.666006088256836,-3.1267309188842773,3.0247702598571777,4.2728002881631255e-05,6.0665297496598214e-05,74.03197479248047,1.2181377410888672,0.7942923464081175,1.3509955844377233,5,7,10,ML_CTL_36_0005
CTL,36.0,851.0,8.0,18.0,14.210526466369629,330.0,-0.5000000000000004,0.8660254037844384,-0.8660254037844385,-0.5000000000000004,-1.2887053489685059,6.600852966308594,217.60861206054688,2.095692434522789e-05,33.346954345703125,-1.6971429586410522,4.069315433502197,240.870361328125,0.00015256002370733768,23.339923858642578,1.518161654472351,1.9656555652618408,267.5884094238281,0.0040931543335318565,79.65906524658203,-2.9429397583007812,1.4504175186157227,282.54425048828125,0.008424632251262665,79.96693420410156,-5.32199764251709,2.6681721210479736,289.52838134765625,0.011755471117794514,85.52511596679688,4.142847683397122e-05,4.089496724191122e-05,5.633243083953857,-1.9465248584747314,3.3508827686309814,4.142847683397122e-05,6.31829971098341e-05,77.7524185180664,4.582054138183594,0.7405970196892465,1.0490738832236453,5,8,10,ML_CTL_36_0005
CTL,36.0,852.0,8.0,0.0,14.210526466369629,330.0,-0.5000000000000004,0.8660254037844384,-0.8660254037844385,-0.5000000000000004,-3.935142755508423,5.942347049713135,217.67723083496094,2.9679489671252668e-05,46.87733459472656,-1.8499057292938232,3.416597366333008,240.52203369140625,0.0001617423549760133,27.703279495239258,3.912295341491699,2.578111171722412,267.25018310546875,0.003449193434789777,68.85010528564453,-1.0345481634140015,2.7554526329040527,282.4058837890625,0.00929545983672142,89.09432983398438,-3.503023147583008,4.0801005363464355,289.37249755859375,0.011478808708488941,84.37260437011719,3.8276284612948075e-05,3.347668462083675e-05,1.9117242097854614,-1.2820649147033691,3.7545218467712402,3.8276284612948075e-05,6.396091339411214e-05,81.99089050292969,1.9117242097854614,0.6822594255704455,0.7641747287626215,5,9,10,ML_CTL_36_0005
CTL,36.0,853.0,8.0,6.0,14.210526466369629,327.5,-0.5372996083468242,0.8433914458128855,-0.8660254037844385,-0.5000000000000004,-3.7527902126312256,9.008745193481445,217.57046508789062,4.6571272832807153e-05,77.21519470214844,-2.519609212875366,5.56192684173584,240.05470275878906,0.00012114816490793601,22.050811767578125,1.253422737121582,2.4057374000549316,267.115478515625,0.0028608308639377356,57.991268157958984,-3.0326101779937744,0.9898728132247925,282.61224365234375,0.008646022528409958,81.69692993164062,-3.8766181468963623,1.3285026550292969,289.11822509765625,0.012289086356759071,91.7463607788086,4.030819036415778e-05,3.085599382757209e-05,7.681240558624268,-2.385641098022461,3.858956813812256,4.030819036415778e-05,5.6309083447558805e-05,80.73741149902344,2.4827470779418945,0.6569847053463408,0.649885701681117,5,10,10,ML_CTL_36_0005
CTL,36.0,858.0,8.0,12.0,42.6315803527832,292.5,-0.9238795325112866,0.38268343236509,-0.8660254037844385,-0.5000000000000004,9.325591087341309,0.5180748105049133,216.67633056640625,3.782863132073544e-05,68.31620788574219,8.983284950256348,2.081218957901001,238.71505737304688,0.0003544834617059678,67.08191680908203,5.883635520935059,0.2856135964393616,267.1459655761719,0.004357567522674799,88.06859588623047,2.767141103744507,2.910452365875244,279.8014221191406,0.007239387370646,82.87840270996094,0.49656426906585693,4.78479528427124,289.4009704589844,0.0116775743663311,85.7196273803711,3.775882214540616e-05,3.2056643249234185e-05,9.805948257446289,5.491243839263916,2.1160309314727783,3.775882214540616e-05,4.315507612773217e-05,71.32958221435547,3.1250991821289062,0.7652981651090628,1.181949595349577,6,1,18,ML_CTL_36_0006
CTL,36.0,859.0,8.0,18.0,42.6315803527832,292.5,-0.9238795325112866,0.38268343236509,-0.8660254037844385,-0.5000000000000004,13.154423713684082,-1.3633768558502197,217.40841674804688,3.458041464909911e-05,56.72910690307617,11.241291999816895,0.17588472366333008,239.00115966796875,0.0003057816356886178,57.5578727722168,5.844634056091309,-1.223105549812317,267.6429138183594,0.0035169098991900682,67.32193756103516,3.807340383529663,0.989464521408081,280.8620300292969,0.00726707000285387,77.30915069580078,1.9717237949371338,2.681068181991577,289.8585205078125,0.011983686126768589,85.39361572265625,3.923750409740023e-05,1.7837099221651442e-05,11.891607284545898,7.203882694244385,0.2519869804382324,4.2976967961294577e-05,4.6852946979925036e-05,74.232177734375,3.3605005741119385,0.8634669851625909,1.8443892107917774,6,2,18,ML_CTL_36_0006
CTL,36.0,860.0,8.0,0.0,42.6315803527832,295.0,-0.9063077870366498,0.4226182617406996,-0.8660254037844385,-0.5000000000000004,11.554821014404297,-1.7267051935195923,217.6082305908203,3.063839903916232e-05,48.712642669677734,11.222749710083008,0.42931434512138367,238.6990966796875,0.00028832285897806287,56.56269454956055,6.32296085357666,-0.6950815320014954,267.7042541503906,0.0038019525818526745,71.80461883544922,4.104579448699951,1.8100069761276245,280.188720703125,0.007356647402048111,81.99901580810547,2.427372694015503,3.645862579345703,289.9486083984375,0.011733257211744785,83.15740966796875,3.703233596752398e-05,2.604677138151601e-05,10.591259956359863,7.1264967918396,0.6926794052124023,4.336400525062345e-05,4.9462603783467785e-05,72.62576293945312,3.186516761779785,0.8615783685376601,1.8284616917092316,6,3,18,ML_CTL_36_0006
CTL,36.0,861.0,8.0,6.0,42.6315803527832,297.5,-0.8870108331782216,0.4617486132350341,-0.8660254037844385,-0.5000000000000004,10.523489952087402,0.6462283134460449,217.4886016845703,2.8178264983580448e-05,45.336021423339844,11.401025772094727,2.448826789855957,238.36183166503906,0.00032295347773469985,64.53997039794922,7.165491104125977,0.748748779296875,266.7996520996094,0.004422485362738371,91.35347747802734,3.7943196296691895,2.7852373123168945,280.2491760253906,0.0074021355248987675,82.12284088134766,2.062055826187134,4.529294490814209,289.9638977050781,0.01167130284011364,82.63817596435547,3.9082566217985004e-05,3.135704901069403e-05,9.309890747070312,6.989276885986328,2.2316670417785645,3.9546375774079934e-05,4.229738624417223e-05,72.07604217529297,3.927504777908325,0.7999171049552805,1.3857763475927234,6,4,18,ML_CTL_36_0006
CTL,36.0,862.0,8.0,12.0,42.6315803527832,300.0,-0.8660254037844386,0.5000000000000001,-0.8660254037844385,-0.5000000000000004,11.235006332397461,3.1804683208465576,216.93588256835938,3.223562453058548e-05,54.95989990234375,11.36701488494873,4.413687229156494,238.51626586914062,0.0004523236711975187,86.20824432373047,6.1921515464782715,2.264420509338379,267.43035888671875,0.004960534628480673,99.00825500488281,2.554828643798828,5.66727876663208,279.3201599121094,0.007524198852479458,89.05501556396484,1.2864552736282349,7.2142815589904785,289.8731689453125,0.011665340512990952,83.06794738769531,3.900508090737276e-05,3.638527050497942e-05,10.735237121582031,6.527091026306152,4.548027038574219,3.900508090737276e-05,3.8182690332178026e-05,70.18644714355469,5.78879451751709,0.7031310298689414,0.8622523977244736,6,5,18,ML_CTL_36_0006
CTL,36.0,863.0,8.0,18.0,42.6315803527832,300.0,-0.8660254037844386,0.5000000000000001,-0.8660254037844385,-0.5000000000000004,9.441080093383789,-0.29047948122024536,218.7740478515625,1.9009838069905527e-05,26.147729873657227,10.731863975524902,2.8741824626922607,238.6874542236328,0.00021736891358159482,42.05472183227539,5.918248176574707,-0.7707756161689758,267.62713623046875,0.0038832395803183317,73.28845977783203,3.495482921600342,3.8276374340057373,280.6908874511719,0.007589275483042002,81.66837310791016,2.1003031730651855,5.539004325866699,290.2198791503906,0.01198195293545723,83.42756652832031,4.021847416879609e-05,2.9158736651879735e-05,9.373893737792969,6.337395668029785,2.2359137535095215,5.17426997248549e-05,4.9194120947504416e-05,74.33670043945312,7.072484016418457,0.9051762759063268,2.256110072634455,6,6,18,ML_CTL_36_0006
CTL,36.0,864.0,8.0,0.0,38.842105865478516,297.5,-0.8870108331782216,0.4617486132350341,-0.8660254037844385,-0.5000000000000004,14.571995735168457,0.6738702654838562,217.45315551757812,5.2073195547563955e-05,83.01483154296875,11.21141529083252,0.3358866572380066,241.62217712402344,0.0007317627896554768,98.55909729003906,5.302793025970459,-3.5353951454162598,269.560791015625,0.00568931782618165,96.51073455810547,8.300019264221191,-0.5310656428337097,281.28302001953125,0.007467417046427727,77.1894302368164,8.510268211364746,1.0050504207611084,291.3028869628906,0.012027056887745857,78.15555572509766,4.920459468849003e-05,4.696764881373383e-05,6.070767879486084,9.57929801940918,-0.4103306829929352,4.920459468849003e-05,5.320772834238596e-05,68.50353240966797,2.3000457286834717,0.727089814897441,0.9799072629582164,6,7,18,ML_CTL_36_0006
CTL,36.0,865.0,8.0,6.0,38.842105865478516,300.0,-0.8660254037844386,0.5000000000000001,-0.8660254037844385,-0.5000000000000004,12.246673583984375,2.3848772048950195,217.2230224609375,4.36316586274188e-05,71.40008544921875,10.770125389099121,2.4212186336517334,241.0414581298828,0.0006529588717967272,94.11444091796875,6.822815418243408,-3.1196658611297607,269.4927062988281,0.0056149899028241634,95.14222717285156,8.514860153198242,0.5329488515853882,281.3089904785156,0.0075878421775996685,78.29568481445312,8.629717826843262,2.1594347953796387,291.1404724121094,0.01212221384048462,79.6067123413086,4.938208803650923e-05,3.592055509216152e-05,3.6239748001098633,9.396839141845703,0.8757627606391907,4.938208803650923e-05,5.6506436521885917e-05,71.5317611694336,1.1245957612991333,0.7438829401463244,1.0662490789219072,6,8,18,ML_CTL_36_0006
CTL,36.0,866.0,8.0,12.0,38.842105865478516,302.5,-0.8433914458128857,0.5372996083468239,-0.8660254037844385,-0.5000000000000004,10.247061729431152,8.130127906799316,217.65020751953125,5.7360204664291814e-05,90.8622817993164,12.494366645812988,2.60573673248291,241.57835388183594,0.0006339259562082589,86.75653076171875,8.51420783996582,-4.6190876960754395,269.3368225097656,0.00537265045568347,92.01139068603516,9.214459419250488,1.619158148765564,281.28790283203125,0.0077445125207304955,80.08348083496094,8.846689224243164,3.6502764225006104,291.02838134765625,0.012037936598062515,79.62799835205078,5.1944389269920066e-05,3.777715392061509e-05,4.693624973297119,9.863357543945312,2.2772421836853027,5.1944389269920066e-05,5.772101576440036e-05,74.98512268066406,1.3091442584991455,0.7159089537874941,0.9242582273204807,6,9,18,ML_CTL_36_0006
CTL,36.0,867.0,8.0,18.0,38.842105865478516,305.0,-0.8191520442889918,0.573576436351046,-0.8660254037844385,-0.5000000000000004,13.16958236694336,10.004055976867676,218.72024536132812,6.258662324398756e-05,87.26675415039062,13.904011726379395,-0.38825878500938416,242.1109161376953,0.0006469424115493894,83.39749908447266,9.656452178955078,-5.445261478424072,269.15850830078125,0.004928614478558302,84.7904281616211,10.324840545654297,2.5226247310638428,281.5662841796875,0.007795711047947407,79.21723937988281,9.881246566772461,5.709658622741699,290.73065185546875,0.012083414942026138,81.41549682617188,5.159255670150742e-05,4.0715378418099135e-05,5.408789157867432,11.387227058410645,2.4805636405944824,5.159255670150742e-05,6.206458056112751e-05,77.45947265625,3.6886651515960693,0.8109016884931921,1.4558797776717065,6,10,18,ML_CTL_36_0006
CTL,36.0,868.0,8.0,0.0,38.842105865478516,307.5,-0.7933533402912352,0.6087614290087205,-0.8660254037844385,-0.5000000000000004,17.03346061706543,5.587057590484619,219.1951904296875,4.7372272092616186e-05,61.70838165283203,13.604819297790527,-1.1034549474716187,242.0679931640625,0.0004128107684664428,55.82854080200195,9.934046745300293,-3.544492721557617,268.5943908691406,0.0046141427010297775,81.9820556640625,11.77371597290039,3.96624755859375,281.7978515625,0.007971743121743202,79.7054443359375,11.580143928527832,6.963775157928467,290.2952575683594,0.012118504382669926,83.92453002929688,4.9889284127857536e-05,3.4120002965210006e-05,5.624412536621094,12.785237312316895,2.373826503753662,4.9889284127857536e-05,5.521390994545072e-05,79.95003509521484,5.5011467933654785,0.9363510012954307,2.6886068139579717,6,11,18,ML_CTL_36_0006
CTL,36.0,869.0,8.0,6.0,40.73684310913086,310.0,-0.7660444431189781,0.6427876096865393,-0.8660254037844385,-0.5000000000000004,15.615151405334473,-2.097921848297119,219.93629455566406,2.0340370610938407e-05,23.73040771484375,13.793161392211914,0.6274518370628357,241.33802795410156,0.00019924723892472684,27.309906005859375,10.186500549316406,-1.1026828289031982,267.6285705566406,0.0038768788799643517,74.57306671142578,9.106512069702148,3.276298999786377,281.7651062011719,0.0074394172988832,74.48362731933594,7.863749027252197,6.649049758911133,290.091064453125,0.011608505621552467,81.45211791992188,5.241221879259683e-05,2.2141843146528117e-05,11.687332153320312,11.31301498413086,1.4704391956329346,5.241221879259683e-05,4.538040593615733e-05,81.83279418945312,1.6912809610366821,0.9314259720932849,2.6088028540629993,6,12,18,ML_CTL_36_0006
CTL,36.0,870.0,8.0,12.0,40.73684310913086,312.5,-0.7372773368101242,0.6755902076156601,-0.8660254037844385,-0.5000000000000004,13.810894966125488,0.3193210959434509,219.44105529785156,2.8851825845777057e-05,36.011146545410156,14.322993278503418,1.7891287803649902,240.67002868652344,0.00024530355585739017,37.51606750488281,11.046993255615234,-0.7105357646942139,267.9952392578125,0.0035980588290840387,66.95832061767578,10.293587684631348,3.4721391201019287,282.30560302734375,0.008063842542469501,77.79646301269531,9.851037979125977,7.492919921875,289.96624755859375,0.012122896499931812,85.71802520751953,5.33880629518535e-05,1.6498755940119736e-05,8.193960189819336,11.86510181427002,2.472594738006592,5.33880629518535e-05,4.227800673106685e-05,80.74301147460938,2.2149853706359863,0.9492489450652654,2.9287386831791355,6,13,18,ML_CTL_36_0006
CTL,36.0,871.0,8.0,18.0,40.73684310913086,315.0,-0.7071067811865477,0.7071067811865474,-0.8660254037844385,-0.5000000000000004,15.434466361999512,1.2315388917922974,219.0709686279297,4.2032188503071666e-05,55.171058654785156,15.027271270751953,1.4895726442337036,240.6070098876953,0.00025658533559180796,40.838592529296875,11.732865333557129,-0.40481436252593994,267.81964111328125,0.0035489830188453197,66.43347930908203,11.48930835723877,3.918555736541748,282.6197204589844,0.008572089485824108,80.93365478515625,11.560300827026367,8.037660598754883,289.6149597167969,0.01269389595836401,91.79164123535156,5.413179314928129e-05,7.86155851528747e-06,7.831503868103027,13.04884147644043,2.8545026779174805,5.413179314928129e-05,3.6678320611827075e-05,79.38282775878906,2.6579911708831787,0.943939986310783,2.8236398003759935,6,14,18,ML_CTL_36_0006
CTL,36.0,872.0,8.0,0.0,42.6315803527832,317.5,-0.6755902076156605,0.7372773368101239,-0.8660254037844385,-0.5000000000000004,15.370465278625488,3.399561882019043,218.99020385742188,4.303523019189015e-05,57.20568084716797,14.922161102294922,4.51986026763916,240.1394500732422,0.00023368626716546714,39.24086380004883,12.080035209655762,3.8107681274414062,266.6219177246094,0.0030822157859802246,64.04657745361328,10.176546096801758,5.764924049377441,282.2265319824219,0.008056297898292542,78.11418914794922,10.419066429138184,8.587397575378418,289.18402099609375,0.012510128319263458,93.02100372314453,5.124436938785948e-05,2.9477714633685537e-06,7.171470642089844,12.593655586242676,5.2165021896362305,5.124436938785948e-05,2.628040783747565e-05,75.29800415039062,6.977390289306641,0.9402243145620369,2.7555194990628253,6,15,18,ML_CTL_36_0006
CTL,36.0,873.0,8.0,6.0,44.52631759643555,320.0,-0.6427876096865396,0.7660444431189778,-0.8660254037844385,-0.5000000000000004,17.141366958618164,10.553720474243164,219.03140258789062,3.810722046182491e-05,50.286102294921875,16.535615921020508,13.435261726379395,239.4740753173828,0.00023930244788061827,44.20969009399414,12.817156791687012,8.245352745056152,265.5489196777344,0.002542547881603241,58.10398483276367,11.291046142578125,6.975781440734863,281.49652099609375,0.007925988174974918,80.72491455078125,10.375685691833496,7.820981025695801,288.4462585449219,0.012513892725110054,97.6166000366211,4.8739821068011224e-05,5.035391041019466e-06,7.2967329025268555,13.632174491882324,9.406219482421875,4.96326683787629e-05,3.8894602766959e-05,72.89464569091797,4.805808067321777,0.887079392277155,2.061249499557984,6,16,18,ML_CTL_36_0006
CTL,36.0,874.0,8.0,12.0,48.31578826904297,322.5,-0.608761429008721,0.7933533402912349,-0.8660254037844385,-0.5000000000000004,17.045738220214844,25.519420623779297,221.07830810546875,2.249884892080445e-05,23.31835174560547,15.877645492553711,28.55922508239746,238.1258087158203,0.0002401618257863447,47.6753044128418,13.47330379486084,15.814167022705078,263.55902099609375,0.002111778361722827,56.15970993041992,12.3452787399292,7.935245990753174,278.9014587402344,0.007256693672388792,88.23346710205078,10.602551460266113,6.250351428985596,287.4734802246094,0.011982216499745846,99.62078857421875,5.141960718901828e-05,1.1087393431807868e-05,20.317768096923828,13.868904113769531,16.81568145751953,5.141960718901828e-05,4.651742710848339e-05,66.06040954589844,5.354237079620361,0.6914835395921451,0.8070641487182011,6,17,18,ML_CTL_36_0006
CTL,36.0,875.0,8.0,18.0,48.31578826904297,325.0,-0.5735764363510465,0.8191520442889916,-0.8660254037844385,-0.5000000000000004,18.70859146118164,24.514734268188477,221.1189727783203,2.4620316253276542e-05,25.743379592895508,17.123531341552734,23.36642837524414,237.15687561035156,0.00020927369769196957,46.817806243896484,16.491737365722656,9.59408950805664,263.44854736328125,0.001097647356800735,29.899513244628906,13.00500202178955,4.334359169006348,279.3207092285156,0.005245399661362171,62.35944747924805,10.557564735412598,1.9908260107040405,287.3316650390625,0.011634190566837788,97.5484619140625,4.801318937097676e-05,2.1801959519507363e-05,23.953407287597656,15.177286148071289,12.760087966918945,4.801318937097676e-05,2.416439019725658e-05,55.91511535644531,5.197971343994141,0.7378248443928055,1.0346936449657242,6,18,18,ML_CTL_36_0006
CTL,36.0,881.0,8.0,6.0,40.73684310913086,260.0,-0.984807753012208,-0.17364817766693033,-0.8660254037844385,-0.5000000000000004,6.210022449493408,0.4521636962890625,220.50527954101562,7.383906631730497e-05,78.8460464477539,2.992109775543213,6.03769588470459,242.08419799804688,0.0005213180556893349,71.45870208740234,-0.2469988614320755,10.327902793884277,267.1360168457031,0.0033440759871155024,68.44131469726562,-2.5081889629364014,8.380664825439453,284.27294921875,0.010011366568505764,84.69212341308594,-6.329874515533447,4.414577960968018,298.9669189453125,0.010479452088475227,42.562782287597656,7.293916132766753e-05,3.942704097426031e-06,13.151036262512207,0.023413944989442825,5.922600746154785,7.293916132766753e-05,2.4410826881648973e-05,71.55358123779297,10.060142517089844,0.7470241442570883,1.0828034539123736,7,1,11,ML_CTL_36_0007
CTL,36.0,882.0,8.0,12.0,40.73684310913086,260.0,-0.984807753012208,-0.17364817766693033,-0.8660254037844385,-0.5000000000000004,7.047528266906738,1.2588380575180054,220.3877716064453,5.911640255362727e-05,62.4807014465332,4.330453395843506,7.157357215881348,242.43096923828125,0.00044704251922667027,59.553977966308594,-0.028308821842074394,12.248729705810547,266.9460144042969,0.003635924542322755,76.38045501708984,-4.32643985748291,9.725160598754883,283.08905029296875,0.009442752227187157,86.41913604736328,-9.908555030822754,0.5438834428787231,296.0308532714844,0.011165809817612171,54.21393585205078,5.832770330016501e-05,9.04106127563864e-06,16.971149444580078,-0.5770645141601562,6.186793804168701,5.832770330016501e-05,3.0483775844913907e-05,66.64874267578125,6.907546520233154,0.8305109708438093,1.5892529389088885,7,2,11,ML_CTL_36_0007
CTL,36.0,883.0,8.0,18.0,38.842105865478516,260.0,-0.984807753012208,-0.17364817766693033,-0.8660254037844385,-0.5000000000000004,-1.0519473552703857,-1.6313273906707764,221.11175537109375,2.2870117390993983e-05,24.22174072265625,2.8866333961486816,5.37819766998291,243.12582397460938,0.0001550557353766635,19.40872573852539,1.3350830078125,14.81449031829834,268.7821960449219,0.004600914195179939,83.72488403320312,-2.975520372390747,14.339812278747559,284.01861572265625,0.009956266731023788,85.74576568603516,-4.093792915344238,12.08160400390625,299.8067932128906,0.010389560833573341,40.178627014160156,5.807770503452048e-05,3.1775478419149294e-05,14.046256065368652,-0.7799088358879089,8.99655532836914,5.807770503452048e-05,3.498252772260457e-05,68.92658996582031,5.865854263305664,0.7365017539354383,1.0278649056886828,7,3,11,ML_CTL_36_0007
CTL,36.0,884.0,8.0,0.0,38.842105865478516,260.0,-0.984807753012208,-0.17364817766693033,-0.8660254037844385,-0.5000000000000004,1.175079345703125,-4.226640224456787,220.82638549804688,4.416833689901978e-05,47.04988098144531,2.995375871658325,4.622384548187256,242.4424285888672,0.0003365167649462819,44.788204193115234,-0.136750727891922,12.842451095581055,268.3461608886719,0.005032211076468229,94.93834686279297,-1.3853446245193481,15.478165626525879,284.1885986328125,0.009861825965344906,83.95001983642578,-3.3080506324768066,14.185893058776855,299.8388366699219,0.009957856498658657,38.369895935058594,8.220727613661438e-05,3.5782475606538355e-05,18.950456619262695,-0.131938174366951,8.580451011657715,8.220727613661438e-05,3.925645796698518e-05,68.37522888183594,11.115899085998535,0.8054297580420987,1.420582756852928,7,4,11,ML_CTL_36_0007
CTL,36.0,885.0,8.0,6.0,40.73684310913086,260.0,-0.984807753012208,-0.17364817766693033,-0.8660254037844385,-0.5000000000000004,12.462456703186035,1.7292912006378174,219.91685485839844,8.60371656017378e-05,100.02172088623047,6.116641044616699,6.770971298217773,242.9026641845703,0.0008468113373965025,106.79285430908203,-0.3897552192211151,10.361579895019531,267.88690185546875,0.005075146909803152,99.4290542602539,-2.07810115814209,9.73107624053955,283.25830078125,0.010398739017546177,94.03611755371094,-6.241106033325195,7.564223289489746,297.5934143066406,0.009929576888680458,43.732940673828125,9.898157441057265e-05,2.7212312488700263e-05,19.592594146728516,1.9740269184112549,7.231428623199463,9.898157441057265e-05,4.934536264045164e-05,74.79368591308594,14.106719017028809,0.569062407107252,0.27802682313642246,7,5,11,ML_CTL_36_0007
CTL,36.0,886.0,8.0,12.0,38.842105865478516,260.0,-0.984807753012208,-0.17364817766693033,-0.8660254037844385,-0.5000000000000004,2.111915111541748,-2.0833775997161865,220.25486755371094,7.076146721374243e-05,80.69232177734375,4.120677947998047,4.912883281707764,242.69264221191406,0.0007087584235705435,89.602783203125,1.3532140254974365,11.809961318969727,267.328857421875,0.004965741652995348,102.01238250732422,-1.229334831237793,13.326025009155273,284.2770080566406,0.009357862174510956,79.23474884033203,0.06302480399608612,4.3055500984191895,297.5159606933594,0.011233662255108356,49.72372817993164,7.50076214899309e-05,5.460716056404635e-05,6.7094221115112305,1.2838994264602661,6.4542083740234375,7.50076214899309e-05,5.535790842259303e-05,64.16812133789062,6.7094221115112305,0.845162753751404,1.697154675745443,7,6,11,ML_CTL_36_0007
CTL,36.0,887.0,8.0,18.0,38.842105865478516,260.0,-0.984807753012208,-0.17364817766693033,-0.8660254037844385,-0.5000000000000004,3.959035634994507,-0.34232646226882935,220.300048828125,8.480880205752328e-05,94.83959197998047,3.938755750656128,4.066343307495117,243.0043487548828,0.0009091455722227693,112.82585906982422,1.793516755104065,6.118812561035156,267.6553039550781,0.005044855643063784,100.79256439208984,1.0400339365005493,10.374881744384766,284.22930908203125,0.009827869012951851,83.42037200927734,-1.8693658113479614,3.0117783546447754,297.20916748046875,0.011185322888195515,50.419864654541016,7.77376044425182e-05,4.96399516123347e-05,6.724602699279785,1.772395372390747,4.64589786529541,7.77376044425182e-05,5.444955240818672e-05,66.19418334960938,6.724602699279785,0.693155841764549,0.8149148629963523,7,7,11,ML_CTL_36_0007
CTL,36.0,888.0,8.0,0.0,36.94736862182617,260.0,-0.984807753012208,-0.17364817766693033,-0.8660254037844385,-0.5000000000000004,-0.14769116044044495,-4.981220245361328,219.53030395507812,6.643113010795787e-05,79.53641510009766,2.5943257808685303,2.0805752277374268,242.65640258789062,0.00067850889172405,87.48704528808594,1.2002614736557007,5.386748790740967,268.3160705566406,0.005124399904161692,97.08799743652344,2.7467682361602783,7.812033653259277,284.5695495605469,0.010095478966832161,83.83179473876953,2.114835739135742,4.506690979003906,298.9998779296875,0.011307276785373688,45.82314682006836,7.792840915499255e-05,5.2622603107010946e-05,9.753947257995605,1.70169997215271,2.960965633392334,7.792840915499255e-05,5.2622603107010946e-05,64.09909057617188,8.491808891296387,0.8320594460050957,1.6002938162773455,7,8,11,ML_CTL_36_0007
CTL,36.0,889.0,8.0,6.0,36.94736862182617,260.0,-0.984807753012208,-0.17364817766693033,-0.8660254037844385,-0.5000000000000004,-0.18337082862854004,-5.472027778625488,218.95567321777344,7.600698882015422e-05,100.168701171875,1.5305233001708984,0.33238881826400757,242.6060791015625,0.0007531227311119437,97.43766784667969,0.7594910264015198,3.0926010608673096,268.3302917480469,0.004853567574173212,91.83369445800781,0.46233877539634705,4.7251973152160645,284.1153564453125,0.009983886033296585,85.30802917480469,2.6689581871032715,1.968371868133545,297.6040954589844,0.011737332679331303,51.69245910644531,8.428968430962414e-05,4.832146078115329e-05,7.968395709991455,1.0475881099700928,0.9293062090873718,8.428968430962414e-05,4.835748768527992e-05,67.99990844726562,7.968395709991455,0.7646259282326171,1.1782106881965042,7,9,11,ML_CTL_36_0007
CTL,36.0,890.0,8.0,12.0,36.94736862182617,260.0,-0.984807753012208,-0.17364817766693033,-0.8660254037844385,-0.5000000000000004,0.05581837147474289,-4.7066755294799805,218.62713623046875,7.242145511554554e-05,99.9785385131836,-0.34448859095573425,-1.8700730800628662,242.26878356933594,0.0007589017623104155,101.14622497558594,0.13672786951065063,0.2520138919353485,268.2818298339844,0.004628154914826155,87.9677505493164,-0.9963772892951965,5.49111270904541,283.8822021484375,0.009523741900920868,82.74761962890625,-1.4199260473251343,-0.713238000869751,296.7710266113281,0.011953062377870083,55.337799072265625,7.205616566352546e-05,4.310790609451942e-05,4.257389545440674,-0.5136491060256958,-0.30937209725379944,7.205616566352546e-05,4.310790609451942e-05,67.82279968261719,4.257389545440674,0.7329043723429909,1.0094084824287042,7,10,11,ML_CTL_36_0007
CTL,36.0,891.0,8.0,18.0,36.94736862182617,260.0,-0.984807753012208,-0.17364817766693033,-0.8660254037844385,-0.5000000000000004,1.1092451810836792,-2.7575175762176514,218.80435180664062,7.406366057693958e-05,99.8894271850586,-2.5593509674072266,-1.9236388206481934,242.2716064453125,0.0007604410639032722,101.3554916381836,-2.8107964992523193,-0.9102112054824829,268.49884033203125,0.004336016718298197,80.98966979980469,0.523318350315094,5.883770942687988,283.69854736328125,0.009347343817353249,82.35900115966797,-3.8276638984680176,4.127559661865234,296.7969970703125,0.012479516677558422,57.65609359741211,4.4025862734997645e-05,3.488353831926361e-05,8.472152709960938,-1.513049602508545,0.8839926719665527,4.4025862734997645e-05,3.488353831926361e-05,68.68911743164062,8.472152709960938,0.585961740019548,0.3472961124094993,7,11,11,ML_CTL_36_0007
CTL,36.0,907.0,8.0,18.0,12.315789222717285,332.5,-0.46174861323503363,0.8870108331782218,-0.8660254037844385,-0.5000000000000004,-11.563759803771973,3.0224177837371826,218.58226013183594,3.238085628254339e-05,45.76535415649414,-2.484571933746338,-0.6481920480728149,242.20751953125,0.0005493104690685868,66.08273315429688,8.8336763381958,3.240370035171509,267.25567626953125,0.004307764116674662,85.1290054321289,-0.37162116169929504,0.974622905254364,281.05303955078125,0.007822450250387192,82.18258666992188,0.3125595152378082,-0.5832645297050476,289.2141418457031,0.011507532559335232,85.36649322509766,5.064791548647918e-05,4.3663425458362326e-05,12.411602973937988,-1.0547435283660889,1.201190710067749,5.064791548647918e-05,9.520794992567971e-05,71.34903717041016,4.143033981323242,0.8304303476322935,1.5886802867082204,8,1,9,ML_CTL_36_0008
CTL,36.0,908.0,8.0,0.0,12.315789222717285,332.5,-0.46174861323503363,0.8870108331782218,-0.8660254037844385,-0.5000000000000004,-10.52424144744873,4.421331405639648,218.34866333007812,4.564003029372543e-05,66.97844696044922,-1.9327892065048218,1.8458224534988403,241.94288635253906,0.0004154120397288352,52.74869918823242,8.779023170471191,3.4157915115356445,267.0631408691406,0.004229952115565538,84.83381652832031,0.3275703191757202,1.9570623636245728,281.4515380859375,0.00809133518487215,82.74546813964844,0.472557008266449,0.49650734663009644,288.9100341796875,0.01164668146520853,88.15672302246094,5.286170562612824e-05,3.521365943015553e-05,11.676207542419434,-0.5755759477615356,2.4273030757904053,5.286170562612824e-05,8.208352664951235e-05,74.72606658935547,2.2617597579956055,0.779559972976098,1.263103951682476,8,2,9,ML_CTL_36_0008
CTL,36.0,909.0,8.0,6.0,12.315789222717285,332.5,-0.46174861323503363,0.8870108331782218,-0.8660254037844385,-0.5000000000000004,-10.3006591796875,5.627206802368164,217.53065490722656,4.609015377354808e-05,74.9238510131836,-2.105348825454712,3.5644800662994385,241.64259338378906,0.00027814265922643244,39.56027603149414,7.789722919464111,2.64768385887146,266.9623718261719,0.004078905563801527,82.74693298339844,-0.3074316382408142,2.369478464126587,282.32965087890625,0.008423824794590473,81.11785888671875,0.8941382765769958,1.64687979221344,288.8691711425781,0.011724426411092281,89.02088928222656,5.201866588322446e-05,2.5817938876571134e-05,11.88135051727295,-0.8059156537055969,3.1711459159851074,5.201866588322446e-05,6.560562178492546e-05,77.89098358154297,1.6135660409927368,0.6767849395132711,0.7390356319503046,8,3,9,ML_CTL_36_0008
CTL,36.0,910.0,8.0,12.0,12.315789222717285,332.5,-0.46174861323503363,0.8870108331782218,-0.8660254037844385,-0.5000000000000004,-10.88850212097168,9.561511039733887,217.84886169433594,4.616425576386973e-05,72.29190826416016,-0.879361629486084,3.497906446456909,241.4506378173828,0.00023535128275398165,36.581050872802734,7.0377655029296875,0.7120651602745056,266.8279724121094,0.004101188853383064,84.29093170166016,-1.8954143524169922,2.407811164855957,282.4195556640625,0.009352241642773151,89.54827880859375,2.1109719276428223,3.2514965534210205,289.1521301269531,0.011775283142924309,87.81585693359375,4.9113816203316674e-05,1.746294401527848e-05,14.450003623962402,-0.902908205986023,3.8861584663391113,4.9113816203316674e-05,5.304274964146316e-05,79.44619750976562,4.142228126525879,0.5541514876398762,0.21745885682401456,8,4,9,ML_CTL_36_0008
CTL,36.0,911.0,8.0,18.0,12.315789222717285,330.0,-0.5000000000000004,0.8660254037844384,-0.8660254037844385,-0.5000000000000004,-6.940901756286621,8.903478622436523,218.28125,1.847877138061449e-05,25.1925048828125,0.5209448933601379,0.67640620470047,242.103515625,0.00011179066495969892,16.940099716186523,4.996940612792969,-0.9526101350784302,268.0320129394531,0.003477699588984251,64.91594696044922,-2.4415252208709717,1.4285171031951904,281.51593017578125,0.009065446443855762,92.30384826660156,0.4432162642478943,1.1089826822280884,289.1526794433594,0.011143757961690426,83.01892852783203,4.970753434463404e-05,2.159301766369026e-05,10.736823081970215,-0.6842650175094604,2.232954978942871,4.970753434463404e-05,4.4467757106758654e-05,77.12184143066406,6.922006130218506,0.6432092511902856,0.5893206286849779,8,5,9,ML_CTL_36_0008
CTL,36.0,912.0,8.0,0.0,12.315789222717285,330.0,-0.5000000000000004,0.8660254037844384,-0.8660254037844385,-0.5000000000000004,-2.311011552810669,9.43917465209961,217.62277221679688,2.022537955781445e-05,30.826528549194336,-0.11368878930807114,0.8523334264755249,242.02964782714844,9.577331366017461e-05,14.88836669921875,1.7521342039108276,-1.3458110094070435,267.8757019042969,0.0033852518536150455,63.69761657714844,-3.168750286102295,2.859595537185669,281.94403076171875,0.00937630794942379,92.72560119628906,1.580641269683838,2.8759191036224365,289.1878967285156,0.011208506301045418,83.33480834960938,4.627452290151268e-05,2.0431343727977946e-05,7.630287170410156,-0.45213499665260315,2.9362423419952393,4.627452290151268e-05,3.920269591617398e-05,78.37992858886719,4.9350128173828125,0.643087584360142,0.5887905096921362,8,6,9,ML_CTL_36_0008
CTL,36.0,913.0,8.0,6.0,12.315789222717285,327.5,-0.5372996083468242,0.8433914458128855,-0.8660254037844385,-0.5000000000000004,-0.3755790889263153,7.345405578613281,218.31011962890625,2.0917519577778876e-05,30.51314926147461,0.1490100920200348,1.0164575576782227,241.39102172851562,0.00010198511881753802,18.63826560974121,-0.31306201219558716,-1.754760980606079,268.14788818359375,0.0027811310719698668,50.73904037475586,-3.7303266525268555,1.9919754266738892,281.80413818359375,0.009568652138113976,95.53327941894531,0.3871922492980957,1.714285969734192,289.0426940917969,0.011024503968656063,82.72173309326172,4.3891639506909996e-05,2.2020776668796316e-05,5.682546138763428,-0.7765530347824097,2.0626728534698486,4.3891639506909996e-05,3.2307798392139375e-05,76.90484619140625,3.199157476425171,0.6560174614547521,0.6455965106189234,8,7,9,ML_CTL_36_0008
CTL,36.0,914.0,8.0,12.0,12.315789222717285,327.5,-0.5372996083468242,0.8433914458128855,-0.8660254037844385,-0.5000000000000004,0.3266460597515106,7.125824451446533,217.97915649414062,3.133245627395809e-05,48.63955307006836,-1.9000592231750488,0.98619544506073,241.49288940429688,0.00011648591316770762,21.865150451660156,-1.4302053451538086,0.48007142543792725,268.18951416015625,0.002956592943519354,53.5707893371582,-0.6787585616111755,4.243112564086914,282.1130065917969,0.009589006192982197,93.77006530761719,3.462742805480957,3.287184715270996,289.0165100097656,0.011355089023709297,85.35491943359375,4.0741710108704865e-05,1.6175858036149293e-05,4.956839561462402,-0.04392685741186142,3.2244772911071777,4.0741710108704865e-05,2.6706606149673462e-05,79.9360122680664,3.8801116943359375,0.6164687730663571,0.4745866257053275,8,8,9,ML_CTL_36_0008
CTL,36.0,915.0,8.0,18.0,12.315789222717285,325.0,-0.5735764363510465,0.8191520442889916,-0.8660254037844385,-0.5000000000000004,0.1914096474647522,7.171879291534424,218.71014404296875,1.5955571143422276e-05,22.505800247192383,-2.7717678546905518,1.0203644037246704,240.98922729492188,0.0001293967798119411,25.668596267700195,-1.17830491065979,0.10265523195266724,267.7369079589844,0.003137374296784401,59.07793045043945,-0.5641767978668213,1.4934121370315552,282.02288818359375,0.009784729219973087,96.2564697265625,2.507308006286621,0.8659667372703552,288.9227600097656,0.011852841824293137,89.63553619384766,4.080798680661246e-05,1.5822024579392746e-05,6.717731475830078,-0.3631063401699066,2.1308555603027344,4.080798680661246e-05,2.156511982320808e-05,79.80804443359375,4.185934543609619,0.5571976768147842,0.2297966251051735,8,9,9,ML_CTL_36_0008
CTL,36.0,929.0,8.0,6.0,16.105262756347656,342.5,-0.300705799504273,0.9537169507482269,-0.8660254037844385,-0.5000000000000004,-6.40723991394043,3.670572519302368,219.04345703125,7.576923235319555e-05,100.11968231201172,-3.345029830932617,3.751481533050537,242.7355499267578,0.0009232090669684112,113.36683654785156,-3.510817050933838,-0.7211880683898926,269.0949401855469,0.005501549690961838,97.92816925048828,-9.322303771972656,1.1226173639297485,280.55352783203125,0.00853518396615982,92.85356140136719,-7.877077579498291,-0.31092971563339233,291.70013427734375,0.012326608411967754,78.21153259277344,6.194203888298944e-05,7.812302646925673e-05,4.244146823883057,-6.092493534088135,1.5025107860565186,6.194203888298944e-05,7.812302646925673e-05,80.5603256225586,2.9254612922668457,0.6036421657840741,0.42066415662609535,9,1,13,ML_CTL_36_0009
CTL,36.0,930.0,8.0,12.0,16.105262756347656,342.5,-0.300705799504273,0.9537169507482269,-0.8660254037844385,-0.5000000000000004,-7.588677406311035,3.4301390647888184,219.1234893798828,7.564671977888793e-05,99.47488403320312,0.2183840423822403,7.869428634643555,242.35525512695312,0.0007028956897556782,89.29722595214844,0.7051358222961426,3.779860019683838,269.8370666503906,0.0060380748473107815,100.68785095214844,-4.5515522956848145,5.279619216918945,281.69232177734375,0.00849509984254837,85.43667602539062,-4.782006740570068,2.771118402481079,291.3208923339844,0.012765210121870041,82.88029479980469,6.161527562653646e-05,6.712510366924107e-05,2.8830034732818604,-3.1997432708740234,4.626032829284668,6.161527562653646e-05,7.399828609777614e-05,79.84269714355469,2.8830034732818604,0.613400349944849,0.4616281605922592,9,2,13,ML_CTL_36_0009
CTL,36.0,931.0,8.0,18.0,16.105262756347656,340.0,-0.3420201433256686,0.9396926207859084,-0.8660254037844385,-0.5000000000000004,-6.457213878631592,3.5957553386688232,219.364501953125,5.194683399167843e-05,67.01041412353516,-0.19700706005096436,6.171792030334473,242.66050720214844,0.0003477522695902735,45.52177429199219,-1.452824592590332,-1.802944540977478,270.1109313964844,0.0046586026437580585,72.2080307006836,-5.095551490783691,-1.929387092590332,281.5030517578125,0.008261206559836864,84.13526916503906,-4.951261520385742,-1.2289990186691284,290.9675598144531,0.012754775583744049,84.6925048828125,5.4106360039440915e-05,5.560139470617287e-05,5.054319381713867,-3.6307716369628906,0.9612433314323425,5.4106360039440915e-05,7.29775129002519e-05,77.61101531982422,3.5725579261779785,0.8678087434440558,1.8817215615003242,9,3,13,ML_CTL_36_0009
CTL,36.0,932.0,8.0,0.0,16.105262756347656,340.0,-0.3420201433256686,0.9396926207859084,-0.8660254037844385,-0.5000000000000004,-7.479804039001465,4.931962013244629,218.87921142578125,3.461762025835924e-05,47.11865234375,-0.2646926939487457,8.976134300231934,241.9159393310547,0.0003420841821935028,41.60572814941406,-0.09200108051300049,1.1179170608520508,269.8255920410156,0.004521497525274754,70.75090789794922,-3.4469332695007324,-0.16450989246368408,282.1800537109375,0.008071859367191792,78.49954986572266,-4.543522357940674,-1.1109033823013306,290.4605407714844,0.012854782864451408,88.10606384277344,5.2604802476707846e-05,4.5869954192312434e-05,6.718479633331299,-3.165390729904175,2.750119924545288,5.2604802476707846e-05,5.705978401238099e-05,77.89891815185547,2.837123394012451,0.8388633820423652,1.6497952950270771,9,4,13,ML_CTL_36_0009
CTL,36.0,933.0,8.0,6.0,16.105262756347656,340.0,-0.3420201433256686,0.9396926207859084,-0.8660254037844385,-0.5000000000000004,-11.030415534973145,5.556921005249023,218.3491973876953,2.4410073820035905e-05,34.84360122680664,-4.133916854858398,9.58637523651123,241.325927734375,0.00034412750392220914,42.248661041259766,-0.6091911196708679,2.5613181591033936,269.7942199707031,0.003861889475956559,60.94087600708008,-3.6517333984375,2.0108089447021484,282.9767761230469,0.00790245272219181,72.80681610107422,-5.060565948486328,0.4055265188217163,290.3814392089844,0.012675107456743717,87.32396697998047,5.334565503289923e-05,3.2008156267693266e-05,7.885173797607422,-4.897164344787598,4.0241899490356445,5.334565503289923e-05,4.236755194142461e-05,75.87712097167969,2.5377256870269775,0.7989894119460401,1.3799901104894117,9,5,13,ML_CTL_36_0009
CTL,36.0,934.0,8.0,12.0,16.105262756347656,340.0,-0.3420201433256686,0.9396926207859084,-0.8660254037844385,-0.5000000000000004,-16.122446060180664,6.957142353057861,218.215087890625,2.948801193269901e-05,43.57486343383789,-9.686094284057617,8.463067054748535,241.5582275390625,0.0002383020764682442,31.737855911254883,-3.1905810832977295,2.6588728427886963,270.0048522949219,0.0037245594430714846,58.256568908691406,-3.6669669151306152,4.8144612312316895,283.6545715332031,0.007958060130476952,70.04460144042969,-3.8170857429504395,3.2613914012908936,290.64105224609375,0.01245091762393713,84.35542297363281,5.133735612616874e-05,1.939027242769953e-05,12.84836483001709,-7.296634674072266,5.230986595153809,5.133735612616874e-05,3.527118678903207e-05,72.2332534790039,3.3955090045928955,0.6706622917300192,0.7111820260527519,9,6,13,ML_CTL_36_0009
CTL,36.0,935.0,8.0,18.0,16.105262756347656,337.5,-0.38268343236508956,0.9238795325112868,-0.8660254037844385,-0.5000000000000004,-13.86124324798584,10.145514488220215,218.16156005859375,4.1800758481258526e-05,63.19211196899414,-9.940279960632324,5.753542423248291,241.92320251464844,0.00023812758445274085,31.42333221435547,-5.450680255889893,-0.3104735314846039,269.3086853027344,0.0035623072180896997,58.40829086303711,-4.211973190307617,0.9652208089828491,283.4022216796875,0.008407022804021835,75.29386138916016,-5.002073287963867,-0.9476805329322815,290.6460266113281,0.012538209557533264,84.91848754882812,4.98338631587103e-05,2.766707075352315e-05,14.196614265441895,-7.693249702453613,3.121224880218506,4.98338631587103e-05,4.507287303567864e-05,73.9283447265625,3.5880091190338135,0.6900023243045819,0.8001301664486289,9,7,13,ML_CTL_36_0009
CTL,36.0,936.0,8.0,0.0,16.105262756347656,337.5,-0.38268343236508956,0.9238795325112868,-0.8660254037844385,-0.5000000000000004,-9.13007926940918,7.24979305267334,217.78628540039062,4.9243772082263604e-05,77.99580383300781,-11.437514305114746,3.8463644981384277,241.72015380859375,0.0002854930062312633,42.048248291015625,-8.7061185836792,3.4606759548187256,268.7114562988281,0.0038413654547184706,67.82608032226562,-3.947392463684082,2.0951883792877197,283.4726867675781,0.009101147763431072,81.21007537841797,-4.66630744934082,0.4118822515010834,290.8645324707031,0.012328759767115116,82.34296417236328,4.5210315875010565e-05,2.085917913063895e-05,8.165922164916992,-7.5774827003479,3.41278076171875,4.5210315875010565e-05,5.2045852498849854e-05,74.29641723632812,5.336373329162598,0.599650620331666,0.40400957112269076,9,8,13,ML_CTL_36_0009
CTL,36.0,937.0,8.0,6.0,16.105262756347656,337.5,-0.38268343236508956,0.9238795325112868,-0.8660254037844385,-0.5000000000000004,-4.685877799987793,3.1728007793426514,217.73155212402344,4.101066951989196e-05,65.84706115722656,-11.565166473388672,2.395271062850952,241.5674285888672,0.00024158276210073382,36.06419372558594,-10.79132080078125,5.874889850616455,268.14605712890625,0.003909780643880367,72.31177520751953,-5.440611839294434,2.1802210807800293,283.6830139160156,0.00941932201385498,82.9127426147461,-4.244531154632568,2.1121513843536377,291.13330078125,0.012183493003249168,80.01249694824219,4.0331226045964286e-05,1.9152195818605833e-05,1.148809790611267,-7.345501899719238,3.147066593170166,4.0331226045964286e-05,4.905761670670472e-05,72.29166412353516,1.148809790611267,0.6129193653375836,0.4596003566089182,9,9,13,ML_CTL_36_0009
CTL,36.0,938.0,8.0,12.0,16.105262756347656,335.0,-0.4226182617406992,0.90630778703665,-0.8660254037844385,-0.5000000000000004,-2.810378313064575,1.0506736040115356,218.06668090820312,3.060568997170776e-05,45.65458297729492,-9.979170799255371,1.369761347770691,241.5367431640625,0.000284568959614262,40.380393981933594,-6.723358631134033,3.17488431930542,268.6436767578125,0.0032786857336759567,58.71038818359375,-7.633640289306641,0.2512536644935608,283.7830810546875,0.009508773684501648,83.07830047607422,-5.1421942710876465,0.0468917191028595,290.7935485839844,0.012278899550437927,82.37635803222656,3.9165388443507254e-05,3.138666579616256e-05,2.538689374923706,-6.4577484130859375,1.1786929368972778,3.9165388443507254e-05,4.376056313049048e-05,73.43341827392578,2.4497671127319336,0.7149346301007867,0.9194725900466583,9,10,13,ML_CTL_36_0009
CTL,36.0,939.0,8.0,18.0,16.105262756347656,335.0,-0.4226182617406992,0.90630778703665,-0.8660254037844385,-0.5000000000000004,-2.9778964519500732,-0.1693943589925766,218.33282470703125,2.311368916707579e-05,33.71699523925781,-9.46963119506836,1.4027082920074463,241.66439819335938,0.00023194945242721587,31.54648208618164,-7.970898151397705,1.9157700538635254,268.17193603515625,0.003430682234466076,63.902034759521484,-8.345254898071289,1.660959005355835,283.8194274902344,0.009654652327299118,84.14717864990234,-3.6006126403808594,1.2408819198608398,291.1366882324219,0.01198908407241106,78.71295166015625,3.717454455909319e-05,3.378668043296784e-05,1.541640281677246,-6.4728593826293945,1.2101850509643555,3.717454455909319e-05,4.349951268523e-05,70.72051239013672,1.081050992012024,0.670516359950191,0.7105214001767555,9,11,13,ML_CTL_36_0009
CTL,36.0,940.0,8.0,0.0,16.105262756347656,332.5,-0.46174861323503363,0.8870108331782218,-0.8660254037844385,-0.5000000000000004,-2.5232059955596924,-0.714000940322876,218.56512451171875,1.741195228532888e-05,24.065515518188477,-6.9170002937316895,1.5252747535705566,241.32247924804688,0.0002555711253080517,34.37887954711914,-7.247039794921875,-0.21685081720352173,267.9958801269531,0.0031632245518267155,59.10133361816406,-8.43897819519043,0.5508381724357605,283.63311767578125,0.009529887698590755,84.08543395996094,-5.114382266998291,-1.1231689453125,290.5574645996094,0.01230532769113779,83.84217834472656,3.2868265407159925e-05,3.42256753356196e-05,2.6232829093933105,-6.048121452331543,0.004418444819748402,3.2868265407159925e-05,4.1610612242948264e-05,71.77230072021484,0.45488110184669495,0.6462545213465499,0.6026157543949866,9,12,13,ML_CTL_36_0009
CTL,36.0,941.0,8.0,6.0,16.105262756347656,332.5,-0.46174861323503363,0.8870108331782218,-0.8660254037844385,-0.5000000000000004,-2.506775140762329,1.2380034923553467,218.3448028564453,1.762086321832612e-05,25.38177490234375,-5.256393909454346,3.238776922225952,241.13876342773438,0.0003144658403471112,41.11907196044922,-8.058274269104004,1.5202094316482544,267.7847595214844,0.0032160268165171146,61.40235137939453,-9.081677436828613,1.5495678186416626,283.60345458984375,0.009467612020671368,83.69794464111328,-5.4289045333862305,0.02765316516160965,290.66436767578125,0.01219257339835167,82.5652084350586,2.8724463845719583e-05,3.392723738215864e-05,3.162876605987549,-6.066405296325684,1.51484215259552,2.8724463845719583e-05,3.4142831282224506e-05,70.18923950195312,3.162876605987549,0.6122182195270347,0.4566460268681807,9,13,13,ML_CTL_36_0009
CTL,36.0,965.0,8.0,6.0,14.210526466369629,345.0,-0.2588190451025207,0.9659258262890683,-0.8660254037844385,-0.5000000000000004,-4.326242923736572,-0.5469374060630798,219.5880126953125,8.115533273667097e-05,99.50777435302734,2.4013559818267822,4.691178798675537,244.42410278320312,0.0009512672550044954,99.90742492675781,-4.0347442626953125,5.24976110458374,268.5711364746094,0.0047399140894412994,86.94650268554688,-4.323991298675537,0.1875326782464981,282.2276916503906,0.009670876897871494,93.451416015625,0.7356899976730347,-1.7846544981002808,292.9637756347656,0.014683709479868412,86.08950805664062,7.33666165615432e-05,6.105450302129611e-05,5.211056709289551,-1.9095865488052368,1.5593761205673218,7.33666165615432e-05,6.105450302129611e-05,88.00381469726562,5.211056709289551,0.5510028297547711,0.2047233594375797,10,1,23,ML_CTL_36_0010
CTL,36.0,966.0,8.0,12.0,14.210526466369629,345.0,-0.2588190451025207,0.9659258262890683,-0.8660254037844385,-0.5000000000000004,-2.5045206546783447,-0.07467369735240936,220.84259033203125,9.626574319554493e-05,100.57996368408203,2.9022345542907715,5.46244478225708,244.9772491455078,0.0009792003547772765,99.04329681396484,1.6604890823364258,7.7139573097229,269.7032775878906,0.004451842047274113,74.58956909179688,-0.49799737334251404,3.680558204650879,282.054931640625,0.009622580371797085,94.04700469970703,4.115508079528809,1.811427354812622,292.0166931152344,0.014835085719823837,92.2230453491211,7.431471749441698e-05,5.61940178158693e-05,6.883469581604004,1.1351426839828491,3.718743085861206,7.431471749441698e-05,7.304688915610313e-05,87.838623046875,4.326329231262207,0.55138021635236,0.20624889702800298,10,2,23,ML_CTL_36_0010
CTL,36.0,968.0,8.0,0.0,16.105262756347656,345.0,-0.2588190451025207,0.9659258262890683,-0.8660254037844385,-0.5000000000000004,-6.685111999511719,2.5367486476898193,219.3053436279297,7.85764932516031e-05,100.01952362060547,-0.9525262713432312,3.9398746490478516,243.23655700683594,0.0009692514431662858,111.72681427001953,0.13335739076137543,6.892439365386963,269.6093444824219,0.005656309891492128,96.86674499511719,-4.2088704109191895,4.157512187957764,282.01739501953125,0.009101911447942257,89.33992004394531,-2.7729835510253906,4.240929126739502,292.5545349121094,0.014001823961734772,84.11772155761719,8.114487718557939e-05,7.669466140214354e-05,4.267198085784912,-2.8972268104553223,4.353500843048096,8.114487718557939e-05,7.970222941366956e-05,88.94900512695312,4.267198085784912,0.5560753276456233,0.22524887527146986,10,3,23,ML_CTL_36_0010
CTL,36.0,969.0,8.0,6.0,16.105262756347656,342.5,-0.300705799504273,0.9537169507482269,-0.8660254037844385,-0.5000000000000004,-5.894159317016602,2.438667058944702,219.02883911132812,7.948069833219051e-05,104.84402465820312,-1.5947015285491943,2.675711154937744,244.33506774902344,0.0010774744441732764,109.73026275634766,-0.5197113156318665,3.4546542167663574,269.44158935546875,0.0053491671569645405,93.19309997558594,-3.9775431156158447,0.7810813188552856,280.87042236328125,0.008853556588292122,94.15083312988281,-3.5322232246398926,-0.7524686455726624,292.9075012207031,0.01399108488112688,82.18458557128906,8.628163777757436e-05,9.291437163483351e-05,3.9701497554779053,-3.103667736053467,1.7195289134979248,8.628163777757436e-05,9.291437163483351e-05,88.85818481445312,3.9701497554779053,0.6366083140400356,0.5606732976126398,10,4,23,ML_CTL_36_0010
CTL,36.0,970.0,8.0,12.0,16.105262756347656,342.5,-0.300705799504273,0.9537169507482269,-0.8660254037844385,-0.5000000000000004,-4.867744445800781,3.1355884075164795,220.35324096679688,9.077863796846941e-05,100.4878921508789,2.680284023284912,3.636566162109375,245.58164978027344,0.0012298596557229757,111.6743392944336,6.202700138092041,9.775914192199707,269.7513427734375,0.0053008561953902245,90.38554382324219,1.7881437540054321,5.669956207275391,280.64794921875,0.008897142484784126,95.9428939819336,1.3329782485961914,4.336492538452148,292.1788024902344,0.014351822435855865,88.26737976074219,9.240439248969778e-05,9.412595682078972e-05,6.315942764282227,1.4272723197937012,5.310903549194336,9.240439248969778e-05,9.505524212727323e-05,88.68616485595703,5.903778553009033,0.6046711136606113,0.42496665432881775,10,5,23,ML_CTL_36_0010
CTL,36.0,971.0,8.0,18.0,18.0,342.5,-0.300705799504273,0.9537169507482269,-0.8660254037844385,-0.5000000000000004,-6.0731940269470215,7.166472434997559,221.1089630126953,9.934725676430389e-05,99.9474868774414,-4.478582382202148,2.8649697303771973,245.72015380859375,0.0012787273153662682,116.37718963623047,-0.8836402297019958,4.167250156402588,269.77545166015625,0.0053952415473759174,91.76073455810547,-3.780820369720459,4.864803314208984,280.62615966796875,0.009105559438467026,98.40357971191406,-5.467020511627197,4.08802604675293,291.5672912597656,0.01422935351729393,90.97074127197266,9.434076491743326e-05,0.00011332898429827765,3.137559413909912,-4.136651515960693,4.630304336547852,9.434076491743326e-05,0.00011332898429827765,86.41699981689453,3.137559413909912,0.6465200249576848,0.6037773361005683,10,6,23,ML_CTL_36_0010
CTL,36.0,972.0,9.0,0.0,18.0,342.5,-0.300705799504273,0.9537169507482269,-1.0,-1.8369701987210297e-16,-5.448409557342529,4.443276882171631,220.91067504882812,9.675235924078152e-05,100.01655578613281,1.6177396774291992,7.031005859375,244.61456298828125,0.0011504457797855139,116.84599304199219,6.509880542755127,11.857812881469727,269.7966003417969,0.00561327813193202,94.83783721923828,1.2549803256988525,10.632621765136719,280.62060546875,0.008686223067343235,93.85301208496094,0.2658979594707489,9.762660026550293,291.48828125,0.014187101274728775,91.14063262939453,9.530709940008819e-05,0.0001035637324093841,7.80699348449707,0.8400177955627441,8.745475769042969,9.530709940008819e-05,0.0001035637324093841,86.21678924560547,6.803240776062012,0.5813274855264251,0.32822523049519914,10,7,23,ML_CTL_36_0010
CTL,36.0,973.0,9.0,6.0,19.894737243652344,342.5,-0.300705799504273,0.9537169507482269,-1.0,-1.8369701987210297e-16,-5.313817024230957,4.0853166580200195,220.06350708007812,8.647543290862814e-05,99.86831665039062,-1.541361927986145,6.569309234619141,244.5636749267578,0.0010946426773443818,110.02774810791016,2.767659902572632,13.350902557373047,270.02069091796875,0.005914321634918451,97.99867248535156,-2.319455146789551,15.206826210021973,280.9379577636719,0.009051620960235596,95.7239761352539,-3.5414249897003174,13.22674560546875,291.2563781738281,0.013945785351097584,90.91893005371094,9.386510646436363e-05,9.296711505157873e-05,9.311664581298828,-1.9896796941757202,10.48781967163086,9.386510646436363e-05,9.296711505157873e-05,84.38671875,8.915863037109375,0.5966257685319677,0.391425318341613,10,8,23,ML_CTL_36_0010
CTL,36.0,974.0,9.0,12.0,19.894737243652344,340.0,-0.3420201433256686,0.9396926207859084,-1.0,-1.8369701987210297e-16,-7.129011631011963,5.118112087249756,220.06167602539062,8.607684867456555e-05,99.70179748535156,-2.5706677436828613,2.844285726547241,244.28042602539062,0.001050183898769319,108.6963882446289,7.814651966094971,4.333772659301758,270.6416931152344,0.006135448347777128,96.06499481201172,3.2780873775482178,2.517228126525879,281.680419921875,0.008418019860982895,84.61898040771484,0.46333763003349304,2.208557367324829,291.4645080566406,0.013096860609948635,84.26029205322266,8.890005119610578e-05,7.677263056393713e-05,8.13076114654541,0.3712795376777649,3.404391050338745,8.890005119610578e-05,9.079460141947493e-05,77.62511444091797,8.13076114654541,0.6413343775949327,0.581160430283397,10,9,23,ML_CTL_36_0010
CTL,36.0,975.0,9.0,18.0,21.789474487304688,340.0,-0.3420201433256686,0.9396926207859084,-1.0,-1.8369701987210297e-16,-5.5892157554626465,8.255590438842773,220.0607147216797,7.339978765230626e-05,84.11947631835938,-0.024359771981835365,6.637235164642334,243.8274688720703,0.000981446704827249,107.0500259399414,7.833703994750977,1.94717538356781,270.44580078125,0.005635836627334356,87.50753021240234,1.3816989660263062,0.027812225744128227,282.21368408203125,0.008277627639472485,80.27941131591797,-0.5728201866149902,1.4281444549560547,291.3514709472656,0.013247025199234486,85.82966613769531,9.070441592484713e-05,7.315810216823593e-05,8.472204208374023,0.6058014631271362,3.659191846847534,9.070441592484713e-05,9.401669376529753e-05,76.71150207519531,6.949192523956299,0.7697198285640612,1.206729885352595,10,10,23,ML_CTL_36_0010
CTL,36.0,976.0,9.0,0.0,23.6842098236084,340.0,-0.3420201433256686,0.9396926207859084,-1.0,-1.8369701987210297e-16,-0.2438954859972,12.103718757629395,220.17718505859375,5.511944254976697e-05,62.904022216796875,3.300037384033203,9.937827110290527,243.1304168701172,0.0006469080108217895,77.63504028320312,5.915713787078857,0.5997325778007507,269.7921142578125,0.004671804141253233,73.48089599609375,-2.0777390003204346,-0.6084059476852417,282.1666564941406,0.008294666185975075,80.7439956665039,-3.6102724075317383,0.5523439049720764,290.8039855957031,0.01362965814769268,91.39961242675781,8.867293945513666e-05,6.28438574494794e-05,12.031905174255371,0.656768798828125,4.517043113708496,8.867293945513666e-05,8.507425081916153e-05,76.7685775756836,10.070122718811035,0.917351697391045,2.4068966421835984,10,11,23,ML_CTL_36_0010
CTL,36.0,977.0,9.0,6.0,23.6842098236084,340.0,-0.3420201433256686,0.9396926207859084,-1.0,-1.8369701987210297e-16,1.0088955163955688,13.75075912475586,220.15118408203125,2.5659113816800527e-05,29.424076080322266,8.000040054321289,13.832720756530762,242.4417724609375,0.0004463032237254083,55.530555725097656,8.27721118927002,2.8505935668945312,270.7767333984375,0.001341278082691133,19.136262893676758,3.462465763092041,2.2318451404571533,283.6551513671875,0.007968241348862648,70.07206726074219,1.188272476196289,1.383592963218689,290.8253479003906,0.013244383968412876,88.6795425415039,8.185276237782091e-05,3.426007606321946e-05,12.368467330932617,4.3873772621154785,6.809903144836426,8.185276237782091e-05,6.881893932586536e-05,73.6532974243164,9.72446060180664,0.9168489052291066,2.4002833161690926,10,12,23,ML_CTL_36_0010
CTL,36.0,978.0,9.0,12.0,25.578947067260742,340.0,-0.3420201433256686,0.9396926207859084,-1.0,-1.8369701987210297e-16,6.825334072113037,17.659984588623047,220.3155517578125,1.907929799926933e-05,21.88494300842285,12.416028022766113,15.559529304504395,242.89678955078125,0.00023802058422006667,28.753570556640625,7.255169868469238,5.110896587371826,270.5681457519531,0.0017185008618980646,24.8647518157959,2.2284228801727295,1.7635159492492676,283.6520080566406,0.008256247267127037,72.63813018798828,-1.496264100074768,2.0185933113098145,290.77825927734375,0.013543282635509968,90.97068786621094,8.214642730308697e-05,2.7996940843877383e-05,17.717283248901367,5.445738315582275,8.422503471374512,8.214642730308697e-05,5.6062955991365016e-05,75.18438720703125,4.58750581741333,0.9354735710833822,2.6739780036795473,10,13,23,ML_CTL_36_0010
CTL,36.0,979.0,9.0,18.0,27.473684310913086,340.0,-0.3420201433256686,0.9396926207859084,-1.0,-1.8369701987210297e-16,14.421342849731445,20.307111740112305,220.0738525390625,1.7273505363846198e-05,20.475740432739258,17.144163131713867,17.742244720458984,243.17372131347656,0.00010102313535753638,12.956377029418945,7.082763195037842,5.41676139831543,269.70892333984375,0.0022516141179949045,33.27479553222656,-0.8060033321380615,-0.3046698272228241,282.68280029296875,0.008246757090091705,77.48371124267578,-4.418277740478516,0.31778281927108765,290.5135498046875,0.013133120723068714,89.73457336425781,7.543282845290378e-05,3.250944064348005e-05,27.468246459960938,6.684797763824463,8.695846557617188,7.543282845290378e-05,5.2658167987829074e-05,77.75862121582031,2.5129058361053467,0.8916238897239973,2.10743671556039,10,14,23,ML_CTL_36_0010
CTL,36.0,980.0,9.0,0.0,27.473684310913086,340.0,-0.3420201433256686,0.9396926207859084,-1.0,-1.8369701987210297e-16,14.81425666809082,19.309669494628906,219.33738708496094,1.7619413483771496e-05,22.551145553588867,18.14188003540039,18.165254592895508,243.05859375,7.533454481745139e-05,9.482197761535645,8.419018745422363,5.453417778015137,269.84844970703125,0.00043697436922229826,6.7092156410217285,1.5019910335540771,1.282045841217041,283.70098876953125,0.008419784717261791,73.85459899902344,-1.3731788396835327,0.40834110975265503,290.39398193359375,0.0128940399736166,88.76758575439453,7.238595571834594e-05,2.7403906642575748e-05,24.885604858398438,8.300793647766113,8.923746109008789,7.238595571834594e-05,5.263720595394261e-05,75.63479614257812,4.483551979064941,0.8753697638708149,1.9492951418955773,10,15,23,ML_CTL_36_0010
CTL,36.0,981.0,9.0,6.0,29.36842155456543,340.0,-0.3420201433256686,0.9396926207859084,-1.0,-1.8369701987210297e-16,19.930126190185547,17.2198486328125,219.46450805664062,1.821764999476727e-05,22.894258499145508,21.30146026611328,17.185302734375,242.33062744140625,6.540728645632043e-05,8.99782657623291,4.373730659484863,6.470251560211182,267.47601318359375,0.0020722215995192528,37.325191497802734,-0.9397393465042114,2.218334674835205,282.6403503417969,0.00832812674343586,78.48406982421875,-4.623900413513184,0.1144622191786766,289.9536437988281,0.012886087410151958,91.24932861328125,6.461339944507927e-05,4.084326428710483e-05,29.924814224243164,8.00833511352539,8.641640663146973,6.461339944507927e-05,4.7987203288357705e-05,79.20934295654297,3.2688357830047607,0.8693377632251109,1.89511608178519,10,16,23,ML_CTL_36_0010
CTL,36.0,982.0,9.0,12.0,29.36842155456543,340.0,-0.3420201433256686,0.9396926207859084,-1.0,-1.8369701987210297e-16,17.191064834594727,14.605704307556152,219.40760803222656,1.840284858189989e-05,23.04837417602539,20.256662368774414,14.2435941696167,242.21478271484375,6.388207839336246e-05,9.257835388183594,7.323726654052734,8.24172592163086,268.3192443847656,0.0010393045376986265,17.796789169311523,2.291585683822632,3.2057175636291504,283.6214294433594,0.008564758114516735,75.5438461303711,-1.7172683477401733,0.5553241968154907,290.32830810546875,0.012744491919875145,88.11039733886719,6.478597788373008e-05,3.285022467025556e-05,23.557126998901367,9.069153785705566,8.170413970947266,6.478597788373008e-05,4.6577864850405604e-05,73.11549377441406,2.6116602420806885,0.9076345006742544,2.285088240264341,10,17,23,ML_CTL_36_0010
CTL,36.0,983.0,9.0,18.0,29.36842155456543,340.0,-0.3420201433256686,0.9396926207859084,-1.0,-1.8369701987210297e-16,15.678147315979004,14.495244979858398,219.31529235839844,2.6172145226155408e-05,34.219520568847656,19.737045288085938,12.134818077087402,241.82858276367188,6.622083310503513e-05,10.391315460205078,10.399820327758789,6.955967903137207,268.87115478515625,0.0006751582259312272,11.113340377807617,3.485797643661499,1.7215697765350342,283.8122863769531,0.00891281757503748,77.67608642578125,0.3602597713470459,0.11679106205701828,290.5597839355469,0.012458786368370056,84.85897827148438,6.010012293700129e-05,2.5789104256546125e-05,21.008989334106445,9.93221378326416,7.084877967834473,6.010012293700129e-05,5.3973650210537016e-05,65.14933776855469,2.2437825202941895,0.9230566508770752,2.484621184119181,10,18,23,ML_CTL_36_0010
CTL,36.0,984.0,9.0,0.0,31.263158798217773,340.0,-0.3420201433256686,0.9396926207859084,-1.0,-1.8369701987210297e-16,21.235441207885742,15.816752433776855,219.57742309570312,1.6630110621917993e-05,21.02033042907715,22.618776321411133,12.086130142211914,240.92543029785156,5.752493962063454e-05,9.549449920654297,7.937143802642822,4.705000877380371,267.69097900390625,0.0020457867067307234,35.580116271972656,-0.6401339769363403,0.30723151564598083,282.6169738769531,0.008343454450368881,78.7878646850586,-2.99411940574646,-0.21137464046478271,289.31854248046875,0.013218197971582413,97.49443054199219,5.857794894836843e-05,3.856887997244485e-05,29.051204681396484,9.63142204284668,6.54074764251709,5.857794894836843e-05,4.997901851311326e-05,64.48692321777344,7.298517227172852,0.9084478494170192,2.2948287215881686,10,19,23,ML_CTL_36_0010
CTL,36.0,985.0,9.0,6.0,31.263158798217773,340.0,-0.3420201433256686,0.9396926207859084,-1.0,-1.8369701987210297e-16,22.353609085083008,12.76318359375,219.5380401611328,2.054011565633118e-05,26.468170166015625,23.007949829101562,11.257311820983887,240.45411682128906,5.577989577432163e-05,9.48868465423584,8.936205863952637,4.574962615966797,267.84710693359375,0.001204211381264031,22.178823471069336,0.989683985710144,1.5716009140014648,283.0197448730469,0.007978125475347042,73.2748794555664,-0.8127758502960205,-0.5386776328086853,289.6112976074219,0.012798755429685116,92.63847351074219,5.569189670495689e-05,3.202858715667389e-05,26.71368408203125,10.89493465423584,5.9256768226623535,5.569189670495689e-05,4.3825570173794404e-05,59.02446746826172,6.0805768966674805,0.9299708447311179,2.586241576727517,10,20,23,ML_CTL_36_0010
CTL,36.0,988.0,9.0,0.0,33.157894134521484,342.5,-0.300705799504273,0.9537169507482269,-1.0,-1.8369701987210297e-16,27.528697967529297,5.517979621887207,219.94114685058594,1.1679053386615124e-05,13.573175430297852,29.3901424407959,5.721034526824951,239.4759063720703,6.582638889085501e-05,12.592207908630371,12.3895845413208,3.708498239517212,267.1780700683594,0.001206359127536416,22.444475173950195,2.727293014526367,2.653428554534912,282.6556396484375,0.00697032455354929,65.6169204711914,-0.2845346927642822,2.518127679824829,289.3159484863281,0.012263123877346516,90.38570404052734,4.550654921331443e-05,2.086005588353146e-05,27.97454261779785,14.350236892700195,4.023813724517822,4.550654921331443e-05,4.103728861082345e-05,60.67243957519531,10.98595905303955,0.8230851215334617,1.5373909194006017,10,21,23,ML_CTL_36_0010
CTL,36.0,989.0,9.0,6.0,33.157894134521484,342.5,-0.300705799504273,0.9537169507482269,-1.0,-1.8369701987210297e-16,28.50417137145996,4.524933338165283,219.5735626220703,1.1642279787338339e-05,13.945029258728027,31.414514541625977,4.82498025894165,239.18881225585938,8.661283936817199e-05,16.498382568359375,12.808887481689453,2.7811501026153564,267.20220947265625,0.0005008490406908095,9.743919372558594,3.035996913909912,2.2700209617614746,282.48333740234375,0.007807821035385132,74.42770385742188,-0.09388650208711624,0.911078691482544,289.6287841796875,0.011747239157557487,84.87040710449219,4.275653918739408e-05,2.024958303081803e-05,28.825490951538086,15.133935928344727,3.0624327659606934,4.275653918739408e-05,4.1768736991798505e-05,58.29291915893555,10.161745071411133,0.8005339985846254,1.3896352003844492,10,22,23,ML_CTL_36_0010
CTL,36.0,990.0,9.0,12.0,33.157894134521484,342.5,-0.300705799504273,0.9537169507482269,-1.0,-1.8369701987210297e-16,28.70598602294922,4.396100044250488,219.30760192871094,1.2704542314168066e-05,15.666075706481934,32.25285339355469,3.880542755126953,238.92044067382812,0.00012022723240079358,21.63326644897461,14.138409614562988,2.369814872741699,267.37115478515625,0.0003075824643019587,6.114814758300781,4.624690532684326,0.7818254232406616,282.56414794921875,0.007971502840518951,75.57046508789062,0.39480918645858765,-0.743821918964386,289.9127502441406,0.01164753083139658,82.64765930175781,4.04826168960426e-05,2.066043634840753e-05,28.77397346496582,16.02334976196289,2.136892080307007,4.04826168960426e-05,4.4621778215514496e-05,53.651588439941406,8.156463623046875,0.8130800250845773,1.4701489529093834,10,23,23,ML_CTL_36_0010
CTL,36.0,969.0,8.0,6.0,14.210526466369629,317.5,-0.6755902076156605,0.7372773368101239,-0.8660254037844385,-0.5000000000000004,-7.466928482055664,3.3819098472595215,217.56556701660156,5.341279393178411e-05,84.286376953125,-12.64482593536377,3.1480352878570557,241.1428680419922,0.0006918885046616197,102.15697479248047,-12.993659973144531,3.1483917236328125,267.81463623046875,0.005136521067470312,100.59814453125,-7.709536075592041,2.1158783435821533,280.0379943847656,0.00646955007687211,72.875244140625,-3.318479299545288,1.9535677433013916,289.1115417480469,0.010554210282862186,78.81375122070312,2.82798118860228e-05,4.441694909473881e-05,4.387458324432373,-8.826685905456543,2.749556541442871,2.82798118860228e-05,5.148914715391584e-05,66.50028228759766,3.157139301300049,0.7001849408691475,0.8481786863931573,11,1,10,ML_CTL_36_0011
CTL,36.0,970.0,8.0,12.0,14.210526466369629,315.0,-0.7071067811865477,0.7071067811865474,-0.8660254037844385,-0.5000000000000004,-9.375211715698242,3.965003490447998,217.56393432617188,4.256103784427978e-05,66.97554779052734,-12.170186996459961,3.4684622287750244,241.4385223388672,0.0006278662476688623,88.18795776367188,-11.543951988220215,1.3174974918365479,268.0076904296875,0.005278103519231081,101.76961517333984,-7.116210460662842,1.1967641115188599,280.32952880859375,0.007063285913318396,78.04173278808594,-2.8308115005493164,1.58647882938385,288.7889709472656,0.010524099692702293,80.15731811523438,3.069196827709675e-05,4.3065134377684444e-05,6.963228702545166,-8.607275009155273,2.3068413734436035,3.069196827709675e-05,4.7657842515036464e-05,67.52342987060547,1.626326084136963,0.85468730477269,1.771847737350312,11,2,10,ML_CTL_36_0011
CTL,36.0,971.0,8.0,18.0,14.210526466369629,315.0,-0.7071067811865477,0.7071067811865474,-0.8660254037844385,-0.5000000000000004,-7.687166690826416,5.214112758636475,217.6315155029297,4.112249007448554e-05,64.00494384765625,-10.051373481750488,3.962010622024536,241.47174072265625,0.0007024458609521389,95.39895629882812,-12.044819831848145,2.433358669281006,268.4197998046875,0.005471040494740009,102.13865661621094,-7.827886581420898,2.366262674331665,279.13018798828125,0.007410866674035788,89.00312805175781,-2.9105031490325928,1.5138386487960815,288.9510498046875,0.010455313138663769,78.94154357910156,3.2024920074036345e-05,4.326824637246318e-05,6.042230129241943,-8.104349136352539,3.097916603088379,3.2024920074036345e-05,5.496005906024948e-05,71.07769012451172,2.423008918762207,0.8576512844455801,1.795917797956367,11,3,10,ML_CTL_36_0011
CTL,36.0,972.0,9.0,0.0,14.210526466369629,312.5,-0.7372773368101242,0.6755902076156601,-1.0,-1.8369701987210297e-16,-7.358000755310059,7.441263198852539,217.59825134277344,5.717037129215896e-05,91.57319641113281,-10.50995922088623,2.383472442626953,241.30223083496094,0.0007756081758998334,107.50740051269531,-11.689499855041504,-0.07081951200962067,268.17559814453125,0.0053310091607272625,101.29631042480469,-7.341848850250244,-0.19598142802715302,279.7476806640625,0.00845460593700409,97.2281265258789,-3.9631848335266113,0.23640771210193634,288.4752502441406,0.00985308550298214,76.71098327636719,3.22640516969841e-05,4.702176738646813e-05,7.9645915031433105,-8.17249870300293,1.958868384361267,3.22640516969841e-05,5.482618871610612e-05,73.8031997680664,1.7514952421188354,0.6783521161082579,0.7462090795001224,11,4,10,ML_CTL_36_0011
CTL,36.0,973.0,9.0,6.0,14.210526466369629,312.5,-0.7372773368101242,0.6755902076156601,-1.0,-1.8369701987210297e-16,-4.194578170776367,3.3935492038726807,217.53709411621094,6.179579213494435e-05,99.46705627441406,-9.578655242919922,2.23604679107666,241.0339813232422,0.000776785658672452,111.67118835449219,-11.446002960205078,3.2971301078796387,268.2081604003906,0.005344742443412542,101.39300537109375,-9.153010368347168,2.782937526702881,279.5228576660156,0.008291049860417843,96.80696105957031,-4.868709564208984,2.2691879272460938,287.721923828125,0.01023564487695694,83.88239288330078,3.1450505048269406e-05,4.91222926939372e-05,1.310969591140747,-7.848191261291504,2.7957701683044434,3.1450505048269406e-05,5.606082777376287e-05,75.00602722167969,1.310969591140747,0.6360891596688428,0.5584298481853871,11,5,10,ML_CTL_36_0011
CTL,36.0,974.0,9.0,12.0,14.210526466369629,310.0,-0.7660444431189781,0.6427876096865393,-1.0,-1.8369701987210297e-16,-5.853030681610107,2.386971950531006,217.47210693359375,6.160047632874921e-05,99.91156005859375,-9.983349800109863,0.8196941018104553,241.12692260742188,0.0007665925077162683,108.2215347290039,-9.070308685302734,1.3101657629013062,268.41778564453125,0.0054334490559995174,101.39625549316406,-5.67348051071167,1.292440414428711,280.35382080078125,0.008695860393345356,95.92730712890625,-3.400543212890625,2.6576077938079834,287.8706359863281,0.010124338790774345,82.09375,3.05587709590327e-05,4.649827678804286e-05,2.467374801635742,-6.796142578125,1.6933759450912476,3.05587709590327e-05,4.649827678804286e-05,78.2686996459961,2.467374801635742,0.6063723539614686,0.432088841225458,11,6,10,ML_CTL_36_0011
CTL,36.0,975.0,9.0,18.0,16.105262756347656,307.5,-0.7933533402912352,0.6087614290087205,-1.0,-1.8369701987210297e-16,-3.026334285736084,3.981607437133789,217.5717315673828,4.465083475224674e-05,73.22457122802734,-8.646851539611816,2.066159725189209,241.04164123535156,0.00026990994228981435,41.03306579589844,-11.18594741821289,0.8984826803207397,267.673095703125,0.005108031909912825,100.9765396118164,-8.625321388244629,-0.47584789991378784,281.68310546875,0.009941480122506618,100.07342529296875,-7.810421466827393,1.2773160934448242,289.1190185546875,0.009753824211657047,72.86792755126953,2.753612534434069e-05,2.3360302293440327e-05,5.495514869689941,-7.858975410461426,1.5495436191558838,2.753612534434069e-05,5.088778198114596e-05,74.82180786132812,3.892699718475342,0.6416368748964025,0.5824757399813261,11,7,10,ML_CTL_36_0011
CTL,36.0,976.0,9.0,0.0,16.105262756347656,307.5,-0.7933533402912352,0.6087614290087205,-1.0,-1.8369701987210297e-16,-2.9566102027893066,3.824450731277466,217.28582763671875,4.381499456940219e-05,74.15311431884766,-7.365781784057617,2.632101058959961,240.79600524902344,0.0003433413221500814,52.73540115356445,-11.157160758972168,0.8452923893928528,267.6304016113281,0.005110945552587509,101.43546295166016,-10.313840866088867,0.5777168869972229,281.5289611816406,0.009880955331027508,100.4876937866211,-8.721624374389648,1.8211214542388916,288.5442810058594,0.00999180506914854,77.63434600830078,2.979847340611741e-05,3.486312925815582e-05,6.103172779083252,-8.10300350189209,1.9401365518569946,2.979847340611741e-05,4.9898753786692396e-05,77.77864074707031,2.4006271362304688,0.740484968369087,1.0484907079145076,11,8,10,ML_CTL_36_0011
CTL,36.0,977.0,9.0,6.0,16.105262756347656,305.0,-0.8191520442889918,0.573576436351046,-1.0,-1.8369701987210297e-16,-1.1376820802688599,4.074410915374756,217.4156951904297,3.483036198304035e-05,56.75263977050781,-4.726975917816162,1.9832245111465454,240.81788635253906,0.00028018528246320784,41.962799072265625,-8.50344467163086,-0.7926690578460693,267.135009765625,0.004867194220423698,100.50264739990234,-8.79289722442627,-0.36411339044570923,282.30316162109375,0.010410134680569172,100.47062683105469,-8.432241439819336,1.6453654766082764,288.5072021484375,0.010072125121951103,78.41706085205078,2.96624239126686e-05,2.466174009896349e-05,7.688358783721924,-6.318648338317871,1.3092435598373413,2.96624239126686e-05,4.8926744057098404e-05,80.86888885498047,1.607096791267395,0.6718245460447669,0.7164488282770161,11,9,10,ML_CTL_36_0011
CTL,36.0,978.0,9.0,12.0,16.105262756347656,305.0,-0.8191520442889918,0.573576436351046,-1.0,-1.8369701987210297e-16,-0.9293137192726135,3.002197265625,217.45018005371094,3.250846202718094e-05,52.05894088745117,-5.14480447769165,0.9083645343780518,240.5909881591797,0.0004002437344752252,59.82381820678711,-6.988613605499268,0.2088029980659485,267.60247802734375,0.004991262219846249,99.58515930175781,-6.729312896728516,3.0299277305603027,281.9801025390625,0.0102118831127882,100.73709869384766,-6.45074462890625,4.812089443206787,288.11456298828125,0.010423150844871998,83.34750366210938,2.9678294595214538e-05,3.3607109799049795e-05,5.810500144958496,-5.248558044433594,2.3922762870788574,2.9678294595214538e-05,4.271709258318879e-05,82.29463958740234,1.5123295783996582,0.7744331435933475,1.2335147383681315,11,10,10,ML_CTL_36_0011
CTL,36.0,990.0,9.0,12.0,23.6842098236084,300.0,-0.8660254037844386,0.5000000000000001,-1.0,-1.8369701987210297e-16,3.2652056217193604,4.329555988311768,217.9804229736328,6.630153075093403e-05,100.66950225830078,2.097278118133545,-0.08583616465330124,241.75856018066406,0.0008497570524923503,113.57778930664062,4.47108268737793,0.5493939518928528,268.5157775878906,0.005067180842161179,94.62786865234375,1.2869417667388916,2.6821773052215576,281.1894836425781,0.009491576813161373,98.8221664428711,-2.075409412384033,3.3787126541137695,288.3079528808594,0.012416603974997997,97.8128890991211,5.483959103003144e-05,4.468756014830433e-05,5.4245991706848145,1.8090198040008545,2.1708006858825684,5.483959103003144e-05,4.847961099585518e-05,81.75646209716797,5.4245991706848145,0.6133290200143309,0.461327378819429,12,1,19,ML_CTL_36_0012
CTL,36.0,991.0,9.0,18.0,23.6842098236084,300.0,-0.8660254037844386,0.5000000000000001,-1.0,-1.8369701987210297e-16,1.085078239440918,4.956515312194824,217.7724609375,6.432045483961701e-05,99.91104888916016,2.1906521320343018,-0.5427801012992859,242.07833862304688,0.0008789101266302168,113.0312271118164,5.278757572174072,-1.591135025024414,268.5602722167969,0.005148307885974646,95.78697204589844,2.8765602111816406,1.149899959564209,281.044921875,0.009202827699482441,96.73513793945312,0.6699857115745544,2.180177927017212,288.7859802246094,0.01247425191104412,95.2658920288086,6.293502519838512e-05,4.953167444909923e-05,2.8071963787078857,2.4202067852020264,1.2305357456207275,6.293502519838512e-05,5.5545009672641754e-05,79.82691192626953,2.8071963787078857,0.679490697468171,0.7514322422374373,12,2,19,ML_CTL_36_0012
CTL,36.0,992.0,9.0,0.0,23.6842098236084,300.0,-0.8660254037844386,0.5000000000000001,-1.0,-1.8369701987210297e-16,2.4599740505218506,6.103100299835205,217.27642822265625,5.963073635939509e-05,98.7365951538086,3.099086046218872,0.11759435385465622,241.3213348388672,0.0008087105816230178,112.27434539794922,3.856536626815796,-3.346118211746216,268.66705322265625,0.0053335833363235,97.69831085205078,1.7890923023223877,-0.4269125759601593,281.5267333984375,0.008844447322189808,89.9645767211914,-0.338639497756958,0.7113506197929382,289.20574951171875,0.012243964709341526,91.03099822998047,6.662345549557358e-05,5.63784378755372e-05,6.074800968170166,2.1732099056243896,0.6318029165267944,6.662345549557358e-05,6.571049016201869e-05,76.18590545654297,6.074800968170166,0.7230182313445085,0.9594827511918669,12,3,19,ML_CTL_36_0012
CTL,36.0,993.0,9.0,6.0,23.6842098236084,300.0,-0.8660254037844386,0.5000000000000001,-1.0,-1.8369701987210297e-16,6.086911201477051,7.130674839019775,217.39462280273438,5.9680947742890567e-05,97.9951171875,5.527987480163574,0.9156988859176636,240.4012908935547,0.0006549685494974256,100.24667358398438,2.9245691299438477,-3.3700757026672363,268.6597595214844,0.005411236081272364,97.74939727783203,0.5380343794822693,-0.15264149010181427,282.01959228515625,0.008699487894773483,85.53807830810547,-0.8733486533164978,1.8146519660949707,289.2154846191406,0.012102857232093811,89.88789367675781,6.80582961649634e-05,5.076739034848288e-05,8.758156776428223,2.8408308029174805,1.267661690711975,6.80582961649634e-05,6.357104575727135e-05,75.45818328857422,6.553411483764648,0.7542641032846791,1.1214852076531492,12,4,19,ML_CTL_36_0012
CTL,36.0,994.0,9.0,12.0,23.6842098236084,300.0,-0.8660254037844386,0.5000000000000001,-1.0,-1.8369701987210297e-16,6.379841327667236,9.332561492919922,217.66104125976562,5.274819704936817e-05,84.72429656982422,6.022409915924072,1.8770135641098022,240.03515625,0.0004569159646052867,70.65475463867188,2.616953134536743,-2.0086309909820557,268.7547607421875,0.005432323087006807,96.7041244506836,0.9231226444244385,0.9835191369056702,282.3392333984375,0.008647540584206581,83.24276733398438,0.6042683720588684,3.1523900032043457,289.2921447753906,0.011942447163164616,88.21875,6.908628711244091e-05,4.109196743229404e-05,8.458827018737793,3.309319019317627,2.667370557785034,6.908628711244091e-05,5.582665107795037e-05,75.0833740234375,7.653052806854248,0.8884973634020606,2.0754834428804663,12,5,19,ML_CTL_36_0012
CTL,36.0,995.0,9.0,18.0,23.6842098236084,300.0,-0.8660254037844386,0.5000000000000001,-1.0,-1.8369701987210297e-16,5.441120624542236,12.152961730957031,217.60377502441406,4.606994480127469e-05,76.1419906616211,5.831320762634277,3.9142327308654785,239.9375762939453,0.0002548854099586606,39.99866485595703,4.140427112579346,-1.9561094045639038,268.79656982421875,0.005363991018384695,94.85757446289062,1.9644453525543213,-0.22159841656684875,282.6051025390625,0.008721629157662392,82.47636413574219,1.7951524257659912,1.6773778200149536,289.6452331542969,0.011605964042246342,83.76314544677734,6.776701775379479e-05,3.712235047714785e-05,11.091931343078613,3.8344931602478027,3.113372802734375,6.776701775379479e-05,5.537233664654195e-05,74.42384338378906,3.8416526317596436,0.9208575779526565,2.454056345729541,12,6,19,ML_CTL_36_0012
CTL,36.0,996.0,9.0,0.0,23.6842098236084,300.0,-0.8660254037844386,0.5000000000000001,-1.0,-1.8369701987210297e-16,7.949362754821777,15.095996856689453,217.45802307128906,3.880635995301418e-05,65.70053100585938,7.744303226470947,7.524306774139404,240.20933532714844,0.00012264095130376518,20.6551513671875,3.2550301551818848,-2.7018635272979736,268.539794921875,0.00459322752431035,80.24847412109375,-0.6853902339935303,-0.9103139638900757,282.796142578125,0.009140044450759888,85.37731170654297,-0.6472764611244202,1.0110445022583008,289.8206481933594,0.011326917447149754,80.82746124267578,6.51873488095589e-05,3.351992927491665e-05,16.50115394592285,3.5232059955596924,4.003833770751953,6.51873488095589e-05,6.071118332329206e-05,75.79508209228516,6.183750152587891,0.9272600749895449,2.545343673129303,12,7,19,ML_CTL_36_0012
CTL,36.0,997.0,9.0,6.0,23.6842098236084,300.0,-0.8660254037844386,0.5000000000000001,-1.0,-1.8369701987210297e-16,11.892399787902832,16.026336669921875,217.04290771484375,3.5908054996980354e-05,64.14461517333984,11.554085731506348,9.03348159790039,240.38026428222656,9.282348764827475e-05,16.514842987060547,2.0301055908203125,-1.3105062246322632,268.3660583496094,0.0036771753802895546,62.61014175415039,-1.1948695182800293,0.8018511533737183,282.732177734375,0.009668809361755848,90.76976013183594,-1.0722811222076416,2.569154977798462,289.6511535644531,0.011532469652593136,83.19341278076172,6.203217344591394e-05,2.938595753221307e-05,18.686323165893555,4.64188814163208,5.424063682556152,6.203217344591394e-05,4.930504655931145e-05,77.39035034179688,3.1462552547454834,0.9300203350644265,2.58700175264351,12,8,19,ML_CTL_36_0012
CTL,36.0,998.0,9.0,12.0,23.6842098236084,300.0,-0.8660254037844386,0.5000000000000001,-1.0,-1.8369701987210297e-16,11.735750198364258,16.673397064208984,216.97695922851562,4.3874541006516665e-05,78.9317855834961,12.082391738891602,9.613107681274414,240.1683349609375,0.000124631667858921,22.194936752319336,2.069350004196167,1.7615309953689575,268.34051513671875,0.0030907040927559137,52.1005744934082,0.45153871178627014,2.764223575592041,282.8334655761719,0.009731590747833252,90.69905853271484,0.1368170976638794,4.072906017303467,289.7618408203125,0.011639263480901718,83.32463073730469,5.9167628933209926e-05,2.2080406779423356e-05,17.1262264251709,5.295169353485107,6.9770331382751465,5.9167628933209926e-05,2.888362723751925e-05,77.91946411132812,2.8391623497009277,0.9022567151860903,2.222554587256522,12,9,19,ML_CTL_36_0012
CTL,36.0,999.0,9.0,18.0,23.6842098236084,300.0,-0.8660254037844386,0.5000000000000001,-1.0,-1.8369701987210297e-16,9.08901596069336,17.58316421508789,216.79006958007812,3.508896043058485e-05,64.08785247802734,11.452869415283203,10.453763008117676,240.08294677734375,0.00013091383152641356,23.558895111083984,3.544794797897339,3.4093422889709473,268.6420593261719,0.0022687730379402637,37.22551345825195,2.354053497314453,2.944639205932617,283.1742248535156,0.01010353583842516,92.05931091308594,1.5847947597503662,4.002294540405273,290.0757751464844,0.01154690608382225,81.03388977050781,5.3973064495949075e-05,1.2876300388597883e-05,15.516228675842285,5.605105400085449,7.678640842437744,5.3973064495949075e-05,1.9931945644202642e-05,77.69081115722656,7.808766841888428,0.8723211337172958,1.921639374427552,12,10,19,ML_CTL_36_0012
CTL,36.0,1000.0,9.0,0.0,23.6842098236084,297.5,-0.8870108331782216,0.4617486132350341,-1.0,-1.8369701987210297e-16,7.985846996307373,17.82110023498535,216.57911682128906,2.7677204343490303e-05,52.50667953491211,9.125743865966797,12.92005729675293,240.1392364501953,6.596148159587756e-05,12.098349571228027,2.9359395503997803,3.665468215942383,268.0957946777344,0.0010701428400352597,18.76028060913086,-0.28271231055259705,-0.38122376799583435,283.6181335449219,0.009175869636237621,81.04512023925781,-1.0791409015655518,-0.028615672141313553,290.7373046875,0.011181578040122986,75.28813934326172,4.9323050916427746e-05,1.4352601283462718e-05,20.019649505615234,3.737135410308838,6.799356937408447,4.9323050916427746e-05,2.057022174994927e-05,78.49248504638672,9.039934158325195,0.7827651913835185,1.2818539318416802,12,11,19,ML_CTL_36_0012
CTL,36.0,1001.0,9.0,6.0,23.6842098236084,297.5,-0.8870108331782216,0.4617486132350341,-1.0,-1.8369701987210297e-16,6.262906551361084,15.278218269348145,216.39364624023438,2.774860695353709e-05,53.251590728759766,6.7913103103637695,12.702252388000488,239.5602264404297,7.322312740143389e-05,14.51657772064209,3.491546392440796,4.976113796234131,268.0952453613281,0.0006338994717225432,11.645345687866211,0.6659237146377563,1.9670649766921997,283.413818359375,0.008979604579508305,80.35009002685547,0.1460847109556198,2.3434014320373535,290.7414245605469,0.010992267169058323,73.97042083740234,4.305758557165973e-05,1.2874261301476508e-05,14.30821418762207,3.4715542793273926,7.4534101486206055,4.305758557165973e-05,2.3003882233751938e-05,78.07059478759766,6.473897457122803,0.7615159589126942,1.161008734912528,12,12,19,ML_CTL_36_0012
CTL,36.0,1002.0,9.0,12.0,25.578947067260742,297.5,-0.8870108331782216,0.4617486132350341,-1.0,-1.8369701987210297e-16,7.768855094909668,10.448651313781738,216.9142303466797,5.1478316891007125e-05,93.65991973876953,7.242997646331787,12.627422332763672,239.24913024902344,0.0001556174538563937,28.990049362182617,1.5622971057891846,5.114166259765625,267.27587890625,0.0015423811273649335,28.70389175415039,-1.8859342336654663,2.522341012954712,283.4374694824219,0.010323825292289257,92.35891723632812,-3.806690216064453,2.747739553451538,290.5545349121094,0.011528563685715199,78.50106048583984,4.295472535886802e-05,2.1560157620115206e-05,13.903139114379883,2.1763052940368652,6.692063808441162,4.295472535886802e-05,2.5319468477391638e-05,76.93732452392578,2.5203518867492676,0.7245289076536038,0.9670389659823666,12,13,19,ML_CTL_36_0012
CTL,36.0,1003.0,9.0,18.0,25.578947067260742,297.5,-0.8870108331782216,0.4617486132350341,-1.0,-1.8369701987210297e-16,4.271204948425293,8.841341972351074,216.70701599121094,3.111484329565428e-05,57.291969299316406,7.126945495605469,14.538248062133789,238.48008728027344,0.00012510361557360739,25.366758346557617,3.782921552658081,6.407374858856201,267.97503662109375,0.0008021402754820883,14.649148941040039,0.8721245527267456,2.6302807331085205,283.5391845703125,0.010155187919735909,90.16908264160156,-0.910047709941864,3.069659471511841,291.052734375,0.011388560757040977,75.12284088134766,3.9178510633064434e-05,1.2728242836601567e-05,7.756139278411865,3.028629779815674,7.097380638122559,3.9178510633064434e-05,2.5903320420184173e-05,75.98075866699219,3.758586883544922,0.7527312335901915,1.1132323684152925,12,14,19,ML_CTL_36_0012
CTL,36.0,1004.0,9.0,0.0,25.578947067260742,295.0,-0.9063077870366498,0.4226182617406996,-1.0,-1.8369701987210297e-16,3.1149466037750244,7.6529741287231445,216.98854064941406,2.081933052977547e-05,36.24113845825195,5.427248954772949,11.071149826049805,238.48826599121094,0.00010508703417144716,21.280656814575195,2.0707848072052,5.369046688079834,267.2418518066406,0.0008591134683229029,17.094776153564453,-1.5673744678497314,0.6513733863830566,283.2987976074219,0.010221946984529495,92.31356048583984,-2.2705814838409424,0.6738118529319763,291.0162353515625,0.011457107029855251,75.7822265625,3.3530228392919526e-05,1.797295772121288e-05,8.815476417541504,1.355004906654358,5.0836710929870605,3.3530228392919526e-05,3.0508859708788805e-05,67.23216247558594,1.8670477867126465,0.749216192306168,1.09443633908135,12,15,19,ML_CTL_36_0012
CTL,36.0,1005.0,9.0,6.0,27.473684310913086,297.5,-0.8870108331782216,0.4617486132350341,-1.0,-1.8369701987210297e-16,8.072002410888672,9.882564544677734,218.471923828125,6.969815876800567e-05,102.97498321533203,11.333368301391602,9.840421676635742,238.56671142578125,0.00021497622947208583,44.67690658569336,4.233369827270508,4.444077968597412,267.1249694824219,0.0012675722828134894,25.31319808959961,-0.8316308856010437,2.4359025955200195,283.3731994628906,0.009866670705378056,88.57672119140625,-2.6336190700531006,3.6938703060150146,290.35333251953125,0.01204405352473259,83.04631805419922,3.1260318792192265e-05,1.2648645679291803e-05,12.365689277648926,4.034698009490967,6.0593671798706055,3.1260318792192265e-05,2.5258827008656226e-05,70.15444946289062,3.3894355297088623,0.5947424666351412,0.38360573279446797,12,16,19,ML_CTL_36_0012
CTL,36.0,1006.0,9.0,12.0,27.473684310913086,297.5,-0.8870108331782216,0.4617486132350341,-1.0,-1.8369701987210297e-16,7.180660724639893,7.969718933105469,219.3189697265625,7.657208334421739e-05,101.69074249267578,10.319059371948242,7.9447832107543945,238.29464721679688,0.0002391932503087446,50.160762786865234,5.2748188972473145,5.474047660827637,267.33795166015625,0.0013192234328016639,26.220199584960938,1.2187728881835938,3.615252733230591,283.1962585449219,0.008769404143095016,79.67794036865234,0.16801835596561432,4.555408000946045,290.59893798828125,0.011849997565150261,80.45073699951172,2.8282231141929515e-05,1.1730870937753934e-05,7.799658298492432,4.832265853881836,5.911842346191406,2.8282231141929515e-05,2.412700814602431e-05,66.92533874511719,2.9678382873535156,0.6034078038532269,0.4196847207701122,12,17,19,ML_CTL_36_0012
CTL,36.0,1007.0,9.0,18.0,27.473684310913086,295.0,-0.9063077870366498,0.4226182617406996,-1.0,-1.8369701987210297e-16,2.918199300765991,4.688806056976318,217.10414123535156,2.8536767786135897e-05,49.61959457397461,2.7783515453338623,3.840801954269409,238.12057495117188,0.0001513328606961295,32.54293441772461,3.2954766750335693,4.557981014251709,267.50494384765625,0.0009004256571643054,18.55428123474121,0.40281641483306885,1.8304442167282104,283.19989013671875,0.008788768202066422,79.80641174316406,0.5527727007865906,1.429995059967041,291.25469970703125,0.011291158385574818,73.57952117919922,2.4799413949949667e-05,1.4927530173736159e-05,4.026796817779541,1.9895232915878296,3.2696056365966797,2.4799413949949667e-05,2.7938984203501604e-05,57.14306640625,1.5892070531845093,0.7272908214726,0.9809204798275482,12,18,19,ML_CTL_36_0012
CTL,36.0,1008.0,9.0,0.0,29.36842155456543,297.5,-0.8870108331782216,0.4617486132350341,-1.0,-1.8369701987210297e-16,4.196920871734619,2.2479803562164307,217.79112243652344,5.694983701687306e-05,89.27572631835938,2.017202377319336,-1.6376383304595947,238.83645629882812,0.00016875796427484602,33.21760559082031,5.629672050476074,1.6079761981964111,266.6695861816406,0.0011322916252538562,23.397838592529297,0.21470828354358673,-0.018193084746599197,283.3169250488281,0.008518779650330544,76.69203186035156,-0.8196315765380859,1.1240369081497192,291.07861328125,0.011338216252624989,74.70803833007812,2.1199406546656974e-05,7.409651516354643e-06,5.140918731689453,2.247774600982666,0.6648324131965637,2.1199406546656974e-05,1.8503940736991353e-05,60.7119026184082,1.588931679725647,0.5541073254705575,0.2172801132775053,12,19,19,ML_CTL_36_0012
CTL,36.0,1005.0,9.0,6.0,14.210526466369629,335.0,-0.4226182617406992,0.90630778703665,-1.0,-1.8369701987210297e-16,-7.9690375328063965,2.6659297943115234,219.44793701171875,8.021167741389945e-05,100.04920196533203,-5.3328375816345215,2.332085132598877,244.2763671875,0.0010968506103381515,113.10330200195312,-4.667834758758545,4.669962406158447,269.05194091796875,0.0055955820716917515,99.98762512207031,-8.116881370544434,1.9675729274749756,278.7642822265625,0.007707786280661821,94.89327239990234,-9.310726165771484,0.8214141130447388,290.7487487792969,0.011798699386417866,79.46553802490234,9.805055015021935e-05,0.00010942871449515224,2.280869722366333,-7.079463005065918,2.4913928508758545,9.805055015021935e-05,0.00010942871449515224,89.70647430419922,2.280869722366333,0.7358838210578305,1.024683176351581,13,1,29,ML_CTL_36_0013
CTL,36.0,1006.0,9.0,12.0,14.210526466369629,335.0,-0.4226182617406992,0.90630778703665,-1.0,-1.8369701987210297e-16,-6.312972068786621,1.8002125024795532,219.25340270996094,7.822489715181291e-05,99.86603546142578,-2.4458107948303223,3.501333475112915,244.69772338867188,0.0011037762742489576,108.04317474365234,4.394937515258789,14.274636268615723,269.3665771484375,0.00583029305562377,101.01410675048828,-0.47906264662742615,8.228763580322266,280.330322265625,0.00728972814977169,80.56615447998047,-2.0333406925201416,6.5154805183410645,290.7189025878906,0.012003745883703232,80.9541244506836,9.866229083854705e-05,0.00010227175516774878,6.367809772491455,-1.3752498626708984,6.8640851974487305,9.866229083854705e-05,0.0001158068043878302,85.51531219482422,5.709811210632324,0.6512699546752354,0.6246261193825293,13,2,29,ML_CTL_36_0013
CTL,36.0,1007.0,9.0,18.0,14.210526466369629,332.5,-0.46174861323503363,0.8870108331782218,-1.0,-1.8369701987210297e-16,-4.505282402038574,1.3994475603103638,220.54684448242188,9.239874634658918e-05,99.86338806152344,-3.445030927658081,-0.16848589479923248,245.8035430908203,0.0012579107424244285,111.96983337402344,2.3067030906677246,8.540151596069336,269.8895263671875,0.006081092171370983,101.38154602050781,-0.6877981424331665,-0.0966760665178299,278.76898193359375,0.007661804556846619,94.26563262939453,-0.9839984178543091,-0.988156259059906,290.3872375488281,0.011368007399141788,78.37681579589844,9.204030357068405e-05,0.00011868650472024456,4.254420280456543,-1.4630813598632812,1.7372562885284424,9.204030357068405e-05,0.00011868650472024456,83.31100463867188,4.254420280456543,0.7006953041045612,0.8506110293042748,13,3,29,ML_CTL_36_0013
CTL,36.0,1008.0,9.0,0.0,14.210526466369629,332.5,-0.46174861323503363,0.8870108331782218,-1.0,-1.8369701987210297e-16,-4.566876411437988,1.914719581604004,219.88169860839844,8.728125976631418e-05,102.96979522705078,0.9791507720947266,2.7427170276641846,244.7340545654297,0.001066995202563703,107.39033508300781,9.454766273498535,16.386520385742188,269.1612854003906,0.0051885382272303104,90.30972290039062,3.94864821434021,5.536429405212402,280.2489013671875,0.007511327974498272,83.36337280273438,3.5388453006744385,3.8034121990203857,290.2265930175781,0.0113353431224823,78.93114471435547,9.279035293729976e-05,8.845212869346142e-05,8.322853088378906,2.6709067821502686,6.0767598152160645,9.279035293729976e-05,0.00011436064232839271,80.54144287109375,6.84406042098999,0.634224743607153,0.5503842855851795,13,4,29,ML_CTL_36_0013
CTL,36.0,1009.0,9.0,6.0,16.105262756347656,332.5,-0.46174861323503363,0.8870108331782218,-1.0,-1.8369701987210297e-16,-1.9921379089355469,5.0085530281066895,219.14926147460938,7.744749746052548e-05,99.84426879882812,-2.924475908279419,1.2567689418792725,244.50904846191406,0.0010915729217231274,109.82869720458984,3.519198417663574,13.477455139160156,269.36859130859375,0.005473813507705927,94.74028778076172,-2.235866069793701,9.745342254638672,281.8529357910156,0.0074256048537790775,73.7614517211914,-2.30576753616333,7.183015823364258,290.1125183105469,0.011548067443072796,80.96124267578125,9.374094952363521e-05,9.061903256224468e-05,2.1969642639160156,-1.187809705734253,7.334227085113525,9.374094952363521e-05,0.00010252529318677261,79.81857299804688,2.1969642639160156,0.7004663153186416,0.8495193970430948,13,5,29,ML_CTL_36_0013
CTL,36.0,1010.0,9.0,12.0,16.105262756347656,330.0,-0.5000000000000004,0.8660254037844384,-1.0,-1.8369701987210297e-16,-4.173953533172607,6.320016860961914,220.10302734375,8.724054350750521e-05,99.9346923828125,-4.381182670593262,-0.9561094641685486,245.0854034423828,0.0011718838941305876,111.35678100585938,-0.4048618674278259,3.3966007232666016,270.231201171875,0.006220187526196241,101.21306610107422,-0.260909765958786,0.9733182191848755,280.10546875,0.008092110976576805,90.71394348144531,-0.49594539403915405,-0.7639047503471375,290.0242614746094,0.01117101963609457,78.7933120727539,8.597290434408933e-05,9.797968959901482e-05,7.981834888458252,-1.9433704614639282,1.7939841747283936,8.597290434408933e-05,9.797968959901482e-05,80.20452880859375,7.981834888458252,0.7375356836611487,1.0331993366342163,13,6,29,ML_CTL_36_0013
CTL,36.0,1011.0,9.0,18.0,18.0,330.0,-0.5000000000000004,0.8660254037844384,-1.0,-1.8369701987210297e-16,0.3725332021713257,7.259492874145508,219.8413848876953,8.137238182825968e-05,98.65998840332031,-4.742499351501465,0.1756865233182907,243.08091735839844,0.0008872146136127412,104.029052734375,-3.2316043376922607,2.4821267127990723,270.0964050292969,0.00606861338019371,99.18687438964844,-2.1445393562316895,2.349754571914673,281.1314697265625,0.008863052353262901,92.68750762939453,-3.3391008377075195,0.9090048670768738,290.1993103027344,0.010896330699324608,76.04725646972656,8.08602271717973e-05,8.38937921798788e-05,7.355605125427246,-2.617042064666748,2.6352131366729736,8.08602271717973e-05,9.3317728897091e-05,80.55671691894531,7.355605125427246,0.7890650192074314,1.319298786471379,13,7,29,ML_CTL_36_0013
CTL,36.0,1012.0,9.0,0.0,18.0,330.0,-0.5000000000000004,0.8660254037844384,-1.0,-1.8369701987210297e-16,0.386737585067749,5.734095096588135,219.5318603515625,7.7874465205241e-05,98.04615783691406,-3.11385178565979,1.416970133781433,242.8226776123047,0.0008733386639505625,105.65618896484375,1.7637121677398682,5.829982280731201,269.934814453125,0.006033563520759344,99.75912475585938,2.5845699310302734,6.099347114562988,281.0028991699219,0.009102465584874153,96.0131607055664,2.5619609355926514,4.829742908477783,290.0328674316406,0.010906663723289967,76.97145080566406,7.59865069994703e-05,8.183677709894255e-05,2.355726957321167,0.8366257548332214,4.782027244567871,7.59865069994703e-05,8.183677709894255e-05,81.745361328125,2.355726957321167,0.7434702439147889,1.0640840774529967,13,8,29,ML_CTL_36_0013
CTL,36.0,1013.0,9.0,6.0,21.789474487304688,330.0,-0.5000000000000004,0.8660254037844384,-1.0,-1.8369701987210297e-16,3.6470556259155273,4.7399725914001465,218.4508819580078,6.501359166577458e-05,91.6104507446289,-1.902767300605774,4.713159084320068,242.5845489501953,0.0008453222108073533,104.40158081054688,-0.401215136051178,3.6992993354797363,270.2236328125,0.006150741595774889,99.55494689941406,-3.608069896697998,5.198710918426514,281.4568786621094,0.009375061839818954,95.8601303100586,-4.853768825531006,4.962482929229736,289.4649353027344,0.012340419925749302,90.16920471191406,7.447571260854602e-05,6.520353781525046e-05,8.503735542297363,-1.4237531423568726,4.66272497177124,7.447571260854602e-05,6.752891204087064e-05,82.21157836914062,3.98681902885437,0.7712536431652288,1.2154035213000545,13,9,29,ML_CTL_36_0013
CTL,36.0,1014.0,9.0,12.0,23.6842098236084,330.0,-0.5000000000000004,0.8660254037844384,-1.0,-1.8369701987210297e-16,-2.408418893814087,8.377157211303711,218.25216674804688,6.797116657253355e-05,97.9865493774414,0.4882148802280426,8.539351463317871,243.85247802734375,0.001035201596096158,111.04144287109375,1.2607429027557373,2.996636390686035,270.0820007324219,0.006164555437862873,101.23358917236328,-3.9449622631073,4.882098197937012,281.3579406738281,0.0095506701618433,98.24909973144531,-4.936728477478027,5.984208583831787,289.7660217285156,0.013167532160878181,94.38385772705078,8.113162766676396e-05,7.716289110248908e-05,3.481171131134033,-1.9082304239273071,6.155890464782715,8.113162766676396e-05,7.716289110248908e-05,79.9184341430664,2.5029337406158447,0.703781426033573,0.8653702261824645,13,10,29,ML_CTL_36_0013
CTL,36.0,1015.0,9.0,18.0,23.6842098236084,330.0,-0.5000000000000004,0.8660254037844384,-1.0,-1.8369701987210297e-16,-1.192892074584961,9.843019485473633,218.69781494140625,5.573055022978224e-05,77.2775650024414,4.10230016708374,10.342228889465332,242.67327880859375,0.0006749164313077927,80.44300842285156,6.802364826202393,0.46656376123428345,270.0226745605469,0.005613499786704779,91.05976867675781,1.7525827884674072,3.658334493637085,282.32440185546875,0.009600110352039337,92.51557159423828,1.6141618490219116,5.764984607696533,289.85009765625,0.011985315009951591,85.54640197753906,8.434534538537264e-05,6.836792454123497e-05,4.950749397277832,2.6157033443450928,6.015026569366455,8.434534538537264e-05,8.452613110421225e-05,77.50177001953125,4.950749397277832,0.9010626192555738,2.209087622644273,13,11,29,ML_CTL_36_0013
CTL,36.0,1016.0,9.0,0.0,25.578947067260742,330.0,-0.5000000000000004,0.8660254037844384,-1.0,-1.8369701987210297e-16,1.6714353561401367,13.749682426452637,218.72238159179688,3.845689934678376e-05,54.560935974121094,5.795660495758057,10.12248706817627,242.1485137939453,0.00026372773572802544,33.54899215698242,4.028127670288086,-1.552768349647522,269.5750427246094,0.0051850988529622555,85.60111236572266,-0.6591198444366455,2.9234845638275146,282.2118225097656,0.009005679748952389,87.40202331542969,-0.7735494375228882,6.277270317077637,289.71484375,0.012535344809293747,90.19706726074219,9.032635716721416e-05,7.190291216829792e-05,7.862244606018066,2.0125110149383545,6.3040313720703125,9.032635716721416e-05,8.434978371951729e-05,76.03816986083984,5.967379093170166,0.9686893960282725,3.4319871945614784,13,12,29,ML_CTL_36_0013
CTL,36.0,1017.0,9.0,6.0,27.473684310913086,330.0,-0.5000000000000004,0.8660254037844384,-1.0,-1.8369701987210297e-16,5.704962253570557,15.804396629333496,218.88308715820312,2.6675219487515278e-05,37.51185989379883,3.7519636154174805,8.230186462402344,241.8321990966797,0.00023449005675502121,28.406435012817383,0.318785160779953,-0.08829788118600845,269.0494079589844,0.005567672196775675,98.44963073730469,-3.09358286857605,2.4833507537841797,281.5101013183594,0.009030396118760109,91.96070861816406,-4.084691524505615,6.249578475952148,289.5533447265625,0.012924429960548878,93.95118713378906,9.362256969325244e-05,6.790411862311885e-05,13.679615020751953,0.5194872617721558,6.5358428955078125,9.362256969325244e-05,7.463525980710983e-05,73.93749237060547,5.300182819366455,0.9640680798151965,3.289535872251908,13,13,29,ML_CTL_36_0013
CTL,36.0,1018.0,9.0,12.0,27.473684310913086,330.0,-0.5000000000000004,0.8660254037844384,-1.0,-1.8369701987210297e-16,10.279044151306152,15.37586498260498,218.96983337402344,2.2736428945790976e-05,31.63153076171875,6.378276348114014,10.866873741149902,241.940673828125,4.126615385757759e-05,6.014387607574463,5.034909725189209,3.0790162086486816,269.4134826660156,0.004704790655523539,77.54795837402344,2.42234468460083,2.9779977798461914,283.33465576171875,0.00881693884730339,79.30422973632812,2.538710832595825,5.207899570465088,290.14697265625,0.012479299679398537,87.30084228515625,9.317600051872432e-05,5.274158684187569e-05,12.778899192810059,5.330657005310059,7.501530647277832,9.317600051872432e-05,6.408655463019386e-05,67.78449249267578,4.334550857543945,0.9703831191615774,3.4893464643588974,13,14,29,ML_CTL_36_0013
CTL,36.0,1019.0,9.0,18.0,29.36842155456543,330.0,-0.5000000000000004,0.8660254037844384,-1.0,-1.8369701987210297e-16,12.160415649414062,13.503437995910645,218.75631713867188,2.0650362785090692e-05,29.495800018310547,5.9260101318359375,7.618926525115967,240.55433654785156,0.00015094337868504226,19.80070686340332,1.6376945972442627,-0.7555579543113708,268.8586730957031,0.005461238790303469,96.89535522460938,-2.3125898838043213,-1.2035846710205078,283.05279541015625,0.008600815199315548,78.87592315673828,-3.0549075603485107,1.980589509010315,290.166259765625,0.012914280407130718,90.2280044555664,8.58574130688794e-05,5.192036405787803e-05,19.0861759185791,2.8713247776031494,4.228762149810791,8.58574130688794e-05,5.256549775367603e-05,64.92092895507812,2.299623727798462,0.9632430154819305,3.2659774699737962,13,15,29,ML_CTL_36_0013
CTL,36.0,1020.0,9.0,0.0,29.36842155456543,330.0,-0.5000000000000004,0.8660254037844384,-1.0,-1.8369701987210297e-16,13.184857368469238,9.99698257446289,218.5211639404297,1.5831135897315107e-05,22.871322631835938,8.403325080871582,3.4052765369415283,239.47885131835938,6.28767375019379e-05,10.54273796081543,3.1431846618652344,-1.3796573877334595,267.7695617675781,0.004607952665537596,86.7341537475586,-0.14904721081256866,-1.3635423183441162,284.0157165527344,0.008805017918348312,75.66313171386719,-0.4249970316886902,-0.47458651661872864,290.6639404296875,0.012554379180073738,84.95301818847656,7.843119965400547e-05,4.488645208766684e-05,17.1721248626709,4.8314642906188965,2.0368943214416504,7.843119965400547e-05,4.488645208766684e-05,59.767578125,5.424726963043213,0.9649304679414092,3.3147233238015943,13,16,29,ML_CTL_36_0013
CTL,36.0,1021.0,9.0,6.0,31.263158798217773,332.5,-0.46174861323503363,0.8870108331782218,-1.0,-1.8369701987210297e-16,10.58712387084961,7.665518760681152,218.9988250732422,7.746595656499267e-05,103.32939910888672,6.638687610626221,4.7937421798706055,240.86520385742188,0.00037120035267435014,62.07978439331055,2.8052284717559814,2.107224464416504,268.0342102050781,0.004557241220027208,86.54016876220703,0.181270569562912,3.6550357341766357,281.7917175292969,0.009620580822229385,96.08698272705078,-2.211487054824829,6.807918071746826,289.6544494628906,0.01369860116392374,98.89614868164062,7.405677752103657e-05,4.7270284994738176e-05,12.827311515808105,3.6001648902893066,5.005887985229492,7.405677752103657e-05,4.7270284994738176e-05,71.30561828613281,11.374972343444824,0.8117721336578562,1.461566393309774,13,17,29,ML_CTL_36_0013
CTL,36.0,1022.0,9.0,12.0,31.263158798217773,332.5,-0.46174861323503363,0.8870108331782218,-1.0,-1.8369701987210297e-16,8.647149085998535,4.927626609802246,219.13430786132812,7.736863335594535e-05,102.73139953613281,7.748517036437988,1.7487237453460693,240.68853759765625,0.00042544250027276576,68.25968933105469,5.604324817657471,0.5143004059791565,268.28643798828125,0.003683950286358595,67.04621124267578,1.757956624031067,1.8503042459487915,282.7392883300781,0.009397625923156738,87.99833679199219,0.964580237865448,4.540164470672607,290.0267028808594,0.013469981960952282,94.94742584228516,7.746839401079342e-05,5.0731054216157645e-05,7.692333221435547,4.94450569152832,2.716223955154419,7.746839401079342e-05,5.0731054216157645e-05,64.1817626953125,7.692333221435547,0.8989741012290333,2.18587731818981,13,18,29,ML_CTL_36_0013
CTL,36.0,1023.0,9.0,18.0,31.263158798217773,332.5,-0.46174861323503363,0.8870108331782218,-1.0,-1.8369701987210297e-16,10.473594665527344,3.4771342277526855,218.49154663085938,6.912704702699557e-05,101.08302307128906,11.3550443649292,0.08614197373390198,239.96444702148438,0.0003149151161778718,51.86441421508789,7.463301181793213,-1.4934091567993164,268.184326171875,0.0027206484228372574,50.56846237182617,2.1080682277679443,-1.3510886430740356,283.0525817871094,0.008999417535960674,82.45848846435547,1.2980849742889404,0.10780960321426392,290.35626220703125,0.013084637001156807,90.31755828857422,7.654272485524416e-05,4.332066237111576e-05,9.774575233459473,6.539618492126465,0.1653176248073578,7.654272485524416e-05,5.2549177780747414e-05,57.35858917236328,8.210870742797852,0.9292955090705518,2.57591769014691,13,19,29,ML_CTL_36_0013
CTL,36.0,1024.0,9.0,0.0,31.263158798217773,332.5,-0.46174861323503363,0.8870108331782218,-1.0,-1.8369701987210297e-16,15.976156234741211,5.323248386383057,217.65708923339844,4.687958789872937e-05,75.83361053466797,15.017492294311523,2.5988543033599854,238.6186981201172,0.00016023257921915501,31.345407485961914,8.169575691223145,-2.108858108520508,267.3965759277344,0.0020810728892683983,41.99657440185547,2.337938070297241,-3.009326457977295,282.9083557128906,0.0082435617223382,76.22017669677734,0.7567840218544006,-2.2243196964263916,290.2594909667969,0.012772513553500175,88.70219421386719,7.017127791186795e-05,3.629127240856178e-05,16.988086700439453,8.45158863067627,0.11591973155736923,7.017127791186795e-05,5.444488851935603e-05,52.36455535888672,5.406276702880859,0.9711661009325082,3.516945769469289,13,20,29,ML_CTL_36_0013
CTL,36.0,1025.0,9.0,6.0,33.157894134521484,335.0,-0.4226182617406992,0.90630778703665,-1.0,-1.8369701987210297e-16,13.748873710632324,11.319660186767578,215.84942626953125,3.951331018470228e-05,76.94857025146484,9.550017356872559,6.898795127868652,238.65382385253906,0.0005760248750448227,107.9085464477539,2.9144344329833984,-1.216381549835205,268.0872802734375,0.004405873361974955,85.77793884277344,0.5666072964668274,-0.014741498976945877,280.37701416015625,0.008894131518900394,97.79682159423828,-1.201446533203125,1.8658363819122314,289.45416259765625,0.013193793594837189,96.5115737915039,7.0873589720577e-05,5.188673094380647e-05,17.688608169555664,5.115696907043457,3.770634174346924,7.0873589720577e-05,6.074196789995767e-05,60.656063079833984,5.48384428024292,0.6912528557283203,0.8059830455036365,13,21,29,ML_CTL_36_0013
CTL,36.0,1026.0,9.0,12.0,33.157894134521484,335.0,-0.4226182617406992,0.90630778703665,-1.0,-1.8369701987210297e-16,11.265302658081055,11.148845672607422,216.17669677734375,4.403252387419343e-05,82.87995910644531,8.471176147460938,8.547660827636719,237.60885620117188,0.00033992211683653295,71.8148193359375,4.483865261077881,-1.4053109884262085,267.5197448730469,0.004186547361314297,83.43638610839844,1.6723438501358032,-2.2193005084991455,280.9092102050781,0.008460373617708683,89.67264556884766,-0.29640263319015503,-0.6942839622497559,289.7810363769531,0.012833420187234879,91.9085464477539,7.474324229406193e-05,4.8420854000141844e-05,16.550914764404297,5.11925745010376,3.075521945953369,7.474324229406193e-05,6.618543557124212e-05,56.0364875793457,2.6647541522979736,0.836975088855357,1.6358912893898143,13,22,29,ML_CTL_36_0013
CTL,36.0,1027.0,9.0,18.0,33.157894134521484,335.0,-0.4226182617406992,0.90630778703665,-1.0,-1.8369701987210297e-16,9.487433433532715,8.726487159729004,217.2860870361328,4.248514960636385e-05,69.90895080566406,7.162532329559326,7.071277141571045,237.21726989746094,0.00014781799109186977,35.28752899169922,4.746396541595459,-2.865853786468506,266.1259765625,0.003026454709470272,63.6875,1.7295485734939575,-4.599606990814209,281.5359802246094,0.007610995788127184,77.2468032836914,-0.029584668576717377,-4.243564605712891,289.8314208984375,0.012162513099610806,86.8070068359375,6.95851122145541e-05,3.903969991370104e-05,16.087133407592773,4.619265556335449,0.8177474737167358,6.95851122145541e-05,6.385874439729378e-05,50.96107482910156,4.016595363616943,0.9498050277399013,2.9403418620725965,13,23,29,ML_CTL_36_0013
CTL,36.0,1028.0,9.0,0.0,33.157894134521484,337.5,-0.38268343236508956,0.9238795325112868,-1.0,-1.8369701987210297e-16,8.733506202697754,9.881024360656738,217.39952087402344,5.3934549214318395e-05,87.03182983398438,6.722501277923584,8.481117248535156,237.86680603027344,0.00022404872288461775,51.65162658691406,7.927977561950684,2.1256871223449707,266.4486389160156,0.0028537765610963106,61.183753967285156,7.13239049911499,3.3797714710235596,281.4950256347656,0.007878507487475872,80.17752838134766,5.7332868576049805,3.6124415397644043,289.1427307128906,0.01302400417625904,97.12401580810547,6.88056752551347e-05,5.6231601774925366e-05,6.949564456939697,7.249932289123535,5.496008396148682,6.88056752551347e-05,5.7101529819192365e-05,54.60234069824219,4.9217610359191895,0.9161138631492132,2.390680296074509,13,24,29,ML_CTL_36_0013
CTL,36.0,1029.0,9.0,6.0,35.05263137817383,337.5,-0.38268343236508956,0.9238795325112868,-1.0,-1.8369701987210297e-16,3.2317662239074707,7.929715633392334,214.75390625,3.473361357464455e-05,78.13758087158203,0.7762513160705566,4.519420623779297,237.91162109375,0.0005202697939239442,105.01116943359375,2.4037234783172607,-2.7497005462646484,266.7760314941406,0.004685358610004187,99.78016662597656,0.13167303800582886,-3.618706464767456,278.9106140136719,0.007670113816857338,93.31614685058594,-1.9941316843032837,-2.82881760597229,289.0321044921875,0.011736858636140823,88.24464416503906,7.000038749538362e-05,4.4813230488216504e-05,11.960603713989258,0.9098564982414246,0.650382399559021,7.000038749538362e-05,6.1145139625296e-05,55.015098571777344,0.9075561165809631,0.6784570207877894,0.7466899146742474,13,25,29,ML_CTL_36_0013
CTL,36.0,1030.0,9.0,12.0,35.05263137817383,340.0,-0.3420201433256686,0.9396926207859084,-1.0,-1.8369701987210297e-16,3.566164493560791,7.657841205596924,215.54083251953125,4.5359749492490664e-05,94.6404800415039,1.6501787900924683,6.089776992797852,238.5364532470703,0.0005408439901657403,101.76145935058594,7.745405197143555,3.2999885082244873,266.869140625,0.0036313082091510296,79.14996337890625,6.357952117919922,5.3277435302734375,280.0975341796875,0.007630100008100271,85.3965072631836,4.429068565368652,5.82968282699585,289.25494384765625,0.012636936269700527,93.60074615478516,7.381930481642485e-05,6.81222663843073e-05,2.0215752124786377,4.749753475189209,5.6410064697265625,7.381930481642485e-05,6.81222663843073e-05,56.15253829956055,2.0215752124786377,0.6726019843867348,0.719977145752223,13,26,29,ML_CTL_36_0013
CTL,36.0,1031.0,9.0,18.0,35.05263137817383,340.0,-0.3420201433256686,0.9396926207859084,-1.0,-1.8369701987210297e-16,3.125505208969116,4.599952697753906,216.07933044433594,4.526015618466772e-05,88.26268005371094,2.911871910095215,3.235079288482666,237.3545684814453,0.000441611569840461,95.09789276123047,8.3749361038208,-0.39718154072761536,266.102294921875,0.002964223502203822,69.6334457397461,8.159985542297363,0.16708430647850037,280.44818115234375,0.006945783272385597,75.82208251953125,6.184015274047852,-0.44798529148101807,289.41119384765625,0.011888470500707626,87.19815826416016,7.331972301471978e-05,5.723700814996846e-05,5.90221643447876,5.75126314163208,1.4313899278640747,7.331972301471978e-05,5.975205567665398e-05,50.500732421875,2.409353494644165,0.7486991748351691,1.09168653897706,13,27,29,ML_CTL_36_0013
CTL,36.0,1032.0,9.0,0.0,36.94736862182617,342.5,-0.300705799504273,0.9537169507482269,-1.0,-1.8369701987210297e-16,3.252504348754883,9.127610206604004,214.99057006835938,4.0704344428377226e-05,90.24906158447266,3.2520570755004883,5.928031921386719,238.83612060546875,0.0005578195559792221,101.58145141601562,7.343041896820068,2.7884745597839355,266.8985595703125,0.004003025591373444,86.16573333740234,5.429218769073486,4.25001859664917,278.88934326171875,0.007423928938806057,90.29169464111328,3.423280715942383,4.30499792098999,288.9965515136719,0.012476221658289433,93.96322631835938,7.399341120617464e-05,5.7079974794760346e-05,4.825634956359863,4.54002046585083,5.279826641082764,7.399341120617464e-05,5.7079974794760346e-05,58.49567413330078,1.3473800420761108,0.6281854868825281,0.5244403748669806,13,28,29,ML_CTL_36_0013
CTL,36.0,1033.0,9.0,6.0,36.94736862182617,342.5,-0.300705799504273,0.9537169507482269,-1.0,-1.8369701987210297e-16,4.474367141723633,8.625141143798828,215.30152893066406,4.0580620407126844e-05,86.9861068725586,3.484103202819824,5.943769931793213,237.67205810546875,0.0005023976555094123,102.7480239868164,9.381531715393066,-0.25375044345855713,265.68255615234375,0.0033694470766931772,80.53304290771484,7.647287845611572,-1.4525967836380005,278.93658447265625,0.00676796305924654,82.03874969482422,5.958078861236572,-2.574958086013794,288.9673767089844,0.01160017866641283,87.50862884521484,7.327500497922301e-05,4.2271516576875e-05,11.297947883605957,6.18907356262207,2.057521104812622,7.327500497922301e-05,5.278618846205063e-05,52.188114166259766,2.091360092163086,0.5620947259209741,0.24966776939038104,13,29,29,ML_CTL_36_0013
CTL,36.0,1014.0,9.0,12.0,31.263158798217773,307.5,-0.7933533402912352,0.6087614290087205,-1.0,-1.8369701987210297e-16,-0.5638391971588135,-3.2782890796661377,217.14492797851562,3.8733574911020696e-05,65.6451416015625,0.3580312132835388,-2.2082064151763916,237.4483642578125,0.00029499377706088126,69.54865264892578,-0.25062960386276245,-4.276388168334961,265.3362731933594,0.0017583396984264255,43.25185012817383,1.4171267747879028,-4.72784948348999,280.4425048828125,0.006183356512337923,67.79442596435547,-0.23385481536388397,-3.584481716156006,288.2183837890625,0.010528850369155407,83.42302703857422,4.064481981913559e-05,3.60490994353313e-05,0.45015954971313477,0.1453668773174286,-3.6150431632995605,4.064481981913559e-05,3.881900556734763e-05,66.82991027832031,0.45015954971313477,0.8608422867984796,1.8223033959225274,14,1,18,ML_CTL_36_0014
CTL,36.0,1015.0,9.0,18.0,31.263158798217773,310.0,-0.7660444431189781,0.6427876096865393,-1.0,-1.8369701987210297e-16,1.4918253421783447,6.521569728851318,215.35328674316406,4.1085419070441276e-05,86.5777359008789,-1.871288776397705,4.724034786224365,238.77088928222656,0.0005780652863904834,105.40847778320312,0.16457383334636688,-1.4149818420410156,267.5901184082031,0.004988902248442173,99.32694244384766,1.62259840965271,-0.11067422479391098,279.22808837890625,0.007822853513062,93.24346160888672,-0.2296617180109024,1.3175220489501953,288.4319763183594,0.011142123490571976,87.08935546875,4.5448501623468474e-05,3.3674295991659164e-05,5.48138952255249,0.23560941219329834,2.2074942588806152,4.5448501623468474e-05,4.285734394215979e-05,74.54801940917969,3.0105624198913574,0.5791515811111201,0.31929152272563943,14,2,18,ML_CTL_36_0014
CTL,36.0,1016.0,9.0,0.0,31.263158798217773,310.0,-0.7660444431189781,0.6427876096865393,-1.0,-1.8369701987210297e-16,-1.2714722156524658,5.157817363739014,214.6431884765625,3.83917213184759e-05,89.25006866455078,-4.05654764175415,4.173312664031982,238.9461212158203,0.0005834944895468652,103.94800567626953,-1.8913278579711914,-0.8554983139038086,267.8130798339844,0.005118417553603649,100.06678771972656,-0.7590833306312561,0.751665472984314,279.3399658203125,0.007854186929762363,92.8795394897461,-2.432039499282837,2.01867413520813,288.4927673339844,0.0110617121681571,86.13507080078125,4.774827539222315e-05,3.9195434510475025e-05,3.3468098640441895,-2.082094192504883,2.2491941452026367,4.774827539222315e-05,4.5265005610417575e-05,74.9660873413086,1.1279929876327515,0.6658365726317819,0.6894140771850066,14,3,18,ML_CTL_36_0014
CTL,36.0,1017.0,9.0,6.0,31.263158798217773,307.5,-0.7933533402912352,0.6087614290087205,-1.0,-1.8369701987210297e-16,-8.527392387390137,-2.0922234058380127,216.63467407226562,3.251266753068194e-05,58.44247817993164,-6.777236461639404,0.33727797865867615,237.71524047851562,0.00047118126531131566,97.12045288085938,-6.192443370819092,-4.528600692749023,266.4099426269531,0.003740848507732153,81.56623077392578,-4.37401008605957,-3.8908944129943848,280.7767333984375,0.00747993029654026,80.10712432861328,-5.375096797943115,-3.4089856147766113,288.2038879394531,0.01039981935173273,82.346923828125,4.851638732361607e-05,3.8627174944849685e-05,3.416259765625,-6.249236106872559,-2.7166850566864014,4.851638732361607e-05,4.557719876174815e-05,70.7828598022461,1.2583168745040894,0.9263280153139212,2.5316057995701504,14,4,18,ML_CTL_36_0014
CTL,36.0,1018.0,9.0,12.0,31.263158798217773,307.5,-0.7933533402912352,0.6087614290087205,-1.0,-1.8369701987210297e-16,-9.928461074829102,1.5713776350021362,215.3240203857422,4.1201539715984836e-05,88.27767181396484,-7.72633695602417,1.6842249631881714,238.72499084472656,0.0005798766505904496,105.72671508789062,-6.495072841644287,-2.8752098083496094,266.9338684082031,0.004633628763258457,97.12346649169922,-5.301480770111084,-2.238173246383667,280.7913513183594,0.007316146045923233,78.24066162109375,-6.419177532196045,-1.268521785736084,288.6089782714844,0.010640321299433708,82.10302734375,5.1282513595651835e-05,4.027395334560424e-05,4.514432430267334,-7.174105644226074,-0.6252604722976685,5.1282513595651835e-05,4.6019435103517026e-05,73.40097045898438,1.1440836191177368,0.8111895577104637,1.4577581991902946,14,5,18,ML_CTL_36_0014
CTL,36.0,1019.0,9.0,18.0,31.263158798217773,307.5,-0.7933533402912352,0.6087614290087205,-1.0,-1.8369701987210297e-16,-11.23698616027832,2.4081690311431885,215.24649047851562,4.7593155613867566e-05,102.55254364013672,-8.855101585388184,0.6386852264404297,240.4999542236328,0.0007405352080240846,108.80704498291016,-5.476889133453369,-1.7523425817489624,267.7117919921875,0.0051723504438996315,102.16529083251953,-4.494738578796387,-0.07923000305891037,280.3027648925781,0.007353110238909721,81.33929443359375,-5.8260016441345215,1.1619271039962769,288.8016052246094,0.010617287829518318,80.94876098632812,5.153570236871019e-05,4.756261841976084e-05,5.552645683288574,-7.177942752838135,0.47544175386428833,5.153570236871019e-05,4.756261841976084e-05,74.6396255493164,2.0343544483184814,0.7270690058296129,0.9798023970122793,14,6,18,ML_CTL_36_0014
CTL,36.0,1020.0,9.0,0.0,31.263158798217773,307.5,-0.7933533402912352,0.6087614290087205,-1.0,-1.8369701987210297e-16,-13.008288383483887,0.9604429602622986,215.50579833984375,4.8060304834507406e-05,99.84938049316406,-10.953641891479492,-0.13341361284255981,241.0310516357422,0.0007723245653323829,108.41326141357422,-4.76751708984375,0.9648168087005615,267.761962890625,0.005195824429392815,102.23308563232422,-3.572838068008423,2.716859817504883,279.70465087890625,0.0074247741140425205,85.64800262451172,-4.8804545402526855,3.749415159225464,288.46795654296875,0.010515594854950905,81.92324829101562,4.9268612201558426e-05,5.170056101633236e-05,8.593023300170898,-7.436547756195068,1.651624321937561,4.9268612201558426e-05,5.170056101633236e-05,75.09660339355469,2.498009443283081,0.7413480260515944,1.0529867576641907,14,7,18,ML_CTL_36_0014
CTL,36.0,1021.0,9.0,6.0,31.263158798217773,305.0,-0.8191520442889918,0.573576436351046,-1.0,-1.8369701987210297e-16,-12.125892639160156,-0.656038761138916,215.18601989746094,4.591825563693419e-05,99.77550506591797,-11.402202606201172,-1.0361067056655884,240.16793823242188,0.0006772748311050236,105.77803802490234,-7.884175777435303,-2.3967957496643066,266.97076416015625,0.0048656826838850975,101.83483123779297,-5.627974033355713,-0.5137979388237,281.2489929199219,0.007705832365900278,79.92865753173828,-6.238608360290527,0.10450715571641922,288.430419921875,0.01086715329438448,84.76734924316406,5.196625352255069e-05,4.416240335558541e-05,5.936206340789795,-8.655771255493164,-0.8996464014053345,5.196625352255069e-05,4.416240335558541e-05,74.10232543945312,1.6671874523162842,0.7809101181970931,1.2709779928728082,14,8,18,ML_CTL_36_0014
CTL,36.0,1022.0,9.0,12.0,31.263158798217773,305.0,-0.8191520442889918,0.573576436351046,-1.0,-1.8369701987210297e-16,-11.712262153625488,-2.538701057434082,215.17117309570312,4.384027488413267e-05,95.58390045166016,-12.088129043579102,-0.9368961453437805,239.79908752441406,0.0006242076633498073,101.9683609008789,-7.070464134216309,0.7504504323005676,267.2587585449219,0.004859249107539654,99.3887710571289,-4.3674211502075195,3.440802812576294,281.0155029296875,0.007924506440758705,83.52622985839844,-4.8997087478637695,3.777203321456909,288.6313781738281,0.010338399559259415,79.55316925048828,4.960846490575932e-05,3.998130341642536e-05,9.289861679077148,-8.027597427368164,0.8985718488693237,4.960846490575932e-05,4.208275640849024e-05,73.93475341796875,1.7872722148895264,0.7613347713404501,1.1600113178020481,14,9,18,ML_CTL_36_0014
CTL,36.0,1023.0,9.0,18.0,31.263158798217773,302.5,-0.8433914458128857,0.5372996083468239,-1.0,-1.8369701987210297e-16,-9.211809158325195,-4.057058334350586,215.26165771484375,3.520893369568512e-05,75.96678924560547,-10.251850128173828,-3.8037571907043457,239.37020874023438,0.0005288874381221831,89.3056869506836,-8.652669906616211,-2.517740249633789,266.9179382324219,0.00450909836217761,94.48641967773438,-6.119146347045898,-0.951633632183075,281.79290771484375,0.009039598517119884,90.39281463623047,-6.2294020652771,-0.35975003242492676,289.16986083984375,0.010390372946858406,77.24308776855469,4.9997099267784506e-05,3.996189479948953e-05,4.750246524810791,-8.092974662780762,-2.3379876613616943,4.9997099267784506e-05,4.034036101074889e-05,73.04051208496094,0.5212166905403137,0.9052965042158762,2.2575116051992876,14,10,18,ML_CTL_36_0014
CTL,36.0,1024.0,9.0,0.0,29.36842155456543,300.0,-0.8660254037844386,0.5000000000000001,-1.0,-1.8369701987210297e-16,-6.01195764541626,-6.136991500854492,217.69882202148438,6.0279005992924795e-05,98.1324462890625,-8.963493347167969,-6.828885555267334,239.0552520751953,0.00038730009691789746,69.04228210449219,-6.672770977020264,-5.1142988204956055,266.8992614746094,0.0033036950044333935,68.4706802368164,-4.266075134277344,-3.58975887298584,282.0579833984375,0.00934415403753519,91.7648696899414,-3.4386141300201416,-2.856329917907715,289.0339050292969,0.01063959114253521,79.827392578125,4.6423814637819305e-05,3.905172707163729e-05,4.169512748718262,-5.870582103729248,-4.9052534103393555,4.6423814637819305e-05,4.1587456507841125e-05,74.20486450195312,1.2777351140975952,0.8541663594064542,1.7676594510047057,14,11,18,ML_CTL_36_0014
CTL,36.0,1025.0,9.0,6.0,29.36842155456543,300.0,-0.8660254037844386,0.5000000000000001,-1.0,-1.8369701987210297e-16,-2.349443197250366,-6.267080307006836,216.65635681152344,3.8718877476640046e-05,71.34281158447266,-7.785157680511475,-6.672532558441162,238.1764678955078,0.000347923138178885,68.14445495605469,-7.035857677459717,-3.876055955886841,266.34149169921875,0.0031718998216092587,68.41786193847656,-4.259240627288818,-1.2755882740020752,282.0892028808594,0.009859858080744743,96.6673583984375,-3.3974368572235107,-0.4127518832683563,289.2651062011719,0.010155828669667244,75.0719985961914,4.4572545448318124e-05,3.74416631530039e-05,5.947390556335449,-4.965426921844482,-3.7008023262023926,4.4572545448318124e-05,4.384293424664065e-05,77.67664337158203,0.7260996699333191,0.8831047359538245,2.0221654525409862,14,12,18,ML_CTL_36_0014
CTL,36.0,1026.0,9.0,12.0,29.36842155456543,300.0,-0.8660254037844386,0.5000000000000001,-1.0,-1.8369701987210297e-16,-1.0864660739898682,-5.654120445251465,216.56158447265625,2.411927198409103e-05,44.6279411315918,-6.637355804443359,-5.550300121307373,237.87338256835938,0.0002660326717887074,54.03944778442383,-7.538487911224365,-2.342900514602661,266.194091796875,0.002718954114243388,57.39241409301758,-4.341085910797119,0.8026852607727051,282.057373046875,0.009692142717540264,95.17015838623047,-2.992480516433716,2.309225559234619,289.2074279785156,0.01023802999407053,75.9443588256836,4.1380233597010374e-05,3.251726957387291e-05,8.188270568847656,-4.5191755294799805,-2.0870819091796875,4.1380233597010374e-05,4.2991920054191723e-05,80.62017059326172,2.377330780029297,0.8656363802842846,1.8629152313803097,14,13,18,ML_CTL_36_0014
CTL,36.0,1027.0,9.0,18.0,29.36842155456543,297.5,-0.8870108331782216,0.4617486132350341,-1.0,-1.8369701987210297e-16,-0.3771999478340149,-4.314706325531006,217.61184692382812,5.987472468405031e-05,98.70975494384766,-5.774674415588379,-6.852214813232422,238.05288696289062,0.00023440543736796826,47.276405334472656,-7.7473344802856445,-5.359383583068848,266.9617614746094,0.0026132885832339525,51.97733688354492,-5.044924736022949,-2.9184627532958984,282.5816650390625,0.009771985001862049,92.5919189453125,-3.9557807445526123,-2.3005740642547607,289.4407043457031,0.010828344151377678,79.17511749267578,4.109649671590887e-05,2.5399576770723797e-05,4.106454849243164,-4.579982757568359,-4.349068641662598,4.109649671590887e-05,4.321104643167928e-05,78.57878112792969,0.3798123896121979,0.7673141128774852,1.1932068318300164,14,14,18,ML_CTL_36_0014
CTL,36.0,1028.0,9.0,0.0,27.473684310913086,297.5,-0.8870108331782216,0.4617486132350341,-1.0,-1.8369701987210297e-16,3.7575578689575195,1.1623457670211792,219.18048095703125,7.597415969939902e-05,99.8153076171875,-2.4330055713653564,-3.9023752212524414,238.5552978515625,0.00033083968446590006,66.7630386352539,-3.675602674484253,-3.783184289932251,266.19744873046875,0.0028053068090230227,59.83904266357422,-0.45604151487350464,-1.3207229375839233,282.1590881347656,0.00929615180939436,90.65934753417969,1.1700096130371094,0.032945673912763596,289.37396240234375,0.010315821506083012,75.8021240234375,4.0929044189397246e-05,3.954147905460559e-05,2.82328724861145,-0.32741647958755493,-1.5621981620788574,4.0929044189397246e-05,4.6140510676195845e-05,80.19931030273438,0.8882730007171631,0.7596154439931884,1.1505723527787595,14,15,18,ML_CTL_36_0014
CTL,36.0,1029.0,9.0,6.0,27.473684310913086,297.5,-0.8870108331782216,0.4617486132350341,-1.0,-1.8369701987210297e-16,5.907102108001709,3.335634469985962,219.3131561279297,7.700782589381561e-05,99.8468017578125,-0.19969040155410767,-0.9975956082344055,238.3225555419922,0.0002687549567781389,57.74993133544922,-3.389577627182007,-2.667625904083252,265.6770935058594,0.002518144203349948,55.02682876586914,-0.26736950874328613,-0.6360347270965576,281.88916015625,0.009806785732507706,97.42501831054688,1.459524154663086,0.7840932607650757,289.35760498046875,0.010214926674962044,75.15240478515625,4.011036435258575e-05,3.696179555845447e-05,5.127505302429199,0.7019977569580078,-0.036305688321590424,4.011036435258575e-05,4.4784708734368905e-05,80.61795043945312,1.6467522382736206,0.719890225177257,0.9439171560795936,14,16,18,ML_CTL_36_0014
CTL,36.0,1030.0,9.0,12.0,27.473684310913086,297.5,-0.8870108331782216,0.4617486132350341,-1.0,-1.8369701987210297e-16,5.886676788330078,4.209613800048828,219.64344787597656,8.065126894507557e-05,99.91154479980469,1.6538207530975342,1.5684839487075806,238.74026489257812,0.0003353304055053741,69.53519439697266,-2.5486037731170654,-0.11834574490785599,265.8226318359375,0.002380629535764456,51.670719146728516,-0.26762181520462036,0.3769988417625427,282.02825927734375,0.009566324763000011,94.10951232910156,1.6368862390518188,1.961449384689331,289.3604736328125,0.010182617232203484,74.91849517822266,4.086349508725107e-05,3.524881321936846e-05,4.807802200317383,1.2722315788269043,1.599640130996704,4.086349508725107e-05,3.889266008627601e-05,79.1775131225586,2.2321722507476807,0.702156850462855,0.8575898086732092,14,17,18,ML_CTL_36_0014
CTL,36.0,1031.0,9.0,18.0,27.473684310913086,297.5,-0.8870108331782216,0.4617486132350341,-1.0,-1.8369701987210297e-16,4.501360893249512,5.664618968963623,219.97000122070312,8.396584598813206e-05,99.83491516113281,2.9852335453033447,3.0531599521636963,238.6483917236328,0.00040180544601753354,79.53240966796875,-0.11791297048330307,0.9288211464881897,265.7425231933594,0.0025822895113378763,57.204891204833984,1.061680793762207,0.8613288998603821,282.2711181640625,0.00983436219394207,95.20512390136719,3.0675055980682373,2.8470425605773926,289.474365234375,0.010395792312920094,75.87298583984375,3.943084811908193e-05,3.636306064436212e-05,3.161436080932617,2.2995736598968506,2.670994520187378,3.943084811908193e-05,4.0652208554092795e-05,76.80663299560547,1.7346762418746948,0.639110943693788,0.5715074722633147,14,18,18,ML_CTL_36_0014
CTL,36.0,1022.0,9.0,12.0,36.94736862182617,260.0,-0.984807753012208,-0.17364817766693033,-1.0,-1.8369701987210297e-16,28.186246871948242,-6.207937717437744,217.97515869140625,3.081852992181666e-05,45.67493438720703,24.905620574951172,-0.629684567451477,238.70962524414062,0.0004694387607742101,90.11665344238281,11.765646934509277,0.21240508556365967,266.6499938964844,0.0037630947772413492,81.56810760498047,9.283467292785645,-1.2514442205429077,282.771240234375,0.008268308825790882,77.39337921142578,7.350963592529297,-0.7119011878967285,295.8706970214844,0.010152841918170452,49.713470458984375,8.317890751641244e-05,1.9883686036337167e-05,21.5479793548584,16.298389434814453,-1.71771240234375,8.317890751641244e-05,2.0335704903118312e-05,85.9992446899414,13.284751892089844,0.6128255367714877,0.45920488901358336,15,1,8,ML_CTL_36_0015
CTL,36.0,1023.0,9.0,18.0,36.94736862182617,262.5,-0.9914448613738104,-0.13052619222005163,-1.0,-1.8369701987210297e-16,27.925413131713867,-1.9071309566497803,217.89739990234375,2.209337799286004e-05,34.078765869140625,25.667022705078125,1.805878758430481,238.38319396972656,0.0004443769867066294,83.25355529785156,14.136853218078613,0.27739691734313965,266.19305419921875,0.0038848361000418663,86.30191040039062,10.466999053955078,1.8609544038772583,282.2995300292969,0.009098820388317108,88.12432861328125,4.21254825592041,7.779458999633789,293.368408203125,0.010919679887592793,62.40034866333008,9.102626063395292e-05,1.755160883476492e-05,25.615034103393555,16.481767654418945,1.9633115530014038,9.102626063395292e-05,3.0190081815817393e-05,84.94642639160156,13.354454040527344,0.6761085931220036,0.7359454081991135,15,2,8,ML_CTL_36_0015
CTL,36.0,1024.0,9.0,0.0,36.94736862182617,262.5,-0.9914448613738104,-0.13052619222005163,-1.0,-1.8369701987210297e-16,29.330324172973633,0.36407536268234253,219.2020721435547,1.7525946532259695e-05,23.38002586364746,27.907316207885742,1.6467151641845703,238.02430725097656,0.0001199422258650884,23.383636474609375,12.05573844909668,-0.4770759046077728,265.4538269042969,0.0015400332631543279,36.0157356262207,8.032113075256348,-2.2300143241882324,281.43341064453125,0.008458924479782581,86.11128234863281,4.625030517578125,2.3972866535186768,293.5751647949219,0.011612525209784508,65.4762191772461,9.514595149084926e-05,1.5021030776551925e-05,24.788818359375,16.390104293823242,0.3401973843574524,9.514595149084926e-05,3.1988081900635734e-05,88.8507308959961,12.982879638671875,0.8227012313502613,1.534756842846094,15,3,8,ML_CTL_36_0015
CTL,36.0,1025.0,9.0,6.0,36.94736862182617,265.0,-0.9961946980917455,-0.08715574274765825,-1.0,-1.8369701987210297e-16,28.9868106842041,0.9049303531646729,219.2578125,1.726261143630836e-05,22.829153060913086,24.980363845825195,3.4666337966918945,237.4844512939453,6.147399108158424e-05,13.39892292022705,11.816705703735352,4.140678882598877,264.0395202636719,0.0023513392079621553,61.726139068603516,9.674407958984375,1.5933867692947388,281.11090087890625,0.009279695339500904,96.53809356689453,8.417673110961914,6.001429080963135,293.6876525878906,0.011465998366475105,64.31362915039062,0.0001003736542770639,1.0216895134362858e-05,21.191123962402344,16.775192260742188,3.221411943435669,0.0001003736542770639,3.741884938790463e-05,86.30130767822266,13.163834571838379,0.8045940714715948,1.4152588115743967,15,4,8,ML_CTL_36_0015
CTL,36.0,1026.0,9.0,12.0,36.94736862182617,267.5,-0.9990482215818578,-0.04361938736533613,-1.0,-1.8369701987210297e-16,26.69898796081543,2.9158036708831787,218.94325256347656,9.959376257029362e-06,13.394688606262207,22.48212242126465,9.007863998413086,236.64007568359375,0.00016994609904941171,40.514347076416016,13.649169921875,6.676910877227783,263.9001159667969,0.002936355071142316,78.35661315917969,10.27259349822998,3.4106571674346924,281.1930847167969,0.009404602460563183,97.4770278930664,7.1995720863342285,5.482359886169434,291.3222961425781,0.012256907299160957,79.62985229492188,8.270313264802098e-05,6.415380994440056e-06,19.667598724365234,16.060489654541016,5.498719215393066,8.270313264802098e-05,4.218922549625859e-05,84.10051727294922,15.380766868591309,0.6755976762339022,0.7336132598790348,15,5,8,ML_CTL_36_0015
CTL,36.0,1027.0,9.0,18.0,36.94736862182617,267.5,-0.9990482215818578,-0.04361938736533613,-1.0,-1.8369701987210297e-16,25.05756378173828,3.610199451446533,219.51458740234375,1.4897637811372988e-05,18.918794631958008,22.496482849121094,6.965474605560303,237.2583465576172,0.00017531418416183442,40.958316802978516,15.122989654541016,3.6977434158325195,264.4068603515625,0.0008586002513766289,21.717838287353516,10.081681251525879,3.2246434688568115,281.12115478515625,0.007431553676724434,76.3763656616211,3.4941022396087646,2.044358968734741,290.9345703125,0.012809918262064457,85.25970458984375,7.360058953054249e-05,2.3202561351354234e-05,21.6202392578125,15.250564575195312,3.9084839820861816,7.360058953054249e-05,4.034684025100432e-05,79.3208236694336,14.740409851074219,0.7124057535220572,0.9070970072805675,15,6,8,ML_CTL_36_0015
CTL,36.0,1028.0,9.0,0.0,36.94736862182617,267.5,-0.9990482215818578,-0.04361938736533613,-1.0,-1.8369701987210297e-16,25.348003387451172,0.24418167769908905,220.3821563720703,1.3264585504657589e-05,15.168240547180176,22.197031021118164,1.778660535812378,236.94039916992188,0.00015204759256448597,35.377506256103516,12.945268630981445,0.4751419723033905,264.1261901855469,0.000528751581441611,14.000924110412598,7.54515266418457,1.7554134130477905,280.4787902832031,0.004901285748928785,51.41150665283203,2.8328123092651367,-0.21862562000751495,290.1860046386719,0.013149254024028778,91.70962524414062,6.91921595716849e-05,2.914284232247155e-05,22.519947052001953,14.173652648925781,0.8069543838500977,6.91921595716849e-05,3.727090734173544e-05,72.46085357666016,14.457904815673828,0.7016056042053566,0.8549553414718163,15,7,8,ML_CTL_36_0015
CTL,36.0,1029.0,9.0,6.0,36.94736862182617,270.0,-1.0,-1.8369701987210297e-16,-1.0,-1.8369701987210297e-16,24.21668815612793,-0.0068921842612326145,220.71148681640625,1.2847739526478108e-05,14.121709823608398,20.936460494995117,2.785362958908081,236.06700134277344,9.9170945759397e-05,24.6151123046875,12.489831924438477,3.2464327812194824,263.31573486328125,0.0005981822032481432,16.50716781616211,8.525370597839355,4.59135103225708,279.3065185546875,0.0068808626383543015,80.38636016845703,6.506453514099121,3.2902908325195312,289.8679504394531,0.01364380307495594,97.19379425048828,5.333916124072857e-05,2.6764764697873034e-05,18.014545440673828,14.534960746765137,2.781309127807617,5.333916124072857e-05,3.985985676990822e-05,74.1086654663086,14.769810676574707,0.5884677096451717,0.35763456936617954,15,8,8,ML_CTL_36_0015
CTL,36.0,1034.0,9.0,12.0,33.157894134521484,302.5,-0.8433914458128857,0.5372996083468239,-1.0,-1.8369701987210297e-16,5.856131076812744,12.04969310760498,216.62342834472656,5.7098539400612935e-05,103.08199310302734,1.254235029220581,11.152963638305664,241.60546875,0.0007758984575048089,104.11557006835938,1.0284247398376465,3.024358034133911,268.481201171875,0.005437473766505718,101.30813598632812,-0.5937837362289429,3.776914358139038,278.2529296875,0.007888478226959705,100.6772232055664,-1.050965428352356,5.8494873046875,288.6770935058594,0.010404941625893116,80.09795379638672,5.0192291382700205e-05,5.2834289817838e-05,9.281730651855469,1.298808217048645,7.17068338394165,5.0192291382700205e-05,5.2834289817838e-05,82.69258880615234,0.6195271015167236,0.56657948740446,0.2679089663241552,16,1,10,ML_CTL_36_0016
CTL,36.0,1035.0,9.0,18.0,33.157894134521484,302.5,-0.8433914458128857,0.5372996083468239,-1.0,-1.8369701987210297e-16,2.5436036586761475,10.80665111541748,216.97158813476562,5.848996079294011e-05,100.43893432617188,4.123553276062012,9.659412384033203,241.8207244873047,0.0008429830195382237,110.21367645263672,6.391903877258301,0.25704294443130493,268.4909362792969,0.005452652927488089,101.3364028930664,3.934735059738159,2.5231590270996094,279.5334167480469,0.008234772831201553,96.1458511352539,2.7369251251220703,4.584077835083008,289.0051574707031,0.01091633178293705,82.21949005126953,5.6982418755069375e-05,5.86745300097391e-05,6.2255754470825195,3.9461441040039062,5.56606912612915,5.6982418755069375e-05,6.627468974329531e-05,82.14471435546875,5.799108505249023,0.6043574749250801,0.42365477966041243,16,2,10,ML_CTL_36_0016
CTL,36.0,1036.0,9.0,0.0,35.05263137817383,305.0,-0.8191520442889918,0.573576436351046,-1.0,-1.8369701987210297e-16,6.323338985443115,10.34106731414795,217.52085876464844,6.300803943304345e-05,100.27632141113281,8.192331314086914,5.969418048858643,241.98756408691406,0.0009263076935894787,121.69762420654297,5.041949272155762,3.7031893730163574,268.3133850097656,0.005398883018642664,101.95028686523438,3.0464870929718018,7.108278751373291,278.0726318359375,0.0077964309602975845,100.67806243896484,1.6241981983184814,8.219179153442383,287.960205078125,0.01143238227814436,92.10977172851562,5.711464109481312e-05,7.953165186336264e-05,5.155999660491943,4.845661640167236,7.0682268142700195,5.711464109481312e-05,7.953165186336264e-05,80.59558868408203,5.155999660491943,0.5959146261333349,0.38847123497405667,16,3,10,ML_CTL_36_0016
CTL,36.0,1037.0,9.0,6.0,35.05263137817383,305.0,-0.8191520442889918,0.573576436351046,-1.0,-1.8369701987210297e-16,10.437066078186035,7.5710129737854,217.3489532470703,4.913352313451469e-05,81.36529541015625,12.231766700744629,5.5548930168151855,240.55577087402344,0.0005433225305750966,81.93501281738281,9.250528335571289,0.2872793972492218,268.2701416015625,0.0052113900892436504,97.86734771728516,7.151009559631348,2.630354881286621,280.3864440917969,0.008064468391239643,88.88497161865234,5.6413655281066895,3.965857982635498,288.60821533203125,0.011269168928265572,87.08897399902344,6.570272671524435e-05,5.2947751100873575e-05,5.999657154083252,8.942346572875977,4.001879692077637,6.570272671524435e-05,6.906549970153719e-05,79.58580780029297,5.999657154083252,0.8468513315379688,1.7101160167757588,16,4,10,ML_CTL_36_0016
CTL,36.0,1038.0,9.0,12.0,36.94736862182617,307.5,-0.7933533402912352,0.6087614290087205,-1.0,-1.8369701987210297e-16,14.985233306884766,8.195496559143066,217.84742736816406,4.7950412408681586e-05,74.958740234375,13.719847679138184,5.535506248474121,240.67987060546875,0.0004960648948326707,73.09261322021484,8.500509262084961,-1.2719812393188477,267.8976135253906,0.005012484733015299,96.56340026855469,5.02278995513916,2.743922233581543,279.6040344238281,0.0076582650654017925,89.06202697753906,3.538391351699829,5.024358749389648,288.56915283203125,0.01134173572063446,87.853271484375,6.148837564978749e-05,5.058743408881128e-05,11.877975463867188,9.153353691101074,4.0454607009887695,6.148837564978749e-05,6.838392437202856e-05,81.82107543945312,3.39310359954834,0.8689759989472184,1.8919349851579605,16,5,10,ML_CTL_36_0016
CTL,36.0,1039.0,9.0,18.0,36.94736862182617,310.0,-0.7660444431189781,0.6427876096865393,-1.0,-1.8369701987210297e-16,15.990998268127441,6.926156997680664,217.78799438476562,3.90102322853636e-05,61.38847351074219,18.54624366760254,2.1592886447906494,241.04443359375,0.0003545373328961432,51.57474136352539,11.87175178527832,-3.2326245307922363,268.08892822265625,0.0049324375577270985,92.33695220947266,10.043967247009277,2.3281002044677734,280.76666259765625,0.008067299611866474,86.55709075927734,8.088680267333984,5.145651817321777,288.9005432128906,0.01161807868629694,88.05609130859375,5.913205677643418e-05,3.860414290102199e-05,8.100421905517578,12.90832805633545,2.6653146743774414,5.913205677643418e-05,5.9094527387060225e-05,82.55565643310547,5.635255336761475,0.9153024446549269,2.3801678125379064,16,6,10,ML_CTL_36_0016
CTL,36.0,1040.0,9.0,0.0,36.94736862182617,312.5,-0.7372773368101242,0.6755902076156601,-1.0,-1.8369701987210297e-16,19.644941329956055,4.035580635070801,217.66893005371094,2.998784839292057e-05,48.699623107910156,19.965892791748047,-1.5359677076339722,241.02783203125,0.00023466601851396263,33.490936279296875,11.741065979003906,-3.6843619346618652,267.5841979980469,0.0042838105000555515,81.7900161743164,11.158723831176758,0.48303496837615967,281.3468933105469,0.00801045261323452,82.6236343383789,10.035802841186523,3.5595107078552246,288.97735595703125,0.01174398884177208,88.54773712158203,5.470672476803884e-05,2.5683628336992115e-05,9.62092399597168,14.509284973144531,0.5715593099594116,5.470672476803884e-05,4.8114281526068226e-05,81.6191177368164,4.014544486999512,0.9376324095679123,2.7103122283964383,16,7,10,ML_CTL_36_0016
CTL,36.0,1041.0,9.0,6.0,36.94736862182617,315.0,-0.7071067811865477,0.7071067811865474,-1.0,-1.8369701987210297e-16,23.357677459716797,-0.374019056558609,217.6609344482422,2.650090209499467e-05,43.8742790222168,19.495628356933594,-3.301605463027954,240.80361938476562,0.00013726321049034595,20.255849838256836,11.513653755187988,-3.901608467102051,267.04620361328125,0.003533337265253067,69.72750854492188,10.605443954467773,-1.400132179260254,281.8494873046875,0.008038335479795933,80.1216049194336,10.2324800491333,1.834380865097046,289.0159912109375,0.011834603734314442,89.00198364257812,5.2554569265339524e-05,1.5614759831805713e-05,13.30968952178955,15.040977478027344,-1.4285968542099,5.2554569265339524e-05,3.295630813227035e-05,79.7839584350586,3.464094400405884,0.9474372479017633,2.8917529717527852,16,8,10,ML_CTL_36_0016
CTL,36.0,1042.0,9.0,12.0,36.94736862182617,317.5,-0.6755902076156605,0.7372773368101239,-1.0,-1.8369701987210297e-16,24.2586727142334,-5.485148906707764,217.6591796875,2.3199016141006723e-05,38.5897331237793,18.550928115844727,-3.5914223194122314,240.60716247558594,9.620532364351675e-05,15.11265754699707,10.694911003112793,-3.7966275215148926,267.10546875,0.002839736407622695,55.55989074707031,9.333260536193848,-1.7146655321121216,282.2928466796875,0.008167477324604988,78.90895080566406,9.668110847473145,1.6677213907241821,289.15423583984375,0.011850700713694096,88.35501861572266,5.160890214028768e-05,7.991870916157495e-06,16.249555587768555,14.501176834106445,-2.584028720855713,5.160890214028768e-05,2.4767427021288313e-05,76.12332153320312,5.906504154205322,0.9516573792884782,2.979891486362302,16,9,10,ML_CTL_36_0016
CTL,36.0,1043.0,9.0,18.0,36.94736862182617,320.0,-0.6427876096865396,0.7660444431189778,-1.0,-1.8369701987210297e-16,24.04895782470703,-9.200346946716309,217.6688995361328,2.38180800806731e-05,39.54973602294922,18.24091148376465,-4.102649211883545,240.37808227539062,8.398534555453807e-05,14.280348777770996,9.780200958251953,-4.4495415687561035,266.8839111328125,0.002552148886024952,50.520992279052734,8.223343849182129,-1.774635672569275,282.4156494140625,0.008619490079581738,82.53424072265625,8.95925235748291,1.534057855606079,289.2677307128906,0.011759709566831589,87.04439544677734,4.987107604392804e-05,1.1914825108760851e-06,18.518278121948242,13.850534439086914,-3.5986227989196777,4.987107604392804e-05,2.1650575945386663e-05,71.33369445800781,7.743386268615723,0.9337504276652073,2.645780184933563,16,10,10,ML_CTL_36_0016
CTL,36.0,1045.0,9.0,6.0,38.842105865478516,325.0,-0.5735764363510465,0.8191520442889916,-1.0,-1.8369701987210297e-16,24.38202476501465,-7.023039817810059,217.4285888671875,2.32943184528267e-05,38.44771194458008,21.633695602416992,-2.94358229637146,236.67869567871094,0.0001670153724262491,46.07411193847656,11.207674026489258,-2.436419725418091,265.38037109375,0.0012508825166150928,30.15386390686035,3.876631259918213,-2.443866729736328,280.6953125,0.007131453137844801,76.80896759033203,1.712606430053711,-1.1375170946121216,287.4683532714844,0.011077605187892914,92.11935424804688,4.9700225645210594e-05,5.111045084049692e-06,23.420970916748047,12.562527656555176,-3.196885108947754,4.9700225645210594e-05,2.3343018256127834e-05,56.94817352294922,13.051786422729492,0.842737543210116,1.6787394639707949,17,1,8,ML_CTL_36_0017
CTL,36.0,1046.0,9.0,12.0,38.842105865478516,327.5,-0.5372996083468242,0.8433914458128855,-1.0,-1.8369701987210297e-16,23.241466522216797,-2.339684247970581,216.47955322265625,3.076474240515381e-05,56.39651870727539,21.0256290435791,-0.0813758447766304,236.7220916748047,0.0002068773319479078,58.98078918457031,10.729172706604004,-2.23940110206604,265.1041564941406,0.0011611813679337502,28.176759719848633,3.735975980758667,-1.3031740188598633,280.2037353515625,0.007535296492278576,83.98518371582031,2.81954288482666,0.6959735155105591,287.33013916015625,0.011258953250944614,94.46504211425781,4.93533443659544e-05,7.841712431400083e-06,20.646312713623047,12.310358047485352,-1.053532361984253,4.93533443659544e-05,2.1878231564187445e-05,54.262123107910156,11.191306114196777,0.8006817410055735,1.3905607023797408,17,2,8,ML_CTL_36_0017
CTL,36.0,1050.0,9.0,12.0,36.94736862182617,327.5,-0.5372996083468242,0.8433914458128855,-1.0,-1.8369701987210297e-16,17.804889678955078,-6.447177886962891,216.03846740722656,2.720045085879974e-05,53.6705436706543,13.867493629455566,-2.894216299057007,236.52682495117188,0.0003240888472646475,77.73226928710938,7.533772945404053,-1.4989014863967896,264.6839599609375,0.0014494486385956407,36.89929962158203,4.249812126159668,-0.37430906295776367,281.2208251953125,0.006262314505875111,64.92601776123047,3.1503794193267822,0.32459455728530884,288.33587646484375,0.011653253808617592,91.54901123046875,4.1372913983650506e-05,5.163473133507068e-07,16.143468856811523,9.321269035339355,-2.178002119064331,4.1372913983650506e-05,7.198322236945387e-06,50.801185607910156,7.158160209655762,0.7182851915940011,0.93597145145915,17,3,8,ML_CTL_36_0017
CTL,36.0,1051.0,9.0,18.0,36.94736862182617,330.0,-0.5000000000000004,0.8660254037844384,-1.0,-1.8369701987210297e-16,18.026607513427734,-1.2816740274429321,215.57423400878906,3.0357698051375337e-05,61.674957275390625,14.326104164123535,-0.9884677529335022,236.08363342285156,0.0003305378195364028,82.87907409667969,7.950986862182617,-2.6655173301696777,264.24603271484375,0.0017176575493067503,45.18357467651367,5.466509819030762,-1.047303557395935,280.7508850097656,0.006673197261989117,71.35311126708984,4.609808444976807,-0.24166548252105713,288.029296875,0.011551362462341785,92.59597778320312,4.04705606342759e-05,3.2179664231080096e-06,13.457047462463379,10.076003074645996,-1.2449257373809814,4.04705606342759e-05,1.1261332474532537e-05,54.19792556762695,5.723384857177734,0.5810678822689106,0.3271586903699206,17,4,8,ML_CTL_36_0017
CTL,36.0,1052.0,9.0,0.0,36.94736862182617,330.0,-0.5000000000000004,0.8660254037844384,-1.0,-1.8369701987210297e-16,15.030875205993652,-1.53272545337677,216.38345336914062,2.3814025553292595e-05,44.23318099975586,12.290122985839844,-2.9110639095306396,234.9232635498047,0.00020921247778460383,55.36845016479492,7.331972122192383,-3.9179084300994873,263.7281188964844,0.0013889414258301258,41.429203033447266,5.003608703613281,-1.628865122795105,280.73284912109375,0.0052830227650702,56.64401626586914,2.6478137969970703,-1.2293479442596436,287.8983154296875,0.011278709396719933,91.17156219482422,3.862607991322875e-05,9.145155672740657e-06,12.3867769241333,8.460878372192383,-2.2439823150634766,3.862607991322875e-05,1.6446825611637905e-05,50.80158996582031,5.6407856941223145,0.7490994664635987,1.0938151938566754,17,5,8,ML_CTL_36_0017
CTL,36.0,1054.0,9.0,12.0,36.94736862182617,335.0,-0.4226182617406992,0.90630778703665,-1.0,-1.8369701987210297e-16,14.194600105285645,0.06152360141277313,215.87254333496094,2.4082268282654695e-05,48.50371551513672,8.632573127746582,-1.552419900894165,234.23834228515625,0.00011894378258148208,35.790470123291016,4.094180583953857,-4.449851036071777,263.66070556640625,0.001549259410239756,43.87215042114258,2.6213645935058594,-2.832549571990967,280.7640380859375,0.004401995800435543,47.17831802368164,1.5092183351516724,-2.3025686740875244,287.8663330078125,0.010404305532574654,84.26457977294922,4.0082133637042716e-05,7.3732080636546016e-06,12.903792381286621,6.210387229919434,-2.2151730060577393,4.0082133637042716e-05,2.2988300770521164e-05,54.60105514526367,0.3589710295200348,0.7571855274462969,1.137310641599183,17,6,8,ML_CTL_36_0017
CTL,36.0,1055.0,9.0,18.0,36.94736862182617,337.5,-0.38268343236508956,0.9238795325112868,-1.0,-1.8369701987210297e-16,12.989067077636719,-2.4212613105773926,215.50021362304688,2.144732206943445e-05,45.23969650268555,8.466301918029785,-2.0710713863372803,234.6865692138672,0.0001342401810688898,38.46037292480469,2.9986352920532227,-3.306581735610962,263.6707458496094,0.0011175994295626879,31.770076751708984,0.7985255122184753,-2.6512532234191895,280.1449890136719,0.004312481265515089,48.27375030517578,-0.09071357548236847,-0.9294896721839905,287.9324035644531,0.010255333967506886,82.70577239990234,4.018003528472036e-05,7.65065306040924e-06,13.164575576782227,5.032362937927246,-2.2759313583374023,4.018003528472036e-05,2.3815273380023427e-05,54.74639129638672,0.9506363272666931,0.7398930430919906,1.0454127202415737,17,7,8,ML_CTL_36_0017
CTL,36.0,1057.0,9.0,6.0,35.05263137817383,337.5,-0.38268343236508956,0.9238795325112868,-1.0,-1.8369701987210297e-16,9.265560150146484,0.4191313683986664,215.08041381835938,2.7371765099815093e-05,61.29810333251953,3.196470260620117,-0.45668813586235046,234.81008911132812,0.000155007466673851,43.82585144042969,1.9985709190368652,-3.0170817375183105,263.851318359375,0.001945181516930461,51.173736572265625,2.556086301803589,-2.364311933517456,280.6867370605469,0.00410034554079175,44.13076400756836,2.948403835296631,-1.5042259693145752,288.0754089355469,0.010269816033542156,81.99527740478516,3.752988050109707e-05,9.178770596918184e-06,6.603466510772705,3.993018388748169,-1.3846352100372314,3.752988050109707e-05,1.8957394786411896e-05,56.068519592285156,2.304577589035034,0.6577164312561287,0.6531343410166166,17,8,8,ML_CTL_36_0017
