experiment,year,time_index,month,hour,lat,lon,lon_sin,lon_cos,month_sin,month_cos,u_200,v_200,t_200,q_200,rh_200,u_300,v_300,t_300,q_300,rh_300,u_500,v_500,t_500,q_500,rh_500,u_700,v_700,t_700,q_700,rh_700,u_850,v_850,t_850,q_850,rh_850,zeta_850,zeta_500,wshear_850_200,steer_u_850_200,steer_v_850_200,zeta850_max_r500,zeta500_max_r500,rh700_mean_r500,shear_min_r500,prob_tc,decision_score,track_id,life_step,lifetime_steps,global_track_id
CTL,49.0,773.0,7.0,6.0,42.6315803527832,260.0,-0.984807753012208,-0.17364817766693033,-0.4999999999999997,-0.8660254037844388,16.520923614501953,-2.463163375854492,218.72125244140625,7.420656766043976e-05,99.7703857421875,11.244136810302734,-5.1388068199157715,244.21035766601562,0.0009105799254029989,98.94111633300781,2.9857380390167236,-0.36771970987319946,268.4668273925781,0.005354441702365875,100.43379211425781,-1.1305993795394897,0.12425772845745087,284.05889892578125,0.009776593185961246,83.8820571899414,2.341923952102661,3.817537307739258,295.15582275390625,0.015470348298549652,79.07759094238281,6.121034675743431e-05,3.5963457776233554e-05,15.507780075073242,6.392424583435059,-0.8055790066719055,6.121034675743431e-05,3.702397953020409e-05,84.1080322265625,7.012894153594971,0.6116430212756935,0.4542238488615842,1,1,11,ML_CTL_49_0001
CTL,49.0,774.0,7.0,12.0,40.73684310913086,260.0,-0.984807753012208,-0.17364817766693033,-0.4999999999999997,-0.8660254037844388,8.914044380187988,2.657323122024536,221.0094757080078,9.80602708295919e-05,100.0201416015625,10.373527526855469,-1.2928045988082886,243.1044464111328,0.0006119855679571629,76.5274658203125,9.868254661560059,-4.764941692352295,269.4567565917969,0.004301522858440876,74.55690002441406,4.332706928253174,-4.922645092010498,284.5819396972656,0.009203579276800156,76.07318878173828,0.8470621705055237,-5.159325122833252,296.8059997558594,0.01510579977184534,69.94790649414062,7.155149796744809e-05,3.6687728425022215e-05,11.232817649841309,6.867118835449219,-2.6964786052703857,7.155149796744809e-05,3.6687728425022215e-05,84.2856674194336,7.47014856338501,0.7527396374921129,1.1132775203882654,1,2,11,ML_CTL_49_0001
CTL,49.0,775.0,7.0,18.0,40.73684310913086,262.5,-0.9914448613738104,-0.13052619222005163,-0.4999999999999997,-0.8660254037844388,12.914892196655273,3.1996264457702637,221.78602600097656,0.00010768988431664184,99.89205169677734,13.72365951538086,-3.7069785594940186,244.01730346679688,0.0006491231033578515,73.72389221191406,6.878929615020752,-3.394346237182617,269.4966735839844,0.004727028775960207,81.63094329833984,1.6331673860549927,-2.023927927017212,284.3399658203125,0.01148513425141573,96.09283447265625,-2.820486545562744,-0.2087516039609909,295.09228515625,0.013630279339849949,70.13336944580078,6.320198008324951e-05,3.7693916965508834e-05,16.100284576416016,6.4660325050354,-1.2268755435943604,6.320198008324951e-05,3.7693916965508834e-05,78.97465515136719,3.0394511222839355,0.7670673343526112,1.1918251635985961,1,3,11,ML_CTL_49_0001
CTL,49.0,776.0,7.0,0.0,38.842105865478516,262.5,-0.9914448613738104,-0.13052619222005163,-0.4999999999999997,-0.8660254037844388,9.497620582580566,1.6634461879730225,222.66793823242188,0.00011709101090673357,99.90928649902344,11.840835571289062,-3.0352377891540527,242.51126098632812,0.0005308266263455153,70.95109558105469,11.335830688476562,-5.134153842926025,270.2514953613281,0.003551685018464923,57.61941909790039,6.652580738067627,-3.7754833698272705,284.9743347167969,0.008099229075014591,64.48181915283203,0.5508180856704712,-4.529428958892822,296.07275390625,0.015246975235641003,73.7430419921875,6.430723442463204e-05,2.7488707928569056e-05,10.881036758422852,7.975537300109863,-2.9621715545654297,6.430723442463204e-05,2.9467068088706583e-05,76.30587768554688,2.034148931503296,0.6849394043392654,0.7765653860283703,1,4,11,ML_CTL_49_0001
CTL,49.0,778.0,7.0,12.0,36.94736862182617,267.5,-0.9990482215818578,-0.04361938736533613,-0.4999999999999997,-0.8660254037844388,10.968551635742188,-0.6978917121887207,221.16004943847656,9.800436964724213e-05,99.8638916015625,11.681586265563965,-0.9112337231636047,242.0305633544922,0.0005212898249737918,72.59498596191406,11.017101287841797,-0.8972023725509644,268.3963928222656,0.0032331030815839767,60.365699768066406,9.564068794250488,-0.4803459942340851,285.53515625,0.009223838336765766,71.61892700195312,2.482542037963867,-4.101318836212158,299.5269775390625,0.011598275043070316,45.551998138427734,7.436404848704115e-05,1.7424745237804018e-05,9.143067359924316,9.142770767211914,-1.4175984859466553,7.436404848704115e-05,2.5472783818258904e-05,76.692138671875,3.7224373817443848,0.6313695141007115,0.5380965428530105,1,5,11,ML_CTL_49_0001
CTL,49.0,779.0,7.0,18.0,36.94736862182617,270.0,-1.0,-1.8369701987210297e-16,-0.4999999999999997,-0.8660254037844388,11.996603965759277,2.712146282196045,221.84693908691406,0.00010736677359091118,99.9118423461914,12.900185585021973,-0.1763537973165512,242.44876098632812,0.0005985602037981153,78.0848159790039,11.301397323608398,-2.8734776973724365,268.45269775390625,0.0035253639798611403,65.43213653564453,8.600481986999512,-2.0682003498077393,285.15435791015625,0.009759707376360893,77.67205047607422,1.0595992803573608,0.14096079766750336,296.5939636230469,0.012654419057071209,59.24446105957031,6.894644320709631e-05,1.9302904547657818e-05,11.2351713180542,9.17165470123291,-0.4529849588871002,6.894644320709631e-05,2.633040821820032e-05,74.5864486694336,0.8905189037322998,0.6458670377804661,0.6009212166245623,1,6,11,ML_CTL_49_0001
CTL,49.0,780.0,7.0,0.0,35.05263137817383,267.5,-0.9990482215818578,-0.04361938736533613,-0.4999999999999997,-0.8660254037844388,9.095240592956543,-0.12461687624454498,221.63641357421875,9.855404641712084e-05,96.72698211669922,9.955024719238281,-5.08522367477417,242.1958770751953,0.0004208881000522524,57.58137512207031,8.960559844970703,-6.032107353210449,269.6174621582031,0.0026644666213542223,44.758243560791016,8.369186401367188,-1.8530519008636475,284.8518981933594,0.007925309240818024,63.180904388427734,5.0163798332214355,-3.484433889389038,297.2542419433594,0.014386317692697048,64.76960754394531,5.9284062444930896e-05,2.3279326342162676e-05,5.284456253051758,8.279278755187988,-3.3158867359161377,6.22090301476419e-05,2.3279326342162676e-05,67.68184661865234,1.186816692352295,0.7066995157046035,0.8794079352285136,1,7,11,ML_CTL_49_0001
CTL,49.0,781.0,7.0,6.0,35.05263137817383,270.0,-1.0,-1.8369701987210297e-16,-0.4999999999999997,-0.8660254037844388,10.841469764709473,0.9088947176933289,222.28240966796875,0.00011139616253785789,99.9056625366211,9.42184829711914,-3.857759475708008,242.11114501953125,0.0004453349974937737,61.29502868652344,7.513438701629639,-4.185372352600098,269.1573486328125,0.0028978530317544937,50.70147705078125,8.596142768859863,-0.31709855794906616,284.1158752441406,0.008336828090250492,70.20084381103516,4.823911190032959,-3.2331671714782715,295.2257385253906,0.01459698285907507,74.33479309082031,5.0980532250832766e-05,2.398232572886627e-05,7.305318832397461,8.239361763000488,-2.1369006633758545,5.7882778492057696e-05,2.398232572886627e-05,69.29801940917969,1.4020023345947266,0.7055824371062092,0.8740245720163877,1,8,11,ML_CTL_49_0001
CTL,49.0,782.0,7.0,12.0,35.05263137817383,270.0,-1.0,-1.8369701987210297e-16,-0.4999999999999997,-0.8660254037844388,10.828224182128906,-2.037541627883911,220.21400451660156,6.796723755542189e-05,75.67324829101562,8.168951988220215,-6.433684825897217,241.65773010253906,0.00027674829470925033,39.66641616821289,5.67985200881958,-5.821506500244141,269.03985595703125,0.002745578996837139,48.24910354614258,6.487627983093262,-1.7210485935211182,283.9151611328125,0.007589531596750021,64.82994079589844,0.8835121989250183,-2.293107748031616,293.7415771484375,0.014206534251570702,79.24708557128906,4.2111270886380225e-05,1.7547215975355357e-05,9.94799518585205,6.409633636474609,-3.6613781452178955,4.2111270886380225e-05,2.2891879780218005e-05,61.67921447753906,1.3809378147125244,0.8046618477826163,1.4156899536408196,1,9,11,ML_CTL_49_0001
CTL,49.0,783.0,7.0,18.0,35.05263137817383,272.5,-0.9990482215818578,0.043619387365335764,-0.4999999999999997,-0.8660254037844388,12.92806625366211,1.013414978981018,220.7437286376953,9.495479753240943e-05,100.18177795410156,9.898955345153809,-3.8416249752044678,242.0955810546875,0.0003365902812220156,47.556007385253906,5.238351821899414,-5.071512699127197,269.71136474609375,0.0024847795721143484,41.6338996887207,6.623321056365967,-1.780036211013794,283.88641357421875,0.007993895560503006,68.41606903076172,3.7547013759613037,-0.9068193435668945,293.7994384765625,0.014647414907813072,81.42919158935547,3.8882131775608286e-05,1.75901750480989e-05,9.372188568115234,7.688678741455078,-2.1173157691955566,3.8882131775608286e-05,2.049402792181354e-05,61.03843307495117,0.546797513961792,0.6700400545259376,0.7083662237302479,1,10,11,ML_CTL_49_0001
CTL,49.0,784.0,7.0,0.0,35.05263137817383,272.5,-0.9990482215818578,0.043619387365335764,-0.4999999999999997,-0.8660254037844388,12.215498924255371,-3.2562363147735596,219.7337188720703,6.098195444792509e-05,73.50801086425781,9.558857917785645,-7.493243217468262,241.75071716308594,0.00020192147349007428,28.914264678955078,4.869390964508057,-6.3893723487854,269.9788513183594,0.0021118735894560814,34.356292724609375,4.742424488067627,-2.19401216506958,284.1683044433594,0.007117427419871092,59.89787673950195,1.5316240787506104,-2.586489200592041,293.0243225097656,0.014660636894404888,85.52521514892578,3.305895734229125e-05,7.705507414357271e-06,10.70484733581543,6.583559513092041,-4.3838701248168945,3.338500391691923e-05,2.0090194084332325e-05,54.8344612121582,1.1320880651474,0.7391083170831422,1.041339169513476,1,11,11,ML_CTL_49_0001
CTL,49.0,782.0,7.0,12.0,36.94736862182617,280.0,-0.9848077530122081,0.17364817766692997,-0.4999999999999997,-0.8660254037844388,23.14661407470703,5.523806095123291,220.51907348632812,9.0866866230499e-05,99.86785125732422,14.462545394897461,2.7611656188964844,243.39825439453125,0.0008617735584266484,99.98835754394531,6.452622890472412,-4.682924270629883,268.8086853027344,0.002953769639134407,53.83138656616211,5.548333644866943,-0.16597476601600647,283.0741882324219,0.010448168031871319,95.31192016601562,3.1260695457458496,1.4823390245437622,290.6554260253906,0.014801372773945332,100.27919006347656,7.049374107737094e-05,1.50885789480526e-05,20.424388885498047,10.547236442565918,0.9836822748184204,7.049374107737094e-05,3.033688699360937e-05,77.36074829101562,2.473252296447754,0.6382199339769546,0.567646473274414,2,1,15,ML_CTL_49_0002
CTL,49.0,783.0,7.0,18.0,36.94736862182617,282.5,-0.9762960071199335,0.21643961393810246,-0.4999999999999997,-0.8660254037844388,25.946096420288086,8.727375030517578,220.75808715820312,9.382431017002091e-05,99.86589813232422,15.283740043640137,1.7277178764343262,244.5074920654297,0.0009684612159617245,100.38734436035156,2.893200635910034,-6.439073085784912,268.9830322265625,0.0023104692809283733,40.70327377319336,4.955361366271973,0.21278883516788483,283.34173583984375,0.010052261874079704,90.18539428710938,4.5000739097595215,4.458921909332275,291.0603942871094,0.014504671096801758,95.76956176757812,6.564619980053976e-05,2.15170130104525e-05,21.866676330566406,10.715693473815918,1.7375462055206299,6.564619980053976e-05,4.5815628254786134e-05,77.29179382324219,0.7950423955917358,0.6286474725347787,0.5264188223203043,2,2,15,ML_CTL_49_0002
CTL,49.0,784.0,7.0,0.0,36.94736862182617,282.5,-0.9762960071199335,0.21643961393810246,-0.4999999999999997,-0.8660254037844388,25.785524368286133,4.916322708129883,220.95712280273438,9.544722706777975e-05,99.90625,13.740178108215332,-0.48527011275291443,242.11093139648438,0.0007120881928130984,95.0285873413086,1.1664221286773682,-4.388313293457031,269.8003845214844,0.001781623694114387,28.18087387084961,1.2939870357513428,-2.741164207458496,284.29681396484375,0.008702719584107399,73.04413604736328,2.316110849380493,-1.2984548807144165,291.4400634765625,0.014644128270447254,94.37205505371094,6.871394725749269e-05,6.844928066129796e-06,24.2783203125,8.860445022583008,-0.7993758916854858,6.871394725749269e-05,4.1382998460903764e-05,70.66654968261719,1.1049692630767822,0.666897349368817,0.6941854324429346,2,3,15,ML_CTL_49_0002
CTL,49.0,785.0,7.0,6.0,36.94736862182617,285.0,-0.9659258262890684,0.2588190451025203,-0.4999999999999997,-0.8660254037844388,22.815200805664062,3.4111690521240234,220.10765075683594,8.510112093063071e-05,99.54383850097656,11.984420776367188,2.4679863452911377,241.17576599121094,0.0005820308579131961,87.78347778320312,3.771205425262451,-2.8927841186523438,269.13800048828125,0.004035450518131256,63.32151794433594,2.6213510036468506,-0.3206401467323303,283.8124084472656,0.008779524825513363,76.4013442993164,2.5152809619903564,1.2743098735809326,291.09271240234375,0.01455104723572731,95.84080505371094,6.513181142508984e-05,9.629076885175891e-06,20.412076950073242,8.741491317749023,0.7880081534385681,6.513181142508984e-05,3.8455389585578814e-05,71.80924987792969,1.6326934099197388,0.6767330962894949,0.7387986411262402,2,4,15,ML_CTL_49_0002
CTL,49.0,786.0,7.0,12.0,36.94736862182617,287.5,-0.9537169507482268,0.30070579950427345,-0.4999999999999997,-0.8660254037844388,20.224586486816406,10.966940879821777,220.11961364746094,8.546789467800409e-05,99.432861328125,12.353013038635254,5.928317070007324,241.16842651367188,0.0007241674466058612,105.40093994140625,3.7107157707214355,-3.616206645965576,269.6936950683594,0.005229269154369831,85.82003021240234,4.390096187591553,0.8831383585929871,283.2174072265625,0.00970320776104927,87.99114227294922,4.371181964874268,3.56245756149292,291.3166809082031,0.014500608667731285,94.18155670166016,7.294423267012462e-05,2.3732649424346164e-05,17.497337341308594,9.009918212890625,3.5449295043945312,7.294423267012462e-05,4.723406891571358e-05,74.4574966430664,3.552274703979492,0.6365437143859501,0.5603940648741459,2,5,15,ML_CTL_49_0002
CTL,49.0,787.0,7.0,18.0,36.94736862182617,290.0,-0.9396926207859083,0.342020143325669,-0.4999999999999997,-0.8660254037844388,19.758007049560547,14.752644538879395,220.81005859375,9.431163198314607e-05,100.118896484375,11.680025100708008,3.2786052227020264,243.1241912841797,0.0009316174546256661,109.11919403076172,4.584003448486328,-1.5504913330078125,270.05206298828125,0.005451422184705734,90.29975128173828,7.521306037902832,4.916797637939453,282.8263244628906,0.010176402516663074,94.71186828613281,8.690095901489258,8.71894359588623,291.07794189453125,0.01454110350459814,95.87090301513672,7.6751530286856e-05,4.702871592598967e-05,12.605721473693848,10.446687698364258,6.0233001708984375,7.6751530286856e-05,5.768664414063096e-05,75.08084869384766,3.6394970417022705,0.7011689322063362,0.8528704223906425,2,6,15,ML_CTL_49_0002
CTL,49.0,788.0,7.0,0.0,36.94736862182617,290.0,-0.9396926207859083,0.342020143325669,-0.4999999999999997,-0.8660254037844388,20.244457244873047,9.631885528564453,220.62599182128906,8.38389532873407e-05,91.59364318847656,12.75265121459961,2.4041645526885986,241.31544494628906,0.00033403380075469613,49.132877349853516,6.164557456970215,-3.028815984725952,270.0509338378906,0.0042387391440570354,67.80603790283203,7.420362949371338,1.2706851959228516,283.8756408691406,0.009532487951219082,82.67436218261719,8.785041809082031,3.6684417724609375,291.274169921875,0.014607693068683147,95.10282135009766,8.354219608008862e-05,2.644680716912262e-05,12.918237686157227,11.07341480255127,2.7892720699310303,8.354219608008862e-05,5.498976315720938e-05,70.33053588867188,2.7570910453796387,0.9371291979045583,2.7017392970565806,2,7,15,ML_CTL_49_0002
CTL,49.0,789.0,7.0,6.0,38.842105865478516,292.5,-0.9238795325112866,0.38268343236509,-0.4999999999999997,-0.8660254037844388,19.027952194213867,10.298948287963867,219.86569213867188,7.73808715166524e-05,93.23130798339844,13.865406036376953,8.055953025817871,241.08636474609375,0.00029114767676219344,46.69165802001953,8.522903442382812,-0.10767732560634613,269.2281494140625,0.0027915521059185266,49.232635498046875,7.30128288269043,2.494081735610962,283.193115234375,0.009188702329993248,83.44648742675781,6.811435699462891,3.77590012550354,290.8274230957031,0.014430202543735504,96.66433715820312,8.590084325987846e-05,2.2615717170992866e-05,13.848950386047363,11.105795860290527,4.903440952301025,8.590084325987846e-05,4.93925872433465e-05,69.1850357055664,3.778286933898926,0.9558186448375662,3.074265321818335,2,8,15,ML_CTL_49_0002
CTL,49.0,790.0,7.0,12.0,40.73684310913086,295.0,-0.9063077870366498,0.4226182617406996,-0.4999999999999997,-0.8660254037844388,20.468839645385742,15.997197151184082,219.3885498046875,7.15885398676619e-05,91.8842544555664,17.239360809326172,12.070094108581543,240.73135375976562,0.00030473180231638253,49.60502624511719,9.915260314941406,2.061418294906616,268.5777282714844,0.0028526075184345245,50.74880599975586,6.655673027038574,3.653607130050659,283.07177734375,0.00890440121293068,81.5260238647461,5.246079444885254,4.298429489135742,290.7965087890625,0.014135031960904598,94.88739776611328,8.411912858719006e-05,1.8375198123976588e-05,19.19879150390625,11.90504264831543,7.61614990234375,8.411912858719006e-05,4.400664329295978e-05,67.01573181152344,4.655280113220215,0.9396564150781987,2.7454596485779663,2,9,15,ML_CTL_49_0002
CTL,49.0,791.0,7.0,18.0,40.73684310913086,297.5,-0.8870108331782216,0.4617486132350341,-0.4999999999999997,-0.8660254037844388,22.214675903320312,15.623037338256836,219.85475158691406,6.485654012067243e-05,79.20598602294922,19.38323402404785,12.637289047241211,240.9029083251953,0.00034621029044501483,51.77301025390625,13.917696952819824,4.041952610015869,268.7738342285156,0.0029651066288352013,52.615257263183594,13.188990592956543,6.312081813812256,283.5036926269531,0.008625729009509087,76.65898895263672,12.763375282287598,8.054903984069824,290.69219970703125,0.014287985861301422,96.54385375976562,7.725127215962857e-05,2.0293460693210363e-05,12.108002662658691,16.293594360351562,9.333852767944336,7.725127215962857e-05,3.9022859709803015e-05,67.19999694824219,1.971786379814148,0.9292657818829473,2.5754653463389086,2,10,15,ML_CTL_49_0002
CTL,49.0,792.0,7.0,0.0,42.6315803527832,300.0,-0.8660254037844386,0.5000000000000001,-0.4999999999999997,-0.8660254037844388,26.422157287597656,14.536544799804688,220.4320526123047,3.214125899830833e-05,37.33238983154297,21.521257400512695,12.705277442932129,239.2562255859375,0.0002108097542077303,36.87504577636719,14.495969772338867,5.725221157073975,267.6956787109375,0.0020098413806408644,38.531654357910156,11.107086181640625,4.88296365737915,282.9067077636719,0.007888305000960827,72.90107727050781,10.626398086547852,5.640521049499512,290.0237121582031,0.014187968336045742,100.03362274169922,7.158545486163348e-05,1.1560710845515132e-05,18.128576278686523,16.83457374572754,8.698105812072754,7.158545486163348e-05,3.208135240129195e-05,67.23336029052734,4.496606349945068,0.9399026163319122,2.7498099626336656,2,11,15,ML_CTL_49_0002
CTL,49.0,793.0,7.0,6.0,44.52631759643555,305.0,-0.8191520442889918,0.573576436351046,-0.4999999999999997,-0.8660254037844388,29.02086639404297,11.784478187561035,219.90771484375,2.8502247005235404e-05,34.622825622558594,23.00604820251465,12.464569091796875,238.483154296875,0.00032174945226870477,60.327919006347656,15.43692684173584,5.373659133911133,266.39361572265625,0.0029567659366875887,63.78911590576172,11.737405776977539,7.125759601593018,281.5650329589844,0.009158960543572903,92.80335998535156,11.309191703796387,7.884003162384033,289.7043151855469,0.013959909789264202,100.47775268554688,6.520679744426161e-05,1.606101250217762e-05,18.136072158813477,18.102087020874023,8.926493644714355,6.520679744426161e-05,2.401169876975473e-05,76.89990997314453,6.020570278167725,0.8759567872057068,1.9546867648728297,2,12,15,ML_CTL_49_0002
CTL,49.0,794.0,7.0,12.0,46.421051025390625,307.5,-0.7933533402912352,0.6087614290087205,-0.4999999999999997,-0.8660254037844388,29.089374542236328,8.154452323913574,220.49513244628906,1.8179074686486274e-05,20.118377685546875,23.141817092895508,8.510793685913086,237.07586669921875,0.00028197653591632843,61.72385025024414,14.451122283935547,4.758476734161377,265.5263977050781,0.0021631040144711733,48.92690658569336,7.823366641998291,4.238908290863037,281.5241394042969,0.009015643037855625,91.53840637207031,4.86838436126709,3.978034734725952,289.58721923828125,0.013765336014330387,99.83248901367188,5.574302122113295e-05,1.1844765140267555e-05,24.578420639038086,15.874812126159668,5.928133010864258,5.574302122113295e-05,1.509980847913539e-05,77.56168365478516,7.262349605560303,0.7875634799928771,1.3103007626080627,2,13,15,ML_CTL_49_0002
CTL,49.0,795.0,7.0,18.0,46.421051025390625,312.5,-0.7372773368101242,0.6755902076156601,-0.4999999999999997,-0.8660254037844388,31.6552734375,2.9964346885681152,220.6675262451172,1.8435192032484338e-05,20.034868240356445,25.986690521240234,4.810474395751953,237.3056182861328,0.00028442873735912144,61.051292419433594,17.51120948791504,2.3543519973754883,265.4773254394531,0.0025380828883498907,57.369110107421875,12.2755765914917,3.3179852962493896,281.34869384765625,0.00918856542557478,94.48301696777344,11.146932601928711,4.066109657287598,289.5868225097656,0.013733831234276295,99.60533142089844,5.2226554544176906e-05,1.0953039236483164e-05,20.536218643188477,19.715137481689453,3.5090713500976562,5.2226554544176906e-05,1.2869346392108127e-05,80.90479278564453,7.817539215087891,0.7863643249196567,1.3031480914410842,2,14,15,ML_CTL_49_0002
CTL,49.0,796.0,7.0,0.0,46.421051025390625,320.0,-0.6427876096865396,0.7660444431189778,-0.4999999999999997,-0.8660254037844388,34.385154724121094,-3.0211520195007324,219.31625366210938,2.324194610991981e-05,29.775218963623047,28.28036880493164,-0.7675604224205017,236.40953063964844,0.0003575253940653056,85.0988540649414,19.151987075805664,-1.1505522727966309,264.2676086425781,0.003690598998218775,95.5000228881836,14.330936431884766,0.484784871339798,280.46014404296875,0.00902051292359829,98.59130096435547,12.745105743408203,1.5611464977264404,288.96728515625,0.013224250636994839,99.77144622802734,4.7914087190292776e-05,6.8505701165122446e-06,22.119882583618164,21.778711318969727,-0.578666627407074,4.7914087190292776e-05,1.303074441239005e-05,89.56896209716797,10.157737731933594,0.5638891343587503,0.25696117187038214,2,15,15,ML_CTL_49_0002
CTL,49.0,800.0,7.0,0.0,16.105262756347656,342.5,-0.300705799504273,0.9537169507482269,-0.4999999999999997,-0.8660254037844388,-12.885234832763672,7.795042514801025,220.37432861328125,4.7169112804112956e-05,54.19557189941406,-11.619556427001953,3.040839672088623,244.1685333251953,0.00034794106613844633,36.70994186401367,-10.21547794342041,-3.4840385913848877,270.0975646972656,0.005786915309727192,92.88365936279297,-6.054414749145508,-4.302213668823242,283.7857971191406,0.008591203019022942,74.99109649658203,-1.0417988300323486,1.9479055404663086,292.59344482421875,0.012790754437446594,77.35672760009766,5.381000664783642e-05,2.5681987608550116e-05,13.208179473876953,-8.363295555114746,0.9995071291923523,5.381000664783642e-05,4.231705315760337e-05,62.89387512207031,1.3525232076644897,0.6083708488408874,0.4404692957265568,3,1,9,ML_CTL_49_0003
CTL,49.0,801.0,7.0,6.0,16.105262756347656,342.5,-0.300705799504273,0.9537169507482269,-0.4999999999999997,-0.8660254037844388,-10.884427070617676,8.62285327911377,220.2772674560547,5.5963133490877226e-05,63.55617141723633,-11.564482688903809,0.26283666491508484,243.77288818359375,0.0005284023354761302,57.45261001586914,-13.926321029663086,-1.3954452276229858,270.10986328125,0.005825163330882788,94.07694244384766,-6.796026229858398,0.5210714936256409,283.5595703125,0.008547287434339523,75.72346496582031,-2.036996841430664,3.3724944591522217,291.3369140625,0.013353733345866203,86.95205688476562,5.6917495385278016e-05,3.48936409864109e-05,10.288016319274902,-9.041650772094727,2.2767622470855713,5.6917495385278016e-05,5.649808008456603e-05,66.869873046875,0.8529990911483765,0.7256024599807296,0.9724243581991114,3,2,9,ML_CTL_49_0003
CTL,49.0,802.0,7.0,12.0,16.105262756347656,340.0,-0.3420201433256686,0.9396926207859084,-0.4999999999999997,-0.8660254037844388,-8.933920860290527,7.576060771942139,220.6438751220703,5.887111183255911e-05,64.40084838867188,-12.07646369934082,-1.6590921878814697,244.18484497070312,0.0003276166971772909,35.30453109741211,-14.092836380004883,-1.9529175758361816,270.90350341796875,0.005359054543077946,80.18370056152344,-5.938987731933594,-2.155550956726074,283.85906982421875,0.008985979482531548,78.04364776611328,-2.682441473007202,-0.2524159252643585,293.00335693359375,0.011499041691422462,67.42778015136719,6.210208084667102e-05,3.176072277710773e-05,10.018285751342773,-8.744929313659668,0.3112167716026306,6.210208084667102e-05,5.7271452533314005e-05,63.276702880859375,2.25190806388855,0.7515097680586575,1.10668067050963,3,3,9,ML_CTL_49_0003
CTL,49.0,803.0,7.0,18.0,16.105262756347656,340.0,-0.3420201433256686,0.9396926207859084,-0.4999999999999997,-0.8660254037844388,-8.26640796661377,3.7251343727111816,221.02969360351562,6.693701288895682e-05,70.20118713378906,-15.167929649353027,-2.9351041316986084,244.499755859375,0.00023568858159705997,26.29105567932129,-16.146652221679688,1.2298719882965088,270.87908935546875,0.0051913135685026646,77.54470825195312,-7.45150899887085,1.2565739154815674,283.7408447265625,0.00864923745393753,75.7212905883789,-3.59743070602417,2.7600648403167725,291.25262451171875,0.012405955232679844,81.2306137084961,5.6870136177167296e-05,4.1496899939375e-05,4.767673015594482,-10.125986099243164,1.2073081731796265,5.6870136177167296e-05,5.4089083278086036e-05,64.17483520507812,1.5707496404647827,0.7605896017117512,1.1559146972668946,3,4,9,ML_CTL_49_0003
CTL,49.0,804.0,7.0,0.0,16.105262756347656,337.5,-0.38268343236508956,0.9238795325112868,-0.4999999999999997,-0.8660254037844388,-8.4693603515625,1.303318977355957,220.94541931152344,5.8084737247554585e-05,61.609127044677734,-15.598334312438965,-2.5078234672546387,244.54612731933594,0.00017127319006249309,19.36343765258789,-15.53870964050293,0.33945924043655396,270.291748046875,0.0049733263440430164,77.34827423095703,-8.143580436706543,-1.5853803157806396,283.6793518066406,0.008633132092654705,75.88201141357422,-5.1763105392456055,0.2710495889186859,290.8670959472656,0.012576364912092686,84.67134857177734,5.507902824319899e-05,3.94368362321984e-05,3.4510514736175537,-10.585260391235352,-0.4358752369880676,5.507902824319899e-05,5.0729726353893057e-05,61.662254333496094,3.4510514736175537,0.7751119009140164,1.2374044661109842,3,5,9,ML_CTL_49_0003
CTL,49.0,805.0,7.0,6.0,16.105262756347656,335.0,-0.4226182617406992,0.90630778703665,-0.4999999999999997,-0.8660254037844388,-9.290791511535645,-1.452580451965332,220.86111450195312,4.871308556175791e-05,52.282649993896484,-15.574108123779297,-1.7522401809692383,244.4857177734375,0.00014456156350206584,16.539106369018555,-14.931770324707031,-0.39673683047294617,270.0014343261719,0.004709477070719004,74.3965072631836,-9.432351112365723,-2.7026803493499756,283.8490905761719,0.008078849874436855,70.19458770751953,-6.304152488708496,-1.233307957649231,290.0824890136719,0.01272091269493103,89.78507232666016,5.001254612579942e-05,3.587694664020091e-05,2.9946775436401367,-11.106634140014648,-1.5075091123580933,5.001254612579942e-05,4.743492172565311e-05,59.11220169067383,2.9946775436401367,0.7453423333730735,1.0739234613177246,3,6,9,ML_CTL_49_0003
CTL,49.0,806.0,7.0,12.0,16.105262756347656,335.0,-0.4226182617406992,0.90630778703665,-0.4999999999999997,-0.8660254037844388,-12.118450164794922,-3.9496912956237793,221.0938720703125,4.0803966840030625e-05,42.92240905761719,-15.745434761047363,-0.5133308172225952,244.5792236328125,0.0001074718966265209,12.129477500915527,-16.340778350830078,4.315175533294678,270.27313232421875,0.0046902066096663475,74.46154022216797,-13.03696346282959,4.173333168029785,284.7886657714844,0.008031843230128288,65.58521270751953,-7.032214164733887,2.233886480331421,290.2546081542969,0.012362434528768063,86.24722290039062,4.506537152337842e-05,3.22777996188961e-05,8.006649017333984,-12.854768753051758,1.251874566078186,4.506537152337842e-05,4.2695755837485194e-05,58.715423583984375,2.74265193939209,0.6118724917572442,0.4551899988751593,3,7,9,ML_CTL_49_0003
CTL,49.0,807.0,7.0,18.0,16.105262756347656,332.5,-0.46174861323503363,0.8870108331782218,-0.4999999999999997,-0.8660254037844388,-13.312098503112793,-2.6260733604431152,221.14938354492188,3.632192238001153e-05,37.91876983642578,-14.592754364013672,-0.7584193348884583,244.3643035888672,0.00010897263564402238,12.386658668518066,-16.62042236328125,2.1016616821289062,270.1267395019531,0.004580483306199312,73.71131134033203,-14.34921646118164,3.0724873542785645,284.9277038574219,0.007916719652712345,64.04256439208984,-7.7863850593566895,0.5209757685661316,290.0548095703125,0.012628976255655289,89.25182342529297,4.1567680455045775e-05,3.0019735277164727e-05,6.359043121337891,-13.332176208496094,0.4621264338493347,4.1567680455045775e-05,4.1331371903652325e-05,57.126407623291016,2.3232038021087646,0.5922945404440279,0.37345904484197767,3,8,9,ML_CTL_49_0003
CTL,49.0,808.0,7.0,0.0,16.105262756347656,330.0,-0.5000000000000004,0.8660254037844384,-0.4999999999999997,-0.8660254037844388,-13.375297546386719,-1.7281367778778076,221.1612548828125,3.404912422411144e-05,35.45198059082031,-13.539299011230469,-2.4525399208068848,243.9532470703125,0.00010679236584110186,12.669967651367188,-18.087080001831055,2.1988842487335205,269.3272705078125,0.0043985480442643166,75.52289581298828,-16.009370803833008,3.841498851776123,284.6968078613281,0.007730541750788689,63.493408203125,-9.042703628540039,-0.03293361887335777,289.9440612792969,0.012777391821146011,90.98168182373047,3.745366120710969e-05,2.6927942599286325e-05,4.652427673339844,-14.010749816894531,0.36535459756851196,3.745366120710969e-05,3.925528289983049e-05,56.52714538574219,2.9985854625701904,0.5767820566927276,0.30957719835327024,3,9,9,ML_CTL_49_0003
CTL,49.0,866.0,8.0,12.0,44.52631759643555,277.5,-0.9914448613738105,0.13052619222005127,-0.8660254037844385,-0.5000000000000004,25.83743667602539,7.542736053466797,216.2202606201172,3.0151864848448895e-05,61.5380859375,16.154417037963867,7.448081016540527,237.342529296875,0.0004952481831423938,107.50253295898438,6.172884464263916,-0.12355411052703857,265.02056884765625,0.0040259831584990025,99.72850799560547,3.2493410110473633,0.9972697496414185,280.6353454589844,0.009190300479531288,98.91218566894531,-0.578380286693573,2.8059537410736084,289.1048278808594,0.013480249792337418,100.86589813232422,8.490146865369752e-05,3.5743061744142324e-05,26.837148666381836,10.167139053344727,3.7340972423553467,8.490146865369752e-05,4.758802606374957e-05,80.57361602783203,14.428348541259766,0.562897512115289,0.25292987904637876,4,1,13,ML_CTL_49_0004
CTL,49.0,867.0,8.0,18.0,44.52631759643555,280.0,-0.9848077530122081,0.17364817766692997,-0.8660254037844385,-0.5000000000000004,22.75398063659668,15.66066837310791,214.9026641845703,3.926436329493299e-05,85.08651733398438,14.169384002685547,10.401559829711914,238.39031982421875,0.0005981822614558041,116.49565124511719,4.236020088195801,0.48217466473579407,265.824951171875,0.00419466570019722,97.32628631591797,2.143472909927368,2.306698799133301,281.50390625,0.009526897221803665,96.52521514892578,-0.8753649592399597,9.42324161529541,288.3200378417969,0.012850764207541943,101.15496826171875,0.0001119113148888573,4.509096470428631e-05,24.43872833251953,8.485498428344727,7.654868125915527,0.0001119113148888573,5.432992475107312e-05,81.61833190917969,13.225385665893555,0.5902769157846415,0.36511024842030526,4,2,13,ML_CTL_49_0004
CTL,49.0,868.0,8.0,0.0,44.52631759643555,280.0,-0.9848077530122081,0.17364817766692997,-0.8660254037844385,-0.5000000000000004,17.1693172454834,13.839921951293945,218.47596740722656,3.618901610025205e-05,53.52687454223633,8.992659568786621,9.114023208618164,236.32777404785156,0.0004401506739668548,106.7047119140625,0.9806126356124878,-2.8513853549957275,265.0281066894531,0.0038285425398498774,94.81867218017578,-3.0462911128997803,-5.430017948150635,280.9706726074219,0.009181037545204163,96.51947021484375,-1.8295284509658813,-0.8330039381980896,288.3797302246094,0.012897659093141556,101.12732696533203,0.00012335741485003382,5.356416295398958e-05,24.005226135253906,4.453353404998779,2.7679076194763184,0.00012335741485003382,6.236045010155067e-05,70.319091796875,11.114105224609375,0.8209225804235838,1.5226105819526667,4,3,13,ML_CTL_49_0004
CTL,49.0,869.0,8.0,6.0,44.52631759643555,282.5,-0.9762960071199335,0.21643961393810246,-0.8660254037844385,-0.5000000000000004,13.35042667388916,13.070474624633789,218.4846954345703,2.841320019797422e-05,40.779197692871094,4.641816139221191,10.212508201599121,236.869140625,0.0004424320359248668,101.79869842529297,1.5107063055038452,1.9614531993865967,266.1782531738281,0.004380347672849894,98.47191619873047,-0.7841584086418152,-0.021596422418951988,281.3221435546875,0.009612931869924068,98.78385162353516,-0.7145687341690063,2.2623324394226074,287.93231201171875,0.0125251030549407,101.11724090576172,0.00013328991190064698,7.505606481572613e-05,17.738096237182617,3.600844144821167,5.497034072875977,0.00013328991190064698,7.505606481572613e-05,72.713623046875,8.598252296447754,0.9116389109899633,2.3338122775701122,4,4,13,ML_CTL_49_0004
CTL,49.0,870.0,8.0,12.0,44.52631759643555,285.0,-0.9659258262890684,0.2588190451025203,-0.8660254037844385,-0.5000000000000004,6.552900791168213,16.006088256835938,218.79922485351562,5.322827200870961e-05,76.4792251586914,2.1068427562713623,11.935761451721191,237.23716735839844,0.0004390983667690307,98.74048614501953,4.927063941955566,7.199863910675049,265.58056640625,0.004098609089851379,96.6468505859375,4.471565246582031,6.836405277252197,281.38079833984375,0.009714631363749504,99.35624694824219,2.549935817718506,11.330885887145996,289.0600280761719,0.013482537120580673,101.18356323242188,0.00013047552783973515,7.791900134179741e-05,6.154774188995361,4.12166166305542,10.6618013381958,0.00013047552783973515,7.959823415149003e-05,76.89561462402344,6.154774188995361,0.8825390079490428,2.0166966935517983,4,5,13,ML_CTL_49_0004
CTL,49.0,871.0,8.0,18.0,44.52631759643555,285.0,-0.9659258262890684,0.2588190451025203,-0.8660254037844385,-0.5000000000000004,4.635619640350342,12.132658004760742,220.7720947265625,2.9797167371725664e-05,32.3536376953125,1.1217732429504395,8.878621101379395,236.7840576171875,0.00032964267302304506,83.12329864501953,6.393606185913086,6.339664459228516,265.29278564453125,0.0025712107308208942,61.40224838256836,5.259347438812256,5.776980876922607,280.68658447265625,0.00888969749212265,95.14471435546875,3.7687087059020996,5.832703590393066,288.70904541015625,0.013150832615792751,100.94004821777344,0.00012065758346579969,8.001751848496497e-05,6.359320640563965,4.235811233520508,7.792125701904297,0.00012065758346579969,8.048181189224124e-05,75.58219909667969,4.045165538787842,0.9550558036013271,3.056348131658644,4,6,13,ML_CTL_49_0004
CTL,49.0,872.0,8.0,0.0,46.421051025390625,285.0,-0.9659258262890684,0.2588190451025203,-0.8660254037844385,-0.5000000000000004,-1.1424262523651123,10.459975242614746,216.53663635253906,4.9557282181922346e-05,91.97703552246094,-4.559950351715088,3.634354829788208,237.13339233398438,0.00045750767458230257,102.57546997070312,-5.0407185554504395,1.4802230596542358,265.2671203613281,0.004126633517444134,100.3747329711914,-5.086791038513184,-0.6407874822616577,280.65093994140625,0.009233006276190281,99.33283233642578,-3.3482282161712646,0.6505327820777893,288.49749755859375,0.013007710687816143,101.21773529052734,0.00011902488040504977,8.13363294582814e-05,10.054388046264648,-3.835622787475586,3.1168596744537354,0.00011902488040504977,8.278598397737369e-05,76.91111755371094,1.2405668497085571,0.8894637519060762,2.0852752509717485,4,7,13,ML_CTL_49_0004
CTL,49.0,873.0,8.0,6.0,46.421051025390625,285.0,-0.9659258262890684,0.2588190451025203,-0.8660254037844385,-0.5000000000000004,-0.8586176633834839,4.825105667114258,218.70526123046875,4.2967210902133957e-05,61.352352142333984,-4.086269855499268,1.2244068384170532,235.709716796875,0.0003923440526705235,102.61359405517578,-2.4241819381713867,2.6259350776672363,264.631103515625,0.003913469146937132,100.3769760131836,-2.7398221492767334,3.0519585609436035,280.1802673339844,0.00894007459282875,99.35808563232422,-1.935131549835205,-0.5265559554100037,288.28228759765625,0.01282244548201561,101.17477416992188,0.00010394813580205664,8.326547686010599e-05,5.458861351013184,-2.4088046550750732,2.2401700019836426,0.00010394813580205664,8.326547686010599e-05,73.29156494140625,1.327180027961731,0.9372627795323472,2.7040087912754704,4,8,13,ML_CTL_49_0004
CTL,49.0,874.0,8.0,12.0,46.421051025390625,285.0,-0.9659258262890684,0.2588190451025203,-0.8660254037844385,-0.5000000000000004,0.5804826021194458,4.811400890350342,219.24256896972656,3.7122779758647084e-05,49.63414001464844,-2.456826686859131,0.7243908643722534,235.60484313964844,0.0003316971124149859,91.14799499511719,-1.7247815132141113,2.4855525493621826,264.6676940917969,0.003711352124810219,94.83488464355469,-1.673735499382019,3.2444283962249756,279.5395202636719,0.008584856055676937,99.72740173339844,-2.349980354309082,3.3030848503112793,287.6687927246094,0.012303994037210941,101.02828979492188,9.335012873634696e-05,8.053275814745575e-05,3.2958502769470215,-1.5249683856964111,2.913771390914917,9.335012873634696e-05,8.053275814745575e-05,70.8404769897461,0.7500995397567749,0.9486603224292989,2.9165869072800645,4,9,13,ML_CTL_49_0004
CTL,49.0,875.0,8.0,18.0,46.421051025390625,285.0,-0.9659258262890684,0.2588190451025203,-0.8660254037844385,-0.5000000000000004,2.3077964782714844,4.548338890075684,217.1167755126953,4.084188913111575e-05,70.17354583740234,-0.9060779809951782,-0.8960535526275635,236.92041015625,0.00036111866938881576,87.17034149169922,0.04328830912709236,1.8443169593811035,265.0613098144531,0.0034814856480807066,85.42184448242188,-0.34768885374069214,1.7057369947433472,278.8683776855469,0.008266675285995007,100.41940307617188,-0.4153325855731964,1.6385327577590942,287.11981201171875,0.011873203329741955,101.0511703491211,8.699340833118185e-05,7.866700616432354e-05,3.9852733612060547,0.1363970786333084,1.768174409866333,8.699340833118185e-05,7.866700616432354e-05,69.29898071289062,3.75961971282959,0.9459703286688507,2.8626778387597227,4,10,13,ML_CTL_49_0004
CTL,49.0,876.0,8.0,0.0,46.421051025390625,285.0,-0.9659258262890684,0.2588190451025203,-0.8660254037844385,-0.5000000000000004,3.748778820037842,3.9704606533050537,216.86306762695312,3.839886994683184e-05,68.1387939453125,-0.16037821769714355,-2.3995635509490967,236.429443359375,0.00040800662827678025,99.94364929199219,0.6368483304977417,-1.747269630432129,264.6025085449219,0.003594863461330533,92.32501220703125,0.8405433297157288,-1.6879626512527466,278.792236328125,0.007952501997351646,97.34593963623047,0.7764606475830078,-0.9180039167404175,287.32061767578125,0.011640657670795918,97.8031005859375,7.863358041504398e-05,7.113639730960131e-05,5.72116756439209,1.1684505939483643,-0.5564678311347961,7.863358041504398e-05,7.116624328773469e-05,68.93724822998047,4.852777481079102,0.8810249719138015,2.00217234742384,4,11,13,ML_CTL_49_0004
CTL,49.0,877.0,8.0,6.0,46.421051025390625,285.0,-0.9659258262890684,0.2588190451025203,-0.8660254037844385,-0.5000000000000004,5.174814224243164,2.9772040843963623,216.88172912597656,3.522946281009354e-05,62.63426208496094,1.9321998357772827,-3.877307415008545,235.47525024414062,0.0003698988875839859,100.03852081298828,2.2169997692108154,-3.5048859119415283,263.487060546875,0.003621515817940235,102.45659637451172,2.161477565765381,-5.677174091339111,278.3019104003906,0.007677721790969372,97.24552154541016,2.7885260581970215,-4.463429927825928,286.7961120605469,0.011511645279824734,100.06343078613281,6.152011337690055e-05,5.3632080380339175e-05,7.8139238357543945,2.8548035621643066,-2.90911865234375,6.152011337690055e-05,6.678923091385514e-05,70.74673461914062,4.7881083488464355,0.6777981284358875,0.7436712185065486,4,12,13,ML_CTL_49_0004
CTL,49.0,878.0,8.0,12.0,46.421051025390625,287.5,-0.9537169507482268,0.30070579950427345,-0.8660254037844385,-0.5000000000000004,10.884976387023926,9.973467826843262,220.03907775878906,2.3444579710485414e-05,28.115684509277344,5.371283531188965,1.1304454803466797,234.75009155273438,0.00023951276671141386,70.10935974121094,6.156957149505615,1.753445029258728,262.99163818359375,0.002932561794295907,86.50022888183594,5.0301008224487305,0.6663462519645691,277.5734558105469,0.006979045923799276,92.88106536865234,4.81205415725708,1.4842058420181274,285.586669921875,0.010689850896596909,100.62040710449219,5.0732629460981116e-05,5.907004015170969e-05,10.437813758850098,6.451074123382568,3.001582145690918,5.0732629460981116e-05,5.907004015170969e-05,66.68897247314453,7.213284969329834,0.5675886102039863,0.2720194521983934,4,13,13,ML_CTL_49_0004
CTL,49.0,872.0,8.0,0.0,14.210526466369629,345.0,-0.2588190451025207,0.9659258262890683,-0.8660254037844385,-0.5000000000000004,-4.317663669586182,2.1501214504241943,223.35476684570312,0.00012868037447333336,99.905029296875,-6.32342004776001,1.220038652420044,245.32891845703125,0.0008683237829245627,83.84464263916016,-4.640942096710205,8.514193534851074,269.1740417480469,0.0052842991426587105,93.14183807373047,-6.995781898498535,10.433417320251465,283.70635986328125,0.010675068944692612,93.45053100585938,-5.627505302429199,8.429116249084473,292.5970764160156,0.015829669311642647,94.83644104003906,9.005438914755359e-05,6.807964382460341e-05,6.41416072845459,-5.581063270568848,6.149377346038818,9.005438914755359e-05,6.807964382460341e-05,80.91548156738281,6.41416072845459,0.6402767535539688,0.57656553438138,5,1,17,ML_CTL_49_0005
CTL,49.0,873.0,8.0,6.0,14.210526466369629,342.5,-0.300705799504273,0.9537169507482269,-0.8660254037844385,-0.5000000000000004,-5.079066276550293,1.3790644407272339,223.4352264404297,0.00012894216342829168,99.90170288085938,-5.658832550048828,2.2325732707977295,245.4161834716797,0.0009316227515228093,87.37689971923828,-3.67220139503479,5.719974994659424,269.241943359375,0.005222581792622805,91.70206451416016,-4.653601169586182,6.042587757110596,283.4292297363281,0.010565935634076595,94.30127716064453,-2.4957263469696045,4.836042404174805,292.22247314453125,0.01577981747686863,96.77467346191406,8.791885920800269e-05,7.154405466280878e-05,4.3155927658081055,-4.311885356903076,4.042048454284668,8.791885920800269e-05,7.154452032409608e-05,81.27154541015625,4.3155927658081055,0.6578095633870099,0.6535480578002582,5,2,17,ML_CTL_49_0005
CTL,49.0,874.0,8.0,12.0,14.210526466369629,340.0,-0.3420201433256686,0.9396926207859084,-0.8660254037844385,-0.5000000000000004,-3.9297704696655273,2.8825764656066895,222.16946411132812,0.00011063968122471124,100.14521789550781,-2.420757293701172,0.8139405846595764,243.7044677734375,0.0006153834983706474,68.66427612304688,-1.454047441482544,1.0681501626968384,271.1614990234375,0.005368052050471306,82.72531127929688,-2.826551914215088,2.8345630168914795,283.3363342285156,0.010141667909920216,91.07746887207031,-1.1528995037078857,2.2834317684173584,291.99542236328125,0.015042939223349094,93.63710021972656,7.503242522943765e-05,6.777506496291608e-05,2.8407721519470215,-2.3568053245544434,1.9765323400497437,7.503242522943765e-05,7.419077155645937e-05,80.99676513671875,2.8407721519470215,0.7443879241777148,1.0689013360257213,5,3,17,ML_CTL_49_0005
CTL,49.0,875.0,8.0,18.0,16.105262756347656,340.0,-0.3420201433256686,0.9396926207859084,-0.8660254037844385,-0.5000000000000004,-2.733166217803955,5.446353912353516,220.82582092285156,9.450202924199402e-05,99.87537384033203,-4.004265785217285,0.047299306839704514,244.09410095214844,0.0010709918569773436,113.28431701660156,-7.803319454193115,3.809256076812744,270.5722961425781,0.005242415703833103,84.24266052246094,-11.106444358825684,8.86246109008789,282.72930908203125,0.009451496414840221,88.52661895751953,-9.11661434173584,6.719865322113037,293.1923828125,0.014430318959057331,83.26676177978516,7.312567322514951e-05,7.94546285760589e-05,6.509242534637451,-6.952761650085449,4.977047443389893,7.312567322514951e-05,7.94546285760589e-05,71.73945617675781,5.264209270477295,0.6031484393734171,0.4186010264835822,5,4,17,ML_CTL_49_0005
CTL,49.0,876.0,8.0,0.0,16.105262756347656,337.5,-0.38268343236508956,0.9238795325112868,-0.8660254037844385,-0.5000000000000004,0.9483318328857422,5.875754356384277,221.58743286132812,7.281600119313225e-05,72.12004089355469,-5.080909252166748,0.6277871131896973,243.79200744628906,0.0006353919743560255,66.63715362548828,-7.142796516418457,1.0516139268875122,270.8583984375,0.005730799399316311,89.6129379272461,-9.458151817321777,3.683739423751831,282.7684020996094,0.009545150212943554,89.17390441894531,-8.94505786895752,2.605652332305908,292.68701171875,0.014196096919476986,84.5617446899414,7.550965528935194e-05,7.560179801657796e-05,10.41982364654541,-5.935716152191162,2.768909454345703,7.550965528935194e-05,7.560179801657796e-05,74.47552490234375,5.368412017822266,0.9070755063525161,2.278438427986033,5,5,17,ML_CTL_49_0005
CTL,49.0,877.0,8.0,6.0,16.105262756347656,335.0,-0.4226182617406992,0.90630778703665,-0.8660254037844385,-0.5000000000000004,-0.20764683187007904,6.338680267333984,220.9636993408203,3.145646769553423e-05,33.874549865722656,-6.178759574890137,1.065181016921997,243.48074340820312,0.00028717907844111323,30.77068519592285,-6.528004169464111,-0.33378204703330994,270.5522155761719,0.00628449022769928,99.41328430175781,-9.380924224853516,-0.30858543515205383,282.9197082519531,0.009243800304830074,85.42716217041016,-9.839378356933594,-0.8267971277236938,292.4823913574219,0.013756375759840012,83.01045227050781,7.42658376111649e-05,5.8653160522226244e-05,12.004762649536133,-6.426942348480225,1.1869392395019531,7.42658376111649e-05,6.677816418232396e-05,75.86719512939453,5.909734725952148,0.8770518432103676,1.9648033278843995,5,6,17,ML_CTL_49_0005
CTL,49.0,878.0,8.0,12.0,16.105262756347656,335.0,-0.4226182617406992,0.90630778703665,-0.8660254037844385,-0.5000000000000004,-3.460930347442627,7.286199569702148,220.78970336914062,4.3733325583161786e-05,46.60643768310547,-3.5440521240234375,5.002008438110352,243.32003784179688,0.0005814729956910014,63.67866134643555,-0.6831446886062622,2.511439800262451,271.20269775390625,0.006539233028888702,98.06565856933594,-6.87416934967041,5.770313262939453,283.1397705078125,0.009473721496760845,86.33123779296875,-7.799392223358154,5.137337684631348,292.2313232421875,0.013296278193593025,81.50965118408203,7.414666470140219e-05,5.449404852697626e-05,4.841472625732422,-4.47233772277832,5.1414594650268555,7.414666470140219e-05,6.129870598670095e-05,77.60142517089844,4.841472625732422,0.8915408817349095,2.1065779817041386,5,7,17,ML_CTL_49_0005
CTL,49.0,879.0,8.0,18.0,16.105262756347656,332.5,-0.46174861323503363,0.8870108331782218,-0.8660254037844385,-0.5000000000000004,-4.672354698181152,10.003413200378418,220.6590576171875,3.9070782804628834e-05,42.89284896850586,-2.717024326324463,5.977180480957031,243.6222686767578,0.00013785652117803693,16.167346954345703,-3.2606444358825684,-1.2455965280532837,270.79400634765625,0.0058494494296610355,85.36009216308594,-6.919638156890869,1.602784276008606,283.659912109375,0.009211529046297073,81.04740905761719,-8.096173286437988,1.710562825202942,292.0436096191406,0.013350793160498142,82.7745361328125,7.207163434941322e-05,4.230073682265356e-05,8.971839904785156,-5.133167266845703,3.6096692085266113,7.207163434941322e-05,6.079496233724058e-05,73.25919342041016,1.0486687421798706,0.8657313387548099,1.8637319006282445,5,8,17,ML_CTL_49_0005
CTL,49.0,880.0,8.0,0.0,16.105262756347656,330.0,-0.5000000000000004,0.8660254037844384,-0.8660254037844385,-0.5000000000000004,-5.093806743621826,12.23593807220459,220.04440307617188,5.9045953094027936e-05,69.92081451416016,-2.959562301635742,4.847529411315918,243.20455932617188,0.00014263781486079097,20.05942726135254,-6.591856002807617,-2.530423164367676,269.6813049316406,0.005207907408475876,81.63298034667969,-7.781794548034668,-1.5508664846420288,283.6703796386719,0.00886384304612875,77.92312622070312,-8.147083282470703,-1.7250064611434937,291.69989013671875,0.01348944567143917,85.41776275634766,6.769947503926232e-05,3.8968046283116564e-05,14.290922164916992,-6.114820957183838,2.255434513092041,6.769947503926232e-05,5.4353626183001325e-05,69.9059066772461,0.7825306057929993,0.870533151448895,1.9056809890871316,5,9,17,ML_CTL_49_0005
CTL,49.0,881.0,8.0,6.0,16.105262756347656,330.0,-0.5000000000000004,0.8660254037844384,-0.8660254037844385,-0.5000000000000004,-3.256847381591797,15.183890342712402,220.0012664794922,6.933890836080536e-05,81.67574310302734,-0.41602662205696106,4.318519592285156,243.2447967529297,0.0003423263842705637,47.39456558227539,-4.820709228515625,0.6634120345115662,269.36688232421875,0.004838855937123299,78.35480499267578,-4.446314334869385,3.061758041381836,283.52020263671875,0.008872084319591522,78.7947998046875,-6.394590377807617,2.3807735443115234,291.2020263671875,0.013516576960682869,88.33523559570312,6.969214155105874e-05,3.335502333356999e-05,13.18200397491455,-3.8668975830078125,5.121670722961426,6.969214155105874e-05,3.9050817576935515e-05,73.55884552001953,4.772420406341553,0.8594989228530356,1.8111344163261802,5,10,17,ML_CTL_49_0005
CTL,49.0,882.0,8.0,12.0,16.105262756347656,327.5,-0.5372996083468242,0.8433914458128855,-0.8660254037844385,-0.5000000000000004,-1.541886568069458,15.059322357177734,219.38772583007812,6.417345866793767e-05,82.09561920166016,-0.8416442275047302,1.2659835815429688,242.86602783203125,0.00019627677102107555,29.46029281616211,-4.1003241539001465,0.24020668864250183,269.527587890625,0.004038657993078232,63.55430221557617,-5.183690071105957,-0.498291015625,284.46612548828125,0.008612503297626972,71.79602813720703,-7.788698673248291,-1.0735505819320679,291.30908203125,0.013468829914927483,87.4341049194336,6.578354077646509e-05,2.8802116503356956e-05,17.300065994262695,-3.8912487030029297,2.9987339973449707,6.578354077646509e-05,2.8802116503356956e-05,68.91424560546875,6.19273567199707,0.8412640295177056,1.6676632988568945,5,11,17,ML_CTL_49_0005
CTL,49.0,883.0,8.0,18.0,16.105262756347656,327.5,-0.5372996083468242,0.8433914458128855,-0.8660254037844385,-0.5000000000000004,-2.154184579849243,15.320058822631836,219.4427947998047,6.251278682611883e-05,79.82069396972656,-0.001489622751250863,-0.10435550659894943,242.9263916015625,0.0002205120399594307,32.22419357299805,-1.6204534769058228,0.13123664259910583,269.1846618652344,0.004257740918546915,69.5814437866211,-1.6495466232299805,2.620422601699829,284.6733703613281,0.00901093240827322,74.12311553955078,-4.760380744934082,3.1141154766082764,291.48846435546875,0.013168428093194962,84.52589416503906,6.569061952177435e-05,2.4674309315741993e-05,12.481078147888184,-2.0372109413146973,4.2162957191467285,6.569061952177435e-05,2.7544489057618193e-05,74.86486053466797,2.413813591003418,0.8270236746931727,1.5646785846166256,5,12,17,ML_CTL_49_0005
CTL,49.0,884.0,8.0,0.0,16.105262756347656,327.5,-0.5372996083468242,0.8433914458128855,-0.8660254037844385,-0.5000000000000004,-1.7400542497634888,12.233309745788574,220.0623779296875,8.303878712467849e-05,98.7972183227539,-0.7130745053291321,-0.15331269800662994,243.0258331298828,0.0003138133615721017,42.26416015625,-1.56130051612854,0.02822268195450306,269.05023193359375,0.003963981289416552,66.9718246459961,1.01602041721344,5.562088966369629,284.2936096191406,0.009615989401936531,81.19654846191406,-1.6740137338638306,6.646360874176025,291.453369140625,0.013024232350289822,83.79429626464844,6.138458411442116e-05,2.3533768398920074e-05,5.587339401245117,-0.9344844818115234,4.863333702087402,6.138458411442116e-05,2.996412331413012e-05,82.35336303710938,1.6910239458084106,0.7020654257782719,0.8571526859880427,5,13,17,ML_CTL_49_0005
CTL,49.0,885.0,8.0,6.0,16.105262756347656,325.0,-0.5735764363510465,0.8191520442889916,-0.8660254037844385,-0.5000000000000004,2.22685170173645,10.84560775756836,219.54624938964844,7.95789310359396e-05,100.366455078125,0.1314200907945633,-1.1459720134735107,242.41319274902344,0.00013121965457685292,19.76950454711914,-2.4766621589660645,-0.9936262965202332,269.39306640625,0.0024379997048527002,39.2567024230957,0.17126893997192383,1.452554702758789,284.2446594238281,0.010623229667544365,90.09314727783203,-1.7049907445907593,1.5986833572387695,291.46551513671875,0.012847900390625,82.5761489868164,6.228648271644488e-05,2.3888562282081693e-05,10.048133850097656,-0.33042243123054504,2.351449489593506,6.228648271644488e-05,3.166130045428872e-05,79.27556610107422,4.3775105476379395,0.7551006865083107,1.1260039392357948,5,14,17,ML_CTL_49_0005
CTL,49.0,886.0,8.0,12.0,18.0,325.0,-0.5735764363510465,0.8191520442889916,-0.8660254037844385,-0.5000000000000004,5.883073806762695,13.237320899963379,219.78663635253906,6.652413139818236e-05,81.73572540283203,2.8310458660125732,0.6925426721572876,241.6853485107422,0.00010105425462825224,16.17483139038086,-4.0079665184021,-1.8107469081878662,270.3282165527344,0.0034810341894626617,51.20322036743164,-2.8461384773254395,0.8588487505912781,284.2601013183594,0.009978014044463634,84.44744110107422,-6.706459045410156,2.2603909969329834,291.3097839355469,0.012852268293499947,83.43356323242188,6.185669190017506e-05,1.0660326552169863e-05,16.702974319458008,-0.9692888259887695,3.047671318054199,6.185669190017506e-05,4.1886523831635714e-05,82.9052505493164,4.192018985748291,0.7884171615729143,1.3154107497846432,5,15,17,ML_CTL_49_0005
CTL,49.0,887.0,8.0,18.0,18.0,325.0,-0.5735764363510465,0.8191520442889916,-0.8660254037844385,-0.5000000000000004,0.5463030338287354,13.065781593322754,220.59642028808594,8.369333954760805e-05,92.64600372314453,3.457165479660034,0.3084680736064911,242.45181274414062,0.00018150494724977762,26.69794464111328,-2.7910704612731934,-3.1497304439544678,270.53961181640625,0.003856354160234332,56.34724426269531,-0.678228497505188,1.4776502847671509,284.11834716796875,0.010561828501522541,90.26769256591797,-4.121967792510986,3.442498207092285,291.11676025390625,0.013319377787411213,87.55733489990234,6.377820682246238e-05,8.391029041376896e-06,10.695809364318848,-0.7175596356391907,3.028933525085449,6.377820682246238e-05,4.8075093218358234e-05,86.47056579589844,1.9942322969436646,0.7416367382927953,1.054492966509621,5,16,17,ML_CTL_49_0005
CTL,49.0,888.0,8.0,0.0,18.0,325.0,-0.5735764363510465,0.8191520442889916,-0.8660254037844385,-0.5000000000000004,0.3050040304660797,10.664323806762695,221.2295684814453,9.684487304184586e-05,99.39514923095703,3.1596593856811523,-0.1065794974565506,242.9618377685547,0.00034952827263623476,45.49049377441406,-3.404893159866333,-3.2328953742980957,270.4349060058594,0.0041693528182804585,62.337303161621094,-0.7742722034454346,2.677851676940918,283.6283874511719,0.010753602720797062,94.94361877441406,-3.093964099884033,4.626616954803467,290.671630859375,0.013821915723383427,93.40486145019531,6.050854062777944e-05,1.133537352870917e-05,6.9287004470825195,-0.7616931796073914,2.925863742828369,6.050854062777944e-05,4.313736644689925e-05,88.561279296875,2.593461513519287,0.681502157847491,0.7606837174942791,5,17,17,ML_CTL_49_0005
CTL,49.0,927.0,8.0,18.0,33.157894134521484,295.0,-0.9063077870366498,0.4226182617406996,-0.8660254037844385,-0.5000000000000004,19.154844284057617,-8.566917419433594,218.67495727539062,4.561842797556892e-05,65.49641418457031,10.240694046020508,-5.188358306884766,241.43032836914062,0.00041317453724332154,52.473541259765625,2.342862844467163,-0.20709946751594543,267.917236328125,0.003606984857469797,70.4011459350586,0.3867295980453491,0.15368685126304626,282.59857177734375,0.0065840440802276134,62.312713623046875,1.5761582851409912,1.9311985969543457,289.8861389160156,0.010769307613372803,76.63687133789062,2.6203708330285735e-05,7.4139466050837655e-06,20.474878311157227,6.740257263183594,-2.3754982948303223,2.6203708330285735e-05,1.9277467799838632e-05,54.21555709838867,1.4766991138458252,0.6695819842400997,0.706295046277976,6,1,19,ML_CTL_49_0006
CTL,49.0,928.0,8.0,0.0,33.157894134521484,295.0,-0.9063077870366498,0.4226182617406996,-0.8660254037844385,-0.5000000000000004,14.532448768615723,-10.518552780151367,218.8614044189453,3.874260073644109e-05,54.13419723510742,8.874970436096191,-5.14685583114624,240.77041625976562,0.0002057810634141788,30.071571350097656,0.9806545972824097,-0.2663927972316742,268.16082763671875,0.0033027774188667536,62.889163970947266,-0.6455797553062439,1.5116312503814697,282.6806335449219,0.006956896744668484,65.45268249511719,0.9213781952857971,2.3638272285461426,289.66180419921875,0.01083326991647482,78.16429901123047,2.50255052378634e-05,9.329282875114586e-06,18.74078369140625,4.932774543762207,-2.411268711090088,2.50255052378634e-05,1.9936773242079653e-05,55.60564041137695,5.968048095703125,0.7386084175282611,1.0387482999960587,6,2,19,ML_CTL_49_0006
CTL,49.0,929.0,8.0,6.0,33.157894134521484,295.0,-0.9063077870366498,0.4226182617406996,-0.8660254037844385,-0.5000000000000004,11.143424034118652,-8.306252479553223,218.77236938476562,3.790371920331381e-05,53.092384338378906,7.878915786743164,-4.157429218292236,240.1851806640625,0.00016325576871167868,28.389461517333984,1.283886432647705,0.6702431440353394,267.6610107421875,0.003365256590768695,65.84285736083984,1.010715126991272,1.54153573513031,282.44805908203125,0.008543620817363262,81.59239959716797,1.119828462600708,1.872495412826538,289.6915588378906,0.010652879253029823,76.73033905029297,2.5493407520116307e-05,9.103269803745206e-06,14.285635948181152,4.487353801727295,-1.6758816242218018,2.5493407520116307e-05,2.5927269234671257e-05,60.96748352050781,4.201056480407715,0.7408588723410738,1.0504373437425594,6,3,19,ML_CTL_49_0006
CTL,49.0,930.0,8.0,12.0,33.157894134521484,295.0,-0.9063077870366498,0.4226182617406996,-0.8660254037844385,-0.5000000000000004,9.575815200805664,-4.949441432952881,218.73623657226562,3.98944721382577e-05,56.04573059082031,7.593080043792725,-2.1757493019104004,239.98440551757812,0.00015144431381486356,28.08749008178711,3.3270533084869385,0.6597626209259033,267.5281677246094,0.0035647256299853325,69.44496154785156,1.102156162261963,0.4149180054664612,282.580810546875,0.009493373334407806,89.80085754394531,0.6245176196098328,1.9538626670837402,289.9308166503906,0.010518262162804604,74.62551879882812,2.6931142201647162e-05,9.193574442178942e-06,11.304040908813477,4.44452428817749,-0.819329559803009,2.6931142201647162e-05,3.176150858053006e-05,62.603065490722656,2.7465274333953857,0.733602439885531,1.0129774669491143,6,4,19,ML_CTL_49_0006
CTL,49.0,931.0,8.0,18.0,33.157894134521484,297.5,-0.8870108331782216,0.4617486132350341,-0.8660254037844385,-0.5000000000000004,7.394312381744385,2.7095062732696533,218.36988830566406,7.011299021542072e-05,102.60829162597656,7.957983493804932,2.8556394577026367,239.99513244628906,0.00024197548918891698,42.85301208496094,3.7784640789031982,-1.650407314300537,267.37908935546875,0.0034232158213853836,67.32412719726562,2.176689386367798,1.6242536306381226,282.3490295410156,0.009636685252189636,92.66182708740234,3.456937551498413,4.651811122894287,289.25726318359375,0.011084863916039467,82.1949462890625,2.8659283998422325e-05,1.6455909644719213e-05,4.390383720397949,4.952877521514893,2.038160800933838,2.8659283998422325e-05,3.722590554389171e-05,68.79498291015625,4.390383720397949,0.6575958227699463,0.6525986474390131,6,5,19,ML_CTL_49_0006
CTL,49.0,932.0,8.0,0.0,33.157894134521484,297.5,-0.8870108331782216,0.4617486132350341,-0.8660254037844385,-0.5000000000000004,9.924570083618164,2.1450517177581787,218.79446411132812,6.12893418292515e-05,83.67752838134766,8.753236770629883,2.453362226486206,240.03150939941406,0.00024426166783086956,43.45677947998047,2.9448487758636475,-0.933777928352356,267.4882507324219,0.0027239357586950064,51.964752197265625,2.186643362045288,1.649496078491211,282.3805847167969,0.010089220479130745,96.75823211669922,3.4177048206329346,3.7200915813446045,289.4229431152344,0.011086491867899895,81.31294250488281,3.053511682082899e-05,1.4239865777199157e-05,6.694777965545654,5.445401191711426,1.806844711303711,3.053511682082899e-05,3.4610919101396576e-05,69.86853790283203,4.339762210845947,0.795935881614128,1.3610843815903877,6,6,19,ML_CTL_49_0006
CTL,49.0,933.0,8.0,6.0,33.157894134521484,297.5,-0.8870108331782216,0.4617486132350341,-0.8660254037844385,-0.5000000000000004,10.351435661315918,1.2729064226150513,218.50546264648438,7.529526192229241e-05,107.59288787841797,8.555689811706543,2.140505790710449,239.7252197265625,0.0003001745790243149,54.438716888427734,3.814588785171509,0.655972421169281,267.4403381347656,0.0023825676180422306,45.35735321044922,2.941406726837158,0.8077083826065063,282.22491455078125,0.009969388134777546,96.65435791015625,3.4540762901306152,3.0122573375701904,289.23480224609375,0.011190569028258324,83.0574951171875,3.279917291365564e-05,1.1540404557308648e-05,7.113290786743164,5.823439598083496,1.5778700113296509,3.279917291365564e-05,2.5854193154373206e-05,67.95598602294922,5.914605140686035,0.6342129189824235,0.5503333141466493,6,7,19,ML_CTL_49_0006
CTL,49.0,934.0,8.0,12.0,33.157894134521484,297.5,-0.8870108331782216,0.4617486132350341,-0.8660254037844385,-0.5000000000000004,8.285299301147461,2.172778844833374,217.98928833007812,7.355809066211805e-05,111.89996337890625,7.232492923736572,2.6933093070983887,239.5231170654297,0.00028849023510701954,53.392669677734375,4.517454147338867,1.2005244493484497,267.1615295410156,0.0020508531015366316,40.167720794677734,2.2206616401672363,-0.38739463686943054,282.14312744140625,0.009600956924259663,93.56146240234375,2.989100933074951,1.9567283391952515,289.4304504394531,0.011168493889272213,81.82157897949219,3.605835809139535e-05,9.861775652098004e-06,5.30060338973999,5.049001693725586,1.5271892547607422,3.605835809139535e-05,2.0385568859637715e-05,64.35790252685547,5.291543006896973,0.6033602265937934,0.4194859120597463,6,8,19,ML_CTL_49_0006
CTL,49.0,935.0,8.0,18.0,35.05263137817383,300.0,-0.8660254037844386,0.5000000000000001,-0.8660254037844385,-0.5000000000000004,10.412381172180176,10.170536041259766,217.12359619140625,6.168343679746613e-05,104.3743896484375,8.919121742248535,8.333864212036133,239.31396484375,0.0004006334929727018,74.0184555053711,4.692936897277832,1.3579020500183105,266.4755859375,0.002016924787312746,43.292686462402344,2.1242101192474365,1.3710354566574097,281.9775695800781,0.00886246096342802,87.30046081542969,2.78896427154541,3.164929151535034,288.3674011230469,0.011309457942843437,88.7423095703125,3.897749775205739e-05,1.0928863957815338e-05,10.35350227355957,5.787522792816162,4.879652976989746,3.897749775205739e-05,2.3751352273393422e-05,63.29975891113281,2.5614991188049316,0.5624346516338087,0.2510488901189454,6,9,19,ML_CTL_49_0006
CTL,49.0,938.0,8.0,12.0,29.36842155456543,295.0,-0.9063077870366498,0.4226182617406996,-0.8660254037844385,-0.5000000000000004,14.331948280334473,3.884944438934326,217.51168823242188,3.851344808936119e-05,63.28052520751953,7.75295877456665,-0.10271206498146057,239.2602081298828,0.000175184803083539,31.26946258544922,2.708770751953125,-1.1958374977111816,267.4712829589844,0.0015485784970223904,30.074947357177734,0.9890364408493042,-0.2424379140138626,282.66357421875,0.008064733818173409,75.7939224243164,1.7144347429275513,1.0098438262939453,290.0643005371094,0.010704048909246922,75.17303466796875,2.878930354199838e-05,7.268301487783901e-06,12.940937042236328,5.499430179595947,0.6707601547241211,3.2821055356180295e-05,2.7366419089958072e-05,63.681365966796875,1.6280462741851807,0.8120223686640914,1.4632049139029313,6,10,19,ML_CTL_49_0006
CTL,49.0,939.0,8.0,18.0,29.36842155456543,295.0,-0.9063077870366498,0.4226182617406996,-0.8660254037844385,-0.5000000000000004,13.666711807250977,2.996654987335205,217.5093994140625,3.0303535822895356e-05,49.425907135009766,7.901566505432129,-0.15527993440628052,238.77828979492188,0.00014285962970461696,27.40864372253418,2.989093780517578,-1.284562587738037,267.5462951660156,0.0011959671974182129,22.943572998046875,0.9787859320640564,-0.6037498712539673,282.65692138671875,0.008319084532558918,78.18377685546875,1.4746804237365723,0.6282907724380493,290.1719665527344,0.010748145170509815,74.94947052001953,2.841930472641252e-05,8.370242539967876e-06,12.41993522644043,5.402167797088623,0.3162706792354584,2.8603322789422236e-05,2.5999410354415886e-05,59.890472412109375,2.0665791034698486,0.8148644934820671,1.4819338091317125,6,11,19,ML_CTL_49_0006
CTL,49.0,940.0,8.0,0.0,29.36842155456543,295.0,-0.9063077870366498,0.4226182617406996,-0.8660254037844385,-0.5000000000000004,11.279759407043457,0.11411486566066742,217.32591247558594,2.587124618003145e-05,43.52762222290039,7.133480548858643,-1.7467018365859985,238.29234313964844,0.00011419252405175939,24.373432159423828,2.1935298442840576,-1.4963358640670776,267.4792785644531,0.001004684716463089,18.631677627563477,-0.12643571197986603,-0.22407153248786926,282.30303955078125,0.007939671166241169,76.36038970947266,0.4524775743484497,1.1948096752166748,289.92193603515625,0.010775893926620483,76.36937713623047,2.5643659682828e-05,1.0675423254724592e-05,10.881081581115723,4.186562538146973,-0.4316369593143463,2.5643659682828e-05,2.831196616170928e-05,56.791282653808594,2.715953826904297,0.7764564008013138,1.2451340229125334,6,12,19,ML_CTL_49_0006
CTL,49.0,941.0,8.0,6.0,29.36842155456543,295.0,-0.9063077870366498,0.4226182617406996,-0.8660254037844385,-0.5000000000000004,6.8806657791137695,-4.079288005828857,217.17872619628906,2.414597838651389e-05,41.95985794067383,4.643413543701172,-3.6617674827575684,237.69329833984375,9.521112951915711e-05,22.416847229003906,1.4184331893920898,-1.7624716758728027,266.9967956542969,0.001152670825831592,21.609207153320312,-0.09910690039396286,0.49762213230133057,282.1300354003906,0.007317023351788521,71.29293060302734,0.7561389803886414,1.9409259557724,289.6230163574219,0.010952902026474476,79.11366271972656,2.265180773974862e-05,1.562121178722009e-05,8.587945938110352,2.7199089527130127,-1.4129955768585205,2.265180773974862e-05,2.7979829610558227e-05,55.46097183227539,3.7841854095458984,0.7261735372803825,0.975294460327782,6,13,19,ML_CTL_49_0006
CTL,49.0,942.0,8.0,12.0,29.36842155456543,295.0,-0.9063077870366498,0.4226182617406996,-0.8660254037844385,-0.5000000000000004,0.27874210476875305,-4.511458873748779,217.19590759277344,2.421714634692762e-05,42.125606536865234,0.21054938435554504,-2.9388999938964844,237.33651733398438,7.877547614043579e-05,19.7395076751709,0.21425950527191162,-2.3253822326660156,266.3960876464844,0.0010393692646175623,20.536752700805664,0.5449999570846558,0.8967275619506836,282.3642578125,0.00683177076280117,65.55502319335938,1.4764130115509033,2.3691012859344482,289.72821044921875,0.010819911025464535,77.61434936523438,2.3197570044430904e-05,2.1115507479407825e-05,6.984018802642822,0.5449928045272827,-1.3019825220108032,2.3197570044430904e-05,2.4019389456952922e-05,54.51023864746094,1.6621447801589966,0.7603731503084105,1.154726379588071,6,14,19,ML_CTL_49_0006
CTL,49.0,943.0,8.0,18.0,29.36842155456543,295.0,-0.9063077870366498,0.4226182617406996,-0.8660254037844385,-0.5000000000000004,-3.559793710708618,-0.3047323226928711,217.32020568847656,2.56541243288666e-05,43.618560791015625,-1.772616982460022,-1.0154551267623901,237.4805908203125,7.537010969826952e-05,18.99800682067871,-0.08671266585588455,-3.8242897987365723,266.4243469238281,0.0008702015620656312,17.498355865478516,1.6428462266921997,-0.01164633221924305,282.64892578125,0.007109969854354858,66.91007232666016,2.2283060550689697,1.8284307718276978,290.0592956542969,0.010505051352083683,73.7574691772461,2.368990499235224e-05,2.5708995963213965e-05,6.168669700622559,-0.3095943033695221,-0.6655386090278625,2.368990499235224e-05,3.366067539900541e-05,54.2047233581543,1.9438549280166626,0.7777832965695339,1.2527948989308806,6,15,19,ML_CTL_49_0006
CTL,49.0,944.0,8.0,0.0,29.36842155456543,295.0,-0.9063077870366498,0.4226182617406996,-0.8660254037844385,-0.5000000000000004,-6.187205791473389,-0.9108097553253174,217.3381805419922,3.347349047544412e-05,55.81421661376953,-3.6353468894958496,-1.5950970649719238,238.19349670410156,0.00011339082266204059,24.9215030670166,-1.5518181324005127,-4.399050712585449,266.7999572753906,0.000978115014731884,20.52054786682129,0.995712399482727,-0.5266427993774414,282.4376525878906,0.007337252609431744,69.95811462402344,1.841609239578247,1.5236785411834717,289.9464111328125,0.010197829455137253,72.11515808105469,2.19839876081096e-05,2.5299506887677126e-05,8.389791488647461,-1.7074098587036133,-1.181584358215332,2.19839876081096e-05,3.869328793371096e-05,53.901329040527344,0.7830302119255066,0.758936525008276,1.1468578636131692,6,16,19,ML_CTL_49_0006
CTL,49.0,945.0,8.0,6.0,29.36842155456543,295.0,-0.9063077870366498,0.4226182617406996,-0.8660254037844385,-0.5000000000000004,-9.091597557067871,-4.107517719268799,217.29685974121094,4.2888867028523237e-05,71.55553436279297,-5.331131935119629,-3.7235567569732666,239.2086639404297,0.00020105281146243215,37.93010711669922,-1.1494812965393066,-4.294078350067139,267.0809631347656,0.0013308164197951555,28.029674530029297,1.466810703277588,-0.19672562181949615,282.0166931152344,0.007202041335403919,70.63938903808594,2.3913114070892334,1.453864336013794,289.5286865234375,0.010275390930473804,74.6346435546875,1.973636244656518e-05,1.9148765204590745e-05,12.758769035339355,-2.342817783355713,-2.173602819442749,1.973636244656518e-05,3.311087129986845e-05,55.684017181396484,1.9765102863311768,0.6660199220924768,0.6902382389304851,6,17,19,ML_CTL_49_0006
CTL,49.0,946.0,8.0,12.0,31.263158798217773,297.5,-0.8870108331782216,0.4617486132350341,-0.8660254037844385,-0.5000000000000004,-3.427399158477783,-4.68186092376709,218.39666748046875,5.6260760175064206e-05,81.25987243652344,-0.03711538016796112,-5.398070812225342,240.2512664794922,0.0003759872925002128,66.98670959472656,-0.2498902827501297,1.3196446895599365,267.4151306152344,0.0038951821625232697,73.78837585449219,1.7042574882507324,3.0694663524627686,281.62371826171875,0.00876250397413969,88.4058837890625,2.2407424449920654,3.914825677871704,288.92559814453125,0.011210018768906593,84.81243133544922,2.3717688236502e-05,1.1748045835702214e-05,10.297127723693848,0.046119023114442825,-0.35519880056381226,2.3717688236502e-05,2.984078491863329e-05,56.42271423339844,6.011970043182373,0.6676233529801978,0.697455366816659,6,18,19,ML_CTL_49_0006
CTL,49.0,947.0,8.0,18.0,31.263158798217773,297.5,-0.8870108331782216,0.4617486132350341,-0.8660254037844385,-0.5000000000000004,1.409680724143982,-4.2246856689453125,218.40423583984375,5.855996278114617e-05,84.91426849365234,2.1376311779022217,-3.5805249214172363,240.43466186523438,0.00048461684491485357,79.58089447021484,0.022419791668653488,-0.31136059761047363,267.48193359375,0.0043992954306304455,82.86640167236328,1.6506587266921997,1.1497701406478882,281.4632568359375,0.008362023159861565,85.30847930908203,2.073307752609253,2.1868627071380615,289.1862487792969,0.010800061747431755,80.33820343017578,2.6654672183212824e-05,1.2691208212345373e-05,6.445801258087158,1.4587396383285522,-0.9559877514839172,2.6654672183212824e-05,3.1226107239490375e-05,58.43802261352539,3.7573654651641846,0.5942603312428713,0.3816057474559842,6,19,19,ML_CTL_49_0006
CTL,49.0,948.0,8.0,0.0,12.315789222717285,330.0,-0.5000000000000004,0.8660254037844384,-0.8660254037844385,-0.5000000000000004,-0.30120134353637695,8.483255386352539,219.16981506347656,7.144278060877696e-05,92.82726287841797,-6.016269207000732,2.6394877433776855,243.55209350585938,0.0009747500880621374,107.60687255859375,-8.120471954345703,-2.6877644062042236,270.1392517089844,0.006162392441183329,100.64645385742188,-4.650671005249023,0.5420239567756653,281.76080322265625,0.008929007686674595,89.42121124267578,-1.9020417928695679,0.2669249176979065,290.7654113769531,0.012300063855946064,82.45460510253906,3.712600300787017e-05,6.76321069477126e-05,8.370828628540039,-4.198131084442139,1.848785638809204,3.712600300787017e-05,6.76321069477126e-05,66.7447280883789,2.7389988899230957,0.5818894210559993,0.33053449102625065,7,1,11,ML_CTL_49_0007
CTL,49.0,949.0,8.0,6.0,12.315789222717285,330.0,-0.5000000000000004,0.8660254037844384,-0.8660254037844385,-0.5000000000000004,0.08377121388912201,7.636295795440674,219.79061889648438,8.684689237270504e-05,103.57657623291016,-5.186500072479248,1.2619569301605225,244.960693359375,0.001092393882572651,105.05176544189453,-4.250925540924072,3.614201545715332,269.8858947753906,0.006038878578692675,100.99251556396484,-2.81660532951355,3.6991679668426514,280.4728698730469,0.008658508770167828,94.71880340576172,-2.0618836879730225,2.516578435897827,290.89239501953125,0.012242008931934834,81.55984497070312,3.869720239890739e-05,7.44736535125412e-05,5.551156997680664,-2.846428871154785,3.745640277862549,3.869720239890739e-05,7.44736535125412e-05,65.6175765991211,3.944319725036621,0.5585934882855143,0.2354557501131045,7,2,11,ML_CTL_49_0007
CTL,49.0,950.0,8.0,12.0,12.315789222717285,327.5,-0.5372996083468242,0.8433914458128855,-0.8660254037844385,-0.5000000000000004,1.7290433645248413,7.019711017608643,219.9494171142578,7.497590559069067e-05,88.03463745117188,-2.9749302864074707,-0.01624559983611107,243.85662841796875,0.0009960393654182553,107.10326385498047,-3.7036025524139404,-2.3018805980682373,270.20086669921875,0.006190754938870668,100.65938568115234,-2.0762109756469727,1.8473869562149048,281.6988220214844,0.009221130982041359,92.71702575683594,-2.3662850856781006,1.650784969329834,290.3204040527344,0.012370469979941845,85.45028686523438,4.035578967886977e-05,7.216286758193746e-05,6.752561092376709,-1.8783972263336182,1.6399513483047485,4.035578967886977e-05,7.216286758193746e-05,65.42414093017578,1.111485481262207,0.6602636038330562,0.664469143514473,7,3,11,ML_CTL_49_0007
CTL,49.0,951.0,8.0,18.0,12.315789222717285,327.5,-0.5372996083468242,0.8433914458128855,-0.8660254037844385,-0.5000000000000004,1.0413837432861328,4.721737861633301,220.13186645507812,8.736406016396359e-05,100.04265594482422,-2.601926565170288,-0.2388274222612381,244.9613037109375,0.0011411532759666443,110.00675964355469,-1.2517203092575073,1.5877681970596313,270.0683288574219,0.006112145259976387,100.80787658691406,-1.3093262910842896,3.7791554927825928,280.9425048828125,0.008927488699555397,94.561767578125,-0.8826322555541992,3.4892399311065674,290.79364013671875,0.012337609194219112,82.77301788330078,3.9477625250583515e-05,7.611748878844082e-05,2.284926414489746,-1.0008442401885986,2.6678147315979004,3.9477625250583515e-05,7.611748878844082e-05,62.972755432128906,2.284926414489746,0.5720500539011915,0.2902202539960306,7,4,11,ML_CTL_49_0007
CTL,49.0,952.0,8.0,0.0,12.315789222717285,325.0,-0.5735764363510465,0.8191520442889916,-0.8660254037844385,-0.5000000000000004,0.7534515261650085,5.534841537475586,220.43960571289062,3.658694549812935e-05,40.99140167236328,-2.7081806659698486,1.3744473457336426,242.55796813964844,0.0008773694280534983,108.17971801757812,-0.31234169006347656,-3.912773370742798,270.1416015625,0.0061605083756148815,100.53215026855469,-1.6141762733459473,0.3784772753715515,281.810791015625,0.009154234081506729,91.33625030517578,-0.6238932013511658,0.7066975235939026,290.2730407714844,0.012643850408494473,87.6638412475586,4.270935824024491e-05,5.8369481848785654e-05,5.0207624435424805,-0.901028037071228,0.816338062286377,4.270935824024491e-05,7.22077747923322e-05,66.5003890991211,1.2022509574890137,0.8027118419340129,1.4033304063680543,7,5,11,ML_CTL_49_0007
CTL,49.0,953.0,8.0,6.0,12.315789222717285,325.0,-0.5735764363510465,0.8191520442889916,-0.8660254037844385,-0.5000000000000004,-1.2800942659378052,3.3931474685668945,218.6112823486328,7.324390753637999e-05,102.14622497558594,-0.5925129055976868,1.3918105363845825,243.60879516601562,0.0009465203620493412,103.84123992919922,1.8146392107009888,-0.19420915842056274,270.14398193359375,0.0061508724465966225,100.72763061523438,-1.4292172193527222,4.211184024810791,281.5036315917969,0.00913138035684824,93.04149627685547,0.22305110096931458,2.7871735095977783,290.450927734375,0.012773711234331131,87.61934661865234,4.4965527195017785e-05,6.341306288959458e-05,1.6206943988800049,-0.25282683968544006,2.3178212642669678,4.4965527195017785e-05,6.341306288959458e-05,68.18309020996094,1.6206943988800049,0.5613373781008565,0.24659150917107286,7,6,11,ML_CTL_49_0007
CTL,49.0,954.0,8.0,12.0,12.315789222717285,322.5,-0.608761429008721,0.7933533402912349,-0.8660254037844385,-0.5000000000000004,-2.23268461227417,7.371860504150391,221.06939697265625,1.624479227757547e-05,17.851627349853516,-0.020022990182042122,2.7847378253936768,242.3764190673828,0.00012172678543720394,13.538082122802734,2.523395299911499,-2.692899227142334,269.2574768066406,0.005599109921604395,96.92804718017578,-1.9445736408233643,1.6734029054641724,282.2291564941406,0.008796267211437225,85.31697845458984,-0.22064149379730225,1.3193979263305664,290.3056945800781,0.01271426398307085,87.97232055664062,4.086234184796922e-05,3.48630674125161e-05,6.378136157989502,-0.3789055049419403,2.0913000106811523,4.086234184796922e-05,6.878277781652287e-05,68.2061767578125,4.800352573394775,0.6487547491963366,0.6135700552742704,7,7,11,ML_CTL_49_0007
CTL,49.0,955.0,8.0,18.0,14.210526466369629,322.5,-0.608761429008721,0.7933533402912349,-0.8660254037844385,-0.5000000000000004,-1.763739824295044,10.490243911743164,220.30128479003906,2.3218022761284374e-05,23.95772933959961,0.012555547058582306,1.0320754051208496,242.28485107421875,0.0008255484863184392,103.99578094482422,-3.306802272796631,-2.2338290214538574,270.5208740234375,0.006250333972275257,98.90953826904297,-5.5860137939453125,3.660470724105835,281.4382019042969,0.008615951985120773,88.21624755859375,-5.672831058502197,2.695263624191284,290.7528076171875,0.011958911083638668,80.51470947265625,4.3282503611408174e-05,6.117490556789562e-05,8.720247268676758,-3.263366222381592,3.128844976425171,4.3282503611408174e-05,6.91939058015123e-05,64.68449401855469,4.368438243865967,0.8526504833216811,1.7555422845198017,7,8,11,ML_CTL_49_0007
CTL,49.0,956.0,8.0,0.0,14.210526466369629,320.0,-0.6427876096865396,0.7660444431189778,-0.8660254037844385,-0.5000000000000004,6.12324333190918,11.899423599243164,220.40579223632812,3.825042222160846e-05,44.14863204956055,3.3185036182403564,1.1735116243362427,243.35557556152344,0.00014318725152406842,20.416044235229492,-7.261815071105957,-2.4244964122772217,269.73834228515625,0.005616235546767712,91.57035827636719,-6.589582443237305,1.8545682430267334,282.7126770019531,0.008529319427907467,80.06455993652344,-5.506717681884766,1.2553752660751343,290.3057861328125,0.012147849425673485,84.12569427490234,4.2572679376462474e-05,3.1245195714291185e-05,15.765524864196777,-1.9832737445831299,2.751676321029663,4.2572679376462474e-05,5.955042433924973e-05,68.23145294189453,3.25337290763855,0.7906632104423841,1.328927711872005,7,9,11,ML_CTL_49_0007
CTL,49.0,957.0,8.0,6.0,14.210526466369629,320.0,-0.6427876096865396,0.7660444431189778,-0.8660254037844385,-0.5000000000000004,6.023697853088379,7.8195013999938965,219.55215454101562,4.571517274598591e-05,59.02528381347656,0.9241688251495361,-0.6259370446205139,243.5340576171875,0.000160090159624815,23.141748428344727,-4.278155326843262,2.5060174465179443,269.46923828125,0.005840413272380829,99.26127624511719,-5.107173442840576,7.153187274932861,281.93133544921875,0.008970927447080612,88.79064178466797,-4.17165470123291,3.5859272480010986,290.4769592285156,0.012267827987670898,84.0444107055664,4.1575123759685084e-05,3.2817479223012924e-05,11.039400100708008,-1.3218233585357666,4.08773946762085,4.1575123759685084e-05,4.6379758714465424e-05,73.31976318359375,2.7377281188964844,0.7843239212262073,1.2910444530514904,7,10,11,ML_CTL_49_0007
CTL,49.0,958.0,8.0,12.0,14.210526466369629,317.5,-0.6755902076156605,0.7372773368101239,-0.8660254037844385,-0.5000000000000004,2.2297635078430176,7.80623722076416,218.37667846679688,5.492461787071079e-05,78.68582153320312,-5.085763454437256,2.2499630451202393,242.8421630859375,0.0003520073078107089,51.71315002441406,-4.712240219116211,4.1824846267700195,269.4278564453125,0.00574524374678731,97.20860290527344,-3.1528735160827637,5.366225242614746,283.0124206542969,0.008399611338973045,77.25920104980469,-5.157530784606934,2.6618399620056152,290.87921142578125,0.012070671655237675,80.58305358886719,3.6600413295673206e-05,1.903355951071717e-05,9.002052307128906,-3.1757287979125977,4.453350067138672,3.6600413295673206e-05,3.700150773511268e-05,72.11885070800781,1.1242097616195679,0.6135485147122746,0.4622530026495433,7,11,11,ML_CTL_49_0007
CTL,49.0,958.0,8.0,12.0,31.263158798217773,285.0,-0.9659258262890684,0.2588190451025203,-0.8660254037844385,-0.5000000000000004,19.22995948791504,5.682070255279541,220.73680114746094,9.213820158038288e-05,99.98773956298828,11.183180809020996,2.867797374725342,241.87860107421875,0.0003886066551785916,59.072933197021484,0.8352358341217041,-4.766808986663818,267.631591796875,0.004388792905956507,84.7495346069336,0.8790053129196167,-2.9238953590393066,283.00958251953125,0.010165696032345295,93.53067016601562,-0.13979391753673553,-0.5368707180023193,289.75885009765625,0.011477159336209297,82.3870620727539,3.7177593185333535e-05,1.2789579159289133e-05,20.343612670898438,6.397517204284668,0.06445851176977158,3.7177593185333535e-05,3.387957622180693e-05,81.85570526123047,4.160665988922119,0.6022889273425105,0.41501148236361196,8,1,12,ML_CTL_49_0008
CTL,49.0,960.0,8.0,0.0,29.36842155456543,285.0,-0.9659258262890684,0.2588190451025203,-0.8660254037844385,-0.5000000000000004,13.799394607543945,3.503296136856079,221.4468994140625,0.00010108549759024754,99.896484375,7.2757182121276855,0.024456972256302834,242.8205108642578,0.0007712743827141821,95.2276611328125,-0.4983125329017639,-5.773353576660156,269.29803466796875,0.004561795387417078,78.8344497680664,3.0220017433166504,-1.8802759647369385,282.9820556640625,0.00979047454893589,90.24468231201172,3.2393970489501953,-0.9610810279846191,290.3210144042969,0.012308556586503983,85.19019317626953,4.430935950949788e-05,3.5997629311168566e-05,11.464912414550781,5.367640018463135,-1.0173914432525635,4.430935950949788e-05,4.765444100485183e-05,75.61292266845703,2.1182243824005127,0.7160626157449445,0.9250138794174645,8,2,12,ML_CTL_49_0008
CTL,49.0,961.0,8.0,6.0,29.36842155456543,285.0,-0.9659258262890684,0.2588190451025203,-0.8660254037844385,-0.5000000000000004,13.818001747131348,3.7456400394439697,221.3519287109375,0.00010075441241497174,100.22008514404297,6.550743103027344,0.7294008135795593,241.82708740234375,0.000553984718862921,81.41674041748047,-1.3162387609481812,-5.855955123901367,269.2034912109375,0.0032303230836987495,54.876617431640625,1.5633457899093628,-2.757960796356201,283.212158203125,0.00964291486889124,87.52666473388672,1.4250293970108032,-1.4955052137374878,289.9705810546875,0.012279173359274864,86.8923110961914,4.6913806727388874e-05,3.3457916288170964e-05,13.455680847167969,4.408175945281982,-1.1268761157989502,4.6913806727388874e-05,5.102867362438701e-05,76.31689453125,1.1012883186340332,0.8044074267552576,1.4140721027368301,8,3,12,ML_CTL_49_0008
CTL,49.0,962.0,8.0,12.0,29.36842155456543,285.0,-0.9659258262890684,0.2588190451025203,-0.8660254037844385,-0.5000000000000004,10.072717666625977,4.334073543548584,220.77432250976562,9.661529475124553e-05,103.13645935058594,5.150312900543213,0.13854099810123444,241.29525756835938,0.00036045617889612913,58.419105529785156,-1.146308422088623,-6.5344109535217285,268.9036560058594,0.0021340770181268454,35.66872787475586,-0.3133642375469208,-3.379321813583374,283.4629211425781,0.009652079083025455,86.11227416992188,0.38172775506973267,-1.3999415636062622,290.005126953125,0.012148307636380196,85.77349853515625,4.722378071164712e-05,2.5714254661579616e-05,11.260293006896973,2.829017162322998,-1.3682119846343994,4.722378071164712e-05,5.2118692110525444e-05,76.0246353149414,3.195857286453247,0.8528666778835322,1.7572641084483172,8,4,12,ML_CTL_49_0008
CTL,49.0,963.0,8.0,18.0,29.36842155456543,285.0,-0.9659258262890684,0.2588190451025203,-0.8660254037844385,-0.5000000000000004,8.292305946350098,5.284347057342529,220.0055389404297,6.951490649953485e-05,81.00959014892578,4.289276123046875,-1.6496256589889526,241.35635375976562,0.00018702853412833065,32.11124038696289,-0.8649788498878479,-7.9564900398254395,269.0386962890625,0.0011448853183537722,18.776607513427734,-0.6427088975906372,-3.5078389644622803,283.91259765625,0.010306584648787975,89.22650909423828,0.34798678755760193,-1.7617210149765015,290.66900634765625,0.011871309950947762,80.30044555664062,4.585094575304538e-05,1.7472542822360992e-05,10.618817329406738,2.284376382827759,-1.918265700340271,4.585094575304538e-05,5.299722761265002e-05,73.9260025024414,2.22994327545166,0.9055171102877315,2.2600874162401756,8,5,12,ML_CTL_49_0008
CTL,49.0,964.0,8.0,0.0,31.263158798217773,287.5,-0.9537169507482268,0.30070579950427345,-0.8660254037844385,-0.5000000000000004,11.50132942199707,6.935825347900391,219.62911987304688,4.054227247252129e-05,50.0679931640625,5.373416423797607,-1.1936759948730469,241.74864196777344,0.000115675175038632,17.385007858276367,-2.9525527954101562,-6.589200496673584,268.7123107910156,0.0015391083434224129,26.00979995727539,-1.7615303993225098,-2.1157772541046143,283.31549072265625,0.010212179273366928,92.02467346191406,-1.4703795909881592,-0.05983128398656845,290.4430847167969,0.011645482853055,79.95519256591797,4.447207902558148e-05,1.5031661860120948e-05,14.737857818603516,2.138056755065918,-0.6045319437980652,4.447207902558148e-05,5.0099723011953756e-05,73.59502410888672,1.0100948810577393,0.9336899577538226,2.6448030796261452,8,6,12,ML_CTL_49_0008
CTL,49.0,965.0,8.0,6.0,31.263158798217773,287.5,-0.9537169507482268,0.30070579950427345,-0.8660254037844385,-0.5000000000000004,11.475109100341797,2.678769111633301,219.3837432861328,3.6193847336107865e-05,46.91868591308594,5.597300052642822,-0.4764226973056793,241.0391387939453,0.00010873565770452842,17.145292282104492,-0.7601750493049622,-5.204580307006836,268.6874694824219,0.0012736809439957142,22.10970115661621,-0.8100206851959229,-2.423891305923462,283.1000061035156,0.010065044276416302,92.04459381103516,-0.41437241435050964,-0.42735642194747925,290.3372802734375,0.011581756174564362,80.0512924194336,4.24476238549687e-05,1.233080001838971e-05,12.288522720336914,3.0175681114196777,-1.1706963777542114,4.24476238549687e-05,4.09981221309863e-05,70.52120208740234,3.034590005874634,0.9200383276716692,2.4428679057130864,8,7,12,ML_CTL_49_0008
CTL,49.0,966.0,8.0,12.0,31.263158798217773,287.5,-0.9537169507482268,0.30070579950427345,-0.8660254037844385,-0.5000000000000004,9.352375984191895,4.0819525718688965,219.27542114257812,4.315335172577761e-05,57.15336227416992,6.6252288818359375,0.3540618121623993,240.39910888671875,0.00010254931112285703,16.756433486938477,0.7809740304946899,-5.700508117675781,268.664306640625,0.001053249347023666,18.551424026489258,-1.1467758417129517,-2.9949936866760254,283.2062072753906,0.009526161476969719,86.37748718261719,-0.25442954897880554,-0.7159519195556641,290.416259765625,0.011461448855698109,78.80673217773438,4.084451938979328e-05,7.5947345976601355e-06,10.738277435302734,3.071474552154541,-0.9950879216194153,4.084451938979328e-05,3.27231791743543e-05,65.18160247802734,0.6816215515136719,0.9102329791720456,2.316482931315502,8,8,12,ML_CTL_49_0008
CTL,49.0,967.0,8.0,18.0,31.263158798217773,287.5,-0.9537169507482268,0.30070579950427345,-0.8660254037844385,-0.5000000000000004,9.418778419494629,5.129080295562744,219.6207275390625,5.893304478377104e-05,75.24536895751953,6.551585674285889,-1.3456393480300903,240.40435791015625,9.510543895885348e-05,16.174556732177734,0.8489519953727722,-6.538555145263672,269.099609375,0.0008043465204536915,13.998529434204102,-1.0148038864135742,-3.0190467834472656,283.4622497558594,0.008856914937496185,78.91529846191406,0.35130777955055237,-1.0227386951446533,290.65252685546875,0.01129828579723835,76.50020599365234,3.600875425036065e-05,3.21622496812779e-06,10.957367897033691,3.231163740158081,-1.3593800067901611,3.600875425036065e-05,3.253572867834009e-05,58.151702880859375,0.723082423210144,0.8587975197221657,1.805338287314683,8,9,12,ML_CTL_49_0008
CTL,49.0,968.0,8.0,0.0,33.157894134521484,292.5,-0.9238795325112866,0.38268343236509,-0.8660254037844385,-0.5000000000000004,21.442508697509766,7.102128028869629,219.27061462402344,5.756770769949071e-05,75.7920150756836,14.884127616882324,2.9385879039764404,240.3885040283203,0.00017278910672757775,28.416549682617188,4.95741605758667,-2.7690796852111816,267.9640808105469,0.0022708321921527386,39.06216049194336,4.450723171234131,0.23815347254276276,282.7568664550781,0.008276133798062801,77.35737609863281,4.828861713409424,2.3983731269836426,289.99322509765625,0.011132534593343735,78.68017578125,3.099603418377228e-05,1.2634294762392528e-05,17.26668930053711,10.112727165222168,1.9816325902938843,3.099603418377228e-05,3.053226464544423e-05,60.00529861450195,2.8373990058898926,0.8565884512726405,1.7872391230554592,8,10,12,ML_CTL_49_0008
CTL,49.0,969.0,8.0,6.0,33.157894134521484,292.5,-0.9238795325112866,0.38268343236509,-0.8660254037844385,-0.5000000000000004,18.6798095703125,-1.9567912817001343,218.42808532714844,2.5969129637815058e-05,38.56686782836914,13.13148307800293,-5.213347911834717,239.46084594726562,7.567221473436803e-05,13.155447959899902,5.816247463226318,-3.3115036487579346,268.1166687011719,0.0009201567154377699,16.238698959350586,4.026889324188232,-1.5169260501861572,282.6048583984375,0.008053564466536045,75.9992904663086,4.4099812507629395,0.31334635615348816,290.03521728515625,0.01090578455477953,76.86360168457031,2.746278369158972e-05,5.22076743436628e-06,14.449275016784668,9.212882041931152,-2.3370444774627686,2.746278369158972e-05,1.8879840354202315e-05,54.43767547607422,2.111497402191162,0.8060965590196871,1.4248432273531417,8,11,12,ML_CTL_49_0008
CTL,49.0,970.0,8.0,12.0,35.05263137817383,297.5,-0.8870108331782216,0.4617486132350341,-0.8660254037844385,-0.5000000000000004,25.13461685180664,7.760622978210449,218.23977661132812,2.6066007194458507e-05,39.58415603637695,19.589082717895508,0.9417033791542053,237.16758728027344,0.00010685282904887572,23.77189064025879,11.657415390014648,-2.646498441696167,266.9004211425781,0.0010867692762985826,20.960620880126953,6.680337429046631,-2.20711088180542,281.9659118652344,0.006836416199803352,67.5266342163086,6.579801559448242,-0.7171047925949097,289.1705017089844,0.01087590679526329,81.02731323242188,2.2848485969007015e-05,5.047721515438752e-06,20.399829864501953,13.928251266479492,0.6263224482536316,3.141856723232195e-05,1.783312291081529e-05,56.66038131713867,6.511521339416504,0.7857624276944455,1.29956894167884,8,12,12,ML_CTL_49_0008
CTL,49.0,999.0,9.0,18.0,21.789474487304688,292.5,-0.9238795325112866,0.38268343236509,-1.0,-1.8369701987210297e-16,-3.1892123222351074,19.821386337280273,218.5524444580078,4.828912642551586e-05,70.83654022216797,-0.9788804054260254,11.823466300964355,239.8098602294922,0.0001920275535667315,35.959285736083984,-4.182993412017822,-3.6023192405700684,267.820068359375,0.0037079118192195892,67.059814453125,-5.642728805541992,-3.512925386428833,283.6068115234375,0.006683565676212311,59.033416748046875,-4.894392490386963,0.6359808444976807,290.2329406738281,0.01233017910271883,85.72518157958984,4.049280323670246e-05,4.731470198748866e-06,19.26103401184082,-3.7776412963867188,5.033117294311523,4.049280323670246e-05,4.413164788275026e-05,61.263938903808594,3.4089598655700684,0.8138977686828838,1.4755386133578883,9,1,14,ML_CTL_49_0009
CTL,49.0,1000.0,9.0,0.0,21.789474487304688,292.5,-0.9238795325112866,0.38268343236509,-1.0,-1.8369701987210297e-16,-3.208953619003296,21.153770446777344,218.90798950195312,6.406266038538888e-05,88.76803588867188,-2.6521472930908203,13.196614265441895,240.32687377929688,0.00022555493342224509,39.10929870605469,-3.4868853092193604,-4.292041778564453,268.0590515136719,0.00409755390137434,74.6234359741211,-4.846309661865234,-2.428187370300293,283.07720947265625,0.008155851624906063,74.75006866455078,-3.3479888439178467,4.12891149520874,289.5011291503906,0.012757410295307636,93.0040512084961,3.991286575910635e-05,1.2331506695772987e-05,17.025426864624023,-3.5084567070007324,6.351813316345215,3.991286575910635e-05,4.560973320621997e-05,66.67724609375,3.185051679611206,0.7181967258138292,0.935534304676958,9,2,14,ML_CTL_49_0009
CTL,49.0,1003.0,9.0,18.0,23.6842098236084,290.0,-0.9396926207859083,0.342020143325669,-1.0,-1.8369701987210297e-16,-9.174009323120117,17.93012809753418,218.52101135253906,6.530300015583634e-05,95.05593872070312,-3.9341936111450195,10.547411918640137,238.8555145263672,0.00016128734569065273,36.261287689208984,-1.5774646997451782,-2.9917662143707275,267.53619384765625,0.0017856820486485958,35.19469451904297,-2.1826741695404053,-3.730377435684204,283.9076232910156,0.009265275672078133,80.27381896972656,-3.18361496925354,0.39753562211990356,290.7098693847656,0.012497804127633572,84.25814819335938,3.449743235250935e-05,2.216702796431491e-06,18.527725219726562,-4.0103912353515625,4.430586338043213,3.449743235250935e-05,5.217476063990034e-05,70.06082153320312,3.964600086212158,0.5623004701427096,0.2505036813289583,9,3,14,ML_CTL_49_0009
CTL,49.0,1004.0,9.0,0.0,23.6842098236084,290.0,-0.9396926207859083,0.342020143325669,-1.0,-1.8369701987210297e-16,-5.237832069396973,18.56462860107422,218.6627960205078,7.044010271783918e-05,99.05826568603516,-2.632462739944458,10.780004501342773,239.1601104736328,0.0001789795351214707,36.910152435302734,-2.308199167251587,-2.6991779804229736,267.3813171386719,0.002189874416217208,42.93447494506836,-2.5536036491394043,-3.5721254348754883,283.6250305175781,0.009938519448041916,87.73235321044922,-2.2343599796295166,2.0919525623321533,290.5487060546875,0.012795929796993732,87.16580200195312,3.629141065175645e-05,6.1602336245414335e-06,16.74424934387207,-2.9932913780212402,5.033056735992432,3.629141065175645e-05,5.407553180702962e-05,71.97250366210938,3.8535680770874023,0.5818130326081787,0.330220523374261,9,4,14,ML_CTL_49_0009
CTL,49.0,1007.0,9.0,18.0,25.578947067260742,290.0,-0.9396926207859083,0.342020143325669,-1.0,-1.8369701987210297e-16,-6.651121616363525,13.572871208190918,220.4570770263672,9.038744610734284e-05,99.76025390625,-0.19375331699848175,10.786784172058105,240.8642578125,0.0005535154487006366,86.2933120727539,3.7374844551086426,0.22261948883533478,268.1222229003906,0.003521677805110812,65.68994903564453,0.7312699556350708,0.1442413181066513,282.8049621582031,0.007935880683362484,74.03607940673828,-0.32555055618286133,3.384310245513916,290.4056701660156,0.012640547938644886,86.9331283569336,3.73559414583724e-05,2.847430732799694e-05,11.992481231689453,-0.5403342247009277,5.622165203094482,3.73559414583724e-05,3.7671372410841286e-05,73.86734008789062,0.8112709522247314,0.560865109800079,0.24467379777320986,9,5,14,ML_CTL_49_0009
CTL,49.0,1008.0,9.0,0.0,25.578947067260742,290.0,-0.9396926207859083,0.342020143325669,-1.0,-1.8369701987210297e-16,-2.794327974319458,17.426313400268555,219.00656127929688,6.49945141049102e-05,87.65856170654297,3.540247678756714,12.741202354431152,240.11355590820312,0.0004097668279428035,62.84553527832031,4.801841735839844,0.4636181592941284,268.0233154296875,0.0031661787070333958,55.0327033996582,2.5562517642974854,0.4467206597328186,283.59649658203125,0.007355541456490755,65.03460693359375,1.1955362558364868,3.2769370079040527,290.7501525878906,0.012062112800776958,81.10124206542969,3.4526910894783214e-05,1.9647130102384835e-05,14.701151847839355,1.859910011291504,6.870957851409912,3.4526910894783214e-05,4.2195119021926075e-05,71.62820434570312,2.6018130779266357,0.6741404932410913,0.7269722085213572,9,6,14,ML_CTL_49_0009
CTL,49.0,1009.0,9.0,6.0,27.473684310913086,290.0,-0.9396926207859083,0.342020143325669,-1.0,-1.8369701987210297e-16,-2.019306182861328,16.58995819091797,218.4212188720703,5.61544147785753e-05,82.44873809814453,2.8784499168395996,11.27464485168457,239.89230346679688,0.00035780761390924454,58.35725784301758,3.8733561038970947,1.8865067958831787,268.0873718261719,0.003984879702329636,71.51985931396484,1.2381870746612549,0.670540988445282,282.5591125488281,0.0074397120624780655,70.5645751953125,0.10944441705942154,3.2962958812713623,290.66510009765625,0.012108745984733105,81.89453887939453,3.317073787911795e-05,2.1354921045713127e-05,13.463024139404297,1.2160263061523438,6.743589878082275,3.317073787911795e-05,3.708533040480688e-05,72.22128295898438,2.341616153717041,0.6695970595235228,0.7063631864186073,9,7,14,ML_CTL_49_0009
CTL,49.0,1011.0,9.0,18.0,29.36842155456543,292.5,-0.9238795325112866,0.38268343236509,-1.0,-1.8369701987210297e-16,-1.1013301610946655,15.817870140075684,218.15255737304688,5.27279989910312e-05,80.68111419677734,6.414554119110107,11.23188591003418,240.4224853515625,0.00036569975782185793,56.365150451660156,9.9713716506958,4.6015825271606445,268.870849609375,0.004494750872254372,77.38917541503906,4.518784523010254,4.3742804527282715,282.5694580078125,0.008082571439445019,76.81668090820312,2.98832631111145,7.325091361999512,290.2689514160156,0.013192366808652878,91.52020263671875,3.671787999337539e-05,1.862132739915978e-05,9.426164627075195,4.558341026306152,8.670141220092773,3.671787999337539e-05,3.518748781061731e-05,76.50393676757812,1.9650590419769287,0.6974005541523173,0.8349499587892835,9,8,14,ML_CTL_49_0009
CTL,49.0,1012.0,9.0,0.0,31.263158798217773,292.5,-0.9238795325112866,0.38268343236509,-1.0,-1.8369701987210297e-16,5.270905494689941,19.702159881591797,218.17462158203125,4.589335003402084e-05,70.5020980834961,6.743127346038818,13.855903625488281,239.8840789794922,0.00024429187760688365,39.91279983520508,7.995449542999268,3.8493638038635254,268.3393249511719,0.004048041999340057,71.280517578125,3.5974795818328857,2.886354684829712,282.3178405761719,0.007910343818366528,76.3258056640625,1.6495842933654785,5.810636520385742,290.4220275878906,0.012691847048699856,87.19796752929688,3.989809556514956e-05,1.88650064956164e-05,14.355778694152832,5.051308631896973,9.220884323120117,3.989809556514956e-05,3.097247099503875e-05,75.45196533203125,2.5008187294006348,0.8138853359106519,1.4754565337354526,9,9,14,ML_CTL_49_0009
CTL,49.0,1013.0,9.0,6.0,33.157894134521484,292.5,-0.9238795325112866,0.38268343236509,-1.0,-1.8369701987210297e-16,10.679664611816406,16.920818328857422,217.41439819335938,5.1672708650585264e-05,87.2848892211914,8.080973625183105,14.12614917755127,238.7218780517578,0.0002285367518197745,43.688167572021484,7.495633602142334,4.63570499420166,267.16748046875,0.0045797694474458694,88.43560791015625,3.9674763679504395,2.606672763824463,281.8873596191406,0.00757621880620718,75.29093933105469,1.6654298305511475,3.6401662826538086,290.18707275390625,0.012192816473543644,85.05430603027344,4.001547858933918e-05,1.7617898265598342e-05,16.05092430114746,6.377835750579834,8.385902404785156,4.001547858933918e-05,2.737863724178169e-05,73.1471176147461,8.294797897338867,0.645753256597384,0.6004237894942459,9,10,14,ML_CTL_49_0009
CTL,49.0,1015.0,9.0,18.0,35.05263137817383,295.0,-0.9063077870366498,0.4226182617406996,-1.0,-1.8369701987210297e-16,14.480341911315918,16.575565338134766,217.2748565673828,5.162841989658773e-05,87.0322494506836,12.76309585571289,14.019842147827148,238.5655059814453,0.0003334340872243047,65.81327819824219,9.993613243103027,5.199978351593018,268.0140686035156,0.003992054145783186,70.06263732910156,6.153167247772217,3.2049336433410645,282.4226379394531,0.00708666630089283,67.99060821533203,3.65797758102417,4.969529151916504,290.28472900390625,0.012857280671596527,89.11611938476562,4.262608490535058e-05,9.457708983973134e-06,15.868952751159668,9.409639358520508,8.793970108032227,4.262608490535058e-05,4.572710531647317e-05,69.75885009765625,5.824607849121094,0.6397199382795725,0.5741488059143711,9,11,14,ML_CTL_49_0009
CTL,49.0,1016.0,9.0,0.0,35.05263137817383,295.0,-0.9063077870366498,0.4226182617406996,-1.0,-1.8369701987210297e-16,19.715320587158203,17.753772735595703,217.27236938476562,4.573981277644634e-05,76.93602752685547,17.3283748626709,14.121384620666504,238.49452209472656,0.00040519138565286994,77.59141540527344,8.252208709716797,5.6082963943481445,266.751708984375,0.002593851648271084,50.245235443115234,6.031222343444824,2.9402453899383545,283.5523376464844,0.006400382611900568,56.766632080078125,4.122544765472412,2.3525357246398926,290.621337890625,0.011864800937473774,80.47459411621094,4.026537135359831e-05,6.421902071451768e-06,21.916494369506836,11.089933395385742,8.555246353149414,4.026537135359831e-05,3.585479862522334e-05,62.720672607421875,5.10984992980957,0.613429029134309,0.46174909986527335,9,12,14,ML_CTL_49_0009
CTL,49.0,1017.0,9.0,6.0,36.94736862182617,297.5,-0.8870108331782216,0.4617486132350341,-1.0,-1.8369701987210297e-16,20.120206832885742,18.46442985534668,217.41119384765625,5.8772595366463065e-05,97.44312286376953,16.732887268066406,14.101280212402344,238.1754150390625,0.0003521523321978748,70.21900177001953,9.459939002990723,6.599939823150635,266.9980163574219,0.0029897026252001524,57.861488342285156,6.89361047744751,3.619218587875366,282.5357971191406,0.006839532405138016,65.00269317626953,4.09973669052124,3.9135334491729736,289.80731201171875,0.012649224139750004,90.37860870361328,4.3236883357167244e-05,7.207683211163385e-06,21.642181396484375,11.461276054382324,9.339680671691895,4.3236883357167244e-05,3.259587538195774e-05,68.09528350830078,5.572670936584473,0.6081151759261846,0.43939631763509657,9,13,14,ML_CTL_49_0009
CTL,49.0,1018.0,9.0,12.0,36.94736862182617,297.5,-0.8870108331782216,0.4617486132350341,-1.0,-1.8369701987210297e-16,20.744766235351562,18.53338050842285,217.2752685546875,4.719727439805865e-05,79.94297790527344,16.453907012939453,13.30479907989502,237.2452850341797,0.00026316888397559524,57.411415100097656,11.380619049072266,6.481252670288086,265.7242736816406,0.001387706957757473,31.56480598449707,7.608116626739502,2.5702707767486572,283.1735534667969,0.006212597247213125,56.54533767700195,5.430945873260498,2.1098790168762207,290.29327392578125,0.011621472425758839,80.51602935791016,4.081103907083161e-05,1.1290146176179405e-05,22.45538902282715,12.323671340942383,8.599916458129883,4.081103907083161e-05,2.7773679903475568e-05,60.235984802246094,3.6432785987854004,0.7454650989125738,1.0745703549398549,9,14,14,ML_CTL_49_0009
CTL,49.0,1022.0,9.0,12.0,12.315789222717285,340.0,-0.3420201433256686,0.9396926207859084,-1.0,-1.8369701987210297e-16,-8.597847938537598,4.146030426025391,218.81427001953125,4.8552585212746635e-05,65.56437683105469,-12.441827774047852,-4.031991481781006,242.1579132080078,0.00044164425344206393,57.803871154785156,-15.774894714355469,-3.1856980323791504,268.9058837890625,0.005139029119163752,92.05477905273438,-13.253554344177246,0.45966455340385437,281.9042053222656,0.007568997796624899,75.05323791503906,-3.0921854972839355,1.863478422164917,291.8052673339844,0.011967933736741543,75.79017639160156,3.4439821320120245e-05,4.965802145306952e-05,5.960063934326172,-10.632062911987305,-0.1497032195329666,3.4439821320120245e-05,7.699638808844611e-05,61.01970672607422,2.4280433654785156,0.7775104751794552,1.251217095822454,10,1,8,ML_CTL_49_0010
CTL,49.0,1023.0,9.0,18.0,12.315789222717285,337.5,-0.38268343236508956,0.9238795325112868,-1.0,-1.8369701987210297e-16,-5.115453243255615,3.7107832431793213,219.58860778808594,3.0659412004752085e-05,36.62168884277344,-11.235088348388672,-6.372287273406982,242.27394104003906,0.0002423251571599394,35.23158645629883,-15.723014831542969,-5.798520565032959,269.09521484375,0.004519014619290829,78.31636047363281,-11.52097225189209,-1.619721531867981,282.0755920410156,0.007400855887681246,72.54296875,-2.001664876937866,-0.19240731000900269,291.7882385253906,0.011560100130736828,73.43849182128906,3.50342525052838e-05,4.435618393472396e-05,4.9930524826049805,-9.119237899780273,-2.0544307231903076,3.50342525052838e-05,7.262041617650539e-05,58.227169036865234,3.715301752090454,0.7539159642716986,1.1196078223269819,10,2,8,ML_CTL_49_0010
CTL,49.0,1024.0,9.0,0.0,12.315789222717285,335.0,-0.4226182617406992,0.90630778703665,-1.0,-1.8369701987210297e-16,-0.08720017224550247,2.8477468490600586,219.4803009033203,3.0095521651674062e-05,37.4968376159668,-8.033472061157227,-6.733219146728516,241.8114776611328,0.00016581514501012862,26.20643424987793,-16.217390060424805,-5.61300802230835,268.73748779296875,0.003987470176070929,69.38274383544922,-10.600399017333984,-4.0988593101501465,282.2288513183594,0.007230582647025585,70.14899444580078,-2.111351251602173,-1.9051283597946167,291.6306457519531,0.011123990640044212,71.37803649902344,3.6781544622499496e-05,3.492174073471688e-05,5.165947437286377,-7.4099626541137695,-3.1004936695098877,3.6781544622499496e-05,5.867153959115967e-05,58.86504364013672,1.0882024765014648,0.7130157328366574,0.9100760898495608,10,3,8,ML_CTL_49_0010
CTL,49.0,1025.0,9.0,6.0,12.315789222717285,335.0,-0.4226182617406992,0.90630778703665,-1.0,-1.8369701987210297e-16,2.5259358882904053,0.4382243752479553,219.25502014160156,2.9530823667300865e-05,37.15439987182617,-8.197050094604492,-4.533095359802246,241.6247100830078,0.00022003681806381792,33.193359375,-11.965774536132812,0.2772122025489807,268.70025634765625,0.0054327636025846004,97.28279876708984,-9.158734321594238,0.1121801808476448,282.2117004394531,0.007271699607372284,70.60895538330078,-2.6451289653778076,0.057154592126607895,291.3173522949219,0.01101958379149437,71.51919555664062,3.773306525545195e-05,4.697338226833381e-05,5.185086727142334,-5.888150215148926,-0.7296648025512695,3.773306525545195e-05,5.0317419663770124e-05,60.16664123535156,3.0832879543304443,0.7316471679405078,1.0029957345758036,10,4,8,ML_CTL_49_0010
CTL,49.0,1026.0,9.0,12.0,12.315789222717285,332.5,-0.46174861323503363,0.8870108331782218,-1.0,-1.8369701987210297e-16,4.2825822830200195,-0.07374098896980286,219.10116577148438,2.2713398720952682e-05,30.453718185424805,-5.18621301651001,-3.532034397125244,241.37355041503906,0.0001328788639511913,21.044713973999023,-10.57208251953125,-0.5841974020004272,269.1556091308594,0.00534903584048152,90.74759674072266,-9.201653480529785,-2.0280773639678955,282.7668151855469,0.007005525752902031,65.48948669433594,-3.40075945854187,-0.4246314465999603,291.12738037109375,0.011676809750497341,76.69085693359375,3.6158759030513465e-05,4.0144081140169874e-05,7.691349983215332,-4.815625190734863,-1.3285362720489502,3.6158759030513465e-05,4.251602149452083e-05,58.721275329589844,0.5317260026931763,0.6496450102767528,0.6174791788410703,10,5,8,ML_CTL_49_0010
CTL,49.0,1027.0,9.0,18.0,12.315789222717285,332.5,-0.46174861323503363,0.8870108331782218,-1.0,-1.8369701987210297e-16,5.058328628540039,-0.9821931719779968,219.03436279296875,1.6940435671131127e-05,22.771738052368164,-4.2611775398254395,-1.2033659219741821,241.12583923339844,0.000238007414736785,32.85032272338867,-5.938572883605957,2.24747371673584,269.63946533203125,0.005726265255361795,96.79768371582031,-7.953678607940674,3.2809667587280273,283.3023681640625,0.007384468801319599,66.59276580810547,-2.6319096088409424,1.359100580215454,291.1135559082031,0.011337540112435818,74.36228942871094,3.415247920202091e-05,3.782308704103343e-05,8.038744926452637,-3.145401954650879,0.9403964281082153,3.415247920202091e-05,3.782308704103343e-05,56.70553207397461,1.192440390586853,0.6319780105953086,0.540711909978862,10,6,8,ML_CTL_49_0010
CTL,49.0,1028.0,9.0,0.0,12.315789222717285,330.0,-0.5000000000000004,0.8660254037844384,-1.0,-1.8369701987210297e-16,4.408050060272217,-3.2572014331817627,218.68626403808594,3.0497860279865563e-05,44.8538703918457,-2.945805072784424,-1.399964451789856,240.79071044921875,0.0001151235555880703,18.3632755279541,-6.967586994171143,0.5222994685173035,268.8382568359375,0.005389418452978134,95.69920349121094,-7.7143049240112305,1.0478053092956543,283.69183349609375,0.007152018137276173,62.820762634277344,-2.6958298683166504,0.6640486121177673,290.7237854003906,0.01169596053659916,78.65438079833984,3.28552232531365e-05,3.568085594451986e-05,8.114266395568848,-3.1830952167510986,-0.48460254073143005,3.28552232531365e-05,3.568085594451986e-05,57.488670349121094,3.432354211807251,0.5921970910312343,0.37305551207929644,10,7,8,ML_CTL_49_0010
CTL,49.0,1029.0,9.0,6.0,12.315789222717285,330.0,-0.5000000000000004,0.8660254037844384,-1.0,-1.8369701987210297e-16,5.153518199920654,-4.069852828979492,217.98521423339844,3.0388757295440882e-05,50.16497802734375,-2.599353790283203,-0.11972503364086151,239.87850952148438,0.00043111041304655373,63.54352951049805,-3.843820571899414,3.062384605407715,269.1966857910156,0.0053273760713636875,93.37600708007812,-6.435978412628174,5.453063488006592,283.6562805175781,0.007952841930091381,70.03050231933594,-1.2730381488800049,2.5173771381378174,290.3852233886719,0.011769125238060951,80.85392761230469,3.113637649221346e-05,2.6952078769681975e-05,9.202837944030762,-1.7997344732284546,1.3686494827270508,3.113637649221346e-05,2.9035714760539122e-05,61.843807220458984,5.5321245193481445,0.5963277909994648,0.39018731601023693,10,8,8,ML_CTL_49_0010
