experiment,year,time_index,month,hour,lat,lon,lon_sin,lon_cos,month_sin,month_cos,u_200,v_200,t_200,q_200,rh_200,u_300,v_300,t_300,q_300,rh_300,u_500,v_500,t_500,q_500,rh_500,u_700,v_700,t_700,q_700,rh_700,u_850,v_850,t_850,q_850,rh_850,zeta_850,zeta_500,wshear_850_200,steer_u_850_200,steer_v_850_200,zeta850_max_r500,zeta500_max_r500,rh700_mean_r500,shear_min_r500,prob_tc,decision_score,track_id,life_step,lifetime_steps,global_track_id
CTL,59.0,743.0,7.0,18.0,19.894737243652344,267.5,-0.9990482215818578,-0.04361938736533613,-0.4999999999999997,-0.8660254037844388,-2.7199463844299316,9.315980911254883,221.06649780273438,8.044074638746679e-05,83.0679702758789,-1.2607104778289795,9.748330116271973,244.7591552734375,0.0010669929906725883,101.8765640258789,1.2415227890014648,-1.5222728252410889,269.9715576171875,0.004665962420403957,76.64710235595703,-0.6980973482131958,2.7217462062835693,282.9303894042969,0.010167042724788189,93.96092224121094,-0.7205408215522766,2.4936463832855225,291.52313232421875,0.013603889383375645,87.25190734863281,4.1202540160156786e-05,2.8124446544097736e-05,7.109280586242676,-0.8315545320510864,4.551486492156982,4.1202540160156786e-05,4.664278094423935e-05,83.0942153930664,2.0985159873962402,0.5879656907928702,0.35556197654757904,1,1,9,ML_CTL_59_0001
CTL,59.0,744.0,7.0,0.0,19.894737243652344,267.5,-0.9990482215818578,-0.04361938736533613,-0.4999999999999997,-0.8660254037844388,-3.124577283859253,11.449104309082031,221.63458251953125,5.618935392703861e-05,55.14849853515625,0.7254112958908081,11.601788520812988,244.69346618652344,0.0005288474494591355,49.61106491088867,2.097701072692871,-1.5591968297958374,269.69903564453125,0.0049922107718884945,80.08727264404297,-0.37633103132247925,2.23927903175354,283.0337829589844,0.009995630942285061,91.72189331054688,-0.49572622776031494,2.7356560230255127,291.6221618652344,0.013394413515925407,85.371337890625,4.17572446167469e-05,2.1138508600415662e-05,9.101375579833984,-0.23470444977283478,5.293326377868652,4.17572446167469e-05,4.796607026946731e-05,80.85237884521484,2.5185678005218506,0.8392546320868148,1.652692607929462,1,2,9,ML_CTL_59_0001
CTL,59.0,745.0,7.0,6.0,21.789474487304688,267.5,-0.9990482215818578,-0.04361938736533613,-0.4999999999999997,-0.8660254037844388,-0.38042232394218445,17.02366828918457,221.47164916992188,5.331329884938896e-05,53.629310607910156,0.6565202474594116,13.74360179901123,244.52517700195312,0.0003593401052057743,35.104225158691406,-1.0299580097198486,-0.589246392250061,269.4580078125,0.005576899740844965,93.93809509277344,-2.415170907974243,4.373728275299072,282.8255310058594,0.009661086834967136,89.94873046875,-3.9119691848754883,5.743319988250732,291.23162841796875,0.01298798993229866,84.8852310180664,4.181838812655769e-05,1.90042846952565e-05,11.820240020751953,-1.416200041770935,8.059014320373535,4.181838812655769e-05,4.6150868001859635e-05,75.1468734741211,3.1034860610961914,0.8565946931859261,1.7872899354029417,1,3,9,ML_CTL_59_0001
CTL,59.0,746.0,7.0,12.0,21.789474487304688,267.5,-0.9990482215818578,-0.04361938736533613,-0.4999999999999997,-0.8660254037844388,1.5418883562088013,17.910062789916992,221.4430389404297,5.2066752687096596e-05,52.49727249145508,0.9577493071556091,14.847946166992188,244.5776824951172,0.00026196669205091894,26.513507843017578,-1.4486291408538818,2.6006181240081787,269.697998046875,0.00585897034034133,95.56541442871094,-2.3514761924743652,5.999871730804443,282.738037109375,0.00985189713537693,92.2831802368164,-2.655566930770874,6.466766834259033,291.0126647949219,0.01320081390440464,87.44786071777344,4.1016472096089274e-05,1.3140015653334558e-05,12.188833236694336,-0.791206955909729,9.56505298614502,4.1016472096089274e-05,3.156503225909546e-05,74.95706939697266,2.371018171310425,0.8227927660201363,1.5353845046827903,1,4,9,ML_CTL_59_0001
CTL,59.0,747.0,7.0,18.0,21.789474487304688,267.5,-0.9990482215818578,-0.04361938736533613,-0.4999999999999997,-0.8660254037844388,0.5249537229537964,17.404949188232422,221.2510223388672,5.199379666009918e-05,53.33782958984375,0.35444965958595276,14.863249778747559,244.63157653808594,0.00025935645680874586,25.918338775634766,0.5792179703712463,4.349675178527832,270.2332458496094,0.0059534409083426,90.9695053100586,-0.5398179888725281,6.559525012969971,282.9881286621094,0.009831211529672146,90.58221435546875,-1.1695549488067627,6.35358190536499,291.3638000488281,0.013164934702217579,85.29681396484375,3.839804412564263e-05,7.1190947892318945e-06,11.180521965026855,-0.05015033483505249,9.906195640563965,3.839804412564263e-05,2.806985139613971e-05,75.3812255859375,2.43009090423584,0.7982269043989981,1.375249121449393,1,5,9,ML_CTL_59_0001
CTL,59.0,748.0,7.0,0.0,23.6842098236084,267.5,-0.9990482215818578,-0.04361938736533613,-0.4999999999999997,-0.8660254037844388,-1.2010003328323364,18.644834518432617,220.9710235595703,5.983109076623805e-05,63.67744445800781,-1.0894075632095337,16.026147842407227,244.2993927001953,0.00027969179791398346,28.58610725402832,1.9753293991088867,3.3086419105529785,270.57440185546875,0.00600395305082202,93.49893951416016,-1.7430065870285034,7.328070163726807,283.0193786621094,0.00961232464760542,88.38246154785156,-4.711866855621338,7.9888200759887695,291.58856201171875,0.012627051211893559,80.69127655029297,3.3745298424037173e-05,1.0585687050479464e-05,11.219484329223633,-1.3539903163909912,10.659303665161133,3.3745298424037173e-05,3.3990898373303935e-05,71.11974334716797,1.8907437324523926,0.8087727960048837,1.4420557613261908,1,6,9,ML_CTL_59_0001
CTL,59.0,749.0,7.0,6.0,23.6842098236084,265.0,-0.9961946980917455,-0.08715574274765825,-0.4999999999999997,-0.8660254037844388,3.3224971294403076,21.463855743408203,221.3013153076172,8.954141230788082e-05,90.82681274414062,4.5934295654296875,19.10828971862793,243.286865234375,0.0004195150686427951,50.06928634643555,-0.10162737965583801,3.026393413543701,269.5977478027344,0.0023049816954880953,35.953575134277344,-1.3541440963745117,1.7190881967544556,284.3953552246094,0.008875502273440361,74.37659454345703,-2.110539674758911,2.668743848800659,291.44073486328125,0.01270291954278946,81.8279800415039,3.057712456211448e-05,1.335658089374192e-05,19.56461524963379,0.8699232339859009,9.597273826599121,3.057712456211448e-05,3.25152141158469e-05,69.63910675048828,3.126338481903076,0.6780190646690543,0.7446830697811209,1,7,9,ML_CTL_59_0001
CTL,59.0,750.0,7.0,12.0,23.6842098236084,265.0,-0.9961946980917455,-0.08715574274765825,-0.4999999999999997,-0.8660254037844388,2.8642399311065674,21.112632751464844,221.4214324951172,9.147360105998814e-05,91.74996948242188,5.196924209594727,18.73929786682129,243.54640197753906,0.00045645993668586016,53.106590270996094,-0.9133597612380981,4.111564636230469,270.06890869140625,0.0019253646023571491,29.65181541442871,-0.2784711420536041,2.899649143218994,284.6532287597656,0.009196827188134193,75.74824523925781,-0.7446544766426086,3.0416581630706787,291.1600341796875,0.013081550598144531,85.73465728759766,2.9126542358426377e-05,7.804814231349155e-06,18.427810668945312,1.22493577003479,9.98095989227295,2.9126542358426377e-05,3.539639510563575e-05,69.91512298583984,2.4056599140167236,0.6499801813836585,0.6189520947473959,1,8,9,ML_CTL_59_0001
CTL,59.0,751.0,7.0,18.0,25.578947067260742,265.0,-0.9961946980917455,-0.08715574274765825,-0.4999999999999997,-0.8660254037844388,3.720715045928955,21.88786506652832,221.54061889648438,7.979117071954533e-05,78.59870147705078,7.112366676330566,18.90772819519043,243.7373809814453,0.00039035899681039155,46.09844970703125,-0.2675459384918213,4.413046836853027,270.0078430175781,0.0030555238481611013,47.11458969116211,0.14175482094287872,2.5710909366607666,284.85443115234375,0.00934830866754055,75.97479248046875,-1.910483717918396,3.7454071044921875,291.7549133300781,0.012611540965735912,79.65018463134766,2.6322215489926748e-05,2.4647124519106e-06,18.996294021606445,1.7593616247177124,10.305027961730957,2.6322215489926748e-05,3.366864621057175e-05,69.45227813720703,1.4405701160430908,0.6976151133701752,0.8359668721877993,1,9,9,ML_CTL_59_0001
CTL,59.0,830.0,7.0,12.0,42.6315803527832,285.0,-0.9659258262890684,0.2588190451025203,-0.4999999999999997,-0.8660254037844388,14.03478717803955,4.821352005004883,218.5159912109375,3.0707644327776507e-05,43.99113464355469,11.533854484558105,6.220462799072266,238.29666137695312,0.0004179441020824015,78.9565658569336,4.263551235198975,-1.48965585231781,267.0496826171875,0.004439227283000946,92.7779541015625,1.4563707113265991,-1.8450641632080078,278.9898376464844,0.007168196607381105,86.749267578125,1.674084186553955,-1.6089675426483154,289.6674499511719,0.011260291561484337,81.24525451660156,3.071468381676823e-05,2.716568087635096e-05,13.933268547058105,6.592530250549316,1.219625473022461,3.071468381676823e-05,3.380603448022157e-05,68.02436065673828,2.553826093673706,0.6259676584170459,0.5149564373984084,2,1,8,ML_CTL_59_0002
CTL,59.0,831.0,7.0,18.0,42.6315803527832,287.5,-0.9537169507482268,0.30070579950427345,-0.4999999999999997,-0.8660254037844388,14.12513256072998,1.2645117044448853,218.49855041503906,2.982153273478616e-05,43.59548568725586,13.04735279083252,5.051575660705566,238.4316864013672,0.0004427362873684615,80.22050476074219,5.0770344734191895,-0.6483033299446106,267.4489440917969,0.005041559226810932,102.01123046875,1.7409777641296387,-0.4882519841194153,279.781494140625,0.006878663785755634,78.81086730957031,2.5998618602752686,0.9310550093650818,290.06878662109375,0.010580993257462978,74.45064544677734,3.0133729524095543e-05,2.718022369663231e-05,11.5300931930542,7.3180718421936035,1.222117304801941,3.0133729524095543e-05,3.559327524271794e-05,69.93433380126953,1.271493673324585,0.5754931230396316,0.3042990727879782,2,2,8,ML_CTL_59_0002
CTL,59.0,832.0,7.0,0.0,40.73684310913086,287.5,-0.9537169507482268,0.30070579950427345,-0.4999999999999997,-0.8660254037844388,14.29588508605957,2.923137903213501,218.79360961914062,2.8488619136624038e-05,39.49367141723633,16.75322151184082,6.147017955780029,238.55145263671875,0.00027362589025869966,55.136661529541016,8.93016529083252,-0.23045897483825684,267.33526611328125,0.0023647965863347054,47.16730499267578,6.119945049285889,-1.630767583847046,281.4688415527344,0.007570871617645025,77.28902435302734,6.310643196105957,-0.8808521032333374,289.431396484375,0.011923382990062237,87.24716186523438,2.925251828855835e-05,1.579458148626145e-05,8.845023155212402,10.481971740722656,1.2656153440475464,2.925251828855835e-05,2.181787567678839e-05,66.14338684082031,2.507310628890991,0.8001087959419978,1.3869744745215464,2,3,8,ML_CTL_59_0002
CTL,59.0,833.0,7.0,6.0,40.73684310913086,290.0,-0.9396926207859083,0.342020143325669,-0.4999999999999997,-0.8660254037844388,16.03891944885254,2.596036195755005,218.15695190429688,3.0420673283515498e-05,44.656211853027344,18.657270431518555,5.6245036125183105,238.26016235351562,0.0003144015499856323,67.20237731933594,9.953289985656738,1.018782138824463,267.1229248046875,0.0029035755433142185,57.117828369140625,6.167002201080322,0.10435362905263901,281.7612609863281,0.007440904621034861,74.48388671875,5.660811901092529,1.0674347877502441,289.3006896972656,0.01167264860123396,86.13988494873047,2.7854683139594272e-05,8.582363079767674e-06,10.49007797241211,11.295458793640137,2.0822224617004395,2.7854683139594272e-05,1.8644484953256324e-05,65.87777709960938,0.9152501821517944,0.6539622348750672,0.6365016880890924,2,4,8,ML_CTL_59_0002
CTL,59.0,834.0,7.0,12.0,40.73684310913086,290.0,-0.9396926207859083,0.342020143325669,-0.4999999999999997,-0.8660254037844388,15.713119506835938,4.663254261016846,218.47506713867188,3.249232759117149e-05,45.150978088378906,18.653995513916016,7.819668769836426,238.28443908691406,0.0003400083223823458,71.64208984375,8.524128913879395,1.0517076253890991,266.79736328125,0.002217087196186185,47.02299118041992,5.667715072631836,-0.8170398473739624,282.01715087890625,0.0069754356518387794,68.6258316040039,5.197230339050293,-0.022046325728297234,289.5880432128906,0.011261149309575558,81.55467987060547,2.8012784241582267e-05,1.1891877875314094e-05,11.512426376342773,10.751237869262695,2.539108991622925,2.8012784241582267e-05,1.8163655113312416e-05,64.61197662353516,2.1506779193878174,0.6637476466212806,0.6800400971824949,2,5,8,ML_CTL_59_0002
CTL,59.0,835.0,7.0,18.0,40.73684310913086,292.5,-0.9238795325112866,0.38268343236509,-0.4999999999999997,-0.8660254037844388,17.627967834472656,6.26746940612793,217.7463836669922,3.9470243791583925e-05,61.195987701416016,20.802671432495117,8.314104080200195,239.14463806152344,0.00036076840478926897,67.96112823486328,8.835951805114746,0.3494192659854889,267.4539489746094,0.0022660659160465,45.30354309082031,5.660624980926514,0.15797267854213715,282.3848571777344,0.007110510021448135,68.24825286865234,5.213893413543701,1.26361083984375,289.7405090332031,0.011369501240551472,81.59416961669922,2.6524316126597114e-05,6.4681103140173946e-06,13.384612083435059,11.628222465515137,3.2705154418945312,2.6524316126597114e-05,1.532867827336304e-05,65.55606079101562,2.224109172821045,0.6564799989658854,0.6476468899778158,2,6,8,ML_CTL_59_0002
CTL,59.0,836.0,7.0,0.0,40.73684310913086,292.5,-0.9238795325112866,0.38268343236509,-0.4999999999999997,-0.8660254037844388,14.211080551147461,6.262814998626709,220.09890747070312,2.2267740860115737e-05,26.058507919311523,19.660573959350586,7.876151084899902,238.67831420898438,0.0001613814092706889,32.9415168762207,8.203739166259766,0.19831809401512146,267.2423400878906,0.0015433100052177906,31.781898498535156,5.385684490203857,-0.8775601983070374,282.55572509765625,0.00661233626306057,62.71562957763672,4.68670654296875,-0.4698084890842438,289.7170104980469,0.011000048369169235,78.99038696289062,2.6053878173115663e-05,1.2812783097615466e-05,11.663701057434082,10.429556846618652,2.597982883453369,2.6053878173115663e-05,3.567408930393867e-05,63.69166946411133,1.4222544431686401,0.8122200602134506,1.464500569389359,2,7,8,ML_CTL_59_0002
CTL,59.0,837.0,7.0,6.0,40.73684310913086,295.0,-0.9063077870366498,0.4226182617406996,-0.4999999999999997,-0.8660254037844388,17.646366119384766,6.200351238250732,219.4874725341797,2.0389728888403624e-05,25.679397583007812,22.01628303527832,5.819476127624512,239.00254821777344,0.00014311421546153724,27.930706024169922,8.749211311340332,1.2879295349121094,267.0830993652344,0.001495347823947668,30.783987045288086,5.5240302085876465,-0.30826449394226074,282.5149841308594,0.007735901512205601,73.59516906738281,4.797476768493652,0.37760284543037415,289.5111389160156,0.01108270138502121,80.67398834228516,2.26467709580902e-05,8.052094926824793e-06,14.106678009033203,11.746673583984375,2.6754188537597656,2.26467709580902e-05,3.906470738002099e-05,65.39338684082031,1.629172444343567,0.7981168653486347,1.3745660458809628,2,8,8,ML_CTL_59_0002
CTL,59.0,870.0,8.0,12.0,38.842105865478516,320.0,-0.6427876096865396,0.7660444431189778,-0.8660254037844385,-0.5000000000000004,0.8008527755737305,5.166517734527588,215.13485717773438,4.739742507808842e-05,104.34326934814453,-0.8889022469520569,2.783419370651245,236.9608154296875,0.00040622774395160377,91.06277465820312,-2.3649682998657227,-2.8329882621765137,264.90301513671875,0.0033707560505717993,84.03873443603516,-1.224405288696289,-1.5020171403884888,279.7098083496094,0.008035286329686642,92.55143737792969,-2.6997549533843994,-0.3567255139350891,288.1255798339844,0.0102744922041893,81.9539566040039,4.667187749873847e-05,3.8496582419611514e-05,6.539149284362793,-1.2754356861114502,0.6516412496566772,4.667187749873847e-05,5.063107892055996e-05,67.93254089355469,2.117610454559326,0.5804157399514916,0.3244802757688041,3,1,16,ML_CTL_59_0003
CTL,59.0,871.0,8.0,18.0,38.842105865478516,320.0,-0.6427876096865396,0.7660444431189778,-0.8660254037844385,-0.5000000000000004,2.583909273147583,6.139735698699951,215.7772216796875,4.2966661567334086e-05,87.78614044189453,0.007732129190117121,1.956064224243164,236.61273193359375,0.0004422405327204615,100.8859634399414,-2.6330597400665283,-4.02601432800293,264.9888610839844,0.003773381933569908,93.01844024658203,-2.0496139526367188,-1.5376124382019043,279.84661865234375,0.007692537270486355,87.8030014038086,-3.32318377494812,-0.2334832102060318,288.30712890625,0.01023096963763237,80.63066864013672,4.691408685175702e-05,3.998577449237928e-05,8.68974494934082,-1.0828431844711304,0.4597380757331848,4.691408685175702e-05,5.187667557038367e-05,64.98080444335938,1.1925264596939087,0.6349800395627972,0.5536415264226839,3,2,16,ML_CTL_59_0003
CTL,59.0,872.0,8.0,0.0,38.842105865478516,320.0,-0.6427876096865396,0.7660444431189778,-0.8660254037844385,-0.5000000000000004,3.0023698806762695,5.252871036529541,216.14938354492188,3.789713082369417e-05,74.2337875366211,-0.009472910314798355,1.9384483098983765,236.17410278320312,0.0004101576341781765,96.16799926757812,-3.3123552799224854,-3.3972344398498535,264.8194274902344,0.00397856067866087,98.07068634033203,-2.7755889892578125,-1.0971277952194214,279.6038818359375,0.007467277348041534,86.68689727783203,-4.087266445159912,-0.07369054853916168,288.19952392578125,0.010161313228309155,80.65338897705078,4.685255407821387e-05,3.977967207902111e-05,8.86764907836914,-1.4364627599716187,0.5246533155441284,4.685255407821387e-05,4.843070564675145e-05,63.80911636352539,1.470408320426941,0.7195498993658459,0.9422300619738215,3,3,16,ML_CTL_59_0003
CTL,59.0,873.0,8.0,6.0,38.842105865478516,320.0,-0.6427876096865396,0.7660444431189778,-0.8660254037844385,-0.5000000000000004,2.184384822845459,4.202977180480957,216.24411010742188,3.477219070191495e-05,67.63534545898438,-0.1818036586046219,2.4124584197998047,235.6906280517578,0.00040027391514740884,100.086669921875,-2.171009063720703,-2.5164618492126465,265.05474853515625,0.0040115052834153175,97.83845520019531,-2.746961832046509,-1.2407137155532837,279.4259033203125,0.0073545025661587715,86.45941925048828,-4.445581912994385,-0.2907146215438843,288.2624206542969,0.010075600817799568,79.64713287353516,4.748112041852437e-05,3.9594448026036844e-05,8.009352684020996,-1.4721943140029907,0.5135090947151184,4.748112041852437e-05,4.495482426136732e-05,63.64674377441406,1.8644273281097412,0.7191843046971937,0.9404190940969104,3,4,16,ML_CTL_59_0003
CTL,59.0,874.0,8.0,12.0,38.842105865478516,320.0,-0.6427876096865396,0.7660444431189778,-0.8660254037844385,-0.5000000000000004,1.5552903413772583,4.791140556335449,216.40219116210938,3.249823930673301e-05,61.8345947265625,-0.3339199125766754,3.6885104179382324,235.604248046875,0.0003880221920553595,100.49260711669922,-0.8455093502998352,-2.030250310897827,265.85662841796875,0.004161546006798744,94.88223266601562,-2.3001537322998047,-1.0507497787475586,279.4513854980469,0.00725915189832449,85.19084167480469,-4.177485466003418,-0.11959333717823029,288.5521545410156,0.01001016702502966,77.64582061767578,4.8456342483405024e-05,4.0725724829826504e-05,7.548511505126953,-1.2203556299209595,1.0558114051818848,4.8456342483405024e-05,4.609123425325379e-05,62.04050827026367,3.138392448425293,0.7442513259428761,1.0681835611860122,3,5,16,ML_CTL_59_0003
CTL,59.0,875.0,8.0,18.0,38.842105865478516,320.0,-0.6427876096865396,0.7660444431189778,-0.8660254037844385,-0.5000000000000004,2.9201014041900635,4.392350673675537,217.11019897460938,2.9110249670338817e-05,50.32911682128906,0.6303057074546814,3.399538278579712,235.46429443359375,0.0003793715441133827,99.9990005493164,0.0662287101149559,-2.287559986114502,266.1811218261719,0.004247122444212437,93.71920013427734,-1.798437476158142,-1.4286248683929443,279.5540466308594,0.007088194135576487,82.58626556396484,-3.451167106628418,-0.5039893984794617,288.7181701660156,0.009968272410333157,76.49132537841797,4.8383200919488445e-05,4.2515286622801796e-05,8.035371780395508,-0.3265937566757202,0.7143430113792419,4.8383200919488445e-05,4.5014850911684334e-05,60.78810501098633,3.6183247566223145,0.7692469142029598,1.2040637565631105,3,6,16,ML_CTL_59_0003
CTL,59.0,876.0,8.0,0.0,38.842105865478516,320.0,-0.6427876096865396,0.7660444431189778,-0.8660254037844385,-0.5000000000000004,3.0519888401031494,3.1544625759124756,217.82957458496094,2.6625186364981346e-05,41.79765319824219,0.763150155544281,2.577857732772827,234.9385528564453,0.0003580071497708559,100.05181121826172,0.1344253271818161,-1.0396368503570557,266.08294677734375,0.004171526525169611,92.56298065185547,-1.3442870378494263,-0.8053277730941772,279.21392822265625,0.007012784481048584,83.6922378540039,-2.6532649993896484,-0.5905634164810181,288.6312255859375,0.009933254681527615,76.64344787597656,4.761926538776606e-05,4.4036696635885164e-05,6.82459831237793,-0.009597492404282093,0.6593583822250366,4.761926538776606e-05,4.4036696635885164e-05,60.97324752807617,2.273073196411133,0.7682771866792506,1.1986087009966986,3,7,16,ML_CTL_59_0003
CTL,59.0,877.0,8.0,6.0,38.842105865478516,320.0,-0.6427876096865396,0.7660444431189778,-0.8660254037844385,-0.5000000000000004,3.310847282409668,3.6512043476104736,218.3107147216797,2.5115286916843615e-05,37.03297424316406,0.4071769416332245,2.7328989505767822,234.59373474121094,0.000318367121508345,93.97116088867188,1.0503968000411987,0.04945378378033638,266.1012878417969,0.004020897205919027,88.16073608398438,-0.2722422778606415,-0.6206119656562805,278.9212646484375,0.00701528275385499,85.42850494384766,-1.8024309873580933,-0.9619662165641785,288.5965270996094,0.009843713603913784,76.12321472167969,4.700043427874334e-05,4.3912492401432246e-05,6.886723518371582,0.5387495756149292,0.9701957702636719,4.700043427874334e-05,4.3912492401432246e-05,61.386512756347656,2.970942735671997,0.7601079692658061,1.1532715378351632,3,8,16,ML_CTL_59_0003
CTL,59.0,878.0,8.0,12.0,38.842105865478516,320.0,-0.6427876096865396,0.7660444431189778,-0.8660254037844385,-0.5000000000000004,3.0573387145996094,3.8325462341308594,218.66514587402344,2.388572829659097e-05,33.722171783447266,0.1285884827375412,3.299412250518799,234.75233459472656,0.0002260739274788648,65.91590118408203,1.6811044216156006,1.1157381534576416,265.7846374511719,0.0037368510384112597,82.69922637939453,0.8326990008354187,-0.09275580197572708,279.2231140136719,0.006942739710211754,82.80925750732422,-0.5455763339996338,-0.6205306649208069,288.67083740234375,0.00978008285164833,75.26862335205078,4.640774932340719e-05,4.188176535535604e-05,5.728079319000244,1.03083074092865,1.5068819522857666,4.640774932340719e-05,4.188176535535604e-05,60.76203155517578,1.2733268737792969,0.8340733623582347,1.61477561419406,3,9,16,ML_CTL_59_0003
CTL,59.0,879.0,8.0,18.0,38.842105865478516,320.0,-0.6427876096865396,0.7660444431189778,-0.8660254037844385,-0.5000000000000004,1.9551849365234375,2.1282520294189453,219.04441833496094,2.2729635020368733e-05,30.692794799804688,0.4339502155780792,1.9292815923690796,234.99754333496094,0.0001507995621068403,43.75263977050781,2.4425106048583984,0.9524935483932495,265.43780517578125,0.002915240591391921,65.0497055053711,1.961269736289978,-0.4268743693828583,279.72821044921875,0.006772062741219997,77.96446990966797,0.49402570724487305,-1.0584101676940918,288.729248046875,0.00973646342754364,74.63792419433594,4.340765008237213e-05,3.890397056238726e-05,3.5056815147399902,1.4573882818222046,0.7049486041069031,4.340765008237213e-05,3.890397056238726e-05,58.35038757324219,0.436282753944397,0.8609294399016819,1.8230311187973367,3,10,16,ML_CTL_59_0003
CTL,59.0,880.0,8.0,0.0,38.842105865478516,320.0,-0.6427876096865396,0.7660444431189778,-0.8660254037844385,-0.5000000000000004,0.18754082918167114,-0.1288832128047943,219.2410888671875,2.18562527152244e-05,28.81659698486328,-0.8604959845542908,-0.736687421798706,235.03160095214844,0.00013116720947436988,37.94205093383789,1.7139075994491577,0.707658588886261,264.7692565917969,0.0023042173124849796,53.66460418701172,2.2860610485076904,-0.8856111168861389,279.76043701171875,0.006528334226459265,74.99396514892578,1.3865699768066406,-1.3596980571746826,288.4824523925781,0.009661952033638954,75.24430084228516,3.977835149271414e-05,3.7361136492108926e-05,1.7183061838150024,0.9427167177200317,-0.48064422607421875,3.977835149271414e-05,3.889467552653514e-05,56.68642044067383,1.7183061838150024,0.8303135860513935,1.587851334151559,3,11,16,ML_CTL_59_0003
CTL,59.0,881.0,8.0,6.0,40.73684310913086,322.5,-0.608761429008721,0.7933533402912349,-0.8660254037844385,-0.5000000000000004,0.39305993914604187,1.2264341115951538,218.68280029296875,2.3265074560185894e-05,32.81290054321289,-2.0512168407440186,0.4100196361541748,235.6053009033203,0.00014422452659346163,39.6060676574707,1.5974057912826538,2.6531014442443848,264.66162109375,0.00258782715536654,60.85420227050781,1.554717779159546,2.6396853923797607,280.47259521484375,0.006613750010728836,72.33924102783203,0.6387967467308044,1.3988016843795776,288.1982116699219,0.009808220900595188,77.70903015136719,3.564593498595059e-05,2.711812521738466e-05,0.3001618981361389,0.4265526831150055,1.6656084060668945,3.564593498595059e-05,3.932194522349164e-05,67.31916046142578,0.3001618981361389,0.793812620800458,1.3480620763301974,3,12,16,ML_CTL_59_0003
CTL,59.0,882.0,8.0,12.0,40.73684310913086,322.5,-0.608761429008721,0.7933533402912349,-0.8660254037844385,-0.5000000000000004,-1.3696067333221436,-1.1253474950790405,218.62820434570312,2.3202257580123842e-05,32.88206481933594,-2.3826029300689697,-1.7846258878707886,235.79762268066406,0.00014727524830959737,39.853492736816406,1.7552531957626343,2.4699034690856934,264.77099609375,0.0018626927630975842,42.92638397216797,2.102445363998413,2.731065034866333,280.7913818359375,0.006606091745197773,70.6873779296875,1.4350244998931885,1.4424540996551514,288.3796691894531,0.009647393599152565,75.53485870361328,3.260717130615376e-05,2.5400662707397714e-05,3.8025729656219482,0.30810266733169556,0.7466898560523987,3.260717130615376e-05,3.931732499040663e-05,63.6179084777832,2.9127516746520996,0.777670096729856,1.2521400644969969,3,13,16,ML_CTL_59_0003
CTL,59.0,883.0,8.0,18.0,40.73684310913086,322.5,-0.608761429008721,0.7933533402912349,-0.8660254037844385,-0.5000000000000004,-2.666260004043579,-6.165721893310547,218.47891235351562,2.4559969460824504e-05,35.68218231201172,-3.47139835357666,-6.971541881561279,236.38490295410156,0.00015118259761948138,38.15310287475586,1.984955072402954,1.6680928468704224,264.8716125488281,0.001428272109478712,32.76683807373047,3.092207670211792,2.3768694400787354,280.9918212890625,0.006369461305439472,67.22484588623047,2.5394654273986816,0.9942149519920349,288.28582763671875,0.009645884856581688,75.99698638916016,2.8659454983426258e-05,2.303634028066881e-05,8.852359771728516,0.29579395055770874,-1.6196174621582031,2.8659454983426258e-05,3.822179860435426e-05,59.999637603759766,0.4839661717414856,0.7620727522552003,1.1640770813329384,3,14,16,ML_CTL_59_0003
CTL,59.0,884.0,8.0,0.0,40.73684310913086,322.5,-0.608761429008721,0.7933533402912349,-0.8660254037844385,-0.5000000000000004,-3.6286911964416504,-11.947893142700195,217.42013549804688,2.7469253836898133e-05,46.170650482177734,-4.643229961395264,-11.389373779296875,237.2500457763672,0.00015085704217199236,36.59975814819336,1.9021893739700317,0.7938940525054932,264.8622131347656,0.001200143713504076,28.118257522583008,3.660944938659668,2.1358261108398438,280.90460205078125,0.006114801857620478,64.91400909423828,3.378713846206665,0.9680953621864319,287.9073181152344,0.009664954617619514,78.0779800415039,2.280326771142427e-05,1.9904020518879406e-05,14.694437980651855,0.13398537039756775,-3.887890338897705,2.280326771142427e-05,3.44328727805987e-05,58.573726654052734,1.2379628419876099,0.677833537885349,0.7438333633984402,3,15,16,ML_CTL_59_0003
CTL,59.0,885.0,8.0,6.0,42.6315803527832,325.0,-0.5735764363510465,0.8191520442889916,-0.8660254037844385,-0.5000000000000004,1.0263994932174683,-10.639547348022461,216.02490234375,2.7943959139520302e-05,55.611671447753906,-1.3163832426071167,-7.497923374176025,237.7742919921875,0.00018694618484005332,41.35186004638672,3.147631883621216,3.1270811557769775,265.23443603515625,0.001251785783097148,29.65872573852539,4.030186176300049,4.596967697143555,280.63214111328125,0.0065027750097215176,70.32533264160156,3.413961410522461,3.969086170196533,288.074951171875,0.009683726355433464,77.3204116821289,1.9146365957567468e-05,9.060871889232658e-06,14.80245304107666,2.060359239578247,-1.2888671159744263,1.9146365957567468e-05,2.6887273634201847e-05,63.299530029296875,1.8883702754974365,0.6385838135037439,0.5692227676448283,3,16,16,ML_CTL_59_0003
CTL,59.0,886.0,8.0,12.0,42.6315803527832,312.5,-0.7372773368101242,0.6755902076156601,-0.8660254037844385,-0.5000000000000004,19.55388641357422,18.293987274169922,217.4005126953125,5.094084917800501e-05,84.62947845458984,15.883790969848633,14.98030948638916,240.09352111816406,0.0005548054468818009,88.46863555908203,10.724597930908203,4.703613758087158,266.5920715332031,0.004228158388286829,91.11312866210938,7.436248779296875,-0.3455406129360199,281.4586486816406,0.009228281676769257,94.27311706542969,5.490048885345459,-2.3165502548217773,287.190673828125,0.011268703266978264,95.44267272949219,5.633728869725019e-05,2.8777019906556234e-05,24.951669692993164,11.817713737487793,7.063163757324219,5.633728869725019e-05,3.473337710602209e-05,80.5862808227539,1.7748945951461792,0.6387530654609691,0.5699561869769811,4,1,11,ML_CTL_59_0004
CTL,59.0,887.0,8.0,18.0,44.52631759643555,315.0,-0.7071067811865477,0.7071067811865474,-0.8660254037844385,-0.5000000000000004,16.180957794189453,22.768077850341797,217.35525512695312,4.207753227092326e-05,71.16605377197266,13.653382301330566,17.92271614074707,239.49176025390625,0.0004177055670879781,69.80298614501953,8.053200721740723,6.896159648895264,266.36199951171875,0.004164533223956823,90.72438049316406,5.619515419006348,2.8859288692474365,281.6921081542969,0.009639887139201164,96.9915542602539,3.984785556793213,2.27093243598938,287.2716369628906,0.01124951895326376,94.80159759521484,6.346699228743091e-05,3.204512540833093e-05,23.8511962890625,9.498368263244629,10.548763275146484,6.346699228743091e-05,4.417439049575478e-05,82.76566314697266,5.809049606323242,0.8335479023700464,1.6109836057850595,4,2,11,ML_CTL_59_0004
CTL,59.0,888.0,8.0,0.0,44.52631759643555,317.5,-0.6755902076156605,0.7372773368101239,-0.8660254037844385,-0.5000000000000004,16.246814727783203,23.5578556060791,217.55418395996094,3.5193377698305994e-05,57.47600555419922,13.718403816223145,19.884784698486328,239.65713500976562,0.0003060941235162318,53.169837951660156,9.336105346679688,10.699432373046875,266.6177673339844,0.003978773020207882,84.09832763671875,8.22990608215332,8.134570121765137,282.363525390625,0.009925720281898975,95.41889953613281,6.741940021514893,7.323991298675537,288.0856018066406,0.01166148204356432,93.19125366210938,6.005359682603739e-05,1.7423342796973884e-05,18.811725616455078,10.854633331298828,13.920127868652344,6.005359682603739e-05,3.9756701880833134e-05,83.43222045898438,4.080418586730957,0.8748210427818126,1.944274971702027,4,3,11,ML_CTL_59_0004
CTL,59.0,889.0,8.0,6.0,48.31578826904297,317.5,-0.6755902076156605,0.7372773368101239,-0.8660254037844385,-0.5000000000000004,8.0809326171875,23.433767318725586,218.0208740234375,2.2015170543454587e-05,33.50862121582031,4.535902976989746,21.235742568969727,237.1168212890625,0.00020743877394124866,46.200523376464844,3.093184471130371,11.528539657592773,265.124267578125,0.003576632821932435,85.14517211914062,0.7294273376464844,7.895570278167725,280.9928283691406,0.009320275858044624,98.37508392333984,-2.1019301414489746,7.0557661056518555,286.8245849609375,0.011124908924102783,96.53947448730469,6.289462180575356e-05,2.9743869163212366e-05,19.285478591918945,2.8675034046173096,14.229876518249512,6.289462180575356e-05,4.942082523484714e-05,81.77621459960938,7.014521598815918,0.8369902286053976,1.6360022498986067,4,4,11,ML_CTL_59_0004
CTL,59.0,890.0,8.0,12.0,48.31578826904297,317.5,-0.6755902076156605,0.7372773368101239,-0.8660254037844385,-0.5000000000000004,7.610912799835205,24.90972900390625,219.91815185546875,1.804476596589666e-05,21.899442672729492,6.170413494110107,22.97233772277832,236.0802764892578,9.057026181835681e-05,24.756406784057617,4.083767890930176,14.725757598876953,264.7285461425781,0.0008369224378839135,19.869802474975586,4.435481071472168,8.435279846191406,281.2799987792969,0.007542626466602087,77.7903060913086,3.147057294845581,6.552290439605713,287.3056640625,0.010940782725811005,91.98515319824219,5.504737055161968e-05,3.353292049723677e-05,18.89236831665039,5.089526176452637,15.519079208374023,6.010204742779024e-05,5.536339449463412e-05,65.52123260498047,9.860193252563477,0.7295463911093311,0.9923223767124858,4,5,11,ML_CTL_59_0004
CTL,59.0,891.0,8.0,18.0,48.31578826904297,310.0,-0.7660444431189781,0.6427876096865393,-0.8660254037844385,-0.5000000000000004,-2.5552821159362793,5.166623592376709,223.61453247070312,1.404548038408393e-05,10.90648365020752,-3.141650915145874,0.6177951693534851,232.4091339111328,0.00016997275815811008,59.09797668457031,0.24089917540550232,-2.0418193340301514,260.4599914550781,0.0019281484419479966,66.18549346923828,1.8646674156188965,-5.336663722991943,277.0251159667969,0.007217376958578825,100.17279052734375,1.2441504001617432,-8.2294340133667,285.757080078125,0.010628861375153065,98.92587280273438,6.967439549043775e-05,5.519938713405281e-05,13.924440383911133,-0.4694431722164154,-1.9646997451782227,6.967439549043775e-05,5.6573735491838306e-05,72.24302673339844,1.2956467866897583,0.6209748682642237,0.4936880977982372,4,6,11,ML_CTL_59_0004
CTL,59.0,892.0,8.0,0.0,48.31578826904297,310.0,-0.7660444431189781,0.6427876096865393,-0.8660254037844385,-0.5000000000000004,-3.311929225921631,1.6229146718978882,223.8038330078125,1.3408552149485331e-05,10.186807632446289,-3.721435070037842,-3.1851096153259277,232.34046936035156,0.00017250431119464338,60.859947204589844,1.060428261756897,-2.536501884460449,260.35699462890625,0.0023830770514905453,83.70610809326172,3.1170549392700195,-4.524875640869141,277.2124938964844,0.007264327723532915,99.47976684570312,3.2231788635253906,-6.668720722198486,286.1029357910156,0.010949434712529182,99.60611724853516,8.022348629310727e-05,5.8301480748923495e-05,10.55740737915039,0.07345952838659286,-3.0584588050842285,8.022348629310727e-05,5.852067988598719e-05,75.02626037597656,4.5337371826171875,0.6278065523006569,0.522818341470622,4,7,11,ML_CTL_59_0004
CTL,59.0,893.0,8.0,6.0,48.31578826904297,310.0,-0.7660444431189781,0.6427876096865393,-0.8660254037844385,-0.5000000000000004,-3.032183885574341,-1.921245813369751,223.8004608154297,1.2912091733596753e-05,9.806331634521484,-2.564786672592163,-6.268519401550293,232.19223022460938,0.00017091212794184685,62.398963928222656,2.1581337451934814,-3.212449789047241,260.35009765625,0.0026894027832895517,98.54329681396484,4.4497151374816895,-4.415285110473633,277.52337646484375,0.0072969915345311165,97.71759796142578,5.0914835929870605,-5.913120269775391,286.208251953125,0.01113937608897686,100.63165283203125,8.864517440088093e-05,6.20962746324949e-05,9.05146598815918,1.2204723358154297,-4.346124172210693,8.864517440088093e-05,6.425251194741577e-05,77.85470581054688,4.250439643859863,0.6272791056359386,0.5205617190745833,4,8,11,ML_CTL_59_0004
CTL,59.0,894.0,8.0,12.0,48.31578826904297,310.0,-0.7660444431189781,0.6427876096865393,-0.8660254037844385,-0.5000000000000004,-1.1137195825576782,-4.732476711273193,223.59967041015625,1.3259576917334925e-05,10.386428833007812,0.4232746660709381,-8.3049898147583,232.31149291992188,0.00019199821690563112,69.92306518554688,2.8710405826568604,-4.038206577301025,260.9176940917969,0.0028942914213985205,102.43254089355469,4.770002365112305,-4.46260929107666,277.80029296875,0.007473726756870747,98.17472076416016,5.762250900268555,-5.68398904800415,286.1604919433594,0.011144818738102913,101.00529479980469,9.478237188886851e-05,6.288524309638888e-05,6.941494464874268,2.542569637298584,-5.444453716278076,9.478237188886851e-05,6.731688336003572e-05,77.928955078125,2.898925304412842,0.6489935147116939,0.6146180240140549,4,9,11,ML_CTL_59_0004
CTL,59.0,895.0,8.0,18.0,48.31578826904297,310.0,-0.7660444431189781,0.6427876096865393,-0.8660254037844385,-0.5000000000000004,1.8926798105239868,-7.542120933532715,222.9429168701172,1.5879113561823033e-05,13.815937042236328,3.509417772293091,-11.025354385375977,232.89906311035156,0.00023895790218375623,85.29611206054688,4.469182014465332,-5.617928504943848,261.183349609375,0.0029602679423987865,101.69390869140625,5.386200904846191,-6.150094509124756,277.8473815917969,0.00753574026748538,98.71221923828125,6.244026184082031,-7.193139553070068,286.0562438964844,0.011070627719163895,101.01046752929688,9.438571578357369e-05,5.9106761909788474e-05,4.365318298339844,4.300301551818848,-7.505727291107178,9.438571578357369e-05,6.647560076089576e-05,78.56897735595703,3.791212558746338,0.6262731730500489,0.516261533277792,4,10,11,ML_CTL_59_0004
CTL,59.0,896.0,8.0,0.0,48.31578826904297,312.5,-0.7372773368101242,0.6755902076156601,-0.8660254037844385,-0.5000000000000004,5.410035610198975,-3.5073883533477783,224.00270080566406,1.2837977010349277e-05,9.689188003540039,6.758885860443115,-3.877354145050049,231.99830627441406,0.00015916193660814315,60.6424560546875,6.445766925811768,-1.4548430442810059,260.6439514160156,0.002474720822647214,87.75385284423828,6.862996578216553,-0.5656546354293823,277.51898193359375,0.007311410736292601,98.00901794433594,7.454006195068359,0.16961851716041565,285.5389099121094,0.010689307935535908,100.91729736328125,8.665285713505e-05,6.523018964799121e-05,4.20692253112793,6.586338996887207,-1.847124457359314,8.665285713505e-05,6.523018964799121e-05,82.82258605957031,0.30034005641937256,0.5767610753454425,0.3094912466093451,4,11,11,ML_CTL_59_0004
CTL,59.0,897.0,8.0,6.0,36.94736862182617,282.5,-0.9762960071199335,0.21643961393810246,-0.8660254037844385,-0.5000000000000004,6.560732364654541,-9.901480674743652,223.70237731933594,4.935073957312852e-05,36.67407989501953,8.484585762023926,-6.989026069641113,241.4674072265625,0.0005630865343846381,81.18498992919922,2.9155826568603516,-2.53375506401062,267.9241027832031,0.004896205849945545,92.29159545898438,2.7944998741149902,-0.72446209192276,282.60955810546875,0.008135939948260784,76.69496154785156,1.0377024412155151,0.7076109647750854,290.4051513671875,0.013141008093953133,90.41490173339844,2.5983405066654086e-05,5.8421114772500005e-06,11.960630416870117,4.358620643615723,-3.8882224559783936,3.1746418244438246e-05,3.027688762813341e-05,63.6750602722168,4.790806770324707,0.58940014958925,0.3614861838366781,5,1,8,ML_CTL_59_0005
CTL,59.0,898.0,8.0,12.0,35.05263137817383,287.5,-0.9537169507482268,0.30070579950427345,-0.8660254037844385,-0.5000000000000004,10.58262825012207,-8.131523132324219,220.47425842285156,6.671631126664579e-05,74.58554077148438,11.79992389678955,-2.792759656906128,240.77725219726562,0.0007381890318356454,109.87139129638672,0.1077854111790657,-1.8986455202102661,268.4346618652344,0.0053252787329256535,99.320068359375,0.49218013882637024,-0.5171660780906677,280.9911804199219,0.00799279473721981,84.33733367919922,1.528795838356018,0.9849936366081238,290.5094909667969,0.01181179378181696,80.77344512939453,3.461194137344137e-05,2.3194963432615623e-05,12.848453521728516,4.9022626876831055,-2.471020221710205,3.461194137344137e-05,4.4001069909427315e-05,61.6187629699707,6.375507831573486,0.5724723086657418,0.2919453037858628,5,2,8,ML_CTL_59_0005
CTL,59.0,899.0,8.0,18.0,35.05263137817383,287.5,-0.9537169507482268,0.30070579950427345,-0.8660254037844385,-0.5000000000000004,10.307690620422363,-6.777230739593506,221.41758728027344,4.941500083077699e-05,49.20134735107422,12.575762748718262,-3.4864108562469482,241.06129455566406,0.0006854672683402896,100.65707397460938,-1.8663771152496338,-2.6023178100585938,268.3525695800781,0.004280064720660448,80.68942260742188,-0.8734013438224792,0.032344523817300797,282.0073547363281,0.007220242638140917,71.10140228271484,0.4400029182434082,1.436800241470337,290.7878112792969,0.011602351441979408,77.9381103515625,3.4760341804940253e-05,1.799223718990106e-05,12.83906364440918,4.116735458374023,-2.279362916946411,3.4760341804940253e-05,4.9781443522078916e-05,59.962745666503906,1.6682368516921997,0.7297435861621407,0.9933220313886308,5,3,8,ML_CTL_59_0005
CTL,59.0,900.0,8.0,0.0,35.05263137817383,287.5,-0.9537169507482268,0.30070579950427345,-0.8660254037844385,-0.5000000000000004,6.544123649597168,-9.758679389953613,223.53152465820312,2.0810048226849176e-05,15.609865188598633,10.200128555297852,-6.412173748016357,241.1416778564453,0.00046172182192094624,69.70468139648438,-2.842512607574463,-1.6013480424880981,268.30419921875,0.0024064721073955297,45.7708854675293,-2.0889503955841064,0.5753614902496338,282.4211730957031,0.006137171294540167,58.700660705566406,-0.21535514295101166,1.4800528287887573,290.3677062988281,0.011499314568936825,79.32523345947266,3.252694659749977e-05,6.399753146979492e-06,13.114864349365234,2.3194868564605713,-3.143357515335083,3.252694659749977e-05,5.946313831373118e-05,56.67485046386719,2.4921228885650635,0.6957930367707097,0.827343985288945,5,4,8,ML_CTL_59_0005
CTL,59.0,902.0,8.0,12.0,31.263158798217773,292.5,-0.9238795325112866,0.38268343236509,-0.8660254037844385,-0.5000000000000004,19.65950584411621,-1.9481325149536133,218.66815185546875,6.038508945493959e-05,84.3846206665039,8.872257232666016,-1.3292229175567627,241.4023895263672,0.000703694298863411,96.76202392578125,-1.5120933055877686,-0.4374822974205017,268.42388916015625,0.005387713201344013,100.06214904785156,2.4793131351470947,-0.1735600233078003,279.3381652832031,0.007934662513434887,93.84120178222656,4.365511894226074,2.0158965587615967,288.28271484375,0.010542336851358414,83.24913024902344,3.0903142032912e-05,4.388651723274961e-05,15.799360275268555,6.7728986740112305,-0.37450021505355835,3.0903142032912e-05,5.131291982252151e-05,69.35079956054688,2.7939400672912598,0.6334170680286807,0.5469043037363497,5,5,8,ML_CTL_59_0005
CTL,59.0,903.0,8.0,18.0,31.263158798217773,292.5,-0.9238795325112866,0.38268343236509,-0.8660254037844385,-0.5000000000000004,18.642343521118164,-0.8278905749320984,219.4654083251953,4.4011416321154684e-05,55.36843490600586,10.512290000915527,0.18112975358963013,241.24203491210938,0.00048011692706495523,69.38866424560547,-3.12813401222229,-2.081754446029663,268.2907409667969,0.004934561904519796,91.75505065917969,2.3738200664520264,0.4604085087776184,279.8057556152344,0.007984679192304611,91.46310424804688,4.863673686981201,2.6673269271850586,288.9632873535156,0.010435150004923344,78.8718490600586,3.260027733631432e-05,3.3401211112504825e-05,14.215071678161621,6.652798652648926,0.07984404265880585,3.260027733631432e-05,5.975293242954649e-05,67.92273712158203,3.031099319458008,0.8249923795202437,1.550544630772822,5,6,8,ML_CTL_59_0005
CTL,59.0,904.0,8.0,0.0,31.263158798217773,292.5,-0.9238795325112866,0.38268343236509,-0.8660254037844385,-0.5000000000000004,14.969979286193848,-4.11444091796875,221.46131896972656,2.8532414944493212e-05,27.01905632019043,11.037178993225098,-0.35516828298568726,240.92250061035156,0.0003694094193633646,59.453704833984375,-3.521817922592163,-1.248557686805725,267.9228820800781,0.003922596573829651,72.91937255859375,1.7628759145736694,0.8770402073860168,280.1827087402344,0.008128106594085693,90.720458984375,4.288534164428711,3.121873617172241,289.21533203125,0.01038143690675497,77.19419860839844,3.139924956485629e-05,2.1512460079975426e-05,12.90184211730957,5.707350254058838,-0.3438505530357361,3.139924956485629e-05,6.139001925475895e-05,68.31627655029297,2.8822743892669678,0.7797352164536492,1.2641240117398458,5,7,8,ML_CTL_59_0005
CTL,59.0,905.0,8.0,6.0,31.263158798217773,292.5,-0.9238795325112866,0.38268343236509,-0.8660254037844385,-0.5000000000000004,10.61622428894043,-4.759469985961914,221.6473388671875,2.945390770037193e-05,26.72022819519043,9.86595344543457,-0.2630753219127655,239.83993530273438,0.0004225782467983663,78.30941772460938,-0.9221644997596741,-1.1037871837615967,267.1523742675781,0.00339625496417284,65.67630767822266,1.2278428077697754,0.7110353708267212,280.3783264160156,0.008496453985571861,93.52717590332031,3.9126670360565186,3.995091438293457,289.03558349609375,0.010308176279067993,77.57970428466797,3.0322629754664376e-05,1.6416157450294122e-05,11.02633285522461,4.9401044845581055,-0.2840411067008972,3.0322629754664376e-05,5.5347853049170226e-05,70.42414093017578,6.871762752532959,0.6694863635309128,0.7058628782259213,5,8,8,ML_CTL_59_0005
CTL,59.0,907.0,8.0,18.0,31.263158798217773,287.5,-0.9537169507482268,0.30070579950427345,-0.8660254037844385,-0.5000000000000004,7.41551399230957,-9.319708824157715,224.9193572998047,9.454374776396435e-06,5.741793155670166,8.981992721557617,-3.5293405055999756,241.237548828125,0.0003104366478510201,48.572669982910156,0.5629640817642212,-1.3964033126831055,267.0918884277344,0.0028958108741790056,57.08243179321289,-1.1455051898956299,-0.3306777775287628,283.6712951660156,0.010449696332216263,91.93193817138672,1.8275725841522217,1.7848700284957886,290.5760498046875,0.011706051416695118,79.7091064453125,3.5097207728540525e-05,1.7439835573895834e-05,12.431281089782715,3.528507709503174,-2.5582520961761475,3.5097207728540525e-05,2.702590063563548e-05,76.09446716308594,6.602388381958008,0.5722136664224046,0.2908886140100013,6,1,9,ML_CTL_59_0006
CTL,59.0,908.0,8.0,0.0,31.263158798217773,287.5,-0.9537169507482268,0.30070579950427345,-0.8660254037844385,-0.5000000000000004,4.654587745666504,-9.729473114013672,224.76429748535156,9.304932063969318e-06,5.925516605377197,7.991127967834473,-3.009678363800049,241.2393341064453,0.00019303751469124109,29.674312591552734,1.1020137071609497,-0.6722202301025391,267.4353332519531,0.0021689655259251595,41.56107711791992,-1.4532722234725952,-0.437408447265625,283.54888916015625,0.010525102727115154,93.37010192871094,0.9829389452934265,1.9722297191619873,290.4247741699219,0.012035401538014412,82.70160675048828,3.6650439142249525e-05,1.8412556528346613e-05,12.26421070098877,2.6554791927337646,-2.375309944152832,3.6650439142249525e-05,3.547776577761397e-05,77.19283294677734,7.259902000427246,0.5842655107607416,0.3403087117496826,6,2,9,ML_CTL_59_0006
CTL,59.0,909.0,8.0,6.0,31.263158798217773,287.5,-0.9537169507482268,0.30070579950427345,-0.8660254037844385,-0.5000000000000004,3.8271474838256836,-6.066173076629639,224.28897094726562,1.0808901606651489e-05,7.155008792877197,8.021398544311523,-0.8314438462257385,241.4676055908203,0.0002604899345897138,42.772300720214844,1.8615891933441162,-1.5396161079406738,267.69268798828125,0.0015227088006213307,28.943378448486328,-0.7981250286102295,-1.133512258529663,283.5133972167969,0.010079905390739441,89.64535522460938,1.1512526273727417,2.6234920024871826,290.2344055175781,0.012236089445650578,85.13311004638672,3.7953490391373634e-05,1.8323511540074833e-05,9.092342376708984,2.812652587890625,-1.3894506692886353,3.7953490391373634e-05,4.5172102545620874e-05,78.81139373779297,5.681710720062256,0.6679462917822688,0.6989110412077146,6,3,9,ML_CTL_59_0006
CTL,59.0,910.0,8.0,12.0,31.263158798217773,287.5,-0.9537169507482268,0.30070579950427345,-0.8660254037844385,-0.5000000000000004,4.142693042755127,-3.5084831714630127,223.7394561767578,1.2928799151268322e-05,9.015874862670898,9.093524932861328,-0.01092434674501419,241.6483612060547,0.00023874008911661804,37.61045455932617,1.8079336881637573,-1.344228982925415,268.20556640625,0.0012053338577970862,22.39910888671875,-0.7482573390007019,-0.9569171667098999,283.7085266113281,0.009382921271026134,82.36359405517578,1.6248986721038818,3.6749885082244873,290.4033508300781,0.012352081947028637,85.00320434570312,3.9173180994112045e-05,1.6114296158775687e-05,7.611935138702393,3.1841585636138916,-0.4291130602359772,3.9173180994112045e-05,5.6468485126970336e-05,79.01396942138672,4.354264736175537,0.7468075091494252,1.0816574338760208,6,4,9,ML_CTL_59_0006
CTL,59.0,911.0,8.0,18.0,31.263158798217773,287.5,-0.9537169507482268,0.30070579950427345,-0.8660254037844385,-0.5000000000000004,5.490713596343994,-0.4041024148464203,223.5019989013672,1.3501257853931747e-05,9.884589195251465,9.794205665588379,-0.4563466012477875,242.1630096435547,0.00017206973279826343,24.607221603393555,2.203242301940918,-0.9022037386894226,268.8714599609375,0.0015054800314828753,25.564044952392578,-0.2206544578075409,-0.3053707182407379,284.07232666015625,0.009292869828641415,79.59739685058594,2.591141700744629,3.9649157524108887,290.95037841796875,0.012253547087311745,81.42019653320312,3.860462675220333e-05,8.991831236926373e-06,5.24364709854126,3.9717299938201904,0.37937846779823303,3.860462675220333e-05,6.056547135813162e-05,77.43690490722656,0.6245501637458801,0.7651838766033414,1.181313412281015,6,5,9,ML_CTL_59_0006
CTL,59.0,912.0,8.0,0.0,31.263158798217773,287.5,-0.9537169507482268,0.30070579950427345,-0.8660254037844385,-0.5000000000000004,6.522068500518799,-0.3258123993873596,223.26417541503906,1.4062606169318315e-05,10.850319862365723,8.698265075683594,-1.899591088294983,242.41851806640625,0.0001296901173191145,18.131954193115234,2.5587029457092285,-0.5762099027633667,268.8909606933594,0.0020623919554054737,33.93390655517578,0.20329400897026062,0.6216822266578674,284.02728271484375,0.00875101238489151,75.17125701904297,2.414577007293701,4.482927322387695,290.8381042480469,0.012377091683447361,82.77229309082031,3.60348385584075e-05,6.175590442580869e-06,6.324196815490723,4.079381465911865,0.46059924364089966,3.60348385584075e-05,5.558095290325582e-05,73.7511978149414,0.8428762555122375,0.761771137797154,1.1624143489570833,6,6,9,ML_CTL_59_0006
CTL,59.0,913.0,8.0,6.0,31.263158798217773,287.5,-0.9537169507482268,0.30070579950427345,-0.8660254037844385,-0.5000000000000004,5.868200302124023,-1.8269041776657104,222.8274688720703,1.5409050320158713e-05,12.78052806854248,7.514866828918457,-2.5248305797576904,242.26966857910156,0.00010208300227532163,14.469555854797363,3.1831250190734863,0.24789471924304962,268.49505615234375,0.002441270276904106,40.92154312133789,1.278548240661621,1.2694660425186157,284.0595703125,0.008093947544693947,69.3812026977539,3.1553304195404053,5.3325629234313965,290.7690124511719,0.012354725040495396,82.95765686035156,3.067168654524721e-05,6.2582475948147476e-06,7.656215190887451,4.200014591217041,0.49963778257369995,3.067168654524721e-05,4.1378505557077006e-05,70.81151580810547,2.101100206375122,0.7112347734127781,0.901388583789112,6,7,9,ML_CTL_59_0006
CTL,59.0,914.0,8.0,12.0,35.05263137817383,290.0,-0.9396926207859083,0.342020143325669,-0.8660254037844385,-0.5000000000000004,2.5561203956604004,-7.483185768127441,223.07240295410156,1.876803071354516e-05,15.461545944213867,2.2763454914093018,-7.014932155609131,241.94261169433594,0.0002761314099188894,33.53103256225586,2.6251065731048584,0.8836494088172913,267.43975830078125,0.0010512989247217774,19.650379180908203,0.8949105739593506,2.8999240398406982,283.74334716796875,0.01111355610191822,97.3076400756836,2.7777957916259766,5.944995880126953,290.57354736328125,0.012177273631095886,82.82990264892578,2.62145149463322e-05,1.325770153925987e-05,13.430010795593262,2.226055860519409,-0.9539095163345337,2.639068043208681e-05,3.2020856451708823e-05,72.06713104248047,8.558754920959473,0.5946605901224341,0.38326604079576887,6,8,9,ML_CTL_59_0006
CTL,59.0,915.0,8.0,18.0,38.842105865478516,282.5,-0.9762960071199335,0.21643961393810246,-0.8660254037844385,-0.5000000000000004,18.831159591674805,-4.542169094085693,221.59182739257812,8.151902875397354e-05,78.09856414794922,15.811612129211426,-3.318723201751709,242.48345947265625,0.00034982452052645385,47.521419525146484,8.059961318969727,-0.6221691966056824,268.8931579589844,0.0017279059393331409,29.913368225097656,3.548637866973877,-1.5255786180496216,283.19830322265625,0.005654253531247377,50.48076629638672,1.5436310768127441,-1.592543601989746,292.18402099609375,0.014698793180286884,90.36351776123047,1.7539305190439336e-05,5.022047844249755e-06,17.5373592376709,9.559000968933105,-2.3202366828918457,2.002114888455253e-05,2.134783790097572e-05,40.06220245361328,4.636770248413086,0.6375896288055859,0.5649176695095168,6,9,9,ML_CTL_59_0006
CTL,59.0,944.0,8.0,0.0,33.157894134521484,272.5,-0.9990482215818578,0.043619387365335764,-0.8660254037844385,-0.5000000000000004,3.7828965187072754,7.819143295288086,221.62596130371094,0.00010550002480158582,99.87452697753906,1.4434700012207031,9.123028755187988,243.86663818359375,0.0008024891139939427,91.19039154052734,-2.701153516769409,4.831969738006592,269.18121337890625,0.005352716892957687,94.1026382446289,-1.515474796295166,3.5645833015441895,283.4951477050781,0.010273976251482964,91.48238372802734,1.2260452508926392,5.236520290374756,290.918212890625,0.013110948726534843,87.35506439208984,2.7792710170615464e-05,2.3810680431779474e-05,3.6342029571533203,0.44715672731399536,6.115049362182617,2.7792710170615464e-05,2.676871736184694e-05,70.61627197265625,0.48003286123275757,0.6075722827718433,0.4371187917885657,7,1,14,ML_CTL_59_0007
CTL,59.0,945.0,8.0,6.0,33.157894134521484,272.5,-0.9990482215818578,0.043619387365335764,-0.8660254037844385,-0.5000000000000004,2.785614252090454,5.875225067138672,221.130859375,9.923438483383507e-05,100.11530303955078,1.804253101348877,7.266176223754883,243.6779327392578,0.0009078839211724699,101.50775909423828,0.9053050875663757,5.20108699798584,269.2850036621094,0.0054179164581000805,94.98845672607422,1.9347293376922607,4.278805732727051,282.9715270996094,0.010143575258553028,93.49910736083984,3.995058536529541,5.1580023765563965,290.4070739746094,0.013080785982310772,90.05297088623047,3.235974145354703e-05,4.603893466992304e-05,1.4061166048049927,2.284992218017578,5.555859088897705,3.235974145354703e-05,4.603893466992304e-05,70.86581420898438,1.4061166048049927,0.6826836173660191,0.7661321986818526,7,2,14,ML_CTL_59_0007
CTL,59.0,946.0,8.0,12.0,35.05263137817383,272.5,-0.9990482215818578,0.043619387365335764,-0.8660254037844385,-0.5000000000000004,6.921788692474365,7.439990520477295,220.30604553222656,8.910978067433462e-05,100.05863189697266,3.24322509765625,7.584423542022705,243.7681884765625,0.0010152773465961218,110.462890625,-0.8541975021362305,3.508388042449951,268.599365234375,0.005309095606207848,98.45672607421875,0.9717031717300415,1.1121764183044434,282.4203796386719,0.010189171880483627,97.48939514160156,2.175734519958496,1.0815361738204956,290.5724182128906,0.013801486231386662,93.99826049804688,3.689787627081387e-05,4.6070010284893215e-05,7.934416770935059,2.4916510581970215,4.145302772521973,3.689787627081387e-05,4.6070010284893215e-05,74.82225036621094,6.737499237060547,0.6429553248670493,0.5882143282337329,7,3,14,ML_CTL_59_0007
CTL,59.0,947.0,8.0,18.0,35.05263137817383,272.5,-0.9990482215818578,0.043619387365335764,-0.8660254037844385,-0.5000000000000004,3.903907537460327,5.688485145568848,220.09463500976562,8.705574146006256e-05,99.93803405761719,5.195273399353027,5.0555315017700195,244.86570739746094,0.0011636379640549421,112.73855590820312,4.017372131347656,1.597630262374878,269.14361572265625,0.005162398796528578,92.0598373413086,3.649076461791992,-2.1593728065490723,281.9354553222656,0.009885281324386597,97.67768859863281,4.633519649505615,0.2897713780403137,291.4429626464844,0.01388814952224493,89.5379638671875,4.011967030237429e-05,5.2192095608916134e-05,5.4477925300598145,4.279829978942871,2.0944089889526367,4.011967030237429e-05,5.2192095608916134e-05,76.12808227539062,5.4477925300598145,0.6457253495852998,0.6003017969897861,7,4,14,ML_CTL_59_0007
CTL,59.0,948.0,8.0,0.0,35.05263137817383,275.0,-0.9961946980917455,0.08715574274765789,-0.8660254037844385,-0.5000000000000004,3.266727924346924,-2.218843460083008,219.9091339111328,8.725350926397368e-05,102.19819641113281,7.768139839172363,0.7479813098907471,245.1490936279297,0.0011909034801647067,112.2883529663086,8.515961647033691,5.702361106872559,269.4615173339844,0.005800057202577591,100.43141174316406,6.370151519775391,1.7824960947036743,281.52813720703125,0.009803821332752705,99.52188873291016,9.98388957977295,3.843242883682251,290.60736083984375,0.01345103420317173,91.41336059570312,4.370115129859187e-05,5.497276288224384e-05,9.04815673828125,7.18097448348999,1.9714475870132446,4.370115129859187e-05,6.205233512446284e-05,74.41481018066406,7.5738301277160645,0.6307591623535106,0.5354750058523565,7,5,14,ML_CTL_59_0007
CTL,59.0,949.0,8.0,6.0,35.05263137817383,275.0,-0.9961946980917455,0.08715574274765789,-0.8660254037844385,-0.5000000000000004,0.5743756294250488,0.2997870445251465,219.79348754882812,8.731177513254806e-05,103.72750091552734,7.9680986404418945,0.5086326003074646,244.94479370117188,0.0011525065638124943,111.14983367919922,9.908468246459961,0.6799814105033875,268.1593322753906,0.0051969680935144424,99.86033630371094,7.4051032066345215,-1.2934223413467407,281.5040588378906,0.009758442640304565,98.9554672241211,9.871610641479492,-1.3037115335464478,291.1127624511719,0.014733921736478806,96.953369140625,4.429524051374756e-05,5.461464388645254e-05,9.434500694274902,7.14553165435791,-0.221746563911438,4.429524051374756e-05,6.1030958022456616e-05,75.23126220703125,6.505859851837158,0.590139667737561,0.3645427852192533,7,6,14,ML_CTL_59_0007
CTL,59.0,950.0,8.0,12.0,35.05263137817383,277.5,-0.9914448613738105,0.13052619222005127,-0.8660254037844385,-0.5000000000000004,-2.4223501682281494,-0.2546984851360321,219.53294372558594,8.207571954699233e-05,99.96936798095703,8.960895538330078,-1.661176323890686,244.61383056640625,0.0011600248981267214,116.79434204101562,10.571614265441895,1.3724137544631958,269.4041442871094,0.005215257406234741,91.01797485351562,9.888489723205566,1.1697189807891846,281.6896057128906,0.009516090154647827,95.35870361328125,9.94411563873291,2.304506301879883,291.070068359375,0.01445373147726059,95.34764099121094,4.659748447011225e-05,4.539137808023952e-05,12.628499984741211,7.388552665710449,0.5861528515815735,4.659748447011225e-05,5.7625344197731465e-05,73.3595199584961,5.979104995727539,0.5592619363826283,0.23816720476518016,7,7,14,ML_CTL_59_0007
CTL,59.0,951.0,8.0,18.0,36.94736862182617,280.0,-0.9848077530122081,0.17364817766692997,-0.8660254037844385,-0.5000000000000004,9.13533878326416,2.342888832092285,220.02981567382812,8.429004810750484e-05,96.86336517333984,9.8661470413208,-2.3699262142181396,244.00167846679688,0.0010905922390520573,118.08451080322266,4.241875648498535,0.839280366897583,269.9909973144531,0.0060983565635979176,101.03740692138672,2.1702497005462646,0.6035626530647278,281.71978759765625,0.009096403606235981,91.08744812011719,3.423941135406494,2.723094940185547,290.88653564453125,0.01331492979079485,88.819091796875,4.93321567773819e-05,4.7809364332351834e-05,5.724038600921631,5.767510414123535,0.8277801275253296,4.93321567773819e-05,4.7809364332351834e-05,68.19828033447266,5.724038600921631,0.6616839380549856,0.6708074539000093,7,8,14,ML_CTL_59_0007
CTL,59.0,952.0,8.0,0.0,36.94736862182617,280.0,-0.9848077530122081,0.17364817766692997,-0.8660254037844385,-0.5000000000000004,14.071943283081055,2.896806478500366,219.65296936035156,5.965435047983192e-05,74.2339859008789,9.679911613464355,-2.302184581756592,243.045166015625,0.0006165516097098589,73.13047790527344,0.9256177544593811,-5.301957607269287,270.0302429199219,0.006021131761372089,98.62572479248047,-1.4652140140533447,-1.3830556869506836,282.4682312011719,0.008785058744251728,83.51366424560547,0.7360200881958008,-1.0757766962051392,291.10028076171875,0.013454013504087925,88.5267562866211,5.6188135204138234e-05,3.171221032971516e-05,13.915037155151367,4.7896552085876465,-1.4332334995269775,5.6188135204138234e-05,4.989507215213962e-05,63.92652893066406,7.228052139282227,0.9156165981748345,2.3842269946861823,7,9,14,ML_CTL_59_0007
CTL,59.0,953.0,8.0,6.0,35.05263137817383,280.0,-0.9848077530122081,0.17364817766692997,-0.8660254037844385,-0.5000000000000004,5.714094161987305,0.4682929515838623,219.16896057128906,7.84174189902842e-05,100.82816314697266,3.1452908515930176,-2.6905317306518555,243.74935913085938,0.001020596595481038,111.79656982421875,1.530778169631958,-5.232008457183838,269.8179626464844,0.0060034808702766895,100.43994903564453,6.178864479064941,0.1434246152639389,282.4449768066406,0.00903716403990984,86.0782470703125,7.056631565093994,-0.5541992783546448,291.9757995605469,0.013831068761646748,86.20160675048828,6.14360615145415e-05,4.530912701738998e-05,1.6875712871551514,4.725131511688232,-1.5730044841766357,6.14360615145415e-05,4.530912701738998e-05,64.94940948486328,1.6875712871551514,0.6881308806600639,0.7913954428546195,7,10,14,ML_CTL_59_0007
CTL,59.0,954.0,8.0,12.0,35.05263137817383,280.0,-0.9848077530122081,0.17364817766692997,-0.8660254037844385,-0.5000000000000004,6.409611225128174,0.7878982424736023,219.13658142089844,6.489702354883775e-05,84.25141906738281,2.481548309326172,-0.7925650477409363,242.91429138183594,0.0007668031030334532,92.58024597167969,-0.8845353126525879,-5.621381759643555,269.6560363769531,0.005250403191894293,86.95914459228516,4.308321952819824,-2.895120143890381,283.2949523925781,0.008624117821455002,77.57869720458984,4.921475410461426,-1.8632639646530151,291.5132751464844,0.013931548222899437,89.36885833740234,5.8801317209145054e-05,2.1727501007262617e-05,3.04026460647583,3.44728422164917,-2.0768866539001465,5.8801317209145054e-05,4.481241921894252e-05,64.25310516357422,3.04026460647583,0.8523636972173549,1.7532614746758517,7,11,14,ML_CTL_59_0007
CTL,59.0,955.0,8.0,18.0,35.05263137817383,282.5,-0.9762960071199335,0.21643961393810246,-0.8660254037844385,-0.5000000000000004,6.970479965209961,-2.0067574977874756,218.96517944335938,7.496891339542344e-05,99.6188735961914,4.9598259925842285,-0.254882276058197,243.7572021484375,0.000967828556895256,105.35265350341797,1.7420870065689087,-0.7582124471664429,271.0134582519531,0.006564052775502205,99.9693603515625,4.77526330947876,1.2294965982437134,282.9374694824219,0.008524381555616856,78.6897964477539,7.051388263702393,2.2767515182495117,291.9419250488281,0.01353070791810751,84.40034484863281,5.506590969162062e-05,3.2615382224321365e-05,4.284273147583008,5.099808692932129,0.09727919101715088,5.506590969162062e-05,4.138549411436543e-05,61.30540084838867,4.284273147583008,0.6588669247854433,0.6582489279837829,7,12,14,ML_CTL_59_0007
CTL,59.0,956.0,8.0,0.0,35.05263137817383,282.5,-0.9762960071199335,0.21643961393810246,-0.8660254037844385,-0.5000000000000004,8.836725234985352,-1.3038207292556763,219.26132202148438,7.953863678267226e-05,102.34156036376953,4.584951400756836,-0.3402833044528961,243.534912109375,0.0009341842378489673,104.33490753173828,0.3088948428630829,-1.4094232320785522,271.0563049316406,0.006566200405359268,99.54537963867188,3.620274305343628,0.4848562777042389,283.4599609375,0.008642742410302162,77.03211975097656,4.797959327697754,0.2804640531539917,291.86480712890625,0.014245555736124516,89.2809066772461,5.6800414313329384e-05,2.5138626369880512e-05,4.338385581970215,4.429760932922363,-0.4576414227485657,5.6800414313329384e-05,4.023921428597532e-05,60.68896484375,4.338385581970215,0.6338208059134797,0.548643459056819,7,13,14,ML_CTL_59_0007
CTL,59.0,957.0,8.0,6.0,35.05263137817383,282.5,-0.9762960071199335,0.21643961393810246,-0.8660254037844385,-0.5000000000000004,10.290671348571777,-1.3947677612304688,219.84739685058594,8.341427019331604e-05,99.8663330078125,4.5505194664001465,2.1628711223602295,243.20550537109375,0.0008858662913553417,102.61094665527344,1.4385625123977661,-1.8254363536834717,270.60931396484375,0.006241634953767061,98.14054107666016,3.691976308822632,-1.2492032051086426,283.8877868652344,0.008403186686336994,72.7378921508789,4.170597553253174,-0.7824017405509949,291.6946716308594,0.014331556856632233,90.77840423583984,5.036963921156712e-05,1.7130794731201604e-05,6.150633811950684,4.828465461730957,-0.6177875995635986,5.036963921156712e-05,4.1271279769716784e-05,60.06081008911133,6.150633811950684,0.5837435492303787,0.3381602198340983,7,14,14,ML_CTL_59_0007
CTL,59.0,949.0,8.0,6.0,19.894737243652344,310.0,-0.7660444431189781,0.6427876096865393,-0.8660254037844385,-0.5000000000000004,-6.569450855255127,0.911820113658905,221.0372772216797,9.747834701556712e-05,99.84711456298828,-8.190869331359863,-5.060209274291992,245.2659454345703,0.001197007717564702,112.24884033203125,-7.260683536529541,-2.27278995513916,270.5226135253906,0.005961799528449774,95.26603698730469,-6.855382442474365,2.219917058944702,281.45098876953125,0.009157764725387096,93.64790344238281,-6.439704895019531,2.2166457176208496,292.29412841796875,0.013352685607969761,81.53449249267578,6.998614117037505e-05,8.815927867544815e-05,1.3112603425979614,-7.063218593597412,-0.39692336320877075,6.998614117037505e-05,8.952270582085475e-05,71.033935546875,1.3112603425979614,0.801978246670367,1.3987045936852844,8,1,22,ML_CTL_59_0008
CTL,59.0,950.0,8.0,12.0,19.894737243652344,310.0,-0.7660444431189781,0.6427876096865393,-0.8660254037844385,-0.5000000000000004,-6.635451793670654,0.5036747455596924,221.22735595703125,0.00010056301834993064,100.38319396972656,-6.60644006729126,-0.9356848001480103,246.13160705566406,0.0013110014842823148,111.86236572265625,-3.7279105186462402,7.282929420471191,269.6115417480469,0.005755221471190453,98.71793365478516,-2.830418109893799,9.730907440185547,280.67657470703125,0.008853979408740997,95.50862121582031,-2.449876308441162,8.354302406311035,292.4015197753906,0.012734856456518173,77.24171447753906,6.460418808273971e-05,9.207174298353493e-05,8.896707534790039,-4.450019359588623,4.9872260093688965,6.460418808273971e-05,9.207174298353493e-05,74.53186798095703,5.887874603271484,0.7346545438234086,1.018367795080425,8,2,22,ML_CTL_59_0008
CTL,59.0,951.0,8.0,18.0,21.789474487304688,307.5,-0.7933533402912352,0.6087614290087205,-0.8660254037844385,-0.5000000000000004,-2.6181180477142334,3.4088494777679443,221.4222869873047,4.277380867279135e-05,43.633323669433594,-5.217402458190918,-4.798544883728027,244.555419921875,0.0003646192199084908,35.7379035949707,-5.266075611114502,-5.185943603515625,271.0391540527344,0.006574173457920551,99.57735443115234,-7.35509729385376,0.29889383912086487,282.0791015625,0.008899597451090813,87.2083969116211,-6.6862335205078125,2.34719181060791,292.79803466796875,0.012773582711815834,75.56938171386719,6.582221976714209e-05,5.542705912375823e-05,4.20436429977417,-5.428585529327393,-0.7859106063842773,6.582221976714209e-05,8.120050915749744e-05,71.5704574584961,4.20436429977417,0.9637897677968466,3.281531451191369,8,3,22,ML_CTL_59_0008
CTL,59.0,952.0,8.0,0.0,21.789474487304688,307.5,-0.7933533402912352,0.6087614290087205,-0.8660254037844385,-0.5000000000000004,-2.4173378944396973,2.4609310626983643,221.34036254882812,5.10549834871199e-05,52.443973541259766,-5.270009517669678,-5.5384368896484375,244.61279296875,0.00046161527279764414,41.54995346069336,-4.591161727905273,-2.3803207874298096,270.40338134765625,0.006345126777887344,101.22283935546875,-5.490052700042725,5.738153457641602,281.2958679199219,0.008951494470238686,92.54817962646484,-4.553856372833252,6.880858421325684,292.4174499511719,0.012325786054134369,74.73270416259766,6.605141970794648e-05,5.927176971454173e-05,4.9092230796813965,-4.464483737945557,1.4322370290756226,6.605141970794648e-05,7.091233419487253e-05,75.30553436279297,4.9092230796813965,0.9717671055282798,3.5386284036108266,8,4,22,ML_CTL_59_0008
CTL,59.0,953.0,8.0,6.0,21.789474487304688,305.0,-0.8191520442889918,0.573576436351046,-0.8660254037844385,-0.5000000000000004,1.3711597919464111,0.7775703072547913,220.9464874267578,4.5679214963456616e-05,49.700965881347656,-1.2512747049331665,-5.6623077392578125,244.48191833496094,0.00010321740410290658,11.80271053314209,-0.8781347274780273,-6.291101455688477,270.016357421875,0.0055681513622403145,86.11351013183594,-0.8778996467590332,-2.426795482635498,283.75567626953125,0.008778233081102371,76.76782989501953,-1.257887363433838,-0.2949671745300293,292.2105712890625,0.01274595782160759,78.2258071899414,6.387883331626654e-05,2.3368376787402667e-05,2.8394057750701904,-0.5788073539733887,-2.7795205116271973,6.387883331626654e-05,6.620822387048975e-05,69.62474822998047,2.8394057750701904,0.928020953951912,2.556679262671285,8,5,22,ML_CTL_59_0008
CTL,59.0,954.0,8.0,12.0,23.6842098236084,305.0,-0.8191520442889918,0.573576436351046,-0.8660254037844385,-0.5000000000000004,0.7558527588844299,-1.111693263053894,221.09774780273438,2.9878277928219177e-05,30.861337661743164,1.1093920469284058,-2.199267625808716,244.37521362304688,9.562078776070848e-05,11.68008804321289,2.216202974319458,-2.801100969314575,270.3645935058594,0.0052175759337842464,77.24600219726562,-2.1919198036193848,0.3565715551376343,283.2735595703125,0.008758693002164364,79.14254760742188,-4.8092169761657715,3.704744338989258,291.96807861328125,0.012221816927194595,76.25119018554688,6.478397699538618e-05,2.4817545636324212e-05,7.359896183013916,-0.5839378237724304,-0.41014909744262695,6.478397699538618e-05,5.201753810979426e-05,73.4780044555664,5.788942337036133,0.9297668309070312,2.5831131416137563,8,6,22,ML_CTL_59_0008
CTL,59.0,955.0,8.0,18.0,23.6842098236084,305.0,-0.8191520442889918,0.573576436351046,-0.8660254037844385,-0.5000000000000004,-1.7897002696990967,2.4699935913085938,221.15187072753906,3.001041113748215e-05,31.143402099609375,1.8749754428863525,0.5455170273780823,244.46121215820312,0.00010323835886083543,12.320862770080566,4.9544291496276855,-4.960827827453613,270.4127197265625,0.004817469045519829,69.31180572509766,1.2023296356201172,0.19148465991020203,283.58868408203125,0.008740928955376148,77.29412078857422,-0.7179099321365356,5.363256454467773,291.7383728027344,0.012413211166858673,78.51908111572266,6.817010580562055e-05,2.059701000689529e-05,3.085401773452759,1.1048247814178467,0.7218847870826721,6.817010580562055e-05,5.674734711647034e-05,74.73580932617188,3.085401773452759,0.9444225141344667,2.832795455770345,8,7,22,ML_CTL_59_0008
CTL,59.0,956.0,8.0,0.0,23.6842098236084,305.0,-0.8191520442889918,0.573576436351046,-0.8660254037844385,-0.5000000000000004,1.9474611282348633,6.284809589385986,221.12510681152344,2.9903414542786777e-05,31.231224060058594,4.048614978790283,1.5232750177383423,244.36117553710938,0.00010139431105926633,11.564958572387695,2.950324058532715,-4.961693286895752,269.9847106933594,0.00433729263022542,64.56147003173828,1.979791522026062,1.813900351524353,283.8183288574219,0.008563646115362644,74.57376861572266,1.6308866739273071,6.378403663635254,291.2825622558594,0.012742213904857635,82.92376708984375,6.467073399107903e-05,1.8913840904133394e-05,0.3301200270652771,2.511415719985962,2.2077391147613525,6.467073399107903e-05,5.110352503834292e-05,72.72945404052734,0.3301200270652771,0.9469804608543693,2.8826179515580024,8,8,22,ML_CTL_59_0008
CTL,59.0,957.0,8.0,6.0,25.578947067260742,305.0,-0.8191520442889918,0.573576436351046,-0.8660254037844385,-0.5000000000000004,10.511292457580566,6.2979536056518555,220.90396118164062,3.951066537410952e-05,42.95037078857422,8.232405662536621,4.010439872741699,244.0106964111328,9.195611346513033e-05,11.120664596557617,0.2210036814212799,-0.41340574622154236,269.49224853515625,0.004770626313984394,72.93577575683594,-0.6103259325027466,5.934980869293213,283.0162048339844,0.008906344883143902,81.8781509399414,-2.237051010131836,8.478797912597656,290.2777099609375,0.013098951429128647,90.81256103515625,6.51153241051361e-05,2.4786379071883857e-05,12.9335355758667,3.2234649658203125,4.861753463745117,6.51153241051361e-05,4.111741145607084e-05,75.1389389038086,4.560441493988037,0.9696190848006306,3.463088676514902,8,9,22,ML_CTL_59_0008
CTL,59.0,958.0,8.0,12.0,25.578947067260742,305.0,-0.8191520442889918,0.573576436351046,-0.8660254037844385,-0.5000000000000004,9.755485534667969,3.799898147583008,220.59957885742188,4.831668411497958e-05,54.715354919433594,5.668537139892578,5.334594249725342,243.21299743652344,0.00014804476813878864,17.31068992614746,1.74396812915802,3.5318920612335205,269.8393859863281,0.004699425771832466,71.70848846435547,2.9279887676239014,7.137269496917725,283.109375,0.008883727714419365,81.16910552978516,0.264843612909317,10.299187660217285,290.4156494140625,0.013566051609814167,93.2031478881836,6.389211921487004e-05,1.3808148651150987e-05,11.502740859985352,4.072164535522461,6.020567893981934,6.389211921487004e-05,4.07599909522105e-05,76.23856353759766,1.772443175315857,0.9654592826584627,3.330465087762052,8,10,22,ML_CTL_59_0008
CTL,59.0,959.0,8.0,18.0,27.473684310913086,302.5,-0.8433914458128857,0.5372996083468239,-0.8660254037844385,-0.5000000000000004,8.850341796875,9.090729713439941,222.0242462158203,2.7276088076177984e-05,25.40089988708496,2.4237284660339355,7.73578405380249,241.93653869628906,0.00010391100659035146,15.401674270629883,1.222717046737671,0.7210290431976318,268.51513671875,0.0030081309378147125,47.480194091796875,-0.4765999913215637,-4.258612155914307,284.16387939453125,0.008875065483152866,75.5313491821289,-3.569645881652832,-0.8266702890396118,290.9024353027344,0.01258457638323307,83.88426208496094,6.63241880829446e-05,2.459888310113456e-05,15.893738746643066,1.6901085376739502,2.4924521446228027,6.63241880829446e-05,5.5108055676100776e-05,72.24698638916016,0.7719367742538452,0.9725509293549603,3.5675901325383395,8,11,22,ML_CTL_59_0008
CTL,59.0,960.0,8.0,0.0,27.473684310913086,302.5,-0.8433914458128857,0.5372996083468239,-0.8660254037844385,-0.5000000000000004,7.6807732582092285,12.031553268432617,221.7188262939453,2.7323680114932358e-05,26.58941078186035,2.8410818576812744,9.85689640045166,242.35740661621094,9.335835056845099e-05,13.035466194152832,-0.04924039915204048,0.5884173512458801,268.7489013671875,0.0023572733625769615,38.196624755859375,-0.42699456214904785,-2.637200117111206,284.2569274902344,0.010301364585757256,87.20948028564453,-2.038522243499756,0.3706192672252655,291.0943298339844,0.012636855244636536,83.20497131347656,6.60308069200255e-05,2.6764220820041373e-05,15.180319786071777,1.6014198064804077,4.042057514190674,6.60308069200255e-05,6.005273826303892e-05,73.6402587890625,2.1474411487579346,0.9671763949717557,3.383232971422836,8,12,22,ML_CTL_59_0008
CTL,59.0,961.0,8.0,6.0,27.473684310913086,302.5,-0.8433914458128857,0.5372996083468239,-0.8660254037844385,-0.5000000000000004,9.028571128845215,12.466263771057129,221.26071166992188,2.8258988095331006e-05,29.044485092163086,3.4987967014312744,10.765620231628418,242.26617431640625,9.339865209767595e-05,13.200342178344727,-1.328895092010498,3.805811882019043,268.94183349609375,0.0020151936914771795,34.09919738769531,1.3103148937225342,0.40148812532424927,284.1256103515625,0.011164014227688313,95.38601684570312,0.13076408207416534,1.8503527641296387,291.1055603027344,0.012562171556055546,82.63988494873047,6.384759035427123e-05,2.5479561372776516e-05,13.851662635803223,2.5279104709625244,5.857907295227051,6.384759035427123e-05,5.0882899813586846e-05,75.08589172363281,2.5050981044769287,0.9550523439824788,3.0562675363136105,8,13,22,ML_CTL_59_0008
CTL,59.0,962.0,8.0,12.0,29.36842155456543,302.5,-0.8433914458128857,0.5372996083468239,-0.8660254037844385,-0.5000000000000004,1.2885762453079224,12.358316421508789,220.70892333984375,3.2632371585350484e-05,35.985557556152344,-2.2616708278656006,10.404476165771484,241.8058624267578,9.721179958432913e-05,14.42845630645752,-1.347774624824524,5.564306735992432,268.3614807128906,0.0037263936828821898,64.63909912109375,-0.23630210757255554,2.1455228328704834,284.34796142578125,0.0098498510196805,82.79459381103516,-3.373371124267578,4.925708293914795,291.052734375,0.012784858234226704,84.4112319946289,6.398289406206459e-05,2.8044869395671412e-05,8.773677825927734,-1.1861084699630737,7.0796661376953125,6.398289406206459e-05,3.7532372516579926e-05,77.63570404052734,2.244795083999634,0.9628187724106244,3.254061204230915,8,14,22,ML_CTL_59_0008
CTL,59.0,963.0,8.0,18.0,29.36842155456543,302.5,-0.8433914458128857,0.5372996083468239,-0.8660254037844385,-0.5000000000000004,-1.2347296476364136,14.898896217346191,220.61764526367188,4.0133247239282355e-05,44.93284225463867,-0.9050037264823914,12.658618927001953,242.2976837158203,9.487936040386558e-05,13.339156150817871,0.6460821032524109,6.931607246398926,268.74090576171875,0.0019048774847760797,32.642642974853516,1.535884141921997,3.4661195278167725,284.6511535644531,0.011027886532247066,90.9108657836914,0.308627724647522,5.806182384490967,291.37542724609375,0.012907472439110279,83.44544219970703,5.8566845837049186e-05,2.329276867385488e-05,9.222765922546387,0.07017214596271515,8.752284049987793,5.8566845837049186e-05,3.9240003388840705e-05,77.85887145996094,2.730492115020752,0.9397823919936373,2.7476835492377374,8,15,22,ML_CTL_59_0008
CTL,59.0,964.0,8.0,0.0,31.263158798217773,302.5,-0.8433914458128857,0.5372996083468239,-0.8660254037844385,-0.5000000000000004,-0.9408307671546936,17.27402687072754,220.2202606201172,4.7446286771446466e-05,55.8553352355957,-1.771984577178955,11.741456031799316,242.55191040039062,0.00011470705067040399,15.099720001220703,-1.0547077655792236,4.455942630767822,269.11798095703125,0.003520311787724495,58.7422981262207,-0.005691520404070616,4.431725025177002,284.6822204589844,0.011132203973829746,91.54335021972656,-1.6065281629562378,6.549062728881836,291.3426818847656,0.012807263992726803,82.97708892822266,5.72296921745874e-05,2.147259692719672e-05,10.745604515075684,-1.0759484767913818,8.890443801879883,5.72296921745874e-05,3.507984001771547e-05,80.69347381591797,2.5666935443878174,0.9360127332726896,2.6829449741296227,8,16,22,ML_CTL_59_0008
CTL,59.0,965.0,8.0,6.0,33.157894134521484,302.5,-0.8433914458128857,0.5372996083468239,-0.8660254037844385,-0.5000000000000004,4.474221706390381,16.108081817626953,221.03836059570312,9.558128658682108e-05,102.8358154296875,0.7174382209777832,11.129355430603027,243.12744140625,0.0002713793364819139,33.009647369384766,-0.9200502038002014,3.277839422225952,270.1504821777344,0.004234102088958025,64.8838882446289,0.5164722800254822,2.758528470993042,284.2489013671875,0.010110829956829548,85.60541534423828,-2.107189655303955,6.356523036956787,290.6369934082031,0.013092715293169022,88.67704772949219,5.3372157708508894e-05,1.0264545380778145e-05,11.764687538146973,0.536178469657898,7.926065921783447,5.3372157708508894e-05,3.512989133014344e-05,84.70166015625,2.771975040435791,0.8416945768582376,1.6708909881810436,8,17,22,ML_CTL_59_0008
CTL,59.0,966.0,8.0,12.0,33.157894134521484,302.5,-0.8433914458128857,0.5372996083468239,-0.8660254037844385,-0.5000000000000004,4.8551483154296875,15.744522094726562,220.711669921875,8.715551666682586e-05,97.0899429321289,2.841365098953247,13.231606483459473,242.8079833984375,0.00024461906286887825,31.448532104492188,1.4165009260177612,5.771122932434082,270.1236267089844,0.0025180410593748093,39.30286407470703,2.873032569885254,3.266730546951294,284.6623840332031,0.010503983125090599,86.48535919189453,1.678831934928894,5.785726547241211,291.3416748046875,0.012837686575949192,83.20562744140625,5.200348823564127e-05,1.2671437616518233e-05,10.453065872192383,2.732975721359253,8.759941101074219,5.200348823564127e-05,3.140513945254497e-05,82.85228729248047,3.498255968093872,0.8774339062645433,1.9683512068244053,8,18,22,ML_CTL_59_0008
CTL,59.0,967.0,8.0,18.0,35.05263137817383,302.5,-0.8433914458128857,0.5372996083468239,-0.8660254037844385,-0.5000000000000004,9.583344459533691,15.370659828186035,219.6986846923828,5.3780062444275245e-05,68.36071014404297,7.6937971115112305,10.520674705505371,242.2222442626953,0.00015065674961078912,20.69549560546875,4.116965293884277,3.008755683898926,269.9127197265625,0.0033358708024024963,51.71070861816406,1.6246752738952637,0.779494047164917,284.6371765136719,0.010323215276002884,85.13697814941406,0.6401962637901306,2.252706527709961,291.3040771484375,0.012633140198886395,82.07604217529297,5.033925117459148e-05,4.4378879238138325e-07,15.876416206359863,4.731795787811279,6.386457920074463,5.033925117459148e-05,2.344284439459443e-05,84.87619018554688,4.251637935638428,0.9003404284118581,2.2010128514855927,8,19,22,ML_CTL_59_0008
CTL,59.0,968.0,8.0,0.0,36.94736862182617,305.0,-0.8191520442889918,0.573576436351046,-0.8660254037844385,-0.5000000000000004,16.120460510253906,15.257214546203613,220.67034912109375,9.05070046428591e-05,100.55728912353516,13.643854141235352,8.680248260498047,242.73141479492188,0.00025939481565728784,32.938724517822266,5.706754207611084,2.0709784030914307,269.5367126464844,0.004251381382346153,70.45277404785156,2.275479793548584,2.2251317501068115,283.6727600097656,0.009987562894821167,87.86092376708984,-0.3730396032333374,5.35190486907959,290.244384765625,0.013965381309390068,97.03799438476562,4.822511618840508e-05,3.590804169562034e-07,19.239301681518555,7.474701881408691,6.717095375061035,4.822511618840508e-05,2.3719896489637904e-05,87.83688354492188,2.899839162826538,0.7721743901464139,1.2206299512569743,8,20,22,ML_CTL_59_0008
CTL,59.0,969.0,8.0,6.0,36.94736862182617,305.0,-0.8191520442889918,0.573576436351046,-0.8660254037844385,-0.5000000000000004,16.5024356842041,13.446450233459473,220.4424591064453,8.831750164972618e-05,102.4028549194336,14.45456314086914,7.076473236083984,242.3040008544922,0.0002549659402575344,34.22391128540039,5.983806133270264,2.336838722229004,269.6931457519531,0.0034490509424358606,55.59531784057617,2.368372678756714,0.905403196811676,283.9517822265625,0.009816735051572323,84.77591705322266,-0.024583538994193077,2.668551445007324,290.6353454589844,0.01371900737285614,92.97488403320312,5.068924656370655e-05,7.260385359586508e-07,19.730825424194336,7.856919288635254,5.2867431640625,5.068924656370655e-05,1.1315447409288026e-05,84.54174041748047,1.712730050086975,0.7944202097946392,1.3517783206498986,8,21,22,ML_CTL_59_0008
CTL,59.0,970.0,8.0,12.0,36.94736862182617,305.0,-0.8191520442889918,0.573576436351046,-0.8660254037844385,-0.5000000000000004,16.417020797729492,12.942803382873535,219.8065185546875,7.148340228013694e-05,90.00235748291016,13.253816604614258,6.2423930168151855,242.22251892089844,0.0002517977263778448,33.76688003540039,4.990865707397461,2.9099338054656982,269.3157958984375,0.002852678531780839,46.883426666259766,1.4156708717346191,1.5534965991973877,284.3262634277344,0.009449255652725697,79.51519775390625,-0.8089841604232788,2.5282626152038574,291.0943298339844,0.01326112262904644,87.29322814941406,4.591811011778191e-05,1.8874023908210802e-06,20.129528045654297,7.0536789894104,5.235377788543701,4.591811011778191e-05,1.0622490663081408e-05,77.212890625,1.5122349262237549,0.8665264871865964,1.8705896244421703,8,22,22,ML_CTL_59_0008
CTL,59.0,963.0,8.0,18.0,19.894737243652344,330.0,-0.5000000000000004,0.8660254037844384,-0.8660254037844385,-0.5000000000000004,-15.251561164855957,2.018521547317505,220.19126892089844,8.029941091081128e-05,92.5056381225586,-5.187756538391113,9.455183029174805,243.7589111328125,0.0006302918191067874,72.20697021484375,0.02660917304456234,7.6551513671875,271.378173828125,0.004715437069535255,65.54303741455078,-4.27032995223999,1.5857938528060913,282.34814453125,0.008435734547674656,81.16157531738281,-5.613201141357422,0.1190176010131836,292.38671875,0.011989054270088673,72.82798767089844,4.3264553823973984e-05,4.175255890004337e-05,9.823751449584961,-6.059247970581055,4.166733741760254,4.3264553823973984e-05,6.524804484797642e-05,68.04634857177734,5.184792995452881,0.7087996782574778,0.8895615241581325,9,1,18,ML_CTL_59_0009
CTL,59.0,964.0,8.0,0.0,19.894737243652344,327.5,-0.5372996083468242,0.8433914458128855,-0.8660254037844385,-0.5000000000000004,-16.7467098236084,5.737355709075928,219.63294982910156,7.304688188014552e-05,91.00315856933594,-4.653207778930664,8.321064949035645,243.2614288330078,0.0004294955579098314,50.01046371459961,-2.145026445388794,1.9571388959884644,271.0465087890625,0.004493626765906811,62.70023727416992,-5.976526737213135,-2.044903039932251,282.44940185546875,0.00803299155086279,76.74354553222656,-7.436013698577881,-1.503948450088501,292.0914001464844,0.011971283704042435,74.00862884521484,3.90286477340851e-05,3.851103610941209e-05,11.795148849487305,-7.3914971351623535,2.4933414459228516,3.90286477340851e-05,5.451660035760142e-05,65.84825897216797,3.0408272743225098,0.7333996031307364,1.011939818125517,9,2,18,ML_CTL_59_0009
CTL,59.0,965.0,8.0,6.0,19.894737243652344,327.5,-0.5372996083468242,0.8433914458128855,-0.8660254037844385,-0.5000000000000004,-18.182353973388672,4.065125465393066,219.0139617919922,6.90554006723687e-05,93.1320571899414,-5.091925144195557,7.998311519622803,242.4580535888672,0.00027536426205188036,38.041500091552734,-3.725041627883911,4.98834753036499,271.3979797363281,0.002956997137516737,40.32926559448242,-5.158499717712402,2.9968533515930176,282.8828430175781,0.007700667716562748,71.42945861816406,-6.6523003578186035,1.793355941772461,291.4669189453125,0.012063475325703621,77.59711456298828,3.759018727578223e-05,2.272452002216596e-05,11.751727104187012,-7.762024879455566,4.368398666381836,3.759018727578223e-05,3.6129749787505716e-05,67.30402374267578,4.1988301277160645,0.6334439310885778,0.5470199948980925,9,3,18,ML_CTL_59_0009
CTL,59.0,966.0,8.0,12.0,19.894737243652344,325.0,-0.5735764363510465,0.8191520442889916,-0.8660254037844385,-0.5000000000000004,-17.726280212402344,7.6895432472229,218.8517303466797,5.080217670183629e-05,70.76570892333984,-7.17667293548584,6.954823970794678,242.67144775390625,0.00019877466547768563,26.837800979614258,-6.55818510055542,4.029551029205322,271.63372802734375,0.002831067191436887,37.903656005859375,-6.598145961761475,1.548697590827942,283.23486328125,0.007651032414287329,69.319091796875,-7.109394550323486,0.20801258087158203,291.39520263671875,0.012237848713994026,79.03860473632812,3.884038596879691e-05,1.516638440079987e-05,12.988131523132324,-9.033735275268555,4.08612585067749,3.884038596879691e-05,2.1195688532316126e-05,65.6791763305664,4.828555583953857,0.6555619209132371,0.6435784294825291,9,4,18,ML_CTL_59_0009
CTL,59.0,967.0,8.0,18.0,19.894737243652344,322.5,-0.608761429008721,0.7933533402912349,-0.8660254037844385,-0.5000000000000004,-13.240663528442383,10.606425285339355,218.9048309326172,3.90094646718353e-05,54.760860443115234,-9.694870948791504,4.99826717376709,242.81179809570312,0.00014566956087946892,19.2647647857666,-7.810850620269775,2.526979446411133,271.1072998046875,0.0030385470017790794,42.29155349731445,-7.296473503112793,-1.607334852218628,283.4278564453125,0.007622205652296543,68.1575698852539,-7.696361541748047,-2.291572332382202,291.2306213378906,0.012481770478188992,81.45487976074219,3.757685044547543e-05,1.0985624612658285e-05,14.039146423339844,-9.147844314575195,2.846553087234497,3.757685044547543e-05,1.9889765098923817e-05,63.601356506347656,4.351736068725586,0.6600611670111463,0.6635668095640455,9,5,18,ML_CTL_59_0009
CTL,59.0,968.0,8.0,0.0,18.0,322.5,-0.608761429008721,0.7933533402912349,-0.8660254037844385,-0.5000000000000004,-7.642765045166016,6.149423599243164,219.3265838623047,5.921078991377726e-05,78.03267669677734,-15.44493579864502,1.0179733037948608,242.61033630371094,0.00019139330834150314,28.470260620117188,-11.364200592041016,3.7053472995758057,270.50286865234375,0.002659419784322381,41.24795150756836,-3.0587077140808105,2.8106303215026855,283.4259948730469,0.007147207390516996,63.90628433227539,-3.7469756603240967,1.1492027044296265,291.0743103027344,0.012482398189604282,82.36006164550781,3.479060251265764e-05,9.547946319798939e-06,6.338720798492432,-8.251516342163086,2.966515302658081,3.479060251265764e-05,4.374198761070147e-05,64.47026062011719,3.657132387161255,0.6391620688497215,0.5717291377467575,9,6,18,ML_CTL_59_0009
CTL,59.0,969.0,8.0,6.0,18.0,320.0,-0.6427876096865396,0.7660444431189778,-0.8660254037844385,-0.5000000000000004,-7.004332065582275,2.9139769077301025,219.6813507080078,7.840542093617842e-05,98.44975280761719,-16.897737503051758,1.53109872341156,242.47291564941406,0.00022430979879572988,33.351219177246094,-10.656559944152832,2.626258611679077,270.18682861328125,0.0028625447303056717,45.84941101074219,-5.006301403045654,0.15162186324596405,283.63720703125,0.007164035923779011,63.14762496948242,-4.572671413421631,-0.46602940559387207,290.7757873535156,0.012400193139910698,83.27397155761719,3.558675598469563e-05,1.446882015443407e-05,4.163822174072266,-8.827520370483398,1.3513853549957275,3.558675598469563e-05,4.443106445251033e-05,62.734886169433594,2.701171636581421,0.6064306137522424,0.43233293416270313,9,7,18,ML_CTL_59_0009
CTL,59.0,970.0,8.0,12.0,18.0,317.5,-0.6755902076156605,0.7372773368101239,-0.8660254037844385,-0.5000000000000004,-7.8896284103393555,0.1277845948934555,219.84298706054688,8.00039924797602e-05,98.28486633300781,-16.698566436767578,2.7811832427978516,242.61473083496094,0.00027017309912480414,36.57218551635742,-10.079368591308594,1.4912916421890259,270.010498046875,0.0033971427474170923,55.0796012878418,-6.2097272872924805,-0.9881479740142822,283.8719787597656,0.0072372350841760635,62.809165954589844,-4.928990840911865,-1.5789129734039307,290.8441467285156,0.012403268367052078,82.88512420654297,3.6182365874992684e-05,1.2759630408254452e-05,3.417336940765381,-9.161256790161133,0.3666397035121918,3.6182365874992684e-05,4.1618153773015365e-05,60.883995056152344,3.417336940765381,0.6215521967552545,0.4961417334225766,9,8,18,ML_CTL_59_0009
CTL,59.0,971.0,8.0,18.0,18.0,317.5,-0.6755902076156605,0.7372773368101239,-0.8660254037844385,-0.5000000000000004,-10.070246696472168,-4.239894866943359,219.4581756591797,5.815219265059568e-05,74.78498840332031,-16.30523681640625,2.9358654022216797,242.59722900390625,0.00027426553424447775,32.78089904785156,-11.167261123657227,0.8867202997207642,270.22320556640625,0.003919121343642473,62.88920974731445,-5.745779514312744,1.2491134405136108,283.84722900390625,0.007673186715692282,66.70378875732422,-4.615052700042725,0.7811819314956665,291.11529541015625,0.012167386710643768,79.93749237060547,3.63558683602605e-05,1.615853216208052e-05,7.414199352264404,-9.580716133117676,0.3225972354412079,3.63558683602605e-05,3.982753696618602e-05,62.732948303222656,3.7612621784210205,0.7498691117651307,1.0979143398581859,9,9,18,ML_CTL_59_0009
CTL,59.0,972.0,9.0,0.0,18.0,315.0,-0.7071067811865477,0.7071067811865474,-1.0,-1.8369701987210297e-16,-11.188907623291016,-2.7886111736297607,219.2653350830078,5.514402437256649e-05,72.65809631347656,-14.876577377319336,2.581613063812256,242.36273193359375,0.0002997439296450466,36.773223876953125,-11.719446182250977,-0.4005398750305176,269.8317565917969,0.0038371870759874582,63.35244369506836,-6.8733391761779785,-0.9537360668182373,283.99285888671875,0.00882537942379713,76.00968933105469,-5.847357749938965,-0.8900632858276367,291.01788330078125,0.01219673827290535,80.63241577148438,3.469369403319433e-05,1.2950703421665821e-05,5.668918609619141,-10.101125717163086,-0.49026745557785034,3.469369403319433e-05,3.365021257195622e-05,62.724578857421875,0.7554410696029663,0.7499338198860774,1.0982593591994085,9,10,18,ML_CTL_59_0009
CTL,59.0,973.0,9.0,6.0,16.105262756347656,315.0,-0.7071067811865477,0.7071067811865474,-1.0,-1.8369701987210297e-16,-13.223820686340332,-2.744534730911255,218.86688232421875,3.382016075192951e-05,46.482582092285156,-14.210423469543457,1.7282962799072266,241.67861938476562,0.00038553442573174834,52.74090576171875,-9.546194076538086,-1.6023873090744019,268.4308166503906,0.004960791207849979,91.92436218261719,-2.7112321853637695,0.7057339549064636,283.5011901855469,0.009585707448422909,85.33983612060547,-0.5764583349227905,1.4812963008880615,290.61322021484375,0.01175583153963089,79.71047973632812,3.577088864403777e-05,2.3067947040544823e-05,13.334670066833496,-8.053625106811523,-0.08631906658411026,3.577088864403777e-05,3.481174644548446e-05,66.87918090820312,2.217905044555664,0.7558686678554954,1.1301613143362572,9,11,18,ML_CTL_59_0009
CTL,59.0,974.0,9.0,12.0,16.105262756347656,312.5,-0.7372773368101242,0.6755902076156601,-1.0,-1.8369701987210297e-16,-13.416626930236816,0.8263426423072815,218.76133728027344,3.8242411392275244e-05,53.87238311767578,-14.359184265136719,2.3761539459228516,241.76734924316406,0.0003677002096083015,50.18629837036133,-9.77092456817627,-1.3652604818344116,269.0257873535156,0.004990677814930677,87.64989471435547,-2.9960978031158447,0.31544414162635803,283.6913146972656,0.009816687554121017,86.26924896240234,-0.8482345342636108,0.5131492614746094,290.5522766113281,0.012253476306796074,83.42272186279297,3.776434823521413e-05,1.6160376617335714e-05,12.572294235229492,-8.278213500976562,0.5331658720970154,3.776434823521413e-05,4.168890882283449e-05,66.95277404785156,1.1139516830444336,0.7545176027341246,1.1228533651667076,9,12,18,ML_CTL_59_0009
CTL,59.0,975.0,9.0,18.0,16.105262756347656,312.5,-0.7372773368101242,0.6755902076156601,-1.0,-1.8369701987210297e-16,-10.95681381225586,6.0377197265625,218.7151336669922,4.936736877425574e-05,69.26679229736328,-12.596378326416016,0.25813379883766174,241.3151092529297,0.0003327846061438322,51.53722381591797,-10.564014434814453,-2.394582748413086,269.067138671875,0.004950634203851223,84.0014877319336,-2.694122791290283,-0.03843765705823898,283.64459228515625,0.010590019635856152,93.39263916015625,-0.8529288172721863,1.898679256439209,290.91876220703125,0.011874825693666935,78.98027801513672,3.724224370671436e-05,2.2435759092331864e-05,10.918797492980957,-7.532851219177246,1.1523025035858154,3.724224370671436e-05,4.619092942448333e-05,74.6906967163086,2.4013617038726807,0.6980938508433978,0.8382373458240657,9,13,18,ML_CTL_59_0009
CTL,59.0,976.0,9.0,0.0,16.105262756347656,310.0,-0.7660444431189781,0.6427876096865393,-1.0,-1.8369701987210297e-16,-7.983470439910889,6.081852436065674,218.8054656982422,5.6294498790521175e-05,77.72394561767578,-11.774495124816895,-0.04946482181549072,241.366943359375,0.00029446842381730676,47.96439743041992,-11.670878410339355,-2.1664655208587646,269.06976318359375,0.004222391173243523,70.0455093383789,-4.875123500823975,-1.5088086128234863,283.8153076171875,0.011138077825307846,97.10530090332031,-2.8671963214874268,1.2008216381072998,291.037353515625,0.011696367524564266,77.22306823730469,3.5366701922612265e-05,1.543821781524457e-05,7.0711188316345215,-7.834232330322266,0.7115870714187622,3.5366701922612265e-05,4.906400135951117e-05,80.39407348632812,1.44536292552948,0.6282654939751705,0.5247829322457869,9,14,18,ML_CTL_59_0009
CTL,59.0,977.0,9.0,6.0,16.105262756347656,307.5,-0.7933533402912352,0.6087614290087205,-1.0,-1.8369701987210297e-16,-6.521333694458008,3.076348066329956,218.98583984375,6.24332096776925e-05,83.67349243164062,-11.820425987243652,0.2887958288192749,241.24867248535156,0.00029016038752160966,47.26015853881836,-11.767541885375977,-1.769897222518921,268.91278076171875,0.0035954162012785673,59.85111999511719,-6.294225692749023,-0.6438834071159363,283.4056396484375,0.011240738444030285,100.76946258544922,-3.283932685852051,0.8581005930900574,291.1603698730469,0.011716675013303757,76.7702865600586,3.4482927731005475e-05,1.2108556802559178e-05,3.9244601726531982,-7.937491416931152,0.3618927597999573,3.4482927731005475e-05,4.421668199938722e-05,83.33450317382812,2.751314401626587,0.5869871529577075,0.35152423453907655,9,15,18,ML_CTL_59_0009
CTL,59.0,978.0,9.0,12.0,16.105262756347656,307.5,-0.7933533402912352,0.6087614290087205,-1.0,-1.8369701987210297e-16,-6.186944961547852,2.1282167434692383,220.84703063964844,9.034915274241939e-05,97.5624771118164,-13.171035766601562,0.3585902154445648,241.42623901367188,0.0002597654820419848,41.97748565673828,-11.676980972290039,-2.2245004177093506,269.561767578125,0.0031707703601568937,53.63627243041992,-4.935657024383545,0.5516628623008728,282.9661865234375,0.010760519653558731,99.30213928222656,-1.6591112613677979,2.8284244537353516,290.4893798828125,0.012029817327857018,82.238525390625,3.460213338257745e-05,1.7510679754195735e-05,4.581655979156494,-7.525946140289307,0.7284787893295288,3.460213338257745e-05,4.534367690212093e-05,84.00100708007812,2.0741281509399414,0.5877722360345439,0.35476349741819546,9,16,18,ML_CTL_59_0009
CTL,59.0,979.0,9.0,18.0,18.0,307.5,-0.7933533402912352,0.6087614290087205,-1.0,-1.8369701987210297e-16,-3.430654287338257,0.73261559009552,219.6356964111328,4.572147372527979e-05,58.703857421875,-6.61482048034668,-1.9791769981384277,241.98114013671875,0.00011246222129557282,15.95335578918457,-13.315281867980957,-2.195816993713379,269.3539733886719,0.002033055992797017,33.55703353881836,-10.660200119018555,0.9167604446411133,283.83984375,0.008535490371286869,74.23930358886719,-7.3132805824279785,3.0228545665740967,290.6068420410156,0.011975258588790894,81.2120361328125,3.559746983228251e-05,3.0540177249349654e-06,4.5077691078186035,-8.266847610473633,0.09944729506969452,3.559746983228251e-05,4.6348646719707176e-05,76.9176025390625,1.45272696018219,0.7019120604965716,0.8564195842539217,9,17,18,ML_CTL_59_0009
CTL,59.0,980.0,9.0,0.0,18.0,305.0,-0.8191520442889918,0.573576436351046,-1.0,-1.8369701987210297e-16,-3.5815250873565674,3.529118061065674,220.5059051513672,7.232430652948096e-05,79.8997573852539,-5.4371442794799805,-1.6081597805023193,242.10353088378906,0.00015919328143354505,23.101131439208984,-13.677363395690918,-2.3803539276123047,268.9390563964844,0.0017995474627241492,31.063785552978516,-11.447195053100586,-0.22500817477703094,283.8149108886719,0.009692211635410786,84.44953155517578,-8.668099403381348,2.088552951812744,290.7255859375,0.01234742347151041,83.12824249267578,3.420753637328744e-05,3.496954150250531e-06,5.286631107330322,-8.562265396118164,0.2808298170566559,3.420753637328744e-05,4.4065855036024004e-05,78.82117462158203,3.393742322921753,0.6434844391408271,0.5905199572688664,9,18,18,ML_CTL_59_0009
CTL,59.0,969.0,8.0,6.0,35.05263137817383,287.5,-0.9537169507482268,0.30070579950427345,-0.8660254037844385,-0.5000000000000004,7.174103736877441,-3.9539120197296143,220.14942932128906,2.5521585484966636e-05,27.443313598632812,6.818625450134277,-4.109912872314453,240.39932250976562,0.00016571521700825542,26.836618423461914,4.03036642074585,-3.789930582046509,267.8526611328125,0.0019712140783667564,35.13201141357422,-1.1303738355636597,-4.18070650100708,284.12701416015625,0.010947132483124733,93.39530944824219,-1.3115627765655518,-1.7456779479980469,291.3008117675781,0.012179953046143055,79.15380096435547,3.9385635318467394e-05,1.7227713442480308e-06,8.768285751342773,3.11623215675354,-3.556027889251709,3.9385635318467394e-05,3.147016468574293e-05,73.74674987792969,6.2198567390441895,0.8355637627879868,1.6255837827144606,10,1,9,ML_CTL_59_0010
CTL,59.0,970.0,8.0,12.0,35.05263137817383,290.0,-0.9396926207859083,0.342020143325669,-0.8660254037844385,-0.5000000000000004,5.204281806945801,7.773728847503662,220.39093017578125,9.012001828523353e-05,99.80574798583984,6.213309288024902,1.428446650505066,240.74188232421875,0.000355839089024812,61.07269287109375,3.3627161979675293,-4.069924831390381,267.9424743652344,0.001719765830785036,31.747392654418945,-0.03376978635787964,-3.401881694793701,283.200439453125,0.010048684664070606,91.201416015625,0.6048902273178101,0.08349420875310898,290.2025146484375,0.012643126770853996,88.15998840332031,4.1274757677456364e-05,1.6055813830462284e-05,8.960698127746582,3.0702855587005615,0.36277255415916443,4.1274757677456364e-05,3.8050333387218416e-05,76.26325988769531,4.064126968383789,0.7993949336459907,1.382516977350408,10,2,9,ML_CTL_59_0010
CTL,59.0,971.0,8.0,18.0,35.05263137817383,290.0,-0.9396926207859083,0.342020143325669,-0.8660254037844385,-0.5000000000000004,5.049258232116699,9.444747924804688,219.82769775390625,8.362280641449615e-05,99.25880432128906,5.740274429321289,1.0399236679077148,240.70040893554688,0.0003214439784642309,56.650978088378906,3.1816022396087646,-4.392336845397949,267.9553527832031,0.0011616257252171636,22.671112060546875,-0.4713789224624634,-3.4763875007629395,283.518798828125,0.009718414396047592,86.25990295410156,0.8740745782852173,-0.057852085679769516,290.30419921875,0.012492458336055279,86.53692626953125,4.377682489575818e-05,1.8717477360041812e-05,10.37938117980957,2.8747661113739014,0.5116190314292908,4.377682489575818e-05,4.204560173093341e-05,75.11807250976562,2.9721086025238037,0.8365362132287559,1.6326783326894985,10,3,9,ML_CTL_59_0010
CTL,59.0,972.0,9.0,0.0,35.05263137817383,290.0,-0.9396926207859083,0.342020143325669,-1.0,-1.8369701987210297e-16,5.558961391448975,8.425809860229492,218.9170379638672,5.1814247854053974e-05,67.34393310546875,4.840292453765869,0.7938374280929565,240.50376892089844,0.0002277734747622162,42.42359161376953,2.1874942779541016,-3.6572628021240234,268.5896301269531,0.001317997695878148,24.344417572021484,-0.40155941247940063,-3.150556802749634,283.62298583984375,0.009190660901367664,80.932373046875,1.2001749277114868,-0.36321449279785156,290.2663269042969,0.012272597290575504,85.21619415283203,4.3587420805124566e-05,1.732520104269497e-05,9.810503005981445,2.677072763442993,0.4097226560115814,4.3587420805124566e-05,3.9536778785986826e-05,74.94506072998047,2.3984122276306152,0.9299726795335627,2.586269750587384,10,4,9,ML_CTL_59_0010
CTL,59.0,973.0,9.0,6.0,36.94736862182617,295.0,-0.9063077870366498,0.4226182617406996,-1.0,-1.8369701987210297e-16,10.820609092712402,10.491724014282227,219.4835968017578,6.16515171714127e-05,77.8755874633789,6.956347942352295,7.8836541175842285,240.88504028320312,0.0006813486688770354,98.733154296875,1.488101840019226,2.0707907676696777,268.0223693847656,0.005189541727304459,99.86105346679688,0.17137138545513153,2.406311511993408,282.8661193847656,0.010522045195102692,97.71070861816406,0.1529650241136551,2.49977707862854,288.60888671875,0.01175642292946577,90.86534118652344,4.523268580669537e-05,3.173990626237355e-05,13.329285621643066,3.917879104614258,5.070451259613037,4.523268580669537e-05,3.173990626237355e-05,75.27333068847656,3.0484137535095215,0.6940867038969706,0.8192951705386098,10,5,9,ML_CTL_59_0010
CTL,59.0,974.0,9.0,12.0,36.94736862182617,295.0,-0.9063077870366498,0.4226182617406996,-1.0,-1.8369701987210297e-16,10.996569633483887,10.245258331298828,219.40777587890625,5.858420627191663e-05,74.83759307861328,7.787915229797363,7.151790618896484,240.52743530273438,0.0005744845839217305,86.27935791015625,2.9390878677368164,2.827252149581909,268.1240539550781,0.005152005702257156,98.04885864257812,1.7621105909347534,3.185755968093872,283.1687927246094,0.010604956187307835,96.49662780761719,1.6053003072738647,3.163600444793701,289.0262145996094,0.011746486648917198,88.40322875976562,4.9575523007661104e-05,2.3703561964794062e-05,11.76205062866211,5.0181965827941895,5.314731597900391,4.9575523007661104e-05,2.512842729629483e-05,74.62335205078125,2.1796348094940186,0.7368416829402885,1.0296172392029126,10,6,9,ML_CTL_59_0010
CTL,59.0,975.0,9.0,18.0,36.94736862182617,295.0,-0.9063077870366498,0.4226182617406996,-1.0,-1.8369701987210297e-16,12.363579750061035,9.1665678024292,219.44277954101562,6.36707482044585e-05,81.16204071044922,8.157171249389648,5.640085697174072,240.4423370361328,0.0005142129375599325,80.1632080078125,4.225062370300293,2.2814204692840576,268.3304138183594,0.005040991120040417,93.66707611083984,4.043725490570068,2.3068885803222656,283.384765625,0.010694454424083233,95.88477325439453,3.8824150562286377,3.0650546550750732,289.54962158203125,0.011793956160545349,85.7715835571289,4.804525451618247e-05,2.020206920860801e-05,10.44789981842041,6.534390926361084,4.492003440856934,4.804525451618247e-05,2.4212715288740583e-05,71.07251739501953,0.3548029065132141,0.6838266047579228,0.7714136014535091,10,7,9,ML_CTL_59_0010
CTL,59.0,976.0,9.0,0.0,36.94736862182617,295.0,-0.9063077870366498,0.4226182617406996,-1.0,-1.8369701987210297e-16,11.47697925567627,4.68612813949585,219.5813446044922,6.0173078963998705e-05,75.56043243408203,7.927191257476807,3.8696022033691406,240.11500549316406,0.0004268420743755996,69.02865600585938,4.399824619293213,2.073251485824585,267.9952087402344,0.004550989251583815,85.50391387939453,4.491796970367432,0.7277216911315918,283.3073425292969,0.010731352493166924,96.70407104492188,4.517561435699463,1.3741531372070312,289.8368225097656,0.011803831905126572,84.24994659423828,4.506456753006205e-05,1.7640035366639495e-05,7.707313060760498,6.562670707702637,2.5461716651916504,4.506456753006205e-05,1.804769635782577e-05,70.25778198242188,0.6885839700698853,0.7404195683541391,1.0481504066649379,10,8,9,ML_CTL_59_0010
CTL,59.0,977.0,9.0,6.0,36.94736862182617,295.0,-0.9063077870366498,0.4226182617406996,-1.0,-1.8369701987210297e-16,8.9374361038208,5.235340595245361,219.40049743652344,6.368241884047166e-05,80.7452392578125,8.036761283874512,2.579552412033081,240.06590270996094,0.000334615760948509,57.03305435180664,5.475377559661865,0.8776625990867615,267.5986328125,0.0035300147719681263,67.59669494628906,4.627713680267334,-1.0063871145248413,282.9768981933594,0.010462191887199879,96.4043960571289,3.850964307785034,-1.0325193405151367,289.8862609863281,0.011829003691673279,84.14682006835938,4.077718767803162e-05,1.6116824554046616e-05,8.072066307067871,6.185650825500488,1.3307297229766846,4.077718767803162e-05,1.6116824554046616e-05,68.37472534179688,1.7808611392974854,0.762352354609377,1.1656197613092383,10,9,9,ML_CTL_59_0010
CTL,59.0,1020.0,9.0,0.0,16.105262756347656,342.5,-0.300705799504273,0.9537169507482269,-1.0,-1.8369701987210297e-16,-7.621819019317627,4.381558418273926,221.70379638671875,0.00010691368515836075,100.11727905273438,-9.57114028930664,0.5919356346130371,246.61192321777344,0.0013847644440829754,114.29622650146484,-8.675483703613281,0.1168142631649971,269.7173767089844,0.005070119630545378,86.99119567871094,-8.13230037689209,1.9169414043426514,281.20697021484375,0.009428109973669052,97.87687683105469,-9.444437980651855,1.1077179908752441,291.8985900878906,0.015009371563792229,94.00941467285156,0.00010753744572866708,0.00011254469427512959,3.746994972229004,-8.68903636932373,1.6229934692382812,0.00010753744572866708,0.00011254469427512959,83.13412475585938,3.746994972229004,0.6919540136133846,0.8092704208150399,11,1,21,ML_CTL_59_0011
CTL,59.0,1021.0,9.0,6.0,16.105262756347656,342.5,-0.300705799504273,0.9537169507482269,-1.0,-1.8369701987210297e-16,-3.391688585281372,4.784524917602539,221.97451782226562,0.0001111344899982214,100.15296173095703,-3.781097173690796,1.6762428283691406,246.601318359375,0.0014389422722160816,120.86243438720703,-3.7380292415618896,5.503114700317383,269.32305908203125,0.005168060306459665,91.08250427246094,-5.290945529937744,7.448624610900879,281.2215576171875,0.009257041849195957,96.02752685546875,-6.219112873077393,6.884621620178223,291.2588195800781,0.014908095821738243,97.159423828125,0.00011643269681371748,0.00011839502985822037,3.522035598754883,-4.484174728393555,5.259425163269043,0.00011643269681371748,0.00011839502985822037,85.36170196533203,3.522035598754883,0.6112866172644267,0.45272367780289047,11,2,21,ML_CTL_59_0011
CTL,59.0,1022.0,9.0,12.0,16.105262756347656,340.0,-0.3420201433256686,0.9396926207859084,-1.0,-1.8369701987210297e-16,-7.157195091247559,3.7547922134399414,221.52908325195312,0.0001040340939653106,99.89444732666016,-5.3149309158325195,-8.059133529663086,244.63731384277344,0.0010145938722416759,103.51982116699219,-3.7266788482666016,-6.852112770080566,270.81256103515625,0.006340596359223127,98.60938262939453,-2.3345022201538086,-2.0100748538970947,282.2524108886719,0.00883257482200861,85.26799774169922,-3.912076473236084,-2.591353178024292,291.9745788574219,0.014256587252020836,88.78536987304688,0.00011762041685869917,0.00011094284855062142,7.1277174949646,-4.489076614379883,-3.151576519012451,0.00011762041685869917,0.00011206209455849603,82.21965026855469,7.1277174949646,0.7884347134725586,1.3155159703907078,11,3,21,ML_CTL_59_0011
CTL,59.0,1023.0,9.0,18.0,16.105262756347656,340.0,-0.3420201433256686,0.9396926207859084,-1.0,-1.8369701987210297e-16,-7.421835422515869,1.6919797658920288,222.0690155029297,0.00011012535105692223,99.64002990722656,-2.5027713775634766,-7.84134578704834,244.06581115722656,0.0009155317675322294,99.5634994506836,2.1768617630004883,-4.448638439178467,271.33563232421875,0.006695359479635954,99.69422149658203,2.9885764122009277,0.2492055743932724,282.3395080566406,0.00912046805024147,87.55215454101562,1.7494401931762695,0.22974687814712524,291.7893371582031,0.014456395991146564,91.07762145996094,0.00012279185466468334,0.00010676891542971134,9.287111282348633,-0.6019455790519714,-2.023810386657715,0.00012279185466468334,0.00010676891542971134,81.78407287597656,8.75267505645752,0.7560311198828485,1.1310418625427832,11,4,21,ML_CTL_59_0011
CTL,59.0,1024.0,9.0,0.0,16.105262756347656,340.0,-0.3420201433256686,0.9396926207859084,-1.0,-1.8369701987210297e-16,-6.06984806060791,0.31107112765312195,221.1837615966797,9.958659939002246e-05,100.94429016113281,-0.037921302020549774,-3.742945671081543,243.6754913330078,0.0009189572301693261,102.8313980102539,7.780632972717285,-1.1547307968139648,271.35125732421875,0.006726694293320179,99.7503662109375,6.99563455581665,3.7528083324432373,282.41802978515625,0.00920224841684103,87.94828796386719,5.649300575256348,1.8607861995697021,291.6357116699219,0.01412485633045435,89.8459243774414,0.000119821670523379,9.265281551051885e-05,11.82116985321045,2.8635597229003906,0.20539788901805878,0.000119821670523379,0.0001026811296469532,80.84138488769531,9.251423835754395,0.6886265877649778,0.7937062871293084,11,5,21,ML_CTL_59_0011
CTL,59.0,1025.0,9.0,6.0,18.0,340.0,-0.3420201433256686,0.9396926207859084,-1.0,-1.8369701987210297e-16,-3.1547794342041016,2.450575590133667,221.75979614257812,6.581206253031269e-05,63.429054260253906,-0.1419091522693634,0.37255218625068665,244.2953643798828,0.0004979819641448557,47.5674934387207,2.2449676990509033,0.49871009588241577,271.4984436035156,0.006731618661433458,98.76543426513672,-3.718201160430908,5.9604573249816895,282.449951171875,0.009286253713071346,88.58574676513672,-8.364028930664062,2.9352707862854004,291.9347839355469,0.014127027243375778,88.2074966430664,0.00011439928493928164,0.00010133503383258358,5.231750011444092,-2.6267902851104736,2.4435131549835205,0.00011439928493928164,0.00010133503383258358,81.44976806640625,5.231750011444092,0.9281953105750691,2.5592923883771546,11,6,21,ML_CTL_59_0011
CTL,59.0,1026.0,9.0,12.0,18.0,340.0,-0.3420201433256686,0.9396926207859084,-1.0,-1.8369701987210297e-16,-4.441320896148682,3.60560941696167,221.68487548828125,5.9819147281814367e-05,58.60462188720703,2.2148375511169434,3.570688486099243,244.16311645507812,0.0008683486958034337,91.30347442626953,9.037561416625977,4.3695502281188965,271.7056579589844,0.006592793855816126,93.15887451171875,4.050282955169678,9.559508323669434,282.7579345703125,0.00924723595380783,86.48861694335938,-1.4693419933319092,9.205748558044434,291.53570556640625,0.013950018212199211,89.30741882324219,0.00011302837083349004,8.575226820539683e-05,6.339890956878662,1.878403663635254,6.062221527099609,0.00011302837083349004,0.00010710884089348838,80.02729797363281,6.339890956878662,0.8519670952889203,1.7501133273490392,11,7,21,ML_CTL_59_0011
CTL,59.0,1027.0,9.0,18.0,18.0,337.5,-0.38268343236508956,0.9238795325112868,-1.0,-1.8369701987210297e-16,2.809582233428955,3.917233943939209,221.7332305908203,4.352910036686808e-05,41.61757278442383,5.249989032745361,5.7660908699035645,245.81027221679688,4.87387842440512e-05,5.497567653656006,7.815858840942383,-3.7105941772460938,271.62652587890625,0.0034671714529395103,48.399959564208984,3.2530674934387207,-3.840049982070923,283.832763671875,0.008241325616836548,71.585205078125,-1.3022055625915527,-2.7324352264404297,291.7347412109375,0.013699360191822052,86.58063507080078,0.00010440530604682863,5.634187982650474e-05,7.818241596221924,3.565258502960205,-0.11995091289281845,0.00010440530604682863,0.00010323529568267986,77.37741088867188,7.818241596221924,0.9423875633468085,2.794678157508399,11,8,21,ML_CTL_59_0011
CTL,59.0,1028.0,9.0,0.0,19.894737243652344,337.5,-0.38268343236508956,0.9238795325112868,-1.0,-1.8369701987210297e-16,6.968790531158447,7.059757709503174,221.79571533203125,2.973273331008386e-05,28.829153060913086,6.116698741912842,7.202861309051514,245.69276428222656,3.360273331054486e-05,3.515463352203369,1.6138139963150024,-4.650947570800781,270.8327941894531,0.005004966631531715,73.48152923583984,-4.439366340637207,-5.081179141998291,282.89093017578125,0.008340682834386826,77.24697875976562,-8.342769622802734,-3.926880121231079,291.417236328125,0.013224700465798378,85.3288345336914,9.726310963742435e-05,6.681880040559918e-05,18.845426559448242,0.3834335207939148,0.12072243541479111,9.726310963742435e-05,9.401191346114501e-05,80.18701171875,5.684642314910889,0.9071486344495734,2.2793063167461622,11,9,21,ML_CTL_59_0011
CTL,59.0,1029.0,9.0,6.0,19.894737243652344,337.5,-0.38268343236508956,0.9238795325112868,-1.0,-1.8369701987210297e-16,7.438364505767822,7.820102214813232,221.39816284179688,3.463105531409383e-05,34.641021728515625,8.051419258117676,8.042725563049316,245.41355895996094,3.207730333087966e-05,3.4381935596466064,2.8703343868255615,-1.4313583374023438,270.7962341308594,0.003972345497459173,56.73421096801758,-0.30268871784210205,-2.3449251651763916,284.23638916015625,0.00858637411147356,72.6562728881836,-3.6063756942749023,-2.9597344398498535,291.175048828125,0.013218848034739494,86.57139587402344,9.811411291593686e-05,5.867269646842033e-05,15.433443069458008,2.8902108669281006,1.825361967086792,9.811411291593686e-05,7.5943986303173e-05,80.94801330566406,4.529001712799072,0.9466506035448008,2.8760674095026566,11,10,21,ML_CTL_59_0011
CTL,59.0,1030.0,9.0,12.0,19.894737243652344,337.5,-0.38268343236508956,0.9238795325112868,-1.0,-1.8369701987210297e-16,7.610650539398193,9.061567306518555,221.29541015625,3.7283443816704676e-05,37.2354850769043,9.880382537841797,9.641233444213867,245.240234375,4.308766438043676e-05,4.719967365264893,4.294932842254639,1.8370962142944336,271.1440734863281,0.002967263339087367,39.797611236572266,2.7685301303863525,0.052644286304712296,285.129150390625,0.00965159386396408,77.05980682373047,-1.0432690382003784,-1.0291085243225098,291.575927734375,0.013154087588191032,83.98492431640625,9.15591954253614e-05,4.750250081997365e-05,13.29330825805664,4.702245712280273,3.912686824798584,9.15591954253614e-05,6.703744293190539e-05,79.38329315185547,3.833650588989258,0.940044023648229,2.7523161423938425,11,11,21,ML_CTL_59_0011
CTL,59.0,1031.0,9.0,18.0,19.894737243652344,337.5,-0.38268343236508956,0.9238795325112868,-1.0,-1.8369701987210297e-16,6.315492630004883,10.5591402053833,221.02635192871094,3.647151970653795e-05,37.93259048461914,10.466567039489746,9.676701545715332,244.89639282226562,6.616386963287368e-05,7.7700371742248535,5.335814476013184,1.6369149684906006,271.13360595703125,0.001920667476952076,25.45625114440918,3.379772424697876,-0.07361661642789841,285.7422790527344,0.009769651107490063,74.9216537475586,0.6212193369865417,-0.1402285099029541,291.852783203125,0.012884429655969143,80.8070068359375,8.191746019292623e-05,3.6476540117291734e-05,12.120282173156738,5.223773002624512,4.331782341003418,8.191746019292623e-05,5.467367373057641e-05,78.51741027832031,1.3458293676376343,0.9177039654011819,2.411551936589026,11,12,21,ML_CTL_59_0011
CTL,59.0,1032.0,9.0,0.0,19.894737243652344,337.5,-0.38268343236508956,0.9238795325112868,-1.0,-1.8369701987210297e-16,3.395807981491089,11.917513847351074,220.51748657226562,3.71268906746991e-05,41.66840362548828,9.379255294799805,8.541952133178711,244.4317626953125,8.359376079170033e-05,10.06525993347168,3.759960651397705,0.9451920986175537,270.6501770019531,0.0013956676702946424,19.515169143676758,2.360466241836548,1.0439705848693848,285.78070068359375,0.009715121239423752,74.29557800292969,1.8850146532058716,1.4069305658340454,291.7648620605469,0.012567157857120037,79.2626724243164,7.205222937045619e-05,3.0053528462303802e-05,10.618608474731445,4.156101226806641,4.771111488342285,7.205222937045619e-05,3.949610982090235e-05,78.35040283203125,2.0744729042053223,0.8901982059619395,2.0927672731731057,11,13,21,ML_CTL_59_0011
CTL,59.0,1033.0,9.0,6.0,21.789474487304688,337.5,-0.38268343236508956,0.9238795325112868,-1.0,-1.8369701987210297e-16,10.38171672821045,11.810385704040527,220.04881286621094,4.017226456198841e-05,48.322540283203125,9.848516464233398,5.698611259460449,244.1884765625,4.106347114429809e-05,5.085877418518066,-1.2201708555221558,0.1422746628522873,269.7018737792969,0.0027141873724758625,41.385459899902344,-2.4344754219055176,0.8142454028129578,284.8594970703125,0.01173887588083744,95.60359191894531,-4.189561367034912,0.49852678179740906,291.4416198730469,0.012975514866411686,83.53404998779297,6.468238279921934e-05,2.8855476557509974e-05,18.446687698364258,2.4772047996520996,3.792809009552002,6.468238279921934e-05,3.105548967141658e-05,76.75505828857422,4.057036876678467,0.8432093917512644,1.6823041062004145,11,14,21,ML_CTL_59_0011
CTL,59.0,1034.0,9.0,12.0,21.789474487304688,337.5,-0.38268343236508956,0.9238795325112868,-1.0,-1.8369701987210297e-16,8.542715072631836,10.62934684753418,219.7827911376953,4.70920313091483e-05,58.611839294433594,9.190860748291016,5.49749231338501,243.90072631835938,5.0546434067655355e-05,6.290231704711914,-0.862761914730072,3.210447072982788,270.1503601074219,0.001890737097710371,27.741668701171875,-2.1089558601379395,3.64308762550354,285.46466064453125,0.011214466765522957,87.67102813720703,-4.136801242828369,2.079047679901123,291.87548828125,0.012585197575390339,78.81111907958984,5.7571567595005035e-05,2.6804773369804025e-05,15.293061256408691,2.125011444091797,5.0118842124938965,5.7571567595005035e-05,2.6804773369804025e-05,74.87171173095703,4.893328666687012,0.8109555038774583,1.4562307702907766,11,15,21,ML_CTL_59_0011
CTL,59.0,1035.0,9.0,18.0,21.789474487304688,337.5,-0.38268343236508956,0.9238795325112868,-1.0,-1.8369701987210297e-16,6.173043251037598,8.740801811218262,219.72206115722656,5.0549009756650776e-05,62.66362380981445,8.059768676757812,4.277606964111328,243.75469970703125,6.77793359500356e-05,8.334127426147461,-0.03187954053282738,4.18471097946167,270.392578125,0.0011641449527814984,16.962562561035156,-1.9360469579696655,4.531852722167969,285.6145324707031,0.01019975170493126,78.80693817138672,-4.106674671173096,3.6901333332061768,291.9046630859375,0.012389255687594414,77.47565460205078,5.1755556341959164e-05,2.080544800264761e-05,11.453465461730957,1.6316421031951904,5.085021018981934,5.1755556341959164e-05,2.080544800264761e-05,76.02552795410156,4.637897968292236,0.7629771863118087,1.1690717340627859,11,16,21,ML_CTL_59_0011
CTL,59.0,1036.0,9.0,0.0,21.789474487304688,335.0,-0.4226182617406992,0.90630778703665,-1.0,-1.8369701987210297e-16,4.526572227478027,8.55354118347168,219.56271362304688,4.27633713115938e-05,52.864418029785156,7.0364274978637695,4.045695781707764,243.39996337890625,8.51419972605072e-05,12.666406631469727,-1.8643349409103394,0.9329072833061218,270.6134948730469,0.0005852640024386346,8.489800453186035,-3.9463584423065186,-1.0121062994003296,284.607421875,0.010967722162604332,90.6954116821289,-5.211397647857666,-2.490030288696289,291.5318298339844,0.012982220388948917,83.13063049316406,4.6936635044403374e-05,9.337746632809285e-06,14.723740577697754,0.1081816703081131,2.0060017108917236,4.6936635044403374e-05,1.4812755580351222e-05,69.36902618408203,2.649200916290283,0.7181179271385333,0.9351449973536057,11,17,21,ML_CTL_59_0011
CTL,59.0,1037.0,9.0,6.0,21.789474487304688,335.0,-0.4226182617406992,0.90630778703665,-1.0,-1.8369701987210297e-16,2.6972925662994385,7.480279922485352,219.20260620117188,5.389814032241702e-05,70.26077270507812,4.500851154327393,3.929166793823242,242.8905792236328,0.00010988008580170572,17.25710678100586,-2.5672006607055664,1.776377558708191,270.3623352050781,0.00045487156603485346,6.813319683074951,-4.119384288787842,1.4065666198730469,284.3902587890625,0.010083588771522045,84.53104400634766,-4.8003387451171875,0.22238454222679138,291.5744323730469,0.012651875615119934,80.80768585205078,4.403145067044534e-05,1.3274636330606882e-05,10.435110092163086,-0.8577559590339661,2.9629549980163574,4.403145067044534e-05,1.3572032912634313e-05,69.92973327636719,3.681452751159668,0.6807250746817125,0.7571059499153494,11,18,21,ML_CTL_59_0011
CTL,59.0,1038.0,9.0,12.0,21.789474487304688,335.0,-0.4226182617406992,0.90630778703665,-1.0,-1.8369701987210297e-16,0.7619973421096802,8.228302955627441,219.462158203125,5.29308344994206e-05,66.77977752685547,2.0934324264526367,4.281882286071777,242.6460723876953,0.00014502106932923198,21.638742446899414,-2.5866470336914062,3.771728515625,270.8307800292969,0.0003239358775317669,4.8105645179748535,-4.041515827178955,4.442697048187256,284.8102722167969,0.008413400501012802,68.47221374511719,-4.461895942687988,3.297471761703491,291.73687744140625,0.012490076012909412,79.00057220458984,3.900014780811034e-05,1.3166177268431056e-05,7.183464050292969,-1.646925687789917,4.804416656494141,3.900014780811034e-05,1.3166177268431056e-05,68.34571838378906,4.819129467010498,0.6594208915908447,0.6607145841289666,11,19,21,ML_CTL_59_0011
CTL,59.0,1039.0,9.0,18.0,21.789474487304688,332.5,-0.46174861323503363,0.8870108331782218,-1.0,-1.8369701987210297e-16,-0.5359629392623901,10.545716285705566,219.43960571289062,4.100496880710125e-05,51.07521438598633,0.08542639017105103,6.525122165679932,242.3267364501953,0.00020729658717755228,28.785568237304688,-2.697704553604126,2.1575005054473877,270.89239501953125,0.0003662989183794707,5.542793273925781,-3.742309331893921,1.1627306938171387,284.4342956542969,0.00852944701910019,71.18045043945312,-4.1234588623046875,-0.5774199962615967,291.6768493652344,0.012982148677110672,82.41292572021484,3.604161975090392e-05,4.9462455535831396e-06,11.687355995178223,-2.2028019428253174,3.9627304077148438,3.604161975090392e-05,1.3145061529939994e-05,57.77396011352539,3.8700098991394043,0.6921593549677452,0.8102339480279876,11,20,21,ML_CTL_59_0011
CTL,59.0,1040.0,9.0,0.0,21.789474487304688,332.5,-0.46174861323503363,0.8870108331782218,-1.0,-1.8369701987210297e-16,-1.0971649885177612,10.422404289245605,219.0328826904297,5.072982457932085e-05,67.81493377685547,-2.070281982421875,6.2482171058654785,241.87777709960938,0.000246904935920611,33.78951644897461,-3.1106841564178467,3.3660786151885986,271.0762634277344,0.00038360877078957856,5.77848482131958,-4.1779913902282715,2.473600387573242,283.9401550292969,0.006789409089833498,58.49760055541992,-4.252262115478516,1.91366708278656,291.7232666015625,0.012706688605248928,80.44161987304688,3.256182390032336e-05,4.142994839639869e-06,9.074869155883789,-2.9416770935058594,4.884793758392334,3.256182390032336e-05,1.016363239614293e-05,56.418270111083984,3.9113619327545166,0.6371099374274194,0.5628422964418094,11,21,21,ML_CTL_59_0011
CTL,59.0,1020.0,9.0,0.0,29.36842155456543,302.5,-0.8433914458128857,0.5372996083468239,-1.0,-1.8369701987210297e-16,7.139159679412842,12.687641143798828,216.72247314453125,3.316788570373319e-05,58.44446563720703,0.8688995838165283,7.103231906890869,239.09072875976562,0.000545813178177923,97.7923812866211,-4.905459403991699,2.4072577953338623,265.2508544921875,0.003451727796345949,80.12469482421875,-6.917387962341309,0.6554793119430542,279.7021484375,0.006954715587198734,80.16324615478516,-7.367218017578125,0.6167153716087341,288.2717590332031,0.009487379342317581,74.77645111083984,2.360992402827833e-05,4.554814950097352e-05,18.87173080444336,-2.236401081085205,4.694064617156982,2.360992402827833e-05,4.781691313837655e-05,61.1419677734375,3.386197328567505,0.6122289976176108,0.45669142629724435,12,1,8,ML_CTL_59_0012
CTL,59.0,1021.0,9.0,6.0,29.36842155456543,300.0,-0.8660254037844386,0.5000000000000001,-1.0,-1.8369701987210297e-16,1.0533475875854492,7.653349876403809,215.83241271972656,3.767862290260382e-05,75.0738754272461,-3.6845500469207764,3.196254014968872,238.8823699951172,0.0005573899834416807,101.10455322265625,-7.150727272033691,0.46658003330230713,264.9302673339844,0.0029842040967196226,71.85186004638672,-7.563754558563232,-0.8200852870941162,279.8524169921875,0.006835611071437597,77.9587173461914,-7.255825519561768,0.20225782692432404,288.0950927734375,0.00973852351307869,77.57551574707031,2.4784330889815465e-05,4.737258132081479e-05,11.160696029663086,-4.920301914215088,2.1396713256835938,2.4784330889815465e-05,4.839006214751862e-05,60.06415939331055,1.9551838636398315,0.6661832280805781,0.6909724945605249,12,2,8,ML_CTL_59_0012
CTL,59.0,1022.0,9.0,12.0,29.36842155456543,300.0,-0.8660254037844386,0.5000000000000001,-1.0,-1.8369701987210297e-16,1.0563750267028809,9.544862747192383,216.47869873046875,3.3210573747055605e-05,60.82561492919922,-3.1127233505249023,5.23611307144165,238.05943298339844,0.00047157856170088053,94.10807037353516,-4.260810852050781,4.296060085296631,265.0980529785156,0.0038774653803557158,90.33020782470703,-5.686026096343994,1.9796741008758545,280.3044128417969,0.006562859285622835,72.5589828491211,-5.636014938354492,2.0596044063568115,288.5096435546875,0.009465381503105164,73.4618148803711,2.5920346161001362e-05,4.4909535063197836e-05,10.040775299072266,-3.5278401374816895,4.623262882232666,2.5920346161001362e-05,4.846408046432771e-05,60.05247116088867,1.6652909517288208,0.6797893068593884,0.7528037121076738,12,3,8,ML_CTL_59_0012
CTL,59.0,1023.0,9.0,18.0,29.36842155456543,297.5,-0.8870108331782216,0.4617486132350341,-1.0,-1.8369701987210297e-16,-4.216856479644775,3.0170233249664307,215.77450561523438,3.989907054346986e-05,81.17438507080078,-6.878223419189453,0.29196393489837646,239.06187438964844,0.0005193838733248413,93.7947006225586,-5.769061088562012,1.185604214668274,265.21197509765625,0.0036019172985106707,83.04444885253906,-5.581183910369873,0.03667286038398743,280.91876220703125,0.006498225964605808,68.86900329589844,-5.087531566619873,0.7737899422645569,288.701171875,0.00942917075008154,72.21047973632812,2.600768675620202e-05,4.513686508289538e-05,2.4062774181365967,-5.506571292877197,1.0610108375549316,2.600768675620202e-05,4.513686508289538e-05,54.3078498840332,1.8792002201080322,0.7197316644028241,0.9431309685433618,12,4,8,ML_CTL_59_0012
CTL,59.0,1024.0,9.0,0.0,29.36842155456543,297.5,-0.8870108331782216,0.4617486132350341,-1.0,-1.8369701987210297e-16,-2.818237066268921,5.7536163330078125,216.9271240234375,2.7463107471703552e-05,47.93739700317383,-5.807569980621338,3.5239381790161133,238.38363647460938,0.0003510272945277393,68.16514587402344,-4.010461807250977,3.9568240642547607,264.9933776855469,0.003207641886547208,72.6306381225586,-3.8112714290618896,2.8173775672912598,281.170166015625,0.0062844520434737206,65.47587585449219,-3.8807783126831055,2.109830856323242,288.686767578125,0.009509192779660225,72.87361907958984,2.4935998226283118e-05,3.769143222598359e-05,3.7955455780029297,-4.065663814544678,3.632317304611206,2.4935998226283118e-05,4.1514329495839775e-05,55.6052131652832,1.2859374284744263,0.8294929454677317,1.5820379336111863,12,5,8,ML_CTL_59_0012
CTL,59.0,1025.0,9.0,6.0,29.36842155456543,295.0,-0.9063077870366498,0.4226182617406996,-1.0,-1.8369701987210297e-16,-9.28105354309082,-2.6532859802246094,217.1116943359375,2.3718788725091144e-05,40.722755432128906,-7.884349822998047,-2.0852842330932617,237.8022918701172,0.00028792908415198326,57.77094650268555,-5.374055862426758,-0.4099757969379425,264.7068176269531,0.0031313642393797636,72.66663360595703,-4.497267723083496,0.41277459263801575,281.3085632324219,0.0062959701754152775,64.94055938720703,-4.422744274139404,0.9539481997489929,288.85986328125,0.009421088732779026,71.4015884399414,2.0763633074238896e-05,3.758310413104482e-05,6.051058292388916,-6.291894435882568,-0.7563647031784058,2.0763633074238896e-05,4.015239028376527e-05,50.3520393371582,1.5193935632705688,0.8126861974574735,1.4675597551508321,12,6,8,ML_CTL_59_0012
CTL,59.0,1026.0,9.0,12.0,29.36842155456543,295.0,-0.9063077870366498,0.4226182617406996,-1.0,-1.8369701987210297e-16,-4.093924522399902,4.04954719543457,217.6067657470703,2.217422479589004e-05,35.79193878173828,-5.673321723937988,1.3809890747070312,237.65711975097656,0.00022576858464162797,45.53150939941406,-4.344674587249756,2.7036848068237305,264.6271057128906,0.0026564630679786205,61.655029296875,-2.8931260108947754,3.7601046562194824,281.43914794921875,0.006682683248072863,68.238037109375,-2.821385145187378,3.774298667907715,288.9971923828125,0.009480254724621773,71.21966552734375,1.7425121768610552e-05,3.6936558899469674e-05,1.3019670248031616,-3.9652862548828125,3.1337246894836426,1.7425121768610552e-05,3.6936558899469674e-05,52.12705993652344,1.3019670248031616,0.7534623726572074,1.1171644518129256,12,7,8,ML_CTL_59_0012
CTL,59.0,1027.0,9.0,18.0,31.263158798217773,295.0,-0.9063077870366498,0.4226182617406996,-1.0,-1.8369701987210297e-16,-6.768710613250732,-2.0589282512664795,217.7416534423828,2.1670184651156887e-05,34.767967224121094,-6.790917873382568,-0.1565573811531067,238.2158203125,0.00014481969992630184,27.706192016601562,-4.2974934577941895,3.8851027488708496,265.0571594238281,0.0026522136759012938,59.47562026977539,-2.626110553741455,4.345030307769775,281.64031982421875,0.008001432754099369,80.5528793334961,-2.3129594326019287,3.603092670440674,289.3391418457031,0.00941123254597187,69.14252471923828,1.5698982679168694e-05,2.4957967980299145e-05,7.20501184463501,-4.559238433837891,1.9235481023788452,1.5698982679168694e-05,3.0381490432773717e-05,55.84043884277344,0.6950199007987976,0.6255243678312785,0.5130635533122816,12,8,8,ML_CTL_59_0012
CTL,59.0,1057.0,9.0,6.0,33.157894134521484,285.0,-0.9659258262890684,0.2588190451025203,-1.0,-1.8369701987210297e-16,28.34312629699707,1.157832384109497,217.88467407226562,2.6951816835207865e-05,42.779239654541016,21.27920913696289,-2.8000078201293945,241.5606689453125,0.00011898492084583268,17.3969783782959,7.279505252838135,-0.6501479744911194,267.3251953125,0.0040880776941776276,77.48290252685547,0.45671480894088745,2.7081117630004883,281.2762451171875,0.00883231870830059,91.41661834716797,-1.3901951313018799,3.758371114730835,289.19537353515625,0.010403221473097801,77.4847412109375,3.9395028579747304e-05,3.079831731156446e-05,29.846830368041992,11.193673133850098,0.8348318934440613,3.9395028579747304e-05,4.5887867599958554e-05,82.3322982788086,4.388552665710449,0.8096895871648422,1.4479944576904682,13,1,35,ML_CTL_59_0013
CTL,59.0,1058.0,9.0,12.0,35.05263137817383,285.0,-0.9659258262890684,0.2588190451025203,-1.0,-1.8369701987210297e-16,18.456918716430664,-1.5207010507583618,218.47276306152344,1.554457048769109e-05,20.59700584411621,10.032698631286621,0.8359594941139221,238.67913818359375,0.00048309273552149534,89.81599426269531,4.263348579406738,0.5558720231056213,268.04205322265625,0.005199697334319353,98.9846420288086,-2.20508074760437,2.0647377967834473,278.564208984375,0.007544987834990025,94.19043731689453,-4.319259166717529,2.0193750858306885,288.8334655761719,0.010427042841911316,79.46358489990234,4.2335959733463824e-05,4.745543992612511e-05,23.049652099609375,5.245724678039551,0.7910486459732056,4.2335959733463824e-05,4.745543992612511e-05,74.92805480957031,15.391239166259766,0.5677509805523245,0.2726810519922922,13,2,35,ML_CTL_59_0013
CTL,59.0,1059.0,9.0,18.0,35.05263137817383,285.0,-0.9659258262890684,0.2588190451025203,-1.0,-1.8369701987210297e-16,18.454343795776367,-3.289203643798828,218.73094177246094,1.9231269106967375e-05,26.89557456970215,11.147726058959961,-1.0851919651031494,239.3528289794922,0.00016458210302516818,27.897735595703125,7.1825947761535645,-3.7904465198516846,267.3332824707031,0.004141225013881922,81.64525604248047,1.100093126296997,-1.2806752920150757,280.027587890625,0.007697206921875477,86.87044525146484,-2.6558468341827393,-1.1752190589904785,288.8803405761719,0.010436782613396645,79.2955551147461,4.507678750087507e-05,4.230323975207284e-05,21.215774536132812,7.045782566070557,-2.1241469383239746,4.507678750087507e-05,6.08735645073466e-05,77.06671142578125,16.035802841186523,0.6930768192067313,0.8145433524261352,13,3,35,ML_CTL_59_0013
CTL,59.0,1060.0,9.0,0.0,35.05263137817383,287.5,-0.9537169507482268,0.30070579950427345,-1.0,-1.8369701987210297e-16,16.595613479614258,-3.3751423358917236,218.4523162841797,2.6210254873149097e-05,37.67436218261719,9.569315910339355,-0.3765260577201843,239.54736328125,0.00034950306871905923,57.47819900512695,7.658300876617432,-2.763012409210205,267.865478515625,0.004987679421901703,95.90084838867188,2.8981165885925293,2.1664607524871826,280.96453857421875,0.009119880385696888,96.43905639648438,-1.4124536514282227,2.65816593170166,287.8118896484375,0.010886390693485737,88.63488006591797,5.3055940952617675e-05,5.621996388072148e-05,18.99187469482422,7.061779022216797,-0.3380107879638672,5.3055940952617675e-05,6.372555799316615e-05,79.6109390258789,15.172219276428223,0.8225180781152462,1.5335017066774488,13,4,35,ML_CTL_59_0013
CTL,59.0,1061.0,9.0,6.0,35.05263137817383,287.5,-0.9537169507482268,0.30070579950427345,-1.0,-1.8369701987210297e-16,23.096721649169922,-5.277792930603027,218.36383056640625,3.093256236752495e-05,46.44210433959961,13.870179176330566,-2.6487772464752197,239.98216247558594,9.172339923679829e-05,16.533470153808594,7.570774078369141,-5.199825763702393,267.9540100097656,0.003785933367908001,69.19145202636719,4.370611190795898,-1.9052956104278564,281.5831604003906,0.008847001008689404,89.6623764038086,0.7135230302810669,-1.0237715244293213,288.121826171875,0.010693716816604137,85.34185791015625,5.569316272158176e-05,3.688154538394883e-05,22.783859252929688,9.924362182617188,-3.211092710494995,5.569316272158176e-05,5.4484469728777185e-05,79.41415405273438,13.911086082458496,0.8758512778471064,1.9537160832424565,13,5,35,ML_CTL_59_0013
CTL,59.0,1062.0,9.0,12.0,35.05263137817383,290.0,-0.9396926207859083,0.342020143325669,-1.0,-1.8369701987210297e-16,22.029212951660156,-4.960080146789551,218.2751007080078,3.0418999813264236e-05,45.92217254638672,13.8487548828125,-1.6693925857543945,240.07424926757812,0.0001211731432704255,20.98418617248535,9.786018371582031,-2.4703328609466553,268.0811767578125,0.004254904109984636,77.84211730957031,7.903894901275635,1.4184643030166626,282.02752685546875,0.009575108997523785,94.1675796508789,3.9293630123138428,2.303241491317749,288.3217468261719,0.010903055779635906,85.90119934082031,5.8391615311848e-05,3.2893847674131393e-05,19.502830505371094,11.499448776245117,-1.0756200551986694,5.8391615311848e-05,5.385089752962813e-05,82.62657928466797,10.934866905212402,0.910711451124982,2.3223528608989015,13,6,35,ML_CTL_59_0013
CTL,59.0,1063.0,9.0,18.0,36.94736862182617,292.5,-0.9238795325112866,0.38268343236509,-1.0,-1.8369701987210297e-16,18.806764602661133,2.413562536239624,217.70040893554688,3.3615891879890114e-05,53.63063430786133,13.294047355651855,4.042568683624268,239.72618103027344,0.0003363082360010594,56.012977600097656,12.333858489990234,-0.968796968460083,267.85638427734375,0.004608328454196453,87.49118041992188,6.199649810791016,2.449435234069824,281.12744140625,0.009221485815942287,96.49545288085938,2.0079894065856934,3.059887170791626,287.57000732421875,0.011473420076072216,94.85514831542969,6.961237522773445e-05,3.454016405157745e-05,16.811203002929688,10.528461456298828,2.199331283569336,6.961237522773445e-05,5.026101280236617e-05,80.28802490234375,12.42225170135498,0.9040422618307038,2.242968241976022,13,7,35,ML_CTL_59_0013
CTL,59.0,1064.0,9.0,0.0,36.94736862182617,295.0,-0.9063077870366498,0.4226182617406996,-1.0,-1.8369701987210297e-16,22.2458553314209,4.912452697753906,217.9124755859375,3.930432285415009e-05,60.59178924560547,17.663686752319336,4.987435340881348,239.88751220703125,0.0002722232893574983,44.17377471923828,13.82658863067627,-0.1818467080593109,267.7989196777344,0.004056076984852552,75.64521789550781,9.488351821899414,4.2387776374816895,281.6438903808594,0.009711381047964096,98.04489135742188,6.612425327301025,6.267084121704102,288.1757507324219,0.012118847109377384,96.26590728759766,7.112212915671989e-05,2.8198448490002193e-05,15.692009925842285,13.967381477355957,4.044780731201172,7.112212915671989e-05,4.641621126211248e-05,81.67369842529297,14.365272521972656,0.9153863515821858,2.3812506359068526,13,8,35,ML_CTL_59_0013
CTL,59.0,1065.0,9.0,6.0,38.842105865478516,297.5,-0.8870108331782216,0.4617486132350341,-1.0,-1.8369701987210297e-16,25.056194305419922,12.78514575958252,218.3615264892578,4.717613410321064e-05,66.7261962890625,17.666797637939453,12.224762916564941,238.5472869873047,0.0003174261364620179,66.26569366455078,13.209385871887207,4.50343132019043,266.15716552734375,0.0035978888627141714,75.90367126464844,6.7583160400390625,5.792129993438721,280.0249328613281,0.008865336887538433,99.92752075195312,4.521793365478516,7.088651180267334,288.4129638671875,0.012589843943715096,98.47261047363281,8.369457646040246e-05,3.9951428334461525e-05,21.30989646911621,13.442497253417969,8.4788236618042,8.369457646040246e-05,4.960013757226989e-05,78.05752563476562,16.357919692993164,0.8464745062426375,1.7072134481073222,13,9,35,ML_CTL_59_0013
CTL,59.0,1066.0,9.0,12.0,38.842105865478516,297.5,-0.8870108331782216,0.4617486132350341,-1.0,-1.8369701987210297e-16,24.048681259155273,8.598787307739258,220.45790100097656,2.0973979189875536e-05,23.721086502075195,20.674407958984375,10.771117210388184,237.5426025390625,0.00015296721539925784,39.62709045410156,13.69363021850586,2.4338130950927734,264.0486145019531,0.0006267097778618336,15.567181587219238,6.548192977905273,-2.961149215698242,280.94561767578125,0.007487660739570856,79.24835968017578,3.8141775131225586,-4.360369682312012,288.8565673828125,0.012062037363648415,91.70076751708984,9.164488437818363e-05,4.585118585964665e-05,24.028627395629883,13.755818367004395,2.896439552307129,9.164488437818363e-05,5.992582373437472e-05,68.40679168701172,13.079530715942383,0.9222997021818234,2.474011137043461,13,10,35,ML_CTL_59_0013
CTL,59.0,1067.0,9.0,18.0,40.73684310913086,300.0,-0.8660254037844386,0.5000000000000001,-1.0,-1.8369701987210297e-16,15.433316230773926,13.360737800598145,219.4586181640625,3.310086685814895e-05,42.740177154541016,11.076659202575684,11.270569801330566,237.48046875,0.0003597421455197036,84.55899810791016,5.628986358642578,-1.2496329545974731,264.76824951171875,0.0021899950224906206,51.00848388671875,0.528278112411499,-3.9309239387512207,278.3514404296875,0.007269117049872875,91.89374542236328,-2.353788137435913,-6.517653465270996,288.6318054199219,0.011974900029599667,92.29493713378906,0.00010079878848046064,6.609294359805062e-05,26.67454719543457,6.062690258026123,2.5866193771362305,0.00010079878848046064,6.822278373874724e-05,64.81770324707031,6.716172218322754,0.9442943264111557,2.830355902493006,13,11,35,ML_CTL_59_0013
CTL,59.0,1068.0,9.0,0.0,40.73684310913086,302.5,-0.8433914458128857,0.5372996083468239,-1.0,-1.8369701987210297e-16,13.13576602935791,13.230438232421875,219.5861358642578,3.327338708913885e-05,41.740116119384766,7.478722095489502,10.87558364868164,238.309814453125,0.00043346171150915325,91.1528091430664,5.413366794586182,1.9428635835647583,264.6540832519531,0.0020007495768368244,48.3234977722168,2.618225574493408,0.3062235116958618,279.4984130859375,0.008219602517783642,95.81134796142578,1.1625601053237915,-0.9565423727035522,289.0844421386719,0.01304028369486332,97.65074920654297,0.0001222651917487383,8.062957203947008e-05,18.56416130065918,5.961728096008301,5.079712867736816,0.0001222651917487383,8.062957203947008e-05,68.13656616210938,6.734118461608887,0.963594920301286,3.2759626820737635,13,12,35,ML_CTL_59_0013
CTL,59.0,1069.0,9.0,6.0,40.73684310913086,302.5,-0.8433914458128857,0.5372996083468239,-1.0,-1.8369701987210297e-16,9.204713821411133,7.212721824645996,220.86599731445312,1.7305590517935343e-05,17.790647506713867,2.948599100112915,5.806096076965332,237.45001220703125,0.0003929988306481391,90.35240173339844,1.3477847576141357,-3.744011402130127,264.4866638183594,0.001941250404343009,49.04195022583008,-0.06345877051353455,-5.441693305969238,278.33172607421875,0.006970444228500128,87.91392517089844,-2.3295485973358154,-8.340219497680664,289.0873718261719,0.012356171384453773,92.51168060302734,0.0001138838633778505,8.974169759312645e-05,19.363191604614258,2.221618175506592,-0.9014211893081665,0.0001138838633778505,8.974169759312645e-05,59.679298400878906,4.816389083862305,0.9630004948301261,3.259149386872683,13,13,35,ML_CTL_59_0013
CTL,59.0,1070.0,9.0,12.0,40.73684310913086,305.0,-0.8191520442889918,0.573576436351046,-1.0,-1.8369701987210297e-16,5.762465476989746,10.5950288772583,220.71038818359375,2.022942317125853e-05,21.82484245300293,2.218855619430542,9.588923454284668,237.7158966064453,0.0004861989291384816,100.6435546875,3.912752151489258,6.989271640777588,264.6988525390625,0.0015113534172996879,42.500858306884766,2.1346404552459717,5.828148365020752,278.7544860839844,0.005895749665796757,72.0190658569336,1.9113054275512695,4.91887092590332,289.25201416015625,0.01222606748342514,90.54329681396484,0.0001077308552339673,9.404378215549514e-05,6.859314918518066,3.1880040168762207,7.584048271179199,0.0001077308552339673,9.404378215549514e-05,69.07660675048828,4.616082191467285,0.9307725188116663,2.5986169959360232,13,14,35,ML_CTL_59_0013
CTL,59.0,1071.0,9.0,18.0,40.73684310913086,305.0,-0.8191520442889918,0.573576436351046,-1.0,-1.8369701987210297e-16,3.6880738735198975,7.766523838043213,221.88233947753906,1.31601973407669e-05,12.439279556274414,-0.5886421203613281,7.842024803161621,236.41317749023438,0.00037131726276129484,80.01223754882812,1.2989425659179688,4.860487461090088,264.7416687011719,0.0024082432501018047,63.85398864746094,-0.6781436800956726,4.417357921600342,278.9921875,0.005107850302010775,61.23486328125,-1.2336270809173584,3.3052079677581787,289.3406677246094,0.011470570228993893,84.43315887451172,0.00010487713007023558,9.190810669679195e-05,6.6427764892578125,0.4973207414150238,5.638320446014404,0.00010487713007023558,9.190810669679195e-05,66.35450744628906,4.982257843017578,0.9590744892263391,3.1542151418172724,13,15,35,ML_CTL_59_0013
CTL,59.0,1072.0,9.0,0.0,40.73684310913086,305.0,-0.8191520442889918,0.573576436351046,-1.0,-1.8369701987210297e-16,0.5531250834465027,5.8198113441467285,222.35169982910156,1.193340267491294e-05,10.712738037109375,-3.6886703968048096,5.601545333862305,235.77972412109375,0.0002497625828254968,56.11912536621094,-1.5163310766220093,4.306676387786865,264.2301940917969,0.00350390188395977,90.58425903320312,-2.9645988941192627,4.001862049102783,279.04510498046875,0.004669054411351681,55.843109130859375,-3.4943783283233643,3.4243061542510986,288.92303466796875,0.010991987772285938,83.05049133300781,9.917404531734064e-05,8.474667265545577e-05,4.703268051147461,-2.22217059135437,4.630840301513672,9.917404531734064e-05,8.474667265545577e-05,66.35044860839844,3.4225738048553467,0.9577985851187604,3.122183762216122,13,16,35,ML_CTL_59_0013
CTL,59.0,1073.0,9.0,6.0,40.73684310913086,305.0,-0.8191520442889918,0.573576436351046,-1.0,-1.8369701987210297e-16,-1.398215651512146,6.245275974273682,222.37823486328125,1.1710768376360647e-05,10.50301456451416,-5.986931324005127,5.529733657836914,235.48031616210938,0.0001882380893221125,45.77909851074219,-2.7008414268493652,4.030371189117432,264.0259094238281,0.0036905526649206877,94.7514877319336,-3.907867908477783,4.101485729217529,278.9892578125,0.0044701071456074715,53.779579162597656,-4.700521469116211,3.837041139602661,288.4875793457031,0.010683964006602764,82.99980926513672,9.346142178401351e-05,7.728095806669444e-05,4.08715295791626,-3.7388756275177,4.748781681060791,9.346142178401351e-05,8.185521437553689e-05,67.17597198486328,2.940455675125122,0.944051151388505,2.825742494807248,13,17,35,ML_CTL_59_0013
CTL,59.0,1074.0,9.0,12.0,38.842105865478516,302.5,-0.8433914458128857,0.5372996083468239,-1.0,-1.8369701987210297e-16,2.8054730892181396,0.43199169635772705,222.075927734375,1.1682403055601753e-05,10.832757949829102,0.9554795622825623,-3.312389850616455,235.4490509033203,0.00037554523441940546,100.87360382080078,2.5161259174346924,-7.2702765464782715,264.8069763183594,0.003989016637206078,99.4710922241211,2.1093342304229736,-9.236730575561523,278.4052734375,0.005491341929882765,69.04820251464844,1.7913196086883545,-10.05945110321045,288.3675231933594,0.010916034691035748,85.50975036621094,8.928491297410801e-05,7.940959767438471e-05,10.540345191955566,2.0355465412139893,-5.889371395111084,8.928491297410801e-05,8.026897558011115e-05,46.241878509521484,2.4337406158447266,0.8521927563787967,1.7519037241932605,13,18,35,ML_CTL_59_0013
CTL,59.0,1075.0,9.0,18.0,38.842105865478516,305.0,-0.8191520442889918,0.573576436351046,-1.0,-1.8369701987210297e-16,2.6760354042053223,5.576606750488281,222.89334106445312,1.1510715012263972e-05,9.696297645568848,2.183870315551758,2.922800064086914,235.49095153808594,0.00017496541840955615,45.518531799316406,2.5140492916107178,4.519665241241455,263.9108581542969,0.0028103210497647524,77.88712310791016,2.017240285873413,5.025541305541992,280.2416076660156,0.005567651242017746,61.8084831237793,1.9100717306137085,4.257134437561035,288.2819519042969,0.009959694929420948,78.41421508789062,8.868976874509826e-05,7.436482701450586e-05,1.5256826877593994,2.260253429412842,4.460349082946777,8.868976874509826e-05,7.551606540801004e-05,52.98337936401367,1.5256826877593994,0.9496415257965469,2.936917661186378,13,19,35,ML_CTL_59_0013
CTL,59.0,1076.0,9.0,0.0,38.842105865478516,305.0,-0.8191520442889918,0.573576436351046,-1.0,-1.8369701987210297e-16,2.4596002101898193,5.902527332305908,222.9193115234375,1.1316739801259246e-05,9.496984481811523,2.19378924369812,2.3749120235443115,234.95278930664062,0.00019670372421387583,53.9207763671875,2.6441824436187744,3.9231815338134766,263.73504638671875,0.003249777015298605,90.00533294677734,1.79727041721344,4.723809242248535,280.3897399902344,0.005881904624402523,64.7020492553711,1.7128642797470093,3.7453558444976807,288.12493896484375,0.00981914158910513,78.09416961669922,8.749323023948818e-05,7.013970753178e-05,2.282762289047241,2.16154146194458,4.133957386016846,8.749323023948818e-05,7.013970753178e-05,52.55080032348633,2.282762289047241,0.931522489934192,2.6103149623814192,13,20,35,ML_CTL_59_0013
CTL,59.0,1077.0,9.0,6.0,38.842105865478516,305.0,-0.8191520442889918,0.573576436351046,-1.0,-1.8369701987210297e-16,2.8949012756347656,4.925914764404297,222.83053588867188,1.0319362445443403e-05,8.725547790527344,3.065168619155884,1.5709651708602905,234.33224487304688,0.0002257757296320051,65.30963134765625,3.148144245147705,2.8396029472351074,263.3550109863281,0.0034897353034466505,98.97124481201172,2.5016939640045166,3.723820924758911,280.3697814941406,0.006117369048297405,67.42462921142578,2.6740434169769287,2.9137933254241943,288.041259765625,0.009722097776830196,77.73170471191406,8.521867130184546e-05,6.51927839498967e-05,2.0242061614990234,2.856790065765381,3.194819450378418,8.521867130184546e-05,6.51927839498967e-05,52.7733154296875,1.58283269405365,0.8833598529957316,2.0246391235366024,13,21,35,ML_CTL_59_0013
CTL,59.0,1078.0,9.0,12.0,38.842105865478516,305.0,-0.8191520442889918,0.573576436351046,-1.0,-1.8369701987210297e-16,3.17223858833313,4.198878765106201,222.44631958007812,9.020282050187234e-06,7.897434234619141,4.087854862213135,0.6251860857009888,234.0325927734375,0.0002876603975892067,86.89852905273438,3.6866462230682373,2.1780967712402344,263.6084289550781,0.003541968995705247,98.40206909179688,3.2273590564727783,2.6776692867279053,280.1645812988281,0.006359097547829151,71.07661437988281,3.8612060546875,1.535646677017212,288.130859375,0.009630128741264343,76.56104278564453,8.28453412395902e-05,6.286725692916662e-05,2.7509055137634277,3.6070609092712402,2.2430953979492188,8.28453412395902e-05,6.286725692916662e-05,52.201904296875,1.420174479484558,0.8170622980578208,1.4965696758280242,13,22,35,ML_CTL_59_0013
CTL,59.0,1079.0,9.0,18.0,38.842105865478516,305.0,-0.8191520442889918,0.573576436351046,-1.0,-1.8369701987210297e-16,4.388267517089844,1.8596930503845215,221.84178161621094,8.993741175800096e-06,8.346278190612793,5.478778839111328,-1.53043794631958,234.4129180908203,0.0003122481284663081,92.04873657226562,4.690622329711914,0.3578050434589386,263.8223571777344,0.0035570848267525434,96.69290924072266,4.918107509613037,-0.09362725913524628,280.5335388183594,0.006758751813322306,73.66175842285156,5.549140930175781,-1.3212525844573975,288.1902160644531,0.009632986970245838,76.32652282714844,7.832334813429043e-05,6.166667299112305e-05,3.3861544132232666,5.004983425140381,-0.14556394517421722,7.832334813429043e-05,6.166667299112305e-05,52.202457427978516,0.4795449376106262,0.7908224715312616,1.3298901971693349,13,23,35,ML_CTL_59_0013
CTL,59.0,1080.0,9.0,0.0,38.842105865478516,305.0,-0.8191520442889918,0.573576436351046,-1.0,-1.8369701987210297e-16,4.394926071166992,-0.7400968074798584,221.43406677246094,9.606238563719671e-06,9.391738891601562,5.40639591217041,-5.537304401397705,234.7237091064453,0.0002719198237173259,77.61029052734375,5.081116199493408,-1.8351942300796509,263.5158996582031,0.0031110979616642,86.35419464111328,5.17147159576416,-2.6427812576293945,280.720947265625,0.007815471850335598,84.2130126953125,5.751610279083252,-3.2178843021392822,288.0696105957031,0.009620343334972858,76.80744171142578,6.904601468704641e-05,5.5669559515081346e-05,2.8248934745788574,5.16110372543335,-2.794652223587036,6.904601468704641e-05,5.7374414609512314e-05,55.57221603393555,1.1802889108657837,0.7871803081688681,1.3080120404091211,13,24,35,ML_CTL_59_0013
CTL,59.0,1081.0,9.0,6.0,40.73684310913086,307.5,-0.7933533402912352,0.6087614290087205,-1.0,-1.8369701987210297e-16,3.9873833656311035,3.2604453563690186,221.7532958984375,1.0144489351660013e-05,9.686771392822266,2.877669334411621,0.7764399647712708,234.3745880126953,0.00023043675173539668,69.40364837646484,4.662797927856445,3.1165249347686768,262.3238525390625,0.00283188559114933,87.0776596069336,3.738905191421509,4.327376842498779,280.5405578613281,0.008533325977623463,93.25261688232422,2.9914605617523193,4.73470401763916,287.81304931640625,0.009277954697608948,75.27098083496094,6.626430695177987e-05,5.239793244982138e-05,1.7791292667388916,3.6516432762145996,3.243098497390747,6.626430695177987e-05,5.523553045350127e-05,64.33646392822266,1.1841659545898438,0.7179502100751383,0.9343166059740091,13,25,35,ML_CTL_59_0013
CTL,59.0,1082.0,9.0,12.0,40.73684310913086,307.5,-0.7933533402912352,0.6087614290087205,-1.0,-1.8369701987210297e-16,4.320840358734131,1.0888978242874146,221.23794555664062,1.0945298527076375e-05,11.135107040405273,4.175713062286377,-1.379487156867981,234.29522705078125,0.0002499643014743924,76.70073699951172,5.806793689727783,0.8285858035087585,262.63787841796875,0.002564320107921958,77.69123077392578,5.358576774597168,1.6391723155975342,280.8779296875,0.00847603753209114,90.31676483154297,4.589513778686523,1.1105921268463135,287.85107421875,0.009205796755850315,74.51643371582031,6.368628237396479e-05,4.868211181019433e-05,0.26954784989356995,4.850287437438965,0.657552182674408,6.368628237396479e-05,4.928153066430241e-05,66.43307495117188,0.26954784989356995,0.7008540307437578,0.8513679895578323,13,26,35,ML_CTL_59_0013
CTL,59.0,1083.0,9.0,18.0,42.6315803527832,310.0,-0.7660444431189781,0.6427876096865393,-1.0,-1.8369701987210297e-16,5.197790145874023,4.111328125,219.634521484375,2.007271359616425e-05,24.84862518310547,4.0372138023376465,2.781827449798584,236.41204833984375,0.00041816962766461074,99.65623474121094,6.213454723358154,4.420332431793213,262.99395751953125,0.002562117762863636,73.59249877929688,4.155113220214844,4.760338306427002,279.55804443359375,0.008335733786225319,97.31495666503906,2.01252818107605,5.057191371917725,287.2856750488281,0.009587138891220093,80.54524993896484,6.173762812977657e-05,4.9677582865115255e-05,3.322732448577881,4.323220252990723,4.226203441619873,6.173762812977657e-05,4.9677582865115255e-05,73.11487579345703,0.5486428737640381,0.6943722461419816,0.8206403236669635,13,27,35,ML_CTL_59_0013
CTL,59.0,1084.0,9.0,0.0,42.6315803527832,310.0,-0.7660444431189781,0.6427876096865393,-1.0,-1.8369701987210297e-16,4.6462249755859375,0.6210601329803467,220.03260803222656,1.7964199287234806e-05,21.277679443359375,4.092422962188721,1.6840003728866577,235.67684936523438,0.000314650300424546,86.6081771850586,5.602409839630127,0.9140160083770752,262.8784484863281,0.0022866446524858475,66.54238891601562,3.8748936653137207,1.6061909198760986,279.4084777832031,0.008449998684227467,99.663330078125,1.9604370594024658,1.3641164302825928,287.4461975097656,0.009273947216570377,77.10051727294922,6.171304994495586e-05,4.681462814914994e-05,2.7866806983947754,4.035277366638184,1.2378766536712646,6.171304994495586e-05,4.681462814914994e-05,74.9110336303711,0.48021575808525085,0.716387568011181,0.9266126865707123,13,28,35,ML_CTL_59_0013
CTL,59.0,1085.0,9.0,6.0,42.6315803527832,312.5,-0.7372773368101242,0.6755902076156601,-1.0,-1.8369701987210297e-16,4.711833953857422,3.315708637237549,219.49803161621094,1.835846524045337e-05,23.250272750854492,4.656585216522217,4.8327155113220215,236.03521728515625,0.00041201195563189685,100.54174041748047,6.791774272918701,5.403705596923828,262.99432373046875,0.0021133979316800833,60.71236801147461,5.99170446395874,5.4720964431762695,278.90972900390625,0.007770470343530178,94.77536010742188,4.146658897399902,5.163548469543457,287.05078125,0.00960566010326147,81.93374633789062,5.620565571007319e-05,4.693515438702889e-05,1.9323391914367676,5.259711265563965,4.837554931640625,5.620565571007319e-05,4.779356822837144e-05,75.16002655029297,0.5732495188713074,0.5971011440183059,0.3934009667751619,13,29,35,ML_CTL_59_0013
CTL,59.0,1086.0,9.0,12.0,42.6315803527832,312.5,-0.7372773368101242,0.6755902076156601,-1.0,-1.8369701987210297e-16,3.272214651107788,2.5425615310668945,219.3518524169922,1.835561852203682e-05,23.764080047607422,3.4331483840942383,4.43445348739624,235.83816528320312,0.000398893840610981,100.50205993652344,6.467698097229004,4.831411838531494,263.0556945800781,0.001735300407744944,49.7220344543457,5.516028881072998,4.065883159637451,279.0146179199219,0.007294326554983854,88.30290985107422,3.825234889984131,3.838076114654541,287.1996154785156,0.009248188696801662,78.15470886230469,5.513116411748342e-05,4.646009983844124e-05,1.408612608909607,4.502865314483643,3.942476987838745,5.513116411748342e-05,4.756634007208049e-05,72.51448059082031,1.156288743019104,0.6168532007610942,0.4762128678100961,13,30,35,ML_CTL_59_0013
CTL,59.0,1087.0,9.0,18.0,44.52631759643555,312.5,-0.7372773368101242,0.6755902076156601,-1.0,-1.8369701987210297e-16,0.5093891024589539,-2.08382511138916,219.2916717529297,1.949019315361511e-05,25.4869327545166,0.996070384979248,1.516003966331482,235.76580810546875,0.0003537897428032011,92.17241668701172,1.3877230882644653,0.9300344586372375,263.5458984375,0.0019648191519081593,53.706607818603516,0.5274537205696106,1.9766706228256226,277.8574523925781,0.00704463105648756,92.44017028808594,-0.972079873085022,1.6082642078399658,286.95166015625,0.009392810985445976,80.65583801269531,5.036678703618236e-05,4.438378891791217e-05,3.978224992752075,0.48971128463745117,0.7894296050071716,5.036678703618236e-05,4.682338476413861e-05,72.09629821777344,2.0833516120910645,0.6975717540838834,0.8357613358923834,13,31,35,ML_CTL_59_0013
CTL,59.0,1088.0,9.0,0.0,44.52631759643555,315.0,-0.7071067811865477,0.7071067811865474,-1.0,-1.8369701987210297e-16,1.2238045930862427,2.3775031566619873,217.8575439453125,2.3053249606164172e-05,35.96864318847656,1.5365599393844604,3.5141987800598145,236.2779541015625,0.00041910883737728,100.48604583740234,3.512085199356079,4.788529396057129,263.43182373046875,0.0019225211581215262,53.8272819519043,3.8162052631378174,5.948296546936035,278.6171875,0.0067517394199967384,83.93407440185547,1.6460144519805908,5.977690696716309,286.58770751953125,0.00963529385626316,84.69438171386719,4.785673081642017e-05,4.1533014154993e-05,3.6248602867126465,2.3469338417053223,4.521244049072266,4.785673081642017e-05,4.56895177194383e-05,73.89701843261719,0.7401881814002991,0.6355100881128642,0.5559290903087764,13,32,35,ML_CTL_59_0013
CTL,59.0,1089.0,9.0,6.0,44.52631759643555,315.0,-0.7071067811865477,0.7071067811865474,-1.0,-1.8369701987210297e-16,2.215806484222412,0.09266259521245956,218.17483520507812,2.1566067516687326e-05,32.50334548950195,1.4062241315841675,1.3308228254318237,235.767578125,0.00036854512291029096,94.1360092163086,3.8957114219665527,3.0004429817199707,263.0985412597656,0.0015873211668804288,45.942832946777344,5.015994071960449,3.936491012573242,278.32080078125,0.00639280304312706,81.14002227783203,4.248533725738525,4.025921821594238,286.4510192871094,0.009504787623882294,84.32891082763672,4.6909790398785844e-05,4.065594112034887e-05,4.427472114562988,3.3564541339874268,2.4772682189941406,4.6909790398785844e-05,4.239108238834888e-05,70.1173324584961,1.5373650789260864,0.6319554068442236,0.5406147249853586,13,33,35,ML_CTL_59_0013
CTL,59.0,1090.0,9.0,12.0,46.421051025390625,315.0,-0.7071067811865477,0.7071067811865474,-1.0,-1.8369701987210297e-16,2.978231906890869,-2.718594551086426,217.23638916015625,2.7682586733135395e-05,47.178043365478516,2.5487489700317383,-0.8023076057434082,235.49951171875,0.0002428085426799953,60.369815826416016,2.5232436656951904,1.411297082901001,263.54327392578125,0.0017008011927828193,46.36096954345703,2.419391632080078,2.898920774459839,278.2895812988281,0.006181987933814526,78.65213012695312,1.5040494203567505,2.281144618988037,286.1413269042969,0.009933991357684135,89.99478149414062,4.298007479519583e-05,2.7186244551558048e-05,5.21254301071167,2.39473295211792,0.6140920519828796,4.298007479519583e-05,4.105483822058886e-05,68.23094177246094,1.162733793258667,0.7468541928480986,1.0819043402072452,13,34,35,ML_CTL_59_0013
CTL,59.0,1091.0,9.0,18.0,46.421051025390625,317.5,-0.6755902076156605,0.7372773368101239,-1.0,-1.8369701987210297e-16,3.9489099979400635,-1.91266930103302,217.05751037597656,2.45029732468538e-05,42.39134979248047,3.6646666526794434,0.6481467485427856,235.51321411132812,0.00027473477530293167,71.68223571777344,4.182546615600586,2.30456805229187,263.13739013671875,0.001992521109059453,56.65887451171875,4.354970932006836,4.238410472869873,278.4877624511719,0.0056820339523255825,71.25762176513672,3.5592076778411865,4.690906524658203,286.4363708496094,0.009473142214119434,84.14430236816406,4.1075410990742967e-05,2.6641095246304758e-05,6.61506462097168,3.9420604705810547,1.9938724040985107,4.1075410990742967e-05,3.7286983570083976e-05,65.56695556640625,0.5435179471969604,0.6461889011069696,0.6023287258491916,13,35,35,ML_CTL_59_0013
