experiment,year,time_index,month,hour,lat,lon,lon_sin,lon_cos,month_sin,month_cos,u_200,v_200,t_200,q_200,rh_200,u_300,v_300,t_300,q_300,rh_300,u_500,v_500,t_500,q_500,rh_500,u_700,v_700,t_700,q_700,rh_700,u_850,v_850,t_850,q_850,rh_850,zeta_850,zeta_500,wshear_850_200,steer_u_850_200,steer_v_850_200,zeta850_max_r500,zeta500_max_r500,rh700_mean_r500,shear_min_r500,prob_tc,decision_score,track_id,life_step,lifetime_steps,global_track_id
CTL,47.0,741.0,7.0,6.0,10.421052932739258,312.5,-0.7372773368101242,0.6755902076156601,-0.4999999999999997,-0.8660254037844388,-8.752790451049805,3.156956672668457,216.1951141357422,4.3738444219343364e-05,82.29519653320312,-15.831707954406738,6.19339656829834,239.4602508544922,0.000630464346613735,107.32392120361328,-9.534785270690918,7.829593658447266,267.7956237792969,0.005120323039591312,100.19912719726562,-14.343372344970703,5.238823890686035,280.57781982421875,0.007631274871528149,82.84376525878906,-4.7862067222595215,3.0878524780273438,288.69586181640625,0.011283459141850471,86.60681915283203,3.8013906305423006e-05,4.891628850600682e-05,3.9671857357025146,-10.649772644042969,5.101324558258057,3.8013906305423006e-05,6.0932976339245215e-05,63.34449768066406,3.9671857357025146,0.6852538258300216,0.7780228005714782,1,1,17,ML_CTL_47_0001
CTL,47.0,742.0,7.0,12.0,10.421052932739258,310.0,-0.7660444431189781,0.6427876096865393,-0.4999999999999997,-0.8660254037844388,-8.472290992736816,3.486888885498047,215.99961853027344,3.9490809285780415e-05,75.31588745117188,-12.404784202575684,7.007632255554199,240.04026794433594,0.0006331265904009342,101.35521697998047,-7.945737838745117,7.727433681488037,268.35968017578125,0.005349434912204742,100.18872833251953,-10.748610496520996,5.832016468048096,280.31024169921875,0.007904206402599812,87.44574737548828,-5.433891296386719,4.218444347381592,288.77044677734375,0.011518198996782303,88.02255249023438,3.840670615318231e-05,4.702298974734731e-05,3.125227451324463,-9.001062393188477,5.654482841491699,3.840670615318231e-05,5.4491636547027156e-05,65.37397766113281,3.125227451324463,0.7805656579311061,1.2689657965296046,1,2,17,ML_CTL_47_0001
CTL,47.0,743.0,7.0,18.0,10.421052932739258,307.5,-0.7933533402912352,0.6087614290087205,-0.4999999999999997,-0.8660254037844388,-6.450760841369629,5.574248790740967,216.11170959472656,5.098729889141396e-05,97.62296295166016,-8.232879638671875,7.133368968963623,240.98292541503906,0.0007211875054053962,103.65748596191406,-7.020406246185303,6.907910346984863,269.0622253417969,0.005680348724126816,100.72157287597656,-7.716271877288818,4.805665493011475,280.2302551269531,0.008046653121709824,89.48663330078125,-5.289986610412598,4.308805465698242,289.1147155761719,0.011525311507284641,86.17374420166016,3.834190283669159e-05,4.7903769882395864e-05,1.7171906232833862,-6.942060947418213,5.745999813079834,3.834190283669159e-05,5.552198854275048e-05,66.66466522216797,1.7171906232833862,0.6181660993985127,0.48177149173127143,1,3,17,ML_CTL_47_0001
CTL,47.0,744.0,7.0,0.0,10.421052932739258,305.0,-0.8191520442889918,0.573576436351046,-0.4999999999999997,-0.8660254037844388,-5.475246906280518,5.820269584655762,216.55633544921875,5.5197218898683786e-05,99.8731918334961,-6.211820125579834,5.8222222328186035,242.30758666992188,0.0008118695113807917,100.33135986328125,-5.5741143226623535,6.883024215698242,268.7755126953125,0.005561442114412785,101.28449249267578,-6.586939334869385,4.266899585723877,278.8857421875,0.008075293153524399,98.61852264404297,-5.860676288604736,4.368095874786377,289.437744140625,0.011316988617181778,82.9027099609375,4.053436350659467e-05,5.6862256315071136e-05,1.5024527311325073,-5.94175910949707,5.432102203369141,4.053436350659467e-05,5.7983714214060456e-05,69.4087905883789,1.5024527311325073,0.6706884484434629,0.7113004519284227,1,4,17,ML_CTL_47_0001
CTL,47.0,745.0,7.0,6.0,10.421052932739258,302.5,-0.8433914458128857,0.5372996083468239,-0.4999999999999997,-0.8660254037844388,-8.754515647888184,1.5907135009765625,217.5491180419922,6.306504656095058e-05,99.93156433105469,-4.3592000007629395,2.8447840213775635,243.1201171875,0.0009502739412710071,108.58755493164062,-1.878695011138916,5.848480701446533,268.73388671875,0.005555162206292152,101.55465698242188,-3.7376444339752197,5.146697521209717,277.9563903808594,0.0077906157821416855,101.46151733398438,-4.462111949920654,5.591359615325928,288.80096435546875,0.011626753024756908,88.74079132080078,4.461734715732746e-05,6.411038339138031e-05,5.86769962310791,-4.638433456420898,4.204407215118408,4.461734715732746e-05,6.411038339138031e-05,75.74838256835938,4.2844929695129395,0.6453650625209394,0.5987272298529165,1,5,17,ML_CTL_47_0001
CTL,47.0,746.0,7.0,12.0,12.315789222717285,300.0,-0.8660254037844386,0.5000000000000001,-0.4999999999999997,-0.8660254037844388,-11.16926097869873,6.267063140869141,217.74049377441406,6.557226879522204e-05,101.7372817993164,-8.512349128723145,2.157853126525879,242.96258544921875,0.0009535436984151602,110.86388397216797,-10.605003356933594,-1.3833250999450684,268.7965087890625,0.00556853087618947,101.2011489868164,-10.172569274902344,0.5583675503730774,278.1083984375,0.0077396780252456665,99.77867889404297,-9.5565824508667,1.5509229898452759,288.9084777832031,0.011746248230338097,89.01359558105469,4.556883868644945e-05,7.139648369047791e-05,4.984246253967285,-10.003152847290039,1.8301763534545898,4.556883868644945e-05,7.139648369047791e-05,66.31947326660156,3.01828932762146,0.6812274075632574,0.7594182100238349,1,6,17,ML_CTL_47_0001
CTL,47.0,747.0,7.0,18.0,12.315789222717285,300.0,-0.8660254037844386,0.5000000000000001,-0.4999999999999997,-0.8660254037844388,-7.121726036071777,2.490729570388794,219.7434844970703,8.478246309095994e-05,101.83177185058594,-3.2838950157165527,3.947394609451294,243.72137451171875,0.001117550884373486,125.47639465332031,-5.475476264953613,6.55942440032959,268.35369873046875,0.005401852540671825,101.79026794433594,-6.38400411605835,3.9285757541656494,277.5073547363281,0.007464613299816847,100.40057373046875,-6.1120734214782715,4.354846954345703,288.6129150390625,0.01212260965257883,93.5926742553711,4.960555088473484e-05,8.944774162955582e-05,2.1199839115142822,-5.6754350662231445,4.256194114685059,4.960555088473484e-05,8.944774162955582e-05,69.42507934570312,2.1199839115142822,0.6054209852868351,0.4281046484817914,1,7,17,ML_CTL_47_0001
CTL,47.0,748.0,7.0,0.0,12.315789222717285,297.5,-0.8870108331782216,0.4617486132350341,-0.4999999999999997,-0.8660254037844388,-5.974333763122559,0.6067692637443542,217.5319366455078,6.303928967099637e-05,100.29788208007812,-1.2816160917282104,-0.4404319226741791,242.57565307617188,0.0009691740851849318,120.0832748413086,-4.946881294250488,1.9981578588485718,268.5157775878906,0.005487037356942892,101.95635223388672,-6.2626872062683105,2.0588138103485107,277.5344543457031,0.00739592919126153,99.27696228027344,-6.891457557678223,1.491725206375122,289.38153076171875,0.011525851674377918,84.69744873046875,5.007193612982519e-05,9.054027759702876e-05,1.274465799331665,-5.071394920349121,1.1430069208145142,5.007193612982519e-05,9.054027759702876e-05,68.20318603515625,1.274465799331665,0.6439485078715214,0.5925434049835143,1,8,17,ML_CTL_47_0001
CTL,47.0,749.0,7.0,6.0,12.315789222717285,295.0,-0.9063077870366498,0.4226182617406996,-0.4999999999999997,-0.8660254037844388,-5.094341278076172,3.5864477157592773,217.29580688476562,4.8035926738521084e-05,80.56868743896484,-0.9992063641548157,-3.012014389038086,240.08685302734375,0.0003896739217452705,58.87538528442383,-4.897373676300049,-1.7341570854187012,267.60174560546875,0.005041477270424366,100.33834075927734,-5.404383659362793,1.5831692218780518,279.2602233886719,0.0072214966639876366,85.83171081542969,-6.308043003082275,0.5699648857116699,289.6351623535156,0.010882395319640636,78.67139434814453,4.842191992793232e-05,6.854500679764897e-05,3.251498222351074,-4.5406694412231445,0.19868206977844238,4.842191992793232e-05,7.302821904886514e-05,69.20787048339844,2.3773372173309326,0.8993930776455337,2.1904991116920627,1,9,17,ML_CTL_47_0001
CTL,47.0,750.0,7.0,12.0,12.315789222717285,295.0,-0.9063077870366498,0.4226182617406996,-0.4999999999999997,-0.8660254037844388,-6.926782131195068,-0.38258516788482666,217.25985717773438,4.7371435357490554e-05,79.09505462646484,-0.3190080523490906,-2.692972421646118,239.47299194335938,0.0005917854141443968,97.4513168334961,1.3758975267410278,6.863255023956299,268.0320739746094,0.005189135205000639,98.81126403808594,-0.31373336911201477,6.713411808013916,279.2354736328125,0.008041774854063988,95.7153549194336,-2.1730289459228516,5.564449787139893,289.33160400390625,0.0117802107706666,86.88924407958984,5.1574636017903686e-05,4.9635127652436495e-05,7.613500595092773,-1.6713310480117798,3.2131118774414062,5.1574636017903686e-05,6.680425576632842e-05,75.9548110961914,3.8611085414886475,0.7738006167941684,1.229897402450122,1,10,17,ML_CTL_47_0001
CTL,47.0,751.0,7.0,18.0,14.210526466369629,292.5,-0.9238795325112866,0.38268343236509,-0.4999999999999997,-0.8660254037844388,-3.0704681873321533,1.923053503036499,217.86973571777344,3.280011878814548e-05,52.83061981201172,-1.756550908088684,0.13998059928417206,240.40794372558594,0.00018382944108452648,28.501216888427734,-2.6616568565368652,0.16051287949085236,268.26800537109375,0.005337878596037626,99.88545989990234,-6.296226501464844,-0.22604067623615265,279.4302673339844,0.0075769885443151,89.03854370117188,-9.198564529418945,-0.6067196726799011,289.37890625,0.011275562457740307,82.86760711669922,5.018203955842182e-05,5.036159564042464e-05,6.629730224609375,-4.596693515777588,0.2781573235988617,5.018203955842182e-05,6.154202128527686e-05,64.10321044921875,3.0779190063476562,0.928574214403978,2.5649913600006746,1,11,17,ML_CTL_47_0001
CTL,47.0,752.0,7.0,0.0,14.210526466369629,292.5,-0.9238795325112866,0.38268343236509,-0.4999999999999997,-0.8660254037844388,-6.150688648223877,-0.3835265338420868,218.2035675048828,3.4705226426012814e-05,53.529541015625,-0.31911757588386536,0.3264138698577881,239.5789337158203,0.0003007396881002933,47.26680374145508,2.9598143100738525,3.5589640140533447,267.4593200683594,0.00493790814653039,97.61173248291016,-4.271176338195801,1.9888572692871094,280.1649475097656,0.007998805493116379,89.35871124267578,-6.843742370605469,1.8839842081069946,289.41375732421875,0.011566353030502796,84.84686279296875,5.143350426806137e-05,4.926936162519269e-05,2.371060609817505,-2.9249820709228516,1.4749385118484497,5.143350426806137e-05,6.699367804685608e-05,67.49217224121094,1.480688452720642,0.9370336562235387,2.7001188428503418,1,12,17,ML_CTL_47_0001
CTL,47.0,753.0,7.0,6.0,14.210526466369629,290.0,-0.9396926207859083,0.342020143325669,-0.4999999999999997,-0.8660254037844388,-0.28379321098327637,1.414624571800232,218.21292114257812,2.8961929274373688e-05,44.452911376953125,2.4910640716552734,2.5336427688598633,240.26393127441406,9.358231181977317e-05,14.4348783493042,-0.054893191903829575,-0.12134788930416107,267.3459777832031,0.003247828921303153,60.243560791015625,-5.7494049072265625,0.13434182107448578,281.3049011230469,0.00739690288901329,76.3686752319336,-7.792629718780518,0.4774136245250702,289.5271911621094,0.010826952755451202,78.8590316772461,4.762260869028978e-05,2.97994429274695e-05,7.567099571228027,-2.2779314517974854,0.8877350091934204,4.762260869028978e-05,7.087486301315948e-05,67.0654525756836,3.633629322052002,0.8784576492315944,1.9779049303784157,1,13,17,ML_CTL_47_0001
CTL,47.0,754.0,7.0,12.0,14.210526466369629,290.0,-0.9396926207859083,0.342020143325669,-0.4999999999999997,-0.8660254037844388,-2.236521005630493,2.97790789604187,218.20687866210938,3.1324863812187687e-05,48.165409088134766,2.042294502258301,3.145386219024658,240.14273071289062,8.781959331827238e-05,13.941736221313477,1.8931851387023926,1.355560064315796,267.43060302734375,0.0027181466575711966,49.9538688659668,-2.958279609680176,3.882298469543457,281.8471374511719,0.007726370356976986,76.87922668457031,-4.033390522003174,4.219273090362549,289.5715026855469,0.011037261225283146,80.15003204345703,4.8216857976512983e-05,2.4528937501600012e-05,2.1839706897735596,-1.058542251586914,3.1160850524902344,4.8216857976512983e-05,5.537279139389284e-05,73.08280944824219,1.5752756595611572,0.8798177507015774,1.9907054497382597,1,14,17,ML_CTL_47_0001
CTL,47.0,755.0,7.0,18.0,14.210526466369629,287.5,-0.9537169507482268,0.30070579950427345,-0.4999999999999997,-0.8660254037844388,2.7594008445739746,5.815283298492432,218.2310333251953,5.40249420737382e-05,82.93256378173828,6.368387222290039,6.3196868896484375,240.13272094726562,8.755386807024479e-05,14.540392875671387,-0.4292903244495392,-0.664732038974762,267.5274658203125,0.0014629993820562959,27.10782814025879,-3.079988956451416,1.4099010229110718,282.5404357910156,0.008025148883461952,76.18440246582031,-4.000782012939453,1.1303725242614746,289.92657470703125,0.010911180637776852,77.42164611816406,4.369370799395256e-05,1.6677742678439245e-05,8.224868774414062,0.32354536652565,2.8021023273468018,4.369370799395256e-05,5.39703578397166e-05,68.97053527832031,1.6538623571395874,0.7516812275598452,1.1075990410343506,1,15,17,ML_CTL_47_0001
CTL,47.0,756.0,7.0,0.0,16.105262756347656,287.5,-0.9537169507482268,0.30070579950427345,-0.4999999999999997,-0.8660254037844388,9.664042472839355,10.051458358764648,217.9840850830078,5.0115362682845443e-05,80.05745697021484,10.075456619262695,10.378236770629883,239.7348175048828,0.0001004226942313835,17.991056442260742,-1.7746587991714478,-1.0166840553283691,266.94403076171875,0.0020295726135373116,38.516849517822266,-5.739945888519287,0.45397403836250305,282.1988525390625,0.007995722815394402,77.6710205078125,-10.410842895507812,-0.05144559219479561,289.46429443359375,0.01163939293473959,85.10623168945312,3.99285891035106e-05,1.6059913832577877e-05,22.473756790161133,0.3628101348876953,3.9631080627441406,3.99285891035106e-05,4.989923763787374e-05,65.4119873046875,0.5042378902435303,0.7384352797299685,1.0378517115278214,1,16,17,ML_CTL_47_0001
CTL,47.0,757.0,7.0,6.0,14.210526466369629,285.0,-0.9659258262890684,0.2588190451025203,-0.4999999999999997,-0.8660254037844388,10.642367362976074,2.4416074752807617,217.7490692138672,4.398007513373159e-05,72.92818450927734,9.492162704467773,3.6835200786590576,239.54464721679688,8.613318641437218e-05,15.180370330810547,-0.7166471481323242,0.014070981182157993,266.93585205078125,0.0009684556280262768,20.549087524414062,-3.612762212753296,1.5177230834960938,282.35968017578125,0.00863038282841444,83.00138854980469,-5.158395290374756,2.0731921195983887,289.7382507324219,0.011182964779436588,80.21680450439453,3.840402132482268e-05,7.079369879647857e-06,15.80505657196045,2.1293444633483887,1.9460227489471436,3.840402132482268e-05,2.6508738301345147e-05,73.166748046875,3.9120914936065674,0.6042759440723491,0.42331381476136487,1,17,17,ML_CTL_47_0001
CTL,47.0,794.0,7.0,12.0,14.210526466369629,337.5,-0.38268343236508956,0.9238795325112868,-0.4999999999999997,-0.8660254037844388,-9.817793846130371,1.2396568059921265,218.5593719482422,7.490565621992573e-05,105.0594482421875,-7.061412334442139,6.823644638061523,244.26023864746094,0.001044785836711526,106.04949188232422,-6.2093634605407715,9.52858829498291,269.54052734375,0.0059295035898685455,101.60420227050781,-5.841665744781494,6.750319957733154,280.6327209472656,0.008658886887133121,93.63948059082031,-2.9128613471984863,4.707271099090576,289.3951110839844,0.012336349114775658,90.59201049804688,6.581298657692969e-05,8.478508243570104e-05,7.726735591888428,-6.368618965148926,5.809895992279053,6.581298657692969e-05,8.478508243570104e-05,78.9150619506836,4.472475528717041,0.619994452578491,0.4895246794535313,2,1,21,ML_CTL_47_0002
CTL,47.0,796.0,7.0,0.0,14.210526466369629,335.0,-0.4226182617406992,0.90630778703665,-0.4999999999999997,-0.8660254037844388,-11.714832305908203,-1.2329895496368408,218.0453643798828,6.496044807136059e-05,96.42418670654297,-5.783559799194336,4.557373523712158,243.064208984375,0.0008983575971797109,104.78333282470703,-0.8984058499336243,6.888347625732422,268.7854919433594,0.0056039122864604,101.61486053466797,0.9403797388076782,4.074635028839111,280.8746643066406,0.009065937250852585,96.3812026977539,1.096567988395691,0.5976698994636536,289.10467529296875,0.01296823751181364,97.01029205322266,6.665373803116381e-05,8.055017678998411e-05,12.941534042358398,-3.27197003364563,2.9770073890686035,6.665373803116381e-05,8.154641545843333e-05,80.05122375488281,2.3342020511627197,0.6790739706877486,0.7495194039596198,2,2,21,ML_CTL_47_0002
CTL,47.0,797.0,7.0,6.0,14.210526466369629,335.0,-0.4226182617406992,0.90630778703665,-0.4999999999999997,-0.8660254037844388,-12.440308570861816,0.037938594818115234,217.9839630126953,3.120049223070964e-05,46.08722686767578,-7.4594316482543945,5.766835689544678,241.8967742919922,0.00041055408655665815,55.90510559082031,-1.27790367603302,9.177145004272461,268.57562255859375,0.004836210515350103,87.98168182373047,1.4660052061080933,6.534456729888916,281.9449768066406,0.008507265709340572,84.15365600585938,0.9735046029090881,3.1694483757019043,289.29339599609375,0.012632658705115318,93.35798645019531,6.460160511778668e-05,5.21473957633134e-05,13.774496078491211,-3.747626781463623,4.937165260314941,6.460160511778668e-05,7.740086584817618e-05,79.89250183105469,4.2292890548706055,0.9035753020629425,2.2375970799305245,2,3,21,ML_CTL_47_0002
CTL,47.0,798.0,7.0,12.0,14.210526466369629,332.5,-0.46174861323503363,0.8870108331782218,-0.4999999999999997,-0.8660254037844388,-12.55458927154541,0.7098309993743896,218.66497802734375,2.1605792426271364e-05,30.265174865722656,-10.027092933654785,4.693120002746582,242.16281127929688,0.00028207935974933207,36.43754577636719,-1.5293859243392944,6.4727606773376465,269.01416015625,0.005346156656742096,94.14555358886719,2.0458290576934814,4.321383476257324,281.718017578125,0.008592003025114536,86.28478240966797,0.5249643921852112,1.4844017028808594,289.2054443359375,0.012856220826506615,95.56269073486328,6.058549115550704e-05,5.377822890295647e-05,13.102468490600586,-4.3080549240112305,3.536299228668213,6.058549115550704e-05,7.272043148986995e-05,77.9307861328125,3.0752954483032227,0.8828896349770918,2.0200834231186424,2,4,21,ML_CTL_47_0002
CTL,47.0,799.0,7.0,18.0,16.105262756347656,330.0,-0.5000000000000004,0.8660254037844384,-0.4999999999999997,-0.8660254037844388,-10.943695068359375,-2.349944591522217,218.43846130371094,3.674377876450308e-05,53.074920654296875,-11.308581352233887,3.23764967918396,242.61643981933594,0.000380375306122005,44.60613250732422,-10.825098991394043,4.395594596862793,269.1143493652344,0.005725914612412453,100.62432861328125,-9.196442604064941,0.2805361747741699,282.2694396972656,0.00918049830943346,88.79656982421875,-6.947697162628174,-1.382362961769104,289.4716491699219,0.012673784047365189,92.59758758544922,5.4110827477416024e-05,5.9772341046482325e-05,4.111473560333252,-9.844303131103516,0.8362945318222046,5.4110827477416024e-05,6.511803076136857e-05,73.55635070800781,4.111473560333252,0.922834451384639,2.4814967631687437,2,5,21,ML_CTL_47_0002
CTL,47.0,800.0,7.0,0.0,16.105262756347656,330.0,-0.5000000000000004,0.8660254037844384,-0.4999999999999997,-0.8660254037844388,-10.82508373260498,-0.4515114724636078,218.54811096191406,1.8989978343597613e-05,26.727994918823242,-11.73348617553711,1.9272541999816895,241.4171905517578,0.00017436746566090733,25.292612075805664,-10.675804138183594,7.185335159301758,268.2991638183594,0.004872775170952082,89.60702514648438,-9.239222526550293,2.5206801891326904,282.9979248046875,0.008962823078036308,82.49513244628906,-6.3119797706604,0.4114891588687897,289.685546875,0.012243825942277908,88.20875549316406,5.3442196076503024e-05,3.5859829949913546e-05,4.594875335693359,-9.757116317749023,2.3186495304107666,5.3442196076503024e-05,5.892335684620775e-05,72.3836898803711,3.4954659938812256,0.844229899630788,1.6900436457505301,2,6,21,ML_CTL_47_0002
CTL,47.0,801.0,7.0,6.0,16.105262756347656,327.5,-0.5372996083468242,0.8433914458128855,-0.4999999999999997,-0.8660254037844388,-11.547606468200684,-0.7899981141090393,218.44174194335938,1.9532664737198502e-05,28.37937355041504,-12.024690628051758,1.4479392766952515,241.23130798339844,0.00014704356726724654,22.05789566040039,-11.323904991149902,5.254268169403076,268.5793762207031,0.004761185497045517,85.4402084350586,-11.282354354858398,0.9020443558692932,282.7247314453125,0.009186003357172012,86.13350677490234,-7.800673484802246,-2.026005506515503,289.2816162109375,0.012645616196095943,93.50920867919922,4.999341399525292e-05,3.3149190130643547e-05,3.9455318450927734,-10.795846939086914,0.9576495885848999,4.999341399525292e-05,4.994450864614919e-05,72.02095794677734,1.5568878650665283,0.8422895436792694,1.6753630343222636,2,7,21,ML_CTL_47_0002
CTL,47.0,802.0,7.0,12.0,16.105262756347656,327.5,-0.5372996083468242,0.8433914458128855,-0.4999999999999997,-0.8660254037844388,-8.897132873535156,2.3773488998413086,219.13499450683594,1.2479778888518922e-05,16.24333953857422,-10.711835861206055,0.5186218023300171,240.7158203125,0.00013088085688650608,20.10028839111328,-11.324881553649902,6.43784761428833,269.35296630859375,0.003468473209068179,57.36201477050781,-11.397819519042969,3.5287578105926514,283.5126647949219,0.008282328024506569,73.73550415039062,-8.17404556274414,1.3596028089523315,289.8523254394531,0.01227913610637188,87.5241928100586,4.5322994992602617e-05,1.2051711564708967e-05,1.2484639883041382,-10.101142883300781,2.844435930252075,4.5322994992602617e-05,4.039135092170909e-05,66.69931030273438,0.2735239863395691,0.6876376847088513,0.7890982971376852,2,8,21,ML_CTL_47_0002
CTL,47.0,803.0,7.0,18.0,16.105262756347656,325.0,-0.5735764363510465,0.8191520442889916,-0.4999999999999997,-0.8660254037844388,-9.684602737426758,3.3710944652557373,219.13865661621094,1.312684344156878e-05,17.19638442993164,-10.994074821472168,0.37494438886642456,240.56361389160156,0.00011144889140268788,17.8237247467041,-12.075799942016602,4.976308345794678,269.3606872558594,0.003522382350638509,57.5731086730957,-11.255227088928223,1.5459349155426025,283.138916015625,0.008924788795411587,81.42062377929688,-8.028327941894531,-0.059930529445409775,289.6133117675781,0.012559566646814346,90.88325500488281,4.323554821894504e-05,1.1919550161110237e-05,3.8098790645599365,-10.40760612487793,2.041670322418213,4.323554821894504e-05,3.504731284920126e-05,69.05602264404297,0.9419888854026794,0.6910404500321775,0.8049879983753758,2,9,21,ML_CTL_47_0002
CTL,47.0,804.0,7.0,0.0,14.210526466369629,322.5,-0.608761429008721,0.7933533402912349,-0.4999999999999997,-0.8660254037844388,-13.591837882995605,6.947762966156006,218.9265594482422,1.4616857697546948e-05,19.79457664489746,-12.354484558105469,2.6763904094696045,240.53817749023438,0.00010139177902601659,14.886987686157227,-9.97234058380127,2.9659414291381836,268.7384033203125,0.003980857785791159,67.9489517211914,-4.044321537017822,-0.9907678365707397,282.49169921875,0.00998248066753149,95.10720825195312,-1.454025387763977,-1.5447918176651,289.7820739746094,0.011377450078725815,81.43598175048828,4.005482333013788e-05,2.4422806745860726e-05,14.813843727111816,-8.283402442932129,2.010906934738159,4.005482333013788e-05,3.243710671085864e-05,75.45960235595703,0.9694694876670837,0.6444236554338658,0.5946163810338461,2,10,21,ML_CTL_47_0002
CTL,47.0,805.0,7.0,6.0,14.210526466369629,320.0,-0.6427876096865396,0.7660444431189778,-0.4999999999999997,-0.8660254037844388,-13.885196685791016,7.357513427734375,218.77862548828125,1.487639565311838e-05,20.294170379638672,-12.78079891204834,2.964827299118042,240.41041564941406,0.00010030019620899111,15.028568267822266,-9.841367721557617,1.5667005777359009,267.66925048828125,0.003707659663632512,69.79165649414062,-5.416747093200684,-1.2396984100341797,282.4925231933594,0.010366644710302353,98.76708984375,-3.0969934463500977,-1.7483932971954346,289.591552734375,0.011475331149995327,83.0692367553711,3.830811692751013e-05,2.458111339365132e-05,14.117466926574707,-9.004220962524414,1.780190110206604,3.830811692751013e-05,2.9647560950252227e-05,76.34268188476562,0.8425266146659851,0.6450476061284987,0.5973404433107099,2,11,21,ML_CTL_47_0002
CTL,47.0,806.0,7.0,12.0,14.210526466369629,317.5,-0.6755902076156605,0.7372773368101239,-0.4999999999999997,-0.8660254037844388,-14.571585655212402,6.749480724334717,218.98020935058594,2.741057141975034e-05,37.100860595703125,-13.153731346130371,3.4697368144989014,240.55014038085938,0.00012704577238764614,19.953819274902344,-10.445009231567383,0.7371676564216614,267.7309875488281,0.003622212912887335,68.03143310546875,-5.472698211669922,-1.161902904510498,282.5690002441406,0.010462024249136448,99.13703155517578,-3.312983274459839,-1.5728806257247925,289.349853515625,0.011902707628905773,87.5241470336914,3.816616299445741e-05,2.2171983800944872e-05,14.000636100769043,-9.391201972961426,1.6443201303482056,3.816616299445741e-05,2.6532345145824365e-05,75.11072540283203,1.0832607746124268,0.7063678771353538,0.8778084731544065,2,12,21,ML_CTL_47_0002
CTL,47.0,807.0,7.0,18.0,14.210526466369629,317.5,-0.6755902076156605,0.7372773368101239,-0.4999999999999997,-0.8660254037844388,-13.967172622680664,4.939745903015137,218.740478515625,3.0095123292994685e-05,41.348331451416016,-11.897786140441895,2.638620615005493,240.84373474121094,0.00013279674749355763,21.219709396362305,-11.995326042175293,1.1518789529800415,268.6851806640625,0.002517630811780691,42.729740142822266,-6.066440105438232,-1.1249598264694214,282.74462890625,0.01055281050503254,98.82261657714844,-3.485417366027832,-1.4480328559875488,289.4811096191406,0.012136954814195633,88.5345458984375,3.817219112534076e-05,1.2158337085566018e-05,12.274807929992676,-9.482428550720215,1.2314505577087402,3.817219112534076e-05,2.2089761841925792e-05,74.9412612915039,1.139685034751892,0.6570938451490516,0.6503700384588429,2,13,21,ML_CTL_47_0002
CTL,47.0,808.0,7.0,0.0,12.315789222717285,317.5,-0.6755902076156605,0.7372773368101239,-0.4999999999999997,-0.8660254037844388,-15.907855987548828,4.9609150886535645,218.37237548828125,2.5879522581817582e-05,37.60566329956055,-12.528904914855957,1.3851343393325806,240.70872497558594,0.00013542702072300017,23.669300079345703,-10.828553199768066,-0.39621928334236145,267.8849182128906,0.0032169842161238194,56.787479400634766,-2.967604398727417,-1.5246163606643677,282.3173522949219,0.00960423145443201,92.57823181152344,1.9507596492767334,-1.3994947671890259,288.9687805175781,0.011636406183242798,87.6671142578125,3.725933129317127e-05,1.6067495380411856e-05,18.95745086669922,-8.056431770324707,0.6051438450813293,3.725933129317127e-05,1.997902654693462e-05,76.22236633300781,0.8033841252326965,0.6100748447168954,0.44762683472179154,2,14,21,ML_CTL_47_0002
CTL,47.0,809.0,7.0,6.0,12.315789222717285,317.5,-0.6755902076156605,0.7372773368101239,-0.4999999999999997,-0.8660254037844388,-12.961010932922363,1.7720837593078613,218.276611328125,3.858790660160594e-05,58.147464752197266,-11.688761711120605,-1.376007080078125,240.57720947265625,0.00014632205420639366,25.95734977722168,-11.97574520111084,0.3907052278518677,267.3347473144531,0.003076466964557767,56.87494659423828,-4.069531440734863,-0.26951608061790466,282.385986328125,0.009865776635706425,94.65482330322266,0.6987149119377136,-0.5777354836463928,289.1474304199219,0.011540881358087063,85.9930648803711,3.7348730984376743e-05,1.1476069630589336e-05,13.860366821289062,-7.999266624450684,-0.012093937024474144,3.7348730984376743e-05,1.880494710349012e-05,77.85214233398438,2.064415216445923,0.6038449559516499,0.42151180953556944,2,15,21,ML_CTL_47_0002
CTL,47.0,810.0,7.0,12.0,12.315789222717285,317.5,-0.6755902076156605,0.7372773368101239,-0.4999999999999997,-0.8660254037844388,-11.892841339111328,0.6585414409637451,218.489013671875,4.076112963957712e-05,59.44275665283203,-11.653203010559082,-2.011293649673462,240.91888427734375,0.00013207616575527936,21.854747772216797,-11.213007926940918,0.5757437944412231,267.4608154296875,0.0026545014698058367,48.98790740966797,-4.427118301391602,-0.11689695715904236,282.4794006347656,0.010211942717432976,97.33291625976562,0.11552349478006363,-0.21346163749694824,289.3436584472656,0.01157203409820795,85.14753723144531,3.6289366107666865e-05,7.368456408585189e-06,12.039983749389648,-7.814129829406738,-0.22147341072559357,3.6289366107666865e-05,1.7312670024693944e-05,77.48656463623047,1.6031395196914673,0.5626433755408197,0.25189705488469305,2,16,21,ML_CTL_47_0002
CTL,47.0,811.0,7.0,18.0,12.315789222717285,315.0,-0.7071067811865477,0.7071067811865474,-0.4999999999999997,-0.8660254037844388,-11.842996597290039,0.7602143287658691,218.5087432861328,3.616586764110252e-05,52.3034782409668,-11.309858322143555,-1.5304087400436401,241.14537048339844,0.00013341271551325917,21.674266815185547,-10.796586990356445,-0.4158100187778473,267.9626770019531,0.0025757611729204655,45.17689514160156,-5.046829700469971,-1.4312095642089844,282.55841064453125,0.01056421548128128,100.18514251708984,0.08687980473041534,-0.6084827184677124,289.44964599609375,0.012215924449265003,89.30782318115234,3.6018107493873686e-05,5.161911303730449e-06,12.008133888244629,-7.7818779945373535,-0.6451393365859985,3.6018107493873686e-05,1.681831963651348e-05,78.87518310546875,0.31998053193092346,0.5574231564030664,0.23071055056831757,2,17,21,ML_CTL_47_0002
CTL,47.0,812.0,7.0,0.0,12.315789222717285,315.0,-0.7071067811865477,0.7071067811865474,-0.4999999999999997,-0.8660254037844388,-10.121545791625977,1.874606728553772,218.5261688232422,3.191413634340279e-05,45.49197006225586,-9.284285545349121,-0.9546689987182617,240.76296997070312,0.00015259104839060456,22.64025115966797,-9.761034965515137,-1.072539210319519,267.653076171875,0.0028384197503328323,51.75428771972656,-7.548215389251709,-1.7025084495544434,282.4977111816406,0.009278552606701851,88.33258819580078,-0.5040203928947449,-0.8105292320251465,289.0912780761719,0.012367041781544685,92.5569076538086,3.746042784769088e-05,4.912259100819938e-06,9.985326766967773,-7.443819999694824,-0.5331278443336487,3.746042784769088e-05,1.638680805626791e-05,76.70977020263672,0.3043381869792938,0.6079730851081004,0.43880011520004336,2,18,21,ML_CTL_47_0002
CTL,47.0,813.0,7.0,6.0,12.315789222717285,315.0,-0.7071067811865477,0.7071067811865474,-0.4999999999999997,-0.8660254037844388,-8.694265365600586,2.322422504425049,218.5029754638672,2.852718716894742e-05,39.9867057800293,-7.592720031738281,-0.22368355095386505,240.27297973632812,0.00019260251428931952,28.155080795288086,-8.640129089355469,-1.1850634813308716,267.1976623535156,0.0032902106177061796,63.13673400878906,-9.047593116760254,-1.4084490537643433,282.4587097167969,0.0082595469430089,78.85173034667969,-0.7295721173286438,-1.0550999641418457,288.6965637207031,0.01249795313924551,95.92440795898438,3.886108970618807e-05,4.243634521117201e-06,8.65124225616455,-6.940855979919434,-0.309974730014801,3.886108970618807e-05,1.17413183033932e-05,73.0302734375,2.7694108486175537,0.6450481093648703,0.5973426412226259,2,19,21,ML_CTL_47_0002
CTL,47.0,814.0,7.0,12.0,12.315789222717285,315.0,-0.7071067811865477,0.7071067811865474,-0.4999999999999997,-0.8660254037844388,-8.504265785217285,3.065351963043213,218.57994079589844,2.9873484891140833e-05,41.39646530151367,-7.6822638511657715,2.3337299823760986,240.43211364746094,0.00025071323034353554,36.85628890991211,-7.574404239654541,-1.6524680852890015,267.30987548828125,0.003139664651826024,61.390010833740234,-9.753593444824219,-1.4823236465454102,282.8305358886719,0.007150104735046625,66.61217498779297,-0.8853186964988708,-1.2321009635925293,288.7367858886719,0.012587555684149265,96.36763000488281,4.1794653952820227e-05,2.269625838380307e-06,8.747368812561035,-6.879969120025635,0.2064378708600998,4.1794653952820227e-05,1.2496335330069996e-05,69.69219970703125,3.369248151779175,0.6585979036715421,0.6570522362006535,2,20,21,ML_CTL_47_0002
CTL,47.0,815.0,7.0,18.0,12.315789222717285,315.0,-0.7071067811865477,0.7071067811865474,-0.4999999999999997,-0.8660254037844388,-8.849532127380371,4.73714542388916,218.22445678710938,3.412312071304768e-05,49.354331970214844,-7.074981689453125,5.894143581390381,240.83306884765625,0.0004692572692874819,68.08834075927734,-7.643383502960205,-4.19717264175415,267.5155029296875,0.002253937302157283,45.56005859375,-10.190225601196289,-2.8097567558288574,282.8054504394531,0.006762349046766758,63.03817367553711,-1.2481621503829956,-1.6665630340576172,288.840576171875,0.012593359686434269,95.77111053466797,4.411196641740389e-05,1.2790320624844753e-06,9.939230918884277,-7.001257419586182,0.3915592133998871,4.411196641740389e-05,2.0025656340294518e-05,68.59883880615234,2.7619314193725586,0.6592629884075628,0.6600115740997912,2,21,21,ML_CTL_47_0002
CTL,47.0,808.0,7.0,0.0,35.05263137817383,277.5,-0.9914448613738105,0.13052619222005127,-0.4999999999999997,-0.8660254037844388,15.338732719421387,-3.9766507148742676,218.53033447265625,6.994838622631505e-05,96.69129180908203,12.939709663391113,0.11860302835702896,242.73001098632812,0.0006772778579033911,87.85882568359375,4.817133903503418,3.6329150199890137,268.38555908203125,0.003468516981229186,64.59846496582031,4.110148906707764,1.5906646251678467,282.5544738769531,0.008953633718192577,84.61022186279297,6.276885032653809,4.011676788330078,290.7806091308594,0.014176391065120697,95.23934173583984,3.718425432452932e-05,1.249463912245119e-05,12.080167770385742,8.69652271270752,1.0754417181015015,3.718425432452932e-05,4.24683494202327e-05,80.44842529296875,3.0886905193328857,0.6146764448633778,0.4670126391518199,3,1,15,ML_CTL_47_0003
CTL,47.0,809.0,7.0,6.0,35.05263137817383,277.5,-0.9914448613738105,0.13052619222005127,-0.4999999999999997,-0.8660254037844388,12.585528373718262,-0.06747691333293915,219.30197143554688,4.7357523726532236e-05,60.16988754272461,11.261218070983887,1.172548532485962,241.6963348388672,0.0006593792350031435,92.63277435302734,7.677731513977051,3.904046058654785,268.0720520019531,0.003719674190506339,71.66446685791016,5.194724082946777,1.5012128353118896,282.1557312011719,0.008813115768134594,85.42047882080078,5.282993316650391,1.6667828559875488,290.7078857421875,0.014342212118208408,96.79349517822266,3.8390979170799255e-05,2.248761484224815e-05,7.505642890930176,8.400439262390137,1.6354224681854248,3.8390979170799255e-05,3.9434769860235974e-05,78.0320053100586,3.017167329788208,0.7631889466486647,1.1702430572020894,3,2,15,ML_CTL_47_0003
CTL,47.0,810.0,7.0,12.0,36.94736862182617,282.5,-0.9762960071199335,0.21643961393810246,-0.4999999999999997,-0.8660254037844388,13.0928316116333,1.9981082677841187,218.3050079345703,7.043123332550749e-05,101.45707702636719,11.217570304870605,3.990645408630371,241.5859832763672,0.0005586965708062053,78.40550231933594,6.535651683807373,1.9946849346160889,267.835693359375,0.004296704661101103,83.16638946533203,5.157636642456055,2.1905789375305176,281.4699401855469,0.009178513661026955,93.65123748779297,5.951655864715576,5.930237293243408,289.9331970214844,0.013077126815915108,92.77339172363281,3.8776306610088795e-05,2.3147269985202e-06,8.152179718017578,8.391069412231445,3.220850706100464,3.8776306610088795e-05,2.905109795392491e-05,85.49282836914062,4.8113837242126465,0.6066410609989948,0.4332147575396301,3,3,15,ML_CTL_47_0003
CTL,47.0,811.0,7.0,18.0,36.94736862182617,282.5,-0.9762960071199335,0.21643961393810246,-0.4999999999999997,-0.8660254037844388,12.143157958984375,4.10990571975708,220.3977813720703,9.230719297192991e-05,101.99238586425781,11.688361167907715,3.387427568435669,242.59913635253906,0.0007008241373114288,91.02449035644531,5.571106910705566,1.6129889488220215,268.6449279785156,0.004213081207126379,76.24366760253906,5.35746955871582,0.9954811334609985,281.96337890625,0.009113376028835773,89.86201477050781,7.46634578704834,4.399377346038818,290.4354553222656,0.013589764945209026,93.31671142578125,4.5168460928834975e-05,2.0242629034328274e-05,4.68576192855835,8.445287704467773,2.901036500930786,4.5168460928834975e-05,2.9070844902889803e-05,81.77191162109375,3.6610653400421143,0.6854808027888563,0.7790753792312528,3,4,15,ML_CTL_47_0003
CTL,47.0,812.0,7.0,0.0,38.842105865478516,285.0,-0.9659258262890684,0.2588190451025203,-0.4999999999999997,-0.8660254037844388,15.484728813171387,2.733879327774048,218.42591857910156,7.047507824609056e-05,99.84925842285156,11.536974906921387,2.064286231994629,241.5204315185547,0.0006098146550357342,90.86036682128906,4.347947120666504,0.8635464310646057,268.3505554199219,0.0033129616640508175,61.600032806396484,3.5610485076904297,0.1880643218755722,282.60418701171875,0.00873817689716816,82.55392456054688,5.432943820953369,1.7379974126815796,290.1351318359375,0.013109113089740276,91.76073455810547,4.795161294168793e-05,1.7866248526843265e-05,10.100997924804688,8.072729110717773,1.5175546407699585,4.795161294168793e-05,3.1589555874234065e-05,77.98396301269531,2.1632487773895264,0.6832472105639618,0.7687351166100713,3,5,15,ML_CTL_47_0003
CTL,47.0,813.0,7.0,6.0,38.842105865478516,287.5,-0.9537169507482268,0.30070579950427345,-0.4999999999999997,-0.8660254037844388,14.245246887207031,2.593639850616455,218.3275604248047,6.993118586251512e-05,100.39979553222656,11.491127967834473,4.726807117462158,242.50494384765625,0.0006997796590439975,93.4841079711914,7.110769271850586,1.505734920501709,268.642578125,0.004106427077203989,73.82212829589844,7.614452362060547,2.531620502471924,281.7925109863281,0.009184498339891434,91.69983673095703,8.770346641540527,5.6132659912109375,289.78045654296875,0.013216082006692886,94.63739013671875,5.570483335759491e-05,2.191310159105342e-05,6.252413749694824,9.846388816833496,3.3942134380340576,5.570483335759491e-05,2.601076994324103e-05,78.61186981201172,0.5694088339805603,0.7039512761077763,0.8661850951670422,3,6,15,ML_CTL_47_0003
CTL,47.0,814.0,7.0,12.0,38.842105865478516,287.5,-0.9537169507482268,0.30070579950427345,-0.4999999999999997,-0.8660254037844388,12.917613983154297,7.914181232452393,219.42286682128906,8.021066605579108e-05,100.1558837890625,11.690056800842285,6.276533126831055,242.18536376953125,0.0005821831291541457,82.44818115234375,7.085864543914795,-1.856693148612976,268.4038391113281,0.002971627516672015,54.511505126953125,7.351814270019531,-1.3649427890777588,282.3815002441406,0.00860711932182312,82.64252471923828,8.146604537963867,1.367812156677246,290.33782958984375,0.013217954896390438,91.34107208251953,5.5567736126249656e-05,1.6849979147082195e-05,8.100461959838867,9.438390731811523,2.4673781394958496,5.5567736126249656e-05,3.612561340560205e-05,74.5357437133789,4.335677146911621,0.7789623679556488,1.259629768794344,3,7,15,ML_CTL_47_0003
CTL,47.0,815.0,7.0,18.0,40.73684310913086,292.5,-0.9238795325112866,0.38268343236509,-0.4999999999999997,-0.8660254037844388,18.72482681274414,7.985504150390625,219.6421356201172,7.784648187225685e-05,94.53534698486328,14.4342679977417,6.332751750946045,242.26734924316406,0.0007997970678843558,103.78789520263672,7.035099506378174,0.1857425570487976,268.5643310546875,0.005059384740889072,91.98079681396484,8.727209091186523,2.627784490585327,282.5961608886719,0.00888017751276493,84.00005340576172,10.433311462402344,6.328721523284912,289.96844482421875,0.01269058883190155,89.79095458984375,6.200647476362064e-05,2.701079210964963e-05,8.455421447753906,11.870943069458008,4.692101001739502,6.200647476362064e-05,4.815460124518722e-05,77.02378845214844,4.953365325927734,0.7100766073106378,0.8957561368922868,3,8,15,ML_CTL_47_0003
CTL,47.0,816.0,7.0,0.0,40.73684310913086,295.0,-0.9063077870366498,0.4226182617406996,-0.4999999999999997,-0.8660254037844388,19.089582443237305,7.068386554718018,219.8304443359375,8.317313040606678e-05,99.87460327148438,12.108698844909668,5.429477214813232,242.69146728515625,0.0008956686942838132,109.18546295166016,7.974977493286133,2.141533613204956,269.0386047363281,0.005679353140294552,100.57506561279297,10.781014442443848,4.808267593383789,282.0154113769531,0.008569624274969101,84.32669067382812,12.6904878616333,8.838345527648926,289.31402587890625,0.012556171044707298,92.63044738769531,5.661316754412837e-05,3.2635922252666205e-05,6.639364719390869,12.528951644897461,5.657202243804932,5.661316754412837e-05,4.678787445300259e-05,77.84208679199219,4.784563064575195,0.6484503305358333,0.6122344010933192,3,9,15,ML_CTL_47_0003
CTL,47.0,817.0,7.0,6.0,42.6315803527832,297.5,-0.8870108331782216,0.4617486132350341,-0.4999999999999997,-0.8660254037844388,19.47353744506836,6.324887275695801,220.2416534423828,7.199202809715644e-05,82.33976745605469,14.871868133544922,9.677323341369629,240.87318420410156,0.0006290439632721245,96.02108001708984,8.196619033813477,4.2599101066589355,267.9616394042969,0.005082248244434595,97.1766357421875,7.724574565887451,4.339310646057129,282.1715087890625,0.008820571936666965,85.88621520996094,8.835972785949707,7.523817539215088,289.36798095703125,0.012006456963717937,88.3023910522461,5.749088813900016e-05,1.6178306395886466e-05,10.704915046691895,11.820513725280762,6.425050258636475,5.749088813900016e-05,3.515719072311185e-05,77.4420394897461,2.5247995853424072,0.7399753777144,1.0458405846556031,3,10,15,ML_CTL_47_0003
CTL,47.0,818.0,7.0,12.0,40.73684310913086,297.5,-0.8870108331782216,0.4617486132350341,-0.4999999999999997,-0.8660254037844388,16.671279907226562,10.235869407653809,219.48876953125,5.08488119521644e-05,62.947898864746094,13.647065162658691,9.807490348815918,241.78036499023438,0.0006179205374792218,83.27458190917969,10.526548385620117,1.2888247966766357,268.57763671875,0.004350185859948397,78.28849029541016,9.1934175491333,2.0904934406280518,282.96563720703125,0.008028964512050152,74.0984878540039,10.377906799316406,5.290884971618652,290.2168273925781,0.01204926148056984,83.91497039794922,5.460045940708369e-05,7.389056463580346e-06,8.00371265411377,12.083243370056152,5.742712497711182,5.460045940708369e-05,3.7239573430269957e-05,72.32411193847656,1.8147908449172974,0.8164248738290588,1.492310907533477,3,11,15,ML_CTL_47_0003
CTL,47.0,819.0,7.0,18.0,42.6315803527832,300.0,-0.8660254037844386,0.5000000000000001,-0.4999999999999997,-0.8660254037844388,17.728363037109375,12.984417915344238,220.31365966796875,3.747571099665947e-05,41.55704879760742,16.802213668823242,13.5042724609375,241.52613830566406,0.000428698374889791,59.611209869384766,10.5298490524292,4.945980072021484,268.5346984863281,0.002656006021425128,47.445213317871094,8.675328254699707,5.988765716552734,282.9054260253906,0.008476675488054752,78.5114974975586,9.111772537231445,7.126152038574219,290.0593566894531,0.011728551238775253,82.47952270507812,4.820950562134385e-05,3.1596646294929087e-06,10.419448852539062,12.56950569152832,8.909917831420898,4.849135075346567e-05,3.8933769246796146e-05,71.88322448730469,5.470317363739014,0.9060098221830734,2.2658598617447674,3,12,15,ML_CTL_47_0003
CTL,47.0,820.0,7.0,0.0,46.421051025390625,302.5,-0.8433914458128857,0.5372996083468239,-0.4999999999999997,-0.8660254037844388,17.13912582397461,15.618249893188477,221.78884887695312,1.4466543689195532e-05,13.61636734008789,17.159835815429688,17.851425170898438,240.24307250976562,0.00020719837630167603,33.29421615600586,8.117992401123047,10.111776351928711,266.3701477050781,0.0030066005419939756,62.31229019165039,5.972370147705078,7.112124443054199,281.3791809082031,0.008835221640765667,90.77037811279297,4.987512588500977,7.871732711791992,288.580810546875,0.012474031187593937,96.49705505371094,4.57806236227043e-05,6.08169830229599e-06,14.410767555236816,10.67536735534668,11.713061332702637,4.57806236227043e-05,3.929631202481687e-05,79.87590026855469,7.10549783706665,0.7857555399166342,1.2995280262455857,3,13,15,ML_CTL_47_0003
CTL,47.0,821.0,7.0,6.0,48.31578826904297,307.5,-0.7933533402912352,0.6087614290087205,-0.4999999999999997,-0.8660254037844388,20.096933364868164,12.454424858093262,221.07608032226562,1.8979935703100637e-05,19.23935890197754,18.732072830200195,15.042970657348633,239.4620361328125,0.00042206840589642525,71.38336944580078,8.86037540435791,8.620640754699707,265.90618896484375,0.004435837268829346,100.81517791748047,7.362794876098633,9.020967483520508,279.7747497558594,0.008729713968932629,100.13152313232422,6.779860973358154,11.402320861816406,288.0625305175781,0.012077275663614273,96.62772369384766,4.186890146229416e-05,6.576996838703053e-06,13.358567237854004,12.36640739440918,11.308263778686523,4.186890146229416e-05,1.8854974769055843e-05,82.63609313964844,7.453207492828369,0.6925621751148212,0.8121251462835459,3,14,15,ML_CTL_47_0003
CTL,47.0,822.0,7.0,12.0,48.31578826904297,307.5,-0.7933533402912352,0.6087614290087205,-0.4999999999999997,-0.8660254037844388,18.824106216430664,18.24042320251465,221.19033813476562,2.114742892445065e-05,21.53388214111328,19.59334373474121,20.449377059936523,239.27674865722656,0.0002168558567063883,39.926448822021484,10.659624099731445,11.761025428771973,265.3826904296875,0.0030181831680238247,69.5479736328125,8.483287811279297,9.558597564697266,280.73614501953125,0.008405528962612152,90.27494812011719,8.214218139648438,10.295404434204102,288.5963134765625,0.012267138808965683,94.79823303222656,3.7572775909211487e-05,5.831414000567747e-06,13.254925727844238,13.154916763305664,14.060964584350586,3.7572775909211487e-05,3.5817251045955345e-05,72.92056274414062,2.560528516769409,0.7338757443219048,1.0143764022976902,3,15,15,ML_CTL_47_0003
CTL,47.0,825.0,7.0,6.0,10.421052932739258,330.0,-0.5000000000000004,0.8660254037844384,-0.4999999999999997,-0.8660254037844388,-10.978631019592285,10.460976600646973,217.468017578125,4.2955703975167125e-05,69.0189437866211,-15.14319133758545,5.469995021820068,240.96347045898438,0.00048436527140438557,79.53672790527344,-16.411300659179688,-1.4467769861221313,267.9871520996094,0.0032215851824730635,60.66183853149414,-8.718378067016602,-1.4733235836029053,283.13189697265625,0.010373719036579132,94.67986297607422,0.5969082117080688,-0.6180388927459717,289.0718688964844,0.01240536943078041,92.9808349609375,5.992847218294628e-05,3.293253394076601e-05,16.02303695678711,-10.130918502807617,2.4785661697387695,5.992847218294628e-05,6.188172847032547e-05,85.43212127685547,10.364988327026367,0.5968987123630728,0.3925595735109315,4,1,8,ML_CTL_47_0004
CTL,47.0,826.0,7.0,12.0,10.421052932739258,330.0,-0.5000000000000004,0.8660254037844384,-0.4999999999999997,-0.8660254037844388,-11.888839721679688,10.432141304016113,217.90956115722656,3.497163561405614e-05,54.45227813720703,-13.39657211303711,5.743319988250732,241.9707794189453,0.00035576868685893714,50.097145080566406,-14.801566123962402,0.4110228717327118,268.5220031738281,0.004008844494819641,72.23887634277344,-7.196244716644287,0.22148960828781128,282.8276062011719,0.010382215492427349,96.70185089111328,2.204209327697754,1.7813583612442017,288.9916687011719,0.012726924382150173,95.89035034179688,6.21121798758395e-05,3.602826836868189e-05,16.536325454711914,-9.015802383422852,3.7178661823272705,6.21121798758395e-05,6.369268521666527e-05,84.86714935302734,8.793265342712402,0.7473167443554307,1.0843523667513635,4,2,8,ML_CTL_47_0004
CTL,47.0,827.0,7.0,18.0,10.421052932739258,327.5,-0.5372996083468242,0.8433914458128855,-0.4999999999999997,-0.8660254037844388,-10.789563179016113,9.19410514831543,218.6687774658203,6.788489554310217e-05,95.77721405029297,-15.464848518371582,3.659871816635132,242.09219360351562,0.000542903842870146,74.84123992919922,-13.306731224060059,-1.6693209409713745,268.75518798828125,0.004434946458786726,79.8429183959961,-8.075716972351074,-2.5432066917419434,282.1041564941406,0.00987344328314066,96.61845397949219,0.9537878632545471,-0.8222344517707825,288.8041687011719,0.01315603218972683,100.29352569580078,6.359434337355196e-05,4.261648791725747e-05,15.434809684753418,-9.336614608764648,1.5638428926467896,6.359434337355196e-05,6.460907025029883e-05,83.42657470703125,6.310603618621826,0.6723437231095315,0.7188045798724176,4,3,8,ML_CTL_47_0004
CTL,47.0,828.0,7.0,0.0,10.421052932739258,327.5,-0.5372996083468242,0.8433914458128855,-0.4999999999999997,-0.8660254037844388,-11.362833976745605,6.609984397888184,219.02536010742188,7.528711284976453e-05,101.60382843017578,-13.385106086730957,4.064935207366943,241.76318359375,0.000617367506492883,86.07686614990234,-9.352709770202637,0.6142617464065552,268.5691833496094,0.0051075913943350315,93.85630798339844,-6.256037712097168,-2.0900707244873047,281.4377746582031,0.009658521972596645,98.85291290283203,3.0785374641418457,0.47244811058044434,289.0741882324219,0.0131006371229887,98.2083511352539,6.636147736571729e-05,5.2543582569342107e-05,15.69148063659668,-7.455630302429199,1.9343116283416748,6.636147736571729e-05,5.617095303023234e-05,83.30776977539062,2.4840803146362305,0.6437745915667081,0.5917849514992284,4,4,8,ML_CTL_47_0004
CTL,47.0,829.0,7.0,6.0,10.421052932739258,327.5,-0.5372996083468242,0.8433914458128855,-0.4999999999999997,-0.8660254037844388,-11.179356575012207,4.542934417724609,218.04736328125,5.459094245452434e-05,79.978515625,-9.971077919006348,3.610278367996216,241.1169891357422,0.0007512125303037465,108.01044464111328,-4.5030975341796875,3.0729968547821045,269.021728515625,0.005628400482237339,99.94575500488281,-3.3305447101593018,-0.43669378757476807,281.62054443359375,0.00943823903799057,95.36348724365234,6.224218368530273,2.6571850776672363,289.20452880859375,0.013188719749450684,98.04702758789062,6.476297130575404e-05,5.26479743712116e-05,17.505441665649414,-4.551971912384033,2.689340114593506,6.476297130575404e-05,5.26479743712116e-05,83.542236328125,1.00497305393219,0.6325075941022953,0.5429895727999894,4,5,8,ML_CTL_47_0004
CTL,47.0,830.0,7.0,12.0,12.315789222717285,330.0,-0.5000000000000004,0.8660254037844384,-0.4999999999999997,-0.8660254037844388,-9.255279541015625,2.7581121921539307,218.53842163085938,6.16099132457748e-05,90.462646484375,-5.58944034576416,0.9588924050331116,241.8985595703125,0.00023361419152934104,32.912750244140625,-3.465635061264038,5.447924613952637,268.58636474609375,0.00530726695433259,96.6705322265625,-5.448099613189697,3.9370715618133545,282.6929016113281,0.008691065944731236,81.63055419921875,2.801067352294922,5.888919830322266,289.28619384765625,0.01282632164657116,94.84745788574219,5.482820051838644e-05,3.581190321710892e-05,12.456221580505371,-4.191477298736572,3.7981841564178467,5.482820051838644e-05,5.008385778637603e-05,79.74137878417969,0.678893506526947,0.7158064417629885,0.9237542485766526,4,6,8,ML_CTL_47_0004
CTL,47.0,831.0,7.0,18.0,12.315789222717285,327.5,-0.5372996083468242,0.8433914458128855,-0.4999999999999997,-0.8660254037844388,-10.184571266174316,2.6473169326782227,218.2150115966797,4.6266111894510686e-05,69.4063720703125,-6.385685920715332,1.375417709350586,241.48277282714844,0.00040125881787389517,54.578651428222656,-2.8459908962249756,2.9686741828918457,269.3951721191406,0.005717415828257799,98.64205932617188,-4.7746381759643555,1.6161011457443237,282.39923095703125,0.008918366394937038,85.48272705078125,1.6937751770019531,2.3742685317993164,289.4010925292969,0.013043176382780075,95.68790435791016,5.63842841074802e-05,3.98695410694927e-05,11.881484031677246,-4.499422550201416,2.1963555812835693,5.63842841074802e-05,5.0284419558010995e-05,80.12493896484375,1.0816929340362549,0.8165050850520678,1.4928461846012437,4,7,8,ML_CTL_47_0004
CTL,47.0,832.0,7.0,0.0,12.315789222717285,327.5,-0.5372996083468242,0.8433914458128855,-0.4999999999999997,-0.8660254037844388,-8.916825294494629,2.5266482830047607,217.23443603515625,3.060930612264201e-05,48.344871520996094,-4.968728542327881,1.8660578727722168,241.16143798828125,0.0007346837082877755,104.01473236083984,0.06988309323787689,3.9472434520721436,269.5501708984375,0.0057906112633645535,98.64144134521484,-1.466469407081604,3.137749433517456,282.2748107910156,0.00919711496680975,88.91632080078125,4.526268005371094,3.474653959274292,289.3847961425781,0.013203208334743977,97.00196075439453,5.649824743159115e-05,4.04149541282095e-05,13.476478576660156,-2.151174306869507,2.9904706478118896,5.649824743159115e-05,4.140461896895431e-05,82.4101791381836,0.2758568823337555,0.7271377634495794,0.980148915588603,4,8,8,ML_CTL_47_0004
CTL,47.0,850.0,8.0,12.0,12.315789222717285,305.0,-0.8191520442889918,0.573576436351046,-0.8660254037844385,-0.5000000000000004,-12.88819408416748,-5.0064473152160645,218.60528564453125,4.640028782887384e-05,64.14456176757812,-11.303964614868164,6.974818229675293,240.97665405273438,0.0007670146296732128,110.81755065917969,-2.759526014328003,0.46139031648635864,267.5718688964844,0.004828938748687506,97.3863525390625,-1.9809564352035522,1.2798728942871094,280.7613220214844,0.008275168016552925,88.71204376220703,1.423997163772583,1.3582576513290405,290.20819091796875,0.011024344712495804,76.86402893066406,3.526911677909084e-05,4.104683466721326e-05,15.663597106933594,-5.501728534698486,1.0135782957077026,3.526911677909084e-05,4.104683466721326e-05,77.67535400390625,3.770348310470581,0.6158213347522709,0.471849162012993,5,1,12,ML_CTL_47_0005
CTL,47.0,851.0,8.0,18.0,12.315789222717285,305.0,-0.8191520442889918,0.573576436351046,-0.8660254037844385,-0.5000000000000004,-16.448808670043945,-0.7052279114723206,218.6739044189453,3.931191167794168e-05,54.4758186340332,-11.055278778076172,7.388857364654541,240.9664764404297,0.0007338924333453178,102.76739501953125,-2.6830055713653564,-0.10359343886375427,267.9400634765625,0.005262358114123344,102.20870971679688,-1.6548267602920532,1.2711052894592285,281.0227966308594,0.008339453488588333,87.82975769042969,1.5201506614685059,1.753945231437683,290.4075012207031,0.010883220471441746,74.93476867675781,3.487319918349385e-05,3.6907600588165224e-05,18.136455535888672,-6.064353942871094,1.9210172891616821,3.487319918349385e-05,3.6907600588165224e-05,77.9140396118164,7.018492221832275,0.5912637900467966,0.3691922785557238,5,2,12,ML_CTL_47_0005
CTL,47.0,852.0,8.0,0.0,12.315789222717285,302.5,-0.8433914458128857,0.5372996083468239,-0.8660254037844385,-0.5000000000000004,-15.579474449157715,5.508941650390625,218.19125366210938,3.883654790115543e-05,57.79689025878906,-11.09246826171875,7.0183186531066895,240.9094696044922,0.0007000346085987985,99.50029754638672,-3.6655590534210205,-3.112849712371826,267.6737365722656,0.005126585718244314,101.45539093017578,-3.2683277130126953,-1.2693190574645996,281.51141357421875,0.008098299615085125,82.50112915039062,-0.10015381872653961,0.08072810620069504,290.5119934082031,0.010437832213938236,71.35779571533203,3.4786571632139385e-05,3.057937647099607e-05,16.403501510620117,-6.741197109222412,1.6451637744903564,3.4786571632139385e-05,3.6834797356277704e-05,76.427978515625,3.3598861694335938,0.6151893965027228,0.46917890791106287,5,3,12,ML_CTL_47_0005
CTL,47.0,854.0,8.0,12.0,12.315789222717285,300.0,-0.8660254037844386,0.5000000000000001,-0.8660254037844385,-0.5000000000000004,-9.37828254699707,6.830552577972412,217.07272338867188,4.6770390326855704e-05,78.68571472167969,-12.808616638183594,2.7650017738342285,240.64480590820312,0.0007096532499417663,106.68063354492188,-9.430891990661621,-1.315385341644287,268.3791809082031,0.005374465137720108,100.59390258789062,-3.704774856567383,1.3798930644989014,280.5715026855469,0.008296279236674309,90.13086700439453,-0.751560628414154,1.2056596279144287,290.0831604003906,0.010197746567428112,71.68182373046875,3.375510641490109e-05,3.237016062485054e-05,10.298532485961914,-7.214824676513672,2.1731443405151367,3.375510641490109e-05,3.938096415367909e-05,77.42701721191406,0.7126654386520386,0.5919201884997436,0.3719090373760472,5,4,12,ML_CTL_47_0005
CTL,47.0,855.0,8.0,18.0,12.315789222717285,300.0,-0.8660254037844386,0.5000000000000001,-0.8660254037844385,-0.5000000000000004,-8.272029876708984,5.704503536224365,216.89723205566406,4.628244641935453e-05,79.2304916381836,-13.727922439575195,2.258894443511963,240.85061645507812,0.0006549304816871881,97.44488525390625,-11.225750923156738,0.3510449528694153,268.4914855957031,0.005273626651614904,97.25794219970703,-3.078949213027954,1.6260625123977661,280.7156982421875,0.008431660011410713,90.68775939941406,-0.7435621619224548,0.9750429391860962,289.956787109375,0.010367981158196926,73.51153564453125,3.291400207672268e-05,3.6100867873756215e-05,8.89076042175293,-7.409642696380615,2.183109760284424,3.291400207672268e-05,3.6100867873756215e-05,76.1836929321289,0.8022052645683289,0.6665917571822316,0.6928101068143115,5,5,12,ML_CTL_47_0005
CTL,47.0,856.0,8.0,0.0,12.315789222717285,300.0,-0.8660254037844386,0.5000000000000001,-0.8660254037844385,-0.5000000000000004,-8.23914909362793,2.529421806335449,216.90716552734375,3.851970541290939e-05,66.5308609008789,-12.097208023071289,1.4585883617401123,240.63775634765625,0.0004072459996677935,64.86204528808594,-12.15220832824707,2.1898317337036133,267.55908203125,0.004008440766483545,77.287353515625,-4.74860954284668,2.5607595443725586,280.8609313964844,0.008261122740805149,87.96297454833984,-2.462768077850342,0.986221194267273,290.07354736328125,0.010397093370556831,73.17881774902344,2.997084266098682e-05,3.147942334180698e-05,5.97896671295166,-7.939988613128662,1.9449646472930908,2.997084266098682e-05,3.492909672786482e-05,74.06877136230469,1.1481472253799438,0.7764513122790175,1.2451047066333798,5,6,12,ML_CTL_47_0005
CTL,47.0,857.0,8.0,6.0,14.210526466369629,295.0,-0.9063077870366498,0.4226182617406996,-0.8660254037844385,-0.5000000000000004,-10.952872276306152,3.7803571224212646,216.48117065429688,3.9064390875864774e-05,72.06983947753906,-11.623735427856445,2.798898696899414,240.05384826660156,0.0004133472975809127,69.4397964477539,-15.60363483428955,0.4707765579223633,268.0239562988281,0.002536557847633958,46.19303894042969,-10.342982292175293,0.33301687240600586,281.7587585449219,0.007448841352015734,74.5788345336914,-7.314324855804443,0.6172989010810852,290.0667419433594,0.010824690572917461,76.09819793701172,2.7678714104695246e-05,9.654207133280579e-06,4.821199417114258,-11.167509078979492,1.6000696420669556,2.7678714104695246e-05,3.623360680649057e-05,61.497657775878906,0.7187718749046326,0.679183085399544,0.7500201300630913,5,7,12,ML_CTL_47_0005
CTL,47.0,858.0,8.0,12.0,14.210526466369629,292.5,-0.9238795325112866,0.38268343236509,-0.8660254037844385,-0.5000000000000004,-12.08248519897461,4.474878311157227,216.6038360595703,3.3073185477405787e-05,60.07527542114258,-12.634794235229492,3.1111273765563965,239.95123291015625,0.00040788916521705687,67.86261749267578,-15.798690795898438,-0.7204712629318237,267.85797119140625,0.002559881890192628,46.78569030761719,-9.92735767364502,0.8439224362373352,282.0648193359375,0.007266239263117313,71.2785873413086,-6.118926525115967,1.8592404127120972,289.9059753417969,0.010567390359938145,74.99407958984375,2.7109268557978794e-05,7.203757832030533e-06,6.51195764541626,-11.312450408935547,1.9137394428253174,2.7109268557978794e-05,3.92562105844263e-05,58.559200286865234,0.13394562900066376,0.7342916547157666,1.0165070384961727,5,8,12,ML_CTL_47_0005
CTL,47.0,859.0,8.0,18.0,14.210526466369629,292.5,-0.9238795325112866,0.38268343236509,-0.8660254037844385,-0.5000000000000004,-11.225470542907715,5.529703140258789,216.8883819580078,2.6766192604554817e-05,46.96463394165039,-11.202415466308594,2.22613263130188,240.20294189453125,0.0002936988603323698,46.077449798583984,-16.182323455810547,-1.6607755422592163,268.1383056640625,0.0022610723972320557,39.798065185546875,-10.481371879577637,1.2587541341781616,282.3291931152344,0.0072489711456000805,69.8315200805664,-5.155116558074951,1.8669707775115967,289.95220947265625,0.01039096713066101,73.52081298828125,2.482544914528262e-05,7.15161104380968e-06,7.0897674560546875,-10.849340438842773,1.8441569805145264,2.482544914528262e-05,4.156796057941392e-05,59.42854309082031,1.81284499168396,0.6926399085434499,0.8124902550777859,5,9,12,ML_CTL_47_0005
CTL,47.0,860.0,8.0,0.0,14.210526466369629,290.0,-0.9396926207859083,0.342020143325669,-0.8660254037844385,-0.5000000000000004,-9.440634727478027,6.879266262054443,216.65768432617188,2.8328251573839225e-05,50.86709213256836,-11.47703742980957,2.0832762718200684,239.92884826660156,0.0003017253475263715,48.314674377441406,-16.821529388427734,-1.4377154111862183,268.1829833984375,0.001848801621235907,32.49629592895508,-8.969070434570312,0.5435618162155151,282.12860107421875,0.008152926340699196,79.66995239257812,-4.167792320251465,0.11993063241243362,290.0018005371094,0.00980981532484293,69.13279724121094,2.3769702238496393e-05,5.7828283388516866e-06,8.572717666625977,-10.175212860107422,1.6376638412475586,2.3769702238496393e-05,4.717435149359517e-05,59.67033386230469,2.304058313369751,0.5943267942657677,0.38188140327591436,5,10,12,ML_CTL_47_0005
CTL,47.0,861.0,8.0,6.0,14.210526466369629,290.0,-0.9396926207859083,0.342020143325669,-0.8660254037844385,-0.5000000000000004,-6.255610942840576,6.029036045074463,216.6129913330078,3.162460052408278e-05,57.286373138427734,-10.311403274536133,-0.3246972858905792,239.9711151123047,0.00016260928532574326,29.03204345703125,-16.601455688476562,0.1361180692911148,267.4075012207031,0.002103351289406419,40.08251953125,-9.120050430297852,1.127822756767273,281.8080749511719,0.00783445779234171,78.210693359375,-5.093644618988037,0.2564384937286377,289.7243347167969,0.010152335278689861,72.81975555419922,2.316317659278866e-05,9.38589346333174e-06,5.888382434844971,-9.476432800292969,1.4449436664581299,2.316317659278866e-05,4.608217568602413e-05,62.00971603393555,0.3343251347541809,0.5777653872619435,0.31360676797356146,5,11,12,ML_CTL_47_0005
CTL,47.0,862.0,8.0,12.0,14.210526466369629,287.5,-0.9537169507482268,0.30070579950427345,-0.8660254037844385,-0.5000000000000004,-7.266506195068359,4.648779392242432,216.73780822753906,2.994994974869769e-05,52.70750045776367,-11.806373596191406,-0.31291475892066956,239.9670867919922,0.0001902274088934064,39.7370491027832,-15.193827629089355,0.8653104901313782,267.279052734375,0.002247247379273176,43.857505798339844,-7.8730974197387695,0.3686775863170624,281.6726989746094,0.007805909961462021,78.6661376953125,-5.923272132873535,0.6731225848197937,289.79315185546875,0.009841629303991795,70.256103515625,2.1553330952883698e-05,1.1694834938680287e-05,4.196441650390625,-9.612615585327148,1.2485949993133545,2.1553330952883698e-05,4.2907919123535976e-05,62.208534240722656,0.5936821699142456,0.5712129044044413,0.2868014874376785,5,12,12,ML_CTL_47_0005
CTL,47.0,874.0,8.0,12.0,18.0,310.0,-0.7660444431189781,0.6427876096865393,-0.8660254037844385,-0.5000000000000004,-14.933857917785645,-4.02013635635376,218.89442443847656,7.499851199099794e-05,100.9950180053711,-10.983030319213867,-0.51048743724823,242.2261199951172,0.0007993043400347233,101.99578857421875,-10.747668266296387,2.7923381328582764,269.2631530761719,0.005689516197890043,99.26941680908203,-10.876914024353027,0.8261269330978394,282.7956237792969,0.009770088829100132,91.16047668457031,-10.394464492797852,0.46918949484825134,290.4233093261719,0.013296619057655334,91.40879821777344,4.0407514461549e-05,3.0467759643215686e-05,6.384366989135742,-11.587186813354492,-0.08859387040138245,4.0407514461549e-05,3.0467759643215686e-05,65.81607055664062,2.2724239826202393,0.5824278172118426,0.33274783655922113,6,1,25,ML_CTL_47_0006
CTL,47.0,875.0,8.0,18.0,18.0,307.5,-0.7933533402912352,0.6087614290087205,-0.8660254037844385,-0.5000000000000004,-15.680882453918457,-5.400791168212891,219.27963256835938,7.753395766485482e-05,100.14218139648438,-11.083223342895508,-1.8345006704330444,243.2543182373047,0.0009720050729811192,109.94970703125,-8.062592506408691,2.792229413986206,269.53680419921875,0.005856651347130537,100.20497131347656,-10.094914436340332,0.9990561008453369,282.5503234863281,0.009927993640303612,94.19119262695312,-8.470179557800293,1.0950663089752197,290.4243469238281,0.013330318033695221,91.65604400634766,4.491785148275085e-05,3.720860695466399e-05,9.70517349243164,-10.67835807800293,-0.4697880744934082,4.491785148275085e-05,3.8115682400530204e-05,66.66619110107422,2.8732047080993652,0.5959548801802125,0.3886384053566654,6,2,25,ML_CTL_47_0006
CTL,47.0,876.0,8.0,0.0,18.0,305.0,-0.8191520442889918,0.573576436351046,-0.8660254037844385,-0.5000000000000004,-15.586606979370117,-4.374853134155273,218.95553588867188,7.481712236767635e-05,100.09308624267578,-10.805073738098145,-2.257197380065918,243.37460327148438,0.0009665957768447697,108.05192565917969,-7.294554233551025,2.653444528579712,269.4698181152344,0.005858506541699171,100.8757095336914,-9.814006805419922,1.3631099462509155,281.72222900390625,0.009982310235500336,100.1897964477539,-8.197273254394531,0.40393587946891785,290.3971862792969,0.013294448144733906,91.58345031738281,5.0188751629320905e-05,4.258169428794645e-05,8.799947738647461,-10.339503288269043,-0.4423120617866516,5.0188751629320905e-05,4.258169428794645e-05,67.36369323730469,4.6173858642578125,0.6761524543849092,0.7361457080247757,6,3,25,ML_CTL_47_0006
CTL,47.0,877.0,8.0,6.0,18.0,302.5,-0.8433914458128857,0.5372996083468239,-0.8660254037844385,-0.5000000000000004,-15.08167552947998,-4.720805644989014,218.23133850097656,6.817359098931774e-05,99.87726593017578,-9.910791397094727,-3.0252277851104736,243.30880737304688,0.0009719573426991701,107.72942352294922,-6.172761917114258,3.7107033729553223,269.39202880859375,0.0058558727614581585,101.38827514648438,-9.028018951416016,2.0398154258728027,281.4888000488281,0.009715856052935123,99.11500549316406,-9.36228084564209,0.605521559715271,290.37750244140625,0.013240580447018147,91.34117889404297,5.464852074510418e-05,4.64848562842235e-05,7.815448760986328,-9.911105155944824,-0.2779986560344696,5.464852074510418e-05,4.64848562842235e-05,67.7120132446289,5.207520961761475,0.7120970428249351,0.9055907291260836,6,4,25,ML_CTL_47_0006
CTL,47.0,878.0,8.0,12.0,18.0,300.0,-0.8660254037844386,0.5000000000000001,-0.8660254037844385,-0.5000000000000004,-14.671802520751953,-7.204550266265869,218.54808044433594,7.226324669318274e-05,101.27706146240234,-9.691116333007812,-3.4768683910369873,244.0780792236328,0.0010681338608264923,110.56892395019531,-4.104682445526123,5.172562122344971,269.3179626464844,0.005830316338688135,101.53302001953125,-8.249750137329102,3.4423418045043945,281.42974853515625,0.00955033116042614,97.83295440673828,-9.190205574035645,2.8444392681121826,290.5793151855469,0.01316086482256651,89.61113739013672,5.8105841162614524e-05,4.9436523113399744e-05,11.446837425231934,-9.181511878967285,0.15558496117591858,5.8105841162614524e-05,5.794860771857202e-05,67.12755584716797,4.461338520050049,0.6829721524744212,0.767464469271363,6,5,25,ML_CTL_47_0006
CTL,47.0,879.0,8.0,18.0,18.0,297.5,-0.8870108331782216,0.4617486132350341,-0.8660254037844385,-0.5000000000000004,-13.91077709197998,-8.570076942443848,220.6306915283203,9.508135553915054e-05,101.13224029541016,-6.933178424835205,-2.1182878017425537,244.35824584960938,0.001153044868260622,121.41536712646484,-2.3166494369506836,4.775563716888428,269.10894775390625,0.005601545795798302,99.58612060546875,-6.544517517089844,3.641752004623413,281.1148376464844,0.009427830576896667,98.66124725341797,-6.0398173332214355,3.4808497428894043,290.56231689453125,0.013156678527593613,89.684326171875,6.085597851779312e-05,5.51473640371114e-05,14.393638610839844,-7.148988246917725,0.2419600933790207,6.085597851779312e-05,7.204003486549482e-05,67.44786834716797,6.121740341186523,0.6265903905177351,0.517617076623238,6,6,25,ML_CTL_47_0006
CTL,47.0,880.0,8.0,0.0,18.0,295.0,-0.9063077870366498,0.4226182617406996,-0.8660254037844385,-0.5000000000000004,-12.878990173339844,-5.834887504577637,219.90069580078125,8.460727985948324e-05,100.07352447509766,-6.126577854156494,-1.6569287776947021,243.84336853027344,0.0010598863009363413,114.9311752319336,-3.03373646736145,3.388770341873169,269.24444580078125,0.0054284981451928616,95.81526947021484,-5.724124908447266,3.1099867820739746,280.76312255859375,0.009046298451721668,97.0274658203125,-5.240025997161865,1.9915496110916138,291.0331115722656,0.012924686074256897,85.49209594726562,5.961783244856633e-05,6.090284659876488e-05,10.936493873596191,-6.600691318511963,0.19969800114631653,5.961783244856633e-05,7.503893721150234e-05,65.6806869506836,3.7592697143554688,0.7404781356286639,1.0484551519516692,6,7,25,ML_CTL_47_0006
CTL,47.0,881.0,8.0,6.0,18.0,292.5,-0.9238795325112866,0.38268343236509,-0.8660254037844385,-0.5000000000000004,-12.504754066467285,-4.60369348526001,218.54981994628906,7.202419510576874e-05,100.99264526367188,-7.156882286071777,-2.6853652000427246,243.41650390625,0.0009893156820908189,110.86439514160156,-4.190184116363525,2.201507568359375,269.6562194824219,0.005922113545238972,100.6561279296875,-5.120731830596924,3.139119863510132,281.1220703125,0.00870042946189642,90.92747497558594,-5.7255096435546875,1.9685288667678833,291.1322326660156,0.012723542749881744,83.61803436279297,5.727446114178747e-05,5.546397005673498e-05,9.442047119140625,-6.939611911773682,0.004019522573798895,5.727446114178747e-05,6.43272214801982e-05,64.66279602050781,3.2710492610931396,0.7230146655292534,0.9594649455890496,6,8,25,ML_CTL_47_0006
CTL,47.0,882.0,8.0,12.0,19.894737243652344,290.0,-0.9396926207859083,0.342020143325669,-0.8660254037844385,-0.5000000000000004,-13.044833183288574,-0.727759063243866,218.7183074951172,7.444411312462762e-05,101.81058502197266,-14.336682319641113,-0.8661059141159058,243.94639587402344,0.001030918094329536,108.81514739990234,-12.66903018951416,0.2248723953962326,269.98077392578125,0.00605620676651597,100.48277282714844,-11.890644073486328,3.1037678718566895,281.2685546875,0.008712527342140675,90.08392333984375,-13.16723918914795,3.427060842514038,290.889892578125,0.012918746098876,86.20384216308594,6.054165351088159e-05,6.0178059356985614e-05,4.156622886657715,-13.021685600280762,1.03236722946167,6.054165351088159e-05,6.0178059356985614e-05,64.98926544189453,4.156622886657715,0.7870348802272013,1.3071441725626984,6,9,25,ML_CTL_47_0006
CTL,47.0,883.0,8.0,18.0,19.894737243652344,287.5,-0.9537169507482268,0.30070579950427345,-0.8660254037844385,-0.5000000000000004,-11.900315284729004,1.0008533000946045,220.46669006347656,9.158898319583386e-05,99.85188293457031,-13.457971572875977,-0.4845587909221649,245.65234375,0.0012385884765535593,111.00123596191406,-12.207148551940918,-0.5854524970054626,269.9006652832031,0.005986947566270828,100.12825012207031,-9.91031551361084,2.130059242248535,280.3518981933594,0.008681578561663628,95.79025268554688,-9.718502044677734,3.1432480812072754,291.4070739746094,0.012677445076406002,81.87033081054688,6.639688945142552e-05,7.612013723701239e-05,3.0578038692474365,-11.438851356506348,1.0408298969268799,6.639688945142552e-05,7.612013723701239e-05,66.76087951660156,3.0578038692474365,0.8106330461715797,1.4541287935814977,6,10,25,ML_CTL_47_0006
CTL,47.0,884.0,8.0,0.0,19.894737243652344,285.0,-0.9659258262890684,0.2588190451025203,-0.8660254037844385,-0.5000000000000004,-10.568034172058105,1.8648722171783447,221.55194091796875,0.00010497886250959709,100.0069351196289,-14.317205429077148,-0.7112162709236145,246.15267944335938,0.0013553211465477943,118.0804214477539,-13.658493995666504,-1.0482177734375,269.5909729003906,0.005823557730764151,99.87821197509766,-10.28981876373291,0.3979782164096832,279.5575866699219,0.008333513513207436,97.20767974853516,-8.742091178894043,1.5210810899734497,291.3175964355469,0.012621598318219185,82.01313018798828,6.682424282189459e-05,0.00010052541620098054,1.8580259084701538,-11.515128135681152,0.4048995077610016,6.682424282189459e-05,0.00010052541620098054,64.84208679199219,1.8580259084701538,0.7745469648869256,1.2341664297514887,6,11,25,ML_CTL_47_0006
CTL,47.0,885.0,8.0,6.0,19.894737243652344,282.5,-0.9762960071199335,0.21643961393810246,-0.8660254037844385,-0.5000000000000004,-11.589170455932617,1.1569864749908447,221.37879943847656,0.00010718942940002307,104.62315368652344,-15.53075122833252,-0.7299436926841736,245.4414520263672,0.0012817166280001402,121.14643859863281,-12.600105285644531,-2.504929542541504,269.9748840332031,0.006082833278924227,101.10865020751953,-9.780466079711914,-0.4539029598236084,279.0849609375,0.00803323369473219,96.81267547607422,-7.9537272453308105,0.36901623010635376,291.18048095703125,0.012537850998342037,82.18476867675781,6.94682530593127e-05,0.00010702195868361741,3.719858169555664,-11.4908447265625,-0.4325547218322754,6.94682530593127e-05,0.00010702195868361741,63.002113342285156,3.719858169555664,0.7463581043692324,1.0792821051816555,6,12,25,ML_CTL_47_0006
CTL,47.0,886.0,8.0,12.0,19.894737243652344,280.0,-0.9848077530122081,0.17364817766692997,-0.8660254037844385,-0.5000000000000004,-13.327495574951172,2.1829121112823486,220.85159301757812,9.607026731828228e-05,99.98924255371094,-15.322454452514648,-0.6001015305519104,245.87548828125,0.0012811670312657952,113.21458435058594,-12.041574478149414,-4.984650135040283,270.1471252441406,0.006157045718282461,100.9911117553711,-8.437758445739746,-1.6978505849838257,278.8471984863281,0.007952963002026081,97.34202575683594,-7.365299701690674,-0.9102169275283813,290.88848876953125,0.012380828149616718,82.64694213867188,7.414650463033468e-05,9.819649858400226e-05,6.716786861419678,-11.298916816711426,-1.2019813060760498,7.414650463033468e-05,9.819649858400226e-05,62.397735595703125,6.716786861419678,0.7966669660237784,1.3655915357693678,6,13,25,ML_CTL_47_0006
CTL,47.0,887.0,8.0,18.0,19.894737243652344,277.5,-0.9914448613738105,0.13052619222005127,-0.8660254037844385,-0.5000000000000004,-13.448657989501953,3.1987335681915283,221.86904907226562,0.00011126534809591249,101.33609771728516,-14.078380584716797,-1.6108604669570923,246.12808227539062,0.0013839004095643759,122.37545776367188,-10.73671817779541,-7.567028045654297,269.9614562988281,0.0060769058763980865,101.13670349121094,-5.927468299865723,-4.612990856170654,278.8594970703125,0.007870785892009735,96.2861328125,-6.003057479858398,-3.463566780090332,291.06951904296875,0.012527666985988617,82.6012191772461,7.093128078849986e-05,9.399689588462934e-05,9.991156578063965,-10.038856506347656,-2.8111424446105957,7.093128078849986e-05,9.399689588462934e-05,62.47600173950195,6.637325286865234,0.7101529971367447,0.8961272283163944,6,14,25,ML_CTL_47_0006
CTL,47.0,888.0,8.0,0.0,19.894737243652344,277.5,-0.9914448613738105,0.13052619222005127,-0.8660254037844385,-0.5000000000000004,-10.551691055297852,0.21722793579101562,221.07693481445312,0.00011695832654368132,118.24421691894531,-13.449990272521973,3.5644874572753906,244.8882293701172,0.0012628382537513971,126.66722869873047,-12.823885917663574,5.514900207519531,269.67303466796875,0.0059790113009512424,101.4197006225586,-6.4013671875,5.010807991027832,278.88623046875,0.0074802241288125515,91.38328552246094,-6.1001200675964355,5.1728129386901855,291.0107116699219,0.01172959990799427,77.67791748046875,7.005274528637528e-05,9.95472728391178e-05,6.661404132843018,-9.865411758422852,3.8960471153259277,7.005274528637528e-05,9.95472728391178e-05,64.85018920898438,5.24303674697876,0.5978581144665526,0.39654848358475503,6,15,25,ML_CTL_47_0006
CTL,47.0,889.0,8.0,6.0,19.894737243652344,275.0,-0.9961946980917455,0.08715574274765789,-0.8660254037844385,-0.5000000000000004,-12.343618392944336,-0.9596402645111084,220.18008422851562,8.840909140417352e-05,100.55782318115234,-11.323712348937988,1.6894800662994385,244.8870086669922,0.0011740322224795818,114.23224639892578,-11.456162452697754,1.8268659114837646,270.3123779296875,0.006253805477172136,101.05809783935547,-6.396454811096191,1.0755423307418823,279.60516357421875,0.007805459201335907,90.59903717041016,-5.321255207061768,2.5189049243927,291.1976318359375,0.011894265189766884,77.84619903564453,6.79111253703013e-05,9.21778628253378e-05,7.836699485778809,-9.368240356445312,1.2302305698394775,6.79111253703013e-05,9.21778628253378e-05,64.57234954833984,3.213369369506836,0.7936508584157227,1.347074043431276,6,16,25,ML_CTL_47_0006
CTL,47.0,890.0,8.0,12.0,19.894737243652344,272.5,-0.9990482215818578,0.043619387365335764,-0.8660254037844385,-0.5000000000000004,-13.749839782714844,1.1406832933425903,219.6885223388672,8.354811870958656e-05,101.19066619873047,-10.862441062927246,-0.3350927531719208,244.58973693847656,0.0011360453208908439,113.377197265625,-10.845832824707031,-3.1095798015594482,270.63763427734375,0.006419602781534195,100.9106674194336,-6.1625471115112305,-1.989198923110962,279.84149169921875,0.008130969479680061,92.77880859375,-3.9469776153564453,-0.17967385053634644,290.16644287109375,0.012109806761145592,84.63461303710938,6.691662565572187e-05,8.114886441035196e-05,9.891382217407227,-9.11352825164795,-0.894572377204895,6.691662565572187e-05,8.114886441035196e-05,64.93829345703125,1.3462129831314087,0.7798035875020389,1.2645221449397912,6,17,25,ML_CTL_47_0006
CTL,47.0,891.0,8.0,18.0,19.894737243652344,270.0,-1.0,-1.8369701987210297e-16,-0.8660254037844385,-0.5000000000000004,-11.993648529052734,3.128763198852539,220.1593017578125,8.848118886817247e-05,100.41499328613281,-9.701458930969238,-2.4574050903320312,245.0797576904297,0.0012072897516191006,115.88606262207031,-9.750304222106934,-6.573805809020996,270.5333251953125,0.006376082543283701,101.00243377685547,-4.804853439331055,-4.488902568817139,280.87408447265625,0.008097060024738312,86.07579803466797,-2.760718822479248,-3.513408660888672,290.5606689453125,0.012690285220742226,86.40217590332031,6.096806828281842e-05,7.34880450181663e-05,11.373892784118652,-7.802197456359863,-2.780951738357544,6.096806828281842e-05,7.629521132912487e-05,65.7435531616211,6.497457981109619,0.7182599943680575,0.9358469328282242,6,18,25,ML_CTL_47_0006
CTL,47.0,892.0,8.0,0.0,19.894737243652344,270.0,-1.0,-1.8369701987210297e-16,-0.8660254037844385,-0.5000000000000004,-9.192632675170898,0.391542911529541,219.9314422607422,8.525151497451589e-05,99.89244842529297,-10.79773235321045,-1.277160882949829,244.4261474609375,0.001087531098164618,111.31038665771484,-11.514497756958008,2.612436056137085,270.2255554199219,0.006208190228790045,100.67581939697266,-5.5648651123046875,3.973686456680298,280.4076843261719,0.007917046546936035,86.87711334228516,-4.304429054260254,4.1056904792785645,290.68511962890625,0.011727451346814632,79.29280090332031,6.120953912613913e-05,8.085610170383006e-05,6.139171600341797,-8.27483081817627,1.9612388610839844,6.120953912613913e-05,8.226327918237075e-05,68.36140441894531,4.018922805786133,0.7940464393675439,1.349491237852702,6,19,25,ML_CTL_47_0006
CTL,47.0,893.0,8.0,6.0,19.894737243652344,267.5,-0.9990482215818578,-0.04361938736533613,-0.8660254037844385,-0.5000000000000004,-10.565397262573242,0.4586695432662964,219.30641174316406,6.968417437747121e-05,88.51637268066406,-11.281201362609863,-2.9174137115478516,243.21087646484375,0.0008739737095311284,100.28031158447266,-10.174906730651855,-3.1522159576416016,269.4154968261719,0.005846746731549501,100.7123794555664,-5.150842189788818,-1.5852606296539307,281.2627868652344,0.008912432007491589,92.3535385131836,-3.6043765544891357,0.16266891360282898,290.0198974609375,0.01145874708890915,80.84912872314453,5.9306243201717734e-05,6.404819578165188e-05,6.967310905456543,-8.15534496307373,-1.4067103862762451,5.9306243201717734e-05,6.892874807817861e-05,72.67822265625,0.5358790755271912,0.8630921010890175,1.841212978362457,6,20,25,ML_CTL_47_0006
CTL,47.0,894.0,8.0,12.0,19.894737243652344,267.5,-0.9990482215818578,-0.04361938736533613,-0.8660254037844385,-0.5000000000000004,-10.421767234802246,-0.87013179063797,219.6402587890625,4.477484253584407e-05,55.61956024169922,-10.587611198425293,-0.417204886674881,242.7360076904297,0.0007434573490172625,84.08353424072266,-11.09473991394043,4.166095733642578,268.64678955078125,0.005539940670132637,101.416015625,-6.880901336669922,6.458609580993652,280.7442321777344,0.008122889325022697,87.1211166381836,-5.731557846069336,5.679625034332275,290.155517578125,0.01141478680074215,79.86202239990234,5.146549301571213e-05,5.951924322289415e-05,8.055891036987305,-8.943315505981445,3.0033984184265137,5.146549301571213e-05,7.095513865351677e-05,74.09834289550781,5.097989082336426,0.9422806419515397,2.792710539576614,6,21,25,ML_CTL_47_0006
CTL,47.0,895.0,8.0,18.0,19.894737243652344,265.0,-0.9961946980917455,-0.08715574274765825,-0.8660254037844385,-0.5000000000000004,-9.111795425415039,0.07481618970632553,220.57620239257812,7.43206255719997e-05,81.06407165527344,-9.31869888305664,-0.6403146982192993,242.66114807128906,0.000862681248690933,102.37287139892578,-9.771737098693848,-1.8003822565078735,269.8616638183594,0.006018672604113817,100.27847290039062,-5.8228631019592285,0.9680739641189575,281.5142822265625,0.008691648952662945,88.48987579345703,-4.664344787597656,-0.23053905367851257,290.43096923828125,0.01239018328487873,85.15087127685547,4.5836142817279324e-05,5.063230128143914e-05,4.457921028137207,-7.737888336181641,-0.32566916942596436,4.5836142817279324e-05,5.973120278213173e-05,79.50386810302734,1.1587754487991333,0.7867731672310387,1.3055834406239493,6,22,25,ML_CTL_47_0006
CTL,47.0,896.0,8.0,0.0,19.894737243652344,265.0,-0.9961946980917455,-0.08715574274765825,-0.8660254037844385,-0.5000000000000004,-7.933623313903809,0.48421481251716614,219.6775665283203,6.308087904471904e-05,75.47529602050781,-8.57452392578125,0.012079404667019844,242.44009399414062,0.0008329837000928819,104.97138977050781,-12.036372184753418,2.959115743637085,269.84039306640625,0.005931373685598373,99.01150512695312,-6.877802848815918,4.87930965423584,281.1148376464844,0.008256609551608562,86.3332290649414,-7.109519958496094,3.9302947521209717,290.8462219238281,0.011963978409767151,80.06904602050781,3.6056149838259444e-05,4.684693703893572e-05,3.5432488918304443,-8.506368637084961,2.4530029296875,3.6056149838259444e-05,6.890051736263558e-05,79.84440612792969,2.5193583965301514,0.7619893949931438,1.1636174067268716,6,23,25,ML_CTL_47_0006
CTL,47.0,897.0,8.0,6.0,19.894737243652344,262.5,-0.9914448613738104,-0.13052619222005163,-0.8660254037844385,-0.5000000000000004,-6.969037055969238,0.36434799432754517,218.7870635986328,7.548389112344012e-05,102.12841033935547,-8.799925804138184,-0.09500057250261307,242.7130889892578,0.0007880687480792403,101.28596496582031,-12.087363243103027,-2.3912320137023926,270.0837097167969,0.005927868187427521,97.76398468017578,-7.197363376617432,-0.4614116847515106,280.51214599609375,0.008987837471067905,98.0147933959961,-6.471562385559082,-0.1285356730222702,290.2088317871094,0.013756937347352505,95.89234924316406,3.23476706398651e-05,3.9634513086639345e-05,0.7002966403961182,-8.30505084991455,-0.5423663854598999,3.23476706398651e-05,5.511721610673703e-05,83.86323547363281,0.7002966403961182,0.5504885765908306,0.2026449377973072,6,24,25,ML_CTL_47_0006
CTL,47.0,898.0,8.0,12.0,19.894737243652344,262.5,-0.9914448613738104,-0.13052619222005163,-0.8660254037844385,-0.5000000000000004,-4.11232852935791,0.8994176983833313,218.61138916015625,6.763603596482426e-05,93.20781707763672,-7.672987461090088,1.2372791767120361,242.58555603027344,0.0007808650261722505,101.38638305664062,-15.305113792419434,2.547840118408203,269.2935791015625,0.005681417416781187,99.69669342041016,-8.729483604431152,3.3387067317962646,280.4786376953125,0.008368808776140213,91.50364685058594,-7.228107452392578,1.5911906957626343,289.8982238769531,0.013443072326481342,95.5896987915039,2.8486258088378236e-05,3.0689472623635083e-05,3.1916496753692627,-8.609604835510254,1.922886848449707,2.8486258088378236e-05,5.546813190449029e-05,81.12539672851562,0.9668904542922974,0.5512291461781499,0.2056381863482175,6,25,25,ML_CTL_47_0006
CTL,47.0,882.0,8.0,12.0,12.315789222717285,317.5,-0.6755902076156605,0.7372773368101239,-0.8660254037844385,-0.5000000000000004,-7.754963397979736,1.687247633934021,220.6501922607422,9.134013089351356e-05,100.00582122802734,-9.723264694213867,2.8045787811279297,241.92198181152344,0.0004334256227593869,60.14336395263672,-12.646476745605469,1.6866934299468994,268.8347473144531,0.005065223202109337,89.66199493408203,-10.563156127929688,0.14047980308532715,282.3872375488281,0.009831874631345272,94.32391357421875,-0.5486491918563843,-0.3670070469379425,289.00360107421875,0.01326510589569807,99.8797378540039,4.929923306917772e-05,1.7807808035286143e-05,7.493391990661621,-8.24730110168457,1.1903985738754272,4.929923306917772e-05,5.2046776545466855e-05,73.3347396850586,5.691941261291504,0.6632077624070704,0.6776220736508156,7,1,57,ML_CTL_47_0007
CTL,47.0,883.0,8.0,18.0,12.315789222717285,315.0,-0.7071067811865477,0.7071067811865474,-0.8660254037844385,-0.5000000000000004,-7.0401291847229,3.084426164627075,219.11138916015625,7.58664682507515e-05,100.00773620605469,-11.802952766418457,2.196934461593628,242.1452178955078,0.0008440232486464083,108.66598510742188,-13.345102310180664,0.9840080142021179,269.2606201171875,0.005724470596760511,99.77710723876953,-9.720067024230957,-0.18859168887138367,281.875732421875,0.009632590226829052,95.65937042236328,0.6095529794692993,-0.9287429451942444,289.0915832519531,0.013263910077512264,99.32546997070312,5.360144132282585e-05,3.0120732844807208e-05,8.638469696044922,-8.259739875793457,1.029606819152832,5.360144132282585e-05,5.7779205235419795e-05,73.396240234375,6.1248321533203125,0.5876163851347815,0.35412030857287036,7,2,57,ML_CTL_47_0007
CTL,47.0,884.0,8.0,0.0,12.315789222717285,315.0,-0.7071067811865477,0.7071067811865474,-0.8660254037844385,-0.5000000000000004,-7.23214054107666,0.04167287424206734,218.7989959716797,7.364204793702811e-05,101.09846496582031,-10.816286087036133,2.228391408920288,241.69091796875,0.0007994785555638373,108.1082534790039,-9.8051118850708,4.386265277862549,269.20355224609375,0.0056735738180577755,99.3916015625,-8.147884368896484,1.8165520429611206,282.391845703125,0.009740783832967281,93.43148803710938,0.23586148023605347,0.2447335571050644,289.0898132324219,0.013335312716662884,99.87397003173828,5.3504387324210256e-05,3.1775238312548026e-05,7.470762252807617,-7.153111934661865,1.7435230016708374,5.3504387324210256e-05,6.60032601444982e-05,73.02644348144531,4.328024864196777,0.5808854401794573,0.32640926542701054,7,3,57,ML_CTL_47_0007
CTL,47.0,885.0,8.0,6.0,12.315789222717285,312.5,-0.7372773368101242,0.6755902076156601,-0.8660254037844385,-0.5000000000000004,-8.088054656982422,-1.653132677078247,217.46826171875,6.294329068623483e-05,101.6510009765625,-11.036909103393555,2.4267430305480957,242.0360870361328,0.000829373428132385,106.92882537841797,-9.53854751586914,4.932055950164795,269.4478454589844,0.005819007754325867,100.00971984863281,-8.937162399291992,1.741611361503601,281.9123840332031,0.009564697742462158,94.74381256103516,-3.8375649452209473,0.1655808389186859,289.2023620605469,0.013326890766620636,99.10810089111328,5.5227668781299144e-05,4.232657011016272e-05,4.623243808746338,-8.28764820098877,1.5225718021392822,5.5227668781299144e-05,6.842777656856924e-05,73.38988494873047,1.2429865598678589,0.663223976766376,0.6776946664033696,7,4,57,ML_CTL_47_0007
CTL,47.0,886.0,8.0,12.0,12.315789222717285,310.0,-0.7660444431189781,0.6427876096865393,-0.8660254037844385,-0.5000000000000004,-10.056013107299805,-2.1128225326538086,217.9519805908203,6.593413127120584e-05,99.85148620605469,-11.383581161499023,2.2451937198638916,242.89122009277344,0.000909044814761728,106.75900268554688,-10.957061767578125,2.953944683074951,269.71575927734375,0.005979451350867748,100.93571472167969,-9.160100936889648,1.1824101209640503,281.5377502441406,0.009576844051480293,97.32788848876953,-5.992411136627197,-0.2403504103422165,289.36151123046875,0.01320753712207079,97.19847106933594,5.609657091554254e-05,4.709341374109499e-05,4.474261283874512,-9.509833335876465,0.8056751489639282,5.609657091554254e-05,6.507454963866621e-05,73.17137145996094,2.436251401901245,0.7166317349313129,0.9278147476147915,7,5,57,ML_CTL_47_0007
CTL,47.0,887.0,8.0,18.0,12.315789222717285,310.0,-0.7660444431189781,0.6427876096865393,-0.8660254037844385,-0.5000000000000004,-10.375325202941895,-2.3864574432373047,218.4177703857422,6.344883877318352e-05,91.21932220458984,-8.775911331176758,2.1880743503570557,242.02508544921875,0.0007606879225932062,98.4973373413086,-8.359761238098145,4.136854648590088,269.6536865234375,0.005942924413830042,100.4479751586914,-7.2189764976501465,3.551070213317871,281.6652526855469,0.009160407818853855,92.28753662109375,-1.7672127485275269,3.5167174339294434,289.5378723144531,0.012928314507007599,94.06681060791016,6.141345511423424e-05,4.1956023778766394e-05,10.437771797180176,-7.299437046051025,2.201251983642578,6.141345511423424e-05,7.059215568006039e-05,75.10974884033203,1.8848612308502197,0.7812938633977179,1.273222357881954,7,6,57,ML_CTL_47_0007
CTL,47.0,888.0,8.0,0.0,12.315789222717285,307.5,-0.7933533402912352,0.6087614290087205,-0.8660254037844385,-0.5000000000000004,-8.350546836853027,0.06285171955823898,218.1222686767578,6.61759841023013e-05,97.82368469238281,-8.958126068115234,2.7234599590301514,242.5756378173828,0.0009093486587516963,111.01640319824219,-11.637407302856445,1.556382417678833,269.72314453125,0.005984371528029442,100.95088958740234,-7.525308609008789,0.12924377620220184,281.54449462890625,0.009279472753405571,94.26319885253906,-4.479931831359863,-0.585940420627594,289.7289733886719,0.012785027734935284,91.8696060180664,5.726455128751695e-05,5.529082045541145e-05,3.9246134757995605,-8.190263748168945,0.7771995663642883,5.726455128751695e-05,6.942050094949082e-05,72.59678649902344,2.285876512527466,0.7413311107103728,1.0528985444626553,7,7,57,ML_CTL_47_0007
CTL,47.0,889.0,8.0,6.0,12.315789222717285,307.5,-0.7933533402912352,0.6087614290087205,-0.8660254037844385,-0.5000000000000004,-7.63515567779541,-0.37365642189979553,217.5897979736328,5.8099798479815945e-05,92.8550796508789,-6.4099321365356445,0.3102596700191498,241.0904541015625,0.0006487718201242387,93.64909362792969,-9.202997207641602,4.257060527801514,269.1851501464844,0.005695575848221779,99.42544555664062,-6.479764461517334,3.8889145851135254,281.2651672363281,0.008900581859052181,92.16192626953125,-2.139782667160034,3.8237111568450928,289.5186462402344,0.012393338605761528,90.29191589355469,6.156945164548233e-05,5.1525963499443606e-05,6.914985179901123,-6.373526573181152,2.381258010864258,6.156945164548233e-05,7.266369357239455e-05,77.9004898071289,2.407559394836426,0.8368305154372887,1.6348321162679338,7,8,57,ML_CTL_47_0007
CTL,47.0,890.0,8.0,12.0,12.315789222717285,305.0,-0.8191520442889918,0.573576436351046,-0.8660254037844385,-0.5000000000000004,-7.20241117477417,-1.3674007654190063,217.89700317382812,6.264541298151016e-05,95.09858703613281,-10.590145111083984,-0.5197999477386475,242.34661865234375,0.0008762137149460614,109.91307067871094,-10.96983528137207,1.4883681535720825,269.70184326171875,0.005968978628516197,100.73278045654297,-5.016249656677246,0.14142051339149475,281.0866394042969,0.009312046691775322,97.62227630615234,-1.7000271081924438,1.1872771978378296,289.2755126953125,0.012557675130665302,92.95547485351562,6.21955914539285e-05,6.331520853564143e-05,6.0665154457092285,-7.095733642578125,0.18597301840782166,6.21955914539285e-05,6.858035339973867e-05,76.22698974609375,1.648495078086853,0.8054500107118305,1.420711996372125,7,9,57,ML_CTL_47_0007
CTL,47.0,891.0,8.0,18.0,12.315789222717285,305.0,-0.8191520442889918,0.573576436351046,-0.8660254037844385,-0.5000000000000004,-6.734847545623779,-1.0973597764968872,217.73358154296875,4.801435352419503e-05,74.5539321899414,-10.112467765808105,0.7024153470993042,241.4764862060547,0.000533359416294843,75.10090637207031,-8.259305000305176,3.80725359916687,269.4501037597656,0.005659772548824549,96.28340148925781,-2.932884693145752,2.07246470451355,281.4007263183594,0.008811918087303638,90.43624877929688,2.106457233428955,3.2451632022857666,289.6761169433594,0.011808466166257858,85.20549774169922,6.0884740378241986e-05,5.9376954595791176e-05,9.850186347961426,-5.186609745025635,1.7459872961044312,6.0884740378241986e-05,7.026417006272823e-05,79.43817138671875,0.3827991783618927,0.9319856799359824,2.6175991775099474,7,10,57,ML_CTL_47_0007
CTL,47.0,892.0,8.0,0.0,14.210526466369629,305.0,-0.8191520442889918,0.573576436351046,-0.8660254037844385,-0.5000000000000004,-5.664915561676025,-0.7650513052940369,218.58799743652344,7.11467073415406e-05,100.01982116699219,-7.717380046844482,0.8136323690414429,241.48757934570312,0.000544598966371268,77.59038543701172,-11.973922729492188,2.3653414249420166,268.5248107910156,0.004996018018573523,89.5037841796875,-12.904012680053711,2.155012369155884,283.12811279296875,0.008879509754478931,81.05020904541016,-6.930575370788574,2.3327698707580566,289.9788513183594,0.012168699875473976,85.99188232421875,5.6100445362972096e-05,2.180407136620488e-05,3.3463997840881348,-9.038161277770996,1.3803409337997437,5.6100445362972096e-05,6.902539462316781e-05,76.26969909667969,1.9650644063949585,0.7606667886087507,1.156338631190717,7,11,57,ML_CTL_47_0007
CTL,47.0,893.0,8.0,6.0,12.315789222717285,302.5,-0.8433914458128857,0.5372996083468239,-0.8660254037844385,-0.5000000000000004,-7.904849529266357,-4.2611212730407715,217.8644561767578,5.764884554082528e-05,89.73072052001953,-7.963111877441406,1.767899990081787,241.40452575683594,0.0004406475927680731,61.965518951416016,-5.760746002197266,2.6943135261535645,268.9844055175781,0.005316575989127159,92.58906555175781,-2.8830206394195557,1.9609930515289307,281.55633544921875,0.008677304722368717,88.08859252929688,0.009291722439229488,2.3852522373199463,289.896484375,0.011624380946159363,82.67137908935547,5.443111149361357e-05,5.322021752363071e-05,10.33479118347168,-4.900486946105957,0.9094675183296204,5.443111149361357e-05,5.9263024013489485e-05,82.96113586425781,2.2864623069763184,0.8560623541444441,1.7829630262094542,7,12,57,ML_CTL_47_0007
CTL,47.0,894.0,8.0,12.0,14.210526466369629,302.5,-0.8433914458128857,0.5372996083468239,-0.8660254037844385,-0.5000000000000004,-6.69600772857666,-5.190026760101318,219.96763610839844,8.214409172069281e-05,98.93637084960938,-6.655503273010254,-0.9743992686271667,241.8018798828125,0.00048286636592820287,67.93930053710938,-10.215413093566895,2.3225412368774414,268.83660888671875,0.004881221801042557,84.71611785888672,-11.219270706176758,3.156836986541748,282.81549072265625,0.009089082479476929,84.73561096191406,-6.08125114440918,4.097356796264648,289.8253479003906,0.011961983516812325,85.32564544677734,5.291624620440416e-05,2.1401610865723342e-05,9.307707786560059,-8.173489570617676,0.6824618577957153,5.291624620440416e-05,5.1781174988718703e-05,79.60271453857422,0.996832013130188,0.7335645942991769,1.0127838227089914,7,13,57,ML_CTL_47_0007
CTL,47.0,895.0,8.0,18.0,14.210526466369629,300.0,-0.8660254037844386,0.5000000000000001,-0.8660254037844385,-0.5000000000000004,-7.27916955947876,-5.303750038146973,219.52294921875,7.823948544682935e-05,99.4021224975586,-6.206014633178711,-0.9824203252792358,241.7227325439453,0.000542959722224623,75.3404769897461,-10.892509460449219,0.044746603816747665,269.14892578125,0.005365865770727396,92.06682586669922,-10.535457611083984,0.20725201070308685,283.2309875488281,0.009175158105790615,83.1884994506836,-5.845685958862305,1.129842758178711,290.4670715332031,0.011914610862731934,81.62071228027344,5.3758409194415435e-05,2.5759503841982223e-05,6.591357231140137,-8.151766777038574,-0.9808658361434937,5.3758409194415435e-05,4.820949106942862e-05,79.72740936279297,0.6196761131286621,0.6866524550090686,0.7845153343911964,7,14,57,ML_CTL_47_0007
CTL,47.0,896.0,8.0,0.0,14.210526466369629,297.5,-0.8870108331782216,0.4617486132350341,-0.8660254037844385,-0.5000000000000004,-6.968314170837402,-3.649095058441162,218.36314392089844,6.65241022943519e-05,96.40412139892578,-6.489310264587402,-0.38653504848480225,241.63926696777344,0.000723713543266058,98.67243957519531,-12.569025993347168,-1.1789978742599487,269.63104248046875,0.005726760718971491,96.2853775024414,-11.839374542236328,-2.359790086746216,283.1293029785156,0.009605996310710907,87.68901824951172,-7.635715484619141,-1.8113985061645508,290.4709167480469,0.01264514122158289,86.57643127441406,5.158568819751963e-05,2.7697289624484256e-05,1.9551351070404053,-9.100347518920898,-1.877163290977478,5.158568819751963e-05,4.832707054447383e-05,82.37049865722656,1.9551351070404053,0.6333558543389357,0.5466406880290888,7,15,57,ML_CTL_47_0007
CTL,47.0,897.0,8.0,6.0,14.210526466369629,297.5,-0.8870108331782216,0.4617486132350341,-0.8660254037844385,-0.5000000000000004,-6.9150919914245605,-4.1666178703308105,218.96168518066406,7.214233482955024e-05,99.07416534423828,-5.481348514556885,-2.3700802326202393,241.17910766601562,0.0006013995152898133,84.72251892089844,-12.361289978027344,0.160475954413414,269.3486328125,0.005621657706797123,96.6535415649414,-12.06949520111084,-0.3710309863090515,282.8146057128906,0.009598974138498306,89.51278686523438,-6.925512313842773,1.0440714359283447,290.1441955566406,0.012121148407459259,84.73403930664062,5.392082312027924e-05,2.8456006475607865e-05,5.210700035095215,-8.750547409057617,-1.1406364440917969,5.392082312027924e-05,4.9762620619731024e-05,87.59245300292969,3.254830837249756,0.661881561998114,0.6716903881684346,7,16,57,ML_CTL_47_0007
CTL,47.0,898.0,8.0,12.0,14.210526466369629,295.0,-0.9063077870366498,0.4226182617406996,-0.8660254037844385,-0.5000000000000004,-5.028136253356934,-3.3409430980682373,221.30361938476562,9.917694114847109e-05,99.87010955810547,-7.794474124908447,-2.2316267490386963,242.15089416503906,0.000720629992429167,94.29969787597656,-13.880953788757324,0.2966774106025696,269.4864196777344,0.005782299675047398,98.80509948730469,-11.290457725524902,-0.47892650961875916,282.5926208496094,0.009783104062080383,92.5949478149414,-7.354419231414795,0.4971524775028229,290.1804504394531,0.012513103894889355,87.32048034667969,5.760071144322865e-05,3.6684839869849384e-05,4.4880475997924805,-9.06968879699707,-1.0515333414077759,5.760071144322865e-05,4.9584254156798124e-05,86.2744369506836,4.4880475997924805,0.6845692846152961,0.7748508036317203,7,17,57,ML_CTL_47_0007
CTL,47.0,899.0,8.0,18.0,14.210526466369629,295.0,-0.9063077870366498,0.4226182617406996,-0.8660254037844385,-0.5000000000000004,-5.239100456237793,-2.1198673248291016,219.3411865234375,7.706462929490954e-05,99.30516815185547,-9.885455131530762,-1.6272815465927124,241.76766967773438,0.0006902615423314273,93.51425170898438,-13.462603569030762,1.4145714044570923,270.0126953125,0.005349237471818924,86.20603942871094,-7.934755802154541,0.8849073648452759,282.9023132324219,0.009410405531525612,87.21839904785156,-3.449631929397583,2.02787184715271,290.260986328125,0.011719449423253536,81.41030883789062,5.6368764489889145e-05,3.5920751543017104e-05,4.517293453216553,-7.994309425354004,0.11604030430316925,5.6368764489889145e-05,5.5960983445402235e-05,85.92936706542969,4.517293453216553,0.7247799784652617,0.9682972747342893,7,18,57,ML_CTL_47_0007
CTL,47.0,900.0,8.0,0.0,14.210526466369629,292.5,-0.9238795325112866,0.38268343236509,-0.8660254037844385,-0.5000000000000004,-4.51230001449585,-0.2295135110616684,217.91610717773438,6.489955558208749e-05,99.35042572021484,-11.261711120605469,0.8490907549858093,241.63360595703125,0.00067445746390149,92.72341918945312,-13.611446380615234,1.6491273641586304,270.013427734375,0.005463595502078533,87.7541275024414,-9.143732070922852,-1.0711556673049927,283.30859375,0.009764205664396286,88.0660400390625,-5.9201979637146,-0.9039866924285889,290.44036865234375,0.012410749681293964,85.19944763183594,5.480362233356573e-05,4.373447154648602e-05,1.5611183643341064,-8.889877319335938,0.05871246010065079,5.480362233356573e-05,5.371827137423679e-05,83.79529571533203,1.5611183643341064,0.7281977497132571,0.9854978646488535,7,19,57,ML_CTL_47_0007
CTL,47.0,901.0,8.0,6.0,14.210526466369629,292.5,-0.9238795325112866,0.38268343236509,-0.8660254037844385,-0.5000000000000004,-5.942014217376709,-3.0559818744659424,218.5088653564453,6.854259845567867e-05,99.0419692993164,-10.546574592590332,-1.0781466960906982,241.46435546875,0.00032463547540828586,48.166847229003906,-10.665230751037598,3.928562641143799,269.3647155761719,0.004328608047217131,70.34139251708984,-7.37261962890625,1.8243945837020874,283.2579345703125,0.00955338403582573,86.45524597167969,-4.377536296844482,2.690195322036743,289.94696044921875,0.01232196856290102,87.23326873779297,5.474986755871214e-05,3.662810195237398e-05,5.955345630645752,-7.780795097351074,0.8618047833442688,5.474986755871214e-05,4.8630728997522965e-05,86.87071990966797,2.757244348526001,0.8055669923967289,1.4214586980585544,7,20,57,ML_CTL_47_0007
CTL,47.0,902.0,8.0,12.0,14.210526466369629,290.0,-0.9396926207859083,0.342020143325669,-0.8660254037844385,-0.5000000000000004,-5.697268962860107,-3.1950032711029053,220.17735290527344,8.652801625430584e-05,100.59890747070312,-9.900391578674316,0.7782084345817566,241.6434783935547,0.00035941385431215167,52.94712448120117,-8.334460258483887,3.874603033065796,269.54864501953125,0.00538304727524519,88.29501342773438,-5.782602310180664,2.3343453407287598,282.97430419921875,0.009627225808799267,88.79900360107422,-4.250916481018066,2.28694748878479,290.21673583984375,0.012785662896931171,89.04633331298828,5.8572011766955256e-05,4.2428888264112175e-05,5.669543266296387,-6.79312801361084,1.2158201932907104,5.8572011766955256e-05,4.487031765165739e-05,85.53729248046875,1.4192733764648438,0.800118851729969,1.3870373500392157,7,21,57,ML_CTL_47_0007
CTL,47.0,903.0,8.0,18.0,14.210526466369629,287.5,-0.9537169507482268,0.30070579950427345,-0.8660254037844385,-0.5000000000000004,-5.488889217376709,-1.1300292015075684,219.18617248535156,7.705069583607838e-05,100.10513305664062,-8.460505485534668,2.7919726371765137,243.0753173828125,0.0009128923411481082,107.3346176147461,-6.214102268218994,2.296351194381714,269.7057189941406,0.00599001394584775,100.76578521728516,-2.7425804138183594,0.36367371678352356,282.9694519042969,0.009562058374285698,88.25139617919922,-2.404147148132324,-0.1361725777387619,290.6070251464844,0.013027806766331196,88.52912139892578,5.1688981329789385e-05,5.002770558348857e-05,3.2408926486968994,-5.062044620513916,0.8371591567993164,5.1688981329789385e-05,5.002770558348857e-05,80.37891387939453,3.2408926486968994,0.625608048239846,0.5134208059765868,7,22,57,ML_CTL_47_0007
CTL,47.0,904.0,8.0,0.0,14.210526466369629,287.5,-0.9537169507482268,0.30070579950427345,-0.8660254037844385,-0.5000000000000004,-8.16779613494873,-0.572149932384491,219.14280700683594,7.404224743368104e-05,98.68851470947266,-9.81790542602539,2.8983170986175537,241.92807006835938,0.0004835168947465718,64.81795501708984,-3.230215072631836,4.562624454498291,269.6578063964844,0.005937664769589901,99.48226165771484,-0.07257407158613205,1.6725997924804688,283.24798583984375,0.009262926876544952,83.85369873046875,0.4378225803375244,1.3556647300720215,290.8910217285156,0.012524361722171307,83.55349731445312,5.2448267524596304e-05,4.195936708129011e-05,8.818907737731934,-4.1701340675354,1.983411431312561,5.2448267524596304e-05,5.851096284459345e-05,82.12796783447266,5.525600433349609,0.7147871263178347,0.9187489462759637,7,23,57,ML_CTL_47_0007
CTL,47.0,905.0,8.0,6.0,16.105262756347656,287.5,-0.9537169507482268,0.30070579950427345,-0.8660254037844385,-0.5000000000000004,-4.799351692199707,-0.5287104249000549,221.66116333007812,0.00010329244105378166,100.01045989990234,-7.521914005279541,4.440506458282471,242.669189453125,0.0005213594995439053,69.4391860961914,-8.979293823242188,4.225515842437744,269.46685791015625,0.004978163167834282,83.16261291503906,-6.610928535461426,2.3340280055999756,283.51904296875,0.00990483071655035,88.08440399169922,-5.766383171081543,3.356860876083374,290.0644836425781,0.012855485081672668,90.35366821289062,5.148723357706331e-05,3.209944406989962e-05,4.0040998458862305,-6.735574245452881,2.7656402587890625,5.148723357706331e-05,5.483972927322611e-05,84.91649627685547,2.3918001651763916,0.7683147430443339,1.1988196713370645,7,24,57,ML_CTL_47_0007
CTL,47.0,906.0,8.0,12.0,16.105262756347656,285.0,-0.9659258262890684,0.2588190451025203,-0.8660254037844385,-0.5000000000000004,-6.579713344573975,-0.19516970217227936,221.0970916748047,9.703114483272657e-05,100.44340515136719,-5.744347095489502,3.471372604370117,243.06906127929688,0.0007745001930743456,93.20062255859375,-8.271162986755371,2.1081347465515137,269.6081237792969,0.005621895659714937,94.69517517089844,-5.712881565093994,0.8858770132064819,282.96893310546875,0.009853556752204895,90.88995361328125,-4.768741130828857,1.9694814682006836,290.3484802246094,0.013075996190309525,90.30833435058594,4.890777563559823e-05,4.42175442003645e-05,2.8222925662994385,-6.21536922454834,1.6479393243789673,4.890777563559823e-05,4.627542512025684e-05,84.56734466552734,2.8222925662994385,0.6883990408304208,0.7926452788049125,7,25,57,ML_CTL_47_0007
CTL,47.0,907.0,8.0,18.0,16.105262756347656,285.0,-0.9659258262890684,0.2588190451025203,-0.8660254037844385,-0.5000000000000004,-9.008060455322266,2.090677499771118,219.84756469726562,8.016329957172275e-05,97.43270874023438,-6.118119239807129,2.945204257965088,242.5162811279297,0.0007518832571804523,93.73699188232422,-7.711055755615234,0.8411064147949219,270.23785400390625,0.006200180854648352,99.53531646728516,-1.765068769454956,3.2457215785980225,282.83184814453125,0.009595311246812344,89.32933044433594,-0.566686749458313,4.479372024536133,290.555908203125,0.012545806355774403,85.52046203613281,4.964329127687961e-05,3.875411857734434e-05,8.772835731506348,-5.033797740936279,2.72041654586792,4.964329127687961e-05,4.466787140700035e-05,88.1187973022461,3.3830673694610596,0.6293399920752518,0.5293864168601456,7,26,57,ML_CTL_47_0007
CTL,47.0,908.0,8.0,0.0,16.105262756347656,282.5,-0.9762960071199335,0.21643961393810246,-0.8660254037844385,-0.5000000000000004,-8.849148750305176,2.2272963523864746,220.62710571289062,9.003414743347093e-05,98.87403869628906,-6.082624912261963,1.6993131637573242,242.98866271972656,0.0008527513709850609,100.76471710205078,-8.43743896484375,-1.719894289970398,269.9823913574219,0.006069814786314964,99.68183135986328,-1.536413550376892,-0.6640334129333496,282.90789794921875,0.00976668018847704,90.43290710449219,-0.14859047532081604,0.7721980214118958,290.77587890625,0.01332916971296072,89.58121490478516,4.727163468487561e-05,3.655253385659307e-05,8.821395874023438,-5.010843276977539,0.4629759192466736,4.727163468487561e-05,4.7239387640729547e-05,84.24617004394531,1.59024977684021,0.565386745103693,0.2630534351599625,7,27,57,ML_CTL_47_0007
CTL,47.0,909.0,8.0,6.0,16.105262756347656,282.5,-0.9762960071199335,0.21643961393810246,-0.8660254037844385,-0.5000000000000004,-8.77398681640625,2.875628709793091,218.65916442871094,7.131975144147873e-05,98.6146011352539,-6.6464009284973145,2.0420279502868652,242.70657348632812,0.0008714265422895551,105.48612213134766,-7.2473626136779785,-1.8538079261779785,270.3326416015625,0.0061765084974467754,99.13165283203125,-0.2728918492794037,1.3788360357284546,282.2058410644531,0.009823142550885677,95.41523742675781,0.46121442317962646,3.7901151180267334,290.727294921875,0.013140262104570866,88.61205291748047,4.939016071148217e-05,4.374661511974409e-05,9.280367851257324,-4.495885372161865,1.6465600728988647,4.939016071148217e-05,5.3652544011129066e-05,88.3232192993164,2.517629623413086,0.5878513388752101,0.3550899786512687,7,28,57,ML_CTL_47_0007
CTL,47.0,910.0,8.0,12.0,16.105262756347656,280.0,-0.9848077530122081,0.17364817766692997,-0.8660254037844385,-0.5000000000000004,-7.876479625701904,3.5159990787506104,218.4241943359375,7.20575189916417e-05,102.42254638671875,-6.749356746673584,0.4581817090511322,243.4377899169922,0.0009826304158195853,109.31947326660156,-8.485928535461426,-6.0144195556640625,270.5163879394531,0.006309618707746267,99.8956527709961,-1.1861443519592285,-2.332979440689087,282.78094482421875,0.010076717473566532,94.14016723632812,0.5726838111877441,0.3124333620071411,290.79583740234375,0.01348787546157837,90.5313720703125,5.307433821144514e-05,4.4137756049167365e-05,9.036105155944824,-4.745045185089111,-0.8121570348739624,5.307433821144514e-05,6.307209696387872e-05,87.95846557617188,3.143064260482788,0.5756444159045107,0.3049183910648845,7,29,57,ML_CTL_47_0007
CTL,47.0,911.0,8.0,18.0,16.105262756347656,280.0,-0.9848077530122081,0.17364817766692997,-0.8660254037844385,-0.5000000000000004,-6.264444828033447,4.406984806060791,220.08851623535156,8.716580487089232e-05,99.86844635009766,-9.519913673400879,-3.0348470211029053,244.9951934814453,0.001196535537019372,115.38395690917969,-8.688102722167969,-4.892973899841309,270.54461669921875,0.00637886393815279,101.06437683105469,0.5065757632255554,0.32173067331314087,282.1016845703125,0.010212893597781658,99.8688735961914,2.6583261489868164,2.955918788909912,290.41815185546875,0.013644833117723465,93.85133361816406,6.339397077681497e-05,7.067149999784306e-05,9.03999137878418,-4.26151180267334,-0.04863734170794487,6.339397077681497e-05,7.723412272753194e-05,91.6039047241211,3.332580089569092,0.668859702251231,0.7030321796646493,7,30,57,ML_CTL_47_0007
CTL,47.0,912.0,8.0,0.0,18.0,280.0,-0.9848077530122081,0.17364817766692997,-0.8660254037844385,-0.5000000000000004,-0.8852273225784302,1.6439504623413086,221.3807830810547,9.788490569917485e-05,98.7674560546875,-10.171882629394531,-0.8529855012893677,243.16152954101562,0.0006516404100693762,74.91629028320312,-16.859834671020508,-0.3267557621002197,269.6341247558594,0.00587184214964509,99.38689422607422,-8.009758949279785,3.236429452896118,282.65185546875,0.009504848159849644,89.49003601074219,-5.802563667297363,7.132126808166504,290.29559326171875,0.013102760538458824,90.82963562011719,6.87960273353383e-05,4.872708086622879e-05,7.368872165679932,-8.345853805541992,2.166553020477295,6.87960273353383e-05,8.471774344798177e-05,89.54940795898438,6.219005584716797,0.8474534677681836,1.7147662535650547,7,31,57,ML_CTL_47_0007
CTL,47.0,913.0,8.0,6.0,18.0,277.5,-0.9914448613738105,0.13052619222005127,-0.8660254037844385,-0.5000000000000004,-3.726065158843994,-1.6778743267059326,223.22396850585938,0.00012559304013848305,99.93327331542969,-9.163357734680176,-0.32419851422309875,244.23580932617188,0.0007636102382093668,82.27625274658203,-13.538097381591797,-2.736534833908081,270.0302429199219,0.005401364527642727,87.95590209960938,-7.398008823394775,-2.5060389041900635,282.4441223144531,0.010104632005095482,96.5445556640625,-3.574697971343994,0.020559782162308693,290.35809326171875,0.013975265435874462,96.46351623535156,7.507054397137836e-05,4.8083398723974824e-05,1.7051658630371094,-7.480046272277832,-1.444817304611206,7.507054397137836e-05,7.824254862498492e-05,86.2229995727539,1.7051658630371094,0.8438311582330427,1.687014684112936,7,32,57,ML_CTL_47_0007
CTL,47.0,914.0,8.0,12.0,18.0,277.5,-0.9914448613738105,0.13052619222005127,-0.8660254037844385,-0.5000000000000004,-3.7232959270477295,-0.6280878782272339,221.42872619628906,0.00010124207619810477,99.97501373291016,-8.445870399475098,0.78420490026474,243.37937927246094,0.0009325834107585251,107.19499206542969,-12.435395240783691,-0.24146036803722382,270.2626037597656,0.0061712926253676414,99.5885238647461,-7.714913368225098,3.4777750968933105,282.0138854980469,0.009658293798565865,94.95562744140625,-3.5576868057250977,5.846407413482666,290.1531982421875,0.013735217973589897,96.06745147705078,8.325331873493269e-05,6.081542233005166e-05,6.4766130447387695,-7.175431728363037,1.8477678298950195,8.325331873493269e-05,8.253152918769047e-05,89.87677001953125,3.0248069763183594,0.7728508721409785,1.2244793563670835,7,33,57,ML_CTL_47_0007
CTL,47.0,915.0,8.0,18.0,18.0,277.5,-0.9914448613738105,0.13052619222005127,-0.8660254037844385,-0.5000000000000004,-3.20967960357666,0.37856602668762207,220.95840454101562,9.613528527552262e-05,100.48994445800781,-8.448785781860352,0.998346209526062,244.11312866210938,0.0009836738463491201,103.91072845458984,-9.713699340820312,3.000473976135254,270.7890319824219,0.006470764521509409,100.47889709472656,-3.7558603286743164,9.65526008605957,281.0577697753906,0.00940663181245327,98.72925567626953,-1.414223551750183,10.201824188232422,290.2373046875,0.013443530537188053,93.54559326171875,8.375811012228951e-05,6.75753180985339e-05,9.985993385314941,-5.308449745178223,4.846894264221191,8.375811012228951e-05,8.174652612069622e-05,91.5972671508789,4.5298871994018555,0.7600994127601944,1.1532246132942832,7,34,57,ML_CTL_47_0007
CTL,47.0,916.0,8.0,0.0,18.0,275.0,-0.9961946980917455,0.08715574274765789,-0.8660254037844385,-0.5000000000000004,-2.840372323989868,-0.9355049133300781,221.5447235107422,0.00010109549475600943,98.87535858154297,-9.468705177307129,-1.2151128053665161,244.0224609375,0.00094163219910115,100.2222900390625,-9.132654190063477,-1.6406193971633911,271.23553466796875,0.00663347402587533,99.41326141357422,-0.924924373626709,-0.49779409170150757,282.3157958984375,0.010254096239805222,98.78813171386719,0.37929007411003113,1.0071383714675903,290.86712646484375,0.014021684415638447,93.721435546875,8.515757508575916e-05,6.392880459316075e-05,3.76033091545105,-4.397473335266113,-0.6563785672187805,8.515757508575916e-05,7.581069803563878e-05,90.73987579345703,2.3406505584716797,0.7982975466668818,1.3756877852861646,7,35,57,ML_CTL_47_0007
CTL,47.0,917.0,8.0,6.0,18.0,275.0,-0.9961946980917455,0.08715574274765789,-0.8660254037844385,-0.5000000000000004,-4.324916839599609,-2.3208720684051514,221.14210510253906,8.663257176522166e-05,88.80305480957031,-7.42717170715332,-0.2727125883102417,243.81204223632812,0.0008934905636124313,96.06301879882812,-5.913053035736084,0.3863475024700165,271.0893249511719,0.006575442850589752,99.63539123535156,0.08764191716909409,5.028017997741699,282.06085205078125,0.010287946090102196,100.80970764160156,-0.1265021562576294,7.773357391357422,290.634033203125,0.014288011007010937,96.9208755493164,7.938800990814343e-05,6.384094740496948e-05,10.932527542114258,-3.5408005714416504,2.1188275814056396,7.938800990814343e-05,7.03700861777179e-05,90.93428802490234,3.1915640830993652,0.8217910964560083,1.5285297446329689,7,36,57,ML_CTL_47_0007
CTL,47.0,918.0,8.0,12.0,19.894737243652344,272.5,-0.9990482215818578,0.043619387365335764,-0.8660254037844385,-0.5000000000000004,-10.497678756713867,-1.2590280771255493,221.2310333251953,8.975862147053704e-05,92.32306671142578,-6.4078898429870605,-1.4132542610168457,244.077392578125,0.0005270806141197681,57.1580810546875,-13.165295600891113,-3.3576059341430664,270.13055419921875,0.005915258079767227,94.47725677490234,-9.33137321472168,0.3751857578754425,284.13848876953125,0.009583049453794956,81.65217590332031,-8.81781005859375,2.2217485904693604,290.706298828125,0.014121334068477154,95.30358123779297,8.722262282390147e-05,3.4111097193090245e-05,3.864940643310547,-9.644009590148926,-0.6865907311439514,8.722262282390147e-05,6.015420512994751e-05,86.59109497070312,3.5648605823516846,0.8945797564452739,2.138399380380568,7,37,57,ML_CTL_47_0007
CTL,47.0,919.0,8.0,18.0,19.894737243652344,272.5,-0.9990482215818578,0.043619387365335764,-0.8660254037844385,-0.5000000000000004,-8.60747241973877,-0.16965270042419434,221.12635803222656,6.664981629000977e-05,69.12704467773438,-5.527630805969238,-0.12607041001319885,244.57264709472656,0.0004374151467345655,44.11944580078125,-12.3676176071167,-1.6089853048324585,270.975341796875,0.006500504910945892,98.80005645751953,-8.695210456848145,4.791531085968018,283.2305908203125,0.010190590284764767,92.25049591064453,-9.545676231384277,5.4190239906311035,291.1957092285156,0.015017500147223473,98.25025939941406,9.171973215416074e-05,3.960336835007183e-05,5.666880130767822,-8.948720932006836,1.661169409751892,9.171973215416074e-05,5.9548630815697834e-05,87.35653686523438,4.41383171081543,0.9401856348287216,2.754831487263212,7,38,57,ML_CTL_47_0007
CTL,47.0,920.0,8.0,0.0,19.894737243652344,270.0,-1.0,-1.8369701987210297e-16,-0.8660254037844385,-0.5000000000000004,-5.373944282531738,-0.27362051606178284,223.89651489257812,0.00013351879897527397,98.65782928466797,-6.874178409576416,-2.238913059234619,245.49905395507812,0.000484466552734375,45.76309585571289,-12.910573959350586,-4.582748889923096,271.2540588378906,0.0059557403437793255,87.55520629882812,-8.340555191040039,-2.254309892654419,283.467529296875,0.010286868549883366,91.57007598876953,-7.726391315460205,-1.3478856086730957,291.5826110839844,0.015291158109903336,97.64905548095703,9.390580817125738e-05,3.563432255759835e-05,2.5861270427703857,-8.245128631591797,-2.139495372772217,9.390580817125738e-05,6.31336442893371e-05,87.75952911376953,2.5861270427703857,0.854822059244048,1.77293316175319,7,39,57,ML_CTL_47_0007
CTL,47.0,921.0,8.0,6.0,19.894737243652344,270.0,-1.0,-1.8369701987210297e-16,-0.8660254037844385,-0.5000000000000004,-5.982067584991455,-0.2680630087852478,223.25538635253906,0.00012672094453591853,99.8768539428711,-8.016916275024414,-1.201263666152954,245.22634887695312,0.0006484224577434361,61.84286117553711,-13.522133827209473,-2.643847703933716,271.1686706542969,0.006263586692512035,93.61066436767578,-8.45164680480957,2.190603733062744,283.14251708984375,0.010480023920536041,95.33918762207031,-6.897484302520752,3.1403896808624268,291.6648864746094,0.015364379622042179,97.61029052734375,9.85298611340113e-05,4.5210992539068684e-05,3.529240369796753,-8.57404899597168,0.24356380105018616,9.85298611340113e-05,6.803575524827465e-05,88.40618133544922,3.529240369796753,0.8602240957928728,1.8171524758959734,7,40,57,ML_CTL_47_0007
CTL,47.0,922.0,8.0,12.0,19.894737243652344,270.0,-1.0,-1.8369701987210297e-16,-0.8660254037844385,-0.5000000000000004,-4.994151592254639,-1.517201542854309,221.4873046875,8.585626346757635e-05,83.2383804321289,-8.692792892456055,0.22893553972244263,244.3015899658203,0.0007798665901646018,82.24949645996094,-13.218170166015625,0.002619364531710744,271.1062927246094,0.006641152780503035,100.29114532470703,-8.293163299560547,6.628614902496338,283.3042907714844,0.010543374344706535,94.88484191894531,-6.255218505859375,7.722944736480713,291.98040771484375,0.01548481360077858,96.41786193847656,9.654967288952321e-05,4.814135900232941e-05,9.32580280303955,-8.29069995880127,2.613182544708252,9.654967288952321e-05,6.689228757750243e-05,87.54307556152344,7.197953701019287,0.8696298326610336,1.8976897961630503,7,41,57,ML_CTL_47_0007
CTL,47.0,923.0,8.0,18.0,19.894737243652344,267.5,-0.9990482215818578,-0.04361938736533613,-0.8660254037844385,-0.5000000000000004,-3.757009267807007,3.267545700073242,224.16329956054688,0.0001448154216632247,100.07896423339844,-9.816299438476562,-0.4259387254714966,245.89401245117188,0.0007923240773379803,74.77940368652344,-14.504136085510254,-3.5866153240203857,271.33599853515625,0.006300366949290037,92.6644058227539,-8.292298316955566,-2.0531129837036133,283.8846130371094,0.010558871552348137,91.39007568359375,-7.6532883644104,-2.503493547439575,291.5989685058594,0.015638548880815506,99.76620483398438,0.00010278679110342637,4.8339406930608675e-05,6.9631805419921875,-8.804606437683105,-1.0603229999542236,0.00010278679110342637,7.72621133364737e-05,90.25096893310547,6.9631805419921875,0.8076396380602856,1.4347454685547953,7,42,57,ML_CTL_47_0007
CTL,47.0,924.0,8.0,0.0,19.894737243652344,267.5,-0.9990482215818578,-0.04361938736533613,-0.8660254037844385,-0.5000000000000004,-2.7791967391967773,2.644770383834839,224.13233947753906,0.00014389300486072898,99.96793365478516,-10.522171974182129,-0.33977124094963074,246.33511352539062,0.0009556496515870094,84.3981704711914,-14.562878608703613,-1.539913296699524,271.2567443847656,0.006416960619390011,96.21846771240234,-10.112253189086914,0.8283107876777649,283.44561767578125,0.010880484245717525,96.98438262939453,-8.342315673828125,3.1756231784820557,291.9685363769531,0.01575884409248829,98.22653198242188,0.0001071526130544953,5.817048077005893e-05,5.5883893966674805,-9.263763427734375,0.9538040161132812,0.0001071526130544953,8.564897143514827e-05,90.42284393310547,5.5883893966674805,0.7906685050766978,1.3289597010379657,7,43,57,ML_CTL_47_0007
CTL,47.0,925.0,8.0,6.0,19.894737243652344,267.5,-0.9990482215818578,-0.04361938736533613,-0.8660254037844385,-0.5000000000000004,-2.5830538272857666,1.5020447969436646,222.68511962890625,0.00011931913468288258,99.85958862304688,-9.990577697753906,0.2149021476507187,245.64605712890625,0.0011369960848242044,104.46920013427734,-12.97469425201416,2.128815174102783,271.38592529296875,0.00611413037404418,91.6164321899414,-9.717083930969238,4.642156600952148,283.5766906738281,0.01089126244187355,96.19957733154297,-6.237308025360107,6.669529438018799,292.2679748535156,0.01591467671096325,97.32369995117188,0.00010233288048766553,6.284079427132383e-05,6.3290181159973145,-8.300542831420898,3.031489610671997,0.00010233288048766553,7.806713256286457e-05,88.84465789794922,6.3290181159973145,0.7430860385920367,1.0620705885961974,7,44,57,ML_CTL_47_0007
CTL,47.0,926.0,8.0,12.0,19.894737243652344,265.0,-0.9961946980917455,-0.08715574274765825,-0.8660254037844385,-0.5000000000000004,-6.1186370849609375,4.084659576416016,224.17449951171875,0.00014519490650855005,99.80194854736328,-13.06969165802002,-2.87031626701355,246.03286743164062,0.000992964138276875,90.39661407470703,-13.635042190551758,-3.774198293685913,270.2304382324219,0.0059137651696801186,96.18964385986328,-9.501766204833984,-3.6440606117248535,283.5692138671875,0.01113829668611288,98.30580139160156,-8.342037200927734,-4.1582841873168945,292.1322326660156,0.016222568228840828,100.07556915283203,0.00010082104563480243,5.957814209978096e-05,8.537542343139648,-10.133435249328613,-2.0724399089813232,0.00010082104563480243,7.831047696527094e-05,92.54072570800781,8.537542343139648,0.7387068287887639,1.0392580905425173,7,45,57,ML_CTL_47_0007
CTL,47.0,927.0,8.0,18.0,19.894737243652344,265.0,-0.9961946980917455,-0.08715574274765825,-0.8660254037844385,-0.5000000000000004,-4.794706344604492,3.836076021194458,225.0244598388672,0.00016065283853095025,99.97927856445312,-12.56592082977295,-0.28060880303382874,247.2817840576172,0.0013178862864151597,103.00442504882812,-11.889126777648926,-1.0065680742263794,269.73358154296875,0.005824165418744087,98.61383819580078,-9.08875846862793,-1.018713355064392,283.9621887207031,0.011485032737255096,98.69671630859375,-6.281486511230469,1.0158803462982178,292.5320129394531,0.01639554090797901,98.6479263305664,0.00010955167090287432,5.837034768774174e-05,3.188105821609497,-8.923998832702637,0.5092132687568665,0.00010955167090287432,7.641674892511219e-05,92.17235565185547,3.188105821609497,0.6530968098872825,0.6326796223346149,7,46,57,ML_CTL_47_0007
CTL,47.0,928.0,8.0,0.0,19.894737243652344,265.0,-0.9961946980917455,-0.08715574274765825,-0.8660254037844385,-0.5000000000000004,-5.272677898406982,3.082552909851074,224.38699340820312,0.00014969876792747527,100.09938049316406,-11.394129753112793,2.869091749191284,249.00006103515625,0.0015496211126446724,103.023193359375,-10.541091918945312,1.5538758039474487,269.4190368652344,0.005715241190046072,99.2302017211914,-6.893545150756836,1.7614097595214844,284.1605529785156,0.011626407504081726,98.58999633789062,-2.926293134689331,6.408596992492676,292.5996398925781,0.01661006361246109,99.51866149902344,0.00011289296526229009,5.993007653160021e-05,4.07039213180542,-7.405547142028809,3.135105609893799,0.00011289296526229009,7.018432370387018e-05,91.19005584716797,4.07039213180542,0.6153861912057569,0.470010287095173,7,47,57,ML_CTL_47_0007
CTL,47.0,929.0,8.0,6.0,19.894737243652344,265.0,-0.9961946980917455,-0.08715574274765825,-0.8660254037844385,-0.5000000000000004,-1.3581987619400024,2.5616259574890137,224.90440368652344,0.00015888195775914937,100.02909851074219,-8.04538345336914,5.949538230895996,248.7252960205078,0.0015219093766063452,105.93274688720703,-7.314111232757568,4.710018634796143,269.0032958984375,0.0055465237237513065,99.5193862915039,-3.159496545791626,5.654050827026367,284.3564758300781,0.011614513583481312,97.19062805175781,0.6871341466903687,10.01399040222168,292.6772155761719,0.01669462025165558,99.54327392578125,0.00010216430382570252,6.0459322412498295e-05,7.727944374084473,-3.8380112648010254,5.777844429016113,0.00010216430382570252,6.0459322412498295e-05,89.8351058959961,7.552913665771484,0.5871378712875865,0.3521459582303088,7,48,57,ML_CTL_47_0007
CTL,47.0,930.0,8.0,12.0,19.894737243652344,262.5,-0.9914448613738104,-0.13052619222005163,-0.8660254037844385,-0.5000000000000004,-5.23233699798584,2.252476930618286,224.85321044921875,0.00016130950825754553,100.3870620727539,-9.267657279968262,-1.8251153230667114,248.85272216796875,0.0014274893328547478,99.83543395996094,-6.932828426361084,-2.131561040878296,269.9879150390625,0.005971870850771666,98.8292236328125,-6.835333824157715,-3.600451707839966,285.6647644042969,0.012869838625192642,99.03697204589844,-5.886923789978027,-0.8280167579650879,293.2079772949219,0.0174731332808733,100.76813507080078,9.351663175038993e-05,6.710331217618659e-05,3.1492738723754883,-6.831016540527344,-1.2265336513519287,9.351663175038993e-05,6.710331217618659e-05,93.54390716552734,3.1492738723754883,0.600658194630935,0.4082083397820444,7,49,57,ML_CTL_47_0007
CTL,47.0,931.0,8.0,18.0,19.894737243652344,262.5,-0.9914448613738104,-0.13052619222005163,-0.8660254037844385,-0.5000000000000004,-3.3876326084136963,0.5074083209037781,226.30508422851562,0.00019221712136641145,100.60655975341797,-5.756637096405029,-1.8029440641403198,248.56076049804688,0.0013945542741566896,100.88387298583984,-3.906200408935547,-0.6476686596870422,270.5603942871094,0.006252612452954054,98.95822143554688,-0.7874652147293091,1.4231852293014526,285.9273681640625,0.013135632500052452,99.3643798828125,-4.464881420135498,3.026592969894409,293.5652160644531,0.01747264713048935,98.56121063232422,0.00010160445526707917,7.090285362210125e-05,2.7398459911346436,-3.6605632305145264,0.5013147592544556,0.00010160445526707917,7.090285362210125e-05,92.72484588623047,2.7398459911346436,0.5753558143076078,0.3037370487737008,7,50,57,ML_CTL_47_0007
CTL,47.0,932.0,8.0,0.0,19.894737243652344,262.5,-0.9914448613738104,-0.13052619222005163,-0.8660254037844385,-0.5000000000000004,-2.942793130874634,-3.217561721801758,225.55372619628906,0.0001729791983962059,99.92889404296875,-3.3176934719085693,-2.5924575328826904,247.1885528564453,0.0013909710105508566,114.77648162841797,-0.13242313265800476,0.28818657994270325,270.7671813964844,0.006371514406055212,99.31282043457031,3.835526704788208,3.9667279720306396,285.9992980957031,0.013222083449363708,99.54914093017578,-3.834754228591919,7.065276622772217,292.8661804199219,0.017078476026654243,100.62100219726562,0.00010350430238759145,7.689469202887267e-05,10.321452140808105,-1.2784273624420166,1.102034330368042,0.00010350430238759145,7.689469202887267e-05,89.90190124511719,6.287367343902588,0.5727075889975894,0.29290668843155654,7,51,57,ML_CTL_47_0007
CTL,47.0,933.0,8.0,6.0,19.894737243652344,262.5,-0.9914448613738104,-0.13052619222005163,-0.8660254037844385,-0.5000000000000004,-1.396391749382019,-4.934638500213623,223.8997039794922,0.0001419064647052437,99.90302276611328,-0.2780781388282776,-1.8281428813934326,247.0947723388672,0.0013456519227474928,111.95792388916016,3.757948398590088,1.377678394317627,270.7455749511719,0.006388132460415363,99.78523254394531,7.997310161590576,6.233644008636475,285.510009765625,0.012877347879111767,100.18115997314453,-0.36075568199157715,8.784417152404785,292.238037109375,0.016064438968896866,98.44644165039062,9.158298780675977e-05,7.492707663914189e-05,13.758089065551758,1.9440065622329712,1.9265916347503662,9.158298780675977e-05,7.492707663914189e-05,88.3250961303711,4.666790962219238,0.5999225609342496,0.40514245574219543,7,52,57,ML_CTL_47_0007
CTL,47.0,934.0,8.0,12.0,19.894737243652344,262.5,-0.9914448613738104,-0.13052619222005163,-0.8660254037844385,-0.5000000000000004,-0.47035038471221924,-6.6564717292785645,223.32240295410156,0.00013365343329496682,100.05806732177734,2.696474552154541,-2.521707773208618,247.60409545898438,0.001265199389308691,100.34880828857422,6.995388984680176,0.754810094833374,270.7305908203125,0.006414995063096285,100.38027954101562,10.475056648254395,5.309079170227051,284.783203125,0.012260407209396362,100.10492706298828,2.562415361404419,8.599790573120117,292.2964172363281,0.015360599383711815,93.80567169189453,7.550419104518369e-05,6.450316868722439e-05,15.554780006408691,4.4517974853515625,1.097100019454956,7.550419104518369e-05,6.450316868722439e-05,87.27346801757812,5.846915245056152,0.6161082667345217,0.4730621375631394,7,53,57,ML_CTL_47_0007
CTL,47.0,935.0,8.0,18.0,21.789474487304688,262.5,-0.9914448613738104,-0.13052619222005163,-0.8660254037844385,-0.5000000000000004,3.275993824005127,2.0068459510803223,223.90167236328125,0.00014098043902777135,100.07093811035156,-4.4733757972717285,-2.225762128829956,246.4090576171875,0.001374189741909504,120.66133880615234,-5.93107795715332,-4.300980091094971,268.4869079589844,0.005281766410917044,98.8633804321289,-5.272542953491211,-1.324458122253418,282.8497314453125,0.010736881755292416,99.40814971923828,-6.685361862182617,1.2993777990341187,291.68316650390625,0.01543216872960329,97.95925903320312,6.276339991018176e-05,5.473653072840534e-05,9.986446380615234,-3.817272901535034,-0.9089953303337097,6.276339991018176e-05,6.464825855800882e-05,84.60433197021484,6.98673152923584,0.5805589069422054,0.3250681779494482,7,54,57,ML_CTL_47_0007
CTL,47.0,936.0,8.0,0.0,21.789474487304688,262.5,-0.9914448613738104,-0.13052619222005163,-0.8660254037844385,-0.5000000000000004,3.7041208744049072,-0.11603482067584991,222.72518920898438,0.00012085823254892603,100.15296936035156,-4.041553020477295,-4.537616729736328,244.6608428955078,0.0011391283478587866,118.62271881103516,-4.736965656280518,-4.4645771980285645,268.42657470703125,0.005097458604723215,95.80171966552734,-3.7328920364379883,-1.6181561946868896,282.4223937988281,0.010352276265621185,98.63948059082031,-4.6641693115234375,0.6825360655784607,291.4430236816406,0.015170843340456486,97.78556823730469,5.4971933423075825e-05,5.2910636441083625e-05,8.406306266784668,-2.694291830062866,-2.010769844055176,5.4971933423075825e-05,6.942277832422405e-05,83.85828399658203,7.13355827331543,0.6190505245871929,0.48552013640508007,7,55,57,ML_CTL_47_0007
CTL,47.0,937.0,8.0,6.0,21.789474487304688,262.5,-0.9914448613738104,-0.13052619222005163,-0.8660254037844385,-0.5000000000000004,4.832563877105713,-2.0645434856414795,220.8197479248047,9.487390343565494e-05,99.99421691894531,-2.274975538253784,-2.219025135040283,244.0219268798828,0.0010292690712958574,112.93714141845703,-2.4909322261810303,-3.8907225131988525,268.6233825683594,0.00461344001814723,85.2872085571289,-1.8111155033111572,-2.13653302192688,282.02130126953125,0.009963460266590118,97.54511260986328,-2.2070152759552,-1.2889703512191772,290.9481506347656,0.014947452582418919,99.40647888183594,4.497328700381331e-05,4.8399499064544216e-05,7.082174301147461,-0.7902949452400208,-2.3199586868286133,4.497328700381331e-05,6.66801497573033e-05,83.93339538574219,7.082174301147461,0.617811319544504,0.48026868810293166,7,56,57,ML_CTL_47_0007
CTL,47.0,938.0,8.0,12.0,19.894737243652344,265.0,-0.9961946980917455,-0.08715574274765825,-0.8660254037844385,-0.5000000000000004,1.5060187578201294,-6.204678535461426,221.49810791015625,0.00010511190339457244,100.13246154785156,4.71260929107666,-2.951417922973633,246.571533203125,0.001239738310687244,105.91791534423828,12.662545204162598,-1.8614842891693115,268.58270263671875,0.00541056739166379,100.27323150634766,7.173677444458008,-1.2772181034088135,283.1383972167969,0.010800013318657875,98.14862060546875,5.919853687286377,-1.1565519571304321,291.358154296875,0.01482222881168127,96.06253814697266,5.370362850953825e-05,5.653347761835903e-05,6.705633640289307,6.394940376281738,-2.690270185470581,5.370362850953825e-05,6.0632446547970176e-05,81.45829772949219,6.705633640289307,0.5996385592702284,0.40395933155330166,7,57,57,ML_CTL_47_0007
CTL,47.0,900.0,8.0,0.0,14.210526466369629,337.5,-0.38268343236508956,0.9238795325112868,-0.8660254037844385,-0.5000000000000004,-7.183745861053467,1.7229994535446167,217.86802673339844,6.264630792429671e-05,95.79520416259766,-5.8508830070495605,0.502062976360321,242.38479614257812,0.0008063421119004488,101.3314208984375,-9.652679443359375,3.6652586460113525,270.0516662597656,0.006119692698121071,100.50889587402344,-2.5234735012054443,2.4375648498535156,281.8391418457031,0.008603277616202831,85.6346664428711,1.225769281387329,0.8745496273040771,289.99212646484375,0.012509174644947052,88.2721939086914,4.699425335275009e-05,4.674452793551609e-05,8.452207565307617,-4.797002792358398,1.8404871225357056,4.699425335275009e-05,6.267716526053846e-05,64.44759368896484,2.7796614170074463,0.563985360903856,0.25735247662300953,8,1,8,ML_CTL_47_0008
CTL,47.0,901.0,8.0,6.0,14.210526466369629,337.5,-0.38268343236508956,0.9238795325112868,-0.8660254037844385,-0.5000000000000004,-7.310944557189941,0.7240633964538574,218.42478942871094,3.8653794035781175e-05,54.2020263671875,-4.686097621917725,-0.7615772485733032,241.68145751953125,0.0006074599223211408,81.3841781616211,-6.228458881378174,6.7413859367370605,269.4326171875,0.0056310854852199554,95.0246810913086,-2.038625717163086,3.3877320289611816,281.8212890625,0.008070424199104309,80.41746520996094,0.053664930164813995,1.8718935251235962,290.1612243652344,0.012295722030103207,85.875,4.783421172760427e-05,3.227705747121945e-05,7.453522205352783,-4.042092323303223,2.392699718475342,4.783421172760427e-05,5.807005800306797e-05,66.44892883300781,3.4981954097747803,0.8115987321491143,1.4604319540991084,8,2,8,ML_CTL_47_0008
CTL,47.0,902.0,8.0,12.0,14.210526466369629,335.0,-0.4226182617406992,0.90630778703665,-0.8660254037844385,-0.5000000000000004,-7.381088733673096,1.1994032859802246,218.15867614746094,4.729242209577933e-05,69.27881622314453,-5.179569721221924,-0.4086150527000427,242.30673217773438,0.000651607580948621,82.26342010498047,-6.9673027992248535,4.728285312652588,269.8153991699219,0.00592426024377346,97.96764373779297,-3.3418054580688477,1.6206660270690918,282.11456298828125,0.008543221279978752,83.49491882324219,-1.1885207891464233,0.7558568120002747,290.20318603515625,0.011987635865807533,83.4606704711914,5.01359609188512e-05,4.1348335798829794e-05,6.208432197570801,-4.811657428741455,1.579119324684143,5.01359609188512e-05,5.28765594935976e-05,63.3349494934082,4.342865467071533,0.8235112306470049,1.5403199426051621,8,3,8,ML_CTL_47_0008
CTL,47.0,903.0,8.0,18.0,14.210526466369629,335.0,-0.4226182617406992,0.90630778703665,-0.8660254037844385,-0.5000000000000004,-8.292731285095215,1.529680609703064,218.74974060058594,3.0072324079810642e-05,40.8592529296875,-5.196929454803467,-2.217043876647949,242.05580139160156,0.00038696001865901053,49.33163833618164,-4.572748184204102,5.0997138023376465,269.13409423828125,0.005181344226002693,87.07986450195312,-2.1573524475097656,3.560453414916992,282.7569274902344,0.00794493593275547,74.34746551513672,-0.36378443241119385,2.249682664871216,290.3175964355469,0.0118627417832613,82.02232360839844,4.806084689334966e-05,2.9098007871652953e-05,7.9615702629089355,-4.116709232330322,2.04449725151062,4.806084689334966e-05,4.51510823040735e-05,63.60490798950195,0.6212756633758545,0.8501355406462241,1.7356645150642027,8,4,8,ML_CTL_47_0008
CTL,47.0,904.0,8.0,0.0,14.210526466369629,332.5,-0.46174861323503363,0.8870108331782218,-0.8660254037844385,-0.5000000000000004,-7.835677623748779,1.1584467887878418,218.32167053222656,3.816519529209472e-05,55.07734298706055,-5.621811389923096,-1.6848394870758057,241.7160186767578,0.0005113991792313755,67.25715637207031,-6.291927814483643,2.9263124465942383,269.1348876953125,0.005647564306855202,98.05998229980469,-3.098564386367798,1.1859266757965088,282.4517822265625,0.008518489077687263,81.37271118164062,-1.0118683576583862,-0.3670584261417389,289.9649353027344,0.012396181933581829,87.62702941894531,4.532398816081695e-05,3.4464315831428394e-05,6.99224853515625,-4.771969795227051,0.6437575817108154,4.532398816081695e-05,3.781877239816822e-05,60.2584114074707,2.316896438598633,0.8482195126268761,1.7207041465031265,8,5,8,ML_CTL_47_0008
CTL,47.0,905.0,8.0,6.0,14.210526466369629,332.5,-0.46174861323503363,0.8870108331782218,-0.8660254037844385,-0.5000000000000004,-6.745349407196045,0.6935485601425171,218.49986267089844,2.8756054234690964e-05,41.04897689819336,-5.5136637687683105,-1.3604786396026611,241.38101196289062,0.00029953275225125253,40.326168060302734,-4.798934459686279,4.477254867553711,268.45123291015625,0.004817865788936615,86.19255065917969,-2.3595945835113525,2.6148464679718018,282.97796630859375,0.00824382808059454,75.97197723388672,-1.1818305253982544,0.8898599147796631,290.0390625,0.012157214805483818,85.55646514892578,4.4870121200801805e-05,2.1450930944411084e-05,5.566981315612793,-4.119874477386475,1.4630062580108643,4.4870121200801805e-05,2.822014175762888e-05,63.54814147949219,2.4249966144561768,0.8001539483879765,1.3872568164348507,8,6,8,ML_CTL_47_0008
CTL,47.0,906.0,8.0,12.0,14.210526466369629,332.5,-0.46174861323503363,0.8870108331782218,-0.8660254037844385,-0.5000000000000004,-6.352275848388672,2.4494571685791016,218.57305908203125,2.5611749151721597e-05,36.525230407714844,-5.202420711517334,0.2177450954914093,241.42750549316406,0.00021768880833406,28.8389892578125,-3.3146913051605225,4.598352432250977,269.0789794921875,0.004132097586989403,68.95343780517578,-1.4063050746917725,3.683039903640747,283.30548095703125,0.008111230097711086,73.14212036132812,-0.7141857147216797,2.3981900215148926,290.4415283203125,0.011820889078080654,81.10980224609375,4.191870539216325e-05,9.631739885662682e-06,5.6383233070373535,-3.3979759216308594,2.6693568229675293,4.191870539216325e-05,2.0658901121350937e-05,66.51959991455078,3.4860713481903076,0.6530868446587722,0.632635637953924,8,7,8,ML_CTL_47_0008
CTL,47.0,907.0,8.0,18.0,14.210526466369629,330.0,-0.5000000000000004,0.8660254037844384,-0.8660254037844385,-0.5000000000000004,-6.787688732147217,3.4863998889923096,218.7008056640625,2.3244607291417196e-05,32.8104133605957,-5.022078514099121,0.9089080095291138,241.13748168945312,0.0002875413920264691,37.75933837890625,-3.5314128398895264,2.4709932804107666,268.9651184082031,0.005075844936072826,87.70817565917969,-1.297631859779358,1.674152135848999,283.5545349121094,0.008836081251502037,78.35371398925781,-1.2938177585601807,0.3046652376651764,290.3529357910156,0.012393531389534473,85.52017211914062,4.0773422369966283e-05,1.0750809451565146e-05,6.348704814910889,-3.5865256786346436,1.7690238952636719,4.0773422369966283e-05,1.6039284673752263e-05,67.85062408447266,4.621286869049072,0.610453526911436,0.4492189947315446,8,8,8,ML_CTL_47_0008
CTL,47.0,904.0,8.0,0.0,40.73684310913086,270.0,-1.0,-1.8369701987210297e-16,-0.8660254037844385,-0.5000000000000004,14.749889373779297,-2.754748582839966,221.59703063964844,1.1316958989482373e-05,10.942959785461426,11.711790084838867,-0.03556227684020996,238.70509338378906,0.0003535291471052915,71.30863189697266,6.835854530334473,-3.1756210327148438,264.1234436035156,0.001064016716554761,27.92276382446289,2.946305990219116,-2.8208627700805664,284.3856201171875,0.007713109254837036,64.92769622802734,-2.726850986480713,-4.373480796813965,296.6871032714844,0.011673632077872753,54.448875427246094,6.7668835981749e-05,1.9874416466336697e-05,17.551544189453125,6.703397274017334,-2.6320550441741943,6.7668835981749e-05,3.032961285498459e-05,64.47566986083984,3.9014639854431152,0.7892333812814879,1.3203106219712475,9,1,9,ML_CTL_47_0009
CTL,47.0,905.0,8.0,6.0,38.842105865478516,270.0,-1.0,-1.8369701987210297e-16,-0.8660254037844385,-0.5000000000000004,11.703478813171387,-3.4931182861328125,222.13583374023438,1.0227304301224649e-05,9.351349830627441,10.63752269744873,0.7833383083343506,239.07095336914062,0.0003599519550334662,62.95307159423828,6.236780166625977,-2.1761856079101562,264.11419677734375,0.0011379127390682697,29.460676193237305,4.212520122528076,-1.1011865139007568,284.0212707519531,0.007760970387607813,66.68208312988281,2.693807601928711,-0.962381899356842,297.1638488769531,0.01163411233574152,52.60219955444336,5.4879303206689656e-05,2.1006631868658587e-05,9.358354568481445,7.0968217849731445,-1.3899067640304565,5.4879303206689656e-05,3.337559610372409e-05,64.00267791748047,1.7756648063659668,0.7125325321416959,0.9077158716872984,9,2,9,ML_CTL_47_0009
CTL,47.0,906.0,8.0,12.0,38.842105865478516,270.0,-1.0,-1.8369701987210297e-16,-0.8660254037844385,-0.5000000000000004,9.74655818939209,-1.7476582527160645,222.5799560546875,9.248249625670724e-06,8.09096622467041,8.638833999633789,2.245903491973877,239.18258666992188,0.0002566251496318728,39.82454299926758,4.931042671203613,-3.04829740524292,263.86529541015625,0.0009895475814118981,26.511005401611328,3.365445137023926,-1.506219744682312,282.89166259765625,0.007197157014161348,66.65238952636719,-0.9945259094238281,-3.1415436267852783,295.78662109375,0.01159187126904726,57.006473541259766,5.1900435209972784e-05,2.812792627082672e-05,10.83115005493164,5.137470245361328,-1.4395631551742554,5.1900435209972784e-05,3.407223630347289e-05,58.62205505371094,0.48533058166503906,0.7774998298442787,1.2511555588527452,9,3,9,ML_CTL_47_0009
CTL,47.0,907.0,8.0,18.0,38.842105865478516,272.5,-0.9990482215818578,0.043619387365335764,-0.8660254037844385,-0.5000000000000004,11.959596633911133,7.055185794830322,220.6438446044922,2.8882117476314306e-05,27.271543502807617,10.560236930847168,8.89997673034668,241.1359405517578,0.0005896179936826229,91.28629302978516,4.272182941436768,0.1752004623413086,264.46923828125,0.001518160686828196,38.558929443359375,3.9961013793945312,0.43372657895088196,281.7413330078125,0.008198072202503681,81.83926391601562,2.1187899112701416,2.092489004135132,294.60333251953125,0.012605979107320309,66.66614532470703,4.815242573386058e-05,2.4944583856267855e-05,11.02133560180664,6.581381320953369,3.731316089630127,4.815242573386058e-05,2.9874147003283724e-05,64.56050109863281,1.4484827518463135,0.6798193363107935,0.7529416704639882,9,4,9,ML_CTL_47_0009
CTL,47.0,908.0,8.0,0.0,38.842105865478516,272.5,-0.9990482215818578,0.043619387365335764,-0.8660254037844385,-0.5000000000000004,14.055243492126465,8.914766311645508,220.4331817626953,3.0442864954238757e-05,30.491239547729492,10.13400650024414,9.409623146057129,241.73992919921875,0.0007374898996204138,99.96552276611328,3.1399967670440674,-0.6646125316619873,265.1365661621094,0.0013906281674280763,34.107601165771484,1.9418607950210571,0.0491609163582325,281.1186218261719,0.00715838884934783,73.88079071044922,0.501950204372406,0.7741656303405762,293.7947692871094,0.012715909630060196,70.68602752685547,5.1382910896791145e-05,3.492614268907346e-05,15.810158729553223,5.954611778259277,3.6966209411621094,5.1382910896791145e-05,3.492614268907346e-05,63.446964263916016,2.140791177749634,0.750340455772394,1.1004288779112712,9,5,9,ML_CTL_47_0009
CTL,47.0,909.0,8.0,6.0,38.842105865478516,272.5,-0.9990482215818578,0.043619387365335764,-0.8660254037844385,-0.5000000000000004,15.584260940551758,9.125060081481934,221.37506103515625,1.8796001313603483e-05,16.926864624023438,10.905644416809082,12.492911338806152,240.87991333007812,0.0006631044670939445,98.02726745605469,3.468677520751953,-0.4786808490753174,264.4798889160156,0.0013687575701624155,36.0395393371582,1.5793479681015015,0.7028343081474304,280.24212646484375,0.006904828827828169,77.34379577636719,0.13296709954738617,0.45211490988731384,293.3397216796875,0.012451978400349617,71.21952819824219,4.6926925278967246e-05,4.146505307289772e-05,17.71898651123047,6.334179878234863,4.458847999572754,4.6926925278967246e-05,4.146505307289772e-05,61.13203048706055,2.5224907398223877,0.6186081326720755,0.4836446373345731,9,6,9,ML_CTL_47_0009
CTL,47.0,910.0,8.0,12.0,35.05263137817383,270.0,-1.0,-1.8369701987210297e-16,-0.8660254037844385,-0.5000000000000004,9.287619590759277,8.132797241210938,219.57643127441406,4.802360126632266e-05,58.796382904052734,9.539338111877441,9.593008995056152,240.92083740234375,0.0004388111410662532,64.32192993164062,3.9416019916534424,-4.021121025085449,264.9128112792969,0.0010324533795937896,25.130409240722656,4.633388996124268,-1.2675082683563232,281.5928039550781,0.006272512022405863,61.994441986083984,2.28792405128479,-0.9220519661903381,294.7843017578125,0.013126296922564507,68.62439727783203,3.3833523048087955e-05,2.2537109543918632e-05,11.444913864135742,5.937974452972412,2.303025007247925,4.4537555368151516e-05,3.867425402859226e-05,58.29717254638672,0.7165446877479553,0.7627350299479784,1.1677331632673695,9,7,9,ML_CTL_47_0009
CTL,47.0,911.0,8.0,18.0,40.73684310913086,275.0,-0.9961946980917455,0.08715574274765789,-0.8660254037844385,-0.5000000000000004,17.255346298217773,20.01856231689453,220.52012634277344,2.4804823624435812e-05,25.05963897705078,11.406159400939941,18.613616943359375,239.80813598632812,0.0006137987948022783,105.58695220947266,4.650936603546143,4.058529376983643,265.808349609375,0.002037541475147009,48.511234283447266,1.9494822025299072,1.860711932182312,279.1129455566406,0.007260904647409916,86.97962951660156,0.5102713704109192,2.634106397628784,291.1031494140625,0.012826724909245968,84.41788482666016,5.0767128414008766e-05,3.707086943904869e-05,24.13745880126953,7.154439449310303,9.437105178833008,5.0767128414008766e-05,3.707086943904869e-05,71.84989929199219,2.22497296333313,0.5904702562514375,0.3659097289604407,9,8,9,ML_CTL_47_0009
CTL,47.0,912.0,8.0,0.0,40.73684310913086,275.0,-0.9961946980917455,0.08715574274765789,-0.8660254037844385,-0.5000000000000004,17.396821975708008,19.605012893676758,221.20028686523438,2.7286132535664365e-05,26.719011306762695,13.485212326049805,21.685152053833008,238.8085174560547,0.0004741089651361108,87.2423095703125,5.3536577224731445,3.47538161277771,266.45892333984375,0.0025149949360638857,56.124629974365234,1.602937936782837,0.09520171582698822,279.3039245605469,0.0062044053338468075,72.80560302734375,0.5851254463195801,0.01996443048119545,291.22344970703125,0.012057187967002392,78.7001724243164,5.091674393042922e-05,4.129830267629586e-05,25.810991287231445,7.684751033782959,8.976142883300781,5.091674393042922e-05,4.5761411456624046e-05,67.96345520019531,2.914306640625,0.6771650321506675,0.7407737557997596,9,9,9,ML_CTL_47_0009
CTL,47.0,906.0,8.0,12.0,14.210526466369629,352.5,-0.13052619222005168,0.9914448613738104,-0.8660254037844385,-0.5000000000000004,-6.941315174102783,2.4984724521636963,219.82249450683594,8.470260945614427e-05,99.84890747070312,-9.935731887817383,0.9859302043914795,244.7678680419922,0.001089339959435165,108.45258331298828,-6.580356121063232,3.6486260890960693,270.07879638671875,0.005193587392568588,86.02450561523438,-6.311103820800781,4.615336894989014,281.2640075683594,0.009462393820285797,97.51229858398438,-5.564452171325684,0.22892354428768158,291.44781494140625,0.014529101550579071,93.5888442993164,0.00010437743185320869,8.842036913847551e-05,2.6545441150665283,-7.066591739654541,2.3954577445983887,0.00010437743185320869,8.842036913847551e-05,83.06919860839844,2.6545441150665283,0.686075126698567,0.7818334355875773,10,1,24,ML_CTL_47_0010
CTL,47.0,907.0,8.0,18.0,14.210526466369629,352.5,-0.13052619222005168,0.9914448613738104,-0.8660254037844385,-0.5000000000000004,-6.918792724609375,2.920337200164795,219.87576293945312,8.732154674362391e-05,102.25668334960938,-5.77195405960083,4.436316967010498,245.21209716796875,0.0011888014851137996,113.29920959472656,-2.0537619590759277,7.424717903137207,269.20562744140625,0.005070954095572233,89.91842651367188,-2.6294195652008057,9.768434524536133,281.54443359375,0.00966265145689249,97.71818542480469,-0.661415696144104,6.827686309814453,291.3809509277344,0.014605814591050148,94.5104751586914,0.00010903371730819345,9.138070890912786e-05,7.377136707305908,-3.6070685386657715,6.275498390197754,0.00010903371730819345,9.138070890912786e-05,82.17338562011719,5.326390266418457,0.5974391681981135,0.39480624772512285,10,2,24,ML_CTL_47_0010
CTL,47.0,908.0,8.0,0.0,14.210526466369629,350.0,-0.1736481776669304,0.984807753012208,-0.8660254037844385,-0.5000000000000004,-6.279688358306885,2.3608994483947754,221.05392456054688,9.851710638031363e-05,99.63761901855469,-2.305683135986328,2.9361393451690674,245.96658325195312,0.0012257894268259406,109.33238220214844,1.1359918117523193,5.258342266082764,268.2355651855469,0.0051779975183308125,98.72965240478516,0.8052346706390381,3.446460485458374,282.8578796386719,0.010731610469520092,99.2627944946289,4.121340274810791,0.13553310930728912,291.9505310058594,0.015734758228063583,98.2139892578125,0.00012034253450110555,8.827236160868779e-05,10.636430740356445,-0.5045607686042786,2.827475070953369,0.00012034253450110555,9.369691542815417e-05,87.80574035644531,8.280717849731445,0.5898637648653138,0.3634022179070775,10,3,24,ML_CTL_47_0010
CTL,47.0,909.0,8.0,6.0,16.105262756347656,350.0,-0.1736481776669304,0.984807753012208,-0.8660254037844385,-0.5000000000000004,-6.082698822021484,5.402951240539551,219.77691650390625,8.433794573647901e-05,99.8979263305664,-7.528554439544678,6.085195541381836,244.3361358642578,0.0010494953021407127,110.82929229736328,-8.31801986694336,10.608707427978516,269.1526184082031,0.005041819531470537,89.64615631103516,-11.293472290039062,11.51863956451416,281.973876953125,0.009908609092235565,97.38700866699219,-11.116552352905273,8.681021690368652,291.50006103515625,0.015012221410870552,96.40435791015625,0.00010721822764026001,9.396670793648809e-05,6.007114887237549,-8.867860794067383,8.45930290222168,0.00010721822764026001,9.396670793648809e-05,78.42910766601562,6.007114887237549,0.640888595364623,0.5792229839651031,10,4,24,ML_CTL_47_0010
CTL,47.0,910.0,8.0,12.0,16.105262756347656,347.5,-0.21643961393810288,0.9762960071199334,-0.8660254037844385,-0.5000000000000004,-7.763339996337891,4.729543209075928,220.31907653808594,9.018798300530761e-05,100.03392028808594,-6.723811626434326,2.3191163539886475,245.327880859375,0.0011841603554785252,110.82933807373047,-3.7688987255096436,7.228278160095215,269.37835693359375,0.005183116532862186,90.71621704101562,-4.962355613708496,6.968632221221924,282.3534851074219,0.0101956557482481,97.71138000488281,-3.7446253299713135,3.766803503036499,291.199951171875,0.01460209023207426,95.5951156616211,0.00011640552111202851,9.385776502313092e-05,4.132425308227539,-5.392606258392334,5.002474784851074,0.00011640552111202851,9.385776502313092e-05,82.90921020507812,4.132425308227539,0.6719135943663201,0.716852746941957,10,5,24,ML_CTL_47_0010
CTL,47.0,911.0,8.0,18.0,16.105262756347656,347.5,-0.21643961393810288,0.9762960071199334,-0.8660254037844385,-0.5000000000000004,-6.848268985748291,2.0850658416748047,220.96473693847656,9.789619798539206e-05,100.05375671386719,-0.5139508247375488,7.1244001388549805,246.01602172851562,0.0012493315152823925,110.74598693847656,1.3601385354995728,14.601740837097168,268.4258728027344,0.005020377691835165,94.34077453613281,1.0941107273101807,12.383460998535156,282.0024719238281,0.009830733761191368,96.49040222167969,4.264659881591797,10.153738975524902,291.0087890625,0.01461063977330923,96.81004333496094,0.00010252389620291069,8.18755361251533e-05,13.733195304870605,-0.128662109375,9.269681930541992,0.00010252389620291069,9.808813047129661e-05,83.32384490966797,6.828018665313721,0.5650218503580122,0.2615686044796677,10,6,24,ML_CTL_47_0010
CTL,47.0,912.0,8.0,0.0,18.0,345.0,-0.2588190451025207,0.9659258262890683,-0.8660254037844385,-0.5000000000000004,-8.472097396850586,4.773189067840576,219.9739532470703,8.481700206175447e-05,98.92819213867188,-9.585933685302734,2.4451630115509033,244.27517700195312,0.0010964794782921672,114.8287353515625,-9.403341293334961,6.716612339019775,269.447509765625,0.0051676263101398945,90.00164794921875,-11.862750053405762,6.199498176574707,281.8845520019531,0.009658451192080975,95.68515014648438,-11.055953979492188,4.086968898773193,292.311767578125,0.014502428472042084,88.47600555419922,0.00010330965596949682,0.00010734059469541535,2.673427104949951,-10.07601547241211,4.844286918640137,0.00010330965596949682,0.00010734059469541535,79.98977661132812,2.673427104949951,0.6856843000543766,0.7800194231393123,10,7,24,ML_CTL_47_0010
CTL,47.0,913.0,8.0,6.0,18.0,342.5,-0.300705799504273,0.9537169507482269,-0.8660254037844385,-0.5000000000000004,-7.944573402404785,3.905369997024536,220.4302978515625,8.767373947193846e-05,98.58340454101562,-9.993544578552246,-0.6647138595581055,243.9349365234375,0.0009188610129058361,97.33828735351562,-7.596628189086914,-0.4201083481311798,270.1727600097656,0.005239563062787056,86.68158721923828,-9.501321792602539,0.14892235398292542,281.5042419433594,0.009353897534310818,95.11256408691406,-9.143486976623535,-0.38488253951072693,292.28009033203125,0.01435281801968813,87.7457504272461,0.00010888907127082348,0.00010573401959845796,4.454622745513916,-8.83591079711914,0.5169175863265991,0.00010888907127082348,0.00010573401959845796,81.43865203857422,4.454622745513916,0.8377103356639198,1.6412895891998205,10,8,24,ML_CTL_47_0010
CTL,47.0,914.0,8.0,12.0,18.0,342.5,-0.300705799504273,0.9537169507482269,-0.8660254037844385,-0.5000000000000004,-7.039887428283691,3.9022629261016846,220.62245178222656,9.267133282264695e-05,99.73783111572266,-6.470944404602051,5.742207050323486,245.4636993408203,0.0012017899425700307,110.27336883544922,-2.853677749633789,9.209707260131836,270.5032958984375,0.005410002078860998,87.09837341308594,-3.663472890853882,10.189748764038086,282.34912109375,0.009663382545113564,92.73207092285156,-3.497443437576294,9.3468599319458,291.80169677734375,0.01450659241527319,91.3755111694336,0.00010425936488900334,9.699983638711274e-05,6.495579242706299,-4.705085277557373,7.678156852722168,0.00010425936488900334,9.699983638711274e-05,78.74078369140625,6.495579242706299,0.6811253341814912,0.7589482050749188,10,9,24,ML_CTL_47_0010
CTL,47.0,915.0,8.0,18.0,18.0,340.0,-0.3420201433256686,0.9396926207859084,-0.8660254037844385,-0.5000000000000004,-9.052122116088867,2.2327399253845215,221.14402770996094,9.98221876216121e-05,101.15591430664062,-7.043577671051025,1.1873042583465576,244.55340576171875,0.0009883830789476633,100.93388366699219,-0.6793352961540222,-0.44306960701942444,270.6992492675781,0.006427199114114046,100.76707458496094,0.06211714819073677,0.7752718329429626,282.1911315917969,0.008902082219719887,86.33846282958984,-0.029195701703429222,0.4169709086418152,292.0409240722656,0.014009794220328331,86.88832092285156,0.00010484777885721996,9.175661398330703e-05,9.203815460205078,-3.3484225273132324,0.8338434100151062,0.00010484777885721996,9.509397204965353e-05,78.02864074707031,7.729012966156006,0.7479802081074965,1.087868894191732,10,10,24,ML_CTL_47_0010
CTL,47.0,916.0,8.0,0.0,18.0,340.0,-0.3420201433256686,0.9396926207859084,-0.8660254037844385,-0.5000000000000004,-7.024444103240967,2.5105602741241455,220.822509765625,9.480796870775521e-05,99.88137817382812,-3.050779104232788,10.865458488464355,244.37339782714844,0.001082562725059688,111.72530364990234,2.215895175933838,7.743865489959717,271.0367431640625,0.006584513001143932,100.59050750732422,3.13460373878479,7.235814571380615,282.3492736816406,0.008994747884571552,86.39149475097656,3.651336193084717,4.956194877624512,292.064208984375,0.013786563649773598,85.34200286865234,9.689576108939946e-05,7.732184894848615e-05,10.952324867248535,-0.21467752754688263,6.662378787994385,9.689576108939946e-05,9.127279190579429e-05,76.67408752441406,1.7898919582366943,0.5859726438478522,0.3473410563293655,10,11,24,ML_CTL_47_0010
CTL,47.0,917.0,8.0,6.0,19.894737243652344,340.0,-0.3420201433256686,0.9396926207859084,-0.8660254037844385,-0.5000000000000004,-4.426651954650879,3.2181806564331055,219.90968322753906,8.456961950287223e-05,99.75439453125,-0.29261648654937744,14.101314544677734,243.87887573242188,0.0009713282343000174,105.3980712890625,-1.5391610860824585,15.21111011505127,271.194580078125,0.00659180199727416,99.34741973876953,-4.238182067871094,14.692452430725098,283.19927978515625,0.008737978525459766,79.30388641357422,-5.896860599517822,11.479854583740234,292.192626953125,0.013248197734355927,81.35635375976562,8.655907731736079e-05,6.714384653605521e-05,8.391469955444336,-3.2786946296691895,11.740582466125488,8.655907731736079e-05,7.9673009167891e-05,73.26961517333984,6.0383992195129395,0.6096232698639945,0.44572892841489775,10,12,24,ML_CTL_47_0010
CTL,47.0,918.0,8.0,12.0,19.894737243652344,337.5,-0.38268343236508956,0.9238795325112868,-0.8660254037844385,-0.5000000000000004,-6.879469871520996,3.3931808471679688,220.80963134765625,9.381318523082882e-05,99.92391967773438,-1.4827289581298828,11.288647651672363,242.9839630126953,0.0005263116327114403,69.0663833618164,0.4634021520614624,7.75940465927124,271.72625732421875,0.005709754303097725,79.67577362060547,-2.0845446586608887,6.0328803062438965,283.3931884765625,0.008177720941603184,73.25774383544922,-2.1447131633758545,4.721113204956055,292.16558837890625,0.012936118058860302,79.5867919921875,7.7965269156266e-05,5.178068749955855e-05,4.917450904846191,-2.4256110191345215,6.639045715332031,7.7965269156266e-05,7.461229688487947e-05,69.57452392578125,4.04366397857666,0.8014079805968516,1.3951175899419814,10,13,24,ML_CTL_47_0010
CTL,47.0,919.0,8.0,18.0,21.789474487304688,337.5,-0.38268343236508956,0.9238795325112868,-0.8660254037844385,-0.5000000000000004,-6.348525047302246,4.50831413269043,220.30308532714844,8.834197069518268e-05,99.84810638427734,1.1647480726242065,12.95700454711914,242.59176635742188,0.000455022876849398,65.51534271240234,0.18347065150737762,13.694084167480469,271.1937561035156,0.005581230856478214,80.85685729980469,-4.564285755157471,13.426766395568848,284.2112121582031,0.007934181950986385,67.27693939208984,-5.151474475860596,8.590879440307617,292.2691955566406,0.012655799277126789,77.34638214111328,6.639058119617403e-05,3.919546725228429e-05,4.254441261291504,-2.9432132244110107,10.635409355163574,6.639058119617403e-05,6.402746657840908e-05,67.51860046386719,4.254441261291504,0.7609417098821533,1.1578493442884707,10,14,24,ML_CTL_47_0010
CTL,47.0,920.0,8.0,0.0,21.789474487304688,335.0,-0.4226182617406992,0.90630778703665,-0.8660254037844385,-0.5000000000000004,-5.357598781585693,7.569452285766602,220.2736358642578,8.680194878252223e-05,99.59098052978516,-0.23205436766147614,8.950990676879883,243.10494995117188,0.00025178943178616464,34.19708251953125,-0.9922754764556885,7.1205363273620605,271.0215148925781,0.003678984474390745,51.913387298583984,-3.4607226848602295,1.1831796169281006,283.5738830566406,0.008027967065572739,71.07054138183594,-3.8100690841674805,1.2202576398849487,291.8476867675781,0.01248391717672348,78.3382568359375,6.02791624260135e-05,3.330559775349684e-05,6.535068511962891,-2.7705440521240234,5.208883285522461,6.02791624260135e-05,5.5629094276810065e-05,62.242706298828125,5.356027603149414,0.8335400162792255,1.6109267684501694,10,15,24,ML_CTL_47_0010
CTL,47.0,921.0,8.0,6.0,23.6842098236084,335.0,-0.4226182617406992,0.90630778703665,-0.8660254037844385,-0.5000000000000004,-0.9764991998672485,7.154562473297119,220.21435546875,7.662940333830193e-05,88.97904968261719,1.4193120002746582,8.206647872924805,243.12164306640625,0.00021303270477801561,28.263099670410156,-1.28386652469635,12.068663597106934,269.9473876953125,0.003912473097443581,60.539459228515625,-7.206912994384766,10.04538345336914,284.1004943847656,0.00806996040046215,68.98230743408203,-7.131139278411865,7.051563739776611,291.1937561035156,0.012910572811961174,84.41763305664062,5.080236587673426e-05,2.8465605282690376e-05,6.155501842498779,-3.0358211994171143,8.905364036560059,5.080236587673426e-05,4.196462396066636e-05,63.721412658691406,3.8756916522979736,0.8649716012767964,1.8572115582707616,10,16,24,ML_CTL_47_0010
CTL,47.0,922.0,8.0,12.0,23.6842098236084,332.5,-0.46174861323503363,0.8870108331782218,-0.8660254037844385,-0.5000000000000004,-1.453627109527588,8.513240814208984,220.422119140625,6.549218232976273e-05,74.406494140625,0.0035358713939785957,7.424251556396484,243.39772033691406,0.00011167734919581562,15.857627868652344,-0.7790772914886475,9.517501831054688,270.2630615234375,0.001895957044325769,27.890417098999023,-3.61421799659729,3.1423838138580322,283.96563720703125,0.007878617383539677,67.96525573730469,-4.142333984375,1.0622024536132812,291.3521423339844,0.012636877596378326,81.78871154785156,4.421849735081196e-05,2.1770965759060346e-05,7.9213080406188965,-1.997144103050232,5.931916236877441,4.421849735081196e-05,3.441908847889863e-05,57.06889724731445,5.220368385314941,0.826463936585612,1.560770846330331,10,17,24,ML_CTL_47_0010
CTL,47.0,923.0,8.0,18.0,25.578947067260742,332.5,-0.46174861323503363,0.8870108331782218,-0.8660254037844385,-0.5000000000000004,3.2100768089294434,6.883687973022461,220.30152893066406,6.353235949063674e-05,73.6362075805664,2.6651453971862793,7.778096675872803,243.18984985351562,0.00010073698649648577,14.394022941589355,0.6078160405158997,10.129276275634766,269.7779235839844,0.002098031109198928,31.922571182250977,-5.288296699523926,8.118694305419922,284.23614501953125,0.007881870493292809,66.7966079711914,-6.671957492828369,4.271600723266602,291.22027587890625,0.012546378187835217,81.88783264160156,4.209752660244703e-05,1.811820038710721e-05,10.221428871154785,-1.0954431295394897,7.436271667480469,4.209752660244703e-05,2.8052010748069733e-05,59.56007385253906,4.6500325202941895,0.8432729881495574,1.6827852210428071,10,18,24,ML_CTL_47_0010
CTL,47.0,924.0,8.0,0.0,25.578947067260742,330.0,-0.5000000000000004,0.8660254037844384,-0.8660254037844385,-0.5000000000000004,2.250262498855591,9.280356407165527,220.0187530517578,5.0264730816707015e-05,60.259151458740234,2.049778699874878,9.343901634216309,242.80667114257812,0.00011404081305954605,17.7785587310791,0.24479876458644867,7.061236381530762,269.69781494140625,0.0007772697135806084,12.085211753845215,-4.345300674438477,2.169583320617676,284.11639404296875,0.007885277271270752,67.35926055908203,-6.1254167556762695,0.5245696902275085,290.6573181152344,0.012622362934052944,85.55550384521484,3.42390667356085e-05,1.821147270675283e-05,12.1167573928833,-1.1851755380630493,5.675929069519043,3.42390667356085e-05,2.1784046111861244e-05,54.41215896606445,0.8522962927818298,0.7955074000689951,1.3584483614752214,10,19,24,ML_CTL_47_0010
CTL,47.0,925.0,8.0,6.0,25.578947067260742,330.0,-0.5000000000000004,0.8660254037844384,-0.8660254037844385,-0.5000000000000004,1.153988003730774,6.1265716552734375,219.35256958007812,5.610920561593957e-05,74.16020965576172,0.4924662113189697,7.837838649749756,242.39688110351562,0.0001274808164453134,19.830413818359375,0.3907356858253479,8.82011890411377,270.0129699707031,0.0004672796931117773,7.375609397888184,-3.7717411518096924,6.346848011016846,284.4611511230469,0.007133321836590767,59.53422546386719,-5.0302276611328125,3.555079698562622,290.57098388671875,0.012283035553991795,83.86640930175781,2.8962655051145703e-05,7.239385013235733e-06,6.697543621063232,-1.3529558181762695,6.537291526794434,2.8962655051145703e-05,1.8232041838928126e-05,50.151580810546875,6.264949798583984,0.6586998256798767,0.6575055643380523,10,20,24,ML_CTL_47_0010
CTL,47.0,926.0,8.0,12.0,27.473684310913086,327.5,-0.5372996083468242,0.8433914458128855,-0.8660254037844385,-0.5000000000000004,4.128668308258057,8.29416561126709,219.86500549316406,3.6639405152527615e-05,45.497337341308594,5.453338623046875,10.31320858001709,242.5171356201172,0.00012098835577489808,18.67891502380371,-1.0238059759140015,6.570070266723633,269.0016784667969,0.0005441308603622019,9.00908088684082,-4.431901454925537,3.0908703804016113,283.7109375,0.008255480788648129,72.42428588867188,-5.791839122772217,0.888515293598175,290.55108642578125,0.012285013683140278,83.80813598632812,2.5258514142478816e-05,1.0570763151918072e-05,12.379827499389648,-0.33310794830322266,5.831366062164307,2.5258514142478816e-05,1.2661828804994002e-05,54.908226013183594,4.90302848815918,0.6944782143995033,0.8211397055834655,10,21,24,ML_CTL_47_0010
CTL,47.0,927.0,8.0,18.0,27.473684310913086,327.5,-0.5372996083468242,0.8433914458128855,-0.8660254037844385,-0.5000000000000004,1.4958499670028687,5.8216633796691895,219.44091796875,4.2140880395891145e-05,55.68750762939453,4.70930814743042,6.897690773010254,242.15147399902344,0.0001184005886898376,18.14742660522461,1.4320971965789795,7.9021172523498535,269.6735534667969,0.00036514102248474956,5.886682510375977,-2.6171722412109375,4.749846935272217,284.2225341796875,0.007347055245190859,62.22858428955078,-4.507049083709717,2.3484368324279785,290.9790344238281,0.01185427326709032,78.79984283447266,2.4548851797590032e-05,2.486800212864182e-06,6.935279369354248,0.1026068702340126,5.543951034545898,2.4548851797590032e-05,8.583216185797937e-06,50.082122802734375,4.594888687133789,0.6655413294050235,0.6880874225295173,10,22,24,ML_CTL_47_0010
CTL,47.0,928.0,8.0,0.0,29.36842155456543,327.5,-0.5372996083468242,0.8433914458128855,-0.8660254037844385,-0.5000000000000004,5.742640495300293,3.657191276550293,219.90353393554688,3.084161289734766e-05,38.13406753540039,9.469514846801758,3.40399432182312,241.96780395507812,0.00011500693653943017,18.121681213378906,3.068164348602295,5.570488452911377,268.7477111816406,0.00042593482066877186,7.305363655090332,-2.53568959236145,5.314199447631836,283.6268310546875,0.007523268461227417,66.1904525756836,-4.601603031158447,3.3274803161621094,290.52752685546875,0.011945480480790138,81.70878601074219,1.8805476429406554e-05,5.313563633535523e-06,10.349496841430664,2.228605270385742,4.2546706199646,1.8805476429406554e-05,6.9928073571645655e-06,53.846500396728516,3.5146448612213135,0.6719800473817997,0.717154210999166,10,23,24,ML_CTL_47_0010
CTL,47.0,929.0,8.0,6.0,29.36842155456543,325.0,-0.5735764363510465,0.8191520442889916,-0.8660254037844385,-0.5000000000000004,5.635153770446777,9.48405933380127,219.5791015625,4.0159953641705215e-05,52.4615592956543,7.150129318237305,5.3882646560668945,241.45896911621094,0.00010728841152740642,15.577815055847168,2.181297540664673,3.883082389831543,268.9142150878906,0.00024632655549794436,4.222659587860107,-3.1948482990264893,2.461771249771118,282.84869384765625,0.008069894276559353,74.72467803955078,-4.71964168548584,0.6403875946998596,290.2161560058594,0.011882713995873928,82.73766326904297,1.4348484000947792e-05,2.5725646537466673e-06,13.617353439331055,1.410418152809143,4.3715128898620605,1.4348484000947792e-05,7.660005394427571e-06,50.749385833740234,3.6027259826660156,0.6136909204312412,0.4628536411580342,10,24,24,ML_CTL_47_0010
CTL,47.0,929.0,8.0,6.0,21.789474487304688,282.5,-0.9762960071199335,0.21643961393810246,-0.8660254037844385,-0.5000000000000004,1.9995570182800293,6.077538013458252,217.8398895263672,6.525351636810228e-05,99.90939331054688,-2.3078136444091797,5.987879276275635,243.4254150390625,0.000989371445029974,109.47908020019531,-6.351341724395752,-0.8100661635398865,269.0603942871094,0.0057050674222409725,101.6297836303711,-7.733899116516113,3.9711737632751465,279.32220458984375,0.00854612234979868,101.14530944824219,-7.54724645614624,2.817777633666992,288.8954162597656,0.01186230219900608,90.03517150878906,2.8786813345504925e-05,4.62814059574157e-05,10.087987899780273,-4.388148784637451,3.608860492706299,2.8786813345504925e-05,5.708711614715867e-05,80.90099334716797,4.910287380218506,0.568695579495074,0.2765311284236902,11,1,18,ML_CTL_47_0011
CTL,47.0,930.0,8.0,12.0,21.789474487304688,282.5,-0.9762960071199335,0.21643961393810246,-0.8660254037844385,-0.5000000000000004,-4.142332553863525,5.1026530265808105,218.50106811523438,7.108678255463019e-05,99.84093475341797,-2.9031620025634766,4.611170768737793,243.99118041992188,0.0010695577366277575,112.26531219482422,-2.798173189163208,2.3103725910186768,268.7584228515625,0.005562659818679094,101.55658721923828,-5.437646865844727,6.562150478363037,280.2610168457031,0.009108898229897022,101.0186996459961,-6.783206939697266,5.02711296081543,288.3607482910156,0.012248859740793705,96.16474151611328,3.9825787098379806e-05,5.113043880555779e-05,2.6419546604156494,-4.412904262542725,4.722691535949707,3.9825787098379806e-05,5.113043880555779e-05,83.5229721069336,1.7664700746536255,0.6466113030972301,0.6041767704460554,11,2,18,ML_CTL_47_0011
CTL,47.0,931.0,8.0,18.0,21.789474487304688,282.5,-0.9762960071199335,0.21643961393810246,-0.8660254037844385,-0.5000000000000004,-8.627685546875,4.948190689086914,219.54820251464844,8.125572639983147e-05,99.97389221191406,0.37851113080978394,4.785795211791992,244.28858947753906,0.0011398138012737036,117.65042114257812,2.4403457641601562,3.4638125896453857,268.77545166015625,0.005593685433268547,101.7776107788086,-1.9305599927902222,7.123083591461182,281.6283264160156,0.009832048788666725,99.328125,-5.559770584106445,6.577672958374023,288.4578857421875,0.012116511352360249,94.54180145263672,4.7584224375896156e-05,4.8016685468610376e-05,3.473803997039795,-2.6598317623138428,5.379711151123047,4.7584224375896156e-05,5.7276094594271854e-05,83.83413696289062,3.473803997039795,0.6039164394534484,0.42181064261259715,11,3,18,ML_CTL_47_0011
CTL,47.0,932.0,8.0,0.0,21.789474487304688,280.0,-0.9848077530122081,0.17364817766692997,-0.8660254037844385,-0.5000000000000004,-8.457772254943848,12.11377239227295,218.89993286132812,4.391740003484301e-05,61.25275802612305,1.2348673343658447,7.444447994232178,242.1983642578125,0.00019454800349194556,26.93121337890625,3.197711706161499,-1.894939661026001,269.26019287109375,0.004150893073529005,69.2458267211914,-1.163210391998291,-1.3200887441635132,282.0975036621094,0.007831192575395107,76.5337905883789,-3.8651130199432373,1.5072588920593262,289.0670166015625,0.012320540845394135,92.32684326171875,5.08891353092622e-05,2.6954759960062802e-05,11.55814266204834,-1.8107032775878906,3.5700900554656982,5.08891353092622e-05,6.248175486689433e-05,80.3614273071289,3.9586451053619385,0.9153203949495899,2.38039938016788,11,4,18,ML_CTL_47_0011
CTL,47.0,933.0,8.0,6.0,23.6842098236084,280.0,-0.9848077530122081,0.17364817766692997,-0.8660254037844385,-0.5000000000000004,-6.12836217880249,18.0671443939209,219.3087615966797,5.071661144029349e-05,67.77806854248047,-0.9928556084632874,8.318615913391113,241.71719360351562,0.0003126540977973491,38.62849426269531,-1.6491602659225464,1.4426912069320679,269.3594665527344,0.005816551856696606,100.80596160888672,-5.853610992431641,4.058265686035156,281.3461608886719,0.00914175994694233,94.12753295898438,-8.95425033569336,5.545722484588623,288.7499694824219,0.012463298626244068,95.33955383300781,5.033108391216956e-05,4.6699689846718684e-05,12.83634090423584,-4.7156476974487305,7.486488342285156,5.033108391216956e-05,5.1294999138917774e-05,79.31476593017578,4.13983678817749,0.9228632534960919,2.481901293755612,11,5,18,ML_CTL_47_0011
CTL,47.0,934.0,8.0,12.0,23.6842098236084,280.0,-0.9848077530122081,0.17364817766692997,-0.8660254037844385,-0.5000000000000004,-6.134281158447266,18.925546646118164,219.30380249023438,5.059811155661009e-05,67.99304962158203,-2.8769044876098633,11.158700942993164,241.6836700439453,0.00018813602218870074,23.013521194458008,-0.6936905384063721,3.9192163944244385,269.0418395996094,0.005516011733561754,96.95641326904297,-2.4341177940368652,6.49014139175415,282.11090087890625,0.00927777960896492,90.71241760253906,-6.207682132720947,6.945091724395752,289.058837890625,0.012815210968255997,96.09357452392578,5.519078331417404e-05,3.0670995329273865e-05,11.980680465698242,-3.669335126876831,9.487739562988281,5.519078331417404e-05,4.449285916052759e-05,80.97994232177734,2.6213114261627197,0.9043171237840114,2.246140748985707,11,6,18,ML_CTL_47_0011
CTL,47.0,935.0,8.0,18.0,23.6842098236084,277.5,-0.9914448613738105,0.13052619222005127,-0.8660254037844385,-0.5000000000000004,-0.7755059599876404,10.99658203125,220.12403869628906,2.786244840535801e-05,33.73904800415039,0.7825825810432434,9.021215438842773,240.7611083984375,0.00010622223635436967,15.858792304992676,1.6811026334762573,3.5646860599517822,268.0312194824219,0.002839713590219617,51.73296356201172,1.113996982574463,1.1137170791625977,283.44256591796875,0.00831548497080803,74.24630737304688,-2.97432541847229,2.085064172744751,290.04119873046875,0.013132765889167786,92.38948059082031,5.549917841563001e-05,2.4035960450419225e-05,9.178777694702148,-0.03442983701825142,5.356253147125244,5.549917841563001e-05,3.644985190476291e-05,79.7569808959961,2.3313636779785156,0.9304933859258543,2.5942930533937405,11,7,18,ML_CTL_47_0011
CTL,47.0,936.0,8.0,0.0,25.578947067260742,277.5,-0.9914448613738105,0.13052619222005127,-0.8660254037844385,-0.5000000000000004,-2.735543966293335,17.512802124023438,220.04708862304688,2.5558885681675747e-05,30.97002410888672,-3.4869911670684814,11.293646812438965,240.817626953125,0.00014020029630046338,19.671817779541016,-0.6910893321037292,4.906543254852295,267.92950439453125,0.004542203154414892,84.61518096923828,-5.144378185272217,4.086511611938477,283.45928955078125,0.009332406334578991,83.2864761352539,-10.06360149383545,5.270341873168945,289.70751953125,0.013228868134319782,95.06095123291016,5.1497732783900574e-05,2.7803416742244735e-05,14.268085479736328,-4.424321174621582,8.613969802856445,5.1497732783900574e-05,3.922873656847514e-05,76.74311828613281,1.676104187965393,0.8968441118830559,2.1626407377013046,11,8,18,ML_CTL_47_0011
CTL,47.0,937.0,8.0,6.0,25.578947067260742,275.0,-0.9961946980917455,0.08715574274765789,-0.8660254037844385,-0.5000000000000004,5.990996837615967,1.8958803415298462,220.11553955078125,1.8623803043738008e-05,22.3337345123291,2.0982766151428223,5.460513114929199,238.9746856689453,0.000146299455082044,24.94415855407715,1.1050546169281006,4.0020432472229,267.4906311035156,0.0034452942200005054,67.00285339355469,-1.8675777912139893,2.5797677040100098,283.9124755859375,0.009983982890844345,86.43711853027344,-4.824476718902588,2.6980533599853516,290.1688232421875,0.012761808931827545,89.08658599853516,5.190620868233964e-05,2.865479291358497e-05,10.84518051147461,0.5004547834396362,3.327251434326172,5.190620868233964e-05,3.998772081104107e-05,81.77568054199219,3.1591062545776367,0.8695297824031011,1.8968076024713776,11,9,18,ML_CTL_47_0011
CTL,47.0,938.0,8.0,12.0,27.473684310913086,275.0,-0.9961946980917455,0.08715574274765789,-0.8660254037844385,-0.5000000000000004,-4.404606342315674,7.740527629852295,220.15431213378906,8.739314216654748e-05,99.60807800292969,-2.6349308490753174,7.133915424346924,241.05357360839844,0.00038940089871175587,65.86510467529297,-0.5025895237922668,6.272083759307861,269.0113525390625,0.004263505805283785,73.87239837646484,-4.969573020935059,5.36890172958374,282.81793212890625,0.00981831643730402,91.47856140136719,-9.257637023925781,3.6640255451202393,289.84661865234375,0.01335871871560812,95.18186950683594,5.1771839935099706e-05,3.72155373042915e-05,6.337963104248047,-4.353867530822754,6.035891056060791,5.1771839935099706e-05,3.7616497138515115e-05,81.09880065917969,2.372220516204834,0.8590722441303686,1.8076056316912772,11,10,18,ML_CTL_47_0011
CTL,47.0,939.0,8.0,18.0,27.473684310913086,272.5,-0.9990482215818578,0.043619387365335764,-0.8660254037844385,-0.5000000000000004,-0.9151745438575745,6.927455425262451,221.21714782714844,0.00010035847662948072,100.89615631103516,1.26858389377594,5.294722080230713,241.47604370117188,0.0004748470091726631,75.60873413085938,0.5500521063804626,2.7041707038879395,269.21417236328125,0.004707782529294491,79.95390319824219,-2.3453805446624756,1.3865207433700562,283.1449890136719,0.009543605148792267,86.98304748535156,-7.098626613616943,-0.46669337153434753,290.0043029785156,0.013179983012378216,92.98558044433594,5.5624554079258814e-05,3.530626781866886e-05,9.638906478881836,-1.7081091403961182,3.1692349910736084,5.5624554079258814e-05,4.606552829500288e-05,79.79388427734375,2.9487409591674805,0.8144140739406472,1.478950938952929,11,11,18,ML_CTL_47_0011
CTL,47.0,940.0,8.0,0.0,27.473684310913086,272.5,-0.9990482215818578,0.043619387365335764,-0.8660254037844385,-0.5000000000000004,3.5192558765411377,7.133188724517822,220.9446258544922,9.512736869510263e-05,99.67098999023438,3.213984489440918,6.031503677368164,241.6847686767578,0.000572943827137351,83.75907135009766,2.3092799186706543,3.991333484649658,269.1726379394531,0.004622048698365688,79.28672790527344,0.3301484286785126,3.624011278152466,283.9754638671875,0.009488982148468494,81.80619812011719,-3.2363121509552,2.603780508041382,290.61541748046875,0.012943706475198269,87.81756591796875,5.60237058380153e-05,3.806002496276051e-05,8.133463859558105,1.2272714376449585,4.676763534545898,5.60237058380153e-05,4.765651101479307e-05,77.87101745605469,5.146914482116699,0.8169633281038652,1.495907682170309,11,12,18,ML_CTL_47_0011
CTL,47.0,941.0,8.0,6.0,29.36842155456543,272.5,-0.9990482215818578,0.043619387365335764,-0.8660254037844385,-0.5000000000000004,-0.22627948224544525,12.29305362701416,220.17738342285156,8.084279397735372e-05,92.64649963378906,0.18192677199840546,7.032877445220947,241.9883575439453,0.0007595469942316413,99.39725494384766,-0.13253994286060333,2.530055284500122,270.0327453613281,0.005992903374135494,98.43302917480469,-2.172393798828125,2.8821823596954346,282.83526611328125,0.009679743088781834,90.09915161132812,-4.882803440093994,2.316650390625,290.4425354003906,0.013196359388530254,90.55960845947266,5.582720405072905e-05,4.952307790517807e-05,11.009624481201172,-1.446418046951294,5.410964012145996,5.582720405072905e-05,5.051320113125257e-05,79.81616973876953,3.6412429809570312,0.7883682692837299,1.315117682624249,11,13,18,ML_CTL_47_0011
CTL,47.0,942.0,8.0,12.0,29.36842155456543,272.5,-0.9990482215818578,0.043619387365335764,-0.8660254037844385,-0.5000000000000004,0.386732280254364,13.951584815979004,222.60455322265625,0.0001159512612503022,99.83552551269531,2.4379308223724365,10.157797813415527,242.68138122558594,0.0006290574674494565,78.7662124633789,2.751317262649536,5.093161106109619,269.10162353515625,0.005327461753040552,94.11650085449219,0.28081583976745605,5.059438705444336,282.4839172363281,0.009608178399503231,91.58499908447266,-1.4265389442443848,3.6948082447052,290.1282958984375,0.01338845957070589,93.70911407470703,6.063259206712246e-05,4.7616635129088536e-05,10.415825843811035,0.8860514760017395,7.591358184814453,6.063259206712246e-05,4.841151167056523e-05,80.52680969238281,0.8924249410629272,0.8246203019078048,1.5479697133796648,11,14,18,ML_CTL_47_0011
CTL,47.0,943.0,8.0,18.0,31.263158798217773,272.5,-0.9990482215818578,0.043619387365335764,-0.8660254037844385,-0.5000000000000004,1.3380807638168335,19.383338928222656,221.25071716308594,9.894336835714057e-05,100.20923614501953,1.459297776222229,9.820460319519043,242.64859008789062,0.0009183835354633629,112.819580078125,1.1880186796188354,1.1204814910888672,269.5221252441406,0.005110080353915691,88.57404327392578,-1.6458567380905151,3.083430528640747,281.9479064941406,0.009099645540118217,89.90867614746094,-4.491825580596924,2.5388946533203125,290.17578125,0.013068873435258865,91.24413299560547,5.120856440044008e-05,5.443521877168678e-05,17.82478904724121,-0.4304570257663727,7.189321041107178,5.120856440044008e-05,5.632498869090341e-05,76.08570098876953,2.6847612857818604,0.653556109736562,0.6347075170694125,11,15,18,ML_CTL_47_0011
CTL,47.0,944.0,8.0,0.0,31.263158798217773,272.5,-0.9990482215818578,0.043619387365335764,-0.8660254037844385,-0.5000000000000004,4.115593910217285,17.963417053222656,219.84292602539062,6.930905510671437e-05,81.7723617553711,2.567768096923828,12.52726936340332,242.2389678955078,0.0008685638313181698,111.36946105957031,1.3642910718917847,2.207803249359131,269.4173278808594,0.005597923416644335,97.0824203491211,0.6386306285858154,3.9412460327148438,282.8480224609375,0.008862408809363842,82.34160614013672,-0.6792112588882446,4.193714618682861,290.6610412597656,0.012559409253299236,85.04110717773438,4.9799884436652064e-05,4.9787973694037646e-05,14.580633163452148,1.601414442062378,8.1666898727417,4.9799884436652064e-05,5.999747008900158e-05,73.9473648071289,1.6877155303955078,0.7122689997379169,0.906429631887663,11,16,18,ML_CTL_47_0011
CTL,47.0,945.0,8.0,6.0,31.263158798217773,272.5,-0.9990482215818578,0.043619387365335764,-0.8660254037844385,-0.5000000000000004,3.7544565200805664,19.01064109802246,218.42620849609375,6.679176294710487e-05,95.24262237548828,1.9572087526321411,16.443050384521484,242.36175537109375,0.000867065042257309,108.47953796386719,1.8280926942825317,4.978687763214111,269.7783203125,0.005983531009405851,100.56889343261719,2.5117990970611572,5.287796497344971,282.4959716796875,0.009216858074069023,87.80062866210938,1.5926222801208496,4.790509223937988,290.8661804199219,0.01213940791785717,81.1507797241211,5.1103495934512466e-05,3.952288534492254e-05,14.38352108001709,2.3288357257843018,10.102136611938477,5.1103495934512466e-05,4.672010618378408e-05,76.29107666015625,1.2572038173675537,0.5857895660713853,0.3465864836161143,11,17,18,ML_CTL_47_0011
CTL,47.0,946.0,8.0,12.0,31.263158798217773,272.5,-0.9990482215818578,0.043619387365335764,-0.8660254037844385,-0.5000000000000004,0.41368189454078674,21.16939926147461,219.1436004638672,7.737961277598515e-05,99.82679748535156,0.6488716006278992,18.437610626220703,244.5003204345703,0.001089345896616578,108.43199157714844,2.920570135116577,5.341635227203369,269.43243408203125,0.005768275819718838,99.96617126464844,2.668041706085205,5.981513500213623,281.0998229980469,0.009471246972680092,99.26449584960938,1.0495420694351196,6.439849376678467,290.7442932128906,0.012341922149062157,83.17984008789062,4.9949179810937494e-05,4.380279642646201e-05,14.743268013000488,1.5401414632797241,11.47400188446045,4.9949179810937494e-05,4.380279642646201e-05,78.13056945800781,1.813419222831726,0.5868451621201095,0.3509385738815718,11,18,18,ML_CTL_47_0011
CTL,47.0,948.0,8.0,0.0,33.157894134521484,272.5,-0.9990482215818578,0.043619387365335764,-0.8660254037844385,-0.5000000000000004,-4.026254653930664,19.50847625732422,220.3466796875,9.137707820627838e-05,100.10742950439453,2.131909132003784,15.996601104736328,243.80270385742188,0.001110891462303698,125.07528686523438,-0.5426779389381409,1.798909306526184,268.83294677734375,0.005432475358247757,98.87174987792969,0.6597571969032288,4.657143592834473,281.286865234375,0.008768792264163494,90.5782470703125,0.16241848468780518,5.5659565925598145,291.35528564453125,0.012392348609864712,80.31449127197266,4.547163553070277e-05,5.960463749943301e-05,14.558119773864746,-0.32296955585479736,9.505416870117188,4.547163553070277e-05,6.423984450520948e-05,72.03489685058594,3.1672613620758057,0.5615260000232515,0.24735756073245274,12,1,9,ML_CTL_47_0012
CTL,47.0,949.0,8.0,6.0,35.05263137817383,272.5,-0.9990482215818578,0.043619387365335764,-0.8660254037844385,-0.5000000000000004,-0.5303727984428406,19.007169723510742,219.1334228515625,5.62479326617904e-05,72.08948516845703,3.2297468185424805,16.01580047607422,242.60023498535156,0.0008086058078333735,99.8783187866211,-2.0649781227111816,0.5123658776283264,268.5341491699219,0.003304064506664872,62.1044921875,-1.657410979270935,3.3508493900299072,281.8136901855469,0.008333430625498295,82.78104400634766,-3.0190494060516357,2.7208595275878906,290.4227600097656,0.01228677574545145,84.4896011352539,4.656480086850934e-05,2.3260576199390925e-05,16.475357055664062,-0.8084129095077515,8.321409225463867,4.656480086850934e-05,5.371463703340851e-05,65.07579803466797,2.5321319103240967,0.8180260970111799,1.5030309529063697,12,2,9,ML_CTL_47_0012
CTL,47.0,950.0,8.0,12.0,35.05263137817383,272.5,-0.9990482215818578,0.043619387365335764,-0.8660254037844385,-0.5000000000000004,-3.1637494564056396,20.938562393188477,219.5401611328125,3.0979543225839734e-05,38.008628845214844,2.737088918685913,19.08696174621582,242.21067810058594,0.0004127238935325295,50.455081939697266,-0.8880795836448669,2.8195390701293945,269.2268371582031,0.0034013106487691402,60.889530181884766,-0.32923731207847595,3.7031784057617188,282.33685302734375,0.008302540518343449,79.63924407958984,-1.9426385164260864,4.417566299438477,290.3661193847656,0.01261166576296091,87.02740478515625,3.9049278711900115e-05,1.4903504052199423e-05,16.566062927246094,-0.7173231840133667,10.193161010742188,3.9049278711900115e-05,3.690990706672892e-05,65.1421890258789,4.725191116333008,0.9032549244982742,2.233925390582427,12,3,9,ML_CTL_47_0012
CTL,47.0,951.0,8.0,18.0,36.94736862182617,272.5,-0.9990482215818578,0.043619387365335764,-0.8660254037844385,-0.5000000000000004,5.774125576019287,22.137481689453125,220.04931640625,3.080473470618017e-05,35.01759338378906,6.259731292724609,17.767229080200195,241.9066619873047,0.0003880428266711533,51.6851692199707,-1.2913469076156616,2.2854115962982178,269.5091247558594,0.002287359442561865,38.72526168823242,-4.665379047393799,1.3865889310836792,282.5649108886719,0.00800650380551815,75.56462860107422,-5.5535688400268555,2.010786771774292,291.2718200683594,0.01450800895690918,94.47140502929688,3.2951898901956156e-05,3.1094198220671387e-06,23.0954647064209,0.1047125831246376,9.117499351501465,3.2951898901956156e-05,1.7872513126349077e-05,58.72459411621094,6.254390239715576,0.834430191980465,1.6173561804864285,12,4,9,ML_CTL_47_0012
CTL,47.0,952.0,8.0,0.0,36.94736862182617,272.5,-0.9990482215818578,0.043619387365335764,-0.8660254037844385,-0.5000000000000004,9.305309295654297,17.05641746520996,219.60450744628906,6.35927717667073e-05,79.23263549804688,5.501063823699951,14.930809020996094,242.03427124023438,0.0006910193478688598,90.59349822998047,-3.0502939224243164,3.6156539916992188,269.34576416015625,0.00396121246740222,68.19995880126953,-4.677943706512451,3.324424982070923,282.8931579589844,0.008311096578836441,76.7721939086914,-4.608621120452881,4.205942630767822,291.2132873535156,0.014405266381800175,94.15267181396484,3.4719010727712885e-05,3.0763226277485956e-06,18.940227508544922,0.4939029812812805,8.626649856567383,3.4719010727712885e-05,1.859249641711358e-05,62.0620231628418,2.540499687194824,0.6558154352073791,0.6447013615338943,12,5,9,ML_CTL_47_0012
CTL,47.0,954.0,8.0,12.0,36.94736862182617,270.0,-1.0,-1.8369701987210297e-16,-0.8660254037844385,-0.5000000000000004,-3.4667346477508545,11.719038009643555,218.32284545898438,6.980779289733618e-05,99.8585433959961,0.8249733448028564,12.637677192687988,243.26226806640625,0.0009539262973703444,109.29895782470703,-2.8693134784698486,7.119325160980225,269.2948913574219,0.005570810288190842,97.54024505615234,-1.7700483798980713,6.379188060760498,281.8173522949219,0.008121144957840443,80.8810043334961,-2.601871967315674,6.27703332901001,291.80535888671875,0.013393910601735115,84.36660766601562,3.5583281714934856e-05,3.485611887299456e-05,5.5102996826171875,-1.976599097251892,8.826452255249023,3.5583281714934856e-05,3.485611887299456e-05,67.18539428710938,5.5102996826171875,0.6087583219074518,0.4420958732107225,12,6,9,ML_CTL_47_0012
CTL,47.0,955.0,8.0,18.0,38.842105865478516,270.0,-1.0,-1.8369701987210297e-16,-0.8660254037844385,-0.5000000000000004,1.3437092304229736,11.50719928741455,219.00543212890625,7.598248339490965e-05,99.86328887939453,5.578311920166016,7.17217493057251,243.1463165283203,0.0009681791998445988,110.91757202148438,-1.8722820281982422,6.18096923828125,269.7876281738281,0.005987327080219984,100.390380859375,-2.601043939590454,6.827965259552002,282.3268737792969,0.008195068687200546,78.82302856445312,-2.8244481086730957,8.221773147583008,292.05108642578125,0.012278502807021141,76.15459442138672,3.2398675102740526e-05,3.0455705200438388e-05,5.30731201171875,-0.07515063136816025,7.982016086578369,3.2398675102740526e-05,3.0455705200438388e-05,65.86468505859375,5.30731201171875,0.5563062653027033,0.22618444176889696,12,7,9,ML_CTL_47_0012
CTL,47.0,956.0,8.0,0.0,40.73684310913086,270.0,-1.0,-1.8369701987210297e-16,-0.8660254037844385,-0.5000000000000004,9.985480308532715,8.619711875915527,218.9761505126953,7.164242560975254e-05,98.02362823486328,8.151182174682617,1.0695010423660278,242.62840270996094,0.0004719236749224365,59.4130973815918,-1.252484679222107,4.941250801086426,270.1405334472656,0.004685182590037584,73.85847473144531,-1.062241792678833,8.757625579833984,282.6179504394531,0.007924830541014671,74.71451568603516,-0.9853693842887878,9.955276489257812,291.8311767578125,0.013021049089729786,81.85740661621094,2.2641495888819918e-05,1.5618650650139898e-05,11.05184555053711,2.967313051223755,6.668673038482666,2.2641495888819918e-05,2.1180001567699946e-05,61.51234817504883,4.107619762420654,0.7273236708804447,0.9810861086954543,12,8,9,ML_CTL_47_0012
CTL,47.0,957.0,8.0,6.0,40.73684310913086,270.0,-1.0,-1.8369701987210297e-16,-0.8660254037844385,-0.5000000000000004,8.355589866638184,7.888296127319336,219.51504516601562,7.717518747085705e-05,98.43138885498047,4.580448150634766,1.6112439632415771,242.27989196777344,0.000370317226042971,51.72749328613281,3.608708381652832,4.703833103179932,270.0021057128906,0.00555389653891325,89.75037384033203,4.932384014129639,8.108586311340332,282.6494140625,0.007876504212617874,74.05806732177734,5.455250263214111,8.254056930541992,291.3996276855469,0.013193161226809025,85.2132797241211,1.7660626326687634e-05,1.182060077553615e-05,2.923311710357666,5.386476039886475,6.113203048706055,1.7660626326687634e-05,1.182060077553615e-05,62.139137268066406,0.4326380789279938,0.5629338028557201,0.2530773774267012,12,9,9,ML_CTL_47_0012
CTL,47.0,961.0,8.0,6.0,14.210526466369629,322.5,-0.608761429008721,0.7933533402912349,-0.8660254037844385,-0.5000000000000004,-8.916389465332031,0.46782442927360535,218.1830596923828,6.787150050513446e-05,99.86285400390625,-11.144545555114746,4.286215782165527,243.16050720214844,0.0009225640096701682,105.67591857910156,-11.731432914733887,2.037501811981201,269.362548828125,0.0058315955102443695,101.31753540039062,-11.584239959716797,-1.4243829250335693,281.57647705078125,0.009607277810573578,97.41188049316406,-5.278518199920654,-2.615347385406494,289.49114990234375,0.012840034440159798,93.63092041015625,4.652124334825203e-05,7.628901221323758e-05,4.768653392791748,-9.731025695800781,0.5503622889518738,4.652124334825203e-05,7.628901221323758e-05,75.2822265625,3.1047422885894775,0.7406483068465612,1.0493408637624322,13,1,23,ML_CTL_47_0013
CTL,47.0,962.0,8.0,12.0,14.210526466369629,322.5,-0.608761429008721,0.7933533402912349,-0.8660254037844385,-0.5000000000000004,-6.931817531585693,-2.898197889328003,217.8908233642578,6.554514402523637e-05,100.26373291015625,-8.403623580932617,3.849477767944336,243.010498046875,0.0008806376717984676,102.30943298339844,-8.135207176208496,5.777307510375977,269.6123046875,0.005946701858192682,101.12525939941406,-10.388504981994629,2.8290915489196777,282.019287109375,0.009182829409837723,90.36322784423828,-5.9460768699646,1.4783759117126465,289.7469482421875,0.012310108169913292,88.3624496459961,4.92948129249271e-05,6.189029227243736e-05,4.486209869384766,-7.961045742034912,2.2072110176086426,4.92948129249271e-05,7.881515921326354e-05,75.92656707763672,3.249035358428955,0.6962077355220186,0.8293039590888447,13,2,23,ML_CTL_47_0013
CTL,47.0,963.0,8.0,18.0,14.210526466369629,320.0,-0.6427876096865396,0.7660444431189778,-0.8660254037844385,-0.5000000000000004,-6.087725639343262,-1.1232744455337524,219.43226623535156,7.990044832695276e-05,99.86321258544922,-8.233512878417969,3.2759552001953125,244.55014038085938,0.0011273317504674196,112.84732055664062,-8.28615665435791,4.755697250366211,269.68316650390625,0.005975349806249142,101.32347106933594,-10.041165351867676,1.0703390836715698,281.52734375,0.009104021824896336,92.62720489501953,-6.469418525695801,0.17672330141067505,290.2000427246094,0.012612910941243172,87.97470092773438,5.123545997776091e-05,7.637455564690754e-05,1.3548740148544312,-7.8235955238342285,1.6310880184173584,5.123545997776091e-05,8.28682750579901e-05,74.11824798583984,1.3548740148544312,0.6929085682182735,0.8137525276527309,13,3,23,ML_CTL_47_0013
CTL,47.0,964.0,8.0,0.0,14.210526466369629,317.5,-0.6755902076156605,0.7372773368101239,-0.8660254037844385,-0.5000000000000004,-8.670919418334961,-0.11090492457151413,219.72113037109375,8.318966865772381e-05,100.07893371582031,-7.0795512199401855,3.585329532623291,244.03846740722656,0.0010926254326477647,116.9950942993164,-10.088537216186523,1.768709421157837,269.6246337890625,0.005873063113540411,100.18560791015625,-10.584742546081543,-1.31393563747406,280.99407958984375,0.009321234188973904,98.3271484375,-8.030314445495605,-2.1404473781585693,290.2008972167969,0.013260632753372192,92.44673156738281,5.368289930629544e-05,8.284789510071278e-05,2.1282427310943604,-8.890813827514648,0.35775017738342285,5.368289930629544e-05,8.284789510071278e-05,71.74627685546875,2.1282427310943604,0.7213638528800432,0.9512368617964737,13,4,23,ML_CTL_47_0013
CTL,47.0,965.0,8.0,6.0,14.210526466369629,317.5,-0.6755902076156605,0.7372773368101239,-0.8660254037844385,-0.5000000000000004,-7.017736911773682,-2.5040688514709473,218.58486938476562,7.39525057724677e-05,103.06067657470703,-2.1903889179229736,4.855342864990234,243.27134704589844,0.0009722771355882287,111.26676177978516,-6.219234943389893,6.420201778411865,269.8464660644531,0.006019459571689367,100.51127624511719,-8.820709228515625,3.0864834785461426,281.3013000488281,0.009309712797403336,96.18082427978516,-7.875575065612793,1.978977918624878,289.829833984375,0.012687313370406628,90.5693588256836,6.288960867095739e-05,6.901082815602422e-05,4.564383029937744,-6.424729347229004,2.767387628555298,6.288960867095739e-05,7.491461292374879e-05,75.92848205566406,2.7540812492370605,0.6933316861240902,0.8157417555468303,13,5,23,ML_CTL_47_0013
CTL,47.0,966.0,8.0,12.0,14.210526466369629,315.0,-0.7071067811865477,0.7071067811865474,-0.8660254037844385,-0.5000000000000004,-8.178768157958984,-3.1695573329925537,220.31365966796875,9.00934828678146e-05,100.39450073242188,-2.811999559402466,2.507695198059082,245.0993194580078,0.001191087532788515,114.11751556396484,-6.753683090209961,4.637978553771973,269.6813659667969,0.005910900421440601,100.46894073486328,-7.603174209594727,1.804522156715393,280.787109375,0.009349638596177101,99.98843383789062,-7.8139238357543945,0.5749256610870361,289.8058776855469,0.013526633381843567,96.74327850341797,7.000031473580748e-05,7.786609785398468e-05,3.7622153759002686,-6.632309913635254,1.2711127996444702,7.000031473580748e-05,7.786609785398468e-05,74.4158706665039,3.7622153759002686,0.7373526531445325,1.0322540300024903,13,6,23,ML_CTL_47_0013
CTL,47.0,967.0,8.0,18.0,14.210526466369629,315.0,-0.7071067811865477,0.7071067811865474,-0.8660254037844385,-0.5000000000000004,-3.504786252975464,-3.974484920501709,220.30177307128906,8.895658538676798e-05,99.59048461914062,-1.6565643548965454,6.590949535369873,243.25299072265625,0.0010254415683448315,120.46407318115234,-1.7334742546081543,10.617203712463379,269.84332275390625,0.005969970487058163,99.50538635253906,-4.118435382843018,6.043944358825684,282.23455810546875,0.009127813391387463,88.52497100830078,-2.7158656120300293,4.534731864929199,290.3356018066406,0.013011714443564415,89.97024536132812,7.012094283709303e-05,6.636991747654974e-05,8.545709609985352,-2.7458252906799316,4.7624688148498535,7.012094283709303e-05,8.722038910491392e-05,80.75946807861328,2.2047951221466064,0.6071591516514444,0.43538638670299745,13,7,23,ML_CTL_47_0013
CTL,47.0,968.0,8.0,0.0,14.210526466369629,312.5,-0.7372773368101242,0.6755902076156601,-0.8660254037844385,-0.5000000000000004,-5.1935200691223145,-3.794757127761841,219.79307556152344,8.585977047914639e-05,102.56971740722656,-1.4759106636047363,8.17856216430664,242.63397216796875,0.0009272713796235621,113.94709777832031,-1.5669461488723755,8.704307556152344,269.81756591796875,0.005936719011515379,99.13489532470703,-5.0861897468566895,3.090193271636963,281.8328552246094,0.00901941116899252,89.82811737060547,-4.160335540771484,1.631464958190918,290.5337219238281,0.013608647510409355,92.88690185546875,7.283620652742684e-05,7.744223694317043e-05,5.523708343505859,-3.4965806007385254,3.5619544982910156,7.283620652742684e-05,7.935196481412277e-05,76.1602783203125,3.3505964279174805,0.6940141482143646,0.8189534818862241,13,8,23,ML_CTL_47_0013
CTL,47.0,969.0,8.0,6.0,14.210526466369629,310.0,-0.7660444431189781,0.6427876096865393,-0.8660254037844385,-0.5000000000000004,-8.435491561889648,-5.332885265350342,218.8890838623047,7.622468547197059e-05,102.42118835449219,-1.8781890869140625,5.401595115661621,243.5281524658203,0.0009923384059220552,110.27008056640625,-1.7827318906784058,5.638547897338867,269.7009582519531,0.0056592621840536594,96.16481018066406,-4.443981170654297,1.3260719776153564,280.3787841796875,0.008874794468283653,97.64427185058594,-5.176086902618408,-0.37416476011276245,290.4693908691406,0.013778948225080967,94.43628692626953,6.983063940424472e-05,7.506046677008271e-05,5.934022903442383,-4.343296051025391,1.3318331241607666,6.983063940424472e-05,7.506046677008271e-05,71.57471466064453,5.934022903442383,0.7453329572964565,1.073874064003089,13,9,23,ML_CTL_47_0013
CTL,47.0,970.0,8.0,12.0,16.105262756347656,310.0,-0.7660444431189781,0.6427876096865393,-0.8660254037844385,-0.5000000000000004,-6.891902446746826,-1.649314045906067,220.18031311035156,8.770964632276446e-05,99.83601379394531,-3.913891553878784,6.710819721221924,244.30348205566406,0.0010522687807679176,109.2401351928711,-6.142082691192627,7.771056652069092,269.9060363769531,0.005931751802563667,99.02931213378906,-8.745735168457031,4.768362045288086,282.159423828125,0.009404921904206276,91.6911392211914,-10.10072135925293,2.7261760234832764,290.5557556152344,0.0135422358289361,92.29657745361328,6.696181662846357e-05,6.882916204631329e-05,5.425995826721191,-7.158866882324219,4.065420150756836,6.696181662846357e-05,6.882916204631329e-05,68.60029602050781,5.041117191314697,0.755632803237924,1.1288835493600469,13,10,23,ML_CTL_47_0013
CTL,47.0,971.0,8.0,18.0,16.105262756347656,307.5,-0.7933533402912352,0.6087614290087205,-0.8660254037844385,-0.5000000000000004,-8.770782470703125,-0.9713951349258423,220.65318298339844,9.618156764190644e-05,101.59951782226562,-5.08782434463501,4.8665900230407715,244.39610290527344,0.0011525994632393122,121.20697784423828,-4.932517051696777,2.7865102291107178,270.0376281738281,0.006050840951502323,99.85501098632812,-5.889612197875977,0.8144164085388184,281.4196472167969,0.008778300136327744,89.97762298583984,-7.699460983276367,-0.6063359379768372,291.0666198730469,0.013245303183794022,87.3873291015625,6.063013643142767e-05,7.617045775987208e-05,1.1318118572235107,-6.476038932800293,1.3779571056365967,6.063013643142767e-05,7.617045775987208e-05,66.13357543945312,1.1318118572235107,0.6805784341317048,0.7564313215714507,13,11,23,ML_CTL_47_0013
CTL,47.0,972.0,9.0,0.0,16.105262756347656,307.5,-0.7933533402912352,0.6087614290087205,-1.0,-1.8369701987210297e-16,-7.6888532638549805,-2.326139450073242,219.6514129638672,8.197637362172827e-05,100.07666778564453,-1.8065690994262695,9.586055755615234,241.406982421875,0.0007252980140037835,104.1242904663086,1.3748040199279785,9.146309852600098,270.06549072265625,0.005597079638391733,89.42789459228516,-2.5743417739868164,5.624602317810059,282.49688720703125,0.008269084617495537,78.73931884765625,-3.637549638748169,4.024641990661621,291.274658203125,0.012853768654167652,83.6594467163086,6.201580981723964e-05,5.9873200370930135e-05,7.532959938049316,-2.866502046585083,5.211094856262207,6.201580981723964e-05,6.366748857544735e-05,70.78981018066406,4.880457401275635,0.695569478194326,0.8262880134259505,13,12,23,ML_CTL_47_0013
CTL,47.0,973.0,9.0,6.0,16.105262756347656,305.0,-0.8191520442889918,0.573576436351046,-1.0,-1.8369701987210297e-16,-9.513769149780273,-0.0893549844622612,218.71685791015625,6.671027222182602e-05,91.96144104003906,-2.288374900817871,5.896603584289551,241.48451232910156,0.0007120083901099861,99.50325012207031,-0.5007461905479431,3.348684072494507,270.3412170410156,0.005917025730013847,94.22445678710938,-2.5327351093292236,2.3229610919952393,282.3433532714844,0.008219514042139053,79.05977630615234,-4.1105828285217285,1.3823078870773315,290.90509033203125,0.012805585749447346,85.31845092773438,5.847940701642074e-05,5.081076960777864e-05,5.6000189781188965,-3.789241313934326,2.5722403526306152,5.847940701642074e-05,5.14648127136752e-05,67.37834167480469,5.442567348480225,0.7609313910665526,1.1577926201087223,13,13,23,ML_CTL_47_0013
CTL,47.0,974.0,9.0,12.0,18.0,305.0,-0.8191520442889918,0.573576436351046,-1.0,-1.8369701987210297e-16,-7.721277713775635,0.4701085388660431,218.10922241210938,6.579572072951123e-05,97.63265228271484,-3.0960421562194824,3.150514602661133,242.4102020263672,0.00080155796604231,100.99783325195312,-3.0398197174072266,3.616244316101074,270.62225341796875,0.006271156016737223,98.311767578125,-4.845067977905273,4.998891353607178,282.4809265136719,0.008866473101079464,84.5323257446289,-6.184861183166504,4.071671485900879,290.9635925292969,0.01267486996948719,84.1436996459961,6.048709838069044e-05,4.4242857256904244e-05,3.91558837890625,-4.977414131164551,3.261486053466797,6.048709838069044e-05,4.4242857256904244e-05,68.25161743164062,3.91558837890625,0.7311856275345052,1.0006462877358557,13,14,23,ML_CTL_47_0013
CTL,47.0,975.0,9.0,18.0,18.0,302.5,-0.8433914458128857,0.5372996083468239,-1.0,-1.8369701987210297e-16,-8.41025161743164,2.919475555419922,218.54066467285156,5.019821401219815e-05,69.21395111083984,-5.622377872467041,1.742182731628418,242.26104736328125,0.0007284494349732995,91.47339630126953,-3.8025729656219482,-0.4112255871295929,270.3238830566406,0.006082245614379644,97.54510498046875,-3.507575750350952,-0.3085048496723175,283.1640625,0.008690087124705315,79.1064682006836,-5.173084735870361,-0.7616508603096008,291.0495300292969,0.012605968862771988,83.2132797241211,5.419644730864093e-05,3.273701076977886e-05,4.902034282684326,-5.3031721115112305,0.6360553503036499,5.419644730864093e-05,4.1556686483090743e-05,65.14879608154297,4.902034282684326,0.8730816398125634,1.9284850212789366,13,15,23,ML_CTL_47_0013
CTL,47.0,976.0,9.0,0.0,18.0,302.5,-0.8433914458128857,0.5372996083468239,-1.0,-1.8369701987210297e-16,-8.993535041809082,3.293375015258789,218.4149169921875,6.709676381433383e-05,96.2821044921875,-3.9250540733337402,1.6666697263717651,241.92962646484375,0.0007301338482648134,94.2188491821289,-1.5481077432632446,1.4709434509277344,270.4602966308594,0.006045529618859291,95.75503540039062,-0.8979108333587646,2.7344110012054443,283.22650146484375,0.008921870030462742,80.91242980957031,-2.593499183654785,2.2438368797302246,291.17376708984375,0.012067417614161968,79.05369567871094,5.154515747562982e-05,3.401821231818758e-05,6.48552131652832,-3.5916213989257812,2.2818474769592285,5.154515747562982e-05,4.731281296699308e-05,68.76727294921875,6.48552131652832,0.658039735654426,0.6545707738461433,13,16,23,ML_CTL_47_0013
CTL,47.0,977.0,9.0,6.0,19.894737243652344,302.5,-0.8433914458128857,0.5372996083468239,-1.0,-1.8369701987210297e-16,-3.4952714443206787,1.4681742191314697,219.29254150390625,3.051064777537249e-05,37.17457580566406,-2.2298994064331055,0.04837583377957344,241.7045440673828,0.0005535103264264762,76.4312515258789,-2.521514415740967,-1.8347128629684448,268.4925231933594,0.0054083094000816345,98.49205780029297,-4.025417804718018,2.998211145401001,283.4337463378906,0.009004020132124424,80.5005874633789,-6.12513542175293,3.120706081390381,290.843017578125,0.012013952247798443,80.35747528076172,5.008124207961373e-05,3.7880199670325965e-05,3.1059694290161133,-3.679447650909424,1.1601508855819702,5.008124207961373e-05,5.2494313422357664e-05,71.03844451904297,3.1059694290161133,0.9378206158706986,2.713535189702698,13,17,23,ML_CTL_47_0013
CTL,47.0,978.0,9.0,12.0,19.894737243652344,300.0,-0.8660254037844386,0.5000000000000001,-1.0,-1.8369701987210297e-16,-3.9083659648895264,2.9431650638580322,219.58042907714844,2.9426260880427435e-05,36.20815658569336,-2.6022024154663086,-0.10943058878183365,241.9017791748047,0.00022080648341216147,36.13093185424805,-6.20417594909668,-3.503664016723633,268.9247131347656,0.0023183810990303755,37.8492317199707,-4.630423545837402,-0.4668961465358734,283.8124084472656,0.009133066982030869,79.60353088378906,-6.168059349060059,-0.10409687459468842,291.041748046875,0.011954506859183311,78.9345703125,4.721805453300476e-05,2.006615250138566e-05,3.7936816215515137,-4.702645778656006,-0.24818451702594757,4.721805453300476e-05,5.396944470703602e-05,67.39118194580078,3.7936816215515137,0.9336029367784109,2.6433983997031874,13,18,23,ML_CTL_47_0013
CTL,47.0,979.0,9.0,18.0,19.894737243652344,300.0,-0.8660254037844386,0.5000000000000001,-1.0,-1.8369701987210297e-16,-6.084095001220703,3.8922364711761475,219.6622772216797,3.1461415346711874e-05,38.79767608642578,-2.33077335357666,-0.34888145327568054,242.07176208496094,0.00023438301286660135,38.5050163269043,-4.861335754394531,-3.0866761207580566,269.1534118652344,0.0026578379329293966,42.65428924560547,-1.3113168478012085,0.18445651233196259,283.9123229980469,0.009952426888048649,86.22547912597656,-2.6998348236083984,1.3904589414596558,291.3038330078125,0.011711103841662407,76.06106567382812,4.5936001697555184e-05,2.186701567552518e-05,4.20857572555542,-3.4574711322784424,0.4063188433647156,4.5936001697555184e-05,5.1634218834806234e-05,69.59044647216797,4.20857572555542,0.9096785486455831,2.3097163051210168,13,19,23,ML_CTL_47_0013
CTL,47.0,980.0,9.0,0.0,19.894737243652344,300.0,-0.8660254037844386,0.5000000000000001,-1.0,-1.8369701987210297e-16,-6.292701721191406,3.9837136268615723,219.54051208496094,5.175514525035396e-05,65.15006256103516,-1.1441562175750732,-1.7260700464248657,241.98968505859375,0.0002378111967118457,42.226131439208984,-4.9072394371032715,-2.429625988006592,268.8924560546875,0.002705686492845416,44.10882568359375,-1.3582954406738281,0.6761009097099304,283.7179260253906,0.010410101152956486,91.36274719238281,-3.0009398460388184,2.35746169090271,291.0899963378906,0.011639905162155628,76.61937713623047,4.004292350145988e-05,1.989405427593738e-05,3.671565294265747,-3.3406665325164795,0.57231605052948,4.004292350145988e-05,4.3628464482026175e-05,70.12134552001953,3.671565294265747,0.8540363378858842,1.7666160420001686,13,20,23,ML_CTL_47_0013
CTL,47.0,981.0,9.0,6.0,19.894737243652344,297.5,-0.8870108331782216,0.4617486132350341,-1.0,-1.8369701987210297e-16,-3.936539649963379,5.211104869842529,219.08697509765625,5.539348421734758e-05,74.38385772705078,-2.049225330352783,-2.2807271480560303,241.51002502441406,0.00014781899517402053,27.89952850341797,-7.254096984863281,-2.4397788047790527,269.17388916015625,0.001133606187067926,17.967538833618164,-4.894130706787109,-2.2859747409820557,283.6976013183594,0.009391461499035358,82.51043701171875,-5.702817440032959,-1.3026244640350342,291.11895751953125,0.011653278023004532,76.55842590332031,3.626566831371747e-05,1.0778380783449393e-05,6.748955726623535,-4.767362117767334,-0.6196000576019287,3.626566831371747e-05,3.1730145565234125e-05,63.059974670410156,2.615415334701538,0.7606505892193167,1.1562496514471352,13,21,23,ML_CTL_47_0013
CTL,47.0,982.0,9.0,12.0,19.894737243652344,297.5,-0.8870108331782216,0.4617486132350341,-1.0,-1.8369701987210297e-16,-4.016353607177734,4.1693339347839355,218.8762664794922,5.9430993132991716e-05,81.65192413330078,-2.45088267326355,-3.2642199993133545,241.4586181640625,0.00015256078040692955,28.385751724243164,-7.3879923820495605,-3.1766905784606934,269.2141418457031,0.0011519313557073474,18.186643600463867,-3.9594457149505615,0.5140403509140015,283.70703125,0.00980386696755886,86.04119110107422,-4.241415023803711,2.564521074295044,291.265869140625,0.011508281342685223,74.86590576171875,3.226772605557926e-05,1.1456274478405248e-05,1.6205174922943115,-4.41121768951416,0.16139695048332214,3.226772605557926e-05,2.9226921469671652e-05,65.17903137207031,1.6205174922943115,0.6824588315851782,0.765094730992363,13,22,23,ML_CTL_47_0013
CTL,47.0,983.0,9.0,18.0,19.894737243652344,295.0,-0.9063077870366498,0.4226182617406996,-1.0,-1.8369701987210297e-16,-3.495150089263916,6.242458820343018,218.89825439453125,5.544584200833924e-05,76.4495620727539,-3.989826202392578,-1.4466667175292969,241.60818481445312,0.00014099291001912206,24.798070907592773,-9.960670471191406,-3.4849019050598145,269.4395446777344,0.0006132894777692854,9.734959602355957,-4.802034378051758,-1.9998008012771606,283.9009094238281,0.008386509492993355,72.57968139648438,-4.124270439147949,-2.0088088512420654,291.33544921875,0.011707625351846218,75.80847930908203,2.9394004741334356e-05,4.1978242393270193e-07,8.275216102600098,-5.27439022064209,-0.5395439267158508,2.9394004741334356e-05,1.9879551473422907e-05,58.93462371826172,1.0536375045776367,0.6272944597234169,0.5206273915035922,13,23,23,ML_CTL_47_0013
CTL,47.0,982.0,9.0,12.0,16.105262756347656,345.0,-0.2588190451025207,0.9659258262890683,-1.0,-1.8369701987210297e-16,-9.064005851745605,1.6347947120666504,221.9147186279297,0.00011760892812162638,106.344482421875,-6.112390995025635,-2.9702532291412354,245.6221160888672,0.0013118227943778038,122.09683990478516,-1.1191389560699463,1.5491082668304443,269.55712890625,0.005085058975964785,88.00160217285156,-6.852501392364502,1.3257795572280884,280.49591064453125,0.009066853672266006,98.75145721435547,-2.34674334526062,-0.9907660484313965,291.1140441894531,0.01353689655661583,89.08540344238281,6.92207831889391e-05,9.847665205597878e-05,7.212155342102051,-5.098956108093262,0.10973265022039413,6.92207831889391e-05,9.847665205597878e-05,75.90087127685547,4.110018730163574,0.5893609505214532,0.3613242116584483,14,1,19,ML_CTL_47_0014
CTL,47.0,983.0,9.0,18.0,16.105262756347656,345.0,-0.2588190451025207,0.9659258262890683,-1.0,-1.8369701987210297e-16,-8.888882637023926,2.4016427993774414,221.44830322265625,0.00010360755550209433,99.97103881835938,-4.547138214111328,-1.1843823194503784,246.51266479492188,0.0013838086742907763,115.25840759277344,0.4062003195285797,2.3008885383605957,269.56646728515625,0.005228579044342041,90.30333709716797,-5.364836692810059,2.095719337463379,280.1661071777344,0.0089156124740839,99.43720245361328,-2.9819018840789795,0.31134846806526184,291.347900390625,0.013334173709154129,86.45049285888672,7.723587623331696e-05,0.00010356787242926657,6.2659196853637695,-4.275311470031738,1.1850433349609375,7.723587623331696e-05,0.00010356787242926657,79.19107055664062,4.239287853240967,0.6462895917672798,0.6027691652988862,14,2,19,ML_CTL_47_0014
CTL,47.0,984.0,9.0,0.0,16.105262756347656,345.0,-0.2588190451025207,0.9659258262890683,-1.0,-1.8369701987210297e-16,-7.466305732727051,3.21799373626709,221.32525634765625,0.00010215207294095308,99.88407897949219,-3.07257080078125,0.973864734172821,246.27455139160156,0.0013667625607922673,117.97166442871094,0.7736154794692993,4.462870121002197,268.82122802734375,0.005378148052841425,98.10008239746094,-4.906866073608398,4.539796352386475,280.27337646484375,0.008791147731244564,97.28488159179688,-2.609271764755249,3.12229585647583,290.9296569824219,0.013526235707104206,90.09307861328125,8.381735096918419e-05,0.00010349961667088792,4.85797643661499,-3.456279754638672,3.26336407661438,8.381735096918419e-05,0.00010349961667088792,80.70977020263672,4.85797643661499,0.6155838318041889,0.47084540041927037,14,3,19,ML_CTL_47_0014
CTL,47.0,985.0,9.0,6.0,16.105262756347656,345.0,-0.2588190451025207,0.9659258262890683,-1.0,-1.8369701987210297e-16,-7.118441581726074,3.0182044506073,220.8034210205078,9.633602894609794e-05,100.29476165771484,-2.5423481464385986,3.0841405391693115,245.3378448486328,0.001272047869861126,121.56697845458984,2.959787368774414,6.953233242034912,269.3074951171875,0.005645422264933586,98.9605941772461,-2.686415672302246,8.237972259521484,280.7970886230469,0.008704466745257378,92.9246597290039,-0.48525819182395935,6.202910900115967,290.537841796875,0.013846103101968765,94.48094177246094,8.382834494113922e-05,9.217504702974111e-05,7.358089447021484,-1.9745352268218994,5.499292373657227,8.382834494113922e-05,9.217504702974111e-05,80.54784393310547,5.997581481933594,0.5532764122098488,0.21391768638203845,14,4,19,ML_CTL_47_0014
CTL,47.0,986.0,9.0,12.0,16.105262756347656,342.5,-0.300705799504273,0.9537169507482269,-1.0,-1.8369701987210297e-16,-9.742746353149414,3.373765230178833,220.56605529785156,9.288980072597042e-05,100.28932189941406,-4.401913166046143,-2.9020230770111084,245.28514099121094,0.0011903003323823214,112.04505920410156,0.981818675994873,-2.708662986755371,270.8146667480469,0.006492000538855791,100.81927490234375,-1.2451475858688354,0.3862622082233429,281.0641784667969,0.008604914881289005,90.18779754638672,-0.23914356529712677,-2.2536802291870117,290.951171875,0.01200062409043312,79.8629150390625,8.121494465740398e-05,8.570499630877748e-05,11.044754981994629,-2.9294261932373047,-0.8208677172660828,8.121494465740398e-05,8.570499630877748e-05,77.96762084960938,3.7834248542785645,0.6712775761784628,0.7139690287473357,14,5,19,ML_CTL_47_0014
CTL,47.0,987.0,9.0,18.0,16.105262756347656,342.5,-0.300705799504273,0.9537169507482269,-1.0,-1.8369701987210297e-16,-11.176912307739258,3.665107488632202,220.8312225341797,9.946674981620163e-05,104.29064178466797,-4.534196853637695,-1.1671439409255981,245.81695556640625,0.0012613160070031881,112.5101089477539,3.6032540798187256,-1.7837797403335571,270.7439880371094,0.00643704691901803,100.7145767211914,1.527442216873169,0.7457007765769958,281.42193603515625,0.008885765448212624,90.92748260498047,0.7733259201049805,-1.2231591939926147,290.8425598144531,0.01197468489408493,80.21227264404297,8.420924859819934e-05,9.060325828613713e-05,12.911364555358887,-1.9614174365997314,0.04734504222869873,8.420924859819934e-05,9.060325828613713e-05,79.46991729736328,2.1662063598632812,0.6144071154109984,0.4658756531022079,14,6,19,ML_CTL_47_0014
CTL,47.0,988.0,9.0,0.0,16.105262756347656,342.5,-0.300705799504273,0.9537169507482269,-1.0,-1.8369701987210297e-16,-10.969990730285645,2.68509840965271,220.98300170898438,9.998143650591373e-05,102.42588806152344,-3.61712646484375,-0.11739371716976166,246.21531677246094,0.0012956928694620728,110.50679016113281,5.4527058601379395,0.7613454461097717,270.2222900390625,0.006192437373101711,101.00494384765625,2.3248369693756104,3.153226852416992,280.85986328125,0.009049564599990845,96.40982818603516,0.961769163608551,1.2134208679199219,290.8927917480469,0.012009397149085999,80.15760803222656,8.876383071765304e-05,9.430643694940954e-05,12.022176742553711,-1.1695610284805298,1.5391395092010498,8.876383071765304e-05,9.430643694940954e-05,82.18111419677734,5.744692325592041,0.6167366534253488,0.4757197731382199,14,7,19,ML_CTL_47_0014
CTL,47.0,990.0,9.0,12.0,18.0,340.0,-0.3420201433256686,0.9396926207859084,-1.0,-1.8369701987210297e-16,-7.432016849517822,4.048680782318115,220.7434844970703,9.455689723836258e-05,99.71798706054688,-7.4387593269348145,-0.12662507593631744,245.27041625976562,0.0012242504162713885,116.11071014404297,-5.183753967285156,-2.7774102687835693,270.9686279296875,0.006562751717865467,100.61312866210938,-7.12885046005249,-0.18170788884162903,280.5466003417969,0.008555443026125431,93.02151489257812,-8.428878784179688,-0.5017412900924683,291.0295715332031,0.0120101822540164,79.46212768554688,8.280598558485508e-05,8.776536560617387e-05,4.658334255218506,-7.1224517822265625,0.09223926067352295,8.280598558485508e-05,8.776536560617387e-05,79.10719299316406,4.658334255218506,0.699295921894529,0.8439473510534989,14,8,19,ML_CTL_47_0014
CTL,47.0,991.0,9.0,18.0,18.0,340.0,-0.3420201433256686,0.9396926207859084,-1.0,-1.8369701987210297e-16,-7.296422004699707,2.9733359813690186,221.06820678710938,0.0001024688535835594,104.24876403808594,-5.897295951843262,5.2248616218566895,245.9925537109375,0.0013065820094197989,114.96404266357422,-3.7729785442352295,2.6499459743499756,271.1058349609375,0.006611870136111975,100.5435562133789,-5.086264133453369,4.360130786895752,281.25933837890625,0.008713499642908573,90.23194122314453,-7.355197906494141,3.2072629928588867,290.80810546875,0.011962230317294598,80.27446746826172,8.363664528587833e-05,9.056648559635505e-05,0.24119795858860016,-5.881631374359131,3.683107852935791,8.363664528587833e-05,9.056648559635505e-05,78.07622528076172,0.24119795858860016,0.6069661929534634,0.43457746302071487,14,9,19,ML_CTL_47_0014
CTL,47.0,992.0,9.0,0.0,18.0,337.5,-0.38268343236508956,0.9238795325112868,-1.0,-1.8369701987210297e-16,-7.777792453765869,0.4494033455848694,220.026123046875,8.626346971141174e-05,100.06974029541016,-5.277326583862305,0.7167185544967651,244.5419158935547,0.001085326075553894,109.86526489257812,-3.9699137210845947,-2.4180781841278076,271.45611572265625,0.006699726916849613,98.7219009399414,-5.084272384643555,-2.7440876960754395,281.216552734375,0.008626950904726982,89.55851745605469,-7.042982578277588,-2.7236361503601074,290.4836730957031,0.011884023435413837,81.4251480102539,8.293545397464186e-05,7.260855636559427e-05,3.257011651992798,-5.8304572105407715,-1.3439359664916992,8.293545397464186e-05,7.260855636559427e-05,79.44115447998047,3.257011651992798,0.7386593692241064,1.0390122247612403,14,10,19,ML_CTL_47_0014
CTL,47.0,993.0,9.0,6.0,18.0,337.5,-0.38268343236508956,0.9238795325112868,-1.0,-1.8369701987210297e-16,-9.20268440246582,-1.0151222944259644,219.32559204101562,7.91524798842147e-05,100.3655776977539,-3.9371328353881836,5.166548252105713,243.85794067382812,0.0009310513269156218,101.35659790039062,-4.650424003601074,6.33085298538208,271.2479553222656,0.0065556964837014675,97.71957397460938,-5.277475833892822,5.270611763000488,282.5627746582031,0.008637388236820698,81.90755462646484,-6.2765302658081055,3.648063898086548,290.5120849609375,0.0117409136146307,80.29804229736328,8.366156544070691e-05,5.530766065930948e-05,5.505241394042969,-5.868849277496338,3.8801910877227783,8.366156544070691e-05,6.171930726850405e-05,79.36195373535156,5.505241394042969,0.660166286454747,0.6640353322959003,14,11,19,ML_CTL_47_0014
CTL,47.0,994.0,9.0,12.0,18.0,335.0,-0.4226182617406992,0.90630778703665,-1.0,-1.8369701987210297e-16,-13.24030590057373,-0.03192826360464096,219.23236083984375,7.823098712833598e-05,100.56053924560547,-5.8960065841674805,1.9313126802444458,243.29595947265625,0.0007571770693175495,90.95655059814453,-4.939741134643555,2.885645866394043,271.0546875,0.005972594954073429,89.14107513427734,-3.250901460647583,1.2219417095184326,283.51025390625,0.009027217514812946,80.24459838867188,-4.486260414123535,-1.1137768030166626,290.4296875,0.011721281334757805,80.5679931640625,7.446695235557854e-05,4.627877933671698e-05,8.82064151763916,-6.362643241882324,0.9786391258239746,7.446695235557854e-05,5.3169471357250586e-05,78.62727355957031,3.485383987426758,0.6989229079050938,0.8421740951590793,14,12,19,ML_CTL_47_0014
CTL,47.0,995.0,9.0,18.0,18.0,335.0,-0.4226182617406992,0.90630778703665,-1.0,-1.8369701987210297e-16,-16.83727264404297,0.845588207244873,219.0760955810547,7.565144915133715e-05,100.19532775878906,-7.546178340911865,2.8298397064208984,242.9406280517578,0.00046360125998035073,59.28358459472656,-7.061999797821045,6.949435710906982,271.00665283203125,0.004540415480732918,67.13362121582031,-4.521438121795654,4.552970886230469,284.4163513183594,0.009476453065872192,79.4134750366211,-4.31987190246582,2.31730318069458,290.85052490234375,0.01157641876488924,77.42660522460938,6.615125312237069e-05,2.6009065550169908e-05,12.603621482849121,-8.057352066040039,3.499027729034424,6.615125312237069e-05,4.2973479139618576e-05,77.86393737792969,1.1694600582122803,0.6457227247609739,0.6002903230754821,14,13,19,ML_CTL_47_0014
CTL,47.0,996.0,9.0,0.0,18.0,332.5,-0.46174861323503363,0.8870108331782218,-1.0,-1.8369701987210297e-16,-17.27360725402832,3.3566033840179443,218.72305297851562,6.584642687812448e-05,91.7959976196289,-9.0968017578125,-0.15854065120220184,242.63040161132812,0.0004922787193208933,63.11186981201172,-7.750570774078369,3.3517510890960693,270.6080017089844,0.004530260805040598,68.51404571533203,-6.244815349578857,-0.20330959558486938,284.2760314941406,0.010069780983030796,85.17826080322266,-6.218593597412109,-1.2045973539352417,290.5285949707031,0.011684187687933445,79.7627182006836,6.278100045165047e-05,2.8946527891093865e-05,11.95900821685791,-9.316877365112305,1.02838134765625,6.278100045165047e-05,3.6026176530867815e-05,79.8376693725586,3.185715913772583,0.7023473747225532,0.8585009978466265,14,14,19,ML_CTL_47_0014
CTL,47.0,997.0,9.0,6.0,18.0,330.0,-0.5000000000000004,0.8660254037844384,-1.0,-1.8369701987210297e-16,-15.324588775634766,3.656562328338623,218.2512969970703,6.469163781730458e-05,95.4616928100586,-10.515528678894043,-2.9326283931732178,242.21864318847656,0.00046181210200302303,63.65180587768555,-9.03280258178711,0.286060631275177,270.3179626464844,0.004238216672092676,65.15296173095703,-8.139569282531738,-2.5171334743499756,283.9986877441406,0.010525597259402275,90.73995208740234,-6.8190765380859375,-2.982053756713867,290.3519287109375,0.011851217597723007,81.78731536865234,5.765362220699899e-05,2.7039619453717023e-05,10.789576530456543,-9.966313362121582,-0.8978385925292969,5.765362220699899e-05,2.7496074835653417e-05,80.66236877441406,1.0561493635177612,0.6751980106529676,0.7317902638639098,14,15,19,ML_CTL_47_0014
CTL,47.0,998.0,9.0,12.0,18.0,330.0,-0.5000000000000004,0.8660254037844384,-1.0,-1.8369701987210297e-16,-14.97303581237793,2.7512004375457764,218.45013427734375,5.438713196781464e-05,80.70327758789062,-11.875152587890625,-0.4054560959339142,242.20384216308594,0.00029739394085481763,38.66779327392578,-9.899604797363281,2.8750030994415283,270.63226318359375,0.003598694456741214,54.63063049316406,-10.36618423461914,1.5672881603240967,284.58599853515625,0.010127576068043709,83.90894317626953,-6.9253435134887695,0.7764440178871155,290.9420471191406,0.011824981309473515,78.60289764404297,5.3784504416398704e-05,1.63800323207397e-05,8.2864351272583,-10.80786418914795,1.5128958225250244,5.3784504416398704e-05,2.8892602131236345e-05,79.6242446899414,3.0376157760620117,0.6580435578343813,0.6545877595885288,14,16,19,ML_CTL_47_0014
CTL,47.0,999.0,9.0,18.0,18.0,327.5,-0.5372996083468242,0.8433914458128855,-1.0,-1.8369701987210297e-16,-13.565564155578613,3.181267023086548,218.7554168701172,5.0854730943683535e-05,72.22799682617188,-11.993334770202637,-0.6515313982963562,242.07913208007812,0.0002925460576079786,39.62189483642578,-9.595386505126953,-0.28495606780052185,270.4041442871094,0.003678570967167616,56.96623611450195,-9.526930809020996,-0.767661452293396,284.40142822265625,0.010570940561592579,88.65508270263672,-7.752419948577881,-2.592902660369873,290.8908996582031,0.012243930250406265,81.64230346679688,4.990007437299937e-05,1.6553656678297557e-05,8.193514823913574,-10.486726760864258,-0.2231568992137909,4.990007437299937e-05,2.3464457626687363e-05,80.14562225341797,1.771736979484558,0.6690899901646027,0.7040721007246515,14,17,19,ML_CTL_47_0014
CTL,47.0,1000.0,9.0,0.0,16.105262756347656,327.5,-0.5372996083468242,0.8433914458128855,-1.0,-1.8369701987210297e-16,-14.610751152038574,4.515606880187988,219.1025848388672,4.725717008113861e-05,63.38795471191406,-11.047551155090332,1.1706475019454956,241.5906219482422,0.00028527260292321444,40.717323303222656,-10.111376762390137,-0.8845590949058533,269.3485107421875,0.004025627858936787,69.31474304199219,-4.4798197746276855,-0.8867471218109131,283.79962158203125,0.011115511879324913,97.1583480834961,-2.2323431968688965,-0.5842926502227783,290.77703857421875,0.011996092274785042,80.55946350097656,4.750259540742263e-05,1.8685634131543338e-05,13.387828826904297,-8.496368408203125,0.6661311388015747,4.750259540742263e-05,3.616524918470532e-05,80.85228729248047,0.9978842735290527,0.629276588321685,0.5291146236246449,14,18,19,ML_CTL_47_0014
CTL,47.0,1001.0,9.0,6.0,16.105262756347656,325.0,-0.5735764363510465,0.8191520442889916,-1.0,-1.8369701987210297e-16,-11.272117614746094,4.274115562438965,219.02093505859375,6.05187815381214e-05,82.57706451416016,-10.343945503234863,0.2306026965379715,241.20867919921875,0.00026837593759410083,40.410030364990234,-11.128446578979492,-1.3390660285949707,268.80194091796875,0.004020817577838898,71.01060485839844,-6.130675315856934,-2.591248035430908,284.48663330078125,0.011295462027192116,94.18181610107422,-3.526059627532959,-1.3855544328689575,290.7297058105469,0.012271784245967865,82.65922546386719,4.94650230393745e-05,1.8565664504421875e-05,9.59339714050293,-8.48024845123291,-0.16223004460334778,4.94650230393745e-05,3.576848757802509e-05,82.09126281738281,0.13779951632022858,0.61691210133783,0.47646208911898746,14,19,19,ML_CTL_47_0014
CTL,47.0,998.0,9.0,12.0,31.263158798217773,260.0,-0.984807753012208,-0.17364817766693033,-1.0,-1.8369701987210297e-16,9.75576400756836,1.7779655456542969,221.24227905273438,9.763841080712155e-05,98.1863021850586,7.756552696228027,-0.7786061763763428,244.59608459472656,0.0007908873958513141,82.31808471679688,4.501686096191406,0.9911221265792847,269.3087463378906,0.005453820340335369,95.73176574707031,0.8760698437690735,3.7467827796936035,283.9263916015625,0.01139743346720934,98.21588897705078,-1.5927516222000122,5.357751369476318,293.3854675292969,0.016330165788531303,93.13929748535156,6.0083075368311256e-05,3.136813029414043e-05,11.899734497070312,4.259464263916016,2.219003200531006,6.0083075368311256e-05,3.136813029414043e-05,84.0001220703125,7.348672389984131,0.6942290142878272,0.8199654887942378,15,1,8,ML_CTL_47_0015
CTL,47.0,999.0,9.0,18.0,31.263158798217773,260.0,-0.984807753012208,-0.17364817766693033,-1.0,-1.8369701987210297e-16,8.290461540222168,1.7023857831954956,222.69712829589844,0.00011611409718170762,98.45281982421875,7.728318691253662,-1.3957098722457886,245.4582977294922,0.0005190190277062356,50.95539093017578,4.7503156661987305,-0.8864338994026184,269.9003601074219,0.005628251004964113,94.1861801147461,1.130507469177246,2.6510443687438965,284.01348876953125,0.01135699637234211,97.34099578857422,-3.7940526008605957,3.966665267944336,293.160888671875,0.016124362125992775,93.25609588623047,5.949326805421151e-05,2.642974504851736e-05,12.294814109802246,3.621110439300537,1.2075903415679932,5.949326805421151e-05,2.6914123736787587e-05,81.6517562866211,6.007087707519531,0.7617558886260914,1.1623303221631351,15,2,8,ML_CTL_47_0015
CTL,47.0,1000.0,9.0,0.0,31.263158798217773,260.0,-0.984807753012208,-0.17364817766693033,-1.0,-1.8369701987210297e-16,6.724394798278809,2.655632495880127,223.54872131347656,0.00013148247671779245,99.86292266845703,7.335093021392822,-2.838909864425659,244.9775848388672,0.00047259009443223476,50.802093505859375,1.380367398262024,-5.479744911193848,270.535888671875,0.005255349911749363,83.78138732910156,-0.58002108335495,-0.05819442495703697,283.91998291015625,0.011070257984101772,95.430419921875,-3.938044786453247,4.489783763885498,293.56341552734375,0.016282716765999794,91.85678100585938,5.178234641789459e-05,2.781596231216099e-05,10.81904411315918,2.1843581199645996,-0.24628658592700958,5.178234641789459e-05,3.797550743911415e-05,79.5765151977539,6.870896339416504,0.765182803286191,1.181307438715149,15,3,8,ML_CTL_47_0015
CTL,47.0,1001.0,9.0,6.0,31.263158798217773,260.0,-0.984807753012208,-0.17364817766693033,-1.0,-1.8369701987210297e-16,6.384952068328857,2.1509571075439453,222.38427734375,0.00011507124145282432,99.890380859375,6.156386375427246,-4.1452765464782715,243.8753662109375,0.00038755155401304364,47.709529876708984,-2.4163877964019775,-5.8786725997924805,269.5408020019531,0.00513814203441143,88.4968490600586,-1.9993401765823364,-0.003038139548152685,283.5297546386719,0.011221202090382576,99.27216339111328,-1.943892002105713,3.8808672428131104,293.70172119140625,0.016596537083387375,92.83676147460938,4.888073817710392e-05,2.2765249013900757e-05,8.506599426269531,1.2363436222076416,-0.7990325689315796,4.888073817710392e-05,3.7212768802419305e-05,80.93889617919922,6.633078575134277,0.7440633756320932,1.0671963607380865,15,4,8,ML_CTL_47_0015
CTL,47.0,1002.0,9.0,12.0,31.263158798217773,260.0,-0.984807753012208,-0.17364817766693033,-1.0,-1.8369701987210297e-16,4.945876598358154,0.4627901613712311,222.08583068847656,0.00011041041580028832,99.69110870361328,4.416080951690674,-5.266608238220215,243.62420654296875,0.00024057993141468614,31.113019943237305,-3.474088191986084,-4.383602619171143,268.9618225097656,0.004691564477980137,84.8359603881836,-3.1375787258148193,0.789572536945343,283.9296875,0.011162422597408295,96.10811614990234,-3.8427658081054688,2.200167655944824,293.1967468261719,0.016803855076432228,96.9693374633789,5.030397733207792e-05,1.2288918696867768e-05,8.958723068237305,-0.21849504113197327,-1.2395360469818115,5.030397733207792e-05,3.6695510061690584e-05,81.21076202392578,4.92825984954834,0.7340091056078937,1.0150593574107525,15,5,8,ML_CTL_47_0015
CTL,47.0,1003.0,9.0,18.0,29.36842155456543,260.0,-0.984807753012208,-0.17364817766693033,-1.0,-1.8369701987210297e-16,-3.559495210647583,-1.1247475147247314,221.20619201660156,0.00010173708869842812,99.88849639892578,-4.2427263259887695,-6.971564769744873,244.9442138671875,0.0008163674501702189,85.30554962158203,0.07665064185857773,-4.2222981452941895,270.2646789550781,0.004934224765747786,80.00165557861328,1.3814470767974854,3.213149070739746,283.8240051269531,0.01102453377097845,95.56644439697266,-0.8428372740745544,3.9097793102264404,294.34710693359375,0.014598902314901352,78.4461441040039,4.751989763462916e-05,3.933286279789172e-05,5.720724582672119,-1.437392234802246,-1.039136528968811,4.751989763462916e-05,3.933286279789172e-05,73.78466033935547,5.720724582672119,0.7366463875929214,1.028610314341666,15,6,8,ML_CTL_47_0015
CTL,47.0,1004.0,9.0,0.0,29.36842155456543,260.0,-0.984807753012208,-0.17364817766693033,-1.0,-1.8369701987210297e-16,-4.46126127243042,-0.6028596758842468,221.12066650390625,0.00010061076318379492,99.89254760742188,-7.478505611419678,-5.787235260009766,245.27748107910156,0.0009229378774762154,91.68903350830078,-3.5389180183410645,-5.261961460113525,269.7108154296875,0.00476881256327033,80.96343231201172,0.4909268915653229,1.9140138626098633,284.11968994140625,0.010774152353405952,91.57219696044922,-2.390298366546631,5.800848960876465,293.8386535644531,0.014842618256807327,82.28166198730469,3.1839637813391164e-05,4.64028817077633e-05,6.730257511138916,-3.475611448287964,-0.7874385714530945,3.1839637813391164e-05,4.64028817077633e-05,69.97423553466797,6.730257511138916,0.6940661387377306,0.8191983178157511,15,7,8,ML_CTL_47_0015
CTL,47.0,1005.0,9.0,6.0,29.36842155456543,260.0,-0.984807753012208,-0.17364817766693033,-1.0,-1.8369701987210297e-16,-2.6176846027374268,-0.691465437412262,220.28826904296875,9.062243771040812e-05,100.0015640258789,-9.201737403869629,-2.8944337368011475,244.49143981933594,0.0010581484530121088,110.30859375,-6.56721830368042,-1.3407514095306396,270.6898193359375,0.004765132442116737,75.40089416503906,-1.8467092514038086,2.4663069248199463,283.618896484375,0.010411388240754604,91.55315399169922,-2.581514596939087,6.345888137817383,293.7859191894531,0.015010587871074677,83.48223114013672,2.167746970371809e-05,4.543672184809111e-05,7.03744649887085,-4.562972545623779,0.777108907699585,2.167746970371809e-05,4.57538480986841e-05,68.81515502929688,7.03744649887085,0.580316671633433,0.3240734933075813,15,8,8,ML_CTL_47_0015
CTL,47.0,1005.0,9.0,6.0,16.105262756347656,322.5,-0.608761429008721,0.7933533402912349,-1.0,-1.8369701987210297e-16,-8.787354469299316,6.22537088394165,220.27154541015625,9.368382598040625e-05,106.87516021728516,-11.912440299987793,-1.5887656211853027,241.3143768310547,0.0006183954537846148,91.90485382080078,-10.090616226196289,-3.899803400039673,268.1201477050781,0.0051026735454797745,96.87561798095703,-6.836917877197266,-1.6220158338546753,284.3664855957031,0.011537674814462662,96.91654968261719,-4.799261569976807,-0.13824787735939026,290.1895446777344,0.012566233985126019,87.70317077636719,5.753769801231101e-05,3.911902240361087e-05,7.510028839111328,-8.485318183898926,-0.20469236373901367,5.753769801231101e-05,5.458564555738121e-05,81.17329406738281,2.731048822402954,0.6103239669420167,0.44867420008731296,16,1,45,ML_CTL_47_0016
CTL,47.0,1006.0,9.0,12.0,16.105262756347656,322.5,-0.608761429008721,0.7933533402912349,-1.0,-1.8369701987210297e-16,-7.319436073303223,4.547729015350342,219.927978515625,8.424052793998271e-05,100.03433990478516,-12.253125190734863,2.157754898071289,242.8090362548828,0.000871626369189471,105.27578735351562,-7.944447040557861,-1.1846892833709717,268.9964599609375,0.005583484657108784,99.5865249633789,-4.623544692993164,1.3394722938537598,284.07208251953125,0.011335053481161594,97.096435546875,-2.6622626781463623,3.072328567504883,289.7799377441406,0.01290102954953909,92.43289184570312,6.300774839473888e-05,5.178910942049697e-05,4.88529109954834,-6.960562705993652,1.98651921749115,6.300774839473888e-05,5.178910942049697e-05,79.3841552734375,4.88529109954834,0.6740511938043544,0.7265657304016404,16,2,45,ML_CTL_47_0016
CTL,47.0,1007.0,9.0,18.0,16.105262756347656,320.0,-0.6427876096865396,0.7660444431189778,-1.0,-1.8369701987210297e-16,-8.560921669006348,5.5604729652404785,219.9169921875,8.427924331044778e-05,99.86575317382812,-9.728212356567383,1.0110129117965698,243.0278778076172,0.0008837622008286417,105.50383758544922,-7.231921672821045,-4.567154407501221,268.6319580078125,0.0054090297780931,99.17240142822266,-4.327134132385254,-2.8992252349853516,284.466064453125,0.011540763080120087,96.28662872314453,-2.226290225982666,-0.35561060905456543,290.0528259277344,0.013119942508637905,92.38468170166016,6.646402471233159e-05,4.867780444328673e-05,8.667617797851562,-6.414896488189697,-0.25010085105895996,6.646402471233159e-05,5.797904668725096e-05,81.36009216308594,6.371206760406494,0.6771965286250634,0.7409178338877627,16,3,45,ML_CTL_47_0016
CTL,47.0,1008.0,9.0,0.0,16.105262756347656,320.0,-0.6427876096865396,0.7660444431189778,-1.0,-1.8369701987210297e-16,-6.732781887054443,5.123044967651367,219.22813415527344,7.764159090584144e-05,99.79499053955078,-7.053649425506592,4.192582607269287,243.7715301513672,0.000983153353445232,107.11345672607422,-4.903043270111084,-0.9392308592796326,269.2512512207031,0.005704710725694895,99.86009216308594,-2.636634588241577,-0.3474594056606293,284.2439270019531,0.011502040550112724,97.4100570678711,-0.9385545253753662,1.1023591756820679,289.8263244628906,0.013331382535398006,95.22884368896484,7.383352203760296e-05,6.17325640632771e-05,7.052587032318115,-4.452932834625244,1.8262592554092407,7.383352203760296e-05,6.17325640632771e-05,81.4444808959961,6.599313735961914,0.7026713311154236,0.8600511029999949,16,4,45,ML_CTL_47_0016
CTL,47.0,1009.0,9.0,6.0,16.105262756347656,320.0,-0.6427876096865396,0.7660444431189778,-1.0,-1.8369701987210297e-16,-5.678071975708008,4.400382041931152,219.8841552734375,8.46878465381451e-05,101.73153686523438,-3.6357007026672363,5.49845552444458,244.05728149414062,0.0008648804505355656,89.77592468261719,-1.3227626085281372,2.759148597717285,269.36614990234375,0.005764083005487919,99.983154296875,-0.17479027807712555,3.6816864013671875,283.87457275390625,0.011348539032042027,98.4844741821289,0.9074088335037231,4.998768329620361,289.6950988769531,0.013591627590358257,97.90038299560547,7.886798994150013e-05,6.0142068832647055e-05,6.612610816955566,-1.980783224105835,4.267687797546387,7.886798994150013e-05,6.0142068832647055e-05,84.32477569580078,5.161397457122803,0.7401948775462834,1.0469816786096837,16,5,45,ML_CTL_47_0016
CTL,47.0,1010.0,9.0,12.0,16.105262756347656,317.5,-0.6755902076156605,0.7372773368101239,-1.0,-1.8369701987210297e-16,-6.467586517333984,5.656294822692871,220.09730529785156,8.59444699017331e-05,99.85714721679688,-4.315235137939453,2.8974967002868652,243.3622589111328,0.0009446867043152452,107.67417907714844,-1.5915863513946533,-2.175490140914917,269.1638488769531,0.0056776003912091255,99.95610809326172,-0.42276766896247864,-1.5978018045425415,284.3556213378906,0.011361545883119106,95.50631713867188,-0.27750664949417114,-0.5554645657539368,290.0246887207031,0.013362112455070019,94.23371124267578,8.008602890186012e-05,5.4336614994099364e-05,8.769437789916992,-2.614936351776123,0.8450068235397339,8.008602890186012e-05,5.703117130906321e-05,84.72775268554688,5.6383867263793945,0.6863393092942867,0.7830603266162692,16,6,45,ML_CTL_47_0016
CTL,47.0,1011.0,9.0,18.0,16.105262756347656,317.5,-0.6755902076156605,0.7372773368101239,-1.0,-1.8369701987210297e-16,-6.668764114379883,3.8295342922210693,220.36109924316406,8.895635983208194e-05,99.83252716064453,-2.669586420059204,4.117511749267578,243.9484100341797,0.0010601597605273128,113.97998809814453,2.6948306560516357,0.3992128372192383,269.43121337890625,0.0057923817075788975,99.93560028076172,4.2109270095825195,1.419407606124878,284.5231018066406,0.011478683911263943,95.39864349365234,4.3249192237854,1.7802790403366089,290.0986022949219,0.013514243066310883,94.85647583007812,7.878965698182583e-05,6.195003516040742e-05,11.183045387268066,0.37846535444259644,2.3091893196105957,7.878965698182583e-05,6.449095963034779e-05,86.49829864501953,4.035532474517822,0.6087800870600821,0.4421872584407911,16,7,45,ML_CTL_47_0016
CTL,47.0,1012.0,9.0,0.0,18.0,317.5,-0.6755902076156605,0.7372773368101239,-1.0,-1.8369701987210297e-16,-5.635542869567871,5.678225040435791,219.55325317382812,8.110161434160545e-05,99.8228530883789,-3.570587635040283,4.068037509918213,244.61773681640625,0.0011180599685758352,110.78277587890625,-2.1106441020965576,-0.2896968424320221,270.8905944824219,0.006502737291157246,100.29396057128906,-3.3215508460998535,2.0328893661499023,283.15521240234375,0.010419837199151516,94.9047622680664,-4.856999397277832,1.705427646636963,290.5494384765625,0.013184226118028164,89.94315338134766,8.393609459744766e-05,7.46259611332789e-05,4.04836368560791,-3.8990654945373535,2.638976573944092,8.393609459744766e-05,7.46259611332789e-05,83.7777328491211,4.04836368560791,0.7363331708147207,1.0269963985601955,16,8,45,ML_CTL_47_0016
CTL,47.0,1013.0,9.0,6.0,18.0,317.5,-0.6755902076156605,0.7372773368101239,-1.0,-1.8369701987210297e-16,-5.479924201965332,3.9103164672851562,219.8085479736328,8.376379264518619e-05,99.90199279785156,-1.5358024835586548,3.9639415740966797,244.8829803466797,0.0011535710655152798,110.9054946899414,1.1010866165161133,2.847170829772949,270.68572998046875,0.0064158132299780846,100.65988159179688,0.11357863992452621,6.099785327911377,283.2415466308594,0.010918492451310158,98.88157653808594,-1.2800639867782593,5.957230091094971,290.1676025390625,0.01350229512900114,94.36974334716797,8.567394979763776e-05,7.340843148995191e-05,4.672117233276367,-1.4162250757217407,4.555688858032227,8.567394979763776e-05,7.340843148995191e-05,85.15157318115234,4.672117233276367,0.6938525539178686,0.8181926437611526,16,9,45,ML_CTL_47_0016
CTL,47.0,1014.0,9.0,12.0,19.894737243652344,317.5,-0.6755902076156605,0.7372773368101239,-1.0,-1.8369701987210297e-16,-3.6493794918060303,6.438426971435547,220.50013732910156,9.223262895829976e-05,100.3006820678711,-3.6738717555999756,3.363189697265625,245.66763305664062,0.0012733862968161702,114.686279296875,-4.1295390129089355,6.512152194976807,269.6512756347656,0.0058571831323206425,99.9375,-7.373612403869629,9.369482040405273,282.721435546875,0.010448412038385868,97.97064971923828,-8.817418098449707,9.025225639343262,289.9701232910156,0.013857798650860786,98.04234313964844,8.026163413887843e-05,7.41137919249013e-05,5.779285907745361,-5.528764247894287,6.941695213317871,8.026163413887843e-05,7.41137919249013e-05,82.44488525390625,5.779285907745361,0.6760494548812556,0.7356753658559152,16,10,45,ML_CTL_47_0016
CTL,47.0,1015.0,9.0,18.0,19.894737243652344,315.0,-0.7071067811865477,0.7071067811865474,-1.0,-1.8369701987210297e-16,-7.717526435852051,6.549286365509033,220.20245361328125,8.588669152231887e-05,97.8526611328125,-2.6844074726104736,-0.5556887984275818,243.52554321289062,0.0009658010094426572,109.13704681396484,-0.44021621346473694,-4.180171012878418,270.6999206542969,0.006348743569105864,99.04256439208984,-4.929633140563965,-1.30021071434021,283.2311706542969,0.01029143761843443,93.24715423583984,-6.7700300216674805,-0.0617000088095665,290.5101623535156,0.013456388376653194,92.02135467529297,8.858559158397838e-05,6.620155909331515e-05,6.678539276123047,-4.508362770080566,0.09030315279960632,8.858559158397838e-05,8.178027928806841e-05,80.5860824584961,6.678539276123047,0.7908515792073402,1.3300661659928208,16,11,45,ML_CTL_47_0016
CTL,47.0,1016.0,9.0,0.0,19.894737243652344,315.0,-0.7071067811865477,0.7071067811865474,-1.0,-1.8369701987210297e-16,-6.558298587799072,5.448019981384277,219.6424560546875,8.195581176551059e-05,100.38995361328125,-1.1719965934753418,-1.2997779846191406,243.37022399902344,0.0009506138740107417,108.00858306884766,0.6306480765342712,-2.3659794330596924,270.8604736328125,0.00646305363625288,99.65113830566406,-1.958235263824463,2.927666664123535,283.2407531738281,0.010485326871275902,94.96173095703125,-3.3512470722198486,4.167221546173096,290.60736083984375,0.013422432355582714,91.19772338867188,9.046043851412833e-05,7.297565025510266e-05,3.4533495903015137,-2.481825828552246,1.7754303216934204,9.046043851412833e-05,7.297565025510266e-05,82.52227783203125,3.4533495903015137,0.7775701935252212,1.2515623457244152,16,12,45,ML_CTL_47_0016
CTL,47.0,1017.0,9.0,6.0,19.894737243652344,315.0,-0.7071067811865477,0.7071067811865474,-1.0,-1.8369701987210297e-16,-4.616774559020996,3.2344841957092285,219.0597381591797,7.599242962896824e-05,100.1588134765625,-0.6734397411346436,0.35343125462532043,243.21554565429688,0.0009146405500359833,105.13571166992188,2.9175162315368652,1.9759904146194458,270.80438232421875,0.006424999330192804,99.46399688720703,1.0444836616516113,7.37894868850708,283.2701416015625,0.01055452786386013,95.43964385986328,-0.03361963853240013,8.323742866516113,290.46417236328125,0.013319434598088264,91.30626678466797,8.348973642569035e-05,6.615512393182144e-05,6.848785877227783,-0.27236685156822205,4.25331974029541,8.348973642569035e-05,6.89499283907935e-05,84.80897521972656,6.848785877227783,0.7248188967611909,0.9684923879343454,16,13,45,ML_CTL_47_0016
CTL,47.0,1018.0,9.0,12.0,19.894737243652344,312.5,-0.7372773368101242,0.6755902076156601,-1.0,-1.8369701987210297e-16,-2.017822742462158,5.057374477386475,221.65866088867188,9.73404967226088e-05,96.08757781982422,-1.2279975414276123,5.21970796585083,243.1632537841797,0.0004182910779491067,52.45903396606445,1.2639731168746948,-0.26281556487083435,269.9686279296875,0.004590313415974379,72.07038116455078,1.2660243511199951,0.9169620275497437,284.3228759765625,0.010336702689528465,87.09044647216797,-0.43373292684555054,1.4778425693511963,290.8424377441406,0.013456510379910469,90.03520965576172,8.216175046982244e-05,3.803889194387011e-05,3.914382219314575,-0.22991113364696503,2.48181414604187,8.216175046982244e-05,7.025038939900696e-05,78.44762420654297,3.914382219314575,0.9237731621940777,2.494752943180355,16,14,45,ML_CTL_47_0016
CTL,47.0,1019.0,9.0,18.0,21.789474487304688,312.5,-0.7372773368101242,0.6755902076156601,-1.0,-1.8369701987210297e-16,0.1921946108341217,8.630332946777344,221.33761596679688,7.511403964599594e-05,75.7711410522461,0.5022393465042114,5.413441181182861,242.3832550048828,0.00047760020243003964,63.55339050292969,-2.231879711151123,-2.6094985008239746,270.61407470703125,0.00623370660468936,97.66549682617188,-5.406197547912598,1.932676076889038,283.8821105957031,0.010125440545380116,87.79447937011719,-8.85209846496582,3.6465907096862793,290.48162841796875,0.013993573375046253,95.79988861083984,8.081392297754064e-05,5.449348100228235e-05,10.326516151428223,-3.1591484546661377,3.4027085304260254,8.081392297754064e-05,6.848140037618577e-05,80.54621887207031,6.908801078796387,0.9322969383212513,2.6225199641896206,16,15,45,ML_CTL_47_0016
CTL,47.0,1020.0,9.0,0.0,21.789474487304688,310.0,-0.7660444431189781,0.6427876096865393,-1.0,-1.8369701987210297e-16,4.521174430847168,11.106400489807129,221.45765686035156,3.6728721170220524e-05,36.671146392822266,3.67378830909729,10.23438549041748,242.46400451660156,0.00019168616563547403,28.469322204589844,-5.774244785308838,-3.8399572372436523,269.8935852050781,0.005247912835329771,82.26944732666016,-7.383100509643555,-3.555914878845215,284.28955078125,0.00983770564198494,83.06838989257812,-9.07579231262207,-2.1230478286743164,290.80950927734375,0.013539500534534454,90.74488067626953,7.657543756067753e-05,2.6716368665802293e-05,18.97092056274414,-2.8076350688934326,2.364372968673706,7.657543756067753e-05,5.546543252421543e-05,74.52483367919922,6.759396076202393,0.9435966875988241,2.81717094984361,16,16,45,ML_CTL_47_0016
CTL,47.0,1021.0,9.0,6.0,21.789474487304688,310.0,-0.7660444431189781,0.6427876096865393,-1.0,-1.8369701987210297e-16,4.993967056274414,9.443955421447754,221.04052734375,4.109703513677232e-05,43.03607940673828,4.983047962188721,9.743197441101074,242.42742919921875,0.00015755330969113857,22.211681365966797,-4.799241065979004,-0.45578932762145996,269.8708801269531,0.005160429049283266,79.04891967773438,-4.313687324523926,0.9691222310066223,284.3025207519531,0.010251571424305439,86.50186157226562,-5.811038494110107,2.158047914505005,290.7309265136719,0.01378269586712122,92.83588409423828,7.675031520193443e-05,3.060836752410978e-05,13.031984329223633,-0.98939049243927,4.371706962585449,7.675031520193443e-05,4.057787373312749e-05,77.11807250976562,5.486297130584717,0.9552767521741434,3.0615076393398795,16,17,45,ML_CTL_47_0016
CTL,47.0,1022.0,9.0,12.0,21.789474487304688,310.0,-0.7660444431189781,0.6427876096865393,-1.0,-1.8369701987210297e-16,3.8440423011779785,8.040109634399414,221.5494384765625,8.926162990974262e-05,88.70171356201172,3.798207998275757,9.769815444946289,242.76953125,0.000249314121901989,33.83992004394531,-2.1551685333251953,3.6202690601348877,269.8403625488281,0.004679896868765354,71.92239379882812,-0.7662690877914429,5.622298240661621,283.96600341796875,0.010231200605630875,88.27886962890625,-2.9636077880859375,7.121477127075195,290.6268310546875,0.013925626873970032,94.41438293457031,7.031553104752675e-05,2.9077413273626007e-05,6.869351387023926,0.3514409065246582,6.834794521331787,7.031553104752675e-05,3.072507752222009e-05,80.23050689697266,6.869351387023926,0.91816510443871,2.4176734780325053,16,18,45,ML_CTL_47_0016
CTL,47.0,1023.0,9.0,18.0,21.789474487304688,307.5,-0.7933533402912352,0.6087614290087205,-1.0,-1.8369701987210297e-16,3.668658971786499,10.604630470275879,220.5122833251953,3.647532867034897e-05,40.467803955078125,2.9837357997894287,13.047455787658691,242.35108947753906,0.00014178515993990004,20.1366024017334,-0.9634853005409241,2.3827972412109375,269.1556396484375,0.0040791523642838,63.50836181640625,-0.22237417101860046,0.9705958366394043,284.9022521972656,0.010638035833835602,86.2720947265625,-1.7985256910324097,2.019782304763794,291.5152893066406,0.013406849466264248,85.93329620361328,6.7651089921128e-05,2.63865204033209e-05,10.17790412902832,0.7336019277572632,5.805052757263184,6.7651089921128e-05,3.0802802939433604e-05,75.68698120117188,2.349634885787964,0.9417312575945485,2.782654145969606,16,19,45,ML_CTL_47_0016
CTL,47.0,1024.0,9.0,0.0,23.6842098236084,307.5,-0.7933533402912352,0.6087614290087205,-1.0,-1.8369701987210297e-16,7.231926441192627,11.684732437133789,220.86358642578125,9.392383071826771e-05,103.19622039794922,4.046935558319092,12.423253059387207,242.47189331054688,0.00030029690242372453,39.002140045166016,-3.622271776199341,1.5402120351791382,269.6360778808594,0.004745825193822384,74.73245239257812,-5.715836048126221,2.6535110473632812,284.03363037109375,0.009935897774994373,85.33370971679688,-8.681724548339844,4.435573101043701,290.5373229980469,0.01418843399733305,96.75440216064453,6.673125608358532e-05,3.257366915931925e-05,17.486982345581055,-1.3481940031051636,6.54745626449585,6.673125608358532e-05,3.257366915931925e-05,79.51311492919922,3.5239009857177734,0.8343888169987825,1.6170567312787325,16,20,45,ML_CTL_47_0016
CTL,47.0,1025.0,9.0,6.0,23.6842098236084,305.0,-0.8191520442889918,0.573576436351046,-1.0,-1.8369701987210297e-16,6.830894470214844,12.273202896118164,220.28021240234375,7.621480472153053e-05,89.87057495117188,5.133970260620117,13.736421585083008,242.4532012939453,0.00029915920458734035,36.57775115966797,-3.7916409969329834,0.7492400407791138,269.3260498046875,0.0030761973466724157,47.845821380615234,-5.030831336975098,-0.32341402769088745,283.9723205566406,0.009051147848367691,77.97977447509766,-7.249930381774902,-0.04755037650465965,290.5469665527344,0.014188717119395733,96.7152099609375,6.418444536393508e-05,3.074615233344957e-05,18.710172653198242,-0.8215076327323914,5.277580261230469,6.418444536393508e-05,3.3707019611028954e-05,75.79003143310547,2.0676987171173096,0.9244758337628245,2.5047742230430363,16,21,45,ML_CTL_47_0016
CTL,47.0,1026.0,9.0,12.0,23.6842098236084,305.0,-0.8191520442889918,0.573576436351046,-1.0,-1.8369701987210297e-16,4.261892318725586,10.027162551879883,220.58726501464844,9.105169010581449e-05,103.19297790527344,5.246498107910156,12.74560832977295,242.31776428222656,0.0002957655524369329,38.7306022644043,-0.7784679532051086,4.3968305587768555,269.4197998046875,0.002500397153198719,38.9055290222168,-1.5461523532867432,3.509762763977051,284.18756103515625,0.009242492727935314,78.52152252197266,-4.130713939666748,4.500535488128662,290.74053955078125,0.014129729941487312,95.09172058105469,6.0397116612875834e-05,3.0391565815079957e-05,10.048852920532227,0.6106112599372864,7.035979270935059,6.0397116612875834e-05,3.5824432416120544e-05,77.16567993164062,4.130100727081299,0.8963745696317714,2.1575756055037725,16,22,45,ML_CTL_47_0016
CTL,47.0,1027.0,9.0,18.0,25.578947067260742,305.0,-0.8191520442889918,0.573576436351046,-1.0,-1.8369701987210297e-16,7.890189170837402,9.23830509185791,219.81439208984375,8.43870293465443e-05,104.41353607177734,6.873185157775879,10.055196762084961,241.6808624267578,0.00041974280611611903,57.13016128540039,-0.9275358319282532,4.766264915466309,269.77362060546875,0.005565106403082609,92.0019760131836,-5.559699058532715,4.9789533615112305,283.6091613769531,0.009862275794148445,87.11785125732422,-8.078141212463379,7.3137922286987305,290.6521911621094,0.014042473398149014,95.05206298828125,5.648821752402e-05,3.6709679989144206e-05,16.08388328552246,0.03959960862994194,7.270503044128418,5.648821752402e-05,3.6709679989144206e-05,75.38519287109375,3.7592613697052,0.7737459446496094,1.2295850762013796,16,23,45,ML_CTL_47_0016
CTL,47.0,1028.0,9.0,0.0,25.578947067260742,302.5,-0.8433914458128857,0.5372996083468239,-1.0,-1.8369701987210297e-16,6.002108097076416,12.389769554138184,219.70944213867188,7.321829616557807e-05,91.61499786376953,8.189399719238281,12.900164604187012,242.09097290039062,0.0002239638561150059,33.18511962890625,-1.3716410398483276,1.426068663597107,269.2524719238281,0.00465836375951767,73.87042999267578,-4.356389999389648,0.8562480211257935,284.0912780761719,0.00940431747585535,80.42448425292969,-6.032876968383789,1.8103551864624023,290.8299865722656,0.01394044142216444,93.29622650146484,6.103709893068299e-05,3.1677358492743224e-05,16.023883819580078,0.4861198365688324,5.876521110534668,6.103709893068299e-05,3.7855668779229745e-05,73.12612915039062,3.3776817321777344,0.9022387393418678,2.2223507720249467,16,24,45,ML_CTL_47_0016
CTL,47.0,1029.0,9.0,6.0,25.578947067260742,302.5,-0.8433914458128857,0.5372996083468239,-1.0,-1.8369701987210297e-16,5.575159072875977,10.704760551452637,219.6090087890625,6.498617585748434e-05,81.70436096191406,9.350323677062988,11.402371406555176,241.673828125,0.00022658685338683426,36.4453125,0.6552435159683228,3.732499599456787,269.25469970703125,0.004309800919145346,67.17839050292969,-1.205690622329712,3.6359426975250244,284.0419921875,0.009360902942717075,80.32215881347656,-3.445636749267578,5.188478469848633,290.6663513183594,0.014068483375012875,95.15342712402344,5.7377914345124736e-05,2.5717368771438487e-05,10.573746681213379,2.185879945755005,6.9328107833862305,5.7377914345124736e-05,3.7612357118632644e-05,74.71923065185547,4.140343189239502,0.9324593264192433,2.6250955448138136,16,25,45,ML_CTL_47_0016
CTL,47.0,1030.0,9.0,12.0,27.473684310913086,302.5,-0.8433914458128857,0.5372996083468239,-1.0,-1.8369701987210297e-16,8.109745979309082,9.788408279418945,219.3772735595703,3.955234569730237e-05,50.3167839050293,8.605609893798828,8.870833396911621,240.76185607910156,0.00044420629274100065,66.98567962646484,0.7698188424110413,4.9556379318237305,269.8910217285156,0.005770478397607803,94.77437591552734,-4.148489475250244,5.629055976867676,283.1666259765625,0.00986199826002121,89.78052520751953,-6.410296440124512,7.954575061798096,290.71435546875,0.01371130533516407,92.46800231933594,5.386613338487223e-05,3.319320239825174e-05,14.635387420654297,1.3852777481079102,7.439702033996582,5.386613338487223e-05,3.6259305488783866e-05,70.48623657226562,4.024624347686768,0.9120651379881913,2.3391150747760863,16,26,45,ML_CTL_47_0016
CTL,47.0,1031.0,9.0,18.0,27.473684310913086,300.0,-0.8660254037844386,0.5000000000000001,-1.0,-1.8369701987210297e-16,6.921258449554443,13.244305610656738,219.15707397460938,2.220554233645089e-05,29.234460830688477,9.570199966430664,12.257284164428711,240.9907989501953,0.00016978489293251187,34.1326904296875,0.4927939474582672,0.6460055112838745,269.8353271484375,0.004686672706156969,77.19690704345703,-2.6049163341522217,-0.8241576552391052,284.0795593261719,0.008971159346401691,76.7867202758789,-4.39601993560791,-0.5219682455062866,291.13983154296875,0.013480091467499733,88.5006332397461,5.8066238125320524e-05,2.5474984795437194e-05,17.82108497619629,1.9966633319854736,4.960293769836426,5.8066238125320524e-05,4.3485637434059754e-05,67.68476867675781,0.6166709661483765,0.9452410877726535,2.8484998784350064,16,27,45,ML_CTL_47_0016
CTL,47.0,1032.0,9.0,0.0,27.473684310913086,300.0,-0.8660254037844386,0.5000000000000001,-1.0,-1.8369701987210297e-16,7.051723957061768,11.745756149291992,219.048828125,2.1482172087416984e-05,29.141571044921875,10.154749870300293,12.04211139678955,240.7410125732422,0.00023849305580370128,47.04393005371094,1.0764795541763306,-0.27339985966682434,269.50177001953125,0.0043327659368515015,67.81580352783203,-0.9069313406944275,-0.2290208637714386,284.75152587890625,0.008510861545801163,69.62757110595703,-3.1108129024505615,1.1390039920806885,291.1611328125,0.013502784073352814,88.51266479492188,5.730101838707924e-05,2.0967521777492948e-05,14.68946361541748,2.853041887283325,4.884890556335449,5.730101838707924e-05,4.370275200926699e-05,67.5329818725586,1.7305452823638916,0.9532933387000336,3.016035867094274,16,28,45,ML_CTL_47_0016
CTL,47.0,1033.0,9.0,6.0,27.473684310913086,300.0,-0.8660254037844386,0.5000000000000001,-1.0,-1.8369701987210297e-16,8.070804595947266,8.937792778015137,219.57766723632812,5.073116335552186e-05,63.11271667480469,11.116786003112793,10.711307525634766,240.38414001464844,0.0002790264261420816,50.16427230834961,1.0586278438568115,-0.12313924729824066,269.4355773925781,0.0035953845363110304,54.88507080078125,0.4166519045829773,1.1523945331573486,284.63623046875,0.008590545505285263,70.83899688720703,-0.6644645929336548,3.6107118129730225,290.8963317871094,0.013640027493238449,90.89891052246094,5.385326949181035e-05,1.6156494893948548e-05,10.231457710266113,3.9996814727783203,4.857813835144043,5.385326949181035e-05,4.058091144543141e-05,66.5855941772461,1.7849383354187012,0.9541225676998961,3.0348188157336153,16,29,45,ML_CTL_47_0016
CTL,47.0,1034.0,9.0,12.0,29.36842155456543,300.0,-0.8660254037844386,0.5000000000000001,-1.0,-1.8369701987210297e-16,10.00967025756836,7.901150226593018,220.07699584960938,7.39496827009134e-05,89.50133514404297,13.207547187805176,9.126825332641602,240.51007080078125,0.00018293088942300528,31.979888916015625,-0.6503291726112366,-0.6741769313812256,268.77178955078125,0.004275479819625616,66.60995483398438,-2.8274331092834473,0.09665777534246445,284.269287109375,0.009384781122207642,79.33087158203125,-4.396993160247803,2.1849911212921143,290.7763366699219,0.013464829884469509,90.43456268310547,5.37463347427547e-05,1.3830940588377416e-05,15.499239921569824,3.0684921741485596,3.7270896434783936,5.37463347427547e-05,3.486344576231204e-05,65.32071685791016,1.363532543182373,0.8934822879096731,2.1268152291059046,16,30,45,ML_CTL_47_0016
CTL,47.0,1035.0,9.0,18.0,29.36842155456543,300.0,-0.8660254037844386,0.5000000000000001,-1.0,-1.8369701987210297e-16,8.772950172424316,7.257513999938965,221.16036987304688,9.432311344426125e-05,99.14625549316406,12.759653091430664,7.996205806732178,240.66766357421875,0.00020366671378724277,34.640289306640625,1.8864350318908691,-0.3544033169746399,269.1039733886719,0.0034710438922047615,52.29584884643555,-0.8447363376617432,0.03328023478388786,284.55645751953125,0.009433893486857414,78.21508026123047,-2.586984634399414,3.031031608581543,290.9612731933594,0.013503468595445156,89.63729095458984,5.480739855556749e-05,1.1286967492196709e-05,12.120696067810059,3.9974637031555176,3.5927252769470215,5.480739855556749e-05,3.681400994537398e-05,65.35554504394531,2.2680373191833496,0.8926206887489375,2.1177941991536198,16,31,45,ML_CTL_47_0016
CTL,47.0,1036.0,9.0,0.0,29.36842155456543,300.0,-0.8660254037844386,0.5000000000000001,-1.0,-1.8369701987210297e-16,8.562949180603027,6.753598690032959,221.6022491455078,0.00010054754966404289,100.80911254882812,12.358407020568848,6.955192565917969,240.6056671142578,0.00019625683489721268,31.90520668029785,2.828561305999756,-0.7551432847976685,269.0267639160156,0.002197081921622157,34.01908493041992,-0.3338288962841034,0.7968342304229736,284.1168212890625,0.009528580121695995,81.3766860961914,-1.117926001548767,4.49170446395874,290.4599914550781,0.013769041746854782,94.35340118408203,5.333123408490792e-05,1.209875972563168e-05,9.941604614257812,4.459632873535156,3.6484375,5.333123408490792e-05,3.728374940692447e-05,65.51850128173828,1.2303062677383423,0.9035080439139425,2.2368253648023826,16,32,45,ML_CTL_47_0016
CTL,47.0,1037.0,9.0,6.0,29.36842155456543,300.0,-0.8660254037844386,0.5000000000000001,-1.0,-1.8369701987210297e-16,9.244826316833496,4.965612888336182,221.33050537109375,9.633150330046192e-05,100.14203643798828,12.632308006286621,5.222500801086426,240.45169067382812,0.00018396017549093813,29.80516815185547,4.3963117599487305,-0.2864423394203186,268.86199951171875,0.0012177181197330356,20.01372718811035,1.6282140016555786,2.0959041118621826,283.6613464355469,0.00942822266370058,82.98390197753906,1.1188315153121948,5.397562503814697,290.2375183105469,0.014086195267736912,97.93586730957031,4.9949478125199676e-05,1.3121626579959411e-05,8.137467384338379,5.804098129272461,3.479027509689331,4.9949478125199676e-05,3.562724668881856e-05,66.2265853881836,2.116703748703003,0.9023842119706593,2.224001142058261,16,33,45,ML_CTL_47_0016
CTL,47.0,1038.0,9.0,12.0,31.263158798217773,300.0,-0.8660254037844386,0.5000000000000001,-1.0,-1.8369701987210297e-16,5.88486909866333,5.6345391273498535,220.21141052246094,9.996302833314985e-05,115.18147277832031,7.680023193359375,5.8361592292785645,240.349609375,0.00022670133330393583,38.91321563720703,2.7028427124023438,0.46320030093193054,268.2627868652344,0.002318434650078416,39.23982238769531,-0.4717915654182434,0.988261342048645,282.73199462890625,0.009284675121307373,87.01177215576172,-2.084859609603882,4.69248628616333,290.14080810546875,0.013885753229260445,97.14205932617188,5.0668444600887597e-05,3.528696470311843e-05,8.025212287902832,2.7422165870666504,3.5229294300079346,5.0668444600887597e-05,3.936273787985556e-05,68.59159851074219,3.5230250358581543,0.866584315610645,1.8710897096741568,16,34,45,ML_CTL_47_0016
CTL,47.0,1039.0,9.0,18.0,31.263158798217773,300.0,-0.8660254037844386,0.5000000000000001,-1.0,-1.8369701987210297e-16,3.2639949321746826,6.226325988769531,220.33059692382812,9.966648212866858e-05,113.25000762939453,7.857367992401123,4.382660865783691,240.3816375732422,0.0001963397953659296,32.911556243896484,6.139078140258789,-1.951452374458313,268.1121520996094,0.0014932178892195225,26.329191207885742,1.4324796199798584,-0.45986461639404297,282.9201354980469,0.008995166048407555,83.21951293945312,-0.3206615149974823,3.49296498298645,290.33367919921875,0.013911576941609383,96.11780548095703,5.3611591283697635e-05,3.533243216224946e-05,4.507884502410889,3.6744518280029297,2.3381268978118896,5.3611591283697635e-05,5.173980025574565e-05,70.54423522949219,0.7685818672180176,0.8764501911647237,1.9592354906137128,16,35,45,ML_CTL_47_0016
CTL,47.0,1040.0,9.0,0.0,31.263158798217773,300.0,-0.8660254037844386,0.5000000000000001,-1.0,-1.8369701987210297e-16,3.4746506214141846,5.77499532699585,219.9203643798828,9.032103844219819e-05,108.42214965820312,7.219539165496826,2.3552889823913574,241.011474609375,0.0002174226101487875,36.42518997192383,6.465757369995117,-3.6323180198669434,268.1247253417969,0.0011763233924284577,21.930110931396484,1.37012779712677,-0.9768356680870056,282.7425537109375,0.008407870307564735,78.69853210449219,-0.3968324661254883,3.4455811977386475,290.3701171875,0.01375342346727848,94.80323028564453,5.502006024471484e-05,2.9055292543489486e-05,4.518246650695801,3.6266486644744873,1.39334237575531,5.502006024471484e-05,5.7571178331272677e-05,70.5036392211914,2.263274908065796,0.9024988634727273,2.225303396270406,16,36,45,ML_CTL_47_0016
CTL,47.0,1041.0,9.0,6.0,33.157894134521484,300.0,-0.8660254037844386,0.5000000000000001,-1.0,-1.8369701987210297e-16,2.131420135498047,6.863577365875244,220.54629516601562,9.885121107799932e-05,107.98396301269531,-1.1189569234848022,1.8105285167694092,241.18019104003906,0.0005819465732201934,88.31671905517578,2.345423460006714,-3.2011449337005615,267.7795715332031,0.003399201203137636,65.42530059814453,-2.0545153617858887,0.5228853821754456,280.53680419921875,0.0085719870403409,93.29316711425781,-3.90460205078125,3.0165650844573975,289.51275634765625,0.013280403800308704,96.7257080078125,5.6164404668379575e-05,4.526088014245033e-05,7.1577277183532715,-0.520246148109436,1.8024822473526,5.6164404668379575e-05,5.697637243429199e-05,69.27047729492188,2.9613969326019287,0.832180014767849,1.6011568928778068,16,37,45,ML_CTL_47_0016
CTL,47.0,1042.0,9.0,12.0,33.157894134521484,300.0,-0.8660254037844386,0.5000000000000001,-1.0,-1.8369701987210297e-16,-0.2642582356929779,6.141378879547119,220.7877960205078,9.49456007219851e-05,100.10772705078125,-2.4139938354492188,3.0238213539123535,241.94769287109375,0.0006880640285089612,93.77717590332031,2.513716459274292,-2.6018013954162598,267.8441162109375,0.004145958460867405,80.10689544677734,-0.4487006962299347,1.2661924362182617,280.4416809082031,0.008534986525774002,93.50237274169922,-2.997694492340088,3.1213035583496094,289.7264099121094,0.013317815028131008,95.67411804199219,6.469945947173983e-05,5.398053690441884e-05,4.073392868041992,-0.7221861481666565,2.1901791095733643,6.469945947173983e-05,5.670353493769653e-05,69.40960693359375,1.6342122554779053,0.8854950258709008,2.0455285756696258,16,38,45,ML_CTL_47_0016
CTL,47.0,1043.0,9.0,18.0,33.157894134521484,300.0,-0.8660254037844386,0.5000000000000001,-1.0,-1.8369701987210297e-16,-5.003823757171631,6.599719047546387,220.5486297607422,9.238517668563873e-05,100.2631607055664,-1.093084692955017,4.253917217254639,242.8719024658203,0.0007700042333453894,95.13268280029297,5.971800804138184,-3.41825795173645,268.1189270019531,0.004706870298832655,89.49616241455078,1.3374038934707642,0.12478430569171906,280.423095703125,0.008535552769899368,93.60856628417969,-1.6793677806854248,2.7126476764678955,290.0325622558594,0.013206539675593376,93.05048370361328,7.143641414586455e-05,6.191481224959716e-05,5.114814758300781,-0.09341432899236679,2.0545620918273926,7.143641414586455e-05,6.284107803367078e-05,68.32032775878906,5.095062255859375,0.8801152662315324,1.9935221540215942,16,39,45,ML_CTL_47_0016
CTL,47.0,1044.0,9.0,0.0,33.157894134521484,300.0,-0.8660254037844386,0.5000000000000001,-1.0,-1.8369701987210297e-16,-4.435264587402344,9.660316467285156,219.29705810546875,7.85234005888924e-05,99.80962371826172,0.7331517338752747,5.586623191833496,242.4699249267578,0.0007714505773037672,99.18863677978516,6.176697254180908,-4.548470497131348,268.652587890625,0.00500947330147028,91.42852020263672,1.8485136032104492,0.5552608370780945,280.77264404296875,0.00820267852395773,87.89883422851562,-0.48725250363349915,2.7258787155151367,290.2749938964844,0.012800214812159538,88.80663299560547,7.514424214605242e-05,6.266099080676213e-05,7.979550361633301,0.7671691179275513,2.795921802520752,7.514424214605242e-05,7.349941006395966e-05,67.64907836914062,5.9523749351501465,0.8554828649172143,1.7782679814022129,16,40,45,ML_CTL_47_0016
CTL,47.0,1045.0,9.0,6.0,33.157894134521484,300.0,-0.8660254037844386,0.5000000000000001,-1.0,-1.8369701987210297e-16,-2.600999355316162,11.945913314819336,218.3541717529297,5.197964492253959e-05,74.72071838378906,-0.09609846770763397,8.40347671508789,241.37327575683594,0.0006329689058475196,88.37391662597656,7.036750793457031,-1.70046067237854,268.13177490234375,0.004652133211493492,87.54053497314453,4.706454277038574,0.8718857169151306,282.09332275390625,0.00773435877636075,75.6878662109375,2.1332080364227295,1.8933815956115723,290.3305969238281,0.01237331610172987,85.51136779785156,8.151560177793726e-05,4.1506824345560744e-05,11.111531257629395,2.235863208770752,4.282839298248291,8.151560177793726e-05,6.190579733811319e-05,67.22806549072266,5.926697254180908,0.9364551743786602,2.6903560835320954,16,41,45,ML_CTL_47_0016
CTL,47.0,1046.0,9.0,12.0,35.05263137817383,300.0,-0.8660254037844386,0.5000000000000001,-1.0,-1.8369701987210297e-16,-3.0696206092834473,16.881671905517578,218.5286102294922,4.566384814097546e-05,63.4498176574707,-1.7624449729919434,13.738449096679688,240.67300415039062,0.0006193919689394534,91.51109313964844,5.91616678237915,0.6714357137680054,268.2978515625,0.005036949645727873,92.93241119384766,-1.1087929010391235,-0.43601587414741516,280.2979736328125,0.007898860611021519,87.4756088256836,-4.19688606262207,-0.4828138053417206,289.46307373046875,0.012436031363904476,90.92680358886719,8.257446461357176e-05,4.578365769702941e-05,17.40103530883789,-0.8443155288696289,6.074545860290527,8.257446461357176e-05,5.4764732340117916e-05,66.13752746582031,2.9671130180358887,0.9303829177065032,2.5925862683977643,16,42,45,ML_CTL_47_0016
CTL,47.0,1047.0,9.0,18.0,35.05263137817383,300.0,-0.8660254037844386,0.5000000000000001,-1.0,-1.8369701987210297e-16,-3.5776240825653076,20.18083953857422,218.8413848876953,4.022830034955405e-05,53.12922286987305,-0.2468850463628769,18.404415130615234,240.78759765625,0.00027571848477236927,43.814697265625,8.345979690551758,1.2437711954116821,267.3875427246094,0.0023428318090736866,42.93490219116211,1.0735204219818115,-2.0036253929138184,282.3600158691406,0.007226644083857536,69.4188232421875,-1.688409686088562,-3.329050064086914,289.9725646972656,0.012144296430051327,85.91436004638672,8.132800576277077e-05,2.7574767955229618e-05,23.585674285888672,0.7813161611557007,6.899270534515381,8.132800576277077e-05,6.262944225454703e-05,62.38174819946289,8.645426750183105,0.9694841747918563,3.4585187431521343,16,43,45,ML_CTL_47_0016
CTL,47.0,1048.0,9.0,0.0,36.94736862182617,302.5,-0.8433914458128857,0.5372996083468239,-1.0,-1.8369701987210297e-16,-4.7541704177856445,18.65946388244629,218.82586669921875,6.820340786362067e-05,93.66272735595703,2.4272055625915527,18.945255279541016,240.73468017578125,0.0005082169082015753,77.89521789550781,7.198476791381836,5.711803913116455,268.7896728515625,0.004482387099415064,79.18448638916016,2.1277294158935547,6.403550148010254,281.2627258300781,0.008538339287042618,88.5656509399414,-0.6238369941711426,5.731417655944824,289.6872863769531,0.01342765986919403,96.6900405883789,8.171825902536511e-05,3.89560591429472e-05,13.571810722351074,1.275080919265747,11.090298652648926,8.171825902536511e-05,5.6795499403961e-05,72.35953521728516,5.827216625213623,0.8818782473934099,2.010338110699239,16,44,45,ML_CTL_47_0016
CTL,47.0,1049.0,9.0,6.0,36.94736862182617,302.5,-0.8433914458128857,0.5372996083468239,-1.0,-1.8369701987210297e-16,-3.5548059940338135,21.8699951171875,218.09725952148438,3.3085470931837335e-05,48.17448425292969,1.5342832803726196,22.737077713012695,240.70660400390625,0.0002864347770810127,42.73486328125,6.589540958404541,7.6779937744140625,267.8359069824219,0.0025453928392380476,43.47313690185547,4.239677906036377,4.698899269104004,283.3049621582031,0.007895206101238728,71.22083282470703,1.6777971982955933,3.611879348754883,289.9922180175781,0.012999743223190308,91.80239868164062,8.450399764114991e-05,1.1681038813549094e-05,18.993127822875977,2.0972988605499268,12.119168281555176,8.450399764114991e-05,4.182070915703662e-05,69.2421646118164,1.614164113998413,0.9682054337007492,3.4161488855642643,16,45,45,ML_CTL_47_0016
CTL,47.0,1065.0,9.0,6.0,14.210526466369629,312.5,-0.7372773368101242,0.6755902076156601,-1.0,-1.8369701987210297e-16,-10.644852638244629,3.6015877723693848,217.63966369628906,6.479366857092828e-05,101.80119323730469,-12.794772148132324,2.5037593841552734,242.37416076660156,0.0008936623926274478,111.6014175415039,-11.542975425720215,0.9682185649871826,269.759033203125,0.005969442427158356,100.29589080810547,-8.782527923583984,1.2096407413482666,280.5381164550781,0.008716319687664509,94.90958404541016,-8.705253601074219,1.2372206449508667,289.2245788574219,0.011738586239516735,87.17185974121094,4.138483200222254e-05,6.656310142716393e-05,3.0581490993499756,-10.4940767288208,1.904085397720337,4.138483200222254e-05,6.656310142716393e-05,81.70635986328125,3.0581490993499756,0.6993691952622345,0.8442958295659813,17,1,10,ML_CTL_47_0017
CTL,47.0,1066.0,9.0,12.0,14.210526466369629,310.0,-0.7660444431189781,0.6427876096865393,-1.0,-1.8369701987210297e-16,-10.673773765563965,2.480100631713867,217.7528076171875,6.707564898533747e-05,104.4791259765625,-11.723196029663086,1.5384933948516846,243.08946228027344,0.0008931050542742014,102.95419311523438,-10.531604766845703,0.07921981066465378,269.95904541015625,0.00607361039146781,100.52017211914062,-7.975760459899902,0.7675458788871765,280.9119873046875,0.008738555014133453,92.72438049316406,-8.136273384094238,0.9282975196838379,289.5644226074219,0.01197322178632021,86.98609924316406,4.5172211684985086e-05,5.599601718131453e-05,2.974390983581543,-9.808121681213379,1.1587313413619995,4.5172211684985086e-05,5.599601718131453e-05,82.09487915039062,2.974390983581543,0.6941469514951769,0.819578930803234,17,2,10,ML_CTL_47_0017
CTL,47.0,1067.0,9.0,18.0,14.210526466369629,307.5,-0.7933533402912352,0.6087614290087205,-1.0,-1.8369701987210297e-16,-10.788339614868164,1.8999875783920288,218.57656860351562,7.256747630890459e-05,101.32520294189453,-10.618487358093262,0.4459288716316223,244.1188507080078,0.001020966679789126,105.66163635253906,-8.994161605834961,-1.4856913089752197,270.1037292480469,0.006147097330540419,100.83814239501953,-6.942262172698975,-0.5917413830757141,280.9346618652344,0.00877324678003788,93.02119445800781,-6.983373641967773,0.2998213768005371,289.8187561035156,0.012145509012043476,86.79166412353516,4.313766476116143e-05,5.2964074711780995e-05,4.127747535705566,-8.865324020385742,0.1136610358953476,4.313766476116143e-05,5.2964074711780995e-05,80.86511993408203,4.127747535705566,0.6871552017076711,0.7868529634826018,17,3,10,ML_CTL_47_0017
CTL,47.0,1068.0,9.0,0.0,14.210526466369629,307.5,-0.7933533402912352,0.6087614290087205,-1.0,-1.8369701987210297e-16,-6.2453389167785645,-0.17092594504356384,219.04920959472656,7.61212722864002e-05,99.8208999633789,-6.902834415435791,2.9552953243255615,244.30006408691406,0.0010823450284078717,111.0330581665039,-8.24969482421875,7.246520519256592,268.8095397949219,0.005568619351834059,100.98033905029297,-6.201974391937256,6.487659454345703,281.2190246582031,0.008953736163675785,93.06500244140625,-5.699878215789795,4.453178405761719,289.93841552734375,0.011599321849644184,82.252197265625,3.9710463170195e-05,5.198376675252803e-05,4.656164646148682,-6.6599440574646,4.194345474243164,3.9710463170195e-05,5.5492157116532326e-05,86.04074096679688,4.656164646148682,0.590373509294852,0.3655096569919769,17,4,10,ML_CTL_47_0017
CTL,47.0,1069.0,9.0,6.0,16.105262756347656,305.0,-0.8191520442889918,0.573576436351046,-1.0,-1.8369701987210297e-16,-5.424922943115234,4.639688491821289,218.21148681640625,6.837665569037199e-05,99.83548736572266,-11.408809661865234,1.5798158645629883,243.39337158203125,0.0009840509155765176,110.80776977539062,-15.57651424407959,2.1871843338012695,269.3515319824219,0.00582006573677063,100.9391098022461,-12.8746337890625,3.955207347869873,282.20062255859375,0.009059226140379906,88.05921936035156,-11.492076873779297,3.4171252250671387,289.980224609375,0.011554568074643612,81.67465209960938,4.013112265965901e-05,5.3028132242616266e-05,6.1891045570373535,-11.355391502380371,3.155804395675659,4.013112265965901e-05,5.97832549829036e-05,79.50363159179688,6.1891045570373535,0.6465741205020445,0.6040140532724152,17,5,10,ML_CTL_47_0017
CTL,47.0,1070.0,9.0,12.0,16.105262756347656,302.5,-0.8433914458128857,0.5372996083468239,-1.0,-1.8369701987210297e-16,-7.812800884246826,5.116280555725098,218.71157836914062,7.281306898221374e-05,99.92664337158203,-13.279603958129883,-0.4561974108219147,243.00827026367188,0.000979963457211852,116.59552764892578,-15.284541130065918,1.6849403381347656,269.43096923828125,0.0057970210909843445,99.91789245605469,-11.639981269836426,4.367203235626221,282.341552734375,0.008898085914552212,85.63960266113281,-10.300806045532227,3.860231399536133,290.251953125,0.011590199545025826,80.54908752441406,4.111680755158886e-05,5.707255331799388e-05,2.7870826721191406,-11.663546562194824,2.914491653442383,4.111680755158886e-05,6.264063995331526e-05,79.8481216430664,2.7870826721191406,0.6561683683117464,0.6462653202341226,17,6,10,ML_CTL_47_0017
CTL,47.0,1071.0,9.0,18.0,16.105262756347656,300.0,-0.8660254037844386,0.5000000000000001,-1.0,-1.8369701987210297e-16,-9.595189094543457,5.264132022857666,218.82302856445312,7.352846296271309e-05,99.9043960571289,-13.703207969665527,-2.265260696411133,242.40097045898438,0.000915756041649729,116.05841064453125,-13.721892356872559,0.6997008323669434,269.5982666015625,0.005795363336801529,98.50825500488281,-9.69631290435791,2.749005079269409,282.64959716796875,0.008960788138210773,84.45845794677734,-8.194561958312988,2.4718551635742188,290.43829345703125,0.011653994210064411,80.05534362792969,4.095571057405323e-05,5.7146935432683676e-05,3.123870372772217,-10.982233047485352,1.7838865518569946,4.095571057405323e-05,5.83746877964586e-05,77.29801177978516,3.123870372772217,0.6620348954084828,0.6723756173453648,17,7,10,ML_CTL_47_0017
CTL,47.0,1072.0,9.0,0.0,16.105262756347656,297.5,-0.8870108331782216,0.4617486132350341,-1.0,-1.8369701987210297e-16,-9.203800201416016,4.12510871887207,217.4711151123047,6.121518526924774e-05,99.12065887451172,-13.50406265258789,-2.7777488231658936,241.20643615722656,0.0007193989586085081,102.50517272949219,-12.679946899414062,-0.25514623522758484,269.70086669921875,0.005668893456459045,95.1856460571289,-9.407551765441895,1.4758920669555664,282.8940734863281,0.009131306782364845,84.66194152832031,-8.301678657531738,0.9049993753433228,290.64306640625,0.01182327326387167,80.1639633178711,3.865243706968613e-05,5.043681449024007e-05,3.344088554382324,-10.619407653808594,0.6946209669113159,3.865243706968613e-05,5.043681449024007e-05,73.65016174316406,3.344088554382324,0.6820533482090114,0.7632242709215005,17,8,10,ML_CTL_47_0017
CTL,47.0,1073.0,9.0,6.0,16.105262756347656,295.0,-0.9063077870366498,0.4226182617406996,-1.0,-1.8369701987210297e-16,-5.90906286239624,2.1310174465179443,217.4185028076172,4.564096889225766e-05,72.59756469726562,-12.165696144104004,-2.4621987342834473,240.4921875,0.000494465057272464,77.66680908203125,-11.452425956726074,-1.310010313987732,269.39227294921875,0.005708725657314062,97.55833435058594,-8.242598533630371,0.649456799030304,282.9454650878906,0.009199884720146656,85.03777313232422,-7.675232410430908,0.7617228031158447,290.7022399902344,0.011924889869987965,80.52009582519531,3.590430787880905e-05,3.784026557696052e-05,2.2347981929779053,-9.08900260925293,-0.04600239917635918,3.590430787880905e-05,3.858310083160177e-05,72.2728271484375,2.2347981929779053,0.8164531943564173,1.4924998794389697,17,9,10,ML_CTL_47_0017
CTL,47.0,1074.0,9.0,12.0,16.105262756347656,292.5,-0.9238795325112866,0.38268343236509,-1.0,-1.8369701987210297e-16,-6.263495445251465,-0.09512902796268463,219.01942443847656,7.51270999899134e-05,101.45160675048828,-11.479240417480469,-0.8651660084724426,240.6400146484375,0.0005420654197223485,84.5065689086914,-10.737452507019043,-2.1679630279541016,269.6376037597656,0.005697809625416994,95.95278930664062,-7.058620929718018,0.0014129966730251908,282.84759521484375,0.009105945937335491,84.70260620117188,-6.467198848724365,0.9445643424987793,290.690673828125,0.011980351991951466,80.93730163574219,3.271250534453429e-05,3.0554921977454796e-05,1.0594608783721924,-8.401201248168945,-0.4364561140537262,3.271250534453429e-05,3.231584923923947e-05,69.08802795410156,1.0594608783721924,0.5600270222790447,0.24127172587891033,17,10,10,ML_CTL_47_0017
CTL,47.0,1077.0,9.0,6.0,12.315789222717285,330.0,-0.5000000000000004,0.8660254037844384,-1.0,-1.8369701987210297e-16,-6.70758581161499,0.5538235306739807,217.6521759033203,6.366239540511742e-05,100.28856658935547,-1.6417968273162842,-0.5378034710884094,242.46578979492188,0.000926744716707617,115.0547866821289,6.232455730438232,-1.047173261642456,268.8389587402344,0.005610208958387375,101.5582275390625,3.6212048530578613,2.9235458374023438,280.4732666015625,0.00871924590319395,95.35002899169922,0.4376191198825836,-0.046683281660079956,288.91436767578125,0.01147577352821827,86.95587921142578,5.965919990558177e-05,6.256646156543866e-05,7.1703948974609375,0.38837945461273193,0.3691418766975403,5.965919990558177e-05,7.503982487833127e-05,84.21490478515625,4.963970184326172,0.5603438381225028,0.24255762081524046,18,1,14,ML_CTL_47_0018
CTL,47.0,1079.0,9.0,18.0,14.210526466369629,330.0,-0.5000000000000004,0.8660254037844384,-1.0,-1.8369701987210297e-16,-6.410406589508057,2.1966280937194824,219.3150177001953,7.92684659245424e-05,100.33393096923828,-4.492678165435791,1.347265362739563,244.36563110351562,0.001148628885857761,119.37699127197266,0.520184338092804,4.272304058074951,268.28179931640625,0.0053716981783509254,101.7813491821289,-5.750366687774658,8.358782768249512,279.3368835449219,0.008482915349304676,100.35771179199219,-6.900425434112549,3.527967691421509,289.4820251464844,0.011970942839980125,87.44385528564453,5.716080704587512e-05,8.878608787199482e-05,1.418655514717102,-4.606738090515137,3.940589427947998,5.716080704587512e-05,8.878608787199482e-05,78.13658905029297,1.418655514717102,0.6407180342040266,0.5784819756542705,18,2,14,ML_CTL_47_0018
CTL,47.0,1080.0,9.0,0.0,14.210526466369629,327.5,-0.5372996083468242,0.8433914458128855,-1.0,-1.8369701987210297e-16,-9.722641944885254,1.0761635303497314,218.95285034179688,7.592903421027586e-05,100.43879699707031,-6.017602443695068,-3.4807722568511963,243.52511596679688,0.0010718757985159755,121.91127014160156,0.5239001512527466,-3.5363454818725586,269.0665588378906,0.005709323566406965,101.65580749511719,-4.9844560623168945,1.7408671379089355,278.9481201171875,0.008300207555294037,100.82240295410156,-7.150846004486084,-1.192868709564209,289.2602233886719,0.01211615465581417,89.78974914550781,5.5783853895263746e-05,8.332679135492072e-05,3.429670810699463,-5.470329284667969,-1.0785911083221436,5.5783853895263746e-05,8.332679135492072e-05,80.10460662841797,3.429670810699463,0.6901321693522477,0.8007372752180233,18,3,14,ML_CTL_47_0018
CTL,47.0,1081.0,9.0,6.0,14.210526466369629,327.5,-0.5372996083468242,0.8433914458128855,-1.0,-1.8369701987210297e-16,-7.429305553436279,0.30641621351242065,218.50228881835938,6.980736361583695e-05,98.40097045898438,-4.773629188537598,0.1106952503323555,242.9093780517578,0.0009545235079713166,113.31909942626953,-1.4998751878738403,0.5567201972007751,269.0178527832031,0.005689478944987059,101.6156997680664,-6.664938926696777,5.7473273277282715,279.6488342285156,0.008611232042312622,99.66500854492188,-7.604746341705322,1.3437097072601318,289.07861328125,0.012083892710506916,90.58724975585938,5.5219010391738266e-05,8.078901009866968e-05,1.0520251989364624,-5.594498634338379,1.6129738092422485,5.5219010391738266e-05,8.078901009866968e-05,75.2472152709961,1.0520251989364624,0.7314050902503924,1.0017631324239695,18,4,14,ML_CTL_47_0018
CTL,47.0,1082.0,9.0,12.0,14.210526466369629,325.0,-0.5735764363510465,0.8191520442889916,-1.0,-1.8369701987210297e-16,-9.369230270385742,1.3464945554733276,218.30674743652344,6.82351746945642e-05,98.79931640625,-7.1195783615112305,-1.8345599174499512,242.8998260498047,0.0008809458231553435,104.32970428466797,-3.4749200344085693,-3.6810193061828613,269.708251953125,0.005962372291833162,100.75448608398438,-6.916717529296875,0.5079482197761536,280.1494140625,0.008812321349978447,98.52825164794922,-7.531132221221924,-1.6076513528823853,289.4064025878906,0.011878746561706066,87.20116424560547,5.729327313019894e-05,6.219468923518434e-05,3.4793076515197754,-6.882315635681152,-1.0537575483322144,5.729327313019894e-05,6.219468923518434e-05,75.47857666015625,3.4793076515197754,0.7679431865844207,1.1967335275110407,18,5,14,ML_CTL_47_0018
CTL,47.0,1083.0,9.0,18.0,14.210526466369629,325.0,-0.5735764363510465,0.8191520442889916,-1.0,-1.8369701987210297e-16,-8.361651420593262,0.6209239363670349,218.3683624267578,6.974712596274912e-05,100.15699005126953,-6.762828350067139,-0.24530859291553497,243.35789489746094,0.0009470981894992292,106.33370208740234,-4.442637920379639,0.5862133502960205,269.5235595703125,0.005856730043888092,100.63655853271484,-6.285294532775879,4.928049564361572,280.50830078125,0.009076274000108242,99.01063537597656,-7.350998401641846,0.6131943464279175,289.3245849609375,0.011923200450837612,88.0092544555664,5.829140718560666e-05,6.434875831473619e-05,1.0106825828552246,-6.640682220458984,1.300614595413208,5.829140718560666e-05,6.434875831473619e-05,74.16968536376953,1.0106825828552246,0.7456257542205205,1.07541721318182,18,6,14,ML_CTL_47_0018
CTL,47.0,1084.0,9.0,0.0,12.315789222717285,322.5,-0.608761429008721,0.7933533402912349,-1.0,-1.8369701987210297e-16,-11.644205093383789,0.304505854845047,217.54881286621094,5.7370860304217786e-05,91.3768081665039,-9.355748176574707,-3.0416295528411865,242.2689666748047,0.0008618707652203739,107.9054183959961,3.6484603881835938,-2.786886215209961,268.4471130371094,0.005450387019664049,101.62832641601562,4.3826003074646,0.04388391226530075,281.538818359375,0.008212696760892868,83.64677429199219,0.5001170635223389,-1.5632530450820923,289.1533203125,0.011711335740983486,87.34928131103516,5.847345892107114e-05,4.900608473690227e-05,12.287110328674316,-2.4937551021575928,-1.4086757898330688,5.847345892107114e-05,6.388423935277387e-05,82.04177856445312,3.3022050857543945,0.633741718407727,0.5483027152871232,18,7,14,ML_CTL_47_0018
CTL,47.0,1085.0,9.0,6.0,12.315789222717285,322.5,-0.608761429008721,0.7933533402912349,-1.0,-1.8369701987210297e-16,-10.12604808807373,-1.4941309690475464,217.29962158203125,6.087297515477985e-05,99.8131103515625,-7.695119380950928,-1.8677250146865845,242.46055603027344,0.0008787285187281668,107.62699127197266,3.6378543376922607,0.2016942799091339,268.8276672363281,0.0056249601766467094,101.80879974365234,3.581801652908325,4.114228248596191,280.66558837890625,0.008952902629971504,96.58059692382812,0.5289973616600037,2.4396722316741943,288.42999267578125,0.012048429809510708,94.1723861694336,6.143447535578161e-05,5.579985008807853e-05,11.358028411865234,-2.014502763748169,0.6787477731704712,6.143447535578161e-05,6.67194981360808e-05,81.01782989501953,3.141267776489258,0.6104310245892061,0.44912436863685645,18,8,14,ML_CTL_47_0018
CTL,47.0,1086.0,9.0,12.0,14.210526466369629,320.0,-0.6427876096865396,0.7660444431189778,-1.0,-1.8369701987210297e-16,-7.524052143096924,1.395151972770691,218.3779754638672,7.248116889968514e-05,104.1890640258789,-8.491259574890137,-1.5654689073562622,243.50572204589844,0.0009726781281642616,107.68094635009766,-7.4340620040893555,-3.927319049835205,270.13702392578125,0.006158371455967426,100.56773376464844,-7.898833274841309,-0.5924314856529236,281.4426574707031,0.009393865242600441,96.11686706542969,-9.406296730041504,-1.4112770557403564,289.259765625,0.012094145640730858,89.60103607177734,6.127126107458025e-05,6.246463453862816e-05,3.3791844844818115,-8.150900840759277,-1.220268964767456,6.127126107458025e-05,6.246463453862816e-05,73.03134155273438,3.3791844844818115,0.7496596262607881,1.0967977850400907,18,9,14,ML_CTL_47_0018
CTL,47.0,1087.0,9.0,18.0,14.210526466369629,320.0,-0.6427876096865396,0.7660444431189778,-1.0,-1.8369701987210297e-16,-4.8626508712768555,3.34161376953125,218.9682159423828,7.629550236742944e-05,101.30447387695312,-8.689413070678711,-1.5711778402328491,243.6547088623047,0.0010243129217997193,113.19198608398438,-7.967082977294922,-0.10930367559194565,269.85894775390625,0.005988793913275003,100.1352767944336,-7.0671067237854,4.146382808685303,281.651123046875,0.009435273706912994,95.16572570800781,-8.090531349182129,2.5540874004364014,289.4837951660156,0.012024454772472382,87.81938171386719,6.570893310708925e-05,7.319668657146394e-05,3.3225607872009277,-7.335356712341309,1.6723206043243408,6.570893310708925e-05,7.319668657146394e-05,71.43695068359375,3.3225607872009277,0.7625861656460882,1.1669107512976034,18,10,14,ML_CTL_47_0018
CTL,47.0,1088.0,9.0,0.0,14.210526466369629,317.5,-0.6755902076156605,0.7372773368101239,-1.0,-1.8369701987210297e-16,-6.550567150115967,6.826693058013916,218.0471954345703,6.580769695574418e-05,98.16048431396484,-9.445021629333496,-2.7917633056640625,242.41537475585938,0.0008696208242326975,109.19646453857422,-9.060124397277832,-5.443753719329834,269.9473571777344,0.00605297926813364,100.01122283935547,-7.704420566558838,-1.3921589851379395,281.8477783203125,0.00938086025416851,93.3448257446289,-8.941418647766113,-1.2755694389343262,289.4450988769531,0.012192857451736927,89.26712036132812,6.687187851639464e-05,6.809188926126808e-05,8.447651863098145,-8.340311050415039,-0.8153104782104492,6.687187851639464e-05,7.319210271816701e-05,73.03361511230469,4.253181457519531,0.8034898172157277,1.4082502613096883,18,11,14,ML_CTL_47_0018
CTL,47.0,1089.0,9.0,6.0,14.210526466369629,317.5,-0.6755902076156605,0.7372773368101239,-1.0,-1.8369701987210297e-16,-4.738565921783447,6.384617805480957,217.44886779785156,5.6723896705079824e-05,90.83966064453125,-10.143341064453125,-2.8665215969085693,241.61309814453125,0.0007886217208579183,107.44647979736328,-8.310281753540039,-0.83817458152771,269.64178466796875,0.005836431868374348,98.79834747314453,-7.457283973693848,4.603291034698486,281.4827575683594,0.009140660986304283,93.26758575439453,-7.4417266845703125,3.99839448928833,289.6671142578125,0.011920766904950142,86.05145263671875,6.864436727482826e-05,7.463315705535933e-05,3.6057093143463135,-7.618239402770996,2.256321430206299,6.864436727482826e-05,7.509091665269807e-05,72.04991149902344,0.7495429515838623,0.8563642968825405,1.78541561141558,18,12,14,ML_CTL_47_0018
CTL,47.0,1090.0,9.0,12.0,14.210526466369629,315.0,-0.7071067811865477,0.7071067811865474,-1.0,-1.8369701987210297e-16,-3.705566644668579,8.203752517700195,218.19082641601562,5.499109101947397e-05,79.2769775390625,-8.227838516235352,-4.375840187072754,240.77337646484375,0.0004539290675893426,73.61896514892578,-7.615232467651367,-5.931333065032959,269.6336669921875,0.005604304373264313,91.95976257324219,-5.888790607452393,0.6559785604476929,282.3203125,0.008977308869361877,86.51496887207031,-6.522680282592773,1.2711765766143799,289.7010498046875,0.012293742969632149,88.50737762451172,6.90402666805312e-05,5.5738135415595025e-05,7.483097076416016,-6.392021656036377,-0.035253118723630905,6.90402666805312e-05,7.293562521226704e-05,71.74718475341797,2.103327989578247,0.9401588389989448,2.754355103413773,18,13,14,ML_CTL_47_0018
CTL,47.0,1091.0,9.0,18.0,14.210526466369629,315.0,-0.7071067811865477,0.7071067811865474,-1.0,-1.8369701987210297e-16,-5.33745002746582,8.869353294372559,218.5076141357422,6.830286292824894e-05,96.28166961669922,-8.059234619140625,-4.838925838470459,240.8885040283203,0.0005066206795163453,81.56915283203125,-4.739654064178467,-3.843663215637207,269.39630126953125,0.005781583022326231,99.06946563720703,-3.435255765914917,4.401937484741211,281.6545104980469,0.00903189368546009,91.09687805175781,-2.8886353969573975,5.009632587432861,289.9254455566406,0.012179583311080933,86.44913482666016,6.787388701923192e-05,6.65267143631354e-05,4.571010589599609,-4.892045974731445,1.9196668863296509,6.787388701923192e-05,6.65267143631354e-05,73.35124969482422,1.8266407251358032,0.8670098113290086,1.8747749370186688,18,14,14,ML_CTL_47_0018
