experiment,year,time_index,month,hour,lat,lon,lon_sin,lon_cos,month_sin,month_cos,u_200,v_200,t_200,q_200,rh_200,u_300,v_300,t_300,q_300,rh_300,u_500,v_500,t_500,q_500,rh_500,u_700,v_700,t_700,q_700,rh_700,u_850,v_850,t_850,q_850,rh_850,zeta_850,zeta_500,wshear_850_200,steer_u_850_200,steer_v_850_200,zeta850_max_r500,zeta500_max_r500,rh700_mean_r500,shear_min_r500,prob_tc,decision_score,track_id,life_step,lifetime_steps,global_track_id
GGW,101.0,727.0,7.0,18.0,44.52631759643555,275.0,-0.9961946980917455,0.08715574274765789,-0.4999999999999997,-0.8660254037844388,8.774209022521973,14.872488975524902,219.03146362304688,2.43309677898651e-05,30.288251876831055,3.6853158473968506,9.117449760437012,237.6008758544922,0.0004227407043799758,94.35904693603516,8.98736572265625,2.8343982696533203,264.43359375,0.003072203602641821,78.86811828613281,5.714559078216553,1.2572633028030396,277.410400390625,0.00687651289626956,92.64543151855469,4.101036071777344,-0.547525942325592,288.7818908691406,0.012497993186116219,95.39091491699219,8.37146071717143e-05,6.555719301104546e-05,16.112585067749023,6.252497673034668,5.506814956665039,8.37146071717143e-05,6.555719301104546e-05,80.50122833251953,13.176529884338379,0.7181512238845087,0.9353094929024501,1,1,8,ML_GGW_101_0001
GGW,101.0,728.0,7.0,0.0,44.52631759643555,277.5,-0.9914448613738105,0.13052619222005127,-0.4999999999999997,-0.8660254037844388,10.191181182861328,14.864773750305176,220.05043029785156,2.0453770048334263e-05,23.333873748779297,5.055704593658447,9.969815254211426,237.91734313964844,0.0004866236704401672,99.88884735107422,9.75025463104248,5.830395698547363,264.32275390625,0.002180595649406314,55.67068099975586,7.911675930023193,3.6714017391204834,277.887451171875,0.006575833074748516,85.64751434326172,7.102565288543701,2.186002731323242,289.1256408691406,0.01231856644153595,91.92230224609375,8.509827603120357e-05,6.608048715861514e-05,13.049551010131836,8.002275466918945,7.304478645324707,8.509827603120357e-05,7.22618424333632e-05,80.67151641845703,10.040237426757812,0.7419738493421402,1.0562530601479914,1,2,8,ML_GGW_101_0001
GGW,101.0,729.0,7.0,6.0,44.52631759643555,277.5,-0.9914448613738105,0.13052619222005127,-0.4999999999999997,-0.8660254037844388,8.012365341186523,11.35029411315918,221.48049926757812,1.752597927406896e-05,17.277626037597656,4.073710918426514,3.3052215576171875,235.90098571777344,0.00038148052408359945,98.45664978027344,8.696834564208984,2.3528130054473877,263.28289794921875,0.002845151349902153,80.38471221923828,7.5732502937316895,-1.1825599670410156,277.3061828613281,0.006613602861762047,89.8387222290039,7.112421989440918,-2.706202983856201,288.59332275390625,0.011534764431416988,89.15526580810547,8.771642751526088e-05,7.931301661301404e-05,14.08527660369873,7.093716621398926,2.623913288116455,8.771642751526088e-05,7.931301661301404e-05,76.31066131591797,10.968421936035156,0.6554300107008263,0.6429942933263564,1,3,8,ML_GGW_101_0001
GGW,101.0,730.0,7.0,12.0,46.421051025390625,280.0,-0.9848077530122081,0.17364817766692997,-0.4999999999999997,-0.8660254037844388,5.181014060974121,11.83538818359375,219.9610595703125,2.892484189942479e-05,37.091548919677734,2.3116295337677,5.1983232498168945,236.96144104003906,0.0003677298373077065,88.19974517822266,4.015986919403076,2.735668182373047,263.0151672363281,0.002862434834241867,84.04967498779297,3.315192222595215,0.7950819730758667,278.0295715332031,0.0074919299222528934,96.61283874511719,2.9821951389312744,0.8406307101249695,288.4961853027344,0.01262340135872364,98.22541809082031,9.725566633278504e-05,7.144968549255282e-05,11.212471008300781,3.561203718185425,4.281018257141113,9.725566633278504e-05,7.603807898703963e-05,80.98859405517578,6.770580768585205,0.8807977734883544,2.0000066243306565,1,4,8,ML_GGW_101_0001
GGW,101.0,731.0,7.0,18.0,48.31578826904297,282.5,-0.9762960071199335,0.21643961393810246,-0.4999999999999997,-0.8660254037844388,4.639256477355957,12.532075881958008,217.02159118652344,4.722052835859358e-05,83.38611602783203,3.1347591876983643,7.878751277923584,238.7805633544922,0.0005327050457708538,99.80127716064453,3.9643898010253906,5.137247562408447,263.011962890625,0.0028261831030249596,83.29119110107422,3.240199327468872,2.8022725582122803,278.0408630371094,0.00752118369564414,96.94290161132812,3.4032604694366455,1.9185256958007812,288.3313293457031,0.012535078451037407,98.6181869506836,9.467357449466363e-05,6.501327879959717e-05,10.68527603149414,3.67637300491333,6.053774833679199,9.467357449466363e-05,7.18008159310557e-05,86.92951965332031,2.7152512073516846,0.8200265173079204,1.5165271562553655,1,5,8,ML_GGW_101_0001
GGW,101.0,732.0,7.0,0.0,48.31578826904297,282.5,-0.9762960071199335,0.21643961393810246,-0.4999999999999997,-0.8660254037844388,2.6658270359039307,12.723420143127441,216.01698303222656,4.9917318392544985e-05,99.4990463256836,3.6029210090637207,7.361521244049072,237.81158447265625,0.0004837275773752481,101.52021026611328,4.34111213684082,-1.9662681818008423,262.8876647949219,0.003069318598136306,92.33514404296875,3.9707887172698975,-5.361664295196533,277.6155700683594,0.007353713270276785,97.64250946044922,2.983335018157959,-9.840496063232422,287.03668212890625,0.011791196651756763,100.86911010742188,9.013168892124668e-05,5.4608022765023634e-05,22.56614875793457,3.5127968788146973,0.5833026766777039,9.013168892124668e-05,6.678475619992241e-05,82.4779281616211,0.28212594985961914,0.5866495943358929,0.35013202527278864,1,6,8,ML_GGW_101_0001
GGW,101.0,733.0,7.0,6.0,48.31578826904297,285.0,-0.9659258262890684,0.2588190451025203,-0.4999999999999997,-0.8660254037844388,4.721044063568115,11.456436157226562,219.1717529296875,2.81800876109628e-05,38.50543975830078,5.91934871673584,6.496094703674316,235.71096801757812,0.00037677865475416183,99.91783142089844,6.07424783706665,2.2724685668945312,262.75286865234375,0.0030770995654165745,93.8575210571289,6.50986385345459,-0.9384960532188416,277.30712890625,0.007271142210811377,98.63682556152344,6.11582088470459,-1.0144894123077393,287.00616455078125,0.011686769314110279,100.20683288574219,8.375372999580577e-05,5.6757005950203165e-05,12.548680305480957,5.868064880371094,3.654402494430542,8.375372999580577e-05,5.7403471146244556e-05,78.68189239501953,5.137689113616943,0.7347368701314053,1.0187901590495239,1,7,8,ML_GGW_101_0001
GGW,101.0,734.0,7.0,12.0,48.31578826904297,287.5,-0.9537169507482268,0.30070579950427345,-0.4999999999999997,-0.8660254037844388,5.683407783508301,12.301104545593262,220.1066131591797,1.9739674826269038e-05,24.89629364013672,5.262812614440918,5.938918113708496,234.85525512695312,0.0003472129174042493,100.13088989257812,9.363152503967285,5.908835411071777,263.0456848144531,0.002798786386847496,82.78485870361328,9.415771484375,3.065399169921875,277.2283020019531,0.0072247544303536415,98.64571380615234,10.341938018798828,4.189579963684082,286.3309020996094,0.011241830885410309,100.77693176269531,7.410203397739679e-05,5.062107811681926e-05,9.35407543182373,8.013416290283203,6.28076696395874,7.410203397739679e-05,5.062107811681926e-05,74.95601654052734,5.829567909240723,0.619213427723477,0.48621096722370183,1,8,8,ML_GGW_101_0001
GGW,101.0,765.0,7.0,6.0,14.210526466369629,337.5,-0.38268343236508956,0.9238795325112868,-0.4999999999999997,-0.8660254037844388,-11.533584594726562,-1.9201000928878784,218.62071228027344,4.739105861517601e-05,65.1629409790039,-9.855507850646973,3.2791318893432617,243.1321258544922,0.0007887743413448334,89.49766540527344,-5.202826976776123,4.850782871246338,269.2335510253906,0.005729846190661192,99.83293914794922,-4.849880218505859,-1.1200835704803467,281.7895202636719,0.009151582606136799,91.50035858154297,4.282134056091309,1.7090450525283813,289.3399658203125,0.011513461358845234,84.60260009765625,5.215707642491907e-05,5.231883187661879e-05,16.226757049560547,-5.4319329261779785,1.359755277633667,5.215707642491907e-05,5.995352330501191e-05,76.34286499023438,3.8000919818878174,0.7698411539197124,1.2074144942793255,2,1,17,ML_GGW_101_0002
GGW,101.0,766.0,7.0,12.0,16.105262756347656,335.0,-0.4226182617406992,0.90630778703665,-0.4999999999999997,-0.8660254037844388,-8.323907852172852,-3.014899969100952,219.40133666992188,2.646612119860947e-05,34.12891387939453,-8.858762741088867,-0.9369097352027893,243.27993774414062,0.0002380350197199732,25.69384765625,-9.849784851074219,-0.07580220699310303,269.3616027832031,0.005140995141118765,87.97026824951172,-9.347219467163086,-5.241104602813721,282.7414855957031,0.008241347037255764,77.1901626586914,-2.868116855621338,-0.1889018416404724,293.6968688964844,0.007415915373712778,41.78421401977539,5.2022685849806294e-05,3.270208617323078e-05,6.144258975982666,-7.8495588302612305,-1.8915237188339233,5.2022685849806294e-05,4.9042639147955924e-05,66.5321273803711,5.228686809539795,0.5872288393044736,0.3525212402805682,2,2,17,ML_GGW_101_0002
GGW,101.0,767.0,7.0,18.0,16.105262756347656,335.0,-0.4226182617406992,0.90630778703665,-0.4999999999999997,-0.8660254037844388,-10.85013484954834,-1.2995434999465942,219.4114532470703,3.242593083996326e-05,42.50969314575195,-7.838168144226074,0.12250592559576035,242.85768127441406,0.0003495513810776174,35.54066467285156,-7.3736467361450195,2.4808998107910156,270.03009033203125,0.00534544512629509,86.57730102539062,-7.284247875213623,-2.0456881523132324,282.5263671875,0.008409231901168823,79.9117202758789,-0.5021286606788635,1.123347520828247,290.59307861328125,0.009775369428098202,67.13690948486328,5.1489427278283983e-05,3.649271820904687e-05,10.627870559692383,-6.769665718078613,0.07630431652069092,5.1489427278283983e-05,4.9980877520283684e-05,71.4651870727539,1.3375229835510254,0.8105784961418926,1.4537734744751618,2,3,17,ML_GGW_101_0002
GGW,101.0,768.0,7.0,0.0,16.105262756347656,332.5,-0.46174861323503363,0.8870108331782218,-0.4999999999999997,-0.8660254037844388,-12.599858283996582,1.027897834777832,219.26927185058594,3.4923043131129816e-05,46.955718994140625,-9.252519607543945,0.9477347731590271,242.439208984375,0.00032940119854174554,34.79393768310547,-9.22958755493164,-1.3370531797409058,269.3900146484375,0.005241111386567354,89.25106811523438,-6.521523952484131,-4.901475429534912,282.52288818359375,0.008342602290213108,79.3438949584961,-0.5712299346923828,-1.6100822687149048,290.4010925292969,0.010052928701043129,71.04071807861328,4.9478676373837516e-05,3.854689566651359e-05,12.314496994018555,-7.634943962097168,-1.174595594406128,4.9478676373837516e-05,4.7800906031625345e-05,69.47596740722656,1.4372036457061768,0.8247609536184598,1.5489425700128,2,4,17,ML_GGW_101_0002
GGW,101.0,769.0,7.0,6.0,16.105262756347656,332.5,-0.46174861323503363,0.8870108331782218,-0.4999999999999997,-0.8660254037844388,-11.51752758026123,2.0306339263916016,219.003662109375,5.787875488749705e-05,80.85908508300781,-9.224145889282227,1.3741495609283447,241.90499877929688,0.00038535057683475316,46.17759704589844,-8.661992073059082,2.0792338848114014,269.4703063964844,0.0052563901990652084,89.08723449707031,-5.162710666656494,-1.4663457870483398,282.2607116699219,0.008563274517655373,82.89952850341797,-0.3302430808544159,0.21519191563129425,288.8274230957031,0.011020881123840809,84.70578002929688,4.932277443003841e-05,3.886685590259731e-05,11.333629608154297,-6.979323387145996,0.8465726971626282,4.932277443003841e-05,4.924329186906107e-05,75.55435943603516,0.8791106939315796,0.7997058233189641,1.3844567699269392,2,5,17,ML_GGW_101_0002
GGW,101.0,770.0,7.0,12.0,16.105262756347656,332.5,-0.46174861323503363,0.8870108331782218,-0.4999999999999997,-0.8660254037844388,-10.182445526123047,2.4990739822387695,218.82461547851562,5.9124224208062515e-05,82.08467864990234,-9.283639907836914,2.6363539695739746,241.73776245117188,0.00050596974324435,66.66719055175781,-8.741958618164062,4.284082412719727,269.79827880859375,0.005281791090965271,87.87030029296875,-3.816183090209961,2.304086208343506,282.5668640136719,0.008807693608105183,83.48268127441406,0.7428683042526245,2.6274614334106445,288.5684814453125,0.011314594186842442,87.94922637939453,4.463072036742233e-05,4.196211739326827e-05,10.926068305969238,-6.256271839141846,2.870211601257324,4.463072036742233e-05,5.493460412253626e-05,76.04402160644531,2.9496970176696777,0.7774543347090914,1.2508925910248605,2,6,17,ML_GGW_101_0002
GGW,101.0,771.0,7.0,18.0,16.105262756347656,330.0,-0.5000000000000004,0.8660254037844384,-0.4999999999999997,-0.8660254037844388,-11.877245903015137,2.5008997917175293,218.61663818359375,5.550613423110917e-05,78.41242218017578,-11.040282249450684,-0.0026882202364504337,241.66854858398438,0.000591655436437577,77.35714721679688,-7.607166767120361,-1.2436473369598389,269.2633056640625,0.005461177323013544,95.2530288696289,-2.670886516571045,-1.4582933187484741,282.46502685546875,0.008375837467610836,79.9500732421875,1.0631763935089111,-0.22793279588222504,288.7996826171875,0.011426501907408237,87.55486297607422,4.056332181789912e-05,4.911329961032607e-05,13.225015640258789,-6.426480770111084,-0.08633236587047577,4.056332181789912e-05,6.121035403339192e-05,72.12271118164062,2.2635679244995117,0.7500803004255018,1.0990406034691471,2,7,17,ML_GGW_101_0002
GGW,101.0,772.0,7.0,0.0,16.105262756347656,330.0,-0.5000000000000004,0.8660254037844384,-0.4999999999999997,-0.8660254037844388,-10.268838882446289,1.0141544342041016,218.32254028320312,5.018588126404211e-05,72.51405334472656,-11.152079582214355,1.3040595054626465,241.34014892578125,0.0007438083994202316,102.67131042480469,-8.669260025024414,2.0901827812194824,269.0534973144531,0.005407793913036585,96.19384002685547,-2.779980421066284,2.1301958560943604,282.1400146484375,0.008422089740633965,82.1953125,0.14773577451705933,1.2029393911361694,288.1349182128906,0.011653783731162548,92.95174407958984,3.762991036637686e-05,5.891266846447252e-05,10.418285369873047,-6.544484615325928,1.5483063459396362,3.762991036637686e-05,5.891266846447252e-05,73.94828796386719,3.2577614784240723,0.7460838687768445,1.0778339980601026,2,8,17,ML_GGW_101_0002
GGW,101.0,773.0,7.0,6.0,16.105262756347656,327.5,-0.5372996083468242,0.8433914458128855,-0.4999999999999997,-0.8660254037844388,-8.954314231872559,-1.253293752670288,218.70240783691406,3.0075798349571414e-05,40.813621520996094,-10.861638069152832,-1.1790376901626587,241.3964080810547,0.00048436401993967593,64.26049041748047,-7.804934024810791,0.956394374370575,268.53582763671875,0.005136719439178705,94.53075408935547,-2.6387269496917725,0.3975619673728943,282.01788330078125,0.008390366099774837,82.56069946289062,-1.361659288406372,0.23303157091140747,288.4417419433594,0.011710647493600845,91.50850677490234,3.566388113540597e-05,4.4736676500178874e-05,7.736767768859863,-6.324254512786865,-0.16906870901584625,3.566388113540597e-05,5.0033326260745525e-05,73.62161254882812,2.320882558822632,0.870313127422164,1.9037301910121176,2,9,17,ML_GGW_101_0002
GGW,101.0,774.0,7.0,12.0,16.105262756347656,325.0,-0.5735764363510465,0.8191520442889916,-0.4999999999999997,-0.8660254037844388,-8.28966236114502,-0.6802669763565063,218.88043212890625,2.4811797629809007e-05,33.15156936645508,-11.097055435180664,-1.7229795455932617,241.89093017578125,0.00024135957937687635,30.5361385345459,-6.6128973960876465,0.16890516877174377,267.99639892578125,0.004819005262106657,92.1198501586914,-2.567641019821167,-0.8916520476341248,282.720947265625,0.008539269678294659,80.0933609008789,-1.6758424043655396,-0.05668342113494873,288.9500732421875,0.012064359150826931,91.21898651123047,3.279162774560973e-05,3.354179352754727e-05,6.643152236938477,-6.048619747161865,-0.6365353465080261,3.279162774560973e-05,4.252540020388551e-05,70.7396011352539,1.648145079612732,0.7637829152789993,1.1735323737503736,2,10,17,ML_GGW_101_0002
GGW,101.0,775.0,7.0,18.0,16.105262756347656,325.0,-0.5735764363510465,0.8191520442889916,-0.4999999999999997,-0.8660254037844388,-9.436127662658691,-0.5927514433860779,219.036376953125,2.1648698748322204e-05,28.556961059570312,-10.549844741821289,0.34759703278541565,241.59109497070312,0.00035265760379843414,42.95465850830078,-4.77915096282959,2.44213604927063,267.99627685546875,0.004694954492151737,90.06441497802734,-1.4028444290161133,2.65885066986084,282.8266296386719,0.008427157066762447,78.48639678955078,-1.2522752285003662,1.791917324066162,289.32061767578125,0.011785250157117844,87.01121520996094,3.0414768843911588e-05,3.713066325872205e-05,8.524205207824707,-5.484048843383789,1.3295499086380005,3.0414768843911588e-05,3.713066325872205e-05,72.19692993164062,2.8420233726501465,0.7698782870765353,1.2076240780446872,2,11,17,ML_GGW_101_0002
GGW,101.0,776.0,7.0,0.0,18.0,322.5,-0.608761429008721,0.7933533402912349,-0.4999999999999997,-0.8660254037844388,-7.628795146942139,-0.20604419708251953,218.55206298828125,2.773750020423904e-05,40.260746002197266,-10.953688621520996,-0.4782150983810425,241.73080444335938,0.000125226128147915,17.039976119995117,-9.228394508361816,0.21258100867271423,268.2420349121094,0.004640580154955387,86.62906646728516,-6.480326175689697,0.13092844188213348,282.7774353027344,0.008881614543497562,83.01356506347656,-5.780294895172119,0.3687233626842499,288.6356201171875,0.01213141344487667,93.6321792602539,2.86015092569869e-05,2.9079788873787038e-05,1.9357972145080566,-8.014300346374512,0.005594700574874878,2.86015092569869e-05,3.296579961897805e-05,69.72592163085938,1.9357972145080566,0.7350951979914132,1.020629488161004,2,12,17,ML_GGW_101_0002
GGW,101.0,777.0,7.0,6.0,18.0,320.0,-0.6427876096865396,0.7660444431189778,-0.4999999999999997,-0.8660254037844388,-7.015949726104736,-1.1422688961029053,218.04750061035156,3.1017956644063815e-05,48.22861099243164,-9.909469604492188,-1.6971162557601929,241.53099060058594,0.0001176652149297297,17.851911544799805,-9.841876029968262,0.05250059813261032,267.7552185058594,0.004336199257522821,83.52095031738281,-6.618030548095703,-0.9973215460777283,282.5863037109375,0.008894438855350018,84.20549011230469,-6.268415451049805,-0.6043091416358948,288.6875915527344,0.012161826714873314,93.60782623291016,2.7319709261064418e-05,2.1574669517576694e-05,0.9209821820259094,-7.930747985839844,-0.877703070640564,2.7319709261064418e-05,2.9074992198729888e-05,68.9723892211914,0.9209821820259094,0.7226692908902803,0.9577410154270025,2,13,17,ML_GGW_101_0002
GGW,101.0,778.0,7.0,12.0,18.0,320.0,-0.6427876096865396,0.7660444431189778,-0.4999999999999997,-0.8660254037844388,-8.302718162536621,-1.4185187816619873,217.9508514404297,3.0371902539627627e-05,47.595699310302734,-9.715514183044434,-1.1138790845870972,241.10699462890625,0.00012249597057234496,18.35218620300293,-8.284059524536133,4.67676305770874,268.19512939453125,0.003911841195076704,72.95948028564453,-4.932342052459717,3.683464527130127,282.8919372558594,0.008745993487536907,81.13794708251953,-6.193394184112549,2.159762144088745,289.1646728515625,0.012153008952736855,90.611083984375,2.5447196094319224e-05,2.388033135503065e-05,4.153714179992676,-7.485605716705322,1.5975183248519897,2.5447196094319224e-05,2.538737862778362e-05,70.32901000976562,1.3243000507354736,0.72918505567637,0.9904918231103328,2,14,17,ML_GGW_101_0002
GGW,101.0,779.0,7.0,18.0,18.0,317.5,-0.6755902076156605,0.7372773368101239,-0.4999999999999997,-0.8660254037844388,-8.960370063781738,0.3768385648727417,217.82669067382812,3.019552787009161e-05,48.03665542602539,-10.620811462402344,-1.9302946329116821,241.00177001953125,0.00013233686331659555,21.78287124633789,-7.079687595367432,3.169931411743164,268.0740966796875,0.0038222738076001406,71.51165771484375,-4.93075704574585,1.314146876335144,283.09552001953125,0.00873213354498148,79.90045928955078,-6.006443023681641,0.4865151345729828,289.3164367675781,0.012522558681666851,92.42720031738281,2.328854134248104e-05,2.0109713659621775e-05,2.9559624195098877,-7.519613742828369,0.6834274530410767,2.328854134248104e-05,2.233767372672446e-05,67.82528686523438,2.9559624195098877,0.6959256387451901,0.8279705328581339,2,15,17,ML_GGW_101_0002
GGW,101.0,780.0,7.0,0.0,18.0,315.0,-0.7071067811865477,0.7071067811865474,-0.4999999999999997,-0.8660254037844388,-7.733007431030273,2.123708963394165,218.04177856445312,2.6447251002537087e-05,40.882694244384766,-11.240294456481934,-1.4859967231750488,240.6638946533203,0.00014079525135457516,25.116987228393555,-7.427750587463379,1.914514422416687,267.44757080078125,0.00364756491035223,71.31731414794922,-6.2257561683654785,-0.4857964515686035,282.89007568359375,0.00858389399945736,79.64263916015625,-6.968914985656738,-0.5728486776351929,289.5030517578125,0.012509766966104507,91.2115249633789,2.097591459460091e-05,1.5252934645104688e-05,2.8027236461639404,-7.919144630432129,0.298716276884079,2.097591459460091e-05,1.8952609025291167e-05,65.55622863769531,2.4106056690216064,0.6532601592361578,0.6334006957949958,2,16,17,ML_GGW_101_0002
GGW,101.0,781.0,7.0,6.0,18.0,312.5,-0.7372773368101242,0.6755902076156601,-0.4999999999999997,-0.8660254037844388,-6.342367649078369,1.7529857158660889,217.9319305419922,2.2617718059336767e-05,35.20754623413086,-10.95217227935791,-1.0668134689331055,240.20046997070312,0.00014482637925539166,27.52466583251953,-7.699294090270996,1.9809021949768066,267.0624694824219,0.0031221427489072084,62.307987213134766,-6.938453674316406,-0.9749391674995422,282.7310485839844,0.008264129050076008,77.49819946289062,-7.308469772338867,-0.7735286355018616,289.71966552734375,0.01241038367152214,89.21563720703125,1.7827278497861698e-05,1.2142241757828742e-05,2.7049264907836914,-7.848152160644531,0.18372133374214172,1.7827278497861698e-05,1.6728645277908072e-05,62.53920364379883,1.0156922340393066,0.6209118713086047,0.4934204501255026,2,17,17,ML_GGW_101_0002
GGW,101.0,795.0,7.0,18.0,14.210526466369629,327.5,-0.5372996083468242,0.8433914458128855,-0.4999999999999997,-0.8660254037844388,-14.273298263549805,7.143783092498779,218.82083129882812,6.095361095503904e-05,82.93372344970703,-16.249692916870117,-1.9910377264022827,243.13780212402344,0.0008190079242922366,95.77460479736328,-10.755423545837402,-5.867802619934082,268.63507080078125,0.005307092797011137,97.17733001708984,-1.7640401124954224,-1.3541065454483032,283.845947265625,0.007507451809942722,65.36284637451172,2.2054145336151123,1.1084611415863037,288.6068115234375,0.01300361379981041,100.42927551269531,4.64250442746561e-05,5.158505155122839e-05,17.549161911010742,-8.16740894317627,-0.19214053452014923,4.64250442746561e-05,6.964940985199064e-05,66.99532318115234,1.315252661705017,0.5799513053300995,0.32257349944135383,3,1,10,ML_GGW_101_0003
GGW,101.0,797.0,7.0,6.0,14.210526466369629,327.5,-0.5372996083468242,0.8433914458128855,-0.4999999999999997,-0.8660254037844388,-13.79915714263916,3.6605606079101562,218.3099365234375,6.451595982071012e-05,92.52071380615234,-12.342833518981934,3.604257106781006,242.64027404785156,0.000910688831936568,111.79054260253906,-2.588521957397461,3.792495012283325,268.4356994628906,0.005430928431451321,101.73225402832031,-0.6720309853553772,3.3707311153411865,281.3401184082031,0.009079965762794018,93.60236358642578,1.295411467552185,3.127501964569092,289.09515380859375,0.012766005471348763,95.57428741455078,5.170526128495112e-05,6.468292122008279e-05,15.103978157043457,-5.621426582336426,3.5111091136932373,5.170526128495112e-05,6.468292122008279e-05,81.23252868652344,3.1781363487243652,0.5990427533865544,0.4014781654718256,3,2,10,ML_GGW_101_0003
GGW,101.0,798.0,7.0,12.0,16.105262756347656,325.0,-0.5735764363510465,0.8191520442889916,-0.4999999999999997,-0.8660254037844388,-12.409483909606934,1.6477017402648926,218.66900634765625,3.935088898288086e-05,54.74420166015625,-15.034544944763184,1.602881669998169,242.7037811279297,0.0006819135160185397,79.77084350585938,-10.846925735473633,-0.1261025071144104,269.1904296875,0.005766617134213448,101.21730041503906,-8.002306938171387,1.5862157344818115,281.919921875,0.008290685713291168,82.05770111083984,-7.204132556915283,1.9847865104675293,289.1631164550781,0.012334288097918034,91.93612670898438,5.06108881381806e-05,5.7142795412801206e-05,5.216254234313965,-10.699479103088379,1.3390966653823853,5.06108881381806e-05,5.7628283684607595e-05,75.75120544433594,3.319150924682617,0.9156477595709759,2.3846303790237573,3,3,10,ML_GGW_101_0003
GGW,101.0,799.0,7.0,18.0,16.105262756347656,325.0,-0.5735764363510465,0.8191520442889916,-0.4999999999999997,-0.8660254037844388,-14.089699745178223,2.3775572776794434,218.08836364746094,4.1495051846140996e-05,60.860382080078125,-13.161124229431152,3.0748589038848877,242.76454162597656,0.0008259013993665576,95.497314453125,-8.013904571533203,1.3837206363677979,269.2054138183594,0.005774796009063721,101.43854522705078,-6.833205223083496,3.1644935607910156,282.0462646484375,0.008825971744954586,86.65702819824219,-5.658799648284912,3.4587655067443848,289.6719970703125,0.012250526808202267,88.36180114746094,4.986601197742857e-05,5.8625828387448564e-05,8.499946594238281,-9.551346778869629,2.6918792724609375,4.986601197742857e-05,5.8625828387448564e-05,79.26891326904297,2.388789176940918,0.8623584002581686,1.8350177583000233,3,4,10,ML_GGW_101_0003
GGW,101.0,800.0,7.0,0.0,16.105262756347656,322.5,-0.608761429008721,0.7933533402912349,-0.4999999999999997,-0.8660254037844388,-12.902948379516602,4.088481426239014,217.9835968017578,4.53097527497448e-05,68.99793243408203,-11.74577808380127,1.9694315195083618,242.43701171875,0.0007236748933792114,85.44780731201172,-8.176776885986328,-0.5150296092033386,269.3656921386719,0.0057408506982028484,99.22431182861328,-6.96897554397583,0.05303651839494705,281.86956787109375,0.009117244742810726,90.5889663696289,-6.558987140655518,0.23858200013637543,289.3542175292969,0.012310408987104893,90.63459014892578,5.199494626140222e-05,5.115635576657951e-05,7.42075252532959,-9.270692825317383,1.166900396347046,5.199494626140222e-05,5.9497491747606546e-05,79.24774169921875,2.14760422706604,0.8767787735500414,1.9622733780300727,3,5,10,ML_GGW_101_0003
GGW,101.0,801.0,7.0,6.0,16.105262756347656,322.5,-0.608761429008721,0.7933533402912349,-0.4999999999999997,-0.8660254037844388,-10.944154739379883,5.787395477294922,217.8291015625,6.32001829217188e-05,99.02078247070312,-9.586764335632324,0.6888035535812378,242.47618103027344,0.0008035916252993047,96.73277282714844,-6.839498043060303,0.7756056785583496,269.1354064941406,0.005692882928997278,100.28675079345703,-9.510641098022461,1.9220315217971802,281.99188232421875,0.009596390649676323,94.58283233642578,-8.012324333190918,1.963822364807129,289.3632507324219,0.012371459975838661,91.04194641113281,5.125112511450425e-05,5.1932631322415546e-05,4.818230152130127,-8.978676795959473,2.227531909942627,5.125112511450425e-05,5.526742825168185e-05,78.67547607421875,0.10436013340950012,0.6715892230141455,0.7153816846579659,3,6,10,ML_GGW_101_0003
GGW,101.0,802.0,7.0,12.0,16.105262756347656,320.0,-0.6427876096865396,0.7660444431189778,-0.4999999999999997,-0.8660254037844388,-8.338334083557129,4.106722354888916,218.36756896972656,6.568727985722944e-05,96.68429565429688,-8.80500602722168,-1.3234184980392456,242.34951782226562,0.0007095403270795941,84.05742645263672,-7.368624687194824,-0.21803024411201477,269.3627624511719,0.005725361872464418,99.12015533447266,-9.374839782714844,1.7941408157348633,282.38470458984375,0.009350111708045006,89.72283172607422,-8.699886322021484,1.7878825664520264,289.5467834472656,0.012489430606365204,90.78873443603516,5.0688424380496144e-05,4.592563709593378e-05,2.3468570709228516,-8.517338752746582,1.2294594049453735,5.0688424380496144e-05,5.34638820681721e-05,76.10688781738281,1.3399622440338135,0.7316627788574964,1.0030752458173233,3,7,10,ML_GGW_101_0003
GGW,101.0,803.0,7.0,18.0,16.105262756347656,317.5,-0.6755902076156605,0.7372773368101239,-0.4999999999999997,-0.8660254037844388,-5.999815940856934,3.035698890686035,218.76341247558594,6.994756404310465e-05,98.47140502929688,-7.962154865264893,-1.4087026119232178,242.195556640625,0.0005657515721395612,66.60160064697266,-7.62373685836792,-1.6501017808914185,269.0760192871094,0.005664365366101265,100.0546646118164,-7.866814613342285,0.09597969055175781,282.93524169921875,0.009118334390223026,84.28379821777344,-8.385634422302246,0.07040198147296906,289.8413391113281,0.012579542584717274,89.70945739746094,4.8975565732689574e-05,3.707452924572863e-05,3.805931806564331,-7.567631721496582,0.02865523472428322,4.8975565732689574e-05,5.103957300889306e-05,76.12908172607422,0.2904861867427826,0.6943318870373256,0.8204501544021978,3,8,10,ML_GGW_101_0003
GGW,101.0,804.0,7.0,0.0,16.105262756347656,315.0,-0.7071067811865477,0.7071067811865474,-0.4999999999999997,-0.8660254037844388,-3.412281036376953,2.475571870803833,218.6726837158203,6.949048838578165e-05,98.7923355102539,-6.970580101013184,-0.26811483502388,241.55599975585938,0.0004446535895112902,57.48850631713867,-8.786019325256348,-2.1394200325012207,268.5408935546875,0.0054486640729010105,100.35620880126953,-8.752222061157227,-1.8882324695587158,282.8794860839844,0.009379415772855282,87.03816986083984,-10.41020393371582,-1.834695816040039,289.8581237792969,0.012683396227657795,90.33322143554688,4.7810677642701194e-05,2.9163744329707697e-05,8.218839645385742,-7.666261196136475,-0.73097825050354,4.7810677642701194e-05,4.657759563997388e-05,75.37248229980469,3.034846544265747,0.6582652948038085,0.6555733134222552,3,9,10,ML_GGW_101_0003
GGW,101.0,805.0,7.0,6.0,14.210526466369629,315.0,-0.7071067811865477,0.7071067811865474,-0.4999999999999997,-0.8660254037844388,-4.300503253936768,-1.7863348722457886,220.04649353027344,8.440795500064269e-05,99.9599380493164,-2.035601854324341,-0.5163637399673462,241.7602996826172,0.0005264952196739614,73.84821319580078,-2.2349960803985596,0.26776987314224243,268.8746032714844,0.005469745956361294,96.99781799316406,-1.2663766145706177,0.8831580877304077,282.9420471191406,0.009027699008584023,83.4108657836914,-0.2621103525161743,1.5101739168167114,289.71844482421875,0.012638278305530548,90.84553527832031,5.024738857173361e-05,2.6446588890394196e-05,5.213021278381348,-2.0199177265167236,0.07168064266443253,5.024738857173361e-05,3.70576890418306e-05,79.91493225097656,3.494136333465576,0.5578114711744897,0.23228471307180376,3,10,10,ML_GGW_101_0003
GGW,101.0,800.0,7.0,0.0,38.842105865478516,330.0,-0.5000000000000004,0.8660254037844384,-0.4999999999999997,-0.8660254037844388,-1.2651212215423584,-11.757686614990234,217.68057250976562,3.6231547710485756e-05,58.295833587646484,-0.9452643394470215,-10.153680801391602,236.55580139160156,0.0002666993241291493,62.35112380981445,-1.8609193563461304,-7.885800361633301,264.4454650878906,0.0020315274596214294,52.27238464355469,-2.810276985168457,-5.7289228439331055,281.1527404785156,0.005395452957600355,56.027198791503906,-3.2741620540618896,-4.99523401260376,287.71905517578125,0.010042676702141762,82.15538024902344,2.5599272703402676e-05,2.985452738357708e-05,7.0545735359191895,-2.031148672103882,-8.104265213012695,2.5599272703402676e-05,2.985452738357708e-05,61.541629791259766,2.328826665878296,0.6929837472593575,0.8141058594775215,4,1,12,ML_GGW_101_0004
GGW,101.0,801.0,7.0,6.0,36.94736862182617,330.0,-0.5000000000000004,0.8660254037844384,-0.4999999999999997,-0.8660254037844388,1.3092576265335083,-9.912321090698242,217.40354919433594,3.798964826273732e-05,63.35622024536133,-0.30455830693244934,-8.148972511291504,236.2350311279297,0.00026645901380106807,65.43009185791016,-0.49942365288734436,-6.311028003692627,264.1517333984375,0.002166217425838113,56.63014602661133,-2.160670280456543,-4.233735084533691,280.8498229980469,0.006297267507761717,66.70024871826172,-2.800428867340088,-3.5374555587768555,287.82733154296875,0.010336439125239849,83.9097671508789,2.6435262043378316e-05,3.360029586474411e-05,7.584750175476074,-0.8911646604537964,-6.428702354431152,2.6435262043378316e-05,3.360029586474411e-05,64.03168487548828,2.8574464321136475,0.7001494102674264,0.8480094391356086,4,2,12,ML_GGW_101_0004
GGW,101.0,802.0,7.0,12.0,36.94736862182617,330.0,-0.5000000000000004,0.8660254037844384,-0.4999999999999997,-0.8660254037844388,-1.4500375986099243,-6.519282817840576,216.87188720703125,3.611791180446744e-05,64.3657455444336,-2.251817464828491,-4.965782165527344,236.3743438720703,0.0002898026432376355,71.47592163085938,-2.3787052631378174,-5.097423076629639,264.0068054199219,0.0020963591523468494,55.80317687988281,-3.4681501388549805,-3.1264841556549072,280.6565856933594,0.0072222924791276455,77.44393920898438,-4.350828647613525,-2.0759758949279785,287.89739990234375,0.010425521992146969,84.24835968017578,2.4515402401448227e-05,3.61776546924375e-05,5.306370258331299,-2.7799079418182373,-4.356989860534668,2.4515402401448227e-05,3.61776546924375e-05,64.98368835449219,3.0846166610717773,0.7316751941277955,1.0031384827303769,4,3,12,ML_GGW_101_0004
GGW,101.0,803.0,7.0,18.0,36.94736862182617,327.5,-0.5372996083468242,0.8433914458128855,-0.4999999999999997,-0.8660254037844388,-1.414636254310608,-9.163914680480957,217.29443359375,3.5210512578487396e-05,59.75452423095703,-2.515052080154419,-8.375094413757324,236.4754638671875,0.0002327455295016989,54.94527816772461,-4.654824256896973,-8.264303207397461,264.5604553222656,0.0017825033282861114,45.179054260253906,-5.747307300567627,-6.0211286544799805,281.1234436035156,0.005937578622251749,61.67632293701172,-6.1695637702941895,-4.842296600341797,287.75799560546875,0.010350903496146202,84.39945220947266,2.2732714569428936e-05,3.1672254408476874e-05,6.42539644241333,-4.100276470184326,-7.333347320556641,2.2732714569428936e-05,3.667871351353824e-05,57.71821594238281,2.7409186363220215,0.7324622539676503,1.0071511460994524,4,4,12,ML_GGW_101_0004
GGW,101.0,804.0,7.0,0.0,35.05263137817383,327.5,-0.5372996083468242,0.8433914458128855,-0.4999999999999997,-0.8660254037844388,1.5724782943725586,-7.2728471755981445,217.3353729248047,3.468424984021112e-05,58.47152328491211,-0.6246255040168762,-6.959940433502197,236.53646850585938,0.0002552801452111453,63.405208587646484,-1.9864100217819214,-6.313061714172363,264.4512634277344,0.0018423961009830236,47.17479705810547,-4.462185859680176,-3.893388271331787,280.6599426269531,0.006946596782654524,74.41942596435547,-5.2528791427612305,-2.5759546756744385,287.88714599609375,0.010458219796419144,84.5657958984375,2.1556921637966298e-05,3.67121901945211e-05,8.285306930541992,-2.150724411010742,-5.403038501739502,2.1556921637966298e-05,3.717980507644825e-05,60.30091857910156,2.481333017349243,0.7307459081246092,0.9984102911900847,4,5,12,ML_GGW_101_0004
GGW,101.0,805.0,7.0,6.0,35.05263137817383,325.0,-0.5735764363510465,0.8191520442889916,-0.4999999999999997,-0.8660254037844388,0.9188758730888367,-7.710693836212158,217.23049926757812,3.5852750443154946e-05,61.21776580810547,-1.8469667434692383,-8.14012336730957,236.278076171875,0.00021891370124649256,54.42293167114258,-4.12369966506958,-8.900596618652344,264.4889221191406,0.0017856733174994588,45.57744216918945,-6.219559669494629,-5.807840824127197,280.6756896972656,0.006001961883157492,64.31909942626953,-7.159883975982666,-4.218329906463623,287.7076110839844,0.010546633042395115,86.2706527709961,2.1166420992813073e-05,3.039558396267239e-05,8.801304817199707,-3.686246871948242,-6.955516815185547,2.1166420992813073e-05,3.873990863212384e-05,55.77675247192383,1.2718232870101929,0.7158175394284099,0.9238088026154654,4,6,12,ML_GGW_101_0004
GGW,101.0,806.0,7.0,12.0,35.05263137817383,325.0,-0.5735764363510465,0.8191520442889916,-0.4999999999999997,-0.8660254037844388,-0.9740558862686157,-4.695065975189209,216.90390014648438,3.720248059835285e-05,65.85407257080078,-3.2339508533477783,-4.374781131744385,236.44979858398438,0.00027150148525834084,68.78414154052734,-5.589535236358643,-6.096856117248535,264.6356506347656,0.0024526070337742567,60.82033157348633,-6.830665588378906,-3.805176258087158,280.3879699707031,0.006451419088989496,70.43925476074219,-7.635173320770264,-2.091010808944702,287.8482971191406,0.010545681230723858,85.49266052246094,2.0869814761681482e-05,3.412252772250213e-05,7.152033805847168,-4.8526763916015625,-4.212578296661377,2.0869814761681482e-05,3.979543907917105e-05,57.32297897338867,2.49949049949646,0.7140657246174057,0.915213031332246,4,7,12,ML_GGW_101_0004
GGW,101.0,807.0,7.0,18.0,35.05263137817383,322.5,-0.608761429008721,0.7933533402912349,-0.4999999999999997,-0.8660254037844388,-2.80879545211792,-5.688222885131836,217.06011962890625,3.489447044557892e-05,61.117942810058594,-3.5411362648010254,-6.107863426208496,236.50445556640625,0.00018188041576649994,44.22813415527344,-6.329428195953369,-7.010157585144043,264.582275390625,0.0022007159423083067,51.815616607666016,-7.9011030197143555,-5.119375705718994,281.0943298339844,0.00624876981601119,65.0473861694336,-8.511286735534668,-3.3015799522399902,288.1478576660156,0.010537657886743546,83.74202728271484,1.8710425138124265e-05,2.4485392714268528e-05,6.181785583496094,-5.818350315093994,-5.44543981552124,1.8710425138124265e-05,3.751233089133166e-05,50.357295989990234,2.9226908683776855,0.7240458962291753,0.964620221754322,4,8,12,ML_GGW_101_0004
GGW,101.0,808.0,7.0,0.0,35.05263137817383,322.5,-0.608761429008721,0.7933533402912349,-0.4999999999999997,-0.8660254037844388,-4.379754066467285,-2.697233200073242,216.79623413085938,3.4757464163703844e-05,62.76555633544922,-5.927684783935547,-3.1220438480377197,236.564208984375,0.0002563582092989236,63.69208526611328,-7.410871505737305,-4.356234550476074,264.4134826660156,0.0029782357160001993,72.16400909423828,-8.199130058288574,-2.8286781311035156,280.2808532714844,0.006462266203016043,71.23481750488281,-8.909049987792969,-1.194554328918457,287.66766357421875,0.01063468400388956,87.2301025390625,1.8375734725850634e-05,2.495847365935333e-05,4.772060871124268,-6.965298652648926,-2.8397488594055176,1.8375734725850634e-05,3.270297384005971e-05,54.88874053955078,2.686241865158081,0.7189490503747604,0.9392545251322857,4,9,12,ML_GGW_101_0004
GGW,101.0,809.0,7.0,6.0,33.157894134521484,320.0,-0.6427876096865396,0.7660444431189778,-0.4999999999999997,-0.8660254037844388,-0.7793543934822083,-2.181612968444824,217.32302856445312,2.3859054635977373e-05,40.249691009521484,-1.9397525787353516,-3.1725335121154785,236.98179626464844,0.00019535135652404279,51.5926513671875,-3.7904670238494873,-4.027603626251221,264.32867431640625,0.0018010069616138935,42.50653839111328,-5.989340305328369,-3.085099220275879,280.9981384277344,0.006626231130212545,69.40476989746094,-7.0874857902526855,-1.6263781785964966,288.1692199707031,0.010563269257545471,83.81439971923828,1.8042734154732898e-05,2.7299325665808283e-05,6.33251953125,-3.9172801971435547,-2.818645477294922,1.8042734154732898e-05,3.044441473321058e-05,52.31549835205078,0.44905534386634827,0.7878804450355245,1.312196304619122,4,10,12,ML_GGW_101_0004
GGW,101.0,810.0,7.0,12.0,33.157894134521484,320.0,-0.6427876096865396,0.7660444431189778,-0.4999999999999997,-0.8660254037844388,-0.7315040230751038,0.4024266004562378,216.76885986328125,2.99380535579985e-05,52.27863693237305,-2.0818846225738525,-0.24886155128479004,237.4236602783203,0.00032735406421124935,79.63873291015625,-3.613189697265625,-0.8518069982528687,264.6374816894531,0.002919958671554923,68.90425109863281,-5.387344837188721,-0.29856961965560913,280.99884033203125,0.0061582098715007305,64.61448669433594,-6.651121139526367,0.8241865634918213,288.2168884277344,0.010480621829628944,82.90363311767578,1.644209805817809e-05,3.161432687193155e-05,5.934622764587402,-3.6930088996887207,-0.03452499955892563,1.644209805817809e-05,3.161432687193155e-05,53.7208137512207,0.9975002408027649,0.6907750874089393,0.8037453976403812,4,11,12,ML_GGW_101_0004
GGW,101.0,811.0,7.0,18.0,33.157894134521484,317.5,-0.6755902076156605,0.7372773368101239,-0.4999999999999997,-0.8660254037844388,0.5793061256408691,1.026548981666565,217.52650451660156,2.2748748961021192e-05,37.6759033203125,-1.2458198070526123,0.25902414321899414,236.68429565429688,0.00014855011249892414,40.01980209350586,-2.529205083847046,-1.0232124328613281,264.4869689941406,0.0018146048532798886,41.9997444152832,-4.71082878112793,-1.0576220750808716,281.5090637207031,0.006882656365633011,69.64258575439453,-5.9693922996521,-0.33599594235420227,288.916015625,0.010201743803918362,77.11685943603516,1.6804708138806745e-05,2.508063698769547e-05,6.6889448165893555,-2.7751879692077637,-0.22625145316123962,1.6804708138806745e-05,2.8323913284111768e-05,50.769351959228516,0.10557220876216888,0.7688072675476537,1.2015886084425729,4,12,12,ML_GGW_101_0004
GGW,101.0,821.0,7.0,6.0,38.842105865478516,320.0,-0.6427876096865396,0.7660444431189778,-0.4999999999999997,-0.8660254037844388,3.5818417072296143,-5.02861213684082,213.9832305908203,1.8135426216758788e-05,42.21623611450195,1.1356837749481201,-3.5213661193847656,237.59683227539062,0.0004873274592682719,100.96470642089844,-0.8703429102897644,-1.3826334476470947,266.33544921875,0.004596708808094263,101.840087890625,3.101536273956299,0.6798363924026489,276.9245300292969,0.006371467374265194,89.21421813964844,2.7692313194274902,1.4786804914474487,288.33282470703125,0.009486272931098938,74.57762908935547,3.2081821700558066e-05,3.998505781055428e-05,6.557834625244141,1.9435901641845703,-1.554818868637085,3.2081821700558066e-05,3.998505781055428e-05,61.0568962097168,2.335968494415283,0.6675081818328795,0.6969363948498457,5,1,9,ML_GGW_101_0005
GGW,101.0,822.0,7.0,12.0,38.842105865478516,320.0,-0.6427876096865396,0.7660444431189778,-0.4999999999999997,-0.8660254037844388,1.8918217420578003,-3.8978118896484375,214.22589111328125,2.2971131329541095e-05,54.05300521850586,1.6101322174072266,-2.6491963863372803,237.6577606201172,0.0004902340588159859,100.82662963867188,-1.7089295387268066,-2.749246835708618,266.229736328125,0.004547102842479944,101.27469635009766,1.6426398754119873,-1.4171180725097656,277.7276611328125,0.006404999177902937,84.81537628173828,1.6241576671600342,0.47051170468330383,288.4647216796875,0.009218485094606876,71.88014221191406,3.390591882634908e-05,3.5163579013897106e-05,4.376516342163086,1.0119644403457642,-2.048572301864624,3.390591882634908e-05,4.1128274460788816e-05,59.37434005737305,1.7643502950668335,0.6600810782639164,0.66365554963927,5,2,9,ML_GGW_101_0005
GGW,101.0,823.0,7.0,18.0,38.842105865478516,320.0,-0.6427876096865396,0.7660444431189778,-0.4999999999999997,-0.8660254037844388,1.2902252674102783,-2.612572431564331,214.8060302734375,2.472962842148263e-05,56.043190002441406,1.9595160484313965,-3.648545503616333,237.44044494628906,0.0004064743116032332,87.12203979492188,-2.7978222370147705,-3.944045066833496,266.0302734375,0.003854580456390977,85.86754608154297,-0.16303732991218567,-3.253878116607666,278.8969421386719,0.006390692200511694,78.03292846679688,0.9090303778648376,-1.1602040529251099,288.53717041015625,0.009071738459169865,70.40699768066406,3.320315954624675e-05,2.4148945158231072e-05,1.5015603303909302,0.23958241939544678,-2.923849105834961,3.320315954624675e-05,5.356269684853032e-05,57.419803619384766,1.0901232957839966,0.7129898119736389,0.9099494178759195,5,3,9,ML_GGW_101_0005
GGW,101.0,825.0,7.0,6.0,36.94736862182617,320.0,-0.6427876096865396,0.7660444431189778,-0.4999999999999997,-0.8660254037844388,-1.9645897150039673,-5.72594690322876,214.752197265625,2.5514957087580115e-05,59.7132568359375,-1.0735225677490234,-5.450917720794678,237.32144165039062,0.0002970874193124473,62.23823928833008,-0.9352969527244568,-5.540611267089844,265.1624450683594,0.0033751067239791155,82.84870910644531,1.5608831644058228,-5.3649702072143555,279.83978271484375,0.006146907806396484,70.37686920166016,0.7645242214202881,-3.710360527038574,287.8603210449219,0.009129764512181282,73.93058013916016,3.0689407140016556e-05,2.3726890503894538e-05,3.392735242843628,-0.32960039377212524,-5.158561706542969,3.0689407140016556e-05,3.94866983697284e-05,52.29903793334961,2.296431541442871,0.7365156848468439,1.0279366909671515,5,4,9,ML_GGW_101_0005
GGW,101.0,826.0,7.0,12.0,36.94736862182617,320.0,-0.6427876096865396,0.7660444431189778,-0.4999999999999997,-0.8660254037844388,-5.355218410491943,-4.090961456298828,215.50360107421875,2.521819442335982e-05,54.7161865234375,-2.400174617767334,-4.642285346984863,237.01817321777344,0.0001471321447752416,33.976722717285156,-2.629875659942627,-4.6423659324646,265.4927062988281,0.0024973282124847174,58.16557312011719,-1.177790880203247,-4.369504451751709,280.35784912109375,0.00613643741235137,67.70308685302734,-1.419746994972229,-2.3097288608551025,288.1128845214844,0.00910891778767109,72.56050109863281,2.7961872547166422e-05,1.718695966701489e-05,4.319806098937988,-2.5965614318847656,-4.010969161987305,2.7961872547166422e-05,3.5430046409601346e-05,48.234352111816406,2.3363397121429443,0.8049814098115369,1.4177242954305571,5,5,9,ML_GGW_101_0005
GGW,101.0,827.0,7.0,18.0,36.94736862182617,320.0,-0.6427876096865396,0.7660444431189778,-0.4999999999999997,-0.8660254037844388,-7.134028434753418,-4.3080291748046875,215.9412384033203,2.5047391318366863e-05,51.48110580444336,-3.431809902191162,-4.234525203704834,237.1372528076172,8.840442023938522e-05,21.613237380981445,-3.737065553665161,-2.8972713947296143,265.7298889160156,0.001633121632039547,35.131568908691406,-2.3921594619750977,-2.7264046669006348,280.7249755859375,0.006037548650056124,64.92269897460938,-2.128138303756714,-1.4364920854568481,288.3982238769531,0.009012153372168541,70.48001861572266,2.426937317068223e-05,7.92819628259167e-06,5.771018981933594,-3.7646400928497314,-3.120544672012329,2.426937317068223e-05,3.2877822377486154e-05,45.56938171386719,0.9277268648147583,0.7857963992556285,1.2997707567780092,5,6,9,ML_GGW_101_0005
GGW,101.0,828.0,7.0,0.0,35.05263137817383,320.0,-0.6427876096865396,0.7660444431189778,-0.4999999999999997,-0.8660254037844388,-8.243969917297363,-6.593410968780518,215.8924560546875,2.3950413378770463e-05,48.9819450378418,-4.566511154174805,-6.2768940925598145,236.91311645507812,0.0001194926371681504,27.221195220947266,-1.9888733625411987,-3.5721747875213623,265.18658447265625,0.0022753553930670023,52.72040557861328,-0.5787188410758972,-3.7301037311553955,280.68157958984375,0.006183047313243151,66.66143798828125,-1.045788049697876,-1.8637986183166504,288.0716552734375,0.0089939059689641,71.78739166259766,2.3274425984709524e-05,1.4615845429943874e-05,8.612958908081055,-3.2847723960876465,-4.407276630401611,2.3274425984709524e-05,2.6954865461448207e-05,46.93980026245117,1.8595637083053589,0.7588515892617301,1.146393667558602,5,7,9,ML_GGW_101_0005
GGW,101.0,829.0,7.0,6.0,35.05263137817383,320.0,-0.6427876096865396,0.7660444431189778,-0.4999999999999997,-0.8660254037844388,-10.642806053161621,-5.5170369148254395,215.85714721679688,2.2870624889037572e-05,46.66786193847656,-7.338731288909912,-4.9653167724609375,236.8977508544922,8.512957720085979e-05,22.129180908203125,-2.3088204860687256,-3.01072359085083,264.92218017578125,0.001756090670824051,39.902313232421875,-1.9389640092849731,-2.138723611831665,280.7587890625,0.006543812341988087,70.07767486572266,-2.337754487991333,-0.39761316776275635,288.2166748046875,0.008694489486515522,68.76809692382812,1.9381686797714792e-05,1.049607544700848e-05,9.756146430969238,-4.913415431976318,-3.2058825492858887,1.9381686797714792e-05,2.470541585353203e-05,45.092933654785156,2.1398510932922363,0.7171575445354827,0.9304054956890371,5,8,9,ML_GGW_101_0005
GGW,101.0,830.0,7.0,12.0,33.157894134521484,320.0,-0.6427876096865396,0.7660444431189778,-0.4999999999999997,-0.8660254037844388,-4.72964334487915,-4.756145000457764,215.97901916503906,2.2134738173917867e-05,44.56167221069336,-3.858386754989624,-4.91378927230835,236.68299865722656,9.858421981334686e-05,25.060287475585938,-2.315365791320801,-4.063313961029053,264.9781494140625,0.0018325347919017076,43.09663391113281,-1.678363561630249,-2.11757755279541,280.939208984375,0.005731431767344475,60.693267822265625,-1.9761117696762085,-0.033447202295064926,288.448974609375,0.008309431374073029,64.71746063232422,1.4863195247016847e-05,1.3969872270536143e-05,5.46679162979126,-2.911574125289917,-3.1768546104431152,1.4863195247016847e-05,2.5540575734339654e-05,43.69313430786133,1.935922622680664,0.5888503626310332,0.3592148686921215,5,9,9,ML_GGW_101_0005
GGW,101.0,828.0,7.0,0.0,14.210526466369629,335.0,-0.4226182617406992,0.90630778703665,-0.4999999999999997,-0.8660254037844388,-17.188817977905273,5.360172748565674,219.08261108398438,6.808529724366963e-05,89.02498626708984,-16.826997756958008,4.4068684577941895,242.8440704345703,0.0009137688321061432,109.06672668457031,-9.333401679992676,1.206829309463501,268.8653869628906,0.005640670657157898,101.79119873046875,-9.514009475708008,-0.5040309429168701,279.5650939941406,0.008145189844071865,94.95665740966797,-5.412791728973389,0.5304731726646423,291.0761413574219,0.009985966607928276,65.8981704711914,3.458397986833006e-05,8.031346806092188e-05,12.72795295715332,-11.655203819274902,2.2000622749328613,3.458397986833006e-05,8.031346806092188e-05,65.05443572998047,2.2454631328582764,0.61876377273717,0.4843043705474954,6,1,12,ML_GGW_101_0006
GGW,101.0,829.0,7.0,6.0,14.210526466369629,335.0,-0.4226182617406992,0.90630778703665,-0.4999999999999997,-0.8660254037844388,-20.518850326538086,1.277863621711731,219.3524932861328,6.563309580087662e-05,84.79134368896484,-13.424161911010742,6.323795318603516,242.16795349121094,0.0006277814973145723,76.55703735351562,-4.765200138092041,5.511373519897461,268.5164794921875,0.005246298853307962,96.39298248291016,-8.421711921691895,4.4447712898254395,280.903564453125,0.007570067886263132,80.49404907226562,-6.870511531829834,3.365884780883789,290.4801940917969,0.010152556002140045,69.49427032470703,3.575471055228263e-05,6.49847206659615e-05,13.807134628295898,-10.800086975097656,4.184737682342529,3.575471055228263e-05,6.594854494323954e-05,66.69371795654297,1.3248485326766968,0.7254096216270617,0.971456036632719,6,2,12,ML_GGW_101_0006
GGW,101.0,830.0,7.0,12.0,14.210526466369629,332.5,-0.46174861323503363,0.8870108331782218,-0.4999999999999997,-0.8660254037844388,-19.810888290405273,2.998570442199707,219.3316192626953,6.267655408009887e-05,81.45242309570312,-10.410846710205078,4.498554229736328,242.38629150390625,0.0005741124041378498,67.48809814453125,-4.395565509796143,3.7203726768493652,268.604248046875,0.005252376198768616,96.0230941772461,-6.336714267730713,3.4793906211853027,281.48907470703125,0.007888784632086754,80.5143814086914,-5.035141944885254,3.1005795001983643,290.3808898925781,0.010510592721402645,72.31172943115234,3.452593591646291e-05,5.8294652262702584e-05,14.776098251342773,-9.197832107543945,3.5594935417175293,3.452593591646291e-05,5.8294652262702584e-05,65.2821273803711,3.1894350051879883,0.7459286722276046,1.0770149363984687,6,3,12,ML_GGW_101_0006
GGW,101.0,831.0,7.0,18.0,14.210526466369629,330.0,-0.5000000000000004,0.8660254037844384,-0.4999999999999997,-0.8660254037844388,-16.4982967376709,4.8521833419799805,219.27374267578125,6.117591692600399e-05,80.19019317626953,-8.506054878234863,1.822156548500061,242.1922607421875,0.0005817274795845151,69.74998474121094,-3.6019234657287598,1.830055594444275,268.62445068359375,0.005258980672806501,95.75248718261719,-4.601717948913574,1.6785471439361572,281.7351379394531,0.007917105220258236,79.41002655029297,-3.9724738597869873,1.392666220664978,290.1134338378906,0.011062132194638252,77.43291473388672,3.130358527414501e-05,5.1887051085941494e-05,12.994787216186523,-7.436093330383301,2.315121650695801,3.130358527414501e-05,5.1887051085941494e-05,64.0461654663086,5.5742692947387695,0.6964683334830425,0.8305363841397395,6,4,12,ML_GGW_101_0006
GGW,101.0,832.0,7.0,0.0,16.105262756347656,330.0,-0.5000000000000004,0.8660254037844384,-0.4999999999999997,-0.8660254037844388,-14.38713264465332,3.383312702178955,218.923095703125,3.944918717024848e-05,53.673736572265625,-12.696419715881348,3.1510820388793945,241.7584686279297,0.00019817620341200382,26.29598617553711,-12.377060890197754,6.018862724304199,267.9084167480469,0.004445773549377918,84.73983001708984,-10.404674530029297,6.416714668273926,282.5405578613281,0.007610258646309376,72.26016998291016,-8.652775764465332,2.7682557106018066,290.4798278808594,0.01041925698518753,71.32060241699219,2.8460639441618696e-05,4.430152694112621e-05,5.767247676849365,-11.703612327575684,4.347645282745361,2.8460639441618696e-05,4.714293754659593e-05,62.666481018066406,2.7470703125,0.7284167628260433,0.9866046858239859,6,5,12,ML_GGW_101_0006
GGW,101.0,833.0,7.0,6.0,16.105262756347656,327.5,-0.5372996083468242,0.8433914458128855,-0.4999999999999997,-0.8660254037844388,-10.092062950134277,1.8997657299041748,218.727294921875,4.393147901282646e-05,61.508277893066406,-11.172855377197266,2.332484722137451,241.3422088623047,0.00027146999491378665,36.9471321105957,-11.447892189025879,4.674029350280762,267.4288024902344,0.004338861908763647,86.01588439941406,-9.628693580627441,4.546983242034912,282.6296081542969,0.0075409309938549995,71.16059112548828,-8.262818336486816,2.127497673034668,290.0766296386719,0.011233755387365818,78.8795394897461,2.770378159766551e-05,4.263326627551578e-05,1.8433659076690674,-10.120863914489746,3.116152048110962,2.770378159766551e-05,4.263326627551578e-05,62.74666976928711,1.8433659076690674,0.7693087505981995,1.2044121513318609,6,6,12,ML_GGW_101_0006
GGW,101.0,834.0,7.0,12.0,16.105262756347656,325.0,-0.5735764363510465,0.8191520442889916,-0.4999999999999997,-0.8660254037844388,-9.006349563598633,1.088630199432373,218.82826232910156,5.289601904223673e-05,73.83919525146484,-9.720885276794434,2.3275365829467773,241.26632690429688,0.0003352695784997195,46.197776794433594,-10.436687469482422,4.033203601837158,267.6268615722656,0.004365778993815184,85.0850830078125,-8.937203407287598,3.848891496658325,282.61663818359375,0.0074783493764698505,70.63169860839844,-6.968206405639648,1.5300607681274414,289.90435791015625,0.011532897129654884,81.90934753417969,2.5449828171986155e-05,3.826566899078898e-05,2.0853989124298096,-9.01386547088623,2.565664529800415,2.5449828171986155e-05,3.826566899078898e-05,60.26409149169922,2.0278615951538086,0.726465632326257,0.9767639033393838,6,7,12,ML_GGW_101_0006
GGW,101.0,835.0,7.0,18.0,16.105262756347656,322.5,-0.608761429008721,0.7933533402912349,-0.4999999999999997,-0.8660254037844388,-9.354567527770996,1.2205842733383179,218.66839599609375,5.046906153438613e-05,72.04714965820312,-8.058393478393555,1.3091256618499756,241.07952880859375,0.0003388717013876885,47.927249908447266,-8.919957160949707,2.6454896926879883,267.530517578125,0.004421351943165064,86.6347885131836,-7.670628070831299,2.319268226623535,282.4156494140625,0.0074680158868432045,71.51233673095703,-6.240013122558594,0.13909794390201569,289.99285888671875,0.01158857997506857,81.79315948486328,2.172442509618122e-05,3.438519706833176e-05,3.2969777584075928,-8.048711776733398,1.5267131328582764,2.172442509618122e-05,3.438519706833176e-05,56.70633316040039,2.821648597717285,0.6874522139301871,0.7882349472048793,6,8,12,ML_GGW_101_0006
GGW,101.0,836.0,7.0,0.0,18.0,320.0,-0.6427876096865396,0.7660444431189778,-0.4999999999999997,-0.8660254037844388,-10.904888153076172,2.1278927326202393,218.43966674804688,3.938195368391462e-05,58.39488983154297,-10.045629501342773,0.5744432210922241,240.82754516601562,0.00016986951231956482,26.474699020385742,-12.344773292541504,3.237035036087036,267.14739990234375,0.004068991169333458,81.91285705566406,-12.200763702392578,2.9623382091522217,282.7374572753906,0.0072635323740541935,68.0949478149414,-9.833893775939941,-0.26538315415382385,289.36309814453125,0.0118079399690032,86.80429077148438,1.816233816498425e-05,2.839356784534175e-05,2.621983766555786,-11.06598949432373,1.7272653579711914,1.816233816498425e-05,3.0423940188484266e-05,55.036346435546875,2.5999159812927246,0.6824226048930161,0.7649275684611752,6,9,12,ML_GGW_101_0006
GGW,101.0,837.0,7.0,6.0,18.0,317.5,-0.6755902076156605,0.7372773368101239,-0.4999999999999997,-0.8660254037844388,-9.378509521484375,2.342454671859741,218.41177368164062,3.988792377640493e-05,59.21235656738281,-8.428238868713379,-0.2089530974626541,240.64947509765625,0.00015990316751413047,26.27309799194336,-11.798583984375,2.896397829055786,267.1368713378906,0.0037147507537156343,74.57366943359375,-12.057265281677246,2.598952531814575,282.6136474609375,0.007173038553446531,67.80745697021484,-10.880494117736816,-0.30774351954460144,289.4118347167969,0.011773918755352497,86.26428985595703,1.5804793292772956e-05,2.528283221181482e-05,3.0462286472320557,-10.508618354797363,1.464221715927124,1.5804793292772956e-05,2.5927729438990355e-05,53.42339324951172,3.0462286472320557,0.6440759391972768,0.5930992414149521,6,10,12,ML_GGW_101_0006
GGW,101.0,838.0,7.0,12.0,18.0,315.0,-0.7071067811865477,0.7071067811865474,-0.4999999999999997,-0.8660254037844388,-10.007193565368652,3.0821590423583984,218.087646484375,4.059016646351665e-05,62.49087142944336,-8.224520683288574,-0.8879010081291199,240.44012451171875,0.0001624543365323916,27.259536743164062,-11.041229248046875,3.0190770626068115,267.47955322265625,0.0034045244101434946,66.31884002685547,-11.502114295959473,3.251227617263794,282.8761901855469,0.007068646140396595,65.66655731201172,-10.860356330871582,1.0448555946350098,289.7322692871094,0.011814292520284653,84.77458190917969,1.3581441635324154e-05,2.2630674720858224e-05,2.208730936050415,-10.327082633972168,1.9018837213516235,1.3581441635324154e-05,2.2630674720858224e-05,50.90150451660156,2.208730936050415,0.6265358048346998,0.5173837863107575,6,11,12,ML_GGW_101_0006
GGW,101.0,839.0,7.0,18.0,18.0,312.5,-0.7372773368101242,0.6755902076156601,-0.4999999999999997,-0.8660254037844388,-11.265483856201172,3.7270939350128174,217.80224609375,3.951177131966688e-05,62.622962951660156,-8.895907402038574,-0.7255427837371826,240.21397399902344,0.0001696860126685351,29.991594314575195,-10.17833423614502,2.629610300064087,267.371337890625,0.003303828649222851,64.68228912353516,-10.179488182067871,2.709481954574585,283.00469970703125,0.006966850254684687,64.16049194335938,-9.458494186401367,0.47836631536483765,290.007080078125,0.011849137023091316,83.53795623779297,1.1208949217689224e-05,1.988565782085061e-05,3.7174510955810547,-9.9955415725708,1.7638019323349,1.1208949217689224e-05,1.988565782085061e-05,48.91045379638672,1.7115483283996582,0.5930109782325208,0.37642670033150005,6,12,12,ML_GGW_101_0006
GGW,101.0,840.0,7.0,0.0,27.473684310913086,277.5,-0.9914448613738105,0.13052619222005127,-0.4999999999999997,-0.8660254037844388,-0.19193477928638458,1.235791563987732,218.18209838867188,4.8475965741090477e-05,70.79976654052734,0.5516531467437744,-0.8339812755584717,241.60403442382812,0.0007456362945958972,101.19792175292969,1.315337896347046,-5.94413423538208,267.707275390625,0.004773417022079229,93.30359649658203,1.6689820289611816,-4.296761512756348,284.29901123046875,0.010831468738615513,91.38398742675781,2.183286666870117,-1.1975123882293701,290.7401123046875,0.011980365961790085,80.81480407714844,3.6936780816176906e-05,2.4261300495709293e-05,3.4003889560699463,1.1054649353027344,-2.207319736480713,3.6936780816176906e-05,4.224867734592408e-05,64.78031921386719,2.362647771835327,0.6531053179200048,0.6327171754345031,7,1,24,ML_GGW_101_0007
GGW,101.0,841.0,7.0,6.0,27.473684310913086,277.5,-0.9914448613738105,0.13052619222005127,-0.4999999999999997,-0.8660254037844388,2.638066530227661,2.1356892585754395,219.24737548828125,4.6586508688051254e-05,58.53474044799805,1.0587644577026367,-1.0449538230895996,241.4325408935547,0.0005201628664508462,71.47457122802734,-0.5541946887969971,-6.22614049911499,267.7225341796875,0.00404658867046237,77.31733703613281,0.7411041855812073,-3.973435401916504,283.9414978027344,0.0109024066478014,94.20541381835938,2.2541823387145996,0.1322997659444809,290.776123046875,0.011766482144594193,79.1420669555664,3.5896959161618724e-05,2.4400669644819573e-05,2.039837598800659,1.2275846004486084,-1.7953083515167236,3.5896959161618724e-05,4.8072452045744285e-05,65.4845962524414,2.039837598800659,0.8452077505389847,1.6974985639440296,7,2,24,ML_GGW_101_0007
GGW,101.0,842.0,7.0,12.0,27.473684310913086,277.5,-0.9914448613738105,0.13052619222005127,-0.4999999999999997,-0.8660254037844388,3.1978676319122314,2.316883087158203,221.3592529296875,9.742051042849198e-05,99.07278442382812,-0.1779753863811493,-0.6013815402984619,241.89170837402344,0.0004860463668592274,64.6214599609375,-1.8112716674804688,-5.608480453491211,268.10699462890625,0.003639963222667575,67.84764099121094,1.2906734943389893,-3.2308905124664307,283.3788146972656,0.010206593200564384,91.54670715332031,3.832951068878174,0.43586617708206177,290.3028259277344,0.01202659122645855,83.26823425292969,3.715856291819364e-05,2.83112585748313e-05,1.9853352308273315,1.266448974609375,-1.337600588798523,3.715856291819364e-05,5.169281939743087e-05,66.60308837890625,1.3015103340148926,0.7366841029651482,1.0288047339380118,7,3,24,ML_GGW_101_0007
GGW,101.0,843.0,7.0,18.0,27.473684310913086,277.5,-0.9914448613738105,0.13052619222005127,-0.4999999999999997,-0.8660254037844388,2.161346435546875,4.351470470428467,220.92242431640625,9.502947796136141e-05,99.9577407836914,-0.013486129231750965,0.12229560315608978,242.27590942382812,0.0006304710987024009,81.5418701171875,-1.627771258354187,-7.063904762268066,268.1521301269531,0.003645501099526882,69.03326416015625,2.0055670738220215,-3.763533592224121,283.3662414550781,0.009495032951235771,85.26368713378906,4.422491073608398,-0.2846086621284485,290.39453125,0.012898123823106289,88.69692993164062,3.8044792745495215e-05,3.4874985431088135e-05,5.1581010818481445,1.3896294832229614,-1.3276562690734863,3.8044792745495215e-05,6.260125519474968e-05,67.9473648071289,1.0734457969665527,0.6924381437476435,0.8115426854026966,7,4,24,ML_GGW_101_0007
GGW,101.0,844.0,7.0,0.0,29.36842155456543,280.0,-0.9848077530122081,0.17364817766692997,-0.4999999999999997,-0.8660254037844388,12.285649299621582,2.0841920375823975,218.89450073242188,7.443472713930532e-05,100.33843994140625,2.827455759048462,1.3278534412384033,241.81854248046875,0.0007086829864419997,99.28697204589844,-8.753992080688477,-1.105217695236206,267.5555725097656,0.004409010987728834,86.06089782714844,-5.072234630584717,0.9705575108528137,283.48760986328125,0.01093556359410286,97.31600952148438,-1.200663447380066,3.878913640975952,289.89776611328125,0.011756720952689648,83.63388061523438,4.0730825276114047e-05,2.2470072508440353e-05,13.605207443237305,0.017242932692170143,1.4312597513198853,4.0730825276114047e-05,7.492050644941628e-05,74.6408462524414,2.287341594696045,0.5926981715351664,0.37513077993591715,7,5,24,ML_GGW_101_0007
GGW,101.0,845.0,7.0,6.0,29.36842155456543,280.0,-0.9848077530122081,0.17364817766692997,-0.4999999999999997,-0.8660254037844388,10.111576080322266,0.24468782544136047,219.72496032714844,8.7280037405435e-05,107.78140258789062,1.8295139074325562,1.2601430416107178,242.1162872314453,0.000634073163382709,85.11002349853516,-7.387453556060791,-0.018291963264346123,268.4056701660156,0.004893869161605835,90.39543914794922,-3.583683490753174,1.5855438709259033,282.5882263183594,0.010375055484473705,98.14018249511719,-0.36344242095947266,4.188304901123047,289.8059387207031,0.011645574122667313,83.34407043457031,4.2348168790340424e-05,3.328399179736152e-05,11.192770957946777,0.121302030980587,1.4520775079727173,4.2348168790340424e-05,7.604972779517993e-05,72.4900894165039,2.933631181716919,0.7106279636109355,0.8984358515568858,7,6,24,ML_GGW_101_0007
GGW,101.0,846.0,7.0,12.0,29.36842155456543,280.0,-0.9848077530122081,0.17364817766692997,-0.4999999999999997,-0.8660254037844388,6.339935302734375,3.054666757583618,220.70449829101562,9.149742982117459e-05,99.91251373291016,-0.27857670187950134,1.8317369222640991,242.24075317382812,0.000700414995662868,92.21399688720703,-5.894708156585693,-1.7435104846954346,268.46484375,0.005308724939823151,98.7508316040039,-0.9324318170547485,1.0646941661834717,281.69537353515625,0.009695838205516338,97.45384216308594,1.219666838645935,4.675826072692871,288.9858703613281,0.011937273666262627,90.0540771484375,4.488175181904808e-05,4.6312285121530294e-05,5.370782375335693,0.09077706187963486,1.7766826152801514,4.488175181904808e-05,7.25704085198231e-05,70.95616149902344,1.6208795309066772,0.7818731554833096,1.2766157729663905,7,7,24,ML_GGW_101_0007
GGW,101.0,847.0,7.0,18.0,29.36842155456543,280.0,-0.9848077530122081,0.17364817766692997,-0.4999999999999997,-0.8660254037844388,4.5069355964660645,5.681257247924805,219.5084686279297,7.970181468408555e-05,99.88427734375,-0.6021929979324341,1.0889188051223755,242.6798858642578,0.0009297134820371866,113.77647399902344,-4.738799095153809,-4.245347499847412,269.0708312988281,0.005375739652663469,96.05465698242188,1.1363434791564941,-0.4651554524898529,281.65423583984375,0.00935876090079546,94.36088562011719,3.3944942951202393,4.2664618492126465,289.18359375,0.01210074033588171,90.11310577392578,4.9192622100235894e-05,5.7576409744797274e-05,1.7997698783874512,0.739356279373169,1.26522696018219,4.9192622100235894e-05,7.292706141015515e-05,72.43052673339844,0.451673299074173,0.6872892676879859,0.7874766775198305,7,8,24,ML_GGW_101_0007
GGW,101.0,848.0,8.0,0.0,29.36842155456543,280.0,-0.9848077530122081,0.17364817766692997,-0.8660254037844385,-0.5000000000000004,4.159298419952393,1.64139986038208,218.6188507080078,7.179799285950139e-05,99.95140838623047,-0.3149794936180115,-1.313193917274475,242.96820068359375,0.0009188760304823518,107.84617614746094,-3.8910820484161377,-4.4547648429870605,269.330322265625,0.005256325006484985,92.35022735595703,1.2382209300994873,-1.349153995513916,281.6442565917969,0.009307793341577053,93.9223861694336,4.028861045837402,3.00521183013916,289.81048583984375,0.012310615740716457,88.02926635742188,5.647018406307325e-05,6.073835538700223e-05,1.3700354099273682,1.0440638065338135,-0.4941001832485199,5.647018406307325e-05,6.935536657692865e-05,70.51201629638672,1.3700354099273682,0.8204047048472723,1.519091801732261,7,9,24,ML_GGW_101_0007
GGW,101.0,849.0,8.0,6.0,29.36842155456543,280.0,-0.9848077530122081,0.17364817766692997,-0.8660254037844385,-0.5000000000000004,2.55389142036438,-0.6227654814720154,217.93910217285156,6.600876804441214e-05,100.1446533203125,0.032797671854496,-1.4183778762817383,242.80838012695312,0.0008737014723010361,104.35189056396484,-0.3737618625164032,-4.4683308601379395,269.5618591308594,0.005027144216001034,87.12755584716797,2.739896774291992,-1.1487748622894287,281.7163391113281,0.009204856120049953,92.43006134033203,4.335259437561035,1.9545152187347412,289.96832275390625,0.012840504758059978,90.83124542236328,6.008316995576024e-05,5.9366222558310255e-05,3.132993459701538,1.857616662979126,-1.1407467126846313,6.008316995576024e-05,6.614068115595728e-05,67.14527893066406,1.943162202835083,0.8330425446775468,1.6073456934931825,7,10,24,ML_GGW_101_0007
GGW,101.0,850.0,8.0,12.0,29.36842155456543,280.0,-0.9848077530122081,0.17364817766692997,-0.8660254037844385,-0.5000000000000004,1.7866212129592896,0.43382543325424194,217.73992919921875,6.418123666662723e-05,100.1416015625,-0.09551629424095154,-0.1978331357240677,242.52406311035156,0.0008533365908078849,105.10311889648438,0.8701238632202148,-5.727614879608154,269.1235656738281,0.004273259546607733,77.86669921875,3.757354259490967,-2.16410231590271,281.91693115234375,0.008810840547084808,87.28024291992188,4.790046215057373,1.6315926313400269,290.1732482910156,0.01318897120654583,92.06624603271484,6.056123675080016e-05,5.5092958064051345e-05,3.2334516048431396,2.2217259407043457,-1.2048263549804688,6.056123675080016e-05,6.408531771739945e-05,66.32197570800781,1.142902135848999,0.8107375514325127,1.4548097221025436,7,11,24,ML_GGW_101_0007
GGW,101.0,851.0,8.0,18.0,29.36842155456543,280.0,-0.9848077530122081,0.17364817766692997,-0.8660254037844385,-0.5000000000000004,1.2470753192901611,0.7340368628501892,217.9419708251953,6.569232937181368e-05,99.90013122558594,0.8136394619941711,0.585381031036377,242.3901824951172,0.0008564838208258152,107.48465728759766,1.6741083860397339,-7.396012306213379,269.1313781738281,0.00373608130030334,68.80934143066406,3.7027978897094727,-3.478642225265503,282.3465576171875,0.008108800277113914,78.0355224609375,5.552194595336914,0.7107695937156677,290.6518859863281,0.013343844562768936,90.28022766113281,5.9188681916566566e-05,4.595884456648491e-05,4.305182456970215,2.5979630947113037,-1.7688934803009033,5.9188681916566566e-05,6.662990926997736e-05,67.86719512939453,1.3048577308654785,0.7674359695878207,1.193889461999794,7,12,24,ML_GGW_101_0007
GGW,101.0,852.0,8.0,0.0,31.263158798217773,282.5,-0.9762960071199335,0.21643961393810246,-0.8660254037844385,-0.5000000000000004,2.2830519676208496,0.2196628749370575,218.4597625732422,7.048523548291996e-05,99.86250305175781,1.703308343887329,-0.14750447869300842,243.95040893554688,0.0009543737978674471,101.77235412597656,-2.048938274383545,-3.4426522254943848,269.0712890625,0.005721755791455507,101.7488021850586,0.8250038623809814,1.2927337884902954,280.66534423828125,0.008155310526490211,88.04717254638672,3.2761099338531494,3.399233102798462,290.1341247558594,0.011147633194923401,78.12329864501953,5.9372301620896906e-05,5.9294707170920447e-05,3.331040382385254,1.207707166671753,0.2642945647239685,5.9372301620896906e-05,6.991941336309537e-05,66.54720306396484,0.9743514060974121,0.825659272880936,1.5551705995826444,7,13,24,ML_GGW_101_0007
GGW,101.0,853.0,8.0,6.0,31.263158798217773,282.5,-0.9762960071199335,0.21643961393810246,-0.8660254037844385,-0.5000000000000004,2.173008441925049,-2.521453857421875,218.92532348632812,6.607886462006718e-05,89.48208618164062,1.379341721534729,-0.9364727139472961,242.95639038085938,0.0008084705914370716,94.58490753173828,-1.0715367794036865,-3.915891408920288,268.5921630859375,0.0055305310525000095,101.71770477294922,2.1593241691589355,0.07303938269615173,281.5149230957031,0.007864942774176598,80.09437561035156,2.9347143173217773,1.8101143836975098,290.11865234375,0.011583702638745308,81.1982192993164,5.733525540563278e-05,4.991162859369069e-05,4.398031234741211,1.5149704217910767,-1.098132848739624,5.733525540563278e-05,6.322328408714384e-05,64.30220031738281,2.0448715686798096,0.878336508350943,1.9767708185829012,7,14,24,ML_GGW_101_0007
GGW,101.0,854.0,8.0,12.0,31.263158798217773,282.5,-0.9762960071199335,0.21643961393810246,-0.8660254037844385,-0.5000000000000004,1.745243787765503,-2.104379653930664,219.4938507080078,6.374107033479959e-05,80.48812103271484,1.551043152809143,-0.8085470795631409,242.06480407714844,0.0007291166693903506,93.89300537109375,0.2559674084186554,-6.108787536621094,268.2292785644531,0.0051300665363669395,96.28988647460938,1.9571160078048706,-2.470463991165161,282.4124755859375,0.007490092888474464,71.77377319335938,2.760507345199585,1.309045433998108,290.1915283203125,0.011892201378941536,82.89723205566406,5.6342247262364253e-05,3.8893493183422834e-05,3.5612118244171143,1.653975486755371,-2.0366263389587402,5.6342247262364253e-05,6.0008249420206994e-05,62.346134185791016,2.390131950378418,0.8834514242866861,2.025528164233342,7,15,24,ML_GGW_101_0007
GGW,101.0,855.0,8.0,18.0,31.263158798217773,282.5,-0.9762960071199335,0.21643961393810246,-0.8660254037844385,-0.5000000000000004,3.734973430633545,2.241720676422119,219.74813842773438,6.437579577323049e-05,78.73713684082031,3.1797714233398438,-1.02907133102417,241.83921813964844,0.0005721226916648448,77.62065124511719,0.13202433288097382,-9.79200553894043,268.2197570800781,0.0031870147213339806,57.68565368652344,1.4805742502212524,-3.8771932125091553,283.3802490234375,0.006872494239360094,61.67526626586914,3.9428796768188477,0.38228902220726013,290.6967468261719,0.011960378848016262,80.66670227050781,5.297791722114198e-05,2.6466390409041196e-05,1.871018648147583,2.494044780731201,-2.4148521423339844,5.297791722114198e-05,6.984428182477131e-05,63.6458740234375,1.871018648147583,0.9290733966897293,2.5725421556641077,7,16,24,ML_GGW_101_0007
GGW,101.0,856.0,8.0,0.0,33.157894134521484,285.0,-0.9659258262890684,0.2588190451025203,-0.8660254037844385,-0.5000000000000004,11.759539604187012,7.188577175140381,219.862060546875,7.941475632833317e-05,95.1969985961914,6.143248081207275,1.0820903778076172,242.10494995117188,0.0006486026104539633,86.77184295654297,-2.8359534740448,-7.018359661102295,267.7820739746094,0.0034883273765444756,65.44110107421875,0.005782026797533035,-1.6839160919189453,281.9461364746094,0.008002097718417645,79.13787841796875,1.2602434158325195,2.1184747219085693,289.6368713378906,0.010600530542433262,76.69005584716797,5.285641964292154e-05,3.404724702704698e-05,11.659380912780762,3.2665717601776123,0.33737340569496155,5.285641964292154e-05,7.257285324158147e-05,60.430870056152344,2.7454047203063965,0.8711558697039428,1.9112175342165898,7,17,24,ML_GGW_101_0007
GGW,101.0,857.0,8.0,6.0,33.157894134521484,285.0,-0.9659258262890684,0.2588190451025203,-0.8660254037844385,-0.5000000000000004,10.726374626159668,3.759406566619873,219.85250854492188,5.4482166888192296e-05,65.6774673461914,5.259576797485352,0.8190357685089111,241.146728515625,0.0003185371169820428,48.306739807128906,-1.4759169816970825,-6.2402544021606445,267.7913818359375,0.0021596020087599754,38.95914840698242,0.25147745013237,-3.9320480823516846,282.4278259277344,0.007667338475584984,73.36902618408203,0.9683642983436584,-0.775330126285553,289.56878662109375,0.010715707205235958,77.78192901611328,5.1254231948405504e-05,2.459362440276891e-05,10.760231971740723,3.145975351333618,-1.273837924003601,5.1254231948405504e-05,7.163749978644773e-05,59.112945556640625,0.7343993186950684,0.9696013032240453,3.4624852211170998,7,18,24,ML_GGW_101_0007
GGW,101.0,858.0,8.0,12.0,33.157894134521484,287.5,-0.9537169507482268,0.30070579950427345,-0.8660254037844385,-0.5000000000000004,8.935877799987793,7.5998358726501465,218.4998779296875,6.388549081748351e-05,89.99752807617188,7.039833068847656,6.438014984130859,242.10752868652344,0.0008464475977234542,109.97688293457031,3.3500661849975586,-1.2699530124664307,269.6036071777344,0.005826313514262438,98.63646697998047,4.194861888885498,1.0316417217254639,280.40350341796875,0.007916159927845001,87.01950073242188,4.122767448425293,4.286489963531494,289.4081115722656,0.010549969039857388,77.44795227050781,5.3559015213977545e-05,5.538222467293963e-05,5.843311786651611,5.52868127822876,3.61720609664917,5.3559015213977545e-05,6.047582792234607e-05,64.25865936279297,2.8104336261749268,0.7127547579874574,0.9088010506386626,7,19,24,ML_GGW_101_0007
GGW,101.0,859.0,8.0,18.0,33.157894134521484,287.5,-0.9537169507482268,0.30070579950427345,-0.8660254037844385,-0.5000000000000004,9.50399398803711,7.6948065757751465,218.5421905517578,5.979053457849659e-05,85.36587524414062,8.203685760498047,6.580272197723389,241.90365600585938,0.0006091593531891704,80.5594711303711,2.2764694690704346,-2.5597054958343506,269.3549499511719,0.004588888958096504,77.63243865966797,2.3998727798461914,-1.1265214681625366,282.26629638671875,0.007932012900710106,76.75382232666016,4.128987789154053,1.763243556022644,289.84991455078125,0.010534089989960194,75.13372039794922,5.521172715816647e-05,3.592154826037586e-05,8.004631996154785,5.3026018142700195,2.47041916847229,5.521172715816647e-05,6.0408059653127566e-05,60.863094329833984,1.3741995096206665,0.8832505638674457,2.0235788578021876,7,20,24,ML_GGW_101_0007
GGW,101.0,860.0,8.0,0.0,33.157894134521484,287.5,-0.9537169507482268,0.30070579950427345,-0.8660254037844385,-0.5000000000000004,7.885988712310791,4.27203369140625,218.7435302734375,4.6024328185012564e-05,64.12984466552734,7.256439208984375,4.918213844299316,241.67178344726562,0.0003943157789763063,53.788963317871094,1.5901398658752441,-1.1341514587402344,269.452880859375,0.0026197475381195545,43.64849853515625,1.988713026046753,-1.8615695238113403,283.11602783203125,0.008212082087993622,75.02748107910156,2.9889934062957764,-0.8939140439033508,289.813232421875,0.010800869204103947,77.11698913574219,5.064501237939112e-05,2.0811387003050186e-05,7.11811637878418,4.34205436706543,1.0601224899291992,5.064501237939112e-05,4.473938679439016e-05,56.735286712646484,1.9983093738555908,0.9679090319420661,3.406563485961569,7,21,24,ML_GGW_101_0007
GGW,101.0,861.0,8.0,6.0,33.157894134521484,290.0,-0.9396926207859083,0.342020143325669,-0.8660254037844385,-0.5000000000000004,7.049842834472656,7.5825934410095215,218.25823974609375,3.348882091813721e-05,49.21010971069336,8.463074684143066,7.024962902069092,241.40777587890625,0.0004427890235092491,59.341102600097656,6.8050360679626465,3.193082094192505,269.185302734375,0.00492565892636776,85.19652557373047,6.845398426055908,2.347705841064453,282.99212646484375,0.008703083731234074,80.16150665283203,6.1795854568481445,3.3573873043060303,289.9558410644531,0.010510320775210857,74.37973022460938,4.611833719536662e-05,2.110911918862257e-05,4.313898086547852,7.068587303161621,4.701146125793457,4.611833719536662e-05,3.328499224153347e-05,60.5865592956543,1.0663201808929443,0.8804355826006489,1.9965614813706671,7,22,24,ML_GGW_101_0007
GGW,101.0,862.0,8.0,12.0,33.157894134521484,290.0,-0.9396926207859083,0.342020143325669,-0.8660254037844385,-0.5000000000000004,5.90507173538208,7.1486358642578125,218.1200408935547,3.0268703994806856e-05,45.47368621826172,8.156048774719238,5.625442028045654,241.09555053710938,0.00033186751534231007,46.206748962402344,6.96468448638916,2.826354503631592,269.4490051269531,0.003372621489688754,57.26065444946289,5.795202732086182,1.3688570261001587,283.1875305175781,0.00923539325594902,84.00010681152344,6.119317054748535,2.242016553878784,290.0680847167969,0.010980615392327309,77.07518768310547,4.418533353600651e-05,1.4976566490076948e-05,4.911294460296631,6.588065147399902,3.8422610759735107,4.418533353600651e-05,2.6611503926687874e-05,58.71210861206055,1.9000341892242432,0.9258754030398877,2.5249922516376104,7,23,24,ML_GGW_101_0007
GGW,101.0,863.0,8.0,18.0,33.157894134521484,290.0,-0.9396926207859083,0.342020143325669,-0.8660254037844385,-0.5000000000000004,5.838724613189697,5.280569076538086,218.09962463378906,2.835239502019249e-05,42.568477630615234,7.226461410522461,4.454173564910889,241.00650024414062,0.000315506273182109,44.322425842285156,6.6428914070129395,3.0693094730377197,269.29376220703125,0.002565228147432208,44.842552185058594,6.058635711669922,0.3018980324268341,283.3594055175781,0.008440298028290272,75.89794921875,5.991490840911865,-0.4809633791446686,290.2279052734375,0.011231478303670883,78.04319763183594,4.056138277519494e-05,9.28241843212163e-06,5.763557434082031,6.351640701293945,2.5249972343444824,4.056138277519494e-05,1.892027648864314e-05,57.2645263671875,2.3889777660369873,0.9184548497804543,2.4215358897002996,7,24,24,ML_GGW_101_0007
GGW,101.0,857.0,8.0,6.0,12.315789222717285,320.0,-0.6427876096865396,0.7660444431189778,-0.8660254037844385,-0.5000000000000004,-4.131136417388916,2.0546669960021973,219.76141357421875,8.593121310696006e-05,103.5592269897461,-1.144405484199524,-0.7294349074363708,244.15005493164062,0.001139131491072476,121.03675842285156,-3.1277308464050293,-1.936948299407959,269.55645751953125,0.00591331347823143,101.3275375366211,-1.905430793762207,-1.9029207229614258,279.7071838378906,0.008773013018071651,101.04351043701172,2.3163750171661377,-1.8692795038223267,289.7021484375,0.013648131862282753,98.22390747070312,9.539341408526525e-05,9.778502135304734e-05,7.547698974609375,-1.5984656810760498,-0.8767832517623901,9.539341408526525e-05,9.778502135304734e-05,75.28369140625,0.41054782271385193,0.7352173895176206,1.0212570720105782,8,1,56,ML_GGW_101_0008
GGW,101.0,858.0,8.0,12.0,12.315789222717285,320.0,-0.6427876096865396,0.7660444431189778,-0.8660254037844385,-0.5000000000000004,-2.9387316703796387,2.3264920711517334,220.495849609375,9.183172369375825e-05,99.89318084716797,0.3525385856628418,2.123218536376953,245.29434204101562,0.0012709615984931588,121.13196563720703,-1.7056732177734375,3.7405474185943604,269.5472106933594,0.005824643187224865,100.07981872558594,-0.11535774916410446,1.6087586879730225,280.0824890136719,0.008966886438429356,100.61198425292969,3.1000266075134277,1.1835336685180664,289.8976745605469,0.013918362557888031,98.91665649414062,0.00010454747825860977,0.0001037197289406322,6.145970821380615,-0.2614395022392273,2.196510076522827,0.00010454747825860977,0.0001037197289406322,75.6818618774414,2.3867149353027344,0.7257987421181593,0.9734104071015981,8,2,56,ML_GGW_101_0008
GGW,101.0,859.0,8.0,18.0,12.315789222717285,320.0,-0.6427876096865396,0.7660444431189778,-0.8660254037844385,-0.5000000000000004,-0.7148120999336243,1.3792799711227417,221.3709259033203,0.00010986021516146138,107.39312744140625,3.1303470134735107,6.681769371032715,245.42042541503906,0.0013130991719663143,124.35932159423828,2.6945745944976807,11.105785369873047,269.1913146972656,0.00549786351621151,97.40191650390625,1.7439197301864624,4.722765922546387,280.55255126953125,0.009183017536997795,99.78794860839844,4.790440559387207,4.883350849151611,290.2659912109375,0.01416260190308094,98.34271240234375,9.405113087268546e-05,9.708713332656771e-05,6.525819778442383,2.3288941383361816,5.7545905113220215,9.405113087268546e-05,0.00010319542343495414,76.28901672363281,2.5326120853424072,0.5821530381920751,0.3316181199759194,8,3,56,ML_GGW_101_0008
GGW,101.0,860.0,8.0,0.0,12.315789222717285,317.5,-0.6755902076156605,0.7372773368101239,-0.8660254037844385,-0.5000000000000004,-4.42151403427124,-0.20122255384922028,220.8096923828125,9.608321852283552e-05,100.48451232910156,0.25880077481269836,4.160075664520264,245.22596740722656,0.001277147326618433,123.01903533935547,0.7875269055366516,5.973338603973389,268.83270263671875,0.005358024500310421,97.67224884033203,-0.5098413228988647,-0.6766982078552246,279.69342041015625,0.008723944425582886,100.58187866210938,2.838176727294922,-0.30107614398002625,290.033935546875,0.014053775928914547,99.0160140991211,8.908295421861112e-05,0.00010369790106778964,7.260377407073975,-0.20937013626098633,1.7908834218978882,8.908295421861112e-05,0.00010369790106778964,74.74947357177734,3.3973143100738525,0.6948651889020171,0.8229641713942428,8,4,56,ML_GGW_101_0008
GGW,101.0,861.0,8.0,6.0,12.315789222717285,317.5,-0.6755902076156605,0.7372773368101239,-0.8660254037844385,-0.5000000000000004,-0.4790528416633606,-0.3738694190979004,220.1133270263672,9.002664592117071e-05,103.1727523803711,5.60194206237793,9.658446311950684,244.05873107910156,0.0011374037712812424,122.5893325805664,5.301758766174316,15.823168754577637,269.27606201171875,0.005110474303364754,90.60369873046875,0.7886791229248047,5.234951496124268,279.9023742675781,0.008646843954920769,98.28971099853516,4.490476131439209,4.012869358062744,290.2004089355469,0.014059625566005707,98.01800537109375,9.027442138176411e-05,7.48391030356288e-05,6.628702640533447,3.140760898590088,6.8711137771606445,9.027442138176411e-05,0.00010185284190811217,74.65784454345703,5.130763053894043,0.5953325878553819,0.3860546954127919,8,5,56,ML_GGW_101_0008
GGW,101.0,862.0,8.0,12.0,14.210526466369629,317.5,-0.6755902076156605,0.7372773368101239,-0.8660254037844385,-0.5000000000000004,-3.0166735649108887,1.7331817150115967,220.2073516845703,8.9209497673437e-05,100.76868438720703,0.6874136924743652,11.101534843444824,245.01290893554688,0.0012184574734419584,118.71045684814453,-0.5826552510261536,17.69739532470703,269.41015625,0.0052790567278862,92.40048217773438,-9.361774444580078,9.770842552185059,282.00390625,0.008215685375034809,80.89775085449219,-5.593259811401367,6.873863220214844,291.3308410644531,0.013581698760390282,88.09957122802734,7.851178816054016e-05,6.766583828721195e-05,5.7502522468566895,-3.573389768600464,9.43536376953125,7.851178816054016e-05,0.0001041291470755823,64.90824127197266,5.024337291717529,0.6217208057723397,0.4968585946011701,8,6,56,ML_GGW_101_0008
GGW,101.0,863.0,8.0,18.0,14.210526466369629,315.0,-0.7071067811865477,0.7071067811865474,-0.8660254037844385,-0.5000000000000004,-5.1235785484313965,1.508277416229248,221.30838012695312,0.0001016730020637624,100.02445220947266,-1.8799476623535156,10.061073303222656,245.69094848632812,0.0013128988211974502,120.49760437011719,-1.9355340003967285,12.448847770690918,269.4810485839844,0.005618891678750515,97.32041931152344,-6.55922794342041,4.79279088973999,279.9892272949219,0.008334789425134659,94.23944854736328,-5.04160213470459,1.9188661575317383,291.38641357421875,0.013359036296606064,86.36045837402344,8.313370926771313e-05,9.903247701004148e-05,0.41869232058525085,-4.107977867126465,6.145971775054932,8.313370926771313e-05,9.903247701004148e-05,65.27452087402344,0.41869232058525085,0.6642999036167322,0.6825155184839526,8,7,56,ML_GGW_101_0008
GGW,101.0,864.0,8.0,0.0,14.210526466369629,315.0,-0.7071067811865477,0.7071067811865474,-0.8660254037844385,-0.5000000000000004,-1.442795753479004,-2.2610104084014893,220.95172119140625,9.64392238529399e-05,100.20556640625,-2.250549077987671,14.18016529083252,242.34219360351562,0.0009362543933093548,119.68681335449219,2.635582208633423,17.207910537719727,269.8376770019531,0.00585524644702673,96.89835357666016,-3.5348405838012695,9.602890014648438,281.8541259765625,0.0077638449147343636,77.25396728515625,-1.3653545379638672,6.4055328369140625,291.2991027832031,0.012885956093668938,83.72969055175781,7.690305210417137e-05,6.72525420668535e-05,8.666889190673828,-1.191591501235962,9.027097702026367,7.690305210417137e-05,0.00010506779653951526,66.94429779052734,3.440340042114258,0.6057612363122707,0.42952918398442574,8,8,56,ML_GGW_101_0008
GGW,101.0,865.0,8.0,6.0,14.210526466369629,312.5,-0.7372773368101242,0.6755902076156601,-0.8660254037844385,-0.5000000000000004,-4.2988715171813965,-3.5911738872528076,220.34385681152344,8.799253555480391e-05,99.08128356933594,0.7134540677070618,11.089517593383789,242.48388671875,0.0008443894330412149,105.1095962524414,0.6526282429695129,10.764913558959961,270.05450439453125,0.006016409490257502,98.40708923339844,-2.2155256271362305,4.577398777008057,280.744873046875,0.007968641817569733,85.47650909423828,-2.734172821044922,2.612227439880371,290.8524169921875,0.013106290251016617,87.64573669433594,8.357796468771994e-05,7.999351510079578e-05,6.397692680358887,-1.5764975547790527,5.090576171875,8.357796468771994e-05,8.455415081698447e-05,67.43006134033203,5.489355087280273,0.7896230242740102,1.3226546031936248,8,9,56,ML_GGW_101_0008
GGW,101.0,866.0,8.0,12.0,14.210526466369629,310.0,-0.7660444431189781,0.6427876096865393,-0.8660254037844385,-0.5000000000000004,-8.382407188415527,-3.60162091255188,219.8622589111328,8.41091969050467e-05,99.73930358886719,-1.8502949476242065,5.819754600524902,243.9693603515625,0.0010377722792327404,112.10855865478516,0.9910096526145935,5.74760103225708,269.98486328125,0.006044754758477211,99.54132843017578,-1.3794101476669312,-0.6275518536567688,280.4211120605469,0.007955688051879406,87.25981140136719,-2.3720452785491943,-1.6617172956466675,290.8856201171875,0.01282232254743576,85.51982879638672,7.271386857610196e-05,7.401002221740782e-05,6.315669059753418,-2.5986294746398926,1.1352930068969727,7.271386857610196e-05,7.64217329560779e-05,65.5045394897461,6.070669174194336,0.7335232307313606,1.0125721980708664,8,10,56,ML_GGW_101_0008
GGW,101.0,867.0,8.0,18.0,16.105262756347656,310.0,-0.7660444431189781,0.6427876096865393,-0.8660254037844385,-0.5000000000000004,-5.986842632293701,-2.4756736755371094,220.04783630371094,8.689604146638885e-05,100.486328125,-4.000820159912109,8.045939445495605,243.53927612304688,0.0010214060312137008,115.70291900634766,-4.691038608551025,9.008919715881348,270.7285461425781,0.006318575702607632,97.8563232421875,-7.125572681427002,3.349454879760742,282.0438537597656,0.008310322649776936,81.64627838134766,-8.210372924804688,0.5581911206245422,291.2244873046875,0.01243721041828394,81.19453430175781,7.328776700887829e-05,6.951594696147367e-05,3.7614388465881348,-6.002929210662842,3.697366237640381,7.328776700887829e-05,6.970567483222112e-05,66.4680404663086,3.7614388465881348,0.7084496322659752,0.8878661869674145,8,11,56,ML_GGW_101_0008
GGW,101.0,868.0,8.0,0.0,16.105262756347656,310.0,-0.7660444431189781,0.6427876096865393,-0.8660254037844385,-0.5000000000000004,-6.924661636352539,-3.951713800430298,219.24522399902344,7.273781375261024e-05,93.40963745117188,-7.393706321716309,7.09274435043335,241.58843994140625,0.0005730398697778583,85.63661193847656,-1.853280782699585,11.605557441711426,270.85089111328125,0.004215794615447521,61.05373764038086,-4.414334297180176,8.706395149230957,283.61956787109375,0.007911586202681065,69.84136199951172,-6.331557750701904,4.073826789855957,291.2120056152344,0.012019244953989983,78.49281311035156,6.833298539277166e-05,3.445269612711854e-05,8.047426223754883,-5.383508205413818,5.505362033843994,6.833298539277166e-05,6.812399078626186e-05,72.67084503173828,3.155412435531616,0.8449087146653509,1.6952147103332509,8,12,56,ML_GGW_101_0008
GGW,101.0,869.0,8.0,6.0,16.105262756347656,307.5,-0.7933533402912352,0.6087614290087205,-0.8660254037844385,-0.5000000000000004,-9.509872436523438,-3.009141683578491,219.10504150390625,6.411221693269908e-05,83.12527465820312,-5.828071594238281,6.150966644287109,241.56967163085938,0.0005550511996261775,85.08123779296875,-1.3982455730438232,8.48173999786377,270.79827880859375,0.004529392812401056,66.46455383300781,-5.154099464416504,3.8707916736602783,283.3663024902344,0.008100860752165318,72.75591278076172,-6.989168643951416,0.6828039884567261,290.7373352050781,0.011840229853987694,79.66475677490234,6.696645868942142e-05,3.961836773669347e-05,4.47039270401001,-5.775891304016113,3.2354321479797363,6.696645868942142e-05,5.621338277705945e-05,69.34650421142578,4.47039270401001,0.9126234123112896,2.3460959513189676,8,13,56,ML_GGW_101_0008
GGW,101.0,870.0,8.0,12.0,16.105262756347656,305.0,-0.8191520442889918,0.573576436351046,-0.8660254037844385,-0.5000000000000004,-11.83092212677002,-1.1816034317016602,219.05062866210938,4.7166424337774515e-05,61.71054458618164,-6.681812286376953,4.01163387298584,242.01605224609375,0.000526144343893975,76.7756118774414,-2.677373170852661,5.484123706817627,270.468994140625,0.004804068710654974,73.67527770996094,-4.035172462463379,0.7201020121574402,283.2037048339844,0.008561819791793823,77.70350646972656,-4.952868461608887,-1.6775118112564087,290.4917297363281,0.01113951113075018,76.19969940185547,6.0571328504011035e-05,3.6532477679429576e-05,6.895907878875732,-6.035630226135254,1.4713488817214966,6.0571328504011035e-05,4.634921424440108e-05,64.19889068603516,4.665698528289795,0.9541600430152368,3.035675283323922,8,14,56,ML_GGW_101_0008
GGW,101.0,871.0,8.0,18.0,18.0,305.0,-0.8191520442889918,0.573576436351046,-0.8660254037844385,-0.5000000000000004,-8.418309211730957,-2.8572967052459717,218.798095703125,5.831620001117699e-05,77.54190063476562,-7.151704788208008,4.390822887420654,241.96319580078125,0.0004579281958285719,70.9084243774414,-7.656246662139893,8.995647430419922,270.74383544921875,0.003564339829608798,52.77458572387695,-8.094281196594238,6.666388034820557,283.9170227050781,0.009695447981357574,83.9732894897461,-9.09842300415039,2.4760851860046387,290.8554992675781,0.01224665716290474,81.76589965820312,5.7807774282991886e-05,2.2777356207370758e-05,5.376570701599121,-8.083792686462402,3.9343295097351074,5.7807774282991886e-05,4.4187767343828455e-05,73.38548278808594,4.184656620025635,0.9076621386908191,2.285417959637871,8,15,56,ML_GGW_101_0008
GGW,101.0,872.0,8.0,0.0,18.0,302.5,-0.8433914458128857,0.5372996083468239,-0.8660254037844385,-0.5000000000000004,-10.304757118225098,-3.194432258605957,218.52734375,6.661697261733934e-05,93.88153076171875,-7.716240882873535,5.226644039154053,241.9037322998047,0.0004701301222667098,72.52426147460938,-6.3470354080200195,7.704127788543701,270.6773681640625,0.0037028149235993624,56.35636520385742,-6.194397449493408,2.4969892501831055,284.02081298828125,0.010916038416326046,93.8489761352539,-8.195810317993164,-1.6696523427963257,290.34814453125,0.012015411630272865,82.8499526977539,5.4205429478315637e-05,2.8039659810019657e-05,2.602423906326294,-7.75164794921875,2.1127352714538574,5.4205429478315637e-05,4.8930483899312094e-05,67.72716522216797,2.602423906326294,0.8459717478760033,1.7033499231645948,8,16,56,ML_GGW_101_0008
GGW,101.0,873.0,8.0,6.0,18.0,302.5,-0.8433914458128857,0.5372996083468239,-0.8660254037844385,-0.5000000000000004,-11.247271537780762,-4.789061546325684,218.5587158203125,5.7067729358095676e-05,81.22083282470703,-10.630606651306152,3.964109420776367,241.62844848632812,0.0002869646705221385,51.15436553955078,-8.104236602783203,8.3743257522583,271.1105041503906,0.0015180420596152544,22.151905059814453,-6.7143168449401855,5.551708698272705,284.2285461425781,0.01051146537065506,89.22003173828125,-8.658662796020508,3.7535910606384277,290.5867919921875,0.011757837608456612,79.8684310913086,5.0974129408132285e-05,9.593159120413475e-06,8.926241874694824,-9.071019172668457,3.3709347248077393,5.0974129408132285e-05,4.178061135462485e-05,71.77330017089844,5.0194315910339355,0.7792625022612352,1.2613737599904384,8,17,56,ML_GGW_101_0008
GGW,101.0,874.0,8.0,12.0,18.0,300.0,-0.8660254037844386,0.5000000000000001,-0.8660254037844385,-0.5000000000000004,-13.951695442199707,-5.322917461395264,218.8116912841797,5.973720544716343e-05,82.75643920898438,-9.843469619750977,4.078749656677246,241.4890594482422,0.00024355390632990748,43.876895904541016,-6.434006690979004,6.475285053253174,271.2584533691406,0.0020859602373093367,30.156984329223633,-5.967121601104736,4.624014854431152,284.4667663574219,0.011073827743530273,92.44490051269531,-5.628056526184082,3.810426712036133,290.58856201171875,0.011557172052562237,78.5545654296875,4.915952740702778e-05,1.4724363609275315e-05,12.357222557067871,-8.364870071411133,2.73311185836792,4.915952740702778e-05,4.2058560211444274e-05,66.28569793701172,1.775085687637329,0.8106023801458243,1.4539290365613122,8,18,56,ML_GGW_101_0008
GGW,101.0,875.0,8.0,18.0,19.894737243652344,297.5,-0.8870108331782216,0.4617486132350341,-0.8660254037844385,-0.5000000000000004,-9.02779769897461,-6.405176162719727,219.41836547851562,7.880714838393033e-05,99.93753051757812,-2.0770668983459473,4.959627628326416,241.6348876953125,0.0006037057028152049,88.4451675415039,-4.291784763336182,6.56255578994751,270.2222900390625,0.00442896643653512,71.01895904541016,-6.897797107696533,4.3774027824401855,284.50054931640625,0.011400568298995495,94.91629028320312,-7.590939521789551,1.9914615154266357,290.83099365234375,0.012700429186224937,85.01725006103516,5.1984006859129295e-05,2.0458732251427136e-05,8.518691062927246,-5.977076530456543,2.2971742153167725,5.1984006859129295e-05,4.1702453017933294e-05,75.6152114868164,3.0365593433380127,0.665916696753936,0.6897742099728674,8,19,56,ML_GGW_101_0008
GGW,101.0,876.0,8.0,0.0,19.894737243652344,295.0,-0.9063077870366498,0.4226182617406996,-0.8660254037844385,-0.5000000000000004,-11.147202491760254,-3.365976095199585,218.9859161376953,7.445933442795649e-05,99.92597198486328,-2.5694403648376465,4.089902400970459,241.29762268066406,0.0003751344047486782,60.19942855834961,-1.768173336982727,2.4151253700256348,270.4071044921875,0.003959169145673513,60.621273040771484,-5.876843452453613,0.5008188486099243,284.56634521484375,0.011762524954974651,97.53194427490234,-6.714598655700684,-1.825156331062317,290.9514465332031,0.01269051805138588,84.31214141845703,4.7012388677103445e-05,1.6401458196924068e-05,4.6927714347839355,-5.6152520179748535,0.3629428744316101,4.7012388677103445e-05,4.756423004437238e-05,73.10774993896484,4.6927714347839355,0.723830632814512,0.963543105708343,8,20,56,ML_GGW_101_0008
GGW,101.0,877.0,8.0,6.0,21.789474487304688,292.5,-0.9238795325112866,0.38268343236509,-0.8660254037844385,-0.5000000000000004,-8.596896171569824,-0.7168334722518921,220.82080078125,9.314918133895844e-05,98.4726791381836,-0.7665404081344604,-0.25451961159706116,242.04867553710938,0.00037138155312277377,51.694480895996094,-1.8612877130508423,-1.4899450540542603,270.1712951660156,0.005293426103889942,81.67510986328125,-9.621917724609375,0.11897788941860199,283.6692199707031,0.010055813938379288,88.47502136230469,-11.856122970581055,-1.3261903524398804,290.4917297363281,0.013958838768303394,95.4499740600586,4.319619620218873e-05,2.909459908551071e-05,3.3157012462615967,-6.540553092956543,-0.7337020635604858,4.319619620218873e-05,3.89335400541313e-05,76.38910675048828,3.3157012462615967,0.7746763538668536,1.23490753829978,8,21,56,ML_GGW_101_0008
GGW,101.0,878.0,8.0,12.0,21.789474487304688,292.5,-0.9238795325112866,0.38268343236509,-0.8660254037844385,-0.5000000000000004,-6.426840305328369,-5.602673053741455,222.84149169921875,0.00011908852320630103,99.87248229980469,0.44698774814605713,-2.3982648849487305,243.12791442871094,0.0005556182004511356,71.6316909790039,-2.1258509159088135,3.0651426315307617,270.46490478515625,0.004605126567184925,70.83695983886719,-8.634370803833008,5.489531517028809,283.73773193359375,0.010204947553575039,89.38065338134766,-10.437601089477539,4.906169891357422,290.62109375,0.013891653157770634,94.18488311767578,4.589264790411107e-05,2.8161995942355134e-05,11.248198509216309,-5.435534954071045,1.0919811725616455,4.589264790411107e-05,3.6636654840549454e-05,73.82402038574219,5.4159064292907715,0.7709632938898816,1.2137584845864247,8,22,56,ML_GGW_101_0008
GGW,101.0,879.0,8.0,18.0,21.789474487304688,290.0,-0.9396926207859083,0.342020143325669,-0.8660254037844385,-0.5000000000000004,-6.224916458129883,-0.6987388730049133,220.20877075195312,8.709542453289032e-05,101.361083984375,-1.0739235877990723,-1.1214672327041626,241.78282165527344,0.0002461690455675125,38.44822311401367,-0.312884658575058,-0.79638671875,270.2486877441406,0.005134235601872206,76.27094268798828,-5.871097087860107,1.7088441848754883,284.91009521484375,0.010051214136183262,81.40425872802734,-7.535825252532959,1.0318366289138794,291.2619934082031,0.01342109777033329,87.40522766113281,4.757721399073489e-05,1.7226033378392458e-05,2.1710305213928223,-4.203729629516602,0.024817585945129395,4.757721399073489e-05,3.666522025014274e-05,71.94744110107422,2.1710305213928223,0.7538720219606969,1.1193709848655171,8,23,56,ML_GGW_101_0008
GGW,101.0,880.0,8.0,0.0,21.789474487304688,287.5,-0.9537169507482268,0.30070579950427345,-0.8660254037844385,-0.5000000000000004,-2.192269802093506,3.165036201477051,219.21966552734375,7.00410091667436e-05,94.12445068359375,-2.1843671798706055,2.1576273441314697,242.61944580078125,9.488554496783763e-05,14.403767585754395,-2.9290506839752197,-2.571347236633301,270.4523010253906,0.0038404082879424095,54.93491744995117,-6.176555156707764,-1.4696928262710571,284.7381286621094,0.011099335737526417,91.03343200683594,-7.262240886688232,-1.2257996797561646,291.46630859375,0.013266513124108315,85.24794006347656,4.143947808188386e-05,4.082368832314387e-06,6.707014560699463,-4.14889669418335,0.011164712719619274,4.143947808188386e-05,3.0089537176536396e-05,69.3731689453125,6.707014560699463,0.7172720613967748,0.9309701251365596,8,24,56,ML_GGW_101_0008
GGW,101.0,881.0,8.0,6.0,21.789474487304688,287.5,-0.9537169507482268,0.30070579950427345,-0.8660254037844385,-0.5000000000000004,-1.6927683353424072,-2.0205695629119873,220.05653381347656,8.24471062514931e-05,98.51309204101562,-1.9050194025039673,0.4620855450630188,242.58396911621094,0.0002496357774361968,34.44899368286133,-3.396238088607788,-1.6126155853271484,270.3082580566406,0.0038814933504909277,57.040016174316406,-5.2083868980407715,2.5298213958740234,284.4086608886719,0.010878070257604122,91.18034362792969,-5.640016555786133,3.156095504760742,290.9877624511719,0.013573484495282173,89.88542938232422,4.0397913835477084e-05,3.8368084460671525e-06,6.509887218475342,-3.568485975265503,0.5029634237289429,4.0397913835477084e-05,2.0808636691072024e-05,70.16798400878906,6.509887218475342,0.7133212920747063,0.9115698348483674,8,25,56,ML_GGW_101_0008
GGW,101.0,882.0,8.0,12.0,21.789474487304688,285.0,-0.9659258262890684,0.2588190451025203,-0.8660254037844385,-0.5000000000000004,-1.702829122543335,-1.3419020175933838,220.4546661376953,8.711637201486155e-05,99.2281494140625,-2.9990389347076416,2.2705581188201904,242.585693359375,0.000312778603984043,40.7872200012207,-3.673518419265747,0.30997201800346375,270.4387512207031,0.0034061335027217865,51.66242218017578,-3.479703426361084,1.137717366218567,284.7498474121094,0.010253911837935448,83.9442138671875,-4.078752517700195,0.9847636818885803,291.0514831542969,0.01365756057202816,90.07183074951172,3.9794314943719655e-05,3.832788934232667e-06,3.3254148960113525,-3.1867682933807373,0.672221839427948,3.9794314943719655e-05,1.258461725228699e-05,71.15990447998047,3.3254148960113525,0.6617526336423812,0.6711143399758386,8,26,56,ML_GGW_101_0008
GGW,101.0,883.0,8.0,18.0,23.6842098236084,285.0,-0.9659258262890684,0.2588190451025203,-0.8660254037844385,-0.5000000000000004,-0.823401153087616,-2.5318825244903564,223.51841735839844,0.00012761431571561843,98.77027130126953,-2.410637855529785,-0.0980309396982193,243.5485382080078,0.0006527599762193859,77.07775115966797,-1.4750239849090576,0.8816701173782349,270.0881652832031,0.005198647268116474,82.38365173339844,-3.511345148086548,2.279676914215088,284.27935791015625,0.009651800617575645,81.54183197021484,-5.030580043792725,2.219484806060791,291.4903869628906,0.013207679614424706,84.77031707763672,4.052346048410982e-05,1.962313035619445e-05,6.346325874328613,-2.6501975059509277,0.5501836538314819,4.052346048410982e-05,2.3879498257883824e-05,66.13436889648438,3.4528141021728516,0.6661405206320601,0.6907804562310016,8,27,56,ML_GGW_101_0008
GGW,101.0,884.0,8.0,0.0,23.6842098236084,285.0,-0.9659258262890684,0.2588190451025203,-0.8660254037844385,-0.5000000000000004,-7.022562026977539,-3.8631443977355957,222.87095642089844,0.0001196146768052131,99.87118530273438,-3.4300873279571533,-1.765990138053894,244.0435028076172,0.0009004816529341042,100.17414855957031,3.884572744369507,1.0236135721206665,269.91522216796875,0.005332484375685453,87.92969512939453,-2.0443546772003174,3.4818782806396484,284.26300048828125,0.0097429770976305,82.40619659423828,-4.225704669952393,3.561039686203003,291.50811767578125,0.012955775484442711,83.07763671875,3.926015051547438e-05,3.965630094171502e-05,7.933531284332275,-2.567626953125,0.4874793589115143,3.926015051547438e-05,5.119702473166399e-05,63.49827575683594,3.2121639251708984,0.6605002980385856,0.6655245060707526,8,28,56,ML_GGW_101_0008
GGW,101.0,885.0,8.0,6.0,23.6842098236084,282.5,-0.9762960071199335,0.21643961393810246,-0.8660254037844385,-0.5000000000000004,-7.903618335723877,-0.43495872616767883,220.44273376464844,8.976257231552154e-05,100.7172622680664,2.26236891746521,-2.5442190170288086,242.12364196777344,0.0005552894435822964,81.33222961425781,2.5680787563323975,-5.4498748779296875,269.9837341308594,0.0052774096839129925,81.92022705078125,-2.612285614013672,-1.8165996074676514,284.31097412109375,0.009238749742507935,77.88346099853516,-4.654280185699463,-0.3391713500022888,291.3477783203125,0.012761367484927177,82.66954803466797,3.946351716876961e-05,2.6567027816781774e-05,3.2507495880126953,-2.0679473876953125,-2.116964817047119,3.946351716876961e-05,7.636149530299008e-05,64.80305480957031,3.2507495880126953,0.6993331734847754,0.8441245086738745,8,29,56,ML_GGW_101_0008
GGW,101.0,886.0,8.0,12.0,23.6842098236084,282.5,-0.9762960071199335,0.21643961393810246,-0.8660254037844385,-0.5000000000000004,-6.675683975219727,-2.151111602783203,219.52809143066406,7.604294660268351e-05,94.34722137451172,2.0568528175354004,-6.8106513023376465,242.1165771484375,0.0007284570019692183,96.68390655517578,2.2142250537872314,-5.002868175506592,270.4122314453125,0.0062438505701720715,98.94664001464844,-0.8996757864952087,1.7849866151809692,283.4341735839844,0.009872079826891422,88.3272705078125,-2.382870674133301,3.492832899093628,291.24737548828125,0.013075297698378563,85.27802276611328,4.47215061285533e-05,4.14381138398312e-05,7.091005325317383,-1.1374305486679077,-1.7373625040054321,4.47215061285533e-05,6.748465239070356e-05,64.82199096679688,4.5055460929870605,0.7175269682805465,0.9322274502915151,8,30,56,ML_GGW_101_0008
GGW,101.0,887.0,8.0,18.0,23.6842098236084,282.5,-0.9762960071199335,0.21643961393810246,-0.8660254037844385,-0.5000000000000004,-6.254880428314209,-4.956246852874756,220.10440063476562,8.760710625210777e-05,100.38298797607422,0.4854150414466858,-7.684882640838623,244.75836181640625,0.001154219964519143,113.56859588623047,3.955657958984375,-2.0275139808654785,270.47509765625,0.006258678622543812,100.04457092285156,1.9006733894348145,4.147803783416748,282.8959655761719,0.01044914685189724,96.8598861694336,0.479137659072876,5.41990327835083,291.1890563964844,0.01366882398724556,89.48579406738281,4.964593244949356e-05,6.040098742232658e-05,12.369781494140625,0.11320070922374725,-1.020187258720398,4.964593244949356e-05,6.315203791018575e-05,64.04991912841797,3.0957775115966797,0.6491964288142544,0.6155088941578366,8,31,56,ML_GGW_101_0008
GGW,101.0,888.0,8.0,0.0,25.578947067260742,282.5,-0.9762960071199335,0.21643961393810246,-0.8660254037844385,-0.5000000000000004,0.3334852159023285,2.2096736431121826,221.5604248046875,0.00010741117876023054,103.44717407226562,-6.5541863441467285,-2.0156071186065674,245.18650817871094,0.0012157843448221684,116.61739349365234,-7.667660236358643,-1.0029038190841675,270.0904235839844,0.005842362996190786,96.50030517578125,-5.064302921295166,4.178675174713135,280.7353820800781,0.00934621598571539,100.36521911621094,-5.444145202636719,5.219076156616211,291.47601318359375,0.013335161842405796,85.77239990234375,5.1018498197663575e-05,7.835467113181949e-05,6.514408111572266,-4.879361629486084,1.717782735824585,5.1018498197663575e-05,8.00204070401378e-05,61.56208038330078,5.815863609313965,0.7644042660206994,1.1769794486606604,8,32,56,ML_GGW_101_0008
GGW,101.0,889.0,8.0,6.0,23.6842098236084,280.0,-0.9848077530122081,0.17364817766692997,-0.8660254037844385,-0.5000000000000004,-5.618494033813477,-2.0187149047851562,221.56423950195312,9.93700377875939e-05,99.05170440673828,0.7861254811286926,-8.98767375946045,242.4098663330078,0.00036101791192777455,44.15971755981445,1.9952510595321655,-9.962294578552246,269.5496826171875,0.005783115979284048,96.49883270263672,-0.24237337708473206,-3.850489377975464,283.1155090332031,0.007599636446684599,69.3538818359375,0.2614493668079376,-1.4740928411483765,291.2886047363281,0.012954702600836754,84.2272720336914,5.149126081960276e-05,4.563411857816391e-05,5.905111789703369,-0.5636082887649536,-5.258652687072754,5.149126081960276e-05,7.879413169575855e-05,66.22512817382812,4.427511215209961,0.8220456816010222,1.530269088089014,8,33,56,ML_GGW_101_0008
GGW,101.0,890.0,8.0,12.0,23.6842098236084,280.0,-0.9848077530122081,0.17364817766692997,-0.8660254037844385,-0.5000000000000004,-4.667644023895264,-2.3186323642730713,220.7165069580078,8.660726598463953e-05,94.32148742675781,-0.7977250814437866,-7.900770664215088,242.50900268554688,0.0008492654887959361,103.94790649414062,1.7851868867874146,-7.36788272857666,270.210693359375,0.006132866255939007,99.44256591796875,0.9842997193336487,-0.9310011267662048,282.25274658203125,0.00838424637913704,81.15251159667969,1.2550181150436401,1.188078761100769,291.2877197265625,0.012994762510061264,84.51078033447266,5.593360401690006e-05,5.6626464356668293e-05,6.882946491241455,-0.2881729304790497,-3.4660420417785645,5.593360401690006e-05,6.691788439638913e-05,68.1847915649414,4.484873294830322,0.7779721355012875,1.2538878182301536,8,34,56,ML_GGW_101_0008
GGW,101.0,891.0,8.0,18.0,23.6842098236084,280.0,-0.9848077530122081,0.17364817766692997,-0.8660254037844385,-0.5000000000000004,-3.615248680114746,-4.078681468963623,219.94244384765625,8.585020259488374e-05,100.94358825683594,0.0522320419549942,-6.751581192016602,244.4277801513672,0.0011136423563584685,112.93111419677734,2.962369918823242,-5.24781608581543,270.4520263671875,0.00626368448138237,100.25245666503906,2.796893835067749,0.5630382895469666,281.6583557128906,0.00895566027611494,90.32549285888672,2.7549309730529785,3.053529977798462,291.30511474609375,0.01327564474195242,86.2530517578125,6.224675598787144e-05,6.972157279960811e-05,9.562825202941895,0.9902356266975403,-2.492302417755127,6.224675598787144e-05,6.972157279960811e-05,68.45614624023438,2.0633270740509033,0.7251922929579792,0.9703652453937979,8,35,56,ML_GGW_101_0008
GGW,101.0,892.0,8.0,0.0,23.6842098236084,280.0,-0.9848077530122081,0.17364817766692997,-0.8660254037844385,-0.5000000000000004,-0.023810526356101036,-3.4884607791900635,219.97341918945312,9.093747939914465e-05,106.65147399902344,0.3039804995059967,-5.3066630363464355,245.11236572265625,0.0011965291341766715,113.46833801269531,1.2656644582748413,-4.425101280212402,270.2741394042969,0.0060517797246575356,98.4193115234375,2.732653856277466,1.8656364679336548,280.59906005859375,0.009025848470628262,97.87557220458984,3.1769323348999023,4.470973014831543,291.3348693847656,0.01348747219890356,87.4407958984375,6.348808528855443e-05,8.659397281007841e-05,8.578888893127441,1.491084098815918,-1.376723051071167,6.348808528855443e-05,8.659397281007841e-05,68.81219482421875,2.630638837814331,0.7341581549803954,1.015822911043906,8,36,56,ML_GGW_101_0008
GGW,101.0,893.0,8.0,6.0,25.578947067260742,280.0,-0.9848077530122081,0.17364817766692997,-0.8660254037844385,-0.5000000000000004,6.764954566955566,3.2375640869140625,219.1865692138672,7.606449071317911e-05,98.51844024658203,-3.504105806350708,0.3024286925792694,243.00408935546875,0.0009410692728124559,111.32566833496094,-8.960439682006836,0.928095281124115,270.3487548828125,0.006205893121659756,99.4943618774414,-5.543330192565918,5.462395668029785,280.46197509765625,0.008313685655593872,90.94041442871094,-4.669317722320557,7.111173152923584,291.46881103515625,0.012876452878117561,82.87630462646484,6.259574001887813e-05,6.577390740858391e-05,12.072590827941895,-3.182447910308838,3.4083313941955566,6.259574001887813e-05,9.168752876576036e-05,69.05548858642578,2.0853230953216553,0.7883969525625235,1.3152896081678844,8,37,56,ML_GGW_101_0008
GGW,101.0,894.0,8.0,12.0,25.578947067260742,277.5,-0.9914448613738105,0.13052619222005127,-0.8660254037844385,-0.5000000000000004,5.622129440307617,3.648799180984497,220.5253448486328,1.3082570148981176e-05,13.444291114807129,-2.628004789352417,-0.24997578561306,241.7987518310547,0.0004897282342426479,61.75955581665039,-4.444879531860352,-6.88549280166626,269.9496154785156,0.005926122423261404,97.75398254394531,-3.4889843463897705,-4.548394680023193,282.4983215332031,0.00788585003465414,75.05958557128906,-2.956209182739258,-2.299281597137451,291.1237487792969,0.01282175350934267,84.28276824951172,6.227163248695433e-05,4.9137506721308455e-05,10.438753128051758,-1.579189658164978,-2.066869020462036,6.227163248695433e-05,8.763995720073581e-05,74.47372436523438,1.473992943763733,0.9509904061564468,2.9654879026596292,8,38,56,ML_GGW_101_0008
GGW,101.0,895.0,8.0,18.0,25.578947067260742,277.5,-0.9914448613738105,0.13052619222005127,-0.8660254037844385,-0.5000000000000004,2.9054720401763916,5.066616535186768,219.21800231933594,5.749989941250533e-05,73.26187133789062,-2.8402366638183594,-0.35889989137649536,243.4630126953125,0.0009644353413023055,107.37969970703125,-5.646952152252197,-6.416897296905518,270.5008239746094,0.006323398556560278,100.30443572998047,-3.2980122566223145,-2.2427101135253906,281.3346862792969,0.008214814588427544,84.56147766113281,-2.234611988067627,0.46010175347328186,291.1343078613281,0.012701231986284256,83.47071075439453,7.060913776513189e-05,6.70148801873438e-05,6.902205944061279,-2.222867965698242,-0.6983578205108643,7.060913776513189e-05,8.625345071777701e-05,73.71253204345703,1.249119520187378,0.920029513545761,2.4427481021851873,8,39,56,ML_GGW_101_0008
GGW,101.0,896.0,8.0,0.0,25.578947067260742,277.5,-0.9914448613738105,0.13052619222005127,-0.8660254037844385,-0.5000000000000004,1.753571629524231,2.392786741256714,219.1400909423828,7.91342681623064e-05,102.76163482666016,-3.9018235206604004,-1.1304668188095093,244.28402709960938,0.0010772226378321648,110.35090637207031,-7.703193664550781,-3.100158929824829,270.5219421386719,0.00635142344981432,100.70063018798828,-3.6168315410614014,1.271156907081604,280.77117919921875,0.008370599709451199,89.58306121826172,-2.138375997543335,3.3935093879699707,290.9385681152344,0.012412670999765396,82.6021957397461,7.320157601498067e-05,8.436675125267357e-05,4.018544673919678,-3.121330738067627,0.5653654336929321,7.320157601498067e-05,8.436675125267357e-05,70.79386138916016,1.9696481227874756,0.8346542399727273,1.6189787585418447,8,40,56,ML_GGW_101_0008
GGW,101.0,897.0,8.0,6.0,25.578947067260742,277.5,-0.9914448613738105,0.13052619222005127,-0.8660254037844385,-0.5000000000000004,0.7566431164741516,2.0759682655334473,219.05784606933594,7.84928779467009e-05,103.07332611083984,-5.503243446350098,0.6488462090492249,244.08935546875,0.0010629398748278618,111.15107727050781,-6.136092185974121,1.528717041015625,270.72723388671875,0.006429772824048996,100.48285675048828,-1.9237443208694458,5.332054615020752,280.2165832519531,0.008769556879997253,97.61827087402344,-1.1114691495895386,7.314002513885498,290.29803466796875,0.012367366813123226,85.74613952636719,7.263552834047005e-05,8.519205584889278e-05,5.561191082000732,-2.783581256866455,3.379917860031128,7.263552834047005e-05,8.519205584889278e-05,70.75973510742188,2.0841567516326904,0.8204613518192861,1.5194763112631398,8,41,56,ML_GGW_101_0008
GGW,101.0,898.0,8.0,12.0,25.578947067260742,275.0,-0.9961946980917455,0.08715574274765789,-0.8660254037844385,-0.5000000000000004,-3.18666672706604,5.109391689300537,219.64524841308594,8.2235703303013e-05,100.18734741210938,-6.4237565994262695,-0.09960243105888367,244.43191528320312,0.001104485709220171,111.3077621459961,-4.4054365158081055,-6.118017673492432,270.7166442871094,0.006437746807932854,100.64216613769531,0.28083786368370056,-4.154567718505859,281.19659423828125,0.008670714683830738,90.31297302246094,1.5046061277389526,-1.1499017477035522,290.0444030761719,0.012513668276369572,88.11649322509766,6.84192928019911e-05,6.962531188037246e-05,7.822198867797852,-2.4460830688476562,-1.2825396060943604,6.84192928019911e-05,8.662788604851812e-05,74.94861602783203,3.1871774196624756,0.8015421664242268,1.3959609278026375,8,42,56,ML_GGW_101_0008
GGW,101.0,899.0,8.0,18.0,25.578947067260742,275.0,-0.9961946980917455,0.08715574274765789,-0.8660254037844385,-0.5000000000000004,-2.7360334396362305,4.70495080947876,221.52020263671875,0.00010473692964296788,100.04259490966797,-5.89492654800415,-0.7131808400154114,246.16244506835938,0.001356717781163752,118.17123413085938,-4.0050506591796875,-3.556828022003174,270.63861083984375,0.00640643248334527,100.96822357177734,0.48494991660118103,-0.3121686279773712,280.6555480957031,0.009258387610316277,99.94461059570312,2.2682735919952393,3.3642141819000244,289.2952880859375,0.012777232564985752,94.41523742675781,7.674839434912428e-05,9.510032396065071e-05,5.180797576904297,-1.9765574932098389,0.6973975300788879,7.674839434912428e-05,9.510032396065071e-05,73.7144546508789,3.736931800842285,0.7818721034982338,1.2766096046959823,8,43,56,ML_GGW_101_0008
GGW,101.0,900.0,8.0,0.0,27.473684310913086,275.0,-0.9961946980917455,0.08715574274765789,-0.8660254037844385,-0.5000000000000004,2.772529125213623,3.0356476306915283,220.46934509277344,8.916827937355265e-05,99.53157043457031,-10.700138092041016,-0.551036536693573,243.08270263671875,0.0008757844916544855,103.78993225097656,-15.871777534484863,2.9496054649353027,269.9530029296875,0.005798217840492725,95.62825775146484,-10.542962074279785,6.319827556610107,281.54541015625,0.008053336292505264,81.82598114013672,-7.7510504722595215,9.756831169128418,289.9473571777344,0.01164985541254282,82.55560302734375,7.297549018403515e-05,7.063030352583155e-05,12.486794471740723,-8.418680191040039,4.302175045013428,7.297549018403515e-05,0.00010118759382748976,71.5214614868164,3.387816905975342,0.8691903961595682,1.8938193390799212,8,44,56,ML_GGW_101_0008
GGW,101.0,901.0,8.0,6.0,27.473684310913086,272.5,-0.9990482215818578,0.043619387365335764,-0.8660254037844385,-0.5000000000000004,-1.3139045238494873,0.4255332350730896,221.12901306152344,9.487094212090597e-05,98.80733489990234,-10.466485977172852,-1.5176831483840942,242.74017333984375,0.0006117087323218584,75.1673355102539,-11.910469055175781,-2.3797717094421387,269.8377685546875,0.005799064878374338,96.28775787353516,-7.279626846313477,-0.5145055055618286,282.8134460449219,0.008703036233782768,81.21794128417969,-5.0271100997924805,3.296546697616577,289.78546142578125,0.012471131980419159,89.14693450927734,7.408601231873035e-05,6.80976445437409e-05,4.69367790222168,-7.199519157409668,-0.13797612488269806,7.408601231873035e-05,7.939423812786117e-05,72.83645629882812,3.5040078163146973,0.9494223927847624,2.9323448589000183,8,45,56,ML_GGW_101_0008
GGW,101.0,902.0,8.0,12.0,27.473684310913086,272.5,-0.9990482215818578,0.043619387365335764,-0.8660254037844385,-0.5000000000000004,-3.2463836669921875,2.222910165786743,219.8322296142578,8.324909867951646e-05,100.49311828613281,-9.931306838989258,1.7711297273635864,243.1478271484375,0.0009255492477677763,106.28179168701172,-10.800729751586914,1.6331406831741333,270.3495178222656,0.006251804996281862,100.18031311035156,-5.019390106201172,5.228271007537842,281.1525573730469,0.009056168608367443,94.56489562988281,-1.7168867588043213,8.73832893371582,289.3264465332031,0.01218764390796423,89.82391357421875,7.215925870696083e-05,7.408158126054332e-05,6.692536354064941,-6.142939567565918,3.9187560081481934,7.215925870696083e-05,7.695419481024146e-05,72.46924591064453,2.077583074569702,0.8659168015785023,1.8653283408420984,8,46,56,ML_GGW_101_0008
GGW,101.0,903.0,8.0,18.0,27.473684310913086,270.0,-1.0,-1.8369701987210297e-16,-0.8660254037844385,-0.5000000000000004,-3.0796005725860596,3.418442964553833,221.21295166015625,9.889737702906132e-05,99.9046859741211,-9.35470199584961,0.504047691822052,244.2788848876953,0.0010968362912535667,113.41681671142578,-9.843706130981445,-3.5578489303588867,271.23431396484375,0.006623757537454367,98.99945831298828,-3.806097984313965,-0.9459674954414368,281.9462890625,0.009682122617959976,95.83290100097656,-1.940022587776184,1.6266098022460938,289.9713439941406,0.012937948107719421,91.51850128173828,7.850491965655237e-05,7.748419739073142e-05,2.1235122680664062,-5.604825973510742,0.2090568095445633,7.850491965655237e-05,7.748419739073142e-05,73.75896453857422,1.9446518421173096,0.8317897879464031,1.5983652907284753,8,47,56,ML_GGW_101_0008
GGW,101.0,904.0,8.0,0.0,27.473684310913086,270.0,-1.0,-1.8369701987210297e-16,-0.8660254037844385,-0.5000000000000004,-2.3424086570739746,-3.803637742996216,220.20852661132812,8.850689482642338e-05,99.98330688476562,-9.651313781738281,0.07545987516641617,245.39503479003906,0.0012183376820757985,112.92028045654297,-7.435086250305176,3.689135789871216,271.46343994140625,0.006698524113744497,98.97428131103516,-1.9575036764144897,6.984073638916016,280.9090881347656,0.009336416609585285,99.06526184082031,-1.1614515781402588,9.638467788696289,289.0411376953125,0.012054613791406155,90.56148529052734,6.807461613789201e-05,8.876885840436444e-05,13.493882179260254,-4.509552955627441,3.316699981689453,6.807461613789201e-05,8.876885840436444e-05,69.89694213867188,1.6951675415039062,0.7807448315716876,1.2700121721226871,8,48,56,ML_GGW_101_0008
GGW,101.0,905.0,8.0,6.0,27.473684310913086,267.5,-0.9990482215818578,-0.04361938736533613,-0.8660254037844385,-0.5000000000000004,-6.7373833656311035,-5.879533767700195,220.90211486816406,9.437868720851839e-05,98.69625854492188,-10.273016929626465,-2.1284964084625244,244.18051147460938,0.0010824848432093859,113.20594787597656,-6.524600028991699,-1.878441333770752,271.3448181152344,0.006631996016949415,98.68026733398438,-1.3682805299758911,1.8187665939331055,281.5353088378906,0.009795925579965115,99.62211608886719,0.18143504858016968,4.3288254737854,289.8306579589844,0.013379141688346863,95.53141021728516,6.877272244310006e-05,7.729426579317078e-05,12.332098007202148,-4.944369316101074,-0.7477757334709167,6.877272244310006e-05,7.729426579317078e-05,73.47429656982422,2.658552646636963,0.7898617729313543,1.3240924208595075,8,49,56,ML_GGW_101_0008
GGW,101.0,906.0,8.0,12.0,29.36842155456543,267.5,-0.9990482215818578,-0.04361938736533613,-0.8660254037844385,-0.5000000000000004,-10.336702346801758,-7.6844096183776855,221.1593017578125,5.621691161650233e-05,57.970802307128906,-10.506546020507812,-2.052788257598877,243.28810119628906,0.00018325034761801362,22.01538848876953,-11.389864921569824,2.897439479827881,270.640625,0.006212037056684494,96.67902374267578,-7.3457183837890625,5.294565200805664,282.6310119628906,0.009609966538846493,90.69353485107422,-6.187305927276611,7.551502227783203,289.6807556152344,0.012488012202084064,89.93424224853516,6.359256076393649e-05,4.596201324602589e-05,15.790836334228516,-9.153226852416992,1.2012617588043213,6.359256076393649e-05,6.622072396567091e-05,74.75367736816406,1.7652487754821777,0.9322325406823722,2.621500162068248,8,50,56,ML_GGW_101_0008
GGW,101.0,907.0,8.0,18.0,27.473684310913086,265.0,-0.9961946980917455,-0.08715574274765825,-0.8660254037844385,-0.5000000000000004,-8.12596607208252,-2.497110605239868,220.42686462402344,9.501451859250665e-05,105.27999877929688,-7.3293843269348145,-0.5637511014938354,244.66163635253906,0.001149025745689869,115.1463623046875,-5.974078178405762,-3.3164420127868652,271.2816467285156,0.006634185556322336,99.5105209350586,-1.2717174291610718,0.6891413331031799,282.0834045410156,0.01026066578924656,100.48112487792969,-1.0309832096099854,2.5723607540130615,290.54022216796875,0.014304891228675842,97.60311126708984,6.157941970741376e-05,6.720179226249456e-05,8.719995498657227,-4.746425628662109,-0.6231603026390076,6.157941970741376e-05,6.720179226249456e-05,78.76150512695312,1.41061270236969,0.6913586359219819,0.8064787303571781,8,51,56,ML_GGW_101_0008
GGW,101.0,908.0,8.0,0.0,27.473684310913086,262.5,-0.9914448613738104,-0.13052619222005163,-0.8660254037844385,-0.5000000000000004,-5.426393032073975,-1.3766626119613647,221.39141845703125,0.0001012907232507132,100.03988647460938,-7.460705757141113,-3.2854151725769043,244.658935546875,0.0008479292155243456,87.02032470703125,-9.079669952392578,-8.249578475952148,270.8267822265625,0.0061286757700145245,95.22232818603516,-3.6735243797302246,-6.250955104827881,282.9283142089844,0.010063912719488144,92.94530487060547,-2.7336843013763428,-2.2486727237701416,292.04913330078125,0.01447074394673109,89.73612213134766,5.2109273383393884e-05,5.280745608615689e-05,2.830385446548462,-5.674795627593994,-4.282256603240967,5.2109273383393884e-05,6.7810935433954e-05,82.02449798583984,2.2385661602020264,0.8056437518064773,1.4219488435571366,8,52,56,ML_GGW_101_0008
GGW,101.0,909.0,8.0,6.0,27.473684310913086,262.5,-0.9914448613738104,-0.13052619222005163,-0.8660254037844385,-0.5000000000000004,-3.042914390563965,-6.022709846496582,220.48927307128906,8.108707697829232e-05,90.14903259277344,-9.258221626281738,-4.9216227531433105,243.943359375,0.0006537207518704236,70.15436553955078,-9.865726470947266,-1.8862528800964355,270.9306640625,0.006536672357469797,100.19129943847656,-5.286310195922852,0.06955359876155853,282.2530517578125,0.010077484883368015,97.470458984375,-2.2582621574401855,2.9002060890197754,291.2874450683594,0.014460413716733456,94.11903381347656,5.354368840926327e-05,5.371362931327894e-05,8.95734977722168,-5.942286968231201,-1.9721653461456299,5.354368840926327e-05,6.060221858206205e-05,77.51078033447266,1.6601518392562866,0.8789933509279764,1.982931838201592,8,53,56,ML_GGW_101_0008
GGW,101.0,910.0,8.0,12.0,27.473684310913086,260.0,-0.984807753012208,-0.17364817766693033,-0.8660254037844385,-0.5000000000000004,-3.9536237716674805,-6.517916679382324,220.8981170654297,8.600713044870645e-05,90.02445983886719,-8.950328826904297,-3.103929042816162,243.91554260253906,0.00037445759517140687,42.048187255859375,-10.115427017211914,-4.006338119506836,270.91851806640625,0.006453948561102152,99.23747253417969,-6.547409534454346,-3.820875644683838,282.56427001953125,0.010397165082395077,98.30001831054688,-4.7136030197143555,-3.537487030029297,291.3475646972656,0.014926587231457233,96.78972625732422,5.0426908273948357e-05,3.109913450316526e-05,3.0757973194122314,-6.856078147888184,-4.1973090171813965,5.0426908273948357e-05,4.918228660244495e-05,82.403564453125,3.0757973194122314,0.8073099945573797,1.4326250183682032,8,54,56,ML_GGW_101_0008
GGW,101.0,911.0,8.0,18.0,27.473684310913086,260.0,-0.984807753012208,-0.17364817766693033,-0.8660254037844385,-0.5000000000000004,-3.4251937866210938,-5.8204779624938965,220.39015197753906,5.058982060290873e-05,56.250213623046875,-5.948253154754639,-2.336097002029419,243.5353546142578,0.0005178482388146222,57.67747116088867,-10.349937438964844,-1.8551021814346313,271.6405029296875,0.0064915865659713745,94.95240020751953,-6.847936153411865,1.0566798448562622,282.87677001953125,0.010391196236014366,96.1300277709961,-7.662930965423584,1.6239490509033203,292.0396728515625,0.01548343151807785,96.10722351074219,4.539222572930157e-05,2.693740498216357e-05,8.56609058380127,-6.846850395202637,-1.4662097692489624,4.539222572930157e-05,5.073870488558896e-05,74.38174438476562,8.56609058380127,0.8732955483842106,1.930416820143173,8,55,56,ML_GGW_101_0008
GGW,101.0,912.0,8.0,0.0,27.473684310913086,260.0,-0.984807753012208,-0.17364817766693033,-0.8660254037844385,-0.5000000000000004,0.6729693412780762,-7.019005298614502,220.4090576171875,4.798734516953118e-05,53.91216278076172,-3.012873649597168,-5.4507927894592285,243.4042205810547,0.00045362842502072453,51.736351013183594,-11.873100280761719,1.492906928062439,271.1640319824219,0.006263380870223045,94.57355499267578,-7.252388954162598,5.279064655303955,282.943115234375,0.009411164559423923,86.60812377929688,-7.85507869720459,7.565570831298828,292.0680236816406,0.014360170811414719,88.89579772949219,2.862860492314212e-05,1.6935780877247453e-05,16.894893646240234,-5.8640947341918945,0.37354880571365356,2.862860492314212e-05,4.500800059759058e-05,64.47455596923828,16.74234962463379,0.641506350391364,0.5819081371924084,8,56,56,ML_GGW_101_0008
GGW,101.0,871.0,8.0,18.0,42.6315803527832,327.5,-0.5372996083468242,0.8433914458128855,-0.8660254037844385,-0.5000000000000004,17.259506225585938,5.001367092132568,217.33242797851562,3.864453174173832e-05,63.605316162109375,13.154182434082031,3.3423209190368652,239.21397399902344,0.0005666879005730152,98.08003234863281,2.1112513542175293,-2.4538681507110596,267.50592041015625,0.0049599758349359035,99.19539642333984,2.4403679370880127,-0.41605904698371887,281.6007080078125,0.009878271259367466,99.89266967773438,3.2868123054504395,2.091160297393799,287.5938415527344,0.011429965496063232,94.34799194335938,5.5882177548483014e-05,3.674053368740715e-05,14.272542953491211,7.650424003601074,1.512984275817871,5.5882177548483014e-05,5.292943023960106e-05,81.3115005493164,3.0242230892181396,0.749112757241154,1.0938859097394351,9,1,25,ML_GGW_101_0009
GGW,101.0,872.0,8.0,0.0,42.6315803527832,327.5,-0.5372996083468242,0.8433914458128855,-0.8660254037844385,-0.5000000000000004,13.863119125366211,-1.3316020965576172,218.65196228027344,2.669993045856245e-05,38.08559799194336,11.438739776611328,0.16379022598266602,238.4088897705078,0.00018246255058329552,34.863155364990234,3.0523414611816406,-2.178375482559204,266.7035827636719,0.004391795489937067,92.26161193847656,1.7364208698272705,-1.5648459196090698,282.2450256347656,0.009936775080859661,96.2320556640625,1.9974969625473022,0.03831366449594498,287.8612976074219,0.011484861373901367,93.18070983886719,5.685564610757865e-05,3.429549906286411e-05,11.944440841674805,6.417623996734619,-0.9745438694953918,5.685564610757865e-05,4.780290328199044e-05,80.66354370117188,0.798442006111145,0.9024303768675869,2.2245253359092523,9,2,25,ML_GGW_101_0009
GGW,101.0,873.0,8.0,6.0,42.6315803527832,330.0,-0.5000000000000004,0.8660254037844384,-0.8660254037844385,-0.5000000000000004,10.832308769226074,-1.5977212190628052,218.01490783691406,2.8796917831641622e-05,42.92866897583008,8.216113090515137,1.729326844215393,238.18612670898438,0.0005288841784931719,102.69879150390625,2.088465452194214,0.1653827726840973,267.4593505859375,0.005013368092477322,100.57818603515625,0.8493776321411133,1.5613734722137451,280.84466552734375,0.009181855246424675,97.86634063720703,-0.07284597307443619,3.8979132175445557,287.35577392578125,0.011428029276430607,95.77559661865234,5.9575271734502167e-05,4.4382431951817125e-05,12.211650848388672,4.382683753967285,1.1512550115585327,5.9575271734502167e-05,4.4382431951817125e-05,76.8519515991211,2.329129457473755,0.8249518994686084,1.5502642846247858,9,3,25,ML_GGW_101_0009
GGW,101.0,874.0,8.0,12.0,42.6315803527832,330.0,-0.5000000000000004,0.8660254037844384,-0.8660254037844385,-0.5000000000000004,8.837303161621094,-2.6342554092407227,218.68338012695312,2.171300002373755e-05,29.172027587890625,6.7119975090026855,-0.08231136947870255,237.73777770996094,0.00041615322697907686,83.94873046875,3.4367973804473877,-1.010041356086731,266.90802001953125,0.004677680321037769,97.66606140136719,1.520013451576233,0.6266003847122192,281.74188232421875,0.00981101393699646,98.39543151855469,-0.3633313775062561,3.0437779426574707,287.8688049316406,0.011417060159146786,92.54829406738281,5.890966713195667e-05,4.532954335445538e-05,10.81164836883545,4.0285563468933105,-0.011246013455092907,5.890966713195667e-05,4.532954335445538e-05,73.95101928710938,1.5960708856582642,0.8710362728999691,1.9101524415552813,9,4,25,ML_GGW_101_0009
GGW,101.0,875.0,8.0,18.0,42.6315803527832,330.0,-0.5000000000000004,0.8660254037844384,-0.8660254037844385,-0.5000000000000004,10.152505874633789,-5.028291702270508,218.90562438964844,1.8318829461350106e-05,24.721946716308594,7.417389392852783,-2.9564173221588135,237.550537109375,0.00019051086565013975,39.354434967041016,4.031661510467529,-3.936858892440796,266.15350341796875,0.0037731013726443052,81.9066390991211,1.5264452695846558,-1.0477993488311768,282.3127746582031,0.009905548766255379,95.5449447631836,-0.655938982963562,1.1793204545974731,288.3053283691406,0.011402014642953873,89.85802459716797,5.643514305120334e-05,4.098781573702581e-05,12.464225769042969,4.494412422180176,-2.3580093383789062,5.643514305120334e-05,4.098781573702581e-05,70.84500122070312,1.735568881034851,0.9082674353289729,2.292661429492761,9,5,25,ML_GGW_101_0009
GGW,101.0,876.0,8.0,0.0,42.6315803527832,330.0,-0.5000000000000004,0.8660254037844384,-0.8660254037844385,-0.5000000000000004,9.814131736755371,-5.881288528442383,218.8060760498047,1.879230694612488e-05,25.870296478271484,8.087844848632812,-4.443243980407715,237.22315979003906,0.00012132445408497006,27.82736587524414,3.514982223510742,-4.510988235473633,265.8533935546875,0.0024968860670924187,54.98565673828125,1.2742239236831665,-1.8144081830978394,282.01324462890625,0.00981893390417099,96.64988708496094,-1.45718252658844,0.1274234503507614,288.29998779296875,0.01138690672814846,89.75387573242188,5.2240840886952356e-05,3.278947406215593e-05,12.772907257080078,4.246800422668457,-3.3045010566711426,5.2240840886952356e-05,3.487358844722621e-05,69.38409423828125,1.349348545074463,0.9081253448764469,2.2909572103233597,9,6,25,ML_GGW_101_0009
GGW,101.0,877.0,8.0,6.0,40.73684310913086,332.5,-0.46174861323503363,0.8870108331782218,-0.8660254037844385,-0.5000000000000004,10.181211471557617,-5.264244556427002,218.57742309570312,1.4936445950297639e-05,20.688631057739258,7.346616268157959,-4.184042453765869,237.27615356445312,0.0001506086700828746,33.9824333190918,5.740081310272217,-2.6456971168518066,265.094970703125,0.003178506623953581,74.94144439697266,3.50225830078125,-0.7861120104789734,282.33636474609375,0.010071340948343277,96.99459838867188,1.0272526741027832,0.937570333480835,288.3914489746094,0.011529340408742428,90.37418365478516,5.109620906296186e-05,2.6978319510817528e-05,11.057010650634766,5.559484004974365,-2.388505220413208,5.109620906296186e-05,2.9626240575453267e-05,73.87409973144531,3.0976128578186035,0.842299293167718,1.6754364300603246,9,7,25,ML_GGW_101_0009
GGW,101.0,878.0,8.0,12.0,40.73684310913086,332.5,-0.46174861323503363,0.8870108331782218,-0.8660254037844385,-0.5000000000000004,9.835583686828613,-3.803880453109741,218.64120483398438,2.0340898117865436e-05,28.346555709838867,6.886885643005371,-2.2570717334747314,237.145263671875,0.0001541227102279663,34.9294319152832,5.911497592926025,-2.2524120807647705,265.47808837890625,0.0022386403288692236,50.49776840209961,3.1288928985595703,-0.9616355895996094,282.1699523925781,0.010031520389020443,97.70928955078125,0.5048003792762756,0.5569459199905396,288.6588439941406,0.011588112451136112,89.24777221679688,5.070216502645053e-05,2.656653305166401e-05,10.299530029296875,5.2535319328308105,-1.7436107397079468,5.070216502645053e-05,2.8908931199111976e-05,68.82197570800781,3.441770315170288,0.8966773010548439,2.160838953688755,9,8,25,ML_GGW_101_0009
GGW,101.0,879.0,8.0,18.0,40.73684310913086,332.5,-0.46174861323503363,0.8870108331782218,-0.8660254037844385,-0.5000000000000004,11.044977188110352,-1.9004014730453491,218.68548583984375,2.4573218979639933e-05,34.59543228149414,7.8993425369262695,-0.3254593312740326,237.47291564941406,0.00015600443293806165,35.65090560913086,5.250797748565674,-2.6377017498016357,265.55792236328125,0.0015633373986929655,34.51354217529297,2.2764954566955566,-1.6042256355285645,281.95062255859375,0.009903661906719208,97.88490295410156,-0.7082676887512207,0.016491219401359558,288.719482421875,0.011675647459924221,89.53871154785156,5.045127545599826e-05,3.0462428185273893e-05,11.908535957336426,5.1526689529418945,-1.2902593612670898,5.045127545599826e-05,3.0462428185273893e-05,65.52405548095703,5.97066593170166,0.9174919493831909,2.4087479335622444,9,9,25,ML_GGW_101_0009
GGW,101.0,880.0,8.0,0.0,40.73684310913086,332.5,-0.46174861323503363,0.8870108331782218,-0.8660254037844385,-0.5000000000000004,10.909552574157715,1.9540541172027588,218.1200408935547,2.9453685783664696e-05,43.01337432861328,7.603053569793701,0.6422883868217468,237.83836364746094,0.00022951482969801873,52.47195053100586,3.5286166667938232,-1.734433889389038,265.1960144042969,0.0013862428022548556,31.6302433013916,0.8384617567062378,-1.1311341524124146,281.6123352050781,0.009462141431868076,95.68360137939453,-1.9516472816467285,0.39205679297447205,288.4837951660156,0.011808855459094048,91.94464111328125,5.203394903219305e-05,3.2654574170010164e-05,12.955705642700195,4.185606956481934,0.02456626296043396,5.203394903219305e-05,3.2654574170010164e-05,63.32999038696289,5.208963871002197,0.9320486850874088,2.6185935589509253,9,10,25,ML_GGW_101_0009
GGW,101.0,881.0,8.0,6.0,40.73684310913086,332.5,-0.46174861323503363,0.8870108331782218,-0.8660254037844385,-0.5000000000000004,9.747756004333496,4.880738258361816,217.49513244628906,3.400364948902279e-05,53.69281005859375,4.68534517288208,2.294295072555542,237.8642578125,0.00034115836024284363,78.88512420654297,2.9567461013793945,-1.1310104131698608,264.9085388183594,0.0012967169750481844,30.48813247680664,-0.17422130703926086,-1.0627654790878296,281.3846740722656,0.008964438922703266,92.07777404785156,-3.3886194229125977,0.2524290978908539,288.5260314941406,0.011783619411289692,91.49993896484375,5.7004821428563446e-05,3.805167580139823e-05,13.927871704101562,2.7654013633728027,1.0467373132705688,5.7004821428563446e-05,3.805167580139823e-05,60.43037414550781,4.220797538757324,0.9140916568605565,2.3646498969948633,9,11,25,ML_GGW_101_0009
GGW,101.0,882.0,8.0,12.0,40.73684310913086,332.5,-0.46174861323503363,0.8870108331782218,-0.8660254037844385,-0.5000000000000004,7.828377723693848,6.720865249633789,217.1060791015625,3.7330166378524154e-05,61.714576721191406,3.2141146659851074,4.350480556488037,237.7866973876953,0.0003869831271003932,87.18074035644531,3.0878474712371826,-0.59881192445755,264.9660339355469,0.0012639740016311407,30.253345489501953,-0.9709190726280212,-0.25998061895370483,281.46343994140625,0.008599496446549892,87.83784484863281,-4.396595478057861,1.2675336599349976,288.7781066894531,0.01179907564073801,90.1276626586914,5.92012693232391e-05,4.686868851422332e-05,13.38614273071289,1.7525650262832642,2.2960174083709717,5.92012693232391e-05,4.686868851422332e-05,56.38905334472656,4.274171352386475,0.9043734822760325,2.246792255538366,9,12,25,ML_GGW_101_0009
GGW,101.0,883.0,8.0,18.0,40.73684310913086,332.5,-0.46174861323503363,0.8870108331782218,-0.8660254037844385,-0.5000000000000004,5.326220512390137,7.513285160064697,217.23182678222656,3.9416154322680086e-05,64.46207427978516,2.611855983734131,4.586287975311279,237.7087860107422,0.0003480368759483099,80.7371597290039,3.523169755935669,-0.7107311487197876,264.98638916015625,0.001350264879874885,32.91596984863281,-1.1503958702087402,0.2228579819202423,281.1408996582031,0.008302377536892891,86.689697265625,-4.494716167449951,1.5226521492004395,288.8385925292969,0.011859121732413769,90.22608184814453,6.0189977375557646e-05,4.913484008284286e-05,11.503846168518066,1.163226842880249,2.6268703937530518,6.0189977375557646e-05,4.913484008284286e-05,54.107635498046875,4.967774391174316,0.9221407368192557,2.471794976127581,9,13,25,ML_GGW_101_0009
GGW,101.0,884.0,8.0,0.0,40.73684310913086,332.5,-0.46174861323503363,0.8870108331782218,-0.8660254037844385,-0.5000000000000004,4.090219020843506,7.811722278594971,217.49485778808594,4.767709469888359e-05,77.35572052001953,1.816586971282959,5.0583391189575195,237.66351318359375,0.0003418094711378217,80.1063232421875,3.1865925788879395,0.14828991889953613,264.7855529785156,0.001542554353363812,38.273807525634766,-1.1988486051559448,1.6760108470916748,280.0683898925781,0.007905734702944756,88.83615112304688,-4.408669948577881,2.510843276977539,288.6566162109375,0.012005920521914959,92.40399169921875,6.0000380472047254e-05,5.2033115935046226e-05,10.016508102416992,0.6971760988235474,3.4410412311553955,6.0000380472047254e-05,5.2033115935046226e-05,53.199790954589844,6.660068988800049,0.8851414646599073,2.0420462356491536,9,14,25,ML_GGW_101_0009
GGW,101.0,885.0,8.0,6.0,40.73684310913086,332.5,-0.46174861323503363,0.8870108331782218,-0.8660254037844385,-0.5000000000000004,4.9254631996154785,6.350069999694824,217.35415649414062,4.811751205124892e-05,79.02204132080078,2.3051156997680664,4.607271671295166,237.52716064453125,0.00034477439476177096,81.37090301513672,3.2690842151641846,1.3102368116378784,264.6705322265625,0.001587992417626083,39.78327941894531,-0.4688427150249481,3.206843137741089,279.3465270996094,0.007232039235532284,85.41868591308594,-3.1727049350738525,3.697765350341797,288.62457275390625,0.011976804584264755,92.36174011230469,6.0824648244306445e-05,5.4457199439639226e-05,8.521446228027344,1.3716232776641846,3.834437608718872,6.0824648244306445e-05,5.4457199439639226e-05,53.73944854736328,7.427414417266846,0.8687660902531652,1.8900926163106075,9,15,25,ML_GGW_101_0009
GGW,101.0,886.0,8.0,12.0,40.73684310913086,332.5,-0.46174861323503363,0.8870108331782218,-0.8660254037844385,-0.5000000000000004,7.507748126983643,4.032884120941162,217.0388641357422,4.441151031642221e-05,75.68112182617188,4.19863224029541,3.706714391708374,237.73455810546875,0.0003330687468405813,78.06153106689453,5.112475872039795,3.165947198867798,264.8648681640625,0.0015898925485089421,38.484901428222656,1.6048685312271118,4.876629829406738,279.93792724609375,0.006461357232183218,73.3352279663086,-0.9048750996589661,4.922380447387695,288.8957824707031,0.011751730926334858,89.05493927001953,6.0086014855187386e-05,4.964098479831591e-05,8.459517478942871,3.503770112991333,4.140911102294922,6.0086014855187386e-05,5.0062233640346676e-05,53.816261291503906,8.459517478942871,0.8713838953368155,1.913250597520367,9,16,25,ML_GGW_101_0009
GGW,101.0,887.0,8.0,18.0,40.73684310913086,330.0,-0.5000000000000004,0.8660254037844384,-0.8660254037844385,-0.5000000000000004,15.30839729309082,2.14309024810791,217.42213439941406,2.3864769900683314e-05,39.393184661865234,12.18021297454834,0.658551037311554,236.510009765625,0.00016862685151863843,41.00119400024414,6.498023986816406,-0.7710286378860474,265.1317138671875,0.001694932347163558,35.94795227050781,3.0445687770843506,-2.0475516319274902,280.8485107421875,0.005621005315333605,59.86565017700195,0.37027794122695923,-2.01104474067688,289.3224792480469,0.01086942944675684,80.16169738769531,5.5801956477807835e-05,2.9884176910854876e-05,15.504974365234375,7.480295658111572,-0.4055967926979065,5.5801956477807835e-05,5.219686499913223e-05,48.62867736816406,7.9050397872924805,0.9157357979318967,2.3857707672974464,9,17,25,ML_GGW_101_0009
GGW,101.0,888.0,8.0,0.0,42.6315803527832,332.5,-0.46174861323503363,0.8870108331782218,-0.8660254037844385,-0.5000000000000004,9.237486839294434,7.309887886047363,217.17169189453125,2.7189122192794457e-05,45.91767501831055,5.685102939605713,5.865955829620361,235.37139892578125,0.00033656726009212434,92.44210052490234,3.402372121810913,4.385288238525391,265.556640625,0.00416930764913559,97.60580444335938,-0.9384825229644775,6.509748935699463,279.6613464355469,0.006469913758337498,74.808349609375,-3.132934331893921,7.062886714935303,288.7629699707031,0.011405879631638527,87.1390609741211,5.9042751672677696e-05,4.250452184351161e-05,12.372886657714844,2.8507091999053955,6.2267537117004395,5.9042751672677696e-05,4.250452184351161e-05,53.70921325683594,8.919066429138184,0.6940889189054068,0.8193056024571121,9,18,25,ML_GGW_101_0009
GGW,101.0,889.0,8.0,6.0,42.6315803527832,332.5,-0.46174861323503363,0.8870108331782218,-0.8660254037844385,-0.5000000000000004,12.637458801269531,7.4963154792785645,217.59544372558594,2.419113297946751e-05,38.99668884277344,8.139656066894531,6.438723564147949,234.80894470214844,0.0002980637946166098,82.58232116699219,5.57009744644165,5.168635845184326,265.198486328125,0.003439342835918069,79.67914581298828,2.8019959926605225,6.223377227783203,280.26593017578125,0.006057034712284803,67.16826629638672,1.2542285919189453,6.495027542114258,288.5754089355469,0.011243780143558979,86.9306869506836,6.0782942455261946e-05,3.296095383120701e-05,11.427183151245117,6.080687522888184,6.364416122436523,6.0782942455261946e-05,3.7856694689253345e-05,53.808448791503906,9.799347877502441,0.7115147992425984,0.9027524299424332,9,19,25,ML_GGW_101_0009
GGW,101.0,890.0,8.0,12.0,44.52631759643555,332.5,-0.46174861323503363,0.8870108331782218,-0.8660254037844385,-0.5000000000000004,7.060896873474121,7.944772243499756,216.54388427734375,4.160009484621696e-05,78.97238159179688,3.3294384479522705,9.075467109680176,235.17138671875,0.00032423948869109154,89.28410339355469,6.310625076293945,5.845039367675781,265.146728515625,0.003995661158114672,95.4185562133789,2.062345027923584,5.6355462074279785,279.082763671875,0.006757743656635284,81.37443542480469,-0.00555829843506217,5.834529876708984,288.5526123046875,0.011210787110030651,86.84146118164062,6.512518302770332e-05,3.7804846215294674e-05,7.374816417694092,3.751549482345581,6.86707067489624,6.512518302770332e-05,3.8075766497058794e-05,55.74888610839844,7.374816417694092,0.618020297706213,0.4811538292648798,9,20,25,ML_GGW_101_0009
GGW,101.0,891.0,8.0,18.0,44.52631759643555,332.5,-0.46174861323503363,0.8870108331782218,-0.8660254037844385,-0.5000000000000004,10.304693222045898,7.70896577835083,217.48529052734375,2.6077261281898245e-05,42.918155670166016,7.966069221496582,8.071243286132812,235.07626342773438,0.00018279894720762968,54.76768493652344,8.7758150100708,3.5618255138397217,264.0774230957031,0.0021879994310438633,52.1519660949707,6.2556562423706055,0.6179889440536499,280.07037353515625,0.006123931612819433,68.84530639648438,4.611331462860107,0.23305827379226685,288.6015625,0.010694044642150402,82.57515716552734,5.860792225576006e-05,2.1860352717339993e-05,9.396997451782227,7.5827131271362305,4.038616180419922,5.860792225576006e-05,3.176632526447065e-05,55.777557373046875,6.8077263832092285,0.8339191441630042,1.6136616950886582,9,21,25,ML_GGW_101_0009
GGW,101.0,892.0,8.0,0.0,46.421051025390625,335.0,-0.4226182617406992,0.90630778703665,-0.8660254037844385,-0.5000000000000004,8.710210800170898,11.811071395874023,216.06846618652344,3.971653131884523e-05,78.3231201171875,6.027681350708008,11.790509223937988,235.98605346679688,0.0002748666738625616,77.35597229003906,8.042781829833984,6.9186224937438965,264.0809631347656,0.00267216213978827,67.99385833740234,5.315221786499023,6.258376598358154,278.9932861328125,0.006098701618611813,73.83307647705078,3.2678616046905518,7.159767150878906,287.6757507324219,0.011232145130634308,92.03545379638672,5.5320342653431e-05,2.3587776013300754e-05,7.159175872802734,6.272751808166504,8.78766918182373,5.5320342653431e-05,2.686095831450075e-05,59.2401008605957,7.159175872802734,0.5861845178321283,0.348214437633358,9,22,25,ML_GGW_101_0009
GGW,101.0,893.0,8.0,6.0,48.31578826904297,335.0,-0.4226182617406992,0.90630778703665,-0.8660254037844385,-0.5000000000000004,8.027137756347656,17.327625274658203,216.7486114501953,3.555558214429766e-05,66.59673309326172,5.666534900665283,15.28225326538086,235.13404846191406,0.0002524514857213944,77.23954010009766,8.27479076385498,6.905727863311768,262.1514587402344,0.0013603800907731056,41.63842010498047,6.1085100173950195,2.6985108852386475,276.496337890625,0.005725183989852667,82.71488952636719,4.556753158569336,1.3093153238296509,287.2992858886719,0.010610652156174183,89.11492156982422,5.905472789891064e-05,2.7129692171001807e-05,16.389930725097656,6.526745796203613,8.704686164855957,5.905472789891064e-05,3.743274646694772e-05,58.377994537353516,5.756942272186279,0.583524739629998,0.33725978853701455,9,23,25,ML_GGW_101_0009
GGW,101.0,894.0,8.0,12.0,48.31578826904297,335.0,-0.4226182617406992,0.90630778703665,-0.8660254037844385,-0.5000000000000004,9.510968208312988,14.744187355041504,218.37791442871094,2.011885226238519e-05,29.874923706054688,8.548161506652832,12.2990083694458,233.1720428466797,0.00010205063881585374,34.903804779052734,8.857380867004395,3.2381932735443115,261.23077392578125,0.00046465499326586723,16.183855056762695,6.926764488220215,-0.989654541015625,277.62200927734375,0.0037027199286967516,49.50605392456055,4.152227401733398,-5.878962993621826,286.9324951171875,0.009213150478899479,79.13716888427734,5.282740676193498e-05,3.3618478482821956e-05,21.3079891204834,7.5991010665893555,4.682554244995117,5.282740676193498e-05,3.60124213329982e-05,45.046348571777344,5.169642448425293,0.692407950327557,0.8114009145326235,9,24,25,ML_GGW_101_0009
GGW,101.0,895.0,8.0,18.0,48.31578826904297,337.5,-0.38268343236508956,0.9238795325112868,-0.8660254037844385,-0.5000000000000004,9.28468132019043,13.541611671447754,218.49488830566406,2.01070070033893e-05,29.417049407958984,7.974019527435303,11.580289840698242,233.27154541015625,0.00013786899216938764,43.29295349121094,8.04788589477539,3.37786865234375,261.40045166015625,0.0005111289210617542,17.41106605529785,6.0940680503845215,0.19609227776527405,277.96209716796875,0.0034077586606144905,44.36079025268555,4.290030479431152,-2.0404834747314453,287.4319152832031,0.009767991490662098,81.22237396240234,5.3387029765872285e-05,3.3802625694079325e-05,16.363014221191406,7.138136863708496,5.331076145172119,5.3387029765872285e-05,3.888616629410535e-05,43.32419204711914,6.335383415222168,0.6574228417319824,0.6518304942424933,9,25,25,ML_GGW_101_0009
GGW,101.0,880.0,8.0,0.0,19.894737243652344,337.5,-0.38268343236508956,0.9238795325112868,-0.8660254037844385,-0.5000000000000004,0.6273331642150879,6.354187965393066,219.7870635986328,8.131580398185179e-05,97.16743469238281,-1.791612982749939,2.0465505123138428,244.04541015625,0.0010867007076740265,116.14017486572266,-4.929478168487549,5.254710674285889,268.8268127441406,0.0055805412121117115,101.41500091552734,-2.5759408473968506,5.201627254486084,279.94281005859375,0.00844560470432043,95.77830505371094,-1.84613037109375,2.9058949947357178,291.11077880859375,0.012550964951515198,82.61053466796875,4.441247438080609e-05,8.241133036790416e-05,4.243671417236328,-2.103165864944458,4.352594375610352,4.441247438080609e-05,8.241133036790416e-05,73.83519744873047,3.9010818004608154,0.5963790357138082,0.390400200530568,10,1,20,ML_GGW_101_0010
GGW,101.0,881.0,8.0,6.0,19.894737243652344,337.5,-0.38268343236508956,0.9238795325112868,-0.8660254037844385,-0.5000000000000004,2.0843887329101562,4.114445686340332,219.77259826660156,6.51955560897477e-05,78.4930419921875,-0.3875274360179901,2.4213080406188965,243.71620178222656,0.0009622693178243935,104.01947021484375,-1.6387590169906616,6.514693737030029,269.0332336425781,0.005692161154001951,101.49520874023438,0.22356773912906647,5.409799098968506,280.2732238769531,0.008583717048168182,95.17523956298828,-1.5121530294418335,3.3967835903167725,290.8383483886719,0.012411380186676979,83.116455078125,4.457994145923294e-05,7.137614738894626e-05,3.667444944381714,-0.24609661102294922,4.371406078338623,4.457994145923294e-05,7.137614738894626e-05,74.29606628417969,3.667444944381714,0.7395792402583807,1.0437828005749723,10,2,20,ML_GGW_101_0010
GGW,101.0,882.0,8.0,12.0,19.894737243652344,335.0,-0.4226182617406992,0.90630778703665,-0.8660254037844385,-0.5000000000000004,2.6793324947357178,3.6378867626190186,219.7381591796875,3.971712794736959e-05,49.719764709472656,1.3180078268051147,2.902193307876587,244.13418579101562,0.00015423927106894553,15.841818809509277,0.17566095292568207,-0.49578142166137695,269.0722351074219,0.005752150435000658,101.79393005371094,1.6893706321716309,-0.4851176142692566,280.60302734375,0.008698485791683197,94.25589752197266,0.8376482129096985,0.07498952001333237,289.6825866699219,0.0123860202729702,89.25579071044922,4.522457311395556e-05,5.4290478146867827e-05,4.010740280151367,1.3400040864944458,1.1268341541290283,4.522457311395556e-05,5.846493877470493e-05,72.61055755615234,0.9334681034088135,0.7947289620865509,1.353669886282907,10,3,20,ML_GGW_101_0010
GGW,101.0,883.0,8.0,18.0,19.894737243652344,335.0,-0.4226182617406992,0.90630778703665,-0.8660254037844385,-0.5000000000000004,1.5302917957305908,4.280755519866943,219.84754943847656,3.096070940955542e-05,38.01587677001953,2.0283284187316895,4.239767551422119,244.18081665039062,0.00010641683911671862,11.348291397094727,1.2155840396881104,-1.6383270025253296,269.3132019042969,0.005715289618819952,99.18283081054688,1.9228978157043457,-1.424776554107666,280.80303955078125,0.008783351629972458,93.8868408203125,1.6898959875106812,-0.6973605155944824,289.6852722167969,0.012317595072090626,88.7487564086914,4.6283876145025715e-05,4.448263280210085e-05,4.980673789978027,1.6773996353149414,0.95201176404953,4.6283876145025715e-05,4.8068774049170315e-05,72.00741577148438,2.4880871772766113,0.7405427201726259,1.0487912589153185,10,4,20,ML_GGW_101_0010
GGW,101.0,884.0,8.0,0.0,19.894737243652344,335.0,-0.4226182617406992,0.90630778703665,-0.8660254037844385,-0.5000000000000004,1.9050318002700806,4.346887111663818,219.8197479248047,2.4891762222978286e-05,30.60289192199707,1.7568780183792114,4.305293560028076,244.09332275390625,8.273479761555791e-05,9.04006576538086,-0.01059652678668499,-0.3763895332813263,269.4913635253906,0.005063863005489111,88.54090881347656,1.3655191659927368,-0.7495647072792053,281.0791015625,0.009044856764376163,94.88932037353516,1.27734375,-1.4598166942596436,289.6510009765625,0.012230206280946732,88.31715393066406,4.606019865605049e-05,3.51733724528458e-05,5.840530872344971,1.2588351964950562,1.2132819890975952,4.606019865605049e-05,4.133216498303227e-05,72.87490844726562,2.3856618404388428,0.7180687002180884,0.9349018237620812,10,5,20,ML_GGW_101_0010
GGW,101.0,885.0,8.0,6.0,19.894737243652344,335.0,-0.4226182617406992,0.90630778703665,-0.8660254037844385,-0.5000000000000004,1.6806628704071045,3.276885747909546,219.61215209960938,2.455429421388544e-05,30.963228225708008,0.31616660952568054,4.9649529457092285,243.79721069335938,0.00011855647608172148,12.589601516723633,-0.14115360379219055,1.8491781949996948,269.5936279296875,0.0046344720758497715,81.8353042602539,0.7931204438209534,-0.12275609374046326,281.4713134765625,0.009586380794644356,97.91423797607422,-0.6723383069038391,-1.7070578336715698,289.8556213378906,0.012033655308187008,85.78760528564453,4.5066826714901254e-05,2.5936220481526107e-05,5.511470317840576,0.39529162645339966,1.652240514755249,4.5066826714901254e-05,3.341549381730147e-05,72.71324920654297,1.1119146347045898,0.6883318257325859,0.7923319486750939,10,6,20,ML_GGW_101_0010
GGW,101.0,886.0,8.0,12.0,19.894737243652344,335.0,-0.4226182617406992,0.90630778703665,-0.8660254037844385,-0.5000000000000004,-0.867921769618988,3.292428731918335,219.48080444335938,2.5180373995681293e-05,31.82875633239746,-0.9194995760917664,7.0115838050842285,243.5441131591797,0.0002980167337227613,30.460969924926758,0.07748640328645706,3.0292768478393555,270.38262939453125,0.004349852446466684,71.45173645019531,-0.08843620121479034,0.43673840165138245,282.29119873046875,0.00973840244114399,94.10279083251953,-2.1834044456481934,-0.8773548007011414,290.2846374511719,0.011875343509018421,82.37808990478516,4.1580176912248135e-05,1.8016322428593412e-05,4.372366428375244,-0.796355128288269,2.5785346031188965,4.1580176912248135e-05,2.844854498107452e-05,69.19293212890625,2.1731386184692383,0.7026883819650175,0.8601327169102182,10,7,20,ML_GGW_101_0010
GGW,101.0,887.0,8.0,18.0,19.894737243652344,335.0,-0.4226182617406992,0.90630778703665,-0.8660254037844385,-0.5000000000000004,-2.9150190353393555,3.660914421081543,219.43577575683594,2.4029835913097486e-05,30.13802146911621,-1.251612901687622,7.211496353149414,243.20526123046875,0.00039521080907434225,41.86527633666992,-1.941051721572876,2.3047966957092285,270.81536865234375,0.004252909682691097,66.02446746826172,-2.584453582763672,0.8068609237670898,282.76470947265625,0.009452502243220806,88.416015625,-3.2714056968688965,-0.6224120259284973,290.4105529785156,0.011781333945691586,81.05203247070312,3.774792639887892e-05,1.2122241059842054e-05,4.298127174377441,-2.3927085399627686,2.6723313331604004,3.774792639887892e-05,4.010255361208692e-05,66.04219818115234,2.9317994117736816,0.6995837253312281,0.8453163849711705,10,8,20,ML_GGW_101_0010
GGW,101.0,888.0,8.0,0.0,18.0,332.5,-0.46174861323503363,0.8870108331782218,-0.8660254037844385,-0.5000000000000004,-2.602695941925049,2.5858428478240967,219.62522888183594,2.1948413632344455e-05,27.561437606811523,-2.1369006633758545,4.962713241577148,243.00833129882812,0.00032543158158659935,35.71585464477539,-4.78070068359375,1.7126736640930176,269.1995544433594,0.00411316379904747,72.44752502441406,4.035793304443359,-1.4526550769805908,282.51470947265625,0.008596926927566528,81.79670715332031,1.6794841289520264,-1.9451708793640137,289.79644775390625,0.011773141101002693,84.17245483398438,3.387345350347459e-05,2.2971684302319773e-05,6.234352111816406,-0.7610039114952087,1.1726809740066528,3.387345350347459e-05,6.617499457206577e-05,71.87382507324219,3.471895217895508,0.6662665572261215,0.6913472277249764,10,9,20,ML_GGW_101_0010
GGW,101.0,889.0,8.0,6.0,16.105262756347656,327.5,-0.5372996083468242,0.8433914458128855,-0.8660254037844385,-0.5000000000000004,-4.667754173278809,2.3411448001861572,218.47279357910156,5.92575415794272e-05,83.85874938964844,-4.244972229003906,-1.802336573600769,242.85260009765625,0.0007520685321651399,92.68475341796875,1.2073078155517578,-5.775195121765137,267.8709716796875,0.004408985376358032,83.92648315429688,3.3770110607147217,-1.802802562713623,281.5815734863281,0.007358184549957514,74.5583724975586,4.779241561889648,-1.9573441743850708,289.9857482910156,0.012679585255682468,89.53925323486328,3.8196365494513884e-05,6.191988359205425e-05,10.37895679473877,0.0901668518781662,-1.7993066310882568,3.825749081443064e-05,6.946282519493252e-05,74.23643493652344,2.7428090572357178,0.7349086638613521,1.0196717933586275,10,10,20,ML_GGW_101_0010
GGW,101.0,890.0,8.0,12.0,16.105262756347656,330.0,-0.5000000000000004,0.8660254037844384,-0.8660254037844385,-0.5000000000000004,-3.689913749694824,4.370688438415527,218.9226531982422,5.518466787179932e-05,74.97698974609375,-6.534285545349121,4.057129383087158,242.93885803222656,0.0007079379865899682,80.39874267578125,-1.976334571838379,1.5804541110992432,269.3065490722656,0.005820865277200937,101.63604736328125,4.174677848815918,-0.09422777593135834,281.9483947753906,0.007634283974766731,75.41812133789062,6.121179580688477,-1.229535460472107,290.17889404296875,0.012482580728828907,87.08370971679688,3.9502992876805365e-05,6.534318526973948e-05,11.296904563903809,-0.38093528151512146,1.736901879310608,3.9502992876805365e-05,6.534318526973948e-05,73.6321029663086,2.3621459007263184,0.7584889291797905,1.144412889058568,10,11,20,ML_GGW_101_0010
GGW,101.0,891.0,8.0,18.0,16.105262756347656,330.0,-0.5000000000000004,0.8660254037844384,-0.8660254037844385,-0.5000000000000004,-3.527184009552002,6.437419414520264,219.3054656982422,5.039883399149403e-05,64.912109375,-7.827683448791504,5.4796366691589355,243.27365112304688,0.0005276162992231548,58.803672790527344,-3.6284589767456055,1.3104554414749146,269.4114074707031,0.005869176238775253,101.38982391357422,2.39367413520813,-0.7501770853996277,282.34478759765625,0.007734793704003096,74.40386962890625,3.858483076095581,-2.2829177379608154,290.1231384277344,0.012200012803077698,85.4037094116211,4.304276080802083e-05,5.263779894448817e-05,11.427700996398926,-1.7462339401245117,2.0388832092285156,4.304276080802083e-05,5.263779894448817e-05,74.0162124633789,4.516721725463867,0.7958165591887514,1.3603498965540788,10,12,20,ML_GGW_101_0010
GGW,101.0,892.0,8.0,0.0,16.105262756347656,330.0,-0.5000000000000004,0.8660254037844384,-0.8660254037844385,-0.5000000000000004,-4.7740068435668945,7.616214752197266,219.57125854492188,3.7680467357859015e-05,46.692840576171875,-6.41058349609375,5.198676586151123,243.2149200439453,0.0003303911071270704,40.1043701171875,-7.270070552825928,2.2533345222473145,269.2684631347656,0.005631725303828716,97.14423370361328,-1.0538455247879028,-0.14856122434139252,282.6354064941406,0.0077070011757314205,72.68128204345703,0.8024622201919556,-1.8236396312713623,290.0247802734375,0.011974666267633438,84.33710479736328,4.214840737404302e-05,3.845809624181129e-05,10.963934898376465,-3.741209030151367,2.6192049980163574,4.214840737404302e-05,4.3606461986200884e-05,73.83002471923828,6.229374408721924,0.7528912496306616,1.1140922699415405,10,13,20,ML_GGW_101_0010
GGW,101.0,893.0,8.0,6.0,16.105262756347656,327.5,-0.5372996083468242,0.8433914458128855,-0.8660254037844385,-0.5000000000000004,-5.352712631225586,5.946307182312012,219.67471313476562,3.8693335227435455e-05,48.3883056640625,-6.017941474914551,3.6516635417938232,243.18255615234375,0.00032472494058310986,36.30447006225586,-8.686599731445312,0.9620251059532166,268.91168212890625,0.005105568561702967,89.7509536743164,-2.226900577545166,-1.5542867183685303,282.9483642578125,0.008134497329592705,75.11669158935547,-1.2294238805770874,-2.30678129196167,289.5024719238281,0.012230535969138145,89.0914306640625,4.206002631690353e-05,3.4294280339963734e-05,9.225777626037598,-4.702715873718262,1.3397854566574097,4.206002631690353e-05,3.9336973713943735e-05,76.73829650878906,5.147853374481201,0.7823820103088267,1.279601940719541,10,14,20,ML_GGW_101_0010
GGW,101.0,894.0,8.0,12.0,14.210526466369629,327.5,-0.5372996083468242,0.8433914458128855,-0.8660254037844385,-0.5000000000000004,-11.806957244873047,7.5996317863464355,219.44374084472656,4.413023998495191e-05,54.74353790283203,-9.730525016784668,3.423413038253784,242.8335418701172,0.0003935967106372118,47.82090759277344,-6.274964809417725,-1.0269392728805542,269.3623046875,0.005719129927456379,98.59745788574219,2.6666882038116455,-1.7696832418441772,282.9494323730469,0.008153022266924381,75.26715087890625,8.845298767089844,-1.1716129779815674,289.3878173828125,0.012755190022289753,93.65200805664062,4.452266512089409e-05,3.402490256121382e-05,22.437700271606445,-3.260092258453369,1.4109618663787842,4.452266512089409e-05,3.853188536595553e-05,82.44436645507812,5.993959903717041,0.5644509985719232,0.2592462672186544,10,15,20,ML_GGW_101_0010
GGW,101.0,895.0,8.0,18.0,14.210526466369629,327.5,-0.5372996083468242,0.8433914458128855,-0.8660254037844385,-0.5000000000000004,-11.757170677185059,8.44971752166748,219.31466674804688,4.477113179746084e-05,56.20623016357422,-11.678242683410645,2.892672061920166,242.97842407226562,0.0003866134793497622,50.79258728027344,-8.564617156982422,-0.3850135803222656,268.941650390625,0.005179332569241524,90.19154357910156,0.9855612516403198,-2.425335645675659,283.13861083984375,0.008259768597781658,75.30259704589844,8.174423217773438,-1.3733041286468506,289.505859375,0.012730964459478855,92.73331451416016,4.647383320843801e-05,2.9347656891332008e-05,22.22071647644043,-4.568009376525879,1.4317471981048584,4.647383320843801e-05,4.181440453976393e-05,81.41968536376953,5.375787258148193,0.5948203913507585,0.3839290497542589,10,16,20,ML_GGW_101_0010
GGW,101.0,896.0,8.0,0.0,14.210526466369629,327.5,-0.5372996083468242,0.8433914458128855,-0.8660254037844385,-0.5000000000000004,-9.964268684387207,8.04298210144043,219.05352783203125,4.990112211089581e-05,65.46358489990234,-12.831827163696289,3.5488269329071045,242.70602416992188,0.0004474177840165794,60.53468704223633,-9.918871879577637,0.09396485239267349,267.794921875,0.004424328915774822,83.7928466796875,-2.036588668823242,-1.9656927585601807,283.3930969238281,0.008434396237134933,75.5950927734375,7.098115921020508,-0.9336399435997009,289.39874267578125,0.012804297730326653,93.93423461914062,4.8221434553852305e-05,2.5181258024531417e-05,19.279645919799805,-5.530688285827637,1.7572883367538452,4.8221434553852305e-05,4.1468920244369656e-05,78.55455780029297,3.1177093982696533,0.646812856292821,0.605058935675016,10,17,20,ML_GGW_101_0010
GGW,101.0,897.0,8.0,6.0,14.210526466369629,325.0,-0.5735764363510465,0.8191520442889916,-0.8660254037844385,-0.5000000000000004,-10.355703353881836,7.166259288787842,218.8184814453125,4.5432712795445696e-05,62.8250617980957,-12.733925819396973,3.950363874435425,242.4729766845703,0.0005055929650552571,65.40232849121094,-8.472352027893066,-0.8824499249458313,267.698974609375,0.004412896931171417,85.09101104736328,-3.8710341453552246,-2.747101306915283,283.15771484375,0.009345956146717072,85.13326263427734,5.287414073944092,-0.4595300853252411,289.3582763671875,0.012790118344128132,94.09970092773438,4.847743912250735e-05,2.4701266738702543e-05,17.402868270874023,-6.029119968414307,1.405508279800415,4.847743912250735e-05,4.289194112061523e-05,81.4512710571289,2.2897045612335205,0.7002496547660773,0.8484869754783695,10,18,20,ML_GGW_101_0010
GGW,101.0,898.0,8.0,12.0,14.210526466369629,322.5,-0.608761429008721,0.7933533402912349,-0.8660254037844385,-0.5000000000000004,-9.380242347717285,6.533085346221924,219.04376220703125,4.2882540583377704e-05,58.06444549560547,-11.02854061126709,3.8047373294830322,242.8378448486328,0.0004792463732883334,54.80437469482422,-6.828196048736572,-1.2766132354736328,268.66802978515625,0.0038470986764878035,68.1849136352539,-5.310668468475342,-2.303241014480591,283.02691650390625,0.010745303705334663,98.85095977783203,2.815798759460449,0.1589137762784958,289.5655212402344,0.012661868706345558,91.87484741210938,4.985675695934333e-05,1.9864297428284772e-05,13.761303901672363,-5.946369171142578,1.3833764791488647,5.0086200644727796e-05,4.3463205656735227e-05,83.19779968261719,2.9192605018615723,0.76659712029937,1.1891953386561802,10,19,20,ML_GGW_101_0010
GGW,101.0,899.0,8.0,18.0,14.210526466369629,322.5,-0.608761429008721,0.7933533402912349,-0.8660254037844385,-0.5000000000000004,-9.970669746398926,8.574386596679688,219.07464599609375,5.375796172302216e-05,70.3108139038086,-9.792159080505371,3.395904541015625,243.2496795654297,0.0007655389490537345,84.13729095458984,-9.160537719726562,-2.309875249862671,269.1147155761719,0.003288994310423732,57.55662536621094,-6.793313980102539,-1.966956377029419,282.9376525878906,0.01058674231171608,97.96122741699219,3.6922318935394287,0.34857845306396484,289.5785217285156,0.012997387908399105,94.25143432617188,5.0943155656568706e-05,2.2191354219103232e-05,15.948002815246582,-6.404890537261963,1.6084076166152954,5.0943155656568706e-05,4.436396557139233e-05,77.96299743652344,4.119980812072754,0.7280284414206905,0.9846426185369794,10,20,20,ML_GGW_101_0010
GGW,101.0,884.0,8.0,0.0,16.105262756347656,322.5,-0.608761429008721,0.7933533402912349,-0.8660254037844385,-0.5000000000000004,-5.44490385055542,-0.4888027012348175,219.0299072265625,5.885313657927327e-05,77.48616790771484,-1.9332431554794312,1.0704652070999146,242.2461395263672,0.0009151806007139385,115.99854278564453,-2.520646810531616,1.7851691246032715,268.8809814453125,0.005424612667411566,98.18658447265625,-3.7224466800689697,1.464965581893921,282.51763916015625,0.007974740117788315,75.81401824951172,-0.23697832226753235,0.79307621717453,290.8019104003906,0.012613262981176376,84.59430694580078,4.466227619559504e-05,6.394902447937056e-05,5.363366603851318,-2.771643877029419,0.9249747395515442,4.466227619559504e-05,8.314813749166206e-05,66.91352844238281,1.8488472700119019,0.7446222595291558,1.0701332713616338,11,1,10,ML_GGW_101_0011
GGW,101.0,885.0,8.0,6.0,16.105262756347656,322.5,-0.608761429008721,0.7933533402912349,-0.8660254037844385,-0.5000000000000004,-7.696816921234131,-2.0208780765533447,218.16380310058594,6.204721285030246e-05,91.58616638183594,-1.1174125671386719,0.9453922510147095,242.067626953125,0.0008054268546402454,104.18218231201172,1.8896558284759521,2.373018980026245,268.96490478515625,0.005524729378521442,99.24853515625,-2.5829036235809326,1.420588731765747,282.4463806152344,0.008075498044490814,77.14582824707031,0.8251718878746033,0.6428624391555786,290.6094055175781,0.012740208767354488,86.4894027709961,4.482395524973981e-05,5.5926295317476615e-05,8.928594589233398,-1.7364612817764282,0.6721968650817871,4.482395524973981e-05,7.608595478814095e-05,66.17218017578125,1.6050361394882202,0.6368179282374119,0.5615795041513658,11,2,10,ML_GGW_101_0011
GGW,101.0,886.0,8.0,12.0,14.210526466369629,317.5,-0.6755902076156605,0.7372773368101239,-0.8660254037844385,-0.5000000000000004,-9.810859680175781,3.055617570877075,219.3137664794922,4.935885590384714e-05,62.05036544799805,1.6128435134887695,2.5138332843780518,242.18655395507812,0.0009100945317186415,120.45265197753906,3.2134978771209717,5.14748477935791,268.79248046875,0.00556276086717844,101.21814727783203,0.35314974188804626,0.8076013922691345,281.17919921875,0.007721379864960909,80.45417785644531,4.592677116394043,0.28115254640579224,289.96875,0.012443973682820797,87.86089324951172,3.6970555811421946e-05,6.337793456623331e-05,14.668316841125488,-0.007738208863884211,2.361137866973877,4.3147869291715324e-05,6.758059316780418e-05,66.97200775146484,1.795546054840088,0.6599349696634317,0.6630044343359642,11,3,10,ML_GGW_101_0011
GGW,101.0,887.0,8.0,18.0,14.210526466369629,317.5,-0.6755902076156605,0.7372773368101239,-0.8660254037844385,-0.5000000000000004,-9.673405647277832,6.691351890563965,219.57012939453125,3.6771740269614384e-05,44.18879699707031,1.078307032585144,2.719236135482788,241.85667419433594,0.0008952642092481256,121.62987518310547,4.19623327255249,4.845707893371582,269.2838439941406,0.005778458900749683,100.92413330078125,1.207160234451294,0.43233752250671387,281.6733093261719,0.007780629210174084,78.35548400878906,4.994287490844727,-0.6939135193824768,289.8974914550781,0.01250261627137661,88.67869567871094,3.779691905947402e-05,5.352667722036131e-05,16.422039031982422,0.3605164885520935,2.7989439964294434,4.0449249354423955e-05,6.617879262194037e-05,66.63455200195312,5.678542613983154,0.6330491012900868,0.5453199401919,11,4,10,ML_GGW_101_0011
GGW,101.0,888.0,8.0,0.0,14.210526466369629,317.5,-0.6755902076156605,0.7372773368101239,-0.8660254037844385,-0.5000000000000004,-9.175958633422852,7.921054363250732,219.44180297851562,4.267596887075342e-05,54.65701675415039,0.4355016350746155,2.3825111389160156,241.14524841308594,0.000704839127138257,99.89036560058594,4.2801995277404785,4.89763879776001,269.2771301269531,0.005776671692728996,100.61569213867188,0.05095794424414635,-0.5424050688743591,282.03558349609375,0.007787342648953199,76.53582000732422,3.479860305786133,-1.5955513715744019,289.6835632324219,0.01243453286588192,89.42252349853516,4.112541500944644e-05,4.1374252759851515e-05,15.834630966186523,-0.18588772416114807,2.612649440765381,4.112541500944644e-05,6.0480626416392624e-05,64.69355773925781,6.498697280883789,0.6652411101286956,0.6867390055983522,11,5,10,ML_GGW_101_0011
GGW,101.0,889.0,8.0,6.0,14.210526466369629,317.5,-0.6755902076156605,0.7372773368101239,-0.8660254037844385,-0.5000000000000004,-9.483684539794922,6.5279459953308105,219.43934631347656,5.1740731578320265e-05,67.6147232055664,-0.24201731383800507,-0.3413480222225189,240.75112915039062,0.0005860021337866783,81.80545806884766,4.9517316818237305,4.0224480628967285,269.14300537109375,0.005679422523826361,99.62797546386719,-1.5740121603012085,-0.8661636710166931,282.25067138671875,0.00780540332198143,75.59725189208984,1.8333626985549927,-1.3223247528076172,289.4570617675781,0.012541930191218853,91.55371856689453,4.4716158299706876e-05,2.8564438252942637e-05,13.773245811462402,-0.9029240608215332,1.6041114330291748,4.4716158299706876e-05,4.756336420541629e-05,65.47618865966797,5.429871559143066,0.6651396186067723,0.6862832984200093,11,6,10,ML_GGW_101_0011
GGW,101.0,890.0,8.0,12.0,14.210526466369629,317.5,-0.6755902076156605,0.7372773368101239,-0.8660254037844385,-0.5000000000000004,-10.25594425201416,5.526735782623291,220.07212829589844,6.447416672017425e-05,77.6317138671875,-1.1643320322036743,-2.8256888389587402,240.97434997558594,0.0004840374458581209,63.61115264892578,4.312422275543213,2.398310422897339,269.4897766113281,0.005867867264896631,99.99353790283203,-2.7191476821899414,-0.8053129315376282,282.4720764160156,0.007812398485839367,74.5208969116211,1.5881434679031372,-0.576866865158081,289.4923095703125,0.012652835808694363,92.18093872070312,4.570011515170336e-05,2.0765144654433243e-05,13.324277877807617,-1.6477715969085693,0.7434355020523071,4.570011515170336e-05,3.673320679808967e-05,65.95411682128906,3.8355493545532227,0.6297289829868493,0.531054325173187,11,7,10,ML_GGW_101_0011
GGW,101.0,891.0,8.0,18.0,14.210526466369629,317.5,-0.6755902076156605,0.7372773368101239,-0.8660254037844385,-0.5000000000000004,-9.392427444458008,4.410776615142822,220.3185577392578,6.721085810568184e-05,78.03801727294922,-1.5795559883117676,-4.123223304748535,241.08433532714844,0.0004928781418129802,65.52306365966797,2.249606132507324,0.739654541015625,269.9532470703125,0.005871505476534367,96.96165466308594,-3.953808546066284,-1.7849719524383545,282.55767822265625,0.007880669087171555,74.72601318359375,1.8712142705917358,-1.4844424724578857,289.57550048828125,0.012660408392548561,91.74860382080078,4.4233460357645527e-05,1.5943664038786665e-05,12.713111877441406,-2.160994291305542,-0.4484413266181946,4.4233460357645527e-05,3.336839654366486e-05,65.43861389160156,3.7814230918884277,0.5963454946924315,0.3902608609921083,11,8,10,ML_GGW_101_0011
GGW,101.0,892.0,8.0,0.0,14.210526466369629,317.5,-0.6755902076156605,0.7372773368101239,-0.8660254037844385,-0.5000000000000004,-8.202068328857422,2.32755446434021,220.1417999267578,6.766876322217286e-05,80.32846069335938,-1.9728511571884155,-4.396357536315918,241.0731201171875,0.0004410067049320787,60.01319122314453,0.014172388240695,0.2682510018348694,269.5478820800781,0.005713990889489651,96.95767974853516,-5.773235321044922,-2.1785590648651123,282.687255859375,0.007645841687917709,71.86741638183594,0.08812854439020157,-2.7183053493499756,289.4978942871094,0.012446081265807152,90.62841796875,4.3797510443255305e-05,1.1833310963993426e-05,9.705053329467773,-3.16917085647583,-1.3394832611083984,4.3797510443255305e-05,3.25354776578024e-05,66.00274658203125,4.564539432525635,0.5973798331962562,0.39455954422328476,11,9,10,ML_GGW_101_0011
GGW,101.0,893.0,8.0,6.0,14.210526466369629,317.5,-0.6755902076156605,0.7372773368101239,-0.8660254037844385,-0.5000000000000004,-6.3015336990356445,0.6587715744972229,219.86801147460938,6.504604243673384e-05,79.83668518066406,-1.5479133129119873,-4.465051174163818,241.5518341064453,0.0002734131121542305,36.514076232910156,-1.379622220993042,-0.020498543977737427,269.0723876953125,0.005564273335039616,97.73196411132812,-6.172996520996094,-1.8501452207565308,282.8455810546875,0.007190715987235308,66.8585433959961,-1.7789119482040405,-2.9736788272857666,289.4284362792969,0.012177719734609127,89.06026458740234,4.3057440052507445e-05,9.21087121241726e-06,5.8007588386535645,-3.4361958503723145,-1.7301204204559326,4.3057440052507445e-05,3.5511417081579566e-05,69.69684600830078,4.475069522857666,0.6109198678435722,0.45118048371352293,11,10,10,ML_GGW_101_0011
GGW,101.0,902.0,8.0,12.0,14.210526466369629,320.0,-0.6427876096865396,0.7660444431189778,-0.8660254037844385,-0.5000000000000004,-7.933296203613281,7.792292594909668,219.6201629638672,7.876771269366145e-05,97.32757568359375,-13.546453475952148,1.2723133563995361,242.77383422851562,0.0008373877499252558,104.4547119140625,-6.692231178283691,0.37455013394355774,268.34466552734375,0.004787231329828501,89.4578628540039,-6.248564720153809,0.42599254846572876,283.4882507324219,0.010222086682915688,91.09066009521484,0.8920259475708008,-0.12118706107139587,289.6716613769531,0.01290223840624094,93.02081298828125,4.63376309198793e-05,4.004269794677384e-05,11.853669166564941,-6.705704689025879,1.9487922191619873,4.63376309198793e-05,5.5908269132487476e-05,69.04878234863281,4.428755283355713,0.5715943500722144,0.2883590346717231,12,1,14,ML_GGW_101_0012
GGW,101.0,903.0,8.0,18.0,14.210526466369629,320.0,-0.6427876096865396,0.7660444431189778,-0.8660254037844385,-0.5000000000000004,-8.044132232666016,7.937765598297119,219.63877868652344,7.820095925126225e-05,96.31340026855469,-15.176412582397461,-0.12552474439144135,242.8323974609375,0.0006267645512707531,83.36486053466797,-5.505030155181885,-0.26333677768707275,268.45648193359375,0.005343804135918617,99.54954528808594,-4.78286600112915,-0.41025209426879883,283.5098876953125,0.010698508471250534,95.21956634521484,2.2849273681640625,-0.27320489287376404,289.9046936035156,0.012870503589510918,91.40869140625,4.518021160038188e-05,4.258759508957155e-05,13.195056915283203,-6.2447028160095215,1.3730895519256592,4.518021160038188e-05,5.2887833589920774e-05,66.67033386230469,3.785710573196411,0.6320404959566172,0.5409805792214657,12,2,14,ML_GGW_101_0012
GGW,101.0,904.0,8.0,0.0,14.210526466369629,317.5,-0.6755902076156605,0.7372773368101239,-0.8660254037844385,-0.5000000000000004,-6.833169937133789,6.649900436401367,219.43824768066406,6.748038140358403e-05,84.6280746459961,-14.233854293823242,0.5345373153686523,242.64508056640625,0.000487267883727327,66.52630615234375,-7.229449272155762,-0.04090305417776108,267.9361877441406,0.00513104535639286,99.6239013671875,-7.806703090667725,-1.0435736179351807,283.8734130859375,0.010673215612769127,92.64270782470703,-0.06636170297861099,-1.0889511108398438,289.5094299316406,0.012705627828836441,92.58038330078125,4.553436883725226e-05,4.510772123467177e-05,10.280054092407227,-7.233907222747803,1.002202033996582,4.553436883725226e-05,5.503328793565743e-05,67.58943939208984,4.741513729095459,0.8016303912434815,1.3965156413933197,12,3,14,ML_GGW_101_0012
GGW,101.0,905.0,8.0,6.0,14.210526466369629,317.5,-0.6755902076156605,0.7372773368101239,-0.8660254037844385,-0.5000000000000004,-5.743602275848389,3.062117099761963,219.30023193359375,5.562763544730842e-05,70.6352310180664,-12.732397079467773,1.197920322418213,242.25088500976562,0.0004556949425023049,57.58956527709961,-5.9965620040893555,1.1956775188446045,268.3048095703125,0.005243469960987568,98.06756591796875,-7.838305473327637,-0.6942288279533386,283.7641906738281,0.010599922388792038,92.67774963378906,-0.006636352278292179,-1.1424202919006348,289.5068664550781,0.012725488282740116,92.7424545288086,4.5405929995467886e-05,4.384263593237847e-05,7.112729072570801,-6.4635009765625,0.7238132357597351,4.5405929995467886e-05,5.517399767995812e-05,68.47427368164062,2.3967444896698,0.874297418813567,1.9395019640096578,12,4,14,ML_GGW_101_0012
GGW,101.0,906.0,8.0,12.0,14.210526466369629,315.0,-0.7071067811865477,0.7071067811865474,-0.8660254037844385,-0.5000000000000004,-5.410167694091797,1.5654820203781128,219.0032196044922,7.564561383333057e-05,99.87606811523438,-10.696881294250488,2.8316330909729004,243.7224884033203,0.0006642700172960758,77.64583587646484,-7.278233528137207,0.9500758051872253,269.33807373046875,0.0050467937253415585,86.81494140625,-8.895341873168945,-0.3057481646537781,283.0243835449219,0.010147039778530598,93.26392364501953,-1.1893863677978516,-1.0769139528274536,289.27191162109375,0.013330460526049137,98.62557983398438,4.601639011525549e-05,4.4826789235230535e-05,4.979683876037598,-6.6940016746521,0.7929058074951172,4.601639011525549e-05,5.646209683618508e-05,67.58818054199219,2.483271837234497,0.7745803697157444,1.234357735587439,12,5,14,ML_GGW_101_0012
GGW,101.0,907.0,8.0,18.0,14.210526466369629,315.0,-0.7071067811865477,0.7071067811865474,-0.8660254037844385,-0.5000000000000004,-6.070457935333252,1.9368418455123901,219.38963317871094,6.9839195930399e-05,89.6473617553711,-9.664070129394531,3.840657949447632,243.17147827148438,0.0006425577448680997,74.40487670898438,-5.289888381958008,1.0294184684753418,269.5791931152344,0.0055909291841089725,95.52521514892578,-7.633650302886963,-0.7409805655479431,282.91961669921875,0.00994825642555952,92.07733154296875,0.5780575275421143,-1.0431245565414429,289.50665283203125,0.013414185494184494,97.77503967285156,4.690311470767483e-05,4.430413173395209e-05,7.2858052253723145,-5.616001605987549,1.0045626163482666,4.690311470767483e-05,5.724843867938034e-05,67.36170959472656,1.739176630973816,0.8062317638005628,1.4257084631883368,12,6,14,ML_GGW_101_0012
GGW,101.0,908.0,8.0,0.0,14.210526466369629,315.0,-0.7071067811865477,0.7071067811865474,-0.8660254037844385,-0.5000000000000004,-7.365215301513672,2.086907386779785,219.3780517578125,5.1036073273280635e-05,66.35699462890625,-8.464327812194824,3.6222119331359863,242.2994842529297,0.0006874222890473902,82.6332778930664,-3.9146671295166016,1.5958505868911743,269.4583435058594,0.005733945406973362,98.03101348876953,-7.636385917663574,-0.6976186037063599,282.6976623535156,0.009298674762248993,87.35249328613281,1.121437907218933,-1.2017070055007935,289.52667236328125,0.013434846885502338,97.80500030517578,4.739506766782142e-05,4.187960803392343e-05,9.101552963256836,-5.251832008361816,1.0811288356781006,4.739506766782142e-05,5.270248948363587e-05,68.03670501708984,3.467231512069702,0.8660508771957875,1.86648360919704,12,7,14,ML_GGW_101_0012
GGW,101.0,909.0,8.0,6.0,14.210526466369629,315.0,-0.7071067811865477,0.7071067811865474,-0.8660254037844385,-0.5000000000000004,-8.019418716430664,1.5455611944198608,219.42626953125,3.512437979225069e-05,46.290138244628906,-7.167267799377441,1.761232852935791,241.87144470214844,0.000588738068472594,72.13744354248047,-3.0543036460876465,1.8466477394104004,269.1812744140625,0.005706357304006815,99.56097412109375,-7.1564836502075195,-0.4704515337944031,282.21588134765625,0.008979612030088902,87.18895721435547,1.8781553506851196,-0.7906811237335205,289.3536376953125,0.013506414368748665,99.43902587890625,4.690225250669755e-05,3.5448836570139974e-05,10.169562339782715,-4.703863620758057,0.7784618735313416,4.690225250669755e-05,4.705521132564172e-05,71.11709594726562,3.0816190242767334,0.8872437691300441,2.062891529264616,12,8,14,ML_GGW_101_0012
GGW,101.0,910.0,8.0,12.0,14.210526466369629,312.5,-0.7372773368101242,0.6755902076156601,-0.8660254037844385,-0.5000000000000004,-7.627433776855469,4.703986644744873,218.2841339111328,5.9359106671763584e-05,84.92286682128906,-6.261101245880127,3.5879435539245605,242.41204833984375,0.0008204186451621354,102.93873596191406,-5.4695258140563965,1.0693951845169067,270.1252746582031,0.00612252252176404,99.70639038085938,-8.398062705993652,-0.5745365023612976,281.27435302734375,0.008716256357729435,90.23544311523438,0.11479201167821884,-0.2025301456451416,289.51739501953125,0.013463927432894707,98.07105255126953,4.610968608176336e-05,3.5716991988010705e-05,9.166022300720215,-5.528265953063965,1.716851830482483,4.610968608176336e-05,4.4384658394847065e-05,68.76089477539062,4.225135803222656,0.6884571891806484,0.7929163731998643,12,9,14,ML_GGW_101_0012
GGW,101.0,911.0,8.0,18.0,14.210526466369629,312.5,-0.7372773368101242,0.6755902076156601,-0.8660254037844385,-0.5000000000000004,-7.35803747177124,6.6861066818237305,218.41551208496094,5.938141475780867e-05,84.00372314453125,-6.597336769104004,2.165966272354126,242.65545654296875,0.0007980525842867792,96.56458282470703,-5.960940837860107,1.1490859985351562,270.2716369628906,0.00620007049292326,99.85564422607422,-7.541666030883789,-0.5617466568946838,281.5248107910156,0.008616062812507153,87.65283203125,1.0545257329940796,-0.04562206566333771,289.60882568359375,0.013353779911994934,96.69428253173828,4.5814489567419514e-05,3.2284646295011044e-05,10.774385452270508,-5.280691146850586,1.8787580728530884,4.5814489567419514e-05,4.5608903747051954e-05,71.03582763671875,6.573729515075684,0.6797188730015765,0.7524801586418142,12,10,14,ML_GGW_101_0012
GGW,101.0,912.0,8.0,0.0,14.210526466369629,310.0,-0.7660444431189781,0.6427876096865393,-0.8660254037844385,-0.5000000000000004,-6.7818379402160645,8.036391258239746,218.78330993652344,7.35047651687637e-05,99.91593170166016,-8.025237083435059,3.3713345527648926,244.1324005126953,0.001040337374433875,107.62493896484375,-7.962770938873291,-0.7028065919876099,269.893798828125,0.006045677699148655,100.90264892578125,-9.331788063049316,-2.500788450241089,281.26043701171875,0.008284035138785839,85.89253997802734,-2.4394612312316895,-2.531857490539551,289.90667724609375,0.013009456917643547,92.43231964111328,4.5138753193896264e-05,4.337647624197416e-05,11.425590515136719,-6.908219337463379,1.1344547271728516,4.5138753193896264e-05,5.023582707508467e-05,68.16702270507812,8.384930610656738,0.5622604834672186,0.2503412138742933,12,11,14,ML_GGW_101_0012
GGW,101.0,913.0,8.0,6.0,14.210526466369629,310.0,-0.7660444431189781,0.6427876096865393,-0.8660254037844385,-0.5000000000000004,-6.35553503036499,5.933180809020996,218.42665100097656,7.063271914375946e-05,100.5333023071289,-8.536271095275879,2.5251619815826416,243.46128845214844,0.000987424748018384,109.70807647705078,-8.749390602111816,1.272024154663086,269.8876647949219,0.006054178345948458,100.8421630859375,-9.974034309387207,-1.8085836172103882,280.6325988769531,0.00867957342416048,93.83711242675781,-2.7730913162231445,-1.8453412055969238,289.4793395996094,0.013035761192440987,95.16026306152344,4.682351209339686e-05,4.4237163820071146e-05,8.563837051391602,-7.2776641845703125,1.2152884006500244,4.682351209339686e-05,5.02784205309581e-05,73.20524597167969,6.864740371704102,0.6059054672947037,0.4301331680944389,12,12,14,ML_GGW_101_0012
GGW,101.0,914.0,8.0,12.0,14.210526466369629,310.0,-0.7660444431189781,0.6427876096865393,-0.8660254037844385,-0.5000000000000004,-7.593287467956543,5.536948204040527,218.46104431152344,7.107527926564217e-05,101.09833526611328,-9.957317352294922,1.7086485624313354,242.87232971191406,0.0008266345830634236,98.76388549804688,-9.104647636413574,2.4613447189331055,269.9175109863281,0.006035790778696537,99.9028091430664,-9.812336921691895,-0.24679628014564514,281.4880676269531,0.00892996322363615,91.08551788330078,-2.127283811569214,-0.13295961916446686,289.4229431152344,0.012945090420544147,94.84859466552734,4.7868692490737885e-05,3.852847657981329e-05,7.875598430633545,-7.718975067138672,1.8654371500015259,4.7868692490737885e-05,5.331750799086876e-05,77.15870666503906,5.722067832946777,0.6413810760315078,0.5813634510819081,12,13,14,ML_GGW_101_0012
GGW,101.0,915.0,8.0,18.0,14.210526466369629,310.0,-0.7660444431189781,0.6427876096865393,-0.8660254037844385,-0.5000000000000004,-9.518961906433105,5.643909931182861,218.8048858642578,6.424335151677951e-05,90.0241470336914,-11.048995018005371,0.9708446860313416,242.7050323486328,0.0004245919990353286,51.248207092285156,-8.540335655212402,2.4336915016174316,269.69146728515625,0.005807044450193644,97.1294937133789,-8.49177074432373,-0.24413412809371948,282.5920715332031,0.009332229383289814,88.29131317138672,-0.8831121921539307,0.13216859102249146,289.5021667480469,0.012827426195144653,93.51678466796875,4.71025996375829e-05,2.836600469890982e-05,10.244861602783203,-7.6966352462768555,1.7872962951660156,4.71025996375829e-05,5.658038935507648e-05,78.86920166015625,6.111701488494873,0.7622858508085851,1.1652527196261357,12,14,14,ML_GGW_101_0012
GGW,101.0,905.0,8.0,6.0,25.578947067260742,290.0,-0.9396926207859083,0.342020143325669,-0.8660254037844385,-0.5000000000000004,-7.981515884399414,10.212549209594727,219.30804443359375,2.660041536728386e-05,34.47948455810547,-2.970885992050171,11.369828224182129,240.2948760986328,0.00014974446094129235,24.605314254760742,-7.150116443634033,2.6732566356658936,267.99615478515625,0.002248515607789159,42.1374397277832,-8.192561149597168,0.8237184882164001,282.8520202636719,0.008332446217536926,77.40995788574219,-8.548487663269043,0.11309266835451126,289.7347717285156,0.01172715239226818,84.01387023925781,1.1861931852763519e-05,9.910662811307702e-06,10.11535930633545,-6.968713283538818,5.03848934173584,1.1861931852763519e-05,2.4832386770867743e-05,62.25754928588867,2.990773916244507,0.5931168539835026,0.3768654015123363,13,1,13,ML_GGW_101_0013
GGW,101.0,906.0,8.0,12.0,25.578947067260742,287.5,-0.9537169507482268,0.30070579950427345,-0.8660254037844385,-0.5000000000000004,-9.109949111938477,12.004322052001953,219.8302001953125,2.739180126809515e-05,30.681312561035156,-4.094062328338623,10.634031295776367,239.8873748779297,0.00022500350314658135,37.7105712890625,-8.286069869995117,4.052087306976318,267.42608642578125,0.0025535286404192448,48.281639099121094,-7.805866241455078,1.7124680280685425,282.3747253417969,0.00780391413718462,74.86180877685547,-8.16567325592041,-0.10720052570104599,289.52496337890625,0.011816790327429771,85.8217544555664,1.4101357919571456e-05,1.3438149835565127e-05,12.148277282714844,-7.492323875427246,5.659141540527344,1.4101357919571456e-05,2.5636147256591357e-05,61.45307540893555,3.4709346294403076,0.6678255368729331,0.698366644838452,13,2,13,ML_GGW_101_0013
GGW,101.0,907.0,8.0,18.0,25.578947067260742,285.0,-0.9659258262890684,0.2588190451025203,-0.8660254037844385,-0.5000000000000004,-9.486509323120117,11.56626033782959,219.3548126220703,2.6175317543675192e-05,32.12517547607422,-3.7576096057891846,9.012946128845215,240.64041137695312,0.00042288046097382903,72.81690216064453,-6.940962791442871,5.066860675811768,267.2845764160156,0.0025047289673238993,47.51313400268555,-5.964838027954102,1.2249828577041626,282.42803955078125,0.0073556783609092236,70.32979583740234,-7.593780040740967,-0.5174691081047058,290.0645446777344,0.011193142272531986,78.5551528930664,1.4276655747380573e-05,1.8241153156850487e-05,12.231064796447754,-6.748739719390869,5.270716190338135,1.4276655747380573e-05,2.8817812562920153e-05,57.024715423583984,1.6531606912612915,0.723797290564838,0.9633763171621279,13,3,13,ML_GGW_101_0013
GGW,101.0,908.0,8.0,0.0,25.578947067260742,285.0,-0.9659258262890684,0.2588190451025203,-0.8660254037844385,-0.5000000000000004,-9.42720890045166,10.335532188415527,219.40313720703125,2.093186049023643e-05,26.72606086730957,-0.995538055896759,8.788731575012207,240.4387969970703,0.00025941405328921974,42.3010368347168,-5.251859664916992,5.296056747436523,267.6360168457031,0.0028868650551885366,51.41985321044922,-5.43930721282959,2.3139584064483643,283.20111083984375,0.006782142445445061,61.49147415161133,-7.400530815124512,1.0030262470245361,290.3283996582031,0.011112654581665993,76.64063262939453,1.4754845324205235e-05,5.612391760223545e-06,9.550031661987305,-5.702889442443848,5.54746150970459,1.4754845324205235e-05,3.154286241624504e-05,54.1193733215332,1.7054311037063599,0.7039053464366835,0.8659647172759279,13,4,13,ML_GGW_101_0013
GGW,101.0,909.0,8.0,6.0,25.578947067260742,282.5,-0.9762960071199335,0.21643961393810246,-0.8660254037844385,-0.5000000000000004,-8.830545425415039,13.097652435302734,219.49627685546875,1.8672357327886857e-05,23.633291244506836,-2.910015821456909,9.833476066589355,239.95230102539062,0.000199499714653939,33.15190124511719,-4.656635761260986,4.696669578552246,267.3694763183594,0.0029132026247680187,52.837398529052734,-5.96496057510376,2.004946231842041,282.979736328125,0.006554981227964163,60.37385940551758,-6.770968437194824,0.9317949414253235,289.9755859375,0.01130009163171053,79.7139892578125,1.629478720133193e-05,9.665838661021553e-06,12.338960647583008,-5.826624870300293,6.112908363342285,1.629478720133193e-05,3.0404789868043736e-05,53.25101089477539,1.917034387588501,0.7106254938989987,0.898423841464493,13,5,13,ML_GGW_101_0013
GGW,101.0,910.0,8.0,12.0,25.578947067260742,280.0,-0.9848077530122081,0.17364817766692997,-0.8660254037844385,-0.5000000000000004,-9.325252532958984,12.363593101501465,219.6724853515625,1.8339780581300147e-05,22.843563079833984,-5.440149307250977,7.766454219818115,239.24951171875,0.00020647728524636477,37.01307678222656,-4.891935348510742,4.333888053894043,266.335693359375,0.0032469925936311483,62.997066497802734,-5.9576096534729,2.3821728229522705,282.8039855957031,0.006598180625587702,61.543800354003906,-6.758957862854004,0.637815535068512,289.9604187011719,0.011139605194330215,78.64985656738281,1.879569754237309e-05,1.5078638170962222e-05,12.003321647644043,-6.474781036376953,5.4967851638793945,1.879569754237309e-05,2.6164852897636592e-05,52.5196647644043,0.9658263325691223,0.7378190135800246,1.0346635023335171,13,6,13,ML_GGW_101_0013
GGW,101.0,911.0,8.0,18.0,25.578947067260742,277.5,-0.9914448613738105,0.13052619222005127,-0.8660254037844385,-0.5000000000000004,-8.210834503173828,8.996164321899414,219.552734375,2.0392764781718142e-05,25.844074249267578,-7.1477131843566895,3.59173846244812,239.0057373046875,0.0002144368481822312,39.465572357177734,-5.252947807312012,3.8465771675109863,266.480712890625,0.003176530823111534,62.585384368896484,-5.327218532562256,2.4027018547058105,282.6861572265625,0.006608007941395044,62.1788444519043,-6.345603942871094,0.6834959387779236,290.1991271972656,0.011286694556474686,78.41938018798828,1.79322378244251e-05,1.9859136955346912e-05,8.519363403320312,-6.4568634033203125,3.9041359424591064,1.79322378244251e-05,2.86831764242379e-05,52.07561492919922,1.2760766744613647,0.7431795949668781,1.0625607039698934,13,7,13,ML_GGW_101_0013
GGW,101.0,912.0,8.0,0.0,25.578947067260742,275.0,-0.9961946980917455,0.08715574274765789,-0.8660254037844385,-0.5000000000000004,-10.192798614501953,2.348564624786377,219.33863830566406,2.2190279196365736e-05,27.477479934692383,-10.321244239807129,-1.7351011037826538,238.9105224609375,0.0003778745885938406,70.35697937011719,-5.479511260986328,3.268857002258301,267.4763488769531,0.0039620292373001575,75.63632202148438,-5.108125686645508,1.86666738986969,281.9473876953125,0.006469374988228083,64.00789642333984,-6.2887139320373535,0.3266300559043884,290.5502014160156,0.010296708904206753,70.09675598144531,1.7797498003346846e-05,2.802120980049949e-05,4.396600723266602,-7.478078365325928,1.2151235342025757,1.7797498003346846e-05,3.298118826933205e-05,51.9619140625,0.5369212627410889,0.7624001537052353,1.165883613366324,13,8,13,ML_GGW_101_0013
GGW,101.0,913.0,8.0,6.0,27.473684310913086,275.0,-0.9961946980917455,0.08715574274765789,-0.8660254037844385,-0.5000000000000004,-9.404745101928711,1.77926504611969,217.9039306640625,4.611795156961307e-05,70.40846252441406,-9.71563720703125,-0.6176589131355286,239.6660614013672,0.00047525702393613756,80.33750915527344,-6.496615886688232,3.9030230045318604,268.1134948730469,0.004610888659954071,85.21305847167969,-6.938232421875,3.218700408935547,282.7062072753906,0.0076179723255336285,71.5198974609375,-8.047249794006348,0.7799619436264038,290.17059326171875,0.011152834631502628,77.77790069580078,1.9045879525947385e-05,1.4747752175026108e-05,1.685645341873169,-8.120495796203613,1.8126580715179443,1.9045879525947385e-05,3.32021591020748e-05,58.01665496826172,0.9746373295783997,0.6946315848886296,0.8218626452711724,13,9,13,ML_GGW_101_0013
GGW,101.0,914.0,8.0,12.0,27.473684310913086,272.5,-0.9990482215818578,0.043619387365335764,-0.8660254037844385,-0.5000000000000004,-13.100638389587402,0.9903614521026611,216.8310089111328,3.91226276406087e-05,66.6050796508789,-11.162988662719727,-0.4751843512058258,239.7777099609375,0.0006089466623961926,100.90582275390625,-7.309340476989746,2.369081497192383,268.7659912109375,0.00537877855822444,96.9324722290039,-6.760919094085693,2.43292236328125,281.79986572265625,0.007644462399184704,76.32701873779297,-7.869281768798828,1.1677261590957642,290.08148193359375,0.011024472303688526,77.35985565185547,2.1311137970769778e-05,1.647997669351753e-05,5.234362602233887,-9.240633010864258,1.2969814538955688,2.1311137970769778e-05,2.8098989787395112e-05,59.679935455322266,0.7643938064575195,0.6447541566116352,0.5960590252151841,13,10,13,ML_GGW_101_0013
GGW,101.0,915.0,8.0,18.0,27.473684310913086,272.5,-0.9990482215818578,0.043619387365335764,-0.8660254037844385,-0.5000000000000004,-9.985468864440918,4.747872829437256,218.06211853027344,4.324021938373335e-05,63.95822525024414,-8.980506896972656,1.7455052137374878,239.64161682128906,0.00046844620374031365,79.3959732055664,-5.4977593421936035,4.079905033111572,267.73779296875,0.004270993173122406,80.89247131347656,-4.016702651977539,5.593513011932373,282.8240661621094,0.007618735544383526,70.96928405761719,-5.071051120758057,3.6943776607513428,290.4526062011719,0.010779326781630516,73.79994201660156,2.038681850535795e-05,1.1356987670296803e-05,5.02606725692749,-6.71029806137085,3.9722347259521484,2.038681850535795e-05,2.5556852051522583e-05,63.08576202392578,0.5372027158737183,0.6419575114254884,0.5838704573921905,13,11,13,ML_GGW_101_0013
GGW,101.0,916.0,8.0,0.0,27.473684310913086,270.0,-1.0,-1.8369701987210297e-16,-0.8660254037844385,-0.5000000000000004,-11.212769508361816,2.1597132682800293,218.01931762695312,3.0447767130681314e-05,45.55077362060547,-10.3277587890625,-0.29249292612075806,239.6480712890625,0.0004966235719621181,82.365234375,-6.3322978019714355,3.1617438793182373,268.2842102050781,0.004972588270902634,91.14844512939453,-4.67611837387085,3.4186787605285645,282.6412048339844,0.007437560707330704,70.18890380859375,-5.12718391418457,1.8796532154083252,290.75140380859375,0.01008896715939045,67.8597640991211,1.9072345821768977e-05,1.72687869053334e-05,6.092026233673096,-7.535224914550781,2.0654592514038086,1.9072345821768977e-05,2.5545512471580878e-05,60.55598068237305,1.8240219354629517,0.679202833836729,0.7501107650062906,13,12,13,ML_GGW_101_0013
GGW,101.0,917.0,8.0,6.0,27.473684310913086,267.5,-0.9990482215818578,-0.04361938736533613,-0.8660254037844385,-0.5000000000000004,-12.271782875061035,1.1677618026733398,218.21035766601562,2.6044415790238418e-05,37.63362503051758,-10.648669242858887,-1.138066053390503,239.1614990234375,0.0005105073214508593,88.09992980957031,-6.605302333831787,0.6537191867828369,267.8505859375,0.005024442914873362,97.25421905517578,-4.908172130584717,1.5401352643966675,282.9847717285156,0.007217202801257372,66.54052734375,-5.215795040130615,1.8677836656570435,290.6429443359375,0.010106255300343037,68.38282775878906,1.576917748025153e-05,1.8479970094631426e-05,7.090627193450928,-7.929944038391113,0.818266749382019,1.576917748025153e-05,2.429620872135274e-05,56.24363327026367,2.868314266204834,0.6066051668965322,0.4330643410994648,13,13,13,ML_GGW_101_0013
GGW,101.0,908.0,8.0,0.0,16.105262756347656,330.0,-0.5000000000000004,0.8660254037844384,-0.8660254037844385,-0.5000000000000004,-8.234896659851074,4.575963497161865,219.4741973876953,8.087716560112312e-05,100.74676513671875,-6.50056791305542,1.1322991847991943,244.59677124023438,0.0011082420824095607,109.46343231201172,-1.2394676208496094,-0.7605606913566589,270.0889587402344,0.006147834938019514,101.14431762695312,1.35680091381073,1.510119915008545,281.8429870605469,0.00979764387011528,97.544189453125,3.6340484619140625,0.1855446696281433,289.29071044921875,0.012775403447449207,94.39378356933594,5.277646050672047e-05,7.120705413399264e-05,12.654945373535156,-2.1968164443969727,1.328673243522644,5.277646050672047e-05,7.120705413399264e-05,80.60138702392578,3.5670363903045654,0.6025590454145344,0.4161392801134949,14,1,71,ML_GGW_101_0014
GGW,101.0,909.0,8.0,6.0,16.105262756347656,330.0,-0.5000000000000004,0.8660254037844384,-0.8660254037844385,-0.5000000000000004,-7.423344135284424,3.812547445297241,219.46621704101562,8.04423398221843e-05,100.31206512451172,-6.151724338531494,2.311446189880371,244.63519287109375,0.0011136881075799465,109.28414916992188,-1.2510838508605957,0.952254593372345,269.7085266113281,0.005975404754281044,101.27938842773438,1.071433424949646,2.4272947311401367,281.24505615234375,0.009488324634730816,98.4132080078125,3.268022298812866,1.072337031364441,289.649658203125,0.012665423564612865,91.48521423339844,5.659746966557577e-05,7.224423461593688e-05,11.036940574645996,-2.097339391708374,2.115176200866699,5.659746966557577e-05,7.224423461593688e-05,80.9733657836914,1.973611831665039,0.6302149661267924,0.5331391299923052,14,2,71,ML_GGW_101_0014
GGW,101.0,910.0,8.0,12.0,16.105262756347656,327.5,-0.5372996083468242,0.8433914458128855,-0.8660254037844385,-0.5000000000000004,-10.208658218383789,3.2053709030151367,219.72618103027344,8.392242307309061e-05,101.19317626953125,-7.441617012023926,0.0694509819149971,245.0537109375,0.0011484508868306875,108.0170669555664,-0.12437629699707031,-2.6821930408477783,270.3026428222656,0.006256559398025274,101.2262954711914,1.0076693296432495,0.3095800578594208,282.01123046875,0.009668821468949318,95.14730072021484,2.3931519985198975,-0.19015203416347504,289.4966735839844,0.012665516696870327,92.3934326171875,5.54533617105335e-05,6.6673121182248e-05,13.051253318786621,-2.8747661113739014,0.14241139590740204,5.54533617105335e-05,7.321978046093136e-05,82.76469421386719,1.2501009702682495,0.6026767756723723,0.41663090943091174,14,3,71,ML_GGW_101_0014
GGW,101.0,911.0,8.0,18.0,16.105262756347656,327.5,-0.5372996083468242,0.8433914458128855,-0.8660254037844385,-0.5000000000000004,-9.791266441345215,4.286192417144775,220.2006378173828,9.084597695618868e-05,103.10806274414062,-7.92903995513916,0.2243221402168274,245.60528564453125,0.0012508661020547152,111.78811645507812,-0.8474759459495544,-2.069012403488159,270.10723876953125,0.006162483245134354,101.28868865966797,-0.09780902415513992,0.791207492351532,282.1209411621094,0.009567633271217346,93.44947052001953,2.954784870147705,1.2752324342727661,289.7945556640625,0.01274761650711298,91.2132797241211,5.766466711065732e-05,7.646047743037343e-05,13.096858978271484,-3.1421611309051514,0.9015884399414062,5.766466711065732e-05,7.646047743037343e-05,81.79724884033203,1.8439658880233765,0.5941483841363381,0.3811414784799261,14,4,71,ML_GGW_101_0014
GGW,101.0,912.0,8.0,0.0,16.105262756347656,327.5,-0.5372996083468242,0.8433914458128855,-0.8660254037844385,-0.5000000000000004,-8.097957611083984,4.405172348022461,219.7540283203125,8.198920841095969e-05,98.43114471435547,-8.919947624206543,2.0672545433044434,244.7774200439453,0.0011459079105407,110.96585083007812,-2.5821714401245117,0.3491747975349426,269.91162109375,0.0060854461044073105,101.44459533691406,-1.8763691186904907,1.9870127439498901,281.8288269042969,0.009403597563505173,93.6730728149414,3.3688766956329346,2.2534961700439453,289.8900451660156,0.012882239185273647,91.61236572265625,6.0199497966095805e-05,7.605718565173447e-05,11.666961669921875,-3.621514081954956,2.2124221324920654,6.0199497966095805e-05,7.605718565173447e-05,82.9594497680664,1.6955204010009766,0.6558825774875175,0.6449988315479958,14,5,71,ML_GGW_101_0014
GGW,101.0,913.0,8.0,6.0,16.105262756347656,325.0,-0.5735764363510465,0.8191520442889916,-0.8660254037844385,-0.5000000000000004,-8.933908462524414,2.320187568664551,219.427978515625,7.910736167104915e-05,99.12322235107422,-9.575254440307617,-0.08164554089307785,244.40037536621094,0.0010594798950478435,107.01921844482422,-5.154115676879883,-2.6700375080108643,270.2084045410156,0.006217591930180788,101.19927215576172,-3.6764533519744873,-0.5303200483322144,282.262451171875,0.009732757695019245,94.16693115234375,-0.19228142499923706,-0.7094936370849609,289.8343505859375,0.013081065379083157,93.3487777709961,6.756740185664967e-05,7.232243660837412e-05,9.25175666809082,-5.506402492523193,-0.33426183462142944,6.756740185664967e-05,7.232243660837412e-05,83.95294189453125,1.4218004941940308,0.735114297222527,1.0207275708766668,14,6,71,ML_GGW_101_0014
GGW,101.0,914.0,8.0,12.0,16.105262756347656,325.0,-0.5735764363510465,0.8191520442889916,-0.8660254037844385,-0.5000000000000004,-8.399898529052734,2.8454537391662598,219.73916625976562,7.836145960027352e-05,94.29435729980469,-9.324028015136719,1.816597580909729,244.37966918945312,0.0010082363151013851,102.77454376220703,-5.366929531097412,0.5610197186470032,270.48284912109375,0.006331812124699354,100.84305572509766,-4.011529922485352,2.009876012802124,282.31219482421875,0.009565670043230057,92.23068237304688,0.8036933541297913,1.9853870868682861,290.09222412109375,0.013174470514059067,92.48579406738281,7.236102101160213e-05,7.255088712554425e-05,9.243691444396973,-5.259738445281982,1.8436667919158936,7.236102101160213e-05,7.255088712554425e-05,83.77853393554688,1.6445589065551758,0.7777567640301061,1.252641393060975,14,7,71,ML_GGW_101_0014
GGW,101.0,915.0,8.0,18.0,16.105262756347656,325.0,-0.5735764363510465,0.8191520442889916,-0.8660254037844385,-0.5000000000000004,-6.513978004455566,4.9027252197265625,219.6492156982422,8.225526835303754e-05,100.05191040039062,-8.600042343139648,2.908785343170166,244.58200073242188,0.0010143998079001904,101.79994201660156,-4.8784284591674805,2.700371742248535,270.756103515625,0.006451501976698637,100.62590789794922,-2.968703508377075,3.885875940322876,282.3976135253906,0.00952179729938507,91.26876068115234,3.096562623977661,3.756875514984131,290.2742004394531,0.01333598606288433,92.55652618408203,7.20767566235736e-05,6.819399277446792e-05,9.678607940673828,-3.9729180335998535,3.6309268474578857,7.20767566235736e-05,6.903065514052287e-05,84.5333480834961,0.8834958076477051,0.6985020153970418,0.8401747324367215,14,8,71,ML_GGW_101_0014
GGW,101.0,916.0,8.0,0.0,16.105262756347656,322.5,-0.608761429008721,0.7933533402912349,-0.8660254037844385,-0.5000000000000004,-7.379621505737305,5.460947036743164,219.59182739257812,8.147879998432472e-05,99.86355590820312,-10.373366355895996,1.2684235572814941,244.72091674804688,0.0010214708745479584,101.42528533935547,-7.680578708648682,-0.8322703242301941,270.72412109375,0.006429725326597691,100.54178619384766,-4.976632595062256,0.31735947728157043,282.5245056152344,0.009619518183171749,91.41112518310547,-2.2680883407592773,-0.5877857804298401,290.1461486816406,0.013581379316747189,95.00273132324219,7.929943240014836e-05,7.221868145279586e-05,7.919276237487793,-6.5356574058532715,1.1253348588943481,7.929943240014836e-05,7.221868145279586e-05,85.1063003540039,2.1649324893951416,0.7717310914795535,1.2181118049293556,14,9,71,ML_GGW_101_0014
GGW,101.0,917.0,8.0,6.0,16.105262756347656,322.5,-0.608761429008721,0.7933533402912349,-0.8660254037844385,-0.5000000000000004,-5.423777103424072,4.516083240509033,219.67007446289062,8.23167065391317e-05,99.8924789428711,-7.936948299407959,2.6818199157714844,245.0269317626953,0.0010869079269468784,103.48291015625,-5.6905293464660645,2.73093581199646,270.4846496582031,0.006318716797977686,100.80040740966797,-3.8230910301208496,3.098862648010254,282.3943176269531,0.009691116400063038,92.90505981445312,-1.6158969402313232,2.6520965099334717,290.4915771484375,0.013573527336120605,92.90534210205078,8.722145139472559e-05,7.356312562478706e-05,4.239622592926025,-4.898048400878906,3.1359596252441406,8.722145139472559e-05,7.356312562478706e-05,85.8554916381836,4.239622592926025,0.769279867746492,1.2042494132309196,14,10,71,ML_GGW_101_0014
GGW,101.0,918.0,8.0,12.0,16.105262756347656,322.5,-0.608761429008721,0.7933533402912349,-0.8660254037844385,-0.5000000000000004,-4.260527610778809,4.057109832763672,220.4849395751953,9.272313036490232e-05,101.3938980102539,-6.155388355255127,3.922178268432617,245.93380737304688,0.0012771476758643985,110.3465347290039,-1.5638996362686157,6.9964213371276855,270.1862487792969,0.006007707212120295,98.40849304199219,-0.5440208315849304,6.782805919647217,282.5997314453125,0.009553007781505585,90.28135681152344,2.4845051765441895,7.395576477050781,291.0080871582031,0.01371149905025959,90.79102325439453,8.327464456669986e-05,7.296047260751948e-05,7.526010036468506,-2.007866382598877,5.8308186531066895,8.327464456669986e-05,7.974258187459782e-05,84.84032440185547,6.61686372756958,0.6603544664337533,0.6648742357598676,14,11,71,ML_GGW_101_0014
GGW,101.0,919.0,8.0,18.0,16.105262756347656,320.0,-0.6427876096865396,0.7660444431189778,-0.8660254037844385,-0.5000000000000004,-7.587153911590576,4.878393173217773,221.7350616455078,0.00010736043623182923,100.11643981933594,-9.268681526184082,0.5834434628486633,246.3328094482422,0.0014025717973709106,120.33273315429688,-2.0068233013153076,1.1828395128250122,270.311767578125,0.006218263413757086,100.6588363647461,1.1899281740188599,1.8158031702041626,282.20391845703125,0.009753207676112652,94.71963500976562,1.9251978397369385,2.1291816234588623,290.8365783691406,0.013829154893755913,92.56697845458984,8.505200821673498e-05,8.93821706995368e-05,9.901666641235352,-3.1495063304901123,2.1179323196411133,8.505200821673498e-05,8.93821706995368e-05,83.15020751953125,6.694779872894287,0.6470189721669547,0.6059613073848895,14,12,71,ML_GGW_101_0014
GGW,101.0,920.0,8.0,0.0,16.105262756347656,320.0,-0.6427876096865396,0.7660444431189778,-0.8660254037844385,-0.5000000000000004,-6.332454204559326,3.6745100021362305,221.29733276367188,0.00010267376637784764,101.06547546386719,-3.4999804496765137,4.723430156707764,245.2813262939453,0.0012797643430531025,122.14238739013672,2.6968393325805664,7.465060234069824,270.1315612792969,0.005834538489580154,96.13902282714844,3.2307541370391846,4.033902645111084,281.8631896972656,0.00953497551381588,94.73494720458984,5.39674711227417,4.356607913970947,290.8961181640625,0.013867187313735485,92.46751403808594,8.134754170896485e-05,8.328432886628434e-05,11.749017715454102,0.29838117957115173,4.850701808929443,8.134754170896485e-05,8.328432886628434e-05,82.1996078491211,6.412141799926758,0.611729925295954,0.4545897202708593,14,13,71,ML_GGW_101_0014
GGW,101.0,921.0,8.0,6.0,18.0,320.0,-0.6427876096865396,0.7660444431189778,-0.8660254037844385,-0.5000000000000004,-1.378406286239624,2.0887889862060547,219.76748657226562,8.337978215422481e-05,100.24305725097656,-3.2317416667938232,3.988196611404419,244.53643798828125,0.001078542205505073,107.80059051513672,-3.59427809715271,5.8331217765808105,270.72076416015625,0.0064205932430922985,100.45903778076172,-7.734740734100342,5.126287460327148,282.7417907714844,0.009372647851705551,87.72352600097656,-7.552788734436035,4.25556755065918,291.8074951171875,0.013464512303471565,84.75716400146484,7.933143206173554e-05,7.165934221120551e-05,6.5435404777526855,-4.698390960693359,4.258392333984375,7.933143206173554e-05,7.451588317053393e-05,77.16238403320312,6.5435404777526855,0.7174769617415143,0.9319807394283728,14,14,71,ML_GGW_101_0014
GGW,101.0,922.0,8.0,12.0,18.0,317.5,-0.6755902076156605,0.7372773368101239,-0.8660254037844385,-0.5000000000000004,-1.3750642538070679,2.2811360359191895,220.30995178222656,8.863693801686168e-05,99.7120590209961,-3.716754913330078,1.5092450380325317,244.50579833984375,0.001050382386893034,105.80968475341797,-4.676310062408447,0.0244270171970129,271.2278137207031,0.006633392535150051,99.63846588134766,-5.88793420791626,1.862849235534668,282.52105712890625,0.00975531991571188,92.715576171875,-6.856988906860352,1.7517492771148682,291.4925231933594,0.01367518026381731,87.857421875,8.463593985652551e-05,6.368650792865083e-05,5.507426738739014,-4.502610206604004,1.4858812093734741,8.463593985652551e-05,6.401109567377716e-05,77.83898162841797,5.507426738739014,0.7588992227889171,1.146653983494303,14,15,71,ML_GGW_101_0014
GGW,101.0,923.0,8.0,18.0,18.0,317.5,-0.6755902076156605,0.7372773368101239,-0.8660254037844385,-0.5000000000000004,-0.19405046105384827,2.3181264400482178,220.44325256347656,9.130466060014442e-05,100.59764862060547,-1.015546441078186,2.1262857913970947,245.51708984375,0.0011945950100198388,107.9376449584961,-1.2187542915344238,0.7041783928871155,271.29443359375,0.006657731253653765,99.87330627441406,-2.918281316757202,3.215855836868286,282.4372863769531,0.009828495793044567,93.94956970214844,-2.0560548305511475,2.915789842605591,291.4126892089844,0.013697413727641106,88.44651794433594,8.467669977108017e-05,6.91062887199223e-05,1.9555720090866089,-1.4805374145507812,2.256047248840332,8.467669977108017e-05,6.91062887199223e-05,77.78009796142578,1.9555720090866089,0.7227876317090107,0.9583315619602635,14,16,71,ML_GGW_101_0014
GGW,101.0,924.0,8.0,0.0,18.0,317.5,-0.6755902076156605,0.7372773368101239,-0.8660254037844385,-0.5000000000000004,0.794414758682251,1.9517964124679565,220.3988494873047,9.304266859544441e-05,103.23104095458984,1.0066001415252686,2.452254295349121,245.69302368164062,0.001226183958351612,108.62981414794922,0.4911695718765259,2.686922788619995,271.0339660644531,0.00656419713050127,100.5080795288086,-2.1283810138702393,4.772228717803955,282.4687194824219,0.009780380874872208,93.29207611083984,-1.8031646013259888,2.99529767036438,291.4050598144531,0.013689606450498104,88.43214416503906,8.436727512162179e-05,7.226767047541216e-05,2.7993416786193848,-0.32787224650382996,2.9717001914978027,8.436727512162179e-05,7.226767047541216e-05,78.09968566894531,2.7993416786193848,0.6972229056408288,0.8341082942690627,14,17,71,ML_GGW_101_0014
GGW,101.0,925.0,8.0,6.0,18.0,315.0,-0.7071067811865477,0.7071067811865474,-0.8660254037844385,-0.5000000000000004,2.186474084854126,4.137413024902344,219.8009490966797,7.129770528990775e-05,84.00192260742188,-0.9175058603286743,-0.2726314961910248,243.62283325195312,0.0007927577826194465,94.93933868408203,-3.5805113315582275,-4.938178062438965,270.2627868652344,0.005519329570233822,83.98587036132812,-4.135663986206055,-2.418426752090454,282.8879089355469,0.00951586477458477,88.18040466308594,-6.581290245056152,-3.6295325756073,291.38116455078125,0.013247434981167316,85.72120666503906,8.74441466294229e-05,5.6692835642024875e-05,11.713203430175781,-2.6056995391845703,-1.4242712259292603,8.74441466294229e-05,7.138161890907213e-05,80.1523666381836,5.0829596519470215,0.9210781941768312,2.4570873714526504,14,18,71,ML_GGW_101_0014
GGW,101.0,926.0,8.0,12.0,18.0,315.0,-0.7071067811865477,0.7071067811865474,-0.8660254037844385,-0.5000000000000004,1.0830633640289307,4.3296732902526855,219.9039306640625,6.588168616872281e-05,75.54539489746094,-0.95574951171875,-0.7187374234199524,243.78147888183594,0.0007856698939576745,93.76428985595703,-0.7932971715927124,-4.238056659698486,270.26959228515625,0.004992017988115549,74.81132507324219,-2.9451122283935547,-0.8965795636177063,283.5655822753906,0.009501839056611061,84.11058807373047,-4.722569465637207,-0.9543148279190063,291.5129699707031,0.013324838131666183,85.52034759521484,9.123299241764471e-05,5.854523624293506e-05,7.850216388702393,-1.6667330265045166,-0.4956029951572418,9.123299241764471e-05,7.119512156350538e-05,79.7675552368164,6.157060146331787,0.953269341619623,3.0154970430744434,14,19,71,ML_GGW_101_0014
GGW,101.0,927.0,8.0,18.0,18.0,315.0,-0.7071067811865477,0.7071067811865474,-0.8660254037844385,-0.5000000000000004,-0.46664348244667053,4.289954662322998,220.4180908203125,7.69026592024602e-05,83.5918197631836,-0.7508717179298401,-1.2320222854614258,244.1017608642578,0.0007438049651682377,87.41889953613281,1.5305522680282593,-4.233267307281494,270.44775390625,0.004838709719479084,70.78858184814453,-0.8199581503868103,-1.4604123830795288,283.8492736816406,0.009525290690362453,82.69087982177734,-1.372255802154541,-0.8974999785423279,291.24774169921875,0.01359123457223177,88.67996978759766,8.941707346821204e-05,5.302417412167415e-05,5.265911102294922,-0.3758353590965271,-0.7066494822502136,8.941707346821204e-05,7.304466998903081e-05,78.92814636230469,5.265911102294922,0.94505519848808,2.844914264480684,14,20,71,ML_GGW_101_0014
GGW,101.0,928.0,8.0,0.0,18.0,315.0,-0.7071067811865477,0.7071067811865474,-0.8660254037844385,-0.5000000000000004,-0.13264814019203186,4.077097415924072,220.711669921875,9.33534320211038e-05,99.8505859375,0.5979767441749573,0.18579763174057007,243.91986083984375,0.0007205826113931835,85.64129638671875,2.281161308288574,-2.579397678375244,270.54296875,0.004125200677663088,59.90330123901367,-1.5077166557312012,-1.8224149942398071,284.09649658203125,0.00936194323003292,79.95142364501953,-2.5420420169830322,-2.1251375675201416,291.18646240234375,0.013537127524614334,88.67733001708984,8.678687299834564e-05,4.2771047446876764e-05,6.6537885665893555,-0.2606537342071533,-0.452811062335968,8.678687299834564e-05,6.502279575215653e-05,77.41097259521484,4.530789375305176,0.8892338422714042,2.0829389486046868,14,21,71,ML_GGW_101_0014
GGW,101.0,929.0,8.0,6.0,18.0,315.0,-0.7071067811865477,0.7071067811865474,-0.8660254037844385,-0.5000000000000004,0.26538416743278503,2.743683099746704,220.40374755859375,8.992818766273558e-05,99.88694763183594,1.9301115274429321,1.715437412261963,243.27101135253906,0.0007082310621626675,88.83128356933594,3.2925148010253906,-1.3967381715774536,270.7225646972656,0.0030741167720407248,44.83094787597656,-2.7578816413879395,-0.6329169869422913,284.32525634765625,0.009409405291080475,79.14762115478516,-4.69947624206543,-0.8872277736663818,291.1995849609375,0.01355127152055502,88.71937561035156,8.391284063691273e-05,3.34874312102329e-05,6.150882244110107,-0.3938694894313812,0.30844759941101074,8.391284063691273e-05,5.4011255997465923e-05,76.6999740600586,4.191786289215088,0.8568754448148068,1.7895773030019795,14,22,71,ML_GGW_101_0014
GGW,101.0,930.0,8.0,12.0,18.0,315.0,-0.7071067811865477,0.7071067811865474,-0.8660254037844385,-0.5000000000000004,-2.8150575160980225,2.216071128845215,220.53480529785156,9.110035898629576e-05,99.93024444580078,2.121129035949707,2.5833702087402344,242.98391723632812,0.0006946055218577385,88.88362121582031,3.7846078872680664,-0.7339605093002319,271.2464599609375,0.0023535669315606356,32.86455154418945,-1.4472112655639648,1.6020448207855225,284.78271484375,0.009953845292329788,81.23365783691406,-2.9744222164154053,2.1297504901885986,291.32391357421875,0.013691511936485767,88.92900085449219,8.07542382972315e-05,2.726800630625803e-05,0.18124116957187653,-0.2661908268928528,1.559455156326294,8.07542382972315e-05,4.532849561655894e-05,76.8158187866211,0.18124116957187653,0.7868115231028452,1.305812089431221,14,23,71,ML_GGW_101_0014
GGW,101.0,931.0,8.0,18.0,18.0,315.0,-0.7071067811865477,0.7071067811865474,-0.8660254037844385,-0.5000000000000004,-6.8300347328186035,4.781129360198975,220.76988220214844,9.362304990645498e-05,99.99901580810547,2.835650682449341,2.755962610244751,242.91616821289062,0.000656697666272521,85.1142807006836,4.371096611022949,-2.043674945831299,271.4727783203125,0.0016137354541569948,21.9641170501709,1.0180805921554565,0.8783906102180481,284.917724609375,0.01097807940095663,88.95596313476562,-0.2149440497159958,1.4854880571365356,291.6451110839844,0.013721182942390442,87.26628875732422,7.671268394915387e-05,2.0362787836347707e-05,7.390580654144287,0.23596982657909393,1.571459174156189,7.671268394915387e-05,3.962709888583049e-05,80.37345886230469,5.402838230133057,0.7302477073442228,0.9958796984243201,14,24,71,ML_GGW_101_0014
GGW,101.0,932.0,8.0,0.0,18.0,315.0,-0.7071067811865477,0.7071067811865474,-0.8660254037844385,-0.5000000000000004,-7.559176445007324,7.027314186096191,220.7087860107422,9.262895764550194e-05,99.97233581542969,4.986125469207764,1.0158098936080933,242.528564453125,0.000638272671494633,86.51358032226562,2.9879889488220215,-2.819232225418091,271.56634521484375,0.0013633694034069777,18.504629135131836,-0.007296886760741472,-0.08944077044725418,284.78387451171875,0.011675603687763214,95.56517791748047,-1.1926881074905396,0.47180378437042236,291.7120666503906,0.013544056564569473,85.754638671875,7.236094097606838e-05,1.7518970707897097e-05,9.13821029663086,-0.15700940787792206,1.1212509870529175,7.236094097606838e-05,4.0765800804365426e-05,81.3167495727539,7.321108818054199,0.6715112869484995,0.7150283461000835,14,25,71,ML_GGW_101_0014
GGW,101.0,933.0,8.0,6.0,18.0,315.0,-0.7071067811865477,0.7071067811865474,-0.8660254037844385,-0.5000000000000004,-6.134383201599121,5.964054107666016,221.06910705566406,9.640727512305602e-05,99.831787109375,5.544916152954102,-2.803201675415039,242.24766540527344,0.0005714412545785308,81.77618408203125,2.125112533569336,-2.083228826522827,271.5399475097656,0.0017695153364911675,24.04437828063965,-0.9530843496322632,0.17842262983322144,284.7016906738281,0.011750566773116589,96.68983459472656,-1.7454262971878052,0.8152944445610046,291.4393615722656,0.013616341166198254,87.71207427978516,7.089061546139419e-05,1.6778822100604884e-05,6.765550136566162,-0.2325730323791504,0.4142681658267975,7.089061546139419e-05,4.364721098681912e-05,82.28411102294922,4.668193817138672,0.7062723022422477,0.8773477203088595,14,26,71,ML_GGW_101_0014
GGW,101.0,934.0,8.0,12.0,18.0,315.0,-0.7071067811865477,0.7071067811865474,-0.8660254037844385,-0.5000000000000004,-7.635717868804932,3.8858535289764404,221.10848999023438,9.710722224554047e-05,99.83053588867188,1.6925143003463745,-4.963219165802002,242.3600311279297,0.0004891444696113467,71.15872955322266,3.087686061859131,-1.1927846670150757,271.4791564941406,0.0015796584775671363,21.572927474975586,0.5116656422615051,1.368615984916687,284.7969055175781,0.012132661417126656,99.2288818359375,0.5790428519248962,2.4148972034454346,291.7389831542969,0.013546300120651722,85.61585235595703,6.905588816152886e-05,1.6204308849410154e-05,8.345417976379395,-0.35296177864074707,0.3026725947856903,6.905588816152886e-05,5.126779797137715e-05,84.4281997680664,5.245203971862793,0.7116004146732975,0.9031695709562828,14,27,71,ML_GGW_101_0014
GGW,101.0,935.0,8.0,18.0,18.0,315.0,-0.7071067811865477,0.7071067811865474,-0.8660254037844385,-0.5000000000000004,-11.444875717163086,4.720434665679932,220.95242309570312,9.626971586840227e-05,99.88996887207031,-0.3643009066581726,-5.9714460372924805,242.89920043945312,0.00043781017302535474,61.91862487792969,4.845668792724609,-2.923807144165039,271.643310546875,0.0012966268695890903,17.475046157836914,3.0568292140960693,0.5329179167747498,284.5606689453125,0.011908615939319134,98.97225952148438,3.0527753829956055,1.7253001928329468,291.8276672363281,0.01379614882171154,86.70246887207031,6.492523971246555e-05,1.4157910300127696e-05,14.803807258605957,-0.17078061401844025,-0.38332006335258484,6.492523971246555e-05,6.048264185665175e-05,87.60466003417969,5.883560657501221,0.649843860154474,0.6183529500378171,14,28,71,ML_GGW_101_0014
GGW,101.0,936.0,8.0,0.0,18.0,315.0,-0.7071067811865477,0.7071067811865474,-0.8660254037844385,-0.5000000000000004,-10.819936752319336,4.883544921875,221.30001831054688,0.0001010195046546869,100.0710678100586,-0.17877605557441711,-7.863890171051025,242.5452423095703,0.00045431064791046083,69.12027740478516,3.7263901233673096,-3.934039831161499,271.32330322265625,0.0019446891965344548,26.897863388061523,3.1788673400878906,-0.16412392258644104,284.7376708984375,0.011189357377588749,91.80792999267578,3.6214065551757812,1.4198724031448364,291.6855773925781,0.013752812519669533,87.20318603515625,6.14920791122131e-05,1.5068339052959345e-05,14.850906372070312,-0.0944097489118576,-1.1317273378372192,6.14920791122131e-05,6.147353997221217e-05,88.49274444580078,5.492552757263184,0.6360961291411228,0.5584599566554362,14,29,71,ML_GGW_101_0014
GGW,101.0,937.0,8.0,6.0,19.894737243652344,317.5,-0.6755902076156605,0.7372773368101239,-0.8660254037844385,-0.5000000000000004,-7.124871253967285,4.711868762969971,220.55862426757812,9.214747842634097e-05,100.41340637207031,-5.983903408050537,-1.3814489841461182,243.91307067871094,0.0010165056446567178,110.22838592529297,-0.8893890380859375,-2.046828508377075,270.9508056640625,0.006437883246690035,98.54154205322266,-1.9967727661132812,3.244260549545288,283.6644592285156,0.010425291024148464,91.75877380371094,-1.4886200428009033,3.055506706237793,291.5763854980469,0.013958587311208248,89.1619873046875,5.825159314554185e-05,5.1575676479842514e-05,5.8745951652526855,-3.496711254119873,1.5166717767715454,5.825159314554185e-05,5.1575676479842514e-05,85.4983901977539,5.623107433319092,0.5890243729814236,0.3599336519896541,14,30,71,ML_GGW_101_0014
GGW,101.0,938.0,8.0,12.0,19.894737243652344,317.5,-0.6755902076156605,0.7372773368101239,-0.8660254037844385,-0.5000000000000004,-8.643264770507812,3.381603717803955,220.34559631347656,8.963469008449465e-05,100.02713012695312,-6.261966705322266,0.4712120294570923,244.808837890625,0.0011110989144071937,108.6562271118164,-1.6565848588943481,-0.06960095465183258,271.14898681640625,0.006589021999388933,99.5435791015625,-2.0977180004119873,4.46054744720459,283.8326721191406,0.010647611692547798,92.66424560546875,-0.6908258199691772,4.489317417144775,291.748779296875,0.014116290025413036,89.17346954345703,5.871583925909363e-05,5.25492214364931e-05,8.029215812683105,-3.87007212638855,2.5466160774230957,5.871583925909363e-05,5.25492214364931e-05,84.71009063720703,4.095552444458008,0.5822060283690663,0.3318359655430789,14,31,71,ML_GGW_101_0014
GGW,101.0,939.0,8.0,18.0,19.894737243652344,317.5,-0.6755902076156605,0.7372773368101239,-0.8660254037844385,-0.5000000000000004,-7.8745036125183105,3.5297279357910156,220.76705932617188,9.575337753631175e-05,101.27053833007812,-7.939368724822998,0.50166916847229,245.6913299560547,0.001259264419786632,112.8421630859375,-3.1502552032470703,1.1901257038116455,271.0272521972656,0.00639592157676816,97.96574401855469,-2.7634172439575195,4.752152919769287,284.0770568847656,0.010611395351588726,90.85442352294922,-0.2633078694343567,4.389599800109863,291.89630126953125,0.014119353145360947,88.35533142089844,5.616420821752399e-05,5.8146542869508266e-05,7.659613609313965,-4.398169994354248,2.872654914855957,5.616420821752399e-05,5.8146542869508266e-05,83.11618041992188,3.850222110748291,0.5601466950549536,0.24175743140940975,14,32,71,ML_GGW_101_0014
GGW,101.0,940.0,8.0,0.0,19.894737243652344,315.0,-0.7071067811865477,0.7071067811865474,-0.8660254037844385,-0.5000000000000004,-9.48004150390625,4.59404182434082,220.64390563964844,9.40998870646581e-05,100.7651596069336,-10.64754867553711,-5.036758899688721,244.11141967773438,0.0010524403769522905,115.4737319946289,-2.7654531002044678,-5.4211015701293945,270.34222412109375,0.005828733090311289,92.22369384765625,-2.331101417541504,0.4502575099468231,284.5398254394531,0.010279086418449879,85.35050201416016,-1.6063069105148315,0.6308090090751648,291.6388244628906,0.013248246163129807,84.26448059082031,5.288513784762472e-05,4.807240475201979e-05,8.814925193786621,-5.366089820861816,-0.9565504789352417,5.288513784762472e-05,5.728102769353427e-05,81.78656005859375,4.9288177490234375,0.5667396806932726,0.2685613346809437,14,33,71,ML_GGW_101_0014
GGW,101.0,941.0,8.0,6.0,19.894737243652344,315.0,-0.7071067811865477,0.7071067811865474,-0.8660254037844385,-0.5000000000000004,-8.158681869506836,3.69588041305542,220.25790405273438,8.856027125148103e-05,99.78508758544922,-11.90614128112793,-0.3935404419898987,244.29037475585938,0.0010521033545956016,109.46747589111328,-6.429817199707031,-2.8089511394500732,270.3296813964844,0.006255995016545057,100.57304382324219,-3.9206440448760986,2.255622625350952,284.3645324707031,0.010179714299738407,85.5205078125,-2.983290910720825,2.18054461479187,291.4513244628906,0.013493104837834835,86.84742736816406,5.333890294423327e-05,5.244411659077741e-05,5.392672538757324,-6.679715156555176,0.9859111905097961,5.333890294423327e-05,5.244411659077741e-05,80.98368072509766,4.7279887199401855,0.6172849489634502,0.478040026847802,14,34,71,ML_GGW_101_0014
GGW,101.0,942.0,8.0,12.0,19.894737243652344,315.0,-0.7071067811865477,0.7071067811865474,-0.8660254037844385,-0.5000000000000004,-6.508459568023682,1.874956488609314,220.37225341796875,8.976913522928953e-05,99.8371353149414,-12.622767448425293,1.1866854429244995,244.33311462402344,0.0009712501196190715,101.578857421875,-10.190546035766602,1.8084651231765747,270.4541931152344,0.006322341039776802,100.6900634765625,-5.824424743652344,5.183893203735352,284.55023193359375,0.009919398464262486,82.27637481689453,-3.6717913150787354,4.829463005065918,291.7922668457031,0.013536535203456879,85.26878356933594,5.08872362843249e-05,4.989907392882742e-05,4.095826625823975,-7.7635979652404785,2.9766926765441895,5.08872362843249e-05,5.2955030696466565e-05,78.58187866210938,4.095826625823975,0.6423599194720881,0.5856216497988789,14,35,71,ML_GGW_101_0014
GGW,101.0,943.0,8.0,18.0,21.789474487304688,312.5,-0.7372773368101242,0.6755902076156601,-0.8660254037844385,-0.5000000000000004,-4.27102518081665,0.8392313718795776,220.45533752441406,5.0242477300344035e-05,54.43578338623047,-10.727924346923828,-5.273194789886475,244.04515075683594,0.00019967231492046267,22.389808654785156,-12.68520450592041,1.8049982786178589,271.43408203125,0.005139007233083248,72.48272705078125,-10.662193298339844,3.7594616413116455,284.7797546386719,0.009872552007436752,80.63615417480469,-9.20604419708252,3.5350747108459473,291.7858581542969,0.013372700661420822,84.25658416748047,4.622671258402988e-05,2.028170092671644e-05,5.623342514038086,-9.510478019714355,0.933114230632782,4.622671258402988e-05,5.2454768592724577e-05,74.57997131347656,5.3794965744018555,0.8709186898415057,1.9091061027393863,14,36,71,ML_GGW_101_0014
GGW,101.0,944.0,8.0,0.0,19.894737243652344,312.5,-0.7372773368101242,0.6755902076156601,-0.8660254037844385,-0.5000000000000004,-4.642239570617676,0.5700427889823914,220.9163055419922,9.108929225476459e-05,95.98133087158203,-13.840191841125488,-0.919456422328949,244.0245819091797,0.00047177926171571016,53.101966857910156,-12.56472396850586,2.5398857593536377,270.2222595214844,0.006072915159165859,97.08433532714844,-6.896716117858887,4.117051601409912,284.5430603027344,0.00964563712477684,80.02881622314453,-4.435491561889648,3.2849836349487305,291.5819091796875,0.013001714833080769,83.0005874633789,4.4754287955584005e-05,3.712174657266587e-05,2.722801446914673,-8.475872993469238,1.9185014963150024,4.4754287955584005e-05,5.543123188544996e-05,79.77185821533203,2.722801446914673,0.771495232827416,1.216773419671756,14,37,71,ML_GGW_101_0014
GGW,101.0,945.0,8.0,6.0,19.894737243652344,310.0,-0.7660444431189781,0.6427876096865393,-0.8660254037844385,-0.5000000000000004,-5.090628623962402,0.6429171562194824,220.85299682617188,9.348239109385759e-05,99.10545349121094,-13.753501892089844,-1.64634370803833,243.70144653320312,0.00032673089299350977,41.94845199584961,-11.957419395446777,-1.322413444519043,270.4005432128906,0.00589832803234458,91.49602508544922,-6.705017566680908,2.0330753326416016,284.4194641113281,0.009777241386473179,81.80254364013672,-4.681131839752197,2.626678943634033,291.10504150390625,0.013068433851003647,85.94685363769531,4.562950925901532e-05,3.0535346013493836e-05,2.025585889816284,-8.437540054321289,0.4667828679084778,4.562950925901532e-05,5.1010116294492036e-05,81.12345886230469,2.025585889816284,0.7444104403175348,1.06901967445779,14,38,71,ML_GGW_101_0014
GGW,101.0,946.0,8.0,12.0,19.894737243652344,307.5,-0.7933533402912352,0.6087614290087205,-0.8660254037844385,-0.5000000000000004,-5.096590995788574,0.6926338076591492,220.8807830810547,9.373082139063627e-05,99.36385345458984,-12.652771949768066,-2.1593658924102783,243.58299255371094,0.0002643597836140543,37.923072814941406,-11.755162239074707,-3.368079900741577,270.8286437988281,0.005088111851364374,73.57129669189453,-5.570805549621582,0.5193421840667725,284.64459228515625,0.011149981990456581,91.99824523925781,-3.2408926486968994,1.8377819061279297,291.68377685546875,0.013047397136688232,82.72291564941406,4.41098673036322e-05,2.134377064066939e-05,2.1805918216705322,-7.663244724273682,-0.49553757905960083,4.41098673036322e-05,5.512896677828394e-05,81.63427734375,2.1805918216705322,0.7210058256035464,0.9494563158423495,14,39,71,ML_GGW_101_0014
GGW,101.0,947.0,8.0,18.0,19.894737243652344,307.5,-0.7933533402912352,0.6087614290087205,-0.8660254037844385,-0.5000000000000004,-3.845804452896118,0.2763022780418396,220.9394073486328,8.626229828223586e-05,92.69960021972656,-10.240280151367188,-1.6189824342727661,243.8178253173828,0.0002558437699917704,36.43888854980469,-12.816411018371582,0.00746812904253602,270.8095703125,0.005488582421094179,79.98058319091797,-5.260079860687256,1.7892454862594604,284.54180908203125,0.010695481672883034,88.80682373046875,-2.940455675125122,2.433474540710449,291.57568359375,0.01314939558506012,83.94795989990234,4.4373813580023125e-05,2.1106370695633814e-05,2.3394546508789062,-7.02060604095459,0.5775015950202942,4.4373813580023125e-05,5.942058487562463e-05,82.59416961669922,2.3394546508789062,0.7611402575822821,1.1589411199626092,14,40,71,ML_GGW_101_0014
GGW,101.0,948.0,8.0,0.0,18.0,305.0,-0.8191520442889918,0.573576436351046,-0.8660254037844385,-0.5000000000000004,-6.550107955932617,4.415226936340332,221.3452606201172,9.880618745228276e-05,98.94473266601562,-14.075419425964355,-2.720118522644043,243.93128967285156,0.0006477412534877658,74.68995666503906,-9.8869047164917,-6.072256088256836,270.916748046875,0.00604486046358943,92.3192367553711,-1.6939318180084229,-2.886349678039551,283.9071350097656,0.010824824683368206,93.76940155029297,0.6928581595420837,-0.8699744343757629,291.11773681640625,0.014009811915457249,92.06094360351562,4.6223900426412e-05,4.1795294237090275e-05,8.966265678405762,-6.302700996398926,-1.6266943216323853,4.6223900426412e-05,6.415820098482072e-05,83.68428039550781,4.664470195770264,0.7296157516620593,0.9926739386922301,14,41,71,ML_GGW_101_0014
GGW,101.0,949.0,8.0,6.0,18.0,305.0,-0.8191520442889918,0.573576436351046,-0.8660254037844385,-0.5000000000000004,-5.445505619049072,2.2187304496765137,220.90997314453125,9.482270252192393e-05,99.42394256591797,-12.292180061340332,-0.8382911682128906,243.464111328125,0.0007994681946001947,93.88702392578125,-11.008243560791016,-2.4361464977264404,270.99462890625,0.006499153096228838,98.92498016357422,-3.1513657569885254,1.475584864616394,283.46905517578125,0.010580689646303654,94.38895416259766,-0.9041565656661987,2.7982311248779297,291.2466735839844,0.01382030826061964,90.13153076171875,5.2221454097889364e-05,4.770289524458349e-05,4.5781731605529785,-6.560290336608887,0.6436217427253723,5.2221454097889364e-05,6.951418617973104e-05,82.25143432617188,4.5781731605529785,0.733048524933064,1.0101449995889258,14,42,71,ML_GGW_101_0014
GGW,101.0,950.0,8.0,12.0,18.0,305.0,-0.8191520442889918,0.573576436351046,-0.8660254037844385,-0.5000000000000004,-3.2376561164855957,0.2582595646381378,219.9593963623047,8.457717922283337e-05,99.66923522949219,-10.946385383605957,0.3711649775505066,243.68601989746094,0.0009223263477906585,102.1349868774414,-11.810089111328125,2.2572731971740723,271.4146423339844,0.006636963691562414,98.0378646850586,-2.029693365097046,6.812604904174805,282.7793884277344,0.010132364928722382,94.63941955566406,0.5711736679077148,7.203502655029297,291.3609924316406,0.013831059448421001,89.5491714477539,5.458680971059948e-05,4.8501475248485804e-05,7.921084880828857,-5.490530490875244,3.380561113357544,5.458680971059948e-05,7.28080267435871e-05,80.57804107666016,4.491240501403809,0.7038368706825872,0.8656361964507799,14,43,71,ML_GGW_101_0014
GGW,101.0,951.0,8.0,18.0,18.0,302.5,-0.8433914458128857,0.5372996083468239,-0.8660254037844385,-0.5000000000000004,-6.299072265625,4.320852756500244,222.9045867919922,0.00012015396350761876,99.32708740234375,-13.080029487609863,-1.336355447769165,245.06253051757812,0.0008460799581371248,83.87064361572266,-11.331925392150879,-3.685225248336792,271.0821228027344,0.006168765015900135,93.00826263427734,-0.44980889558792114,0.2686122953891754,283.4869689941406,0.010766067542135715,95.92285919189453,1.5698422193527222,2.0738565921783447,291.2157287597656,0.014446628279983997,94.39411926269531,5.746642273152247e-05,5.1138234994141385e-05,8.183446884155273,-5.918198585510254,0.32834818959236145,5.746642273152247e-05,7.821534381946549e-05,79.7856674194336,4.881040096282959,0.7809082566776562,1.2709671125225372,14,44,71,ML_GGW_101_0014
GGW,101.0,952.0,8.0,0.0,18.0,302.5,-0.8433914458128857,0.5372996083468239,-0.8660254037844385,-0.5000000000000004,-4.561756134033203,1.7202829122543335,222.04473876953125,0.0001125567068811506,102.79078674316406,-12.061979293823242,2.0455965995788574,244.55545043945312,0.0011051021283492446,114.15655517578125,-11.526996612548828,3.515066623687744,271.0947265625,0.006415718235075474,97.71983337402344,-0.9327076077461243,3.65814471244812,283.2250061035156,0.010439001955091953,94.62864685058594,0.8658260107040405,5.084677696228027,291.33514404296875,0.014253749512135983,92.4454574584961,5.9612677432596684e-05,6.148403917904943e-05,6.385749816894531,-5.6435227394104,3.204753875732422,5.9612677432596684e-05,8.272811828646809e-05,78.11119079589844,6.385749816894531,0.6583167306654814,0.6558019742088057,14,45,71,ML_GGW_101_0014
GGW,101.0,953.0,8.0,6.0,18.0,300.0,-0.8660254037844386,0.5000000000000001,-0.8660254037844385,-0.5000000000000004,-6.545709133148193,1.3780449628829956,222.51470947265625,0.00011372374865459278,97.94442749023438,-11.145071983337402,-1.919270396232605,244.82647705078125,0.0009614516166038811,97.96221923828125,-8.650073051452637,-3.2288620471954346,271.12359619140625,0.006047398783266544,91.45430755615234,-1.4144686460494995,-1.1905943155288696,283.42999267578125,0.010602555237710476,94.79752349853516,1.75605046749115,1.6542779207229614,291.2621154785156,0.014648514799773693,95.44055938720703,6.055288758943789e-05,5.935314402449876e-05,8.306354522705078,-5.199854850769043,-0.6612808108329773,6.055288758943789e-05,7.239459228003398e-05,78.25263977050781,5.668722152709961,0.7804543454700252,1.2683160401016225,14,46,71,ML_GGW_101_0014
GGW,101.0,954.0,8.0,12.0,18.0,300.0,-0.8660254037844386,0.5000000000000001,-0.8660254037844385,-0.5000000000000004,-5.528180122375488,1.5901820659637451,220.45993041992188,9.155087172985077e-05,100.74246978759766,-9.193767547607422,0.9817074537277222,244.65419006347656,0.0011136624962091446,112.25090789794922,-6.810034275054932,1.4447990655899048,271.5965576171875,0.006451454944908619,94.98338317871094,2.344470262527466,3.854576349258423,282.98828125,0.010515010915696621,96.8332290649414,4.4650702476501465,5.7711968421936035,291.35003662109375,0.01464200671762228,94.88166809082031,6.466398917837068e-05,6.438320997403935e-05,10.832633018493652,-2.944488048553467,2.728492259979248,6.466398917837068e-05,7.64464057283476e-05,78.94923400878906,3.5929038524627686,0.6849283528806012,0.7765141743217359,14,47,71,ML_GGW_101_0014
GGW,101.0,955.0,8.0,18.0,19.894737243652344,300.0,-0.8660254037844386,0.5000000000000001,-0.8660254037844385,-0.5000000000000004,-0.5268629193305969,1.4103546142578125,221.90936279296875,0.00010554569598753005,98.54259490966797,-4.6380109786987305,3.503227710723877,244.6043243408203,0.0008555765962228179,85.77873229980469,-8.983794212341309,5.815728664398193,271.553466796875,0.006309911143034697,93.30741119384766,-1.7711658477783203,4.655041217803955,283.80474853515625,0.01003925409168005,87.45745086669922,-0.02935035713016987,6.194924354553223,291.48797607421875,0.014419465325772762,92.6290054321289,6.729362939950079e-05,4.893659570370801e-05,4.810366630554199,-3.1898369789123535,4.315855503082275,6.729362939950079e-05,7.527787238359451e-05,80.1915054321289,4.810366630554199,0.8374150313378097,1.6391190542447034,14,48,71,ML_GGW_101_0014
GGW,101.0,956.0,8.0,0.0,19.894737243652344,300.0,-0.8660254037844386,0.5000000000000001,-0.8660254037844385,-0.5000000000000004,-0.5163441300392151,3.3695831298828125,220.8616180419922,9.558906458551064e-05,99.87552642822266,-4.993658065795898,4.96485710144043,245.94061279296875,0.0012721484526991844,109.82560729980469,-8.411242485046387,10.189118385314941,271.2606506347656,0.006363448221236467,96.05148315429688,-0.6670059561729431,7.488989353179932,283.156982421875,0.009920102544128895,90.30123138427734,1.1884996891021729,9.298816680908203,291.47686767578125,0.014215518720448017,91.3816146850586,6.766899605281651e-05,6.966516957618296e-05,6.1694655418396,-2.67995023727417,7.062272548675537,6.766899605281651e-05,8.282993076136336e-05,79.53221130371094,6.1694655418396,0.7196231160475152,0.942592912808021,14,49,71,ML_GGW_101_0014
GGW,101.0,957.0,8.0,6.0,21.789474487304688,300.0,-0.8660254037844386,0.5000000000000001,-0.8660254037844385,-0.5000000000000004,4.1837544441223145,1.8810031414031982,221.65673828125,0.00010532736632740125,100.69856262207031,-3.2965681552886963,4.617340564727783,245.25323486328125,0.0012173550203442574,113.86722564697266,-9.689085006713867,14.400824546813965,270.9940185546875,0.00630401773378253,96.9139175415039,-5.771185398101807,12.262537956237793,283.7692565917969,0.009206907823681831,80.36328887939453,-3.230560302734375,13.680706024169922,291.3699035644531,0.014074155129492283,91.08155822753906,6.431229849113151e-05,5.1739480113610625e-05,13.935747146606445,-3.5607287883758545,9.36848258972168,6.431229849113151e-05,7.612841727677733e-05,80.37178802490234,5.286238670349121,0.6292081799291916,0.5288213983934009,14,50,71,ML_GGW_101_0014
GGW,101.0,958.0,8.0,12.0,21.789474487304688,297.5,-0.8870108331782216,0.4617486132350341,-0.8660254037844385,-0.5000000000000004,-2.323887348175049,3.8311269283294678,222.07489013671875,0.0001114537226385437,101.78128051757812,-5.300485134124756,1.304107904434204,245.03382873535156,0.0011535214725881815,109.13725280761719,-5.662817478179932,2.7926533222198486,271.469482421875,0.006465842481702566,96.03739166259766,-0.7676410675048828,4.166718482971191,283.73468017578125,0.010036529041826725,87.89215850830078,1.1957632303237915,5.21556282043457,291.3833923339844,0.014152565971016884,91.5327377319336,7.03586993040517e-05,6.986007065279409e-05,3.7821426391601562,-2.5718133449554443,3.462033748626709,7.03586993040517e-05,7.90985141065903e-05,81.45789337158203,3.7821426391601562,0.7535601169593583,1.1176907169556651,14,51,71,ML_GGW_101_0014
GGW,101.0,959.0,8.0,18.0,21.789474487304688,297.5,-0.8870108331782216,0.4617486132350341,-0.8660254037844385,-0.5000000000000004,-6.6151862144470215,4.014995098114014,222.3426513671875,0.00011642956087598577,100.68424224853516,-5.849837779998779,1.4721851348876953,247.50875854492188,0.0014234675327315927,105.07852172851562,0.290836900472641,1.986984372138977,270.94744873046875,0.006358705461025238,98.35990905761719,4.766103267669678,4.471175670623779,283.23724365234375,0.01056070439517498,95.62422943115234,5.3637495040893555,6.023566722869873,291.4994812011719,0.014457011595368385,92.80972290039062,7.27007573004812e-05,8.664257620694116e-05,12.146162033081055,-0.4088667929172516,3.5937812328338623,7.27007573004812e-05,8.664257620694116e-05,80.70538330078125,3.5916614532470703,0.718438179741339,0.936727627471432,14,52,71,ML_GGW_101_0014
GGW,101.0,960.0,8.0,0.0,23.6842098236084,297.5,-0.8870108331782216,0.4617486132350341,-0.8660254037844385,-0.5000000000000004,-1.2472009658813477,4.684728622436523,222.28494262695312,0.00011453501792857423,99.82818603515625,-6.410394668579102,3.090627908706665,247.57003784179688,0.0014973898651078343,110.873291015625,-7.030544281005859,4.405876159667969,272.0506896972656,0.007047486025840044,99.8956527709961,-2.2135891914367676,6.392574787139893,283.2132568359375,0.01025467924773693,93.01383972167969,-0.30189305543899536,7.510397434234619,292.0138854980469,0.013893859460949898,86.36885070800781,7.784927583998069e-05,9.01103121577762e-05,2.9795992374420166,-3.4407246112823486,5.216840744018555,7.784927583998069e-05,9.649659477872774e-05,80.07889556884766,2.9795992374420166,0.7102017563162475,0.8963641240684894,14,53,71,ML_GGW_101_0014
GGW,101.0,961.0,8.0,6.0,23.6842098236084,297.5,-0.8870108331782216,0.4617486132350341,-0.8660254037844385,-0.5000000000000004,-1.9377970695495605,0.4501643478870392,222.8604736328125,0.00012294776388444006,99.92269134521484,-6.036913871765137,3.34321928024292,247.75982666015625,0.0015588602982461452,115.401123046875,-2.3183271884918213,7.159752368927002,270.987548828125,0.006506531499326229,100.1445083618164,2.6474714279174805,10.2629976272583,282.651123046875,0.010580617934465408,99.68402099609375,4.30111026763916,9.858341217041016,291.0484619140625,0.014526710845530033,95.97246551513672,7.44360513635911e-05,0.00010013148130383343,11.288832664489746,-0.6688913106918335,6.214894771575928,7.44360513635911e-05,0.00010013148130383343,78.10246276855469,9.025930404663086,0.6594942002871165,0.6610410196375864,14,54,71,ML_GGW_101_0014
GGW,101.0,962.0,8.0,12.0,25.578947067260742,295.0,-0.9063077870366498,0.4226182617406996,-0.8660254037844385,-0.5000000000000004,0.9558911919593811,4.153972148895264,223.70643615722656,0.00013663244317285717,99.94493103027344,-6.902993202209473,2.1617867946624756,247.17918395996094,0.0013670057523995638,110.11907196044922,-6.334985733032227,-3.2907116413116455,271.6515197753906,0.006821393501013517,99.62955474853516,-1.8857946395874023,-0.48898351192474365,283.7584533691406,0.010367781855165958,90.69383239746094,-0.27796968817710876,1.4699182510375977,291.62738037109375,0.014042338356375694,89.39302062988281,7.651765190530568e-05,7.827827357687056e-05,2.9540748596191406,-2.8891701698303223,0.8011963963508606,7.651765190530568e-05,9.139721078099683e-05,79.24995422363281,2.9540748596191406,0.7436885367468941,1.0652289554878425,14,55,71,ML_GGW_101_0014
GGW,101.0,963.0,8.0,18.0,25.578947067260742,295.0,-0.9063077870366498,0.4226182617406996,-0.8660254037844385,-0.5000000000000004,-1.5691040754318237,5.2971272468566895,224.36985778808594,0.0001478334452258423,99.9820556640625,-7.669833183288574,0.950177013874054,248.15818786621094,0.0016093747690320015,115.30773162841797,-5.140691757202148,-2.572580337524414,271.7762756347656,0.006915948819369078,100.33069610595703,1.5063917636871338,1.7297675609588623,283.0213317871094,0.010656400583684444,97.94348907470703,3.5540289878845215,3.7811999320983887,291.3685302734375,0.01409278903156519,91.22736358642578,8.038168016355485e-05,9.363157005282119e-05,5.342708110809326,-1.8638416528701782,1.8371384143829346,8.038168016355485e-05,9.363157005282119e-05,78.15868377685547,5.342708110809326,0.6740376411045961,0.7265040454998457,14,56,71,ML_GGW_101_0014
GGW,101.0,964.0,8.0,0.0,27.473684310913086,295.0,-0.9063077870366498,0.4226182617406996,-0.8660254037844385,-0.5000000000000004,6.0673828125,2.344459056854248,223.8869171142578,0.00013869030226487666,99.96109771728516,-9.295328140258789,4.023116588592529,246.54896545410156,0.001211041584610939,100.65077209472656,-12.74470329284668,4.522397518157959,272.3778076171875,0.00711800018325448,97.92802429199219,-6.835002899169922,5.7231268882751465,284.638671875,0.00944817066192627,77.86493682861328,-4.416519641876221,6.871456146240234,292.0677795410156,0.013540493324398994,83.86859893798828,8.261853508884087e-05,7.093793101375923e-05,11.419540405273438,-5.444834232330322,4.696911334991455,8.261853508884087e-05,0.00010405355715192854,78.10113525390625,8.303051948547363,0.7634049474991771,1.1714385806549021,14,57,71,ML_GGW_101_0014
GGW,101.0,965.0,8.0,6.0,27.473684310913086,295.0,-0.9063077870366498,0.4226182617406996,-0.8660254037844385,-0.5000000000000004,4.683871269226074,-2.1486105918884277,223.30442810058594,0.00012941719614900649,100.10529327392578,-6.735881328582764,6.027888298034668,247.03121948242188,0.0013972318265587091,109.88343048095703,-8.953817367553711,9.705602645874023,272.3824157714844,0.007176496088504791,99.11324310302734,-3.2984790802001953,11.50700569152832,283.64178466796875,0.010042184963822365,88.49964904785156,-2.030367612838745,11.910356521606445,291.57879638671875,0.013641503639519215,87.17900085449219,8.317000902025029e-05,8.238514419645071e-05,15.579973220825195,-3.266934633255005,7.400448799133301,8.317000902025029e-05,9.439359564566985e-05,77.85116577148438,5.891255855560303,0.7022051614470463,0.8578208259264144,14,58,71,ML_GGW_101_0014
GGW,101.0,966.0,8.0,12.0,27.473684310913086,292.5,-0.9238795325112866,0.38268343236509,-0.8660254037844385,-0.5000000000000004,0.62647944688797,2.5889949798583984,223.11367797851562,0.0001266009930986911,99.95808410644531,-5.206838130950928,2.8034565448760986,247.572998046875,0.0014950555050745606,111.37432861328125,-5.175796031951904,-2.106696605682373,272.73486328125,0.007417530752718449,99.62608337402344,0.7727715969085693,0.21170584857463837,283.88287353515625,0.010656408034265041,92.49553680419922,2.750030994415283,2.162177085876465,291.93499755859375,0.014400088228285313,89.89826202392578,8.502889977535233e-05,8.122321014525369e-05,2.166020631790161,-1.2466704845428467,1.131927490234375,8.502889977535233e-05,8.122321014525369e-05,79.0801773071289,2.166020631790161,0.7094709756991493,0.8928161048219292,14,59,71,ML_GGW_101_0014
GGW,101.0,967.0,8.0,18.0,29.36842155456543,292.5,-0.9238795325112866,0.38268343236509,-0.8660254037844385,-0.5000000000000004,7.98020076751709,3.5902905464172363,223.29653930664062,0.0001082603630493395,86.44877624511719,-4.616715431213379,3.6088733673095703,246.6694793701172,0.0011039471719413996,87.81919860839844,-10.380622863769531,2.5112829208374023,272.3914489746094,0.007257657125592232,99.76683044433594,-5.6777472496032715,3.9205281734466553,285.39569091796875,0.009801930747926235,76.82140350341797,-3.476611614227295,6.008459091186523,292.1308288574219,0.01402007695287466,86.42598724365234,8.837554923957214e-05,6.844921153970063e-05,11.709230422973633,-3.234299421310425,3.927886962890625,8.837554923957214e-05,9.604122169548646e-05,79.05059814453125,6.986018180847168,0.8864867212193959,2.055346322778205,14,60,71,ML_GGW_101_0014
GGW,101.0,968.0,8.0,0.0,29.36842155456543,292.5,-0.9238795325112866,0.38268343236509,-0.8660254037844385,-0.5000000000000004,5.852849006652832,-0.34838536381721497,223.7835693359375,0.00013630121247842908,99.89401245117188,-7.077203750610352,4.5127739906311035,246.8187255859375,0.0014365711249411106,117.03723907470703,-9.84035587310791,9.258225440979004,272.5328369140625,0.007382343988865614,100.51885986328125,-3.9247591495513916,10.279691696166992,284.6219787597656,0.010070601478219032,83.11669158935547,-1.4982832670211792,10.898347854614258,291.9154052734375,0.014038295485079288,87.7802963256836,8.396631164941937e-05,8.085388253675774e-05,13.436077117919922,-3.297550678253174,6.920130729675293,8.396631164941937e-05,9.72170164459385e-05,78.72449493408203,9.965360641479492,0.6474114452117988,0.6076802101096037,14,61,71,ML_GGW_101_0014
GGW,101.0,969.0,8.0,6.0,29.36842155456543,290.0,-0.9396926207859083,0.342020143325669,-0.8660254037844385,-0.5000000000000004,1.4820373058319092,3.068450927734375,223.27268981933594,0.00012853000953327864,100.06307220458984,-5.368213176727295,2.300915002822876,246.65740966796875,0.0013123759999871254,107.86808013916016,-6.326860427856445,-1.7810473442077637,272.78375244140625,0.007476241327822208,99.7253646850586,-1.2473713159561157,0.5297999382019043,284.52740478515625,0.010662817396223545,88.68773651123047,0.8620496988296509,1.8676328659057617,292.07366943359375,0.014520369470119476,89.82572174072266,8.470137254334986e-05,7.426628872053698e-05,1.3514246940612793,-2.119671583175659,1.1971502304077148,8.470137254334986e-05,8.028897718759254e-05,75.36138916015625,1.3514246940612793,0.7513917627493812,1.106048857458696,14,62,71,ML_GGW_101_0014
GGW,101.0,970.0,8.0,12.0,29.36842155456543,290.0,-0.9396926207859083,0.342020143325669,-0.8660254037844385,-0.5000000000000004,0.6730790734291077,4.117493629455566,223.3934783935547,0.00013126723933964968,99.86650085449219,-4.422248363494873,3.8723111152648926,247.92860412597656,0.0015437038382515311,111.44327545166016,-4.154854774475098,2.5214247703552246,273.0712585449219,0.007617844734340906,99.8163833618164,1.8208142518997192,5.902522087097168,283.79290771484375,0.010881185531616211,94.95652770996094,3.5773813724517822,7.382981300354004,291.9783630371094,0.014656475745141506,91.268798828125,8.527008321834728e-05,7.781357999192551e-05,4.370169639587402,-0.5011657476425171,4.759346961975098,8.527008321834728e-05,8.073211211012676e-05,76.02873229980469,4.370169639587402,0.6852702939136761,0.7780991555358749,14,63,71,ML_GGW_101_0014
GGW,101.0,971.0,8.0,18.0,31.263158798217773,290.0,-0.9396926207859083,0.342020143325669,-0.8660254037844385,-0.5000000000000004,7.900784015655518,5.545009613037109,223.2942657470703,0.00012382620479911566,96.08953094482422,-3.3727383613586426,6.251327037811279,247.21299743652344,0.0014229310909286141,110.83924865722656,-6.927822589874268,6.332108974456787,272.8634948730469,0.007536806166172028,99.98905181884766,-2.507875442504883,8.468313217163086,284.9901428222656,0.010588370263576508,85.29972839355469,-0.3324073851108551,9.816534996032715,292.30084228515625,0.014317146502435207,87.36036682128906,8.688293746672571e-05,6.982101331232116e-05,9.275309562683105,-1.0480120182037354,7.28265905380249,8.688293746672571e-05,9.186457464238629e-05,74.88935852050781,8.660888671875,0.7183293876714858,0.9361898741960732,14,64,71,ML_GGW_101_0014
GGW,101.0,972.0,9.0,0.0,31.263158798217773,290.0,-0.9396926207859083,0.342020143325669,-1.0,-1.8369701987210297e-16,4.197054386138916,3.1008546352386475,224.1019744873047,0.00014274085697252303,99.74657440185547,-4.322083950042725,7.4071526527404785,247.87901306152344,0.0015767053700983524,116.03605651855469,-4.713475227355957,10.926369667053223,272.7658996582031,0.007447891402989626,99.9251480102539,0.9996592998504639,12.354351043701172,283.80120849609375,0.01062257681041956,92.63370513916016,2.2947871685028076,13.29890251159668,292.2265930175781,0.01453815121203661,89.14495086669922,7.974215259309858e-05,8.278651512227952e-05,10.373948097229004,-0.30881166458129883,9.417526245117188,7.974215259309858e-05,8.528737089363858e-05,75.8749771118164,6.2493696212768555,0.623114939871233,0.5027907352783123,14,65,71,ML_GGW_101_0014
GGW,101.0,973.0,9.0,6.0,31.263158798217773,287.5,-0.9537169507482268,0.30070579950427345,-1.0,-1.8369701987210297e-16,2.183354139328003,6.888594150543213,225.2604522705078,0.00016014515131246299,96.90309143066406,-0.37312832474708557,2.794116735458374,247.24453735351562,0.001089464290998876,85.54920196533203,2.225297212600708,-3.720902442932129,270.9883728027344,0.006274737883359194,95.25342559814453,3.6754894256591797,-0.7246484756469727,283.97332763671875,0.011260204017162323,97.14061737060547,4.335025787353516,0.4814267158508301,291.85888671875,0.015327764675021172,96.14904022216797,8.06520038167946e-05,6.145739462226629e-05,6.758808135986328,2.409207582473755,1.1437172889709473,8.06520038167946e-05,7.55243090679869e-05,69.58894348144531,6.758808135986328,0.8220702728004239,1.5304372000989832,14,66,71,ML_GGW_101_0014
GGW,101.0,974.0,9.0,12.0,33.157894134521484,287.5,-0.9537169507482268,0.30070579950427345,-1.0,-1.8369701987210297e-16,2.318211793899536,13.007634162902832,224.96205139160156,0.00015842622087802738,99.95169067382812,0.4458208978176117,7.552329063415527,247.5969696044922,0.0013098552590236068,98.65628051757812,3.911092758178711,-2.8971705436706543,270.79425048828125,0.005883675068616867,90.28509521484375,3.4237818717956543,-1.1848961114883423,284.4605407714844,0.011228666640818119,93.80168914794922,3.002570390701294,-0.2774662971496582,291.8873291015625,0.014900842681527138,93.29168701171875,8.142601291183382e-05,5.6171535106841475e-05,13.302716255187988,2.620295524597168,3.240086078643799,8.142601291183382e-05,7.583166006952524e-05,69.38298034667969,10.205004692077637,0.7076639113169632,0.8840651504283441,14,67,71,ML_GGW_101_0014
GGW,101.0,975.0,9.0,18.0,36.94736862182617,290.0,-0.9396926207859083,0.342020143325669,-1.0,-1.8369701987210297e-16,9.979066848754883,14.418766021728516,225.04771423339844,0.000160691182827577,100.03330993652344,4.060310363769531,13.065394401550293,248.73765563964844,0.0017352727008983493,118.04684448242188,0.9667949676513672,12.034385681152344,271.826171875,0.006680188234895468,96.72457122802734,0.23513272404670715,13.983067512512207,283.49591064453125,0.010863243602216244,96.63027954101562,0.34841859340667725,15.093406677246094,291.7125244140625,0.015013059601187706,95.11554718017578,9.062089520739391e-05,8.379053906537592e-05,9.65424919128418,3.1179447174072266,13.719003677368164,9.062089520739391e-05,8.379053906537592e-05,79.00830078125,4.55430793762207,0.5668757990257628,0.2691157052457227,14,68,71,ML_GGW_101_0014
GGW,101.0,976.0,9.0,0.0,38.842105865478516,290.0,-0.9396926207859083,0.342020143325669,-1.0,-1.8369701987210297e-16,9.876365661621094,15.622432708740234,224.18814086914062,0.00014283032214734703,98.50224304199219,4.327549457550049,11.239726066589355,248.33718872070312,0.001690321834757924,119.08702087402344,3.6660544872283936,7.3260650634765625,271.621826171875,0.00629458948969841,92.86448669433594,0.040840812027454376,10.941359519958496,283.7484130859375,0.010790699161589146,94.36587524414062,-0.8383813500404358,11.936616897583008,291.6908874511719,0.015366832725703716,97.4711685180664,0.00010658413521014154,8.936234371503815e-05,11.330977439880371,3.414485454559326,11.413240432739258,0.00010658413521014154,8.936234371503815e-05,83.63539123535156,3.9873404502868652,0.605457451350211,0.4282573011563111,14,69,71,ML_GGW_101_0014
GGW,101.0,977.0,9.0,6.0,40.73684310913086,290.0,-0.9396926207859083,0.342020143325669,-1.0,-1.8369701987210297e-16,12.781841278076172,17.510509490966797,224.1619110107422,7.836915756342933e-05,55.510162353515625,6.8173651695251465,11.886858940124512,246.78016662597656,0.0012099264422431588,95.75940704345703,4.544954299926758,3.682196855545044,271.0307922363281,0.006406213156878948,96.92491912841797,-1.5050851106643677,6.664214134216309,283.6438903808594,0.010231430642306805,90.13752746582031,-3.2297918796539307,6.570944786071777,291.6327209472656,0.015000886283814907,95.49794006347656,0.00011125413584522903,8.928369061322883e-05,19.391918182373047,3.881856918334961,9.262945175170898,0.00011125413584522903,8.928369061322883e-05,86.85514831542969,10.547566413879395,0.8538032308580452,1.7647473102297928,14,70,71,ML_GGW_101_0014
GGW,101.0,978.0,9.0,12.0,40.73684310913086,292.5,-0.9238795325112866,0.38268343236509,-1.0,-1.8369701987210297e-16,15.677484512329102,14.228541374206543,224.45872497558594,5.995726678520441e-05,40.97703170776367,13.506657600402832,13.339597702026367,245.98049926757812,0.0008021694957278669,70.46732330322266,12.900249481201172,6.726705074310303,271.6845703125,0.004889374598860741,69.16400909423828,7.532321929931641,10.203957557678223,284.77935791015625,0.01043957844376564,85.39995574951172,5.795169830322266,11.078465461730957,291.6844482421875,0.015423089265823364,97.84798431396484,0.00010200399992754683,5.948789475951344e-05,10.372228622436523,11.082376480102539,11.115452766418457,0.00010200399992754683,7.293229282367975e-05,81.75457000732422,3.5669219493865967,0.9264477339409373,2.5333613754167077,14,71,71,ML_GGW_101_0014
GGW,101.0,912.0,8.0,0.0,18.0,342.5,-0.300705799504273,0.9537169507482269,-0.8660254037844385,-0.5000000000000004,-5.011804103851318,0.8835073113441467,222.06529235839844,0.0001120177548727952,100.72586059570312,-0.8438363075256348,0.3652121424674988,245.84527587890625,0.0013078856281936169,117.31857299804688,-4.748384475708008,-0.33377712965011597,269.75787353515625,0.005321829579770565,90.7164535522461,-9.124162673950195,0.41600069403648376,282.5001525878906,0.009996116161346436,95.03910827636719,-8.379730224609375,-1.2225666046142578,292.4876403808594,0.015003764070570469,90.54812622070312,7.992874452611431e-05,7.914846355561167e-05,3.972212553024292,-5.621583461761475,0.02167527750134468,7.992874452611431e-05,7.914846355561167e-05,78.79534912109375,3.972212553024292,0.5784155683021333,0.3162725168014995,15,1,15,ML_GGW_101_0015
GGW,101.0,913.0,8.0,6.0,18.0,342.5,-0.300705799504273,0.9537169507482269,-0.8660254037844385,-0.5000000000000004,-3.3767893314361572,1.1414237022399902,220.90321350097656,9.626797691453248e-05,99.90724182128906,0.8821176290512085,1.44498872756958,246.261962890625,0.001277049770578742,107.29254150390625,-5.069906711578369,2.7845828533172607,269.759765625,0.005377220455557108,91.64048767089844,-12.503965377807617,3.614353895187378,281.890380859375,0.009804588742554188,97.25651550292969,-11.082762718200684,1.858406901359558,292.73419189453125,0.014466900378465652,85.93276977539062,8.731128764338791e-05,7.771329546812922e-05,7.739256858825684,-6.230261325836182,2.1687512397766113,8.731128764338791e-05,7.771329546812922e-05,76.4322738647461,3.833146095275879,0.6285136393181704,0.5258455798731447,15,2,15,ML_GGW_101_0015
GGW,101.0,914.0,8.0,12.0,16.105262756347656,342.5,-0.300705799504273,0.9537169507482269,-0.8660254037844385,-0.5000000000000004,-6.990889072418213,-0.26857802271842957,221.23712158203125,0.00010074593592435122,99.88216400146484,1.963774561882019,-0.578463613986969,246.14663696289062,0.0012508813524618745,107.44596862792969,5.385500907897949,1.017622470855713,270.4945068359375,0.0061458987183868885,98.31614685058594,0.596384584903717,2.1555864810943604,282.83990478515625,0.01013257633894682,94.18283081054688,6.028473377227783,-0.30265042185783386,290.7765808105469,0.014313114807009697,96.17505645751953,8.513836655765772e-05,6.414273229893297e-05,13.019407272338867,1.39664888381958,0.40470337867736816,8.513836655765772e-05,8.175559196388349e-05,85.2107925415039,5.595191955566406,0.5616593156986441,0.24789904018342335,15,3,15,ML_GGW_101_0015
GGW,101.0,915.0,8.0,18.0,16.105262756347656,342.5,-0.300705799504273,0.9537169507482269,-0.8660254037844385,-0.5000000000000004,-4.302576065063477,-0.8770585656166077,222.1618194580078,0.00011298681056359783,99.89486694335938,2.2061519622802734,-0.7596722841262817,246.58554077148438,0.0013875006698071957,115.25930786132812,4.5475077629089355,1.9767732620239258,270.3846435546875,0.006213565822690725,100.17875671386719,1.8934619426727295,3.153841257095337,282.16888427734375,0.010044137015938759,97.76416015625,5.945327281951904,0.9066750407218933,290.7916259765625,0.014304673299193382,96.03883361816406,9.000494901556522e-05,7.965303666424006e-05,10.401982307434082,2.0579745769500732,0.8801116943359375,9.000494901556522e-05,9.019429126055911e-05,85.66040802001953,6.221290588378906,0.5661374798312536,0.26610923582453694,15,4,15,ML_GGW_101_0015
GGW,101.0,916.0,8.0,0.0,16.105262756347656,342.5,-0.300705799504273,0.9537169507482269,-0.8660254037844385,-0.5000000000000004,-0.41143521666526794,0.15488813817501068,221.94970703125,0.00011011531751137227,99.97899627685547,1.7694021463394165,3.058164358139038,246.78219604492188,0.0014294830616563559,116.41358184814453,3.01855206489563,4.700251579284668,269.9354248046875,0.005985850002616644,99.92274475097656,2.115941047668457,4.688159465789795,281.33538818359375,0.009762266650795937,100.5040283203125,5.268071174621582,2.6798789501190186,290.6474914550781,0.014451002702116966,97.93812561035156,9.899539145408198e-05,8.47536139190197e-05,6.215494155883789,2.3521063327789307,3.0562684535980225,9.899539145408198e-05,9.269695146940649e-05,86.10498046875,6.215494155883789,0.5782665845685049,0.31566158388846444,15,5,15,ML_GGW_101_0015
GGW,101.0,917.0,8.0,6.0,16.105262756347656,340.0,-0.3420201433256686,0.9396926207859084,-0.8660254037844385,-0.5000000000000004,-5.883476734161377,-2.999021291732788,220.46929931640625,9.346529986942187e-05,102.52450561523438,-0.5317309498786926,-4.2351298332214355,245.6349639892578,0.001200042781420052,107.67345428466797,7.139810085296631,-2.834986686706543,270.5746154785156,0.006068795453757048,96.50517272949219,4.048091411590576,-2.020453929901123,282.3036193847656,0.010288463905453682,99.14165496826172,6.004708766937256,-5.026742935180664,291.0563659667969,0.014861379750072956,98.12100219726562,0.00010319260763935745,8.688998786965385e-05,12.059876441955566,2.1554806232452393,-3.423266887664795,0.00010319260763935745,9.676770423538983e-05,88.81690216064453,6.928415298461914,0.6625407537804723,0.6746373200293925,15,6,15,ML_GGW_101_0015
GGW,101.0,918.0,8.0,12.0,16.105262756347656,340.0,-0.3420201433256686,0.9396926207859084,-0.8660254037844385,-0.5000000000000004,-6.2413434982299805,-1.3098300695419312,222.104248046875,0.00011399154755054042,101.47895812988281,0.13517114520072937,-2.2913835048675537,246.9772491455078,0.0014208732172846794,112.80013275146484,9.25210189819336,-0.9231075048446655,270.5814514160156,0.006200908683240414,98.53811645507812,5.183856964111328,-0.508382260799408,282.5438537597656,0.010478505864739418,99.3442153930664,6.18898868560791,-4.18958044052124,291.2221984863281,0.015100800432264805,98.65764617919922,0.00011128928599646315,8.851815800881013e-05,12.759550094604492,2.903754949569702,-1.8444569110870361,0.00011128928599646315,0.00010314850078430027,87.18982696533203,7.319973945617676,0.5990587371708406,0.40154471218139354,15,7,15,ML_GGW_101_0015
GGW,101.0,919.0,8.0,18.0,16.105262756347656,340.0,-0.3420201433256686,0.9396926207859084,-0.8660254037844385,-0.5000000000000004,-5.477006435394287,0.5891396999359131,222.8927764892578,0.00012338563101366162,99.77802276611328,1.3297579288482666,-1.285007119178772,247.01605224609375,0.001458263723179698,117.38605499267578,10.741744995117188,0.6290952563285828,270.6239318847656,0.006251400802284479,98.97875213623047,5.628015041351318,-0.3130958378314972,282.8070068359375,0.010587113909423351,98.5875473022461,6.2256388664245605,-4.004063129425049,291.3861083984375,0.01526029035449028,98.6744155883789,0.00011827595153590664,8.714452269487083e-05,12.571770668029785,3.6896300315856934,-0.8767862319946289,0.00011827595153590664,0.0001109448421630077,86.31326293945312,8.836392402648926,0.5710410865274129,0.28610002090652187,15,8,15,ML_GGW_101_0015
GGW,101.0,920.0,8.0,0.0,16.105262756347656,340.0,-0.3420201433256686,0.9396926207859084,-0.8660254037844385,-0.5000000000000004,-3.5102758407592773,1.0497279167175293,222.01571655273438,0.00011059929238399491,99.77681732177734,2.5140538215637207,2.090087890625,246.27984619140625,0.0013376862043514848,114.5299072265625,11.067789077758789,3.5307836532592773,270.8323059082031,0.006231564562767744,97.09386444091797,5.077075004577637,1.5823181867599487,282.8702697753906,0.01052796933799982,97.5926284790039,5.944948196411133,-2.2131154537200928,291.57220458984375,0.015257610008120537,97.53141784667969,0.00011996671673841774,7.893275324022397e-05,10.00236988067627,4.2187180519104,1.2079603672027588,0.00011996671673841774,0.00011266565707046539,85.11160278320312,10.00236988067627,0.5771092494837288,0.31091771643495636,15,9,15,ML_GGW_101_0015
GGW,101.0,921.0,8.0,6.0,16.105262756347656,340.0,-0.3420201433256686,0.9396926207859084,-0.8660254037844385,-0.5000000000000004,-3.388035297393799,-0.10602401942014694,220.8020477294922,9.588024840923026e-05,101.01799011230469,2.666128635406494,5.191948413848877,245.25595092773438,0.0011689458042383194,109.88702392578125,10.293746948242188,6.66301965713501,271.1773681640625,0.00639904523268342,96.99250030517578,5.105514049530029,5.617710113525391,283.0240478515625,0.010084960609674454,92.54621124267578,6.693763256072998,0.834351658821106,291.5402526855469,0.015071826986968517,96.5190200805664,0.00011295349395368248,6.043626126484014e-05,10.12555980682373,4.274223804473877,3.6402010917663574,0.00011295349395368248,0.00010603528789943084,83.53577423095703,8.352716445922852,0.5623774528804861,0.2508164745209218,15,10,15,ML_GGW_101_0015
GGW,101.0,922.0,8.0,12.0,18.0,337.5,-0.38268343236508956,0.9238795325112868,-0.8660254037844385,-0.5000000000000004,-6.257767677307129,1.073442816734314,221.3052215576172,0.00010157956421608105,100.2996826171875,-0.328420490026474,4.267988681793213,245.9520721435547,0.001208263449370861,106.07518005371094,0.9466496706008911,0.24261361360549927,271.2100524902344,0.00618346594274044,93.79359436035156,-5.64496374130249,-1.4990477561950684,282.56756591796875,0.00947454385459423,89.7098388671875,-6.716529369354248,-3.114774227142334,292.65777587890625,0.01371044386178255,81.83771514892578,9.329651220468804e-05,9.245719411410391e-05,4.213267803192139,-3.6002063751220703,0.19404467940330505,9.329651220468804e-05,9.245719411410391e-05,74.54341125488281,4.213267803192139,0.7088717181374075,0.889910575469119,15,11,15,ML_GGW_101_0015
GGW,101.0,923.0,8.0,18.0,18.0,337.5,-0.38268343236508956,0.9238795325112868,-0.8660254037844385,-0.5000000000000004,-6.549655914306641,1.0833855867385864,221.7666015625,0.00010617145017022267,99.9789810180664,2.8907978534698486,9.95144271850586,244.54031372070312,0.0008424899424426258,87.92550659179688,3.356898307800293,4.482478141784668,271.45660400390625,0.006590144243091345,96.54248809814453,-3.520127534866333,1.107024908065796,283.7438659667969,0.009315421804785728,81.48038482666016,-4.902577877044678,-0.7449949383735657,292.7489318847656,0.013651925139129162,81.0041732788086,8.821596566122025e-05,7.976097549544647e-05,2.460861921310425,-1.7449328899383545,3.1758670806884766,8.821596566122025e-05,9.311025496572256e-05,73.41572570800781,2.460861921310425,0.7012938045947708,0.8534664550948718,15,12,15,ML_GGW_101_0015
GGW,101.0,924.0,8.0,0.0,18.0,337.5,-0.38268343236508956,0.9238795325112868,-0.8660254037844385,-0.5000000000000004,-4.801565170288086,3.1230125427246094,221.67372131347656,0.00010339525033487007,99.87493896484375,1.2145538330078125,11.95962142944336,243.58990478515625,0.0002678602177184075,33.68170928955078,1.5673187971115112,7.595524311065674,271.5175476074219,0.005377478431910276,74.98944091796875,-3.4751410484313965,5.588489055633545,284.6996765136719,0.008892419748008251,72.96855926513672,-5.116219997406006,2.8001797199249268,292.53662109375,0.01348443329334259,81.04903411865234,8.278724271804094e-05,4.509526115725748e-05,0.45080894231796265,-2.122210741043091,6.21336555480957,8.278724271804094e-05,7.267625915119424e-05,74.02653503417969,0.45080894231796265,0.7781744033758997,1.2550591955860058,15,13,15,ML_GGW_101_0015
GGW,101.0,925.0,8.0,6.0,18.0,335.0,-0.4226182617406992,0.90630778703665,-0.8660254037844385,-0.5000000000000004,-4.708432674407959,5.562638759613037,221.06610107421875,9.305916319135576e-05,98.22229766845703,-0.24943199753761292,8.282512664794922,244.39141845703125,0.00014181275037117302,17.731597900390625,-2.0510897636413574,3.0938494205474854,270.45025634765625,0.005307534709572792,79.6313247680664,-3.248718738555908,-0.9549064040184021,284.1144104003906,0.008974585682153702,76.65037536621094,-4.104404449462891,-3.5943474769592285,292.0871887207031,0.013421256095170975,82.9557113647461,7.568271394120529e-05,3.847010884783231e-05,9.176886558532715,-2.872415542602539,2.477949619293213,7.568271394120529e-05,5.091485218144953e-05,73.85144805908203,4.210703372955322,0.7631631919611079,1.1701005601247174,15,14,15,ML_GGW_101_0015
GGW,101.0,926.0,8.0,12.0,18.0,335.0,-0.4226182617406992,0.90630778703665,-0.8660254037844385,-0.5000000000000004,-8.159196853637695,4.392328262329102,220.7810821533203,8.749710104893893e-05,97.03168487548828,-3.863243341445923,7.467312335968018,243.81825256347656,0.0001278634590562433,15.497461318969727,-4.169772148132324,7.9748640060424805,271.3013916015625,0.003162609413266182,43.96359634399414,-1.781106948852539,3.472515344619751,285.66448974609375,0.009157821536064148,70.53958892822266,-2.760507345199585,1.080163598060608,292.43896484375,0.0130585553124547,78.95811462402344,6.805796147091314e-05,2.1317522623576224e-05,6.333741664886475,-4.146765232086182,4.877436637878418,6.805796147091314e-05,3.618284972617403e-05,72.74695587158203,6.333741664886475,0.7112942039554269,0.9016779703576143,15,15,15,ML_GGW_101_0015
GGW,101.0,918.0,8.0,12.0,12.315789222717285,305.0,-0.8191520442889918,0.573576436351046,-0.8660254037844385,-0.5000000000000004,-14.589244842529297,0.3328056335449219,218.86666870117188,7.432478741975501e-05,99.82846069335938,-6.0013041496276855,-1.909407138824463,244.08714294433594,0.0009947627549991012,103.59857940673828,-5.1268486976623535,-1.5769922733306885,270.24676513671875,0.006212563719600439,100.86530303955078,-3.3351590633392334,-0.8085715174674988,280.9827880859375,0.009321738965809345,98.42596435546875,2.8917698860168457,0.534276008605957,289.1290283203125,0.012251106090843678,91.54652404785156,5.192747266846709e-05,4.730342698167078e-05,17.482175827026367,-5.2321577072143555,-0.6855778694152832,5.192747266846709e-05,4.730342698167078e-05,78.79000854492188,3.297844409942627,0.6090886835851547,0.44348315673726124,16,1,10,ML_GGW_101_0016
GGW,101.0,919.0,8.0,18.0,12.315789222717285,305.0,-0.8191520442889918,0.573576436351046,-0.8660254037844385,-0.5000000000000004,-11.178105354309082,-0.961091160774231,219.71864318847656,8.286716911243275e-05,99.92461395263672,-6.480675220489502,-3.076702833175659,245.14736938476562,0.0011888800654560328,110.85519409179688,-5.7343316078186035,0.8281466960906982,270.13653564453125,0.006185062695294619,101.27855682373047,-2.2046468257904053,-0.4062155783176422,281.8375549316406,0.009296899661421776,92.64595031738281,4.266684055328369,0.39157089591026306,289.77557373046875,0.012056403793394566,86.45928955078125,5.0800743338186294e-05,5.323780351318419e-05,15.503910064697266,-4.2662153244018555,-0.6448584794998169,5.0800743338186294e-05,5.323780351318419e-05,77.3471908569336,4.747399806976318,0.5879619517414861,0.3555465426547981,16,2,10,ML_GGW_101_0016
GGW,101.0,920.0,8.0,0.0,12.315789222717285,305.0,-0.8191520442889918,0.573576436351046,-0.8660254037844385,-0.5000000000000004,-8.788846969604492,-0.12495732307434082,218.9807891845703,7.529900904046372e-05,100.17031860351562,-7.4574713706970215,-2.0040857791900635,243.65487670898438,0.0010245251469314098,111.42283630371094,-5.067060470581055,3.681694507598877,270.0215759277344,0.006113954354077578,100.66737365722656,-3.8471319675445557,-0.021650373935699463,282.6343078613281,0.009290466085076332,87.64341735839844,2.589959144592285,0.5857860445976257,290.11669921875,0.012022273615002632,84.31629180908203,4.702741716755554e-05,5.13627273903694e-05,11.400981903076172,-4.514110565185547,0.42335742712020874,4.702741716755554e-05,6.282302638283e-05,75.23788452148438,6.492283344268799,0.570710653229948,0.28475118474905114,16,3,10,ML_GGW_101_0016
GGW,101.0,921.0,8.0,6.0,12.315789222717285,302.5,-0.8433914458128857,0.5372996083468239,-0.8660254037844385,-0.5000000000000004,-6.882222652435303,-2.1816182136535645,219.77926635742188,8.659534796606749e-05,102.64527893066406,-6.207703113555908,-0.9782987236976624,244.11656188964844,0.0011492937337607145,122.86492156982422,-6.159475326538086,1.734878659248352,270.12969970703125,0.006198575720191002,101.41310119628906,-5.665773868560791,-0.7631655931472778,282.0969543457031,0.009572269394993782,93.65672302246094,-0.7676949501037598,0.8628707528114319,290.20098876953125,0.012475581839680672,87.03055572509766,4.961948070558719e-05,6.0941743868170306e-05,6.8305463790893555,-5.136573791503906,-0.26506662368774414,4.961948070558719e-05,6.0941743868170306e-05,72.37527465820312,1.6660693883895874,0.5690179225748445,0.2778454264655488,16,4,10,ML_GGW_101_0016
GGW,101.0,922.0,8.0,12.0,12.315789222717285,300.0,-0.8660254037844386,0.5000000000000001,-0.8660254037844385,-0.5000000000000004,-9.621004104614258,-2.218646764755249,219.7991180419922,8.441610407317057e-05,100.97061920166016,-6.698238849639893,-2.9629735946655273,244.0297088623047,0.0010946019319817424,117.98929595947266,-7.42985725402832,-2.733804941177368,270.0722961425781,0.006165419705212116,101.13768005371094,-5.519976615905762,-0.7939506769180298,282.3404541015625,0.009569492191076279,92.13068389892578,-1.0781623125076294,1.1106595993041992,290.98297119140625,0.012456298805773258,82.66634368896484,5.132092337589711e-05,5.04700219607912e-05,9.168665885925293,-6.069447994232178,-1.5197433233261108,5.132092337589711e-05,5.04700219607912e-05,71.02716064453125,1.0337886810302734,0.5642680790365907,0.2585022619419397,16,5,10,ML_GGW_101_0016
GGW,101.0,923.0,8.0,18.0,12.315789222717285,300.0,-0.8660254037844386,0.5000000000000001,-0.8660254037844385,-0.5000000000000004,-9.500298500061035,-0.6119034886360168,219.5836639404297,6.616220343858004e-05,81.91281127929688,-8.426383972167969,-0.20304614305496216,243.63587951660156,0.0008130857022479177,90.62834930419922,-6.50119686126709,-1.6893304586410522,270.3919982910156,0.006217294372618198,98.78401184082031,-3.0517289638519287,-0.31349948048591614,282.5719299316406,0.009513553231954575,90.16128540039062,2.473827838897705,1.7457849979400635,291.0096130371094,0.012300527654588223,81.47774505615234,4.962212551617995e-05,4.01403485739138e-05,12.204032897949219,-5.001156330108643,-0.21439890563488007,4.962212551617995e-05,4.01403485739138e-05,73.90168762207031,1.3014410734176636,0.7434041780080205,1.0637377081153883,16,6,10,ML_GGW_101_0016
GGW,101.0,924.0,8.0,0.0,12.315789222717285,300.0,-0.8660254037844386,0.5000000000000001,-0.8660254037844385,-0.5000000000000004,-8.978791236877441,-0.0011650442611426115,219.77403259277344,3.652424129541032e-05,44.02712631225586,-7.662450790405273,0.7578233480453491,243.25314331054688,0.0004370197420939803,50.61490249633789,-6.834727764129639,-0.32500332593917847,269.79071044921875,0.0057412185706198215,94.79120635986328,-2.7680323123931885,0.5311397910118103,282.6443786621094,0.009411395527422428,88.75582885742188,3.444336414337158,1.963698148727417,290.9988708496094,0.012231812812387943,81.05268096923828,4.6201028453651816e-05,2.892409793275874e-05,12.57755184173584,-4.559933662414551,0.5852985978126526,4.6201028453651816e-05,2.892409793275874e-05,78.6090316772461,1.4948228597640991,0.813277246052851,1.4714471499664628,16,7,10,ML_GGW_101_0016
GGW,101.0,925.0,8.0,6.0,12.315789222717285,297.5,-0.8870108331782216,0.4617486132350341,-0.8660254037844385,-0.5000000000000004,-5.661235809326172,-0.1783454716205597,219.30860900878906,4.831426122109406e-05,62.6847038269043,-5.41032600402832,-3.378981351852417,243.1254425048828,0.0003199103521183133,40.91521072387695,-9.022844314575195,-0.45176947116851807,269.1087646484375,0.0053178914822638035,91.9851303100586,-3.2389776706695557,0.12143360078334808,282.8029479980469,0.0093527315184474,87.24034881591797,2.9149351119995117,0.9831474423408508,290.8164978027344,0.012137867510318756,81.3658676147461,4.473230001167394e-05,2.388392385910265e-05,8.654465675354004,-4.0836896896362305,-0.5809030532836914,4.473230001167394e-05,2.388392385910265e-05,77.97118377685547,0.5546045899391174,0.7651913975507062,1.1813552707795183,16,8,10,ML_GGW_101_0016
GGW,101.0,926.0,8.0,12.0,14.210526466369629,300.0,-0.8660254037844386,0.5000000000000001,-0.8660254037844385,-0.5000000000000004,-4.5890374183654785,1.044130563735962,219.4458465576172,7.923470548121259e-05,98.79515838623047,-6.5011162757873535,-3.066948890686035,243.61940002441406,0.0004003075882792473,54.861366271972656,-8.000604629516602,1.0118460655212402,269.371826171875,0.0033077308908104897,53.42321014404297,-6.119917869567871,2.275883913040161,283.88702392578125,0.010138903744518757,87.94600677490234,-2.623485565185547,1.6323826313018799,290.7608947753906,0.012636460363864899,84.97979736328125,4.4030151912011206e-05,6.69794826535508e-06,2.0516905784606934,-5.566832542419434,0.5794588327407837,4.4030151912011206e-05,2.3346554371528327e-05,74.62157440185547,2.0516905784606934,0.6098947771679659,0.4468699409751138,16,9,10,ML_GGW_101_0016
GGW,101.0,927.0,8.0,18.0,14.210526466369629,297.5,-0.8870108331782216,0.4617486132350341,-0.8660254037844385,-0.5000000000000004,-2.9273412227630615,0.7924134135246277,219.5357666015625,8.16254541859962e-05,100.61763763427734,-6.70010232925415,-3.099973201751709,243.06329345703125,0.00039957789704203606,55.877166748046875,-7.055542945861816,1.1801239252090454,269.693359375,0.003519304096698761,55.68626403808594,-5.858471870422363,-0.6870068311691284,284.66217041015625,0.010157546028494835,83.6624526977539,-4.273143768310547,-0.2016669511795044,291.29913330078125,0.012783721089363098,83.07685089111328,4.144904960412532e-05,1.2866388715337962e-05,1.6731348037719727,-5.36292028427124,-0.40322190523147583,4.144904960412532e-05,2.5083856598939747e-05,72.2516860961914,1.6731348037719727,0.5616614063953819,0.24790753211568428,16,10,10,ML_GGW_101_0016
GGW,101.0,958.0,8.0,12.0,40.73684310913086,262.5,-0.9914448613738104,-0.13052619222005163,-0.8660254037844385,-0.5000000000000004,17.589447021484375,-1.6417505741119385,222.38218688964844,1.2225397767906543e-05,10.670385360717773,12.953595161437988,-0.6247459053993225,238.6639862060547,0.00030612980481237173,64.09394073486328,9.975362777709961,-3.0188663005828857,264.6855163574219,0.001678735250607133,42.844913482666016,7.043146133422852,0.4450346529483795,280.77435302734375,0.008057897910475731,85.25401306152344,1.8336323499679565,0.34812963008880615,293.9746398925781,0.013985635712742805,76.91230010986328,4.5861983380746096e-05,4.5501961722038686e-05,15.880973815917969,9.879035949707031,-0.8984397053718567,4.5861983380746096e-05,5.206759669817984e-05,77.95875549316406,6.328301906585693,0.591711558957661,0.3710453966953726,17,1,20,ML_GGW_101_0017
GGW,101.0,959.0,8.0,18.0,40.73684310913086,262.5,-0.9914448613738104,-0.13052619222005163,-0.8660254037844385,-0.5000000000000004,13.656600952148438,-3.2915902137756348,222.25930786132812,1.679781598795671e-05,14.035440444946289,9.915048599243164,-2.7631537914276123,238.90382385253906,0.0003362269198987633,69.54437255859375,12.37031078338623,-5.4765520095825195,265.3189697265625,0.0017152026994153857,41.42353820800781,8.907553672790527,-3.1956491470336914,280.7861633300781,0.006293091457337141,65.2948989868164,3.3370583057403564,-1.4997764825820923,293.3432312011719,0.014088953845202923,80.54854583740234,4.5497570681618527e-05,4.697623080573976e-05,10.473946571350098,9.637314796447754,-3.2453441619873047,4.5497570681618527e-05,5.9103156672790647e-05,73.37482452392578,4.3041791915893555,0.62253342479607,0.5003152990860704,17,2,20,ML_GGW_101_0017
GGW,101.0,960.0,8.0,0.0,40.73684310913086,265.0,-0.9961946980917455,-0.08715574274765825,-0.8660254037844385,-0.5000000000000004,10.455806732177734,3.6494650840759277,221.3262939453125,5.05442003486678e-05,48.44736099243164,6.5676374435424805,1.8153470754623413,239.8325958251953,0.0005148978671059012,92.69883728027344,10.519325256347656,-4.018841743469238,265.93707275390625,0.002112938556820154,48.2037467956543,6.289960861206055,-1.6356747150421143,279.66766357421875,0.007051391992717981,81.15802764892578,2.0659546852111816,0.16506913304328918,293.0249938964844,0.013532372191548347,78.88497161865234,4.571031968225725e-05,6.0554742958629504e-05,9.084637641906738,7.1797380447387695,-0.004927009344100952,4.571031968225725e-05,6.5300460846629e-05,66.35904693603516,3.2107326984405518,0.7435004413174614,1.0642424153941348,17,3,20,ML_GGW_101_0017
GGW,101.0,961.0,8.0,6.0,40.73684310913086,265.0,-0.9961946980917455,-0.08715574274765825,-0.8660254037844385,-0.5000000000000004,13.557074546813965,2.0824241638183594,223.52801513671875,1.546287785458844e-05,11.472737312316895,7.869056701660156,0.6046231985092163,238.27928161621094,0.00037772548967041075,79.8671875,9.498004913330078,-5.676730155944824,265.0061950683594,0.002189790131524205,53.81757354736328,4.900466442108154,-3.391896963119507,279.3818054199219,0.006837804801762104,80.2408447265625,1.173018455505371,-3.233175039291382,291.9054260253906,0.013514344580471516,84.51416778564453,4.846148658543825e-05,6.16931720287539e-05,13.476662635803223,7.399524688720703,-1.9229509830474854,4.846148658543825e-05,6.16931720287539e-05,61.30891036987305,4.767212390899658,0.6166414647616221,0.47531708598676303,17,4,20,ML_GGW_101_0017
GGW,101.0,962.0,8.0,12.0,40.73684310913086,267.5,-0.9990482215818578,-0.04361938736533613,-0.8660254037844385,-0.5000000000000004,10.223895072937012,3.484017848968506,223.1832733154297,1.9621802493929863e-05,15.0346097946167,5.068872451782227,2.444920778274536,239.3329315185547,0.00048103867447935045,90.7427749633789,6.854876518249512,-2.0023810863494873,265.50775146484375,0.002330397255718708,55.4016227722168,3.7531983852386475,-1.1069848537445068,278.46875,0.007141752168536186,89.69642639160156,-0.051788635551929474,-1.0452300310134888,291.38079833984375,0.012990575283765793,83.93046569824219,4.684098166762851e-05,6.531136023113504e-05,11.229593276977539,5.169810771942139,0.3548685908317566,4.684098166762851e-05,6.531136023113504e-05,63.795047760009766,4.752158164978027,0.6564730612942413,0.6476161263092985,17,5,20,ML_GGW_101_0017
GGW,101.0,963.0,8.0,18.0,40.73684310913086,270.0,-1.0,-1.8369701987210297e-16,-0.8660254037844385,-0.5000000000000004,10.292326927185059,6.598114013671875,222.20408630371094,3.9288537664106116e-05,34.161094665527344,3.4807372093200684,3.7356743812561035,239.47752380371094,0.0006308158044703305,110.22496032714844,6.567936897277832,1.7420473098754883,267.3206481933594,0.002701215213164687,57.031925201416016,4.655519962310791,1.1679115295410156,278.4621276855469,0.006638552527874708,82.84478759765625,2.441171169281006,0.20542845129966736,291.50238037109375,0.011804805137217045,75.70429229736328,5.546748070628382e-05,7.130589074222371e-05,10.124577522277832,5.4875383377075195,2.6898350715637207,5.546748070628382e-05,7.170092430897057e-05,66.0921859741211,3.6797211170196533,0.7844188904793529,1.2916059597269554,17,6,20,ML_GGW_101_0017
GGW,101.0,964.0,8.0,0.0,40.73684310913086,270.0,-1.0,-1.8369701987210297e-16,-0.8660254037844385,-0.5000000000000004,9.685322761535645,6.131827354431152,222.6884765625,3.97482217522338e-05,32.781864166259766,2.083420991897583,2.242264747619629,239.3926544189453,0.0005969494814053178,107.25086212158203,5.728785514831543,-1.326197624206543,267.01824951171875,0.004565831273794174,95.84426879882812,4.232686996459961,-1.4870461225509644,278.8442077636719,0.006097621750086546,74.17205047607422,2.497845411300659,-3.231241226196289,290.8139343261719,0.010582923889160156,70.88929748535156,6.198893242981285e-05,7.474597805412486e-05,11.803680419921875,4.845612049102783,0.46592140197753906,6.198893242981285e-05,7.474597805412486e-05,60.64860916137695,3.8100247383117676,0.8067931215259996,1.4293057564068747,17,7,20,ML_GGW_101_0017
GGW,101.0,965.0,8.0,6.0,40.73684310913086,272.5,-0.9990482215818578,0.043619387365335764,-0.8660254037844385,-0.5000000000000004,10.024635314941406,7.796280384063721,224.53953552246094,1.9747367332456633e-05,12.83835220336914,3.049123525619507,3.262571334838867,239.1864776611328,0.0005276516312733293,96.6404800415039,7.11386775970459,4.137613296508789,266.12677001953125,0.0042461371049284935,95.05210876464844,6.420989513397217,3.572594165802002,279.5538330078125,0.005774583201855421,66.59278106689453,4.91244649887085,2.280172348022461,291.3412170410156,0.010840469039976597,70.2396469116211,6.518825830426067e-05,6.602091161767021e-05,7.520766258239746,6.30421257019043,4.209846019744873,6.518825830426067e-05,6.873043457744643e-05,66.80535125732422,4.732949733734131,0.7186208769634779,0.9376309742381184,17,8,20,ML_GGW_101_0017
GGW,101.0,966.0,8.0,12.0,42.6315803527832,272.5,-0.9990482215818578,0.043619387365335764,-0.8660254037844385,-0.5000000000000004,3.8126871585845947,6.650069236755371,219.7408905029297,4.881116910837591e-05,58.756996154785156,-1.3287686109542847,0.8548937439918518,239.53790283203125,0.0006329533644020557,108.27252960205078,0.028869014233350754,0.4440881013870239,267.85260009765625,0.0051751635037362576,101.54644775390625,-0.6838850378990173,-1.1429563760757446,278.7572326660156,0.006536161061376333,80.40599822998047,-0.7893341779708862,-1.163071870803833,290.7342529296875,0.011372524313628674,76.51132202148438,7.194963109213859e-05,7.018375617917627e-05,9.067731857299805,0.20791366696357727,1.128604531288147,7.194963109213859e-05,7.190812175394967e-05,66.30977630615234,4.732323169708252,0.9179989688643393,2.4154644453680776,17,9,20,ML_GGW_101_0017
GGW,101.0,967.0,8.0,18.0,42.6315803527832,272.5,-0.9990482215818578,0.043619387365335764,-0.8660254037844385,-0.5000000000000004,0.46526575088500977,6.700119495391846,218.8280029296875,6.647989357588813e-05,91.3044204711914,-1.1004728078842163,-0.2266521155834198,241.50186157226562,0.0007491960423067212,103.49710845947266,2.100865125656128,-2.8799586296081543,267.773681640625,0.0051420279778540134,101.7710952758789,1.2005482912063599,-3.810153007507324,278.2154235839844,0.006795208901166916,86.96966552734375,1.7349909543991089,-3.9451844692230225,290.6020812988281,0.011616460978984833,78.85440826416016,7.106346311047673e-05,7.39901079214178e-05,10.720760345458984,0.8802394866943359,-0.8323658108711243,7.106346311047673e-05,7.39901079214178e-05,61.617549896240234,4.3115620613098145,0.8516655785112746,1.747724606941044,17,10,20,ML_GGW_101_0017
GGW,101.0,968.0,8.0,0.0,42.6315803527832,275.0,-0.9961946980917455,0.08715574274765789,-0.8660254037844385,-0.5000000000000004,4.017755508422852,8.172406196594238,222.9013214111328,4.081445877091028e-05,32.582218170166016,-0.26936712861061096,2.493523597717285,239.00962829589844,0.0005486385780386627,103.5227279663086,2.9942610263824463,4.487229824066162,267.09698486328125,0.004905064124614,101.97494506835938,3.089940071105957,4.584512233734131,279.46148681640625,0.006562007591128349,76.51908874511719,2.8805952072143555,3.0640015602111816,290.5475769042969,0.011848684400320053,80.71235656738281,7.052300497889519e-05,7.318318967008963e-05,5.233443737030029,2.5426368713378906,4.5603346824646,7.052300497889519e-05,7.318318967008963e-05,70.16226959228516,3.837355613708496,0.8966801104752316,2.160869277936478,17,11,20,ML_GGW_101_0017
GGW,101.0,969.0,8.0,6.0,42.6315803527832,275.0,-0.9961946980917455,0.08715574274765789,-0.8660254037844385,-0.5000000000000004,3.4714131355285645,6.251946449279785,223.4779815673828,2.9390183044597507e-05,22.076635360717773,0.9530547857284546,1.972593903541565,238.01296997070312,0.0005234536365605891,108.09978485107422,4.81746768951416,3.6433558464050293,266.3289489746094,0.004599464125931263,102.0920639038086,4.818358898162842,2.2926082611083984,279.2576599121094,0.0066163791343569756,78.6241455078125,3.4449965953826904,2.6792690753936768,290.265380859375,0.011422314681112766,79.22393798828125,7.001393532846123e-05,7.460283086402342e-05,3.57277512550354,3.5010581016540527,3.367954969406128,7.001393532846123e-05,7.460283086402342e-05,67.14592742919922,2.4266531467437744,0.8009234209689641,1.3920757682625466,17,12,20,ML_GGW_101_0017
GGW,101.0,970.0,8.0,12.0,44.52631759643555,275.0,-0.9961946980917455,0.08715574274765789,-0.8660254037844385,-0.5000000000000004,1.0463775396347046,3.8444788455963135,220.6202850341797,4.556361091090366e-05,49.86414337158203,-2.258078098297119,1.616890788078308,238.3407440185547,0.0005071798805147409,100.10748291015625,-1.0694857835769653,2.7158849239349365,267.2721252441406,0.004910875577479601,100.52415466308594,-1.3016855716705322,1.7769255638122559,278.68670654296875,0.006800069939345121,83.50911712646484,-0.7850457429885864,2.1493756771087646,290.38818359375,0.012380387634038925,85.18301391601562,7.177620864240453e-05,6.873289385112002e-05,2.495493173599243,-0.8735834956169128,2.420711040496826,7.177620864240453e-05,6.873289385112002e-05,73.61810302734375,0.6750215291976929,0.9369029903794998,2.6979063674260186,17,13,20,ML_GGW_101_0017
GGW,101.0,971.0,8.0,18.0,44.52631759643555,275.0,-0.9961946980917455,0.08715574274765789,-0.8660254037844385,-0.5000000000000004,0.5904092192649841,0.833904504776001,219.4464569091797,4.923949018120766e-05,62.11272430419922,-0.4538397789001465,-0.8190220594406128,238.92242431640625,0.0005556624964810908,102.11949157714844,0.8798310160636902,1.277228832244873,268.613525390625,0.005346981342881918,98.33236694335938,0.8221397995948792,1.5361741781234741,279.05255126953125,0.006795109249651432,81.50660705566406,1.2626875638961792,0.8183305263519287,290.472412109375,0.011784834787249565,80.63690948486328,7.636546797584742e-05,6.704505358356982e-05,0.6724587082862854,0.6202455759048462,0.7293232083320618,7.636546797584742e-05,6.704505358356982e-05,68.71269989013672,0.6724587082862854,0.9371406763304365,2.701934133795489,17,14,20,ML_GGW_101_0017
GGW,101.0,972.0,9.0,0.0,44.52631759643555,275.0,-0.9961946980917455,0.08715574274765789,-1.0,-1.8369701987210297e-16,0.8065754175186157,-1.194091796875,217.83538818359375,5.205166235100478e-05,80.04151916503906,-0.888879656791687,-2.438208818435669,239.3018798828125,0.0005892827757634223,103.97815704345703,1.6530882120132446,-1.4209383726119995,268.55950927734375,0.005408202763646841,99.94178009033203,2.2544031143188477,-0.7912283539772034,279.3994140625,0.00682224752381444,80.0449447631836,1.7289364337921143,-0.4896339774131775,290.49676513671875,0.011278157122433186,77.06878662109375,7.74952641222626e-05,6.256985943764448e-05,1.160607933998108,1.1108248233795166,-1.2668201923370361,7.74952641222626e-05,6.256985943764448e-05,63.510066986083984,1.160607933998108,0.8682156637268643,1.8852733739732805,17,15,20,ML_GGW_101_0017
GGW,101.0,973.0,9.0,6.0,44.52631759643555,275.0,-0.9961946980917455,0.08715574274765789,-1.0,-1.8369701987210297e-16,2.6319944858551025,-4.758543491363525,217.68133544921875,4.5471577323041856e-05,71.74568939208984,0.7979390025138855,-3.853705883026123,238.81198120117188,0.0005594906979240477,103.99088287353516,1.3677966594696045,-2.7998573780059814,267.9765625,0.0052122147753834724,100.85504913330078,2.6583003997802734,-1.6783866882324219,279.5337219238281,0.006841521244496107,79.50428009033203,2.6810190677642822,-1.2228389978408813,290.075439453125,0.01137755811214447,79.90959167480469,6.80861558066681e-05,5.829109431942925e-05,3.5360443592071533,2.0274100303649902,-2.862666606903076,6.80861558066681e-05,5.829109431942925e-05,58.669307708740234,0.48951974511146545,0.8309943024752671,1.5926905110859315,17,16,20,ML_GGW_101_0017
GGW,101.0,974.0,9.0,12.0,44.52631759643555,275.0,-0.9961946980917455,0.08715574274765789,-1.0,-1.8369701987210297e-16,2.0938267707824707,-8.891669273376465,219.04510498046875,3.125574585283175e-05,41.6068229675293,2.039632558822632,-6.8442301750183105,238.265380859375,0.0004776266578119248,92.9303970336914,1.179353952407837,-4.138166427612305,267.5780944824219,0.004859940614551306,97.0165786743164,1.7252774238586426,-2.7041382789611816,280.0181884765625,0.006764350924640894,76.07421112060547,1.62064528465271,-1.8878931999206543,289.5268859863281,0.011532391421496868,83.93749237060547,6.19360216660425e-05,5.3063595260027796e-05,7.019742012023926,1.731747031211853,-4.893219470977783,6.19360216660425e-05,5.3063595260027796e-05,53.42652893066406,2.1402761936187744,0.8706081419272189,1.9063465216867699,17,17,20,ML_GGW_101_0017
GGW,101.0,975.0,9.0,18.0,44.52631759643555,275.0,-0.9961946980917455,0.08715574274765789,-1.0,-1.8369701987210297e-16,2.0933780670166016,-12.16447639465332,220.35879516601562,2.1460002244566567e-05,24.171606063842773,2.0774495601654053,-9.965725898742676,238.03529357910156,0.0003177849866915494,62.55997848510742,1.2302579879760742,-6.2204461097717285,267.7225646972656,0.004133849870413542,81.51834869384766,1.3039584159851074,-2.730008602142334,281.3512878417969,0.006566892843693495,67.36624145507812,1.6484887599945068,-1.6006923913955688,289.2824401855469,0.01242830604314804,91.84027862548828,4.970358713762835e-05,4.1212897485820577e-05,10.573147773742676,1.6707065105438232,-6.5362701416015625,4.970358713762835e-05,4.206159428576939e-05,47.787193298339844,1.636830449104309,0.8197001726335558,1.5143174575354372,17,18,20,ML_GGW_101_0017
GGW,101.0,976.0,9.0,0.0,44.52631759643555,275.0,-0.9961946980917455,0.08715574274765789,-1.0,-1.8369701987210297e-16,4.179549694061279,-15.589971542358398,220.8554229736328,1.868319304776378e-05,19.55132484436035,1.830292820930481,-13.157350540161133,238.58560180664062,0.00014667006325908005,28.739639282226562,0.6247407793998718,-7.475666522979736,267.9872741699219,0.0030140529852360487,57.67759323120117,0.9055920839309692,-3.8589022159576416,282.0804748535156,0.006342454347759485,61.988651275634766,0.19291414320468903,-1.9373236894607544,289.14617919921875,0.01239038072526455,92.36936950683594,3.885564728989266e-05,2.3336122467298992e-05,14.222800254821777,1.5466177463531494,-8.40384292602539,3.885564728989266e-05,3.7014451663708314e-05,47.0901985168457,4.914683818817139,0.652878293482735,0.6317152736326028,17,19,20,ML_GGW_101_0017
GGW,101.0,977.0,9.0,6.0,44.52631759643555,275.0,-0.9961946980917455,0.08715574274765789,-1.0,-1.8369701987210297e-16,6.5235915184021,-15.42312240600586,219.6013946533203,2.558561391197145e-05,31.195432662963867,3.060335636138916,-11.993303298950195,239.3088836669922,0.0001375877036480233,27.147937774658203,1.8994110822677612,-6.457705974578857,267.634521484375,0.002133395057171583,41.433101654052734,1.0131739377975464,-4.700114727020264,282.7359313964844,0.005738053936511278,53.7088737487793,-0.7237881422042847,-1.0079634189605713,288.8929443359375,0.011931641958653927,90.41600799560547,3.05307621601969e-05,7.037038358248537e-06,16.134475708007812,2.3545448780059814,-7.916441917419434,3.05307621601969e-05,3.1818995921639726e-05,52.85683059692383,4.3064398765563965,0.61162699770903,0.45415639189897217,17,20,20,ML_GGW_101_0017
GGW,101.0,983.0,9.0,18.0,42.6315803527832,302.5,-0.8433914458128857,0.5372996083468239,-1.0,-1.8369701987210297e-16,29.56955909729004,-0.3010556399822235,222.94326782226562,4.127293868805282e-05,33.65077209472656,24.497949600219727,-0.3757775127887726,242.4087371826172,0.0004240178968757391,55.994686126708984,13.901710510253906,-1.5975826978683472,268.33477783203125,0.0012537575094029307,22.61357307434082,7.088690757751465,1.0779683589935303,283.0933837890625,0.00844657327979803,77.25516510009766,3.366093158721924,2.7298026084899902,290.3954772949219,0.014543621800839901,100.13119506835938,5.1191775128245354e-05,9.010900612338446e-06,26.3781681060791,15.684802055358887,0.30667099356651306,5.381847222452052e-05,2.9760027246084064e-05,60.80683517456055,6.1294846534729,0.944490477867449,2.834091029233968,18,1,15,ML_GGW_101_0018
GGW,101.0,984.0,9.0,0.0,42.6315803527832,302.5,-0.8433914458128857,0.5372996083468239,-1.0,-1.8369701987210297e-16,27.964252471923828,0.02781430073082447,222.4757843017578,2.819651308527682e-05,24.734895706176758,23.055450439453125,-0.8611980080604553,241.340087890625,0.00027825823053717613,41.48130416870117,12.620940208435059,-0.6941070556640625,267.5080871582031,0.001294943387620151,24.81618881225586,6.399406909942627,0.8533638119697571,283.0373229980469,0.006903633009642363,63.357582092285156,3.025883674621582,1.8820899724960327,290.0209655761719,0.01420110184699297,100.1312255859375,5.0876617024187e-05,7.764898327877745e-06,25.007211685180664,14.613187789916992,0.24159260094165802,5.0876617024187e-05,3.5191100323572755e-05,59.18359375,7.471261978149414,0.9543271973955975,3.0395035951212073,18,2,15,ML_GGW_101_0018
GGW,101.0,985.0,9.0,6.0,42.6315803527832,302.5,-0.8433914458128857,0.5372996083468239,-1.0,-1.8369701987210297e-16,27.62411880493164,0.8151273131370544,222.40884399414062,1.9923720174119808e-05,17.669214248657227,20.816875457763672,0.08768335729837418,240.44708251953125,0.00026464497204869986,40.463096618652344,11.720108985900879,-0.02594871073961258,266.4878845214844,0.0015006226021796465,31.86220359802246,6.332549095153809,0.8771230578422546,282.236328125,0.006294443737715483,61.00102615356445,3.2091381549835205,1.6052662134170532,289.8114013671875,0.013867993839085102,99.10939025878906,4.482062649913132e-05,1.42592280099052e-05,24.427762985229492,13.940557479858398,0.6718502640724182,4.6762132114963606e-05,3.634723907453008e-05,62.03739929199219,8.894181251525879,0.9246670241843766,2.5075157340689507,18,3,15,ML_GGW_101_0018
GGW,101.0,986.0,9.0,12.0,42.6315803527832,302.5,-0.8433914458128857,0.5372996083468239,-1.0,-1.8369701987210297e-16,26.32823371887207,2.027233123779297,222.7010498046875,1.784985579433851e-05,15.262340545654297,18.668376922607422,1.1016441583633423,239.58985900878906,0.00037743529537692666,61.01542663574219,10.085105895996094,1.0275362730026245,265.8694763183594,0.0016373104881495237,37.16765213012695,5.870108127593994,1.6592007875442505,281.6578369140625,0.0064973677508533,65.47624969482422,3.3701741695404053,1.976421594619751,289.7624816894531,0.01362537033855915,97.6627426147461,4.1162100387737155e-05,2.5180052034556866e-05,22.958114624023438,12.864399909973145,1.558407187461853,4.62632451672107e-05,4.23782694269903e-05,64.7450180053711,9.812031745910645,0.8599144392852713,1.814579511198211,18,4,15,ML_GGW_101_0018
GGW,101.0,987.0,9.0,18.0,44.52631759643555,295.0,-0.9063077870366498,0.4226182617406996,-1.0,-1.8369701987210297e-16,12.700479507446289,-1.3828048706054688,219.94757080078125,5.103953299112618e-05,61.07408142089844,9.124750137329102,-2.2859904766082764,240.2695770263672,0.00048766788677312434,83.9695816040039,3.8346712589263916,-3.6074001789093018,268.083740234375,0.003859298536553979,72.51044464111328,-0.6736781597137451,-0.9746226668357849,282.3445129394531,0.009538210928440094,91.6415023803711,-2.858126640319824,-0.7733320593833923,290.3108215332031,0.013834306038916111,95.77922821044922,6.357951497193426e-05,3.424492751946673e-05,15.570538520812988,4.425619602203369,-1.8048299551010132,6.357951497193426e-05,4.345645720604807e-05,71.96788787841797,1.6761471033096313,0.9457375937075869,2.8581334917930623,18,5,15,ML_GGW_101_0018
GGW,101.0,988.0,9.0,0.0,42.6315803527832,295.0,-0.9063077870366498,0.4226182617406996,-1.0,-1.8369701987210297e-16,16.329980850219727,-4.57713508605957,221.92930603027344,1.3351101188163739e-05,12.133753776550293,13.320215225219727,-4.000443458557129,238.1646728515625,0.00026892501045949757,55.50431823730469,9.580841064453125,-5.698549270629883,267.6099548339844,0.002550927922129631,49.188072204589844,7.144174098968506,-3.858459711074829,283.1015319824219,0.008821235038340092,80.52526092529297,6.114562034606934,-2.4798030853271484,289.1509094238281,0.013574250973761082,101.2069091796875,5.4082767746876925e-05,2.107285035890527e-05,10.428498268127441,10.497954368591309,-4.122878074645996,5.4082767746876925e-05,3.973748971475288e-05,71.88697814941406,1.9069733619689941,0.8819013425601577,2.01055983809849,18,6,15,ML_GGW_101_0018
GGW,101.0,989.0,9.0,6.0,42.6315803527832,297.5,-0.8870108331782216,0.4617486132350341,-1.0,-1.8369701987210297e-16,16.12102699279785,-3.197706460952759,221.6897430419922,1.375643569190288e-05,13.08060073852539,12.612268447875977,-2.6614999771118164,237.57781982421875,0.0003214239259250462,66.2476577758789,9.605708122253418,-4.007846832275391,266.93670654296875,0.002874144120141864,58.057315826416016,6.250715255737305,-2.357086658477783,282.0145263671875,0.009422402828931808,92.63424682617188,5.070788383483887,-1.382204294204712,289.02276611328125,0.013446440920233727,101.10367584228516,4.99117850267794e-05,2.6798519684234634e-05,11.198385238647461,9.93210220336914,-2.721268892288208,4.99117850267794e-05,3.6883280699839815e-05,74.87178039550781,1.9395592212677002,0.8142659513178228,1.477971229447863,18,7,15,ML_GGW_101_0018
GGW,101.0,990.0,9.0,12.0,42.6315803527832,302.5,-0.8433914458128857,0.5372996083468239,-1.0,-1.8369701987210297e-16,16.290449142456055,-1.0751787424087524,220.19418334960938,2.5248686142731458e-05,27.80984878540039,11.44855785369873,-0.2342708706855774,238.95469665527344,0.00046463069156743586,90.06229400634766,6.473739147186279,-0.8301107287406921,266.7431945800781,0.0035830826964229345,75.08135986328125,3.1233580112457275,1.6790685653686523,280.87725830078125,0.008286147378385067,88.00863647460938,1.7717622518539429,2.4404661655426025,288.9612731933594,0.012718119658529758,96.01945495605469,5.004103877581656e-05,4.059567072545178e-05,14.938274383544922,7.821573734283447,0.3959948420524597,5.004103877581656e-05,4.059567072545178e-05,74.16564178466797,2.4721617698669434,0.8552233119591331,1.7761701456144494,18,8,15,ML_GGW_101_0018
GGW,101.0,991.0,9.0,18.0,42.6315803527832,302.5,-0.8433914458128857,0.5372996083468239,-1.0,-1.8369701987210297e-16,17.692121505737305,-1.9448977708816528,221.2899932861328,1.6537456758669578e-05,16.570037841796875,12.519103050231934,-0.5245825052261353,237.68658447265625,0.00030986673664301634,70.24008178710938,8.020794868469238,-0.9580168128013611,266.81292724609375,0.0033398615196347237,67.29472351074219,4.251343727111816,1.3228130340576172,281.72784423828125,0.008570152334868908,85.85533905029297,2.4802451133728027,1.6020162105560303,289.072998046875,0.012680363841354847,95.04362487792969,5.245817737886682e-05,3.578661198844202e-05,15.619915962219238,8.992720603942871,-0.10053358227014542,5.245817737886682e-05,3.611387001001276e-05,73.24354553222656,6.5216498374938965,0.8802260637355214,1.9945726634750764,18,9,15,ML_GGW_101_0018
GGW,101.0,992.0,9.0,0.0,42.6315803527832,305.0,-0.8191520442889918,0.573576436351046,-1.0,-1.8369701987210297e-16,15.891098976135254,-1.2454984188079834,221.1662139892578,1.849345790105872e-05,18.85638999938965,10.703072547912598,0.9519888162612915,237.72023010253906,0.00031993587617762387,75.90724182128906,7.768995761871338,0.6205911636352539,266.4468994140625,0.004061974585056305,85.89049530029297,3.6625585556030273,3.4102227687835693,281.7410583496094,0.00805249996483326,80.58811950683594,1.6658393144607544,5.019275188446045,288.81170654296875,0.012205296196043491,93.05504608154297,5.117141336086206e-05,3.57774188159965e-05,15.543661117553711,7.9383134841918945,1.7513158321380615,5.117141336086206e-05,3.57774188159965e-05,71.00875854492188,9.798385620117188,0.8252106280085101,1.5520570000174945,18,10,15,ML_GGW_101_0018
GGW,101.0,993.0,9.0,6.0,42.6315803527832,305.0,-0.8191520442889918,0.573576436351046,-1.0,-1.8369701987210297e-16,16.04697036743164,0.4261411130428314,221.06028747558594,1.820670149754733e-05,18.807907104492188,11.339112281799316,1.2227333784103394,237.78941345214844,0.0002655654097907245,63.9536018371582,8.690873146057129,-0.20141924917697906,266.39984130859375,0.0023003953974694014,47.41225051879883,5.064028739929199,2.5311508178710938,281.7677307128906,0.008282412774860859,82.73906707763672,3.4246060848236084,3.4841651916503906,288.509033203125,0.012516573071479797,97.30277252197266,5.1877916121156886e-05,3.283456317149103e-05,12.987516403198242,8.913118362426758,1.4925543069839478,5.1877916121156886e-05,3.610892599681392e-05,70.72547149658203,10.349274635314941,0.8882349802703423,2.072837696206875,18,11,15,ML_GGW_101_0018
GGW,101.0,994.0,9.0,12.0,44.52631759643555,305.0,-0.8191520442889918,0.573576436351046,-1.0,-1.8369701987210297e-16,15.391528129577637,3.7882752418518066,220.33419799804688,1.7829754142439924e-05,20.3170223236084,10.703474044799805,4.705349922180176,237.4075164794922,0.0002829337026923895,71.09626007080078,5.063048839569092,3.6034040451049805,265.8717346191406,0.003496327670291066,76.11865997314453,1.1218154430389404,3.7750084400177,281.3183288574219,0.008140593767166138,83.84022521972656,-1.9230331182479858,4.852139949798584,288.6016540527344,0.012282868847250938,94.92977142333984,5.39247521373909e-05,2.542376023484394e-05,17.34721565246582,6.071366310119629,4.144835472106934,5.39247521373909e-05,3.3301475923508406e-05,72.49993133544922,11.830310821533203,0.7981796749351197,1.37495590696376,18,12,15,ML_GGW_101_0018
GGW,101.0,995.0,9.0,18.0,44.52631759643555,305.0,-0.8191520442889918,0.573576436351046,-1.0,-1.8369701987210297e-16,17.630321502685547,5.202519416809082,222.03880310058594,1.1855840057251044e-05,11.05577278137207,13.048785209655762,6.82344388961792,236.5406494140625,0.0001824678183766082,48.06127166748047,9.127484321594238,3.3863754272460938,265.6981201171875,0.0018008816987276077,39.313743591308594,3.9383726119995117,1.628096103668213,281.65606689453125,0.00804185587912798,80.9289779663086,1.259474277496338,2.111429452896118,288.33697509765625,0.012495479546487331,98.22205352783203,5.2363931899890304e-05,2.0975907318643294e-05,16.66011619567871,9.000887870788574,3.8303725719451904,5.2363931899890304e-05,2.4892762667150237e-05,69.95958709716797,14.830739974975586,0.7563971913788613,1.1330275582220053,18,13,15,ML_GGW_101_0018
GGW,101.0,996.0,9.0,0.0,44.52631759643555,307.5,-0.7933533402912352,0.6087614290087205,-1.0,-1.8369701987210297e-16,16.883630752563477,6.121783256530762,222.29905700683594,1.2246799997228663e-05,10.921363830566406,12.59056568145752,8.383838653564453,236.58770751953125,0.00019617330690380186,54.12968444824219,9.11505126953125,4.3027191162109375,265.5811767578125,0.0015728655271232128,34.706180572509766,4.671943187713623,4.194844722747803,281.5028076171875,0.008106905966997147,82.48905181884766,2.3131496906280518,5.182973384857178,288.4826965332031,0.012355512008070946,96.20994567871094,5.155523103894666e-05,2.013534503930714e-05,14.60069465637207,9.1148681640625,5.637232303619385,5.155523103894666e-05,2.550656790845096e-05,68.36433410644531,13.965449333190918,0.726323655233425,0.976049536875331,18,14,15,ML_GGW_101_0018
GGW,101.0,997.0,9.0,6.0,46.421051025390625,307.5,-0.7933533402912352,0.6087614290087205,-1.0,-1.8369701987210297e-16,15.379229545593262,12.018331527709961,223.44351196289062,1.0451484740769956e-05,8.171823501586914,10.723260879516602,13.816060066223145,235.68557739257812,0.00013654673239216208,37.88719940185547,7.61167573928833,6.940959930419922,263.1371765136719,0.001634232234209776,43.532379150390625,3.9824609756469727,3.7671546936035156,279.7057800292969,0.008351296186447144,96.13165283203125,1.0852253437042236,4.314280986785889,287.9693603515625,0.012356084771454334,99.45447540283203,5.335670357453637e-05,2.4742515961406752e-05,16.237947463989258,7.756369590759277,8.171358108520508,5.335670357453637e-05,2.9717111829086207e-05,69.58882904052734,14.170372009277344,0.5728351515123373,0.2934279808693734,18,15,15,ML_GGW_101_0018
GGW,101.0,984.0,9.0,0.0,16.105262756347656,332.5,-0.46174861323503363,0.8870108331782218,-1.0,-1.8369701987210297e-16,-9.551088333129883,4.276613235473633,220.68711853027344,9.46815125644207e-05,101.02979278564453,-9.943021774291992,2.8981072902679443,245.78602600097656,0.001291355467401445,115.49980163574219,-10.369636535644531,1.7838960886001587,270.0247497558594,0.005372390151023865,89.76496887207031,-10.586856842041016,-0.03199630230665207,281.6994934082031,0.008847130462527275,88.99600982666016,-5.738765239715576,0.5332573652267456,292.1356506347656,0.013427888974547386,82.78392028808594,7.962334348121658e-05,9.445066098123789e-05,5.342894077301025,-9.237874031066895,1.8919756412506104,7.962334348121658e-05,9.445066098123789e-05,74.91969299316406,3.1023271083831787,0.7224116430756583,0.956455833349394,19,1,32,ML_GGW_101_0019
GGW,101.0,985.0,9.0,6.0,16.105262756347656,332.5,-0.46174861323503363,0.8870108331782218,-1.0,-1.8369701987210297e-16,-4.4656877517700195,2.649488687515259,221.2081298828125,0.00010043563088402152,99.98322296142578,-0.8450252413749695,7.9761061668396,246.27203369140625,0.001347878947854042,114.59820556640625,-1.1374003887176514,12.319212913513184,269.7536926269531,0.005317150615155697,90.72551727294922,-5.383526802062988,6.535122871398926,280.5173645019531,0.008889472112059593,96.81311798095703,-2.2646520137786865,5.95100736618042,291.75653076171875,0.013502662070095539,85.28887176513672,8.799965144135058e-05,9.708957077236846e-05,3.967944622039795,-2.819258451461792,7.086187839508057,8.799965144135058e-05,9.708957077236846e-05,80.87120819091797,3.967944622039795,0.6358589270460674,0.5574353703015398,19,2,32,ML_GGW_101_0019
GGW,101.0,986.0,9.0,12.0,16.105262756347656,330.0,-0.5000000000000004,0.8660254037844384,-1.0,-1.8369701987210297e-16,-6.418198108673096,2.555330276489258,222.1552734375,0.00011314478615531698,99.97904205322266,-0.5962007641792297,2.130394458770752,247.06875610351562,0.0014432508032768965,113.7457046508789,0.9143391251564026,1.975271463394165,270.1768493652344,0.005380731541663408,88.93331146240234,-1.5336226224899292,1.5078271627426147,280.6167297363281,0.008860154077410698,95.84993743896484,1.1311571598052979,0.1899459809064865,291.5946350097656,0.014399277046322823,91.80082702636719,9.211713768308982e-05,0.00010293369996361434,7.911245822906494,-1.3005050420761108,1.6717538833618164,9.211713768308982e-05,0.00010453053982928395,81.44476318359375,6.571367263793945,0.6906013342404896,0.8029320911742852,19,3,32,ML_GGW_101_0019
GGW,101.0,987.0,9.0,18.0,16.105262756347656,330.0,-0.5000000000000004,0.8660254037844384,-1.0,-1.8369701987210297e-16,0.18038871884346008,3.3392035961151123,223.16566467285156,0.00013171213504392654,102.91568756103516,5.958937644958496,3.474442958831787,246.75794982910156,0.0014809517888352275,123.07506561279297,7.668946266174316,6.029052734375,270.2479553222656,0.005427381489425898,89.19894409179688,5.631077289581299,5.121420860290527,280.57733154296875,0.008849379606544971,95.95379638671875,7.2289934158325195,3.069676160812378,291.5918273925781,0.01431651134043932,91.31517791748047,8.915029320633039e-05,9.91087217698805e-05,7.053755760192871,5.3336687088012695,4.206758975982666,8.915029320633039e-05,0.00011863088730024174,81.96987915039062,4.804790496826172,0.5637975053851304,0.25658858130365836,19,4,32,ML_GGW_101_0019
GGW,101.0,988.0,9.0,0.0,18.0,330.0,-0.5000000000000004,0.8660254037844384,-1.0,-1.8369701987210297e-16,-1.484001636505127,2.3515753746032715,221.58421325683594,0.00010438856406835839,99.71453857421875,0.7725265622138977,2.192199945449829,245.6852264404297,0.0012842378346249461,116.40656280517578,2.9416420459747314,5.721972465515137,270.1913146972656,0.006005501840263605,98.34789276123047,0.610962450504303,5.397596836090088,280.5644226074219,0.008561587892472744,92.93633270263672,0.3886912763118744,3.7144131660461426,291.5993957519531,0.013518190011382103,86.23743438720703,9.237712947651744e-05,0.0001084934629034251,2.3160970211029053,0.6459640860557556,3.875551700592041,9.237712947651744e-05,0.0001084934629034251,78.87197875976562,2.3160970211029053,0.691219831106015,0.805828311728984,19,5,32,ML_GGW_101_0019
GGW,101.0,989.0,9.0,6.0,18.0,330.0,-0.5000000000000004,0.8660254037844384,-1.0,-1.8369701987210297e-16,-0.5535919666290283,-0.3561175763607025,220.4523162841797,9.147542004939169e-05,100.40225982666016,5.389805316925049,4.0785956382751465,245.1241912841797,0.0011731558479368687,112.29060363769531,8.23797607421875,9.702271461486816,270.6923828125,0.006425268482416868,100.81838989257812,5.692502498626709,8.271315574645996,281.6022033691406,0.008505726233124733,85.9542236328125,5.58942985534668,4.27194356918335,291.4156494140625,0.013321137055754662,85.95808410644531,8.944077853811905e-05,7.722900045337155e-05,7.691272258758545,4.871224403381348,5.193601608276367,8.944077853811905e-05,9.72553898463957e-05,78.34100341796875,4.543039321899414,0.6186908178153104,0.48399511349885604,19,6,32,ML_GGW_101_0019
GGW,101.0,990.0,9.0,12.0,19.894737243652344,330.0,-0.5000000000000004,0.8660254037844384,-1.0,-1.8369701987210297e-16,-3.120211601257324,0.4316367208957672,220.4523468017578,9.133089770330116e-05,100.33656311035156,4.24769401550293,4.774877548217773,245.21096801757812,0.001142557361163199,107.93256378173828,8.084626197814941,8.851630210876465,270.9533996582031,0.006547502242028713,100.63597106933594,2.6264102458953857,9.179210662841797,281.9720153808594,0.00850412342697382,83.84028625488281,-1.4907563924789429,6.943622589111328,291.8538818359375,0.012869024649262428,80.76383209228516,8.90612427610904e-05,8.345993410330266e-05,6.71275520324707,2.0695526599884033,6.036195278167725,8.90612427610904e-05,9.733277693158016e-05,77.08179473876953,6.55775785446167,0.6529100888721641,0.6318555742113312,19,7,32,ML_GGW_101_0019
GGW,101.0,991.0,9.0,18.0,21.789474487304688,330.0,-0.5000000000000004,0.8660254037844384,-1.0,-1.8369701987210297e-16,-1.4989696741104126,2.5743823051452637,220.67088317871094,9.438678534934297e-05,100.96904754638672,4.4139790534973145,3.121692419052124,245.46067810058594,0.001195163233205676,109.67371368408203,5.817389488220215,4.508630752563477,270.70281982421875,0.006421471480280161,100.77677154541016,-1.7186644077301025,7.896957874298096,280.9837951660156,0.008814375847578049,93.12249755859375,-5.524694919586182,7.07514762878418,292.0326843261719,0.012615282088518143,78.30728912353516,8.475817594444379e-05,0.00010200800898019224,6.03848934173584,0.2978079915046692,5.035362243652344,8.475817594444379e-05,0.00010200800898019224,76.5927505493164,6.03848934173584,0.6826309285453376,0.7658889854449504,19,8,32,ML_GGW_101_0019
GGW,101.0,992.0,9.0,0.0,21.789474487304688,330.0,-0.5000000000000004,0.8660254037844384,-1.0,-1.8369701987210297e-16,0.4938500225543976,2.9448561668395996,220.38462829589844,6.525843491544947e-05,72.7290267944336,6.034904956817627,1.7018365859985352,244.24900817871094,0.0006646700203418732,69.64168548583984,8.634930610656738,2.901904582977295,270.2666931152344,0.006033827550709248,96.33280944824219,2.7623531818389893,8.470739364624023,282.36737060546875,0.00834308099001646,80.15230560302734,0.3938528895378113,7.417238235473633,291.4649353027344,0.012563535943627357,80.80000305175781,8.715553121874109e-05,8.187234197976068e-05,4.473499774932861,3.663978099822998,4.687314987182617,8.715553121874109e-05,9.782896813703701e-05,74.39187622070312,4.473499774932861,0.939554021076474,2.7436552612158285,19,9,32,ML_GGW_101_0019
GGW,101.0,993.0,9.0,6.0,21.789474487304688,330.0,-0.5000000000000004,0.8660254037844384,-1.0,-1.8369701987210297e-16,3.2093567848205566,4.742703437805176,220.7021026611328,3.185048626619391e-05,33.99284362792969,5.930772304534912,1.9253984689712524,244.2967529296875,0.00016837850853335112,18.260377883911133,8.888432502746582,3.154693126678467,269.73822021484375,0.004934558644890785,80.10919189453125,5.051374435424805,8.61016845703125,283.3485412597656,0.007542312610894442,67.73185729980469,3.4573814868927,6.959440231323242,291.07598876953125,0.012188366614282131,80.31205749511719,8.084550790954381e-05,5.6559314543846995e-05,2.2305691242218018,5.307463645935059,5.0784807205200195,8.084550790954381e-05,8.116517710732296e-05,72.69036102294922,2.2305691242218018,0.9570156171091333,3.102982848998007,19,10,32,ML_GGW_101_0019
GGW,101.0,994.0,9.0,12.0,23.6842098236084,330.0,-0.5000000000000004,0.8660254037844384,-1.0,-1.8369701987210297e-16,6.620018005371094,6.065557956695557,220.76895141601562,3.457521597738378e-05,37.501800537109375,3.0492446422576904,3.2510945796966553,244.21435546875,0.0005344356177374721,51.30554962158203,4.546299934387207,2.158400297164917,270.16326904296875,0.006117064971476793,99.84793090820312,-0.38633105158805847,10.03133487701416,282.59765625,0.008291143923997879,78.36348724365234,-4.992717742919922,9.168136596679688,290.78521728515625,0.012490810826420784,83.88853454589844,8.051900658756495e-05,6.41313090454787e-05,12.020051002502441,1.7673028707504272,6.134904861450195,8.051900658756495e-05,6.440116703743115e-05,74.49482727050781,2.293029546737671,0.9573017176480312,3.1099599227374757,19,11,32,ML_GGW_101_0019
GGW,101.0,995.0,9.0,18.0,23.6842098236084,327.5,-0.5372996083468242,0.8433914458128855,-1.0,-1.8369701987210297e-16,6.043748378753662,2.2686116695404053,221.18507385253906,2.6567773602437228e-05,27.902828216552734,5.122348308563232,0.8016243577003479,243.2706756591797,7.397690933430567e-05,9.014033317565918,2.484961748123169,-5.176851749420166,271.2721862792969,0.002980536548420787,40.955665588378906,-0.8451753258705139,-4.925179958343506,283.7481994628906,0.008434297516942024,73.76056671142578,-2.764522075653076,-2.8498361110687256,291.0511779785156,0.012099104933440685,79.88875579833984,7.912254659458995e-05,3.091391772613861e-05,10.18744945526123,2.008272171020508,-1.9763263463974,7.912254659458995e-05,5.88478687859606e-05,68.35694122314453,2.5094010829925537,0.9689089730118506,3.4392514121044133,19,12,32,ML_GGW_101_0019
GGW,101.0,996.0,9.0,0.0,23.6842098236084,327.5,-0.5372996083468242,0.8433914458128855,-1.0,-1.8369701987210297e-16,6.031763076782227,1.6708637475967407,221.0404052734375,2.4858392862370238e-05,26.545982360839844,5.493742942810059,0.21247117221355438,242.96067810058594,7.055070454953238e-05,8.845359802246094,1.584413766860962,-3.662278413772583,270.7882080078125,0.0023096539080142975,32.42125701904297,-1.0543538331985474,-2.5736258029937744,284.2143249511719,0.00912723783403635,77.44918823242188,-2.303534746170044,-1.1632325649261475,290.8923034667969,0.011907066218554974,79.39985656738281,7.509956049034372e-05,3.044614459213335e-05,8.803936004638672,1.9504063129425049,-1.1031605005264282,7.509956049034372e-05,4.8548106860835105e-05,68.07581329345703,1.7816956043243408,0.9617464808177346,3.2245153216756917,19,13,32,ML_GGW_101_0019
GGW,101.0,997.0,9.0,6.0,23.6842098236084,327.5,-0.5372996083468242,0.8433914458128855,-1.0,-1.8369701987210297e-16,6.272619724273682,-0.4186875820159912,220.87730407714844,2.2916143279871903e-05,24.89185333251953,5.308479309082031,-1.3433301448822021,242.6451873779297,6.833983934484422e-05,8.861302375793457,0.5742071270942688,-1.5167393684387207,270.1359558105469,0.001973677659407258,28.99230194091797,-0.8473641872406006,0.7546985149383545,284.23223876953125,0.009676418267190456,82.06277465820312,-2.150296688079834,1.1179702281951904,290.7196044921875,0.01177077367901802,79.34756469726562,7.075623580021784e-05,3.0124825570965186e-05,8.561941146850586,1.831528902053833,-0.28121766448020935,7.075623580021784e-05,3.783077409025282e-05,69.63046264648438,2.939544677734375,0.9456213975814877,2.8558715363825704,19,14,32,ML_GGW_101_0019
GGW,101.0,998.0,9.0,12.0,23.6842098236084,327.5,-0.5372996083468242,0.8433914458128855,-1.0,-1.8369701987210297e-16,5.282411575317383,-2.4591169357299805,220.95394897460938,2.163563658541534e-05,23.1743106842041,4.32769775390625,-2.2448668479919434,242.4335479736328,6.847847544122487e-05,9.239689826965332,0.9242612719535828,1.7878316640853882,269.9619140625,0.0017955303192138672,26.686025619506836,-0.10467062890529633,4.019522190093994,284.1962585449219,0.00980416126549244,83.37117767333984,-1.3355778455734253,4.267988204956055,290.7768859863281,0.011787020601332188,79.14704895019531,6.539565220009536e-05,2.724184923863504e-05,9.436722755432129,1.8188244104385376,1.0742716789245605,6.539565220009536e-05,3.19688770105131e-05,70.35482788085938,2.5333006381988525,0.9167052693088389,2.3984007229159845,19,15,32,ML_GGW_101_0019
GGW,101.0,999.0,9.0,18.0,25.578947067260742,325.0,-0.5735764363510465,0.8191520442889916,-1.0,-1.8369701987210297e-16,8.418294906616211,-5.559226036071777,221.4661102294922,2.1831463527632877e-05,22.085472106933594,6.11362886428833,-5.253017902374268,242.0228729248047,0.00010794105037348345,16.29230308532715,-1.7455503940582275,-2.645735502243042,269.10491943359375,0.0022424524649977684,35.95884323120117,-4.177543640136719,-3.726400136947632,283.56866455078125,0.010624007321894169,94.21385192871094,-7.648850440979004,-2.4024124145507812,290.5517883300781,0.011688918806612492,79.6490249633789,5.95793935644906e-05,2.467767808411736e-05,16.37432861328125,0.19199581444263458,-3.9173583984375,5.95793935644906e-05,3.6197699955664575e-05,75.3841552734375,1.5142723321914673,0.8553005442316717,1.7767940483646418,19,16,32,ML_GGW_101_0019
GGW,101.0,1000.0,9.0,0.0,25.578947067260742,325.0,-0.5735764363510465,0.8191520442889916,-1.0,-1.8369701987210297e-16,8.495763778686523,-4.2844743728637695,221.04519653320312,2.479308022884652e-05,26.052846908569336,5.771313190460205,-3.933591842651367,241.58580017089844,0.00012017582048429176,18.270343780517578,-2.108617067337036,-1.8964979648590088,268.4356689453125,0.0025804052129387856,43.922401428222656,-4.609511852264404,-0.7581489086151123,283.3660888671875,0.011042219586670399,99.33045196533203,-7.474717617034912,0.2093091458082199,290.26611328125,0.012114595621824265,84.03861999511719,5.6667147873668e-05,2.8961569114471786e-05,16.59067153930664,0.01484603900462389,-2.132680654525757,5.6667147873668e-05,3.821896098088473e-05,76.7463150024414,2.2010087966918945,0.868014523225734,1.8835165542513979,19,17,32,ML_GGW_101_0019
GGW,101.0,1001.0,9.0,6.0,25.578947067260742,325.0,-0.5735764363510465,0.8191520442889916,-1.0,-1.8369701987210297e-16,8.537529945373535,-3.6110730171203613,220.673095703125,4.089528738404624e-05,41.479618072509766,4.6602396965026855,-2.933992624282837,241.6209259033203,0.0002676351577974856,37.238197326660156,-2.5772979259490967,0.05604548752307892,268.0352478027344,0.002713997382670641,48.4921989440918,-4.363821029663086,2.998142957687378,282.7071228027344,0.010636994615197182,100.00753784179688,-7.1666340827941895,3.0396039485931396,290.0762023925781,0.012415757402777672,87.16534423828125,5.3618259698851034e-05,3.077121073147282e-05,17.054391860961914,-0.18199682235717773,-0.09025468677282333,5.3618259698851034e-05,3.378690962563269e-05,78.01432800292969,1.6811904907226562,0.915687548660586,2.3851456455803333,19,18,32,ML_GGW_101_0019
GGW,101.0,1002.0,9.0,12.0,25.578947067260742,322.5,-0.608761429008721,0.7933533402912349,-1.0,-1.8369701987210297e-16,6.594709873199463,-4.695282936096191,220.67750549316406,2.5527628167765215e-05,26.833255767822266,4.824016571044922,-4.695847511291504,241.4191436767578,0.0001349358499282971,20.055978775024414,-2.6552846431732178,-1.1078842878341675,268.2873840332031,0.0017059632809832692,30.709611892700195,-2.935811758041382,-0.4074747860431671,283.2559509277344,0.010576019063591957,95.804443359375,-6.273189544677734,-0.4564075469970703,290.0381774902344,0.012438332661986351,87.52275848388672,5.2181159844622016e-05,2.5489594918326475e-05,13.548095703125,-0.08911208808422089,-2.2725794315338135,5.2181159844622016e-05,3.11029507429339e-05,76.6084213256836,1.0128235816955566,0.8637176004566264,1.8465166639647705,19,19,32,ML_GGW_101_0019
GGW,101.0,1003.0,9.0,18.0,25.578947067260742,322.5,-0.608761429008721,0.7933533402912349,-1.0,-1.8369701987210297e-16,5.146312236785889,-4.628451824188232,220.18621826171875,4.014849764644168e-05,45.07090377807617,3.6131668090820312,-2.7098186016082764,241.18553161621094,0.0001913613814394921,28.23241424560547,-1.0319983959197998,0.7557534575462341,267.70330810546875,0.001898496993817389,35.91495132446289,-1.3055975437164307,1.888525128364563,283.52294921875,0.010805591940879822,96.12177276611328,-4.038155555725098,2.5707836151123047,290.5579833984375,0.01223835814744234,83.34780883789062,5.148357377038337e-05,2.7494448659126647e-05,11.66976547241211,0.47674560546875,-0.42464160919189453,5.148357377038337e-05,3.267635474912822e-05,73.88189697265625,3.0616016387939453,0.91498879540041,2.376128753114827,19,20,32,ML_GGW_101_0019
GGW,101.0,1004.0,9.0,0.0,27.473684310913086,322.5,-0.608761429008721,0.7933533402912349,-1.0,-1.8369701987210297e-16,4.296436309814453,-1.1886284351348877,220.12548828125,9.53964190557599e-05,109.99884033203125,-1.7420027256011963,1.4525480270385742,241.3671417236328,0.0005996098625473678,85.77295684814453,-3.5600669384002686,2.591071605682373,267.89154052734375,0.003706630552187562,70.66558074951172,-5.554119110107422,6.08761739730835,282.902099609375,0.010012008249759674,92.78684997558594,-7.618565559387207,5.968398094177246,289.70257568359375,0.012171841226518154,87.50879669189453,4.697395706898533e-05,3.7561756471404806e-05,13.899291038513184,-2.8356635570526123,2.982201337814331,4.697395706898533e-05,3.7561756471404806e-05,77.42916870117188,4.8678669929504395,0.6553357373692988,0.6425768890326529,19,21,32,ML_GGW_101_0019
GGW,101.0,1005.0,9.0,6.0,27.473684310913086,320.0,-0.6427876096865396,0.7660444431189778,-1.0,-1.8369701987210297e-16,2.85205078125,-1.2179927825927734,219.69436645507812,5.2156454330543056e-05,60.11489486694336,1.6350655555725098,-0.35144349932670593,240.83377075195312,0.00030041264835745096,45.61163330078125,-2.2407729625701904,0.15179739892482758,267.7828674316406,0.002590630669146776,49.63792037963867,-3.8613204956054688,2.613344192504883,283.0212097167969,0.009984105825424194,91.79225158691406,-6.107734680175781,1.9450558423995972,289.5774230957031,0.012391720898449421,89.81791687011719,4.666374661610462e-05,3.202013613190502e-05,9.501717567443848,-1.5445423126220703,0.6281522512435913,4.666374661610462e-05,3.528127126628533e-05,77.83915710449219,7.355891704559326,0.924495624087118,2.505057703854388,19,22,32,ML_GGW_101_0019
GGW,101.0,1006.0,9.0,12.0,27.473684310913086,320.0,-0.6427876096865396,0.7660444431189778,-1.0,-1.8369701987210297e-16,2.3633241653442383,-1.2736743688583374,220.05714416503906,9.152904385700822e-05,106.14195251464844,0.5540059208869934,1.1045395135879517,241.1039581298828,0.0004140804521739483,61.232032775878906,-0.38904649019241333,4.067773342132568,267.62799072265625,0.0023453033063560724,46.648685455322266,-1.6072901487350464,7.151543617248535,282.86285400390625,0.01002637017518282,93.16597747802734,-3.6933348178863525,6.576417446136475,290.3548278808594,0.012263824231922626,84.63047790527344,4.406720836414024e-05,3.057617141166702e-05,9.91499137878418,-0.5544682741165161,3.525320053100586,4.406720836414024e-05,4.1021146898856387e-05,72.7221450805664,6.05753755569458,0.783375330892044,1.2854457103908512,19,23,32,ML_GGW_101_0019
GGW,101.0,1007.0,9.0,18.0,29.36842155456543,317.5,-0.6755902076156605,0.7372773368101239,-1.0,-1.8369701987210297e-16,3.0398619174957275,4.615897178649902,220.46592712402344,5.3286781621864066e-05,55.99015426635742,0.08581969141960144,2.4762306213378906,240.70962524414062,0.00039325872785411775,60.666648864746094,-0.4988020360469818,-1.3196011781692505,268.04754638671875,0.0029175765812397003,56.008277893066406,-3.012457847595215,1.3565657138824463,282.5663146972656,0.00913449376821518,86.57669067382812,-5.511287689208984,1.0690491199493408,289.54205322265625,0.01215008832514286,88.28601837158203,4.451174027053639e-05,3.35934164468199e-05,9.257553100585938,-1.1793731451034546,1.6396281719207764,4.451174027053639e-05,4.224353324389085e-05,73.12321472167969,6.241971015930176,0.9424521244179784,2.7958679014721803,19,24,32,ML_GGW_101_0019
GGW,101.0,1008.0,9.0,0.0,29.36842155456543,317.5,-0.6755902076156605,0.7372773368101239,-1.0,-1.8369701987210297e-16,4.730628967285156,4.984219074249268,220.57879638671875,6.124634819570929e-05,63.734886169433594,0.04710547998547554,2.420502185821533,240.80213928222656,0.00040581959183327854,62.98348617553711,0.5279781222343445,0.33455103635787964,268.0247802734375,0.0029976549558341503,58.170719146728516,-1.024929404258728,4.634809494018555,282.560791015625,0.009402317926287651,89.16404724121094,-2.5568337440490723,4.399143218994141,289.8330383300781,0.012088230811059475,86.22360229492188,4.390458343550563e-05,3.661608207039535e-05,7.310911655426025,0.3447898030281067,3.354644775390625,4.390458343550563e-05,4.067165718879551e-05,69.78540802001953,6.506197929382324,0.9407586125159358,2.7650661738472975,19,25,32,ML_GGW_101_0019
GGW,101.0,1009.0,9.0,6.0,31.263158798217773,317.5,-0.6755902076156605,0.7372773368101239,-1.0,-1.8369701987210297e-16,7.089293003082275,8.039596557617188,219.460693359375,6.060413215891458e-05,76.34891510009766,-0.008291775360703468,3.9647157192230225,239.79617309570312,0.0006141004269011319,101.55351257324219,0.3624277710914612,1.921091914176941,268.4364318847656,0.003403322072699666,66.8186264038086,-2.0725948810577393,6.539560317993164,281.5083312988281,0.009006842970848083,91.73958587646484,-3.706922769546509,5.697055339813232,289.8172912597656,0.011873668991029263,84.8231201171875,4.576213177642785e-05,4.34155335824471e-05,11.047432899475098,0.3327823281288147,5.2324042320251465,4.576213177642785e-05,4.34155335824471e-05,69.21855163574219,8.284116744995117,0.8096784446683081,1.4479221488034444,19,26,32,ML_GGW_101_0019
GGW,101.0,1010.0,9.0,12.0,31.263158798217773,317.5,-0.6755902076156605,0.7372773368101239,-1.0,-1.8369701987210297e-16,7.042511940002441,7.188146114349365,218.7814178466797,6.79247168591246e-05,93.94742584228516,1.1862456798553467,5.408463954925537,241.4827117919922,0.0007315334514714777,100.44232940673828,3.985670328140259,2.4498236179351807,267.9557189941406,0.003475317033007741,71.022216796875,1.4163130521774292,8.428794860839844,281.3968200683594,0.009321799501776695,95.67064666748047,-0.483835905790329,8.545313835144043,290.259765625,0.011755166575312614,81.65888977050781,4.644502769224346e-05,4.457100294530392e-05,7.647732734680176,2.629380941390991,6.40410852432251,4.644502769224346e-05,4.457100294530392e-05,66.45474243164062,7.647732734680176,0.716729331584219,0.9282954019935845,19,27,32,ML_GGW_101_0019
GGW,101.0,1011.0,9.0,18.0,33.157894134521484,317.5,-0.6755902076156605,0.7372773368101239,-1.0,-1.8369701987210297e-16,9.264121055603027,12.22174072265625,218.56787109375,5.319244519341737e-05,75.6217041015625,6.72117805480957,7.08986234664917,239.48085021972656,0.0004336037382017821,79.6857681274414,3.1653430461883545,-0.408795028924942,268.07598876953125,0.003120384644716978,62.09812927246094,1.1275001764297485,6.514035701751709,281.7118835449219,0.009027794934809208,90.64564514160156,-0.4291759729385376,7.684796333312988,290.2557373046875,0.011591167189180851,80.5554428100586,4.6090623072814196e-05,3.8384736399166286e-05,10.70251750946045,3.9697933197021484,6.620328426361084,4.6090623072814196e-05,3.8384736399166286e-05,66.38388061523438,5.4668354988098145,0.851754406683279,1.748427917449634,19,28,32,ML_GGW_101_0019
GGW,101.0,1012.0,9.0,0.0,33.157894134521484,317.5,-0.6755902076156605,0.7372773368101239,-1.0,-1.8369701987210297e-16,13.951981544494629,10.020177841186523,219.5442352294922,2.963220322271809e-05,34.586910247802734,9.041950225830078,6.762965679168701,238.8026123046875,0.0002611765230540186,52.76304244995117,4.386636257171631,-0.7116281986236572,267.5749816894531,0.0031023756600916386,59.30881118774414,3.497823715209961,4.846010684967041,282.0845642089844,0.008981260471045971,87.92921447753906,2.523677110671997,6.310330390930176,290.0540771484375,0.0115823308005929,81.5521011352539,4.7097350034164265e-05,2.245793439215049e-05,12.01537036895752,6.680413722991943,5.445570945739746,4.7097350034164265e-05,2.862453220586758e-05,64.5094985961914,7.222862720489502,0.9143074100845154,2.367400493322369,19,29,32,ML_GGW_101_0019
GGW,101.0,1013.0,9.0,6.0,35.05263137817383,317.5,-0.6755902076156605,0.7372773368101239,-1.0,-1.8369701987210297e-16,14.901508331298828,5.669825553894043,217.7022705078125,3.788539470406249e-05,57.42369842529297,12.427254676818848,5.643195152282715,238.8411102294922,0.00037663974217139184,78.62969970703125,7.784390926361084,-1.7488244771957397,265.8917236328125,0.0014907330041751266,33.306209564208984,3.277714490890503,1.2263611555099487,281.3517150878906,0.0074289883486926556,76.38827514648438,1.5788710117340088,2.3443281650543213,289.7061462402344,0.01151418685913086,82.87792205810547,4.6081779146334156e-05,8.992350558401085e-06,13.731409072875977,7.993947505950928,2.6269772052764893,4.6081779146334156e-05,3.6493638617685065e-05,65.70942687988281,4.884598731994629,0.8135203271273224,1.4730486730922943,19,30,32,ML_GGW_101_0019
GGW,101.0,1014.0,9.0,12.0,35.05263137817383,317.5,-0.6755902076156605,0.7372773368101239,-1.0,-1.8369701987210297e-16,13.17628002166748,0.9547322392463684,217.74942016601562,3.348000973346643e-05,50.64617156982422,13.163250923156738,3.238093614578247,238.46609497070312,0.00025691025075502694,57.20682907104492,9.574838638305664,-1.1692471504211426,265.3367614746094,0.0015298000071197748,37.04795837402344,5.056827068328857,-0.8998881578445435,281.65008544921875,0.005815180018544197,58.58969497680664,3.3162879943847656,0.0026501119136810303,289.9027404785156,0.011229275725781918,79.81172943115234,4.266098767402582e-05,1.0099184692080598e-05,9.905852317810059,8.85749626159668,0.42526811361312866,4.266098767402582e-05,4.630238254321739e-05,59.31134796142578,4.671744346618652,0.8720479673141914,1.919188981740732,19,31,32,ML_GGW_101_0019
GGW,101.0,1015.0,9.0,18.0,36.94736862182617,320.0,-0.6427876096865396,0.7660444431189778,-1.0,-1.8369701987210297e-16,12.987800598144531,5.2015156745910645,217.88247680664062,4.760331648867577e-05,72.70941925048828,12.82886791229248,8.326998710632324,238.06735229492188,0.0003394079685676843,75.72901916503906,10.713351249694824,1.8264272212982178,264.909423828125,0.0016448154347017407,37.61338806152344,5.792022228240967,2.5281996726989746,280.1926574707031,0.006346177775412798,70.77425384521484,4.006885051727295,3.179842948913574,289.40899658203125,0.01098557561635971,80.58658599853516,4.222848656354472e-05,3.475653284112923e-05,9.205650329589844,9.265786170959473,4.212596893310547,4.222848656354472e-05,5.409698133007623e-05,55.999996185302734,4.254739761352539,0.7398036313614087,1.04494817801631,19,32,32,ML_GGW_101_0019
GGW,101.0,1033.0,9.0,6.0,12.315789222717285,310.0,-0.7660444431189781,0.6427876096865393,-1.0,-1.8369701987210297e-16,-7.355536460876465,-1.8273124694824219,219.18409729003906,7.73265928728506e-05,99.89302062988281,-6.623755931854248,1.0849699974060059,244.09275817871094,0.0011011047754436731,116.2588119506836,-1.3195971250534058,2.5339081287384033,269.10809326171875,0.005713340360671282,101.35238647460938,-6.4433770179748535,2.433915615081787,280.35357666015625,0.00914829969406128,100.83580780029297,-7.563539505004883,-1.7716071605682373,288.4682922363281,0.01219995692372322,95.11099243164062,4.8684367357054725e-05,7.860298501327634e-05,0.21533310413360596,-5.861161231994629,0.4907747805118561,4.8684367357054725e-05,7.860298501327634e-05,67.68794250488281,0.21533310413360596,0.7178889563497501,0.9340141349533773,20,1,11,ML_GGW_101_0020
GGW,101.0,1034.0,9.0,12.0,12.315789222717285,310.0,-0.7660444431189781,0.6427876096865393,-1.0,-1.8369701987210297e-16,-8.274592399597168,-2.768134593963623,219.45660400390625,7.98280379967764e-05,100.12543487548828,-6.940369129180908,1.2624444961547852,242.984619140625,0.0010335193946957588,124.8770980834961,-0.9025644063949585,6.8827104568481445,268.2416076660156,0.004663705825805664,89.44384765625,-5.222123622894287,5.938809394836426,281.95831298828125,0.009709928184747696,95.94788360595703,-5.119140625,2.906874418258667,288.842529296875,0.012392060831189156,94.2574462890625,5.296235394780524e-05,5.872076508239843e-05,6.4932732582092285,-5.2917585372924805,2.844541072845459,5.296235394780524e-05,6.509889499284327e-05,69.7136001586914,5.135588645935059,0.6027680195212739,0.4170119683984743,20,2,11,ML_GGW_101_0020
GGW,101.0,1035.0,9.0,18.0,12.315789222717285,307.5,-0.7933533402912352,0.6087614290087205,-1.0,-1.8369701987210297e-16,-9.813178062438965,-1.515312671661377,219.03343200683594,7.608703890582547e-05,100.08055114746094,-9.97815990447998,-0.963762640953064,243.82818603515625,0.0010659334948286414,116.41928100585938,-2.5894885063171387,1.3906642198562622,269.0133972167969,0.0056752050295472145,101.47859191894531,-4.536773681640625,0.9100769758224487,280.650634765625,0.009242145344614983,99.85784912109375,-4.214513778686523,-1.095266580581665,288.83001708984375,0.011982978321611881,91.26007843017578,4.9886959459399804e-05,6.78321230225265e-05,5.614399433135986,-6.2264227867126465,-0.25472015142440796,4.9886959459399804e-05,6.78321230225265e-05,65.33149719238281,3.5270798206329346,0.7136935557736225,0.913390956114942,20,3,11,ML_GGW_101_0020
GGW,101.0,1036.0,9.0,0.0,12.315789222717285,307.5,-0.7933533402912352,0.6087614290087205,-1.0,-1.8369701987210297e-16,-8.089122772216797,-0.5945294499397278,218.1451873779297,6.729197775712237e-05,99.58638763427734,-7.938451766967773,2.721623659133911,242.14212036132812,0.0009083006880246103,116.50664520263672,-1.5003865957260132,6.239016056060791,267.8498229980469,0.004752662032842636,94.04386138916016,-4.302948474884033,3.7612340450286865,282.0081481933594,0.00912241730839014,89.87612915039062,-4.520641326904297,0.8669435977935791,289.3964538574219,0.011848893016576767,86.97704315185547,4.9405072786612436e-05,6.085532368160784e-05,3.856159210205078,-5.270310401916504,2.5988574028015137,4.9405072786612436e-05,6.399308040272444e-05,67.6360092163086,2.053452968597412,0.6527533084319629,0.6311638219510565,20,4,11,ML_GGW_101_0020
GGW,101.0,1037.0,9.0,6.0,12.315789222717285,305.0,-0.8191520442889918,0.573576436351046,-1.0,-1.8369701987210297e-16,-8.144927978515625,-0.3540899455547333,217.88702392578125,6.569424294866621e-05,100.43509674072266,-7.438660621643066,0.2802007496356964,242.65484619140625,0.0009354890789836645,113.47856903076172,-3.4007585048675537,0.5797682404518127,269.49200439453125,0.005893917754292488,101.29247283935547,-5.54996395111084,-0.3763268291950226,280.5846252441406,0.008924600668251514,96.87139892578125,-6.340517044067383,-0.9918737411499023,289.2272644042969,0.011872836388647556,88.11795806884766,4.807160803466104e-05,6.880708679091185e-05,1.9138095378875732,-6.1749653816223145,-0.1724642962217331,4.807160803466104e-05,6.880708679091185e-05,65.23371124267578,1.9138095378875732,0.7241672602645126,0.9652277216044998,20,5,11,ML_GGW_101_0020
GGW,101.0,1038.0,9.0,12.0,12.315789222717285,305.0,-0.8191520442889918,0.573576436351046,-1.0,-1.8369701987210297e-16,-7.497663974761963,-0.6871760487556458,218.0098876953125,5.270444307825528e-05,77.91861724853516,-5.938549041748047,1.2060710191726685,242.06239318847656,0.000849599891807884,109.26072692871094,-2.251763105392456,5.927596092224121,268.42584228515625,0.0053476630710065365,100.02983856201172,-4.299748420715332,4.628079891204834,281.79400634765625,0.008544416166841984,85.46699523925781,-4.353067398071289,4.402981758117676,289.2724609375,0.011626575142145157,86.02155303955078,4.785113924299367e-05,5.966251774225384e-05,5.98315954208374,-4.868158340454102,3.095510721206665,4.785113924299367e-05,6.034418765921146e-05,63.597110748291016,3.7351291179656982,0.8227475410865014,1.53507436127826,20,6,11,ML_GGW_101_0020
GGW,101.0,1039.0,9.0,18.0,12.315789222717285,302.5,-0.8433914458128857,0.5372996083468239,-1.0,-1.8369701987210297e-16,-7.169816970825195,0.8362154364585876,218.42767333984375,7.03673213138245e-05,100.12323760986328,-7.488911151885986,0.19395563006401062,243.7984161376953,0.0009974079439416528,105.16983032226562,-3.4029531478881836,0.3662477731704712,269.7179870605469,0.0059951357543468475,101.38468170166016,-2.5939807891845703,0.8337148427963257,281.26214599609375,0.008915906772017479,92.39122772216797,-3.021362066268921,1.1058379411697388,289.5648498535156,0.011461843736469746,83.27596282958984,4.6500656026182696e-05,6.908961950102821e-05,4.157207489013672,-4.7354044914245605,0.6671942472457886,4.6500656026182696e-05,6.908961950102821e-05,61.416690826416016,4.157207489013672,0.745621653610168,1.0753955933576145,20,7,11,ML_GGW_101_0020
GGW,101.0,1040.0,9.0,0.0,14.210526466369629,302.5,-0.8433914458128857,0.5372996083468239,-1.0,-1.8369701987210297e-16,-2.894716739654541,4.463009357452393,217.93141174316406,6.470357766374946e-05,98.208984375,-7.8980584144592285,3.269733190536499,242.3201904296875,0.0008862207760103047,111.49320220947266,-11.498844146728516,2.689548969268799,269.0400085449219,0.00556699326261878,99.06700897216797,-10.127147674560547,4.2273173332214355,282.5029296875,0.008673747070133686,82.5723648071289,-9.877829551696777,3.325016498565674,290.0706787109375,0.012074745260179043,84.85135650634766,4.365503627923317e-05,5.1939998229499906e-05,7.075231075286865,-8.459319114685059,3.5949249267578125,4.365503627923317e-05,6.524041236843914e-05,64.7777328491211,1.5125478506088257,0.6759927895297267,0.7354166395273527,20,8,11,ML_GGW_101_0020
GGW,101.0,1041.0,9.0,6.0,14.210526466369629,300.0,-0.8660254037844386,0.5000000000000001,-1.0,-1.8369701987210297e-16,-2.340167760848999,3.6960036754608154,217.15704345703125,5.28407035744749e-05,87.27513885498047,-8.194528579711914,1.5107371807098389,241.64439392089844,0.0007845648215152323,106.24431610107422,-11.517242431640625,-1.6391372680664062,269.6815185546875,0.0057481382973492146,96.98892211914062,-8.508790016174316,2.033287763595581,282.2735595703125,0.008923082612454891,86.29166412353516,-9.070259094238281,2.442180871963501,290.0810546875,0.011878542602062225,83.42845153808594,4.6770514018135145e-05,4.4459724449552596e-05,6.845889091491699,-7.9261980056762695,1.6086143255233765,4.6770514018135145e-05,6.384896551026031e-05,65.1677017211914,3.3143093585968018,0.7815983493550328,1.2750051871065162,20,9,11,ML_GGW_101_0020
GGW,101.0,1042.0,9.0,12.0,14.210526466369629,297.5,-0.8870108331782216,0.4617486132350341,-1.0,-1.8369701987210297e-16,-2.342540740966797,2.954387664794922,217.29148864746094,5.300035991240293e-05,86.5619888305664,-8.128999710083008,1.1215451955795288,241.22998046875,0.000731088628526777,103.57994079589844,-9.9285306930542,-2.873786211013794,269.8705139160156,0.005750919226557016,95.20662689208984,-5.891718864440918,0.23601916432380676,282.2848205566406,0.008967484347522259,86.6700668334961,-6.320047378540039,1.264561414718628,290.26446533203125,0.01187470555305481,82.42865753173828,4.6630251745227724e-05,3.102003029198386e-05,4.321582317352295,-6.52236795425415,0.5405454635620117,4.6630251745227724e-05,4.8638536100042984e-05,63.76939392089844,0.24906039237976074,0.7310914036815706,1.0001669599469882,20,10,11,ML_GGW_101_0020
GGW,101.0,1043.0,9.0,18.0,14.210526466369629,297.5,-0.8870108331782216,0.4617486132350341,-1.0,-1.8369701987210297e-16,-2.824225425720215,2.861553430557251,217.4525146484375,5.8879671996692196e-05,94.50296020507812,-7.02342414855957,1.7276912927627563,242.24008178710938,0.0008315935847349465,105.4424057006836,-7.9673943519592285,1.1020493507385254,269.7187194824219,0.005855907220393419,98.68502807617188,-3.617494821548462,3.2815394401550293,282.1982727050781,0.008911886252462864,86.642333984375,-3.1719672679901123,4.017638683319092,290.27117919921875,0.011222650296986103,77.9051742553711,4.366394205135293e-05,4.0697705117054284e-05,1.207252025604248,-4.920901298522949,2.5980944633483887,4.366394205135293e-05,4.2760049836942926e-05,62.21699142456055,1.207252025604248,0.6657580559093927,0.6890612108806957,20,11,11,ML_GGW_101_0020
GGW,101.0,1047.0,9.0,18.0,16.105262756347656,292.5,-0.9238795325112866,0.38268343236509,-1.0,-1.8369701987210297e-16,-4.184244632720947,3.289212703704834,218.4790496826172,7.08359366399236e-05,99.83096313476562,-5.793611526489258,2.176098108291626,243.88548278808594,0.0009821763960644603,104.62003326416016,-4.763083457946777,0.9697918891906738,270.1623229980469,0.006165513303130865,100.70861053466797,-1.8372108936309814,3.954327344894409,281.16168212890625,0.008710694499313831,90.95095825195312,-2.3966500759124756,5.456039905548096,290.2409973144531,0.01122327707707882,78.0628662109375,3.804191146628e-05,4.4805059587815776e-05,2.8090271949768066,-3.7949600219726562,3.1690940856933594,3.804191146628e-05,4.4805059587815776e-05,63.9526252746582,2.8090271949768066,0.6264927727163638,0.517199883759436,21,1,8,ML_GGW_101_0021
GGW,101.0,1049.0,9.0,6.0,18.0,290.0,-0.9396926207859083,0.342020143325669,-1.0,-1.8369701987210297e-16,-5.482559680938721,7.625962734222412,217.79722595214844,6.568877870449796e-05,101.4344482421875,-3.3758511543273926,-1.718070387840271,242.0227508544922,0.0008351414580829442,109.35401916503906,-5.742010593414307,-5.988624095916748,269.6191101074219,0.005857185926288366,99.37046813964844,-5.795079708099365,0.22186702489852905,281.00091552734375,0.008289285935461521,87.44900512695312,-6.310384273529053,3.478085517883301,290.1676025390625,0.011430184356868267,79.84268951416016,3.720130553119816e-05,4.7643232392147183e-05,4.229678153991699,-5.341177463531494,0.7238441705703735,3.720130553119816e-05,6.26972469035536e-05,71.72513580322266,3.139702081680298,0.6137963008848282,0.46329816740122376,21,2,8,ML_GGW_101_0021
GGW,101.0,1050.0,9.0,12.0,18.0,290.0,-0.9396926207859083,0.342020143325669,-1.0,-1.8369701987210297e-16,-5.217216491699219,3.022843599319458,217.95582580566406,6.647042027907446e-05,100.3451919555664,-4.568889141082764,-3.920161008834839,242.41708374023438,0.0008967717876657844,112.003173828125,-5.9190449714660645,-3.563140869140625,269.7855529785156,0.005991571582853794,100.5148696899414,-3.8210854530334473,3.3108315467834473,279.5057678222656,0.008367191068828106,97.86671447753906,-4.216522693634033,6.312254428863525,289.73504638671875,0.011332238093018532,81.42182922363281,3.4501201298553497e-05,6.050728552509099e-05,3.4382569789886475,-4.748551368713379,1.0325255393981934,3.4501201298553497e-05,7.618432573508471e-05,71.53361511230469,3.223743438720703,0.6666439531014893,0.6930449712577114,21,3,8,ML_GGW_101_0021
GGW,101.0,1051.0,9.0,18.0,18.0,287.5,-0.9537169507482268,0.30070579950427345,-1.0,-1.8369701987210297e-16,-4.692475318908691,5.653587818145752,219.59791564941406,8.026543946471065e-05,99.95174407958984,-1.1518311500549316,-6.268916606903076,241.39659118652344,0.0002560516295488924,39.3248291015625,-0.6615889668464661,-8.429802894592285,268.739501953125,0.0050543854013085365,88.86266326904297,-0.057699017226696014,-1.9152507781982422,282.5183410644531,0.00818302296102047,77.699951171875,-2.0455784797668457,1.5882052183151245,289.8841552734375,0.013307775370776653,94.64146423339844,3.527360604493879e-05,2.9782100682496093e-05,4.851123332977295,-1.7218345403671265,-1.8744354248046875,3.527360604493879e-05,7.342958269873634e-05,72.77930450439453,2.1778433322906494,0.6757977430574161,0.7345262637618379,21,4,8,ML_GGW_101_0021
GGW,101.0,1052.0,9.0,0.0,18.0,287.5,-0.9537169507482268,0.30070579950427345,-1.0,-1.8369701987210297e-16,-3.8078372478485107,4.867888450622559,219.26998901367188,7.739729335298762e-05,100.09056091308594,-1.5827559232711792,-7.192668914794922,241.7957000732422,0.00031035058782435954,43.105812072753906,-0.14148752391338348,-8.710343360900879,268.5872802734375,0.0053105526603758335,95.66329956054688,0.7576133012771606,-2.212466239929199,282.501220703125,0.008080580271780491,76.80873107910156,-2.1387250423431396,2.2785849571228027,289.7799377441406,0.01305351685732603,93.48853302001953,3.575011942302808e-05,3.1581399525748566e-05,3.0806539058685303,-1.3826385736465454,-2.193801164627075,3.575011942302808e-05,7.191182521637529e-05,71.26622772216797,1.6457724571228027,0.6704570780520587,0.7102530764987094,21,5,8,ML_GGW_101_0021
GGW,101.0,1053.0,9.0,6.0,18.0,287.5,-0.9537169507482268,0.30070579950427345,-1.0,-1.8369701987210297e-16,-0.7384633421897888,3.1668496131896973,218.7187957763672,7.217045640572906e-05,99.97100067138672,-1.3023570775985718,-6.929949760437012,241.79835510253906,0.00032409632694907486,43.179622650146484,0.35599014163017273,-8.519762992858887,268.49932861328125,0.005504049826413393,101.48702239990234,1.4646928310394287,-0.9447916746139526,282.0660400390625,0.008236455731093884,80.59443664550781,-1.1415777206420898,4.206108570098877,289.624755859375,0.012822253629565239,92.77252197265625,3.467825081315823e-05,3.188354094163515e-05,1.1147018671035767,-0.2723430097103119,-1.8043094873428345,3.467825081315823e-05,6.931849929969758e-05,71.32481384277344,1.1147018671035767,0.6382618374384181,0.5678279603892835,21,6,8,ML_GGW_101_0021
GGW,101.0,1054.0,9.0,12.0,18.0,287.5,-0.9537169507482268,0.30070579950427345,-1.0,-1.8369701987210297e-16,-0.3025011122226715,3.5309927463531494,218.6160888671875,6.993242277530953e-05,98.9939956665039,-2.2304253578186035,-5.1489434242248535,241.5639190673828,0.00037463338230736554,50.07908248901367,0.5000754594802856,-8.102526664733887,268.4559020996094,0.0054690721444785595,101.25350189208984,2.0192391872406006,0.45513495802879333,281.9315185546875,0.008687269873917103,85.86605072021484,-0.6446993947029114,5.3421711921691895,289.574462890625,0.012548597529530525,91.08139038085938,3.182719592587091e-05,3.139302498311736e-05,1.84322190284729,-0.1316622793674469,-0.7846341133117676,3.182719592587091e-05,6.38685523881577e-05,72.72013092041016,1.84322190284729,0.6039405795813566,0.42191156335870117,21,7,8,ML_GGW_101_0021
GGW,101.0,1055.0,9.0,18.0,19.894737243652344,285.0,-0.9659258262890684,0.2588190451025203,-1.0,-1.8369701987210297e-16,5.406499862670898,3.1139137744903564,218.80641174316406,4.977713979315013e-05,69.13764190673828,3.6976537704467773,-1.7903459072113037,241.21231079101562,0.00047975717461667955,65.18820190429688,-1.5908976793289185,-4.7724809646606445,268.98162841796875,0.003992918413132429,70.08187866210938,-1.7025126218795776,-3.0873117446899414,283.0384826660156,0.007826571352779865,71.7725601196289,-3.7332160472869873,0.656972348690033,290.29998779296875,0.013340924866497517,92.31800079345703,3.218570782337338e-05,8.75820489909529e-07,9.464194297790527,0.41550546884536743,-1.175850510597229,3.218570782337338e-05,6.316234794212505e-05,79.42742919921875,2.5136539936065674,0.6487058911654987,0.6133556521554149,21,8,8,ML_GGW_101_0021
GGW,101.0,1054.0,9.0,12.0,18.0,335.0,-0.4226182617406992,0.90630778703665,-1.0,-1.8369701987210297e-16,-10.243310928344727,4.373624324798584,219.91775512695312,8.713878196431324e-05,102.4552001953125,-11.72501277923584,3.653212547302246,245.5408477783203,0.0012301576789468527,111.17784118652344,-9.608556747436523,3.3996026515960693,269.8197326660156,0.006018857471644878,101.2313003540039,-7.142185211181641,3.406757116317749,279.5352783203125,0.008580153807997704,100.05823516845703,-5.117011070251465,3.0292210578918457,290.5182800292969,0.01262692827731371,86.32366943359375,5.5404056183760986e-05,7.11734319338575e-05,5.299657344818115,-8.76721477508545,3.572483539581299,5.5404056183760986e-05,7.396560249617323e-05,67.00387573242188,4.770987510681152,0.6444282313966221,0.5946363510951764,22,1,20,ML_GGW_101_0022
GGW,101.0,1055.0,9.0,18.0,18.0,335.0,-0.4226182617406992,0.90630778703665,-1.0,-1.8369701987210297e-16,-7.0467424392700195,0.45861896872520447,220.04368591308594,8.640532178105786e-05,99.90830993652344,-8.271510124206543,5.7394914627075195,244.78672790527344,0.0011565398890525103,114.1330337524414,-7.353428840637207,14.153175354003906,269.2018127441406,0.005779460538178682,101.60205841064453,-4.220001697540283,9.312948226928711,280.10125732421875,0.007833555340766907,87.94104766845703,-0.9558109641075134,6.235560417175293,290.5550537109375,0.012181784026324749,83.080078125,5.949610931565985e-05,7.030713459243998e-05,8.394789695739746,-5.569498538970947,7.179959297180176,5.949610931565985e-05,7.424322393490002e-05,68.26801300048828,4.013132095336914,0.5914563259246514,0.369989022688503,22,2,20,ML_GGW_101_0022
GGW,101.0,1056.0,9.0,0.0,19.894737243652344,332.5,-0.46174861323503363,0.8870108331782218,-1.0,-1.8369701987210297e-16,-7.043023586273193,3.198162078857422,220.01751708984375,8.631395030533895e-05,100.04866790771484,-11.365301132202148,3.108713150024414,244.65194702148438,0.001167084788903594,117.03826141357422,-9.881448745727539,5.416172504425049,269.9544982910156,0.0061061792075634,101.43865203857422,-6.824325084686279,1.7082921266555786,280.11627197265625,0.00866795890033245,97.1503677368164,-4.535770893096924,0.7115045785903931,290.83184814453125,0.012388713657855988,83.00592041015625,5.832811802974902e-05,6.6882319515571e-05,3.5312578678131104,-7.929973602294922,2.828568935394287,5.832811802974902e-05,7.545634434791282e-05,62.95521926879883,3.5312578678131104,0.6630178921748172,0.6767721400747149,22,3,20,ML_GGW_101_0022
GGW,101.0,1057.0,9.0,6.0,19.894737243652344,332.5,-0.46174861323503363,0.8870108331782218,-1.0,-1.8369701987210297e-16,-7.606125354766846,0.11496306210756302,219.43394470214844,7.216501398943365e-05,90.40029907226562,-9.476792335510254,4.666450023651123,242.86856079101562,0.0009016345720738173,107.80250549316406,-6.35877799987793,12.612643241882324,269.5163269042969,0.0055928463116288185,95.22769927978516,-4.247654438018799,5.362942695617676,280.78668212890625,0.008207120932638645,87.84339141845703,-1.3867756128311157,4.955595016479492,290.6444091796875,0.012078903615474701,81.90544128417969,5.9584166592685506e-05,5.188513023313135e-05,7.8811187744140625,-5.815225124359131,5.5425190925598145,5.9584166592685506e-05,5.6030359701253474e-05,64.70783996582031,6.455690383911133,0.6998415335032315,0.8465433718536095,22,4,20,ML_GGW_101_0022
GGW,101.0,1058.0,9.0,12.0,21.789474487304688,330.0,-0.5000000000000004,0.8660254037844384,-1.0,-1.8369701987210297e-16,-5.643587112426758,4.731449604034424,218.79505920410156,7.272390939760953e-05,98.92889404296875,-7.988584518432617,4.74074125289917,243.35804748535156,0.0009315624483861029,106.23603820800781,-6.028328895568848,3.704591989517212,270.4840393066406,0.006223753094673157,98.77022552490234,-6.115958213806152,1.7046087980270386,281.5890197753906,0.008547191508114338,86.55632781982422,-4.544418811798096,0.3611815869808197,290.5201110839844,0.01205725409090519,82.38748168945312,5.839045115862973e-05,3.989635661127977e-05,4.506374835968018,-6.064175605773926,3.0485146045684814,5.839045115862973e-05,4.839475150220096e-05,64.05350494384766,4.506374835968018,0.6437847065312827,0.5918290585881452,22,5,20,ML_GGW_101_0022
GGW,101.0,1059.0,9.0,18.0,21.789474487304688,330.0,-0.5000000000000004,0.8660254037844384,-1.0,-1.8369701987210297e-16,-6.200681209564209,4.318607807159424,218.6343994140625,6.740596290910617e-05,93.49987030029297,-5.434295177459717,5.682443141937256,242.78680419921875,0.0008564709569327533,102.93123626708984,-3.3945255279541016,6.157290458679199,270.2899169921875,0.006121048703789711,98.63101196289062,-2.9713358879089355,4.06702995300293,281.99896240234375,0.008396768011152744,82.72573852539062,-1.8081886768341064,2.460033655166626,290.5632629394531,0.01187445130199194,80.92008972167969,5.8282643294660375e-05,3.7616082408931106e-05,4.769516468048096,-3.9618053436279297,4.537080764770508,5.8282643294660375e-05,4.2322273657191545e-05,64.28527069091797,4.769516468048096,0.6483257802332364,0.6116880822695565,22,6,20,ML_GGW_101_0022
GGW,101.0,1061.0,9.0,6.0,23.6842098236084,327.5,-0.5372996083468242,0.8433914458128855,-1.0,-1.8369701987210297e-16,2.5996570587158203,6.503831386566162,218.40692138671875,5.128891643835232e-05,73.24813079833984,1.038930892944336,1.792532205581665,241.53878784179688,0.00035866149119101465,57.94889831542969,-2.3435959815979004,-2.3603854179382324,268.3552551269531,0.004212617874145508,74.196533203125,-3.9007327556610107,-0.8293358683586121,283.3305969238281,0.008962782099843025,80.71630096435547,-4.9288411140441895,0.6649327874183655,290.52685546875,0.011294151656329632,77.09467315673828,5.2831353968940675e-05,2.2043659555492923e-05,9.527382850646973,-1.5069164037704468,1.1543151140213013,5.2831353968940675e-05,3.955587453674525e-05,71.22972869873047,5.431631565093994,0.8521668523069003,1.7516980863561917,22,7,20,ML_GGW_101_0022
GGW,101.0,1062.0,9.0,12.0,23.6842098236084,327.5,-0.5372996083468242,0.8433914458128855,-1.0,-1.8369701987210297e-16,1.9899557828903198,5.467301845550537,218.52101135253906,4.2969550122506917e-05,60.53915786743164,1.004949927330017,1.857904076576233,241.47019958496094,0.0003304365382064134,52.55792999267578,-0.2402532547712326,-0.41163209080696106,268.7162780761719,0.0035536279901862144,60.504676818847656,-0.738017737865448,2.0425546169281006,283.3502197265625,0.009575064294040203,86.14529418945312,-2.035768508911133,2.6160097122192383,290.4682312011719,0.011318226344883442,77.55696868896484,5.147894989931956e-05,1.94199601537548e-05,4.933186054229736,-0.0038267611525952816,2.314427614212036,5.147894989931956e-05,4.32684100815095e-05,72.8645248413086,4.933186054229736,0.8849927751070942,2.040584529708273,22,8,20,ML_GGW_101_0022
GGW,101.0,1063.0,9.0,18.0,23.6842098236084,327.5,-0.5372996083468242,0.8433914458128855,-1.0,-1.8369701987210297e-16,1.9524649381637573,5.040122985839844,218.64349365234375,3.6372599424794316e-05,50.42551040649414,1.6096646785736084,2.636465549468994,241.3074188232422,0.0003151724231429398,49.50371170043945,1.024788737297058,0.11883380264043808,268.7408447265625,0.0032566366717219353,55.093955993652344,1.5621534585952759,2.2816436290740967,283.30889892578125,0.010010873898863792,90.33956909179688,-0.2958792746067047,2.7639830112457275,290.4633483886719,0.011278308928012848,77.3055191040039,4.9272715841652825e-05,1.5099308257049415e-05,3.1993536949157715,1.1706384420394897,2.5682098865509033,4.9272715841652825e-05,4.1404848161619157e-05,73.24253845214844,3.1993536949157715,0.8590969231231653,1.8078094921505627,22,9,20,ML_GGW_101_0022
GGW,101.0,1064.0,9.0,0.0,25.578947067260742,327.5,-0.5372996083468242,0.8433914458128855,-1.0,-1.8369701987210297e-16,9.168496131896973,6.711147785186768,218.3699951171875,3.928596925106831e-05,57.11723709106445,8.473267555236816,4.329609394073486,241.2056427001953,0.00014331388229038566,23.80622673034668,0.8229145407676697,-1.5107083320617676,267.5381164550781,0.0022656936198472977,40.74725341796875,-1.8155537843704224,1.2429066896438599,282.8475036621094,0.010764142498373985,100.183349609375,-5.609033584594727,3.216031312942505,289.64569091796875,0.01068782526999712,77.15352630615234,4.593818084686063e-05,1.2515513844846282e-05,15.185230255126953,2.2080180644989014,2.797797203063965,4.593818084686063e-05,3.7080171750858426e-05,74.99652862548828,2.037078380584717,0.8108825228830956,1.4557547949673384,22,10,20,ML_GGW_101_0022
GGW,101.0,1065.0,9.0,6.0,25.578947067260742,327.5,-0.5372996083468242,0.8433914458128855,-1.0,-1.8369701987210297e-16,8.050013542175293,7.09332799911499,218.03819274902344,3.95048045902513e-05,59.24363708496094,8.893232345581055,4.003047943115234,240.48626708984375,0.00018529158842284232,33.01493835449219,0.7806979417800903,0.05096140503883362,267.2412109375,0.001871081069111824,35.290035247802734,-1.0890074968338013,2.376678466796875,282.852783203125,0.010723411105573177,99.77110290527344,-3.85198712348938,4.232856273651123,289.861572265625,0.010994336567819118,78.25849151611328,4.3182706576772034e-05,1.0954043318633921e-05,12.240911483764648,2.5565896034240723,3.5513744354248047,4.3182706576772034e-05,2.501749804650899e-05,76.89183044433594,0.5749569535255432,0.7662908629817056,1.18748447636086,22,11,20,ML_GGW_101_0022
GGW,101.0,1066.0,9.0,12.0,25.578947067260742,325.0,-0.5735764363510465,0.8191520442889916,-1.0,-1.8369701987210297e-16,9.107488632202148,12.490460395812988,217.8744659423828,3.721232133102603e-05,55.68881607055664,10.63077163696289,8.045178413391113,239.15106201171875,0.00022027984960004687,42.8095817565918,1.0263080596923828,0.6229776740074158,267.8997497558594,0.0011233568657189608,20.15643882751465,-1.1435869932174683,0.2672705054283142,283.0960998535156,0.010638297535479069,97.41503143310547,-3.258937358856201,-0.16140912473201752,290.0876159667969,0.010820027440786362,75.92091369628906,4.304518733988516e-05,7.407051725749625e-06,17.69175910949707,3.2724087238311768,4.252895832061768,4.304518733988516e-05,1.0800786185427569e-05,75.43604278564453,1.9127074480056763,0.7439789752639169,1.066753206397344,22,12,20,ML_GGW_101_0022
GGW,101.0,1067.0,9.0,18.0,25.578947067260742,325.0,-0.5735764363510465,0.8191520442889916,-1.0,-1.8369701987210297e-16,9.99420166015625,13.936786651611328,217.84371948242188,3.355268927407451e-05,50.236026763916016,11.091792106628418,8.713265419006348,238.8047332763672,0.00027727874112315476,57.90916442871094,1.5998135805130005,1.2319661378860474,268.0108337402344,0.0008525605080649257,15.349339485168457,-0.01874554343521595,0.45714929699897766,283.1747131347656,0.010602696798741817,96.56634521484375,-2.6196389198303223,0.2510639429092407,290.4349670410156,0.010790816508233547,74.06879425048828,4.203010757919401e-05,5.660104307025904e-06,18.612037658691406,4.009484767913818,4.918045997619629,4.203010757919401e-05,8.134245945257135e-06,75.26138305664062,4.52576208114624,0.6838828568352099,0.7716737899086938,22,13,20,ML_GGW_101_0022
GGW,101.0,1068.0,9.0,0.0,25.578947067260742,325.0,-0.5735764363510465,0.8191520442889916,-1.0,-1.8369701987210297e-16,11.79565715789795,14.955376625061035,217.9652099609375,2.6816078388947062e-05,39.570167541503906,11.162410736083984,9.172215461730957,238.339111328125,0.0002906440058723092,62.63533401489258,1.8518335819244385,2.455915927886963,267.8826599121094,0.000648712448310107,12.04150104522705,-0.20826619863510132,1.7821248769760132,282.82855224609375,0.01015033945441246,94.54960632324219,-1.9917852878570557,2.063868522644043,290.468994140625,0.01085562352091074,74.36093139648438,3.712501347763464e-05,5.582643552770605e-06,18.87550163269043,4.521970272064209,6.08590030670166,3.712501347763464e-05,9.528887858323287e-06,75.10008239746094,7.498930931091309,0.5925654254331628,0.3745809230045012,22,14,20,ML_GGW_101_0022
GGW,101.0,1069.0,9.0,6.0,27.473684310913086,325.0,-0.5735764363510465,0.8191520442889916,-1.0,-1.8369701987210297e-16,17.936180114746094,15.073083877563477,217.93138122558594,2.446805956424214e-05,36.22665786743164,14.32972526550293,10.726373672485352,237.58128356933594,0.00021578167797997594,46.536293029785156,1.1651887893676758,4.964416980743408,267.59478759765625,0.0011670648818835616,26.865598678588867,-2.3469464778900146,4.004781723022461,282.5156555175781,0.009864247404038906,93.86974334716797,-5.013164043426514,3.8310515880584717,289.74798583984375,0.011342750862240791,81.31895446777344,3.311573527753353e-05,4.590590378938941e-06,25.554954528808594,5.214196681976318,7.719941139221191,3.311573527753353e-05,1.3667702660313807e-05,70.35830688476562,9.616683959960938,0.6165828812594649,0.4750692725118528,22,15,20,ML_GGW_101_0022
GGW,101.0,1070.0,9.0,12.0,27.473684310913086,325.0,-0.5735764363510465,0.8191520442889916,-1.0,-1.8369701987210297e-16,17.978132247924805,15.2591552734375,218.05503845214844,2.236450745840557e-05,33.06272506713867,13.670790672302246,12.285136222839355,237.5594940185547,0.00018872706277761608,41.004493713378906,3.6564483642578125,6.744263648986816,267.5395812988281,0.0010704811429604888,25.041763305664062,0.04617011919617653,5.5727219581604,282.6835632324219,0.00924122054129839,86.89643859863281,-2.452578067779541,5.000482082366943,290.0815124511719,0.01142849400639534,80.22437286376953,3.3202053600689396e-05,8.049401913012844e-06,22.86163330078125,6.579792022705078,8.972352027893066,3.3202053600689396e-05,1.61517000378808e-05,70.18325805664062,10.622802734375,0.6380015704236827,0.5667008711914943,22,16,20,ML_GGW_101_0022
GGW,101.0,1071.0,9.0,18.0,27.473684310913086,325.0,-0.5735764363510465,0.8191520442889916,-1.0,-1.8369701987210297e-16,18.098041534423828,16.375530242919922,218.21429443359375,2.254711762361694e-05,33.36725616455078,14.695409774780273,13.534492492675781,237.51919555664062,0.0001574989437358454,35.88933563232422,6.492409706115723,5.469663143157959,267.1375427246094,0.0008540817070752382,19.84125328063965,2.288219928741455,4.618876934051514,282.55828857421875,0.007920625619590282,75.03794860839844,0.0009300829842686653,4.765883445739746,290.2724304199219,0.011437080800533295,79.32485961914062,2.9058843210805207e-05,2.8328529424470617e-06,21.500913619995117,8.315001487731934,8.952889442443848,2.9058843210805207e-05,1.444060580979567e-05,67.08908081054688,11.244112014770508,0.597398505973003,0.39463718075158427,22,17,20,ML_GGW_101_0022
GGW,101.0,1072.0,9.0,0.0,29.36842155456543,325.0,-0.5735764363510465,0.8191520442889916,-1.0,-1.8369701987210297e-16,20.112173080444336,17.40859031677246,218.07260131835938,2.833353210007772e-05,40.32674026489258,17.044403076171875,13.900137901306152,237.23898315429688,0.00017565791495144367,42.26055908203125,6.5517377853393555,6.7453694343566895,266.4520568847656,0.0011117774993181229,25.945289611816406,1.3901495933532715,5.866922378540039,282.0318908691406,0.008129783906042576,79.8981704711914,-1.54021418094635,6.996809482574463,289.5930480957031,0.011552075855433941,83.6386489868164,2.6060190066345967e-05,7.320130862353835e-06,24.025632858276367,8.711649894714355,10.183566093444824,2.6060190066345967e-05,9.318170668848325e-06,64.52991485595703,7.773565769195557,0.6607973991725149,0.666849714899866,22,18,20,ML_GGW_101_0022
GGW,101.0,1073.0,9.0,6.0,31.263158798217773,325.0,-0.5735764363510465,0.8191520442889916,-1.0,-1.8369701987210297e-16,19.211776733398438,15.40641975402832,217.80960083007812,4.364769483800046e-05,65.46731567382812,15.76849365234375,12.127506256103516,236.8590850830078,0.0002580007421784103,63.74759292602539,6.233000755310059,8.473262786865234,265.6653137207031,0.0015698638744652271,36.33218765258789,1.9925328493118286,7.427152633666992,281.697021484375,0.008336396887898445,83.79713439941406,-0.5438447594642639,7.958038330078125,289.2295227050781,0.011455579660832882,84.91285705566406,2.370529000472743e-05,8.125557542371098e-06,21.11309814453125,8.532392501831055,10.278475761413574,2.370529000472743e-05,8.125557542371098e-06,62.07978057861328,1.562340497970581,0.5837476432174536,0.3381770684414267,22,19,20,ML_GGW_101_0022
GGW,101.0,1074.0,9.0,12.0,31.263158798217773,325.0,-0.5735764363510465,0.8191520442889916,-1.0,-1.8369701987210297e-16,17.619548797607422,14.963627815246582,218.2648162841797,2.6019093638751656e-05,37.03289031982422,15.800987243652344,12.29218578338623,236.31455993652344,0.00017712314729578793,46.30504608154297,9.460882186889648,8.770538330078125,265.4766540527344,0.001604775432497263,36.80411911010742,5.224679470062256,6.417433738708496,281.8051452636719,0.005650877486914396,56.444034576416016,2.955906629562378,6.297443389892578,289.78118896484375,0.011350790038704872,81.22913360595703,2.217762630607467e-05,4.125975920032943e-06,17.03306007385254,10.212400436401367,9.748246192932129,2.217762630607467e-05,9.650661013438366e-06,58.43917465209961,3.914733648300171,0.6341117801999638,0.5498973719885019,22,20,20,ML_GGW_101_0022
GGW,101.0,1081.0,9.0,6.0,23.6842098236084,272.5,-0.9990482215818578,0.043619387365335764,-1.0,-1.8369701987210297e-16,-12.925414085388184,6.770544528961182,219.0777130126953,5.717508611269295e-05,75.49224090576172,-5.777087211608887,3.3351643085479736,242.2250213623047,0.00052193010924384,65.69762420654297,0.4380779564380646,0.21747806668281555,270.3251647949219,0.005816263612359762,92.53338623046875,-4.643917560577393,1.3699078559875488,282.9643859863281,0.009007932618260384,83.12261962890625,-7.631135940551758,1.884609580039978,290.94952392578125,0.01146470196545124,76.30428314208984,2.7415122531238012e-05,1.7524438590044156e-05,7.204286098480225,-6.107895374298096,2.715540647506714,2.7415122531238012e-05,5.206816058489494e-05,77.65301513671875,1.8347910642623901,0.6351827471909071,0.5545161973742392,23,1,9,ML_GGW_101_0023
GGW,101.0,1083.0,9.0,18.0,23.6842098236084,270.0,-1.0,-1.8369701987210297e-16,-1.0,-1.8369701987210297e-16,-11.228178024291992,8.677658081054688,220.36631774902344,7.017373718554154e-05,80.1712646484375,-6.314455509185791,5.4866509437561035,242.98748779296875,0.0002722768113017082,35.735172271728516,1.0795923471450806,2.9080567359924316,269.77874755859375,0.004554350394755602,71.30834197998047,-2.6961843967437744,1.0546696186065674,283.81768798828125,0.009408869780600071,81.96224212646484,-4.38801908493042,-0.25879210233688354,291.1486511230469,0.011146469041705132,73.21444702148438,3.440753789618611e-05,1.1497659215820022e-05,11.253795623779297,-4.70944881439209,3.573648452758789,3.440753789618611e-05,5.469775715027936e-05,78.4577407836914,1.6779389381408691,0.6462996122929656,0.6028130000241838,23,2,9,ML_GGW_101_0023
GGW,101.0,1084.0,9.0,0.0,23.6842098236084,267.5,-0.9990482215818578,-0.04361938736533613,-1.0,-1.8369701987210297e-16,-4.546751499176025,12.117753982543945,220.64198303222656,4.809247548109852e-05,53.681793212890625,-3.5706911087036133,7.733295440673828,242.983154296875,0.00021601351909339428,29.100467681884766,-1.3083455562591553,0.44273844361305237,269.8026428222656,0.003964045085012913,61.19046401977539,-3.742215394973755,-1.884108543395996,283.7242431640625,0.009574471972882748,83.94511413574219,-6.200481414794922,-2.377366065979004,291.0776062011719,0.011326928623020649,74.66264343261719,3.559159449650906e-05,1.558100848342292e-05,14.589151382446289,-3.873696804046631,3.206462860107422,3.559159449650906e-05,5.6670058256713673e-05,79.03756713867188,3.559248447418213,0.7323210346976451,1.0064306180045457,23,3,9,ML_GGW_101_0023
GGW,101.0,1085.0,9.0,6.0,25.578947067260742,267.5,-0.9990482215818578,-0.04361938736533613,-1.0,-1.8369701987210297e-16,-2.9405016899108887,13.50032901763916,220.4946746826172,4.943121166434139e-05,56.269779205322266,-2.7999331951141357,7.694742679595947,242.7864990234375,0.000223503855522722,29.92873764038086,-4.032419204711914,-2.927877187728882,269.8415222167969,0.00572910625487566,91.9341812133789,-7.962176322937012,-0.8994135856628418,282.5195617675781,0.009097813628613949,86.50364685058594,-8.81737995147705,-0.1804380714893341,291.1264953613281,0.01197005808353424,78.74735260009766,3.606995596783236e-05,3.4122505894629285e-05,14.889630317687988,-5.310482025146484,3.4374682903289795,3.606995596783236e-05,5.482488268171437e-05,74.9520034790039,2.0935747623443604,0.8127654795029617,1.4680806534307234,23,4,9,ML_GGW_101_0023
GGW,101.0,1086.0,9.0,12.0,25.578947067260742,267.5,-0.9990482215818578,-0.04361938736533613,-1.0,-1.8369701987210297e-16,1.5122663974761963,11.188715934753418,220.40480041503906,5.493741628015414e-05,63.03120422363281,-1.0474445819854736,7.423365592956543,242.9792022705078,0.00020155493984930217,27.08208465576172,-2.424757719039917,0.1724238097667694,269.6369323730469,0.005678168963640928,92.745361328125,-5.775813102722168,0.9046197533607483,282.914794921875,0.00933906901627779,86.4676742553711,-6.0123491287231445,0.4565046429634094,291.062255859375,0.012025780975818634,79.39913940429688,3.856725015793927e-05,3.036339876416605e-05,13.107256889343262,-2.749619722366333,4.029126167297363,3.856725015793927e-05,5.310451888362877e-05,77.58268737792969,1.0237774848937988,0.7973153463037265,1.3695989260136607,23,5,9,ML_GGW_101_0023
GGW,101.0,1087.0,9.0,18.0,25.578947067260742,267.5,-0.9990482215818578,-0.04361938736533613,-1.0,-1.8369701987210297e-16,3.6459951400756836,7.891838073730469,220.50735473632812,5.149173011886887e-05,57.26703643798828,1.0987434387207031,6.420886993408203,243.4757537841797,0.00020722269255202264,26.48251724243164,1.195676326751709,3.0544373989105225,269.6798400878906,0.005240537691861391,84.32697296142578,-2.5231997966766357,2.428340196609497,283.8339538574219,0.00967166107147932,84.16912841796875,-4.460679531097412,0.9194434285163879,291.2476806640625,0.011975825764238834,78.12953186035156,3.8735677662771195e-05,2.0599407434929162e-05,10.692635536193848,-0.20869287848472595,4.142989158630371,3.8735677662771195e-05,5.601664088317193e-05,78.78185272216797,2.5332748889923096,0.8027391285310248,1.4035027167092373,23,6,9,ML_GGW_101_0023
GGW,101.0,1088.0,9.0,0.0,23.6842098236084,265.0,-0.9961946980917455,-0.08715574274765825,-1.0,-1.8369701987210297e-16,3.6702754497528076,13.17223834991455,220.44192504882812,5.7035180361708626e-05,64.23873901367188,-0.08222632855176926,8.401309967041016,243.23443603515625,0.0004435266018845141,56.219112396240234,-1.989868402481079,1.4367705583572388,269.71905517578125,0.0030690908897668123,48.813228607177734,-1.2947332859039307,-1.0985727310180664,284.2434997558594,0.010518965311348438,89.18131256103516,-2.5937163829803467,-2.889302968978882,291.39617919921875,0.011723317205905914,75.708984375,3.958198067266494e-05,1.2837226677220315e-05,17.23979949951172,-0.4580537676811218,3.8044886589050293,3.958198067266494e-05,5.3835967264603823e-05,82.25810241699219,2.74162220954895,0.7147326488297455,0.9184817402151737,23,7,9,ML_GGW_101_0023
GGW,101.0,1089.0,9.0,6.0,25.578947067260742,265.0,-0.9961946980917455,-0.08715574274765825,-1.0,-1.8369701987210297e-16,6.405095100402832,14.019036293029785,220.2267303466797,5.152270387043245e-05,59.24919509887695,1.6242668628692627,8.691498756408691,242.9962615966797,0.000394496280932799,54.30243682861328,-2.222355842590332,-0.6891734004020691,268.9416198730469,0.004524475894868374,76.13887786865234,-2.6195976734161377,-0.7280788421630859,284.0185852050781,0.009627646766602993,82.77965545654297,-3.7709319591522217,-0.6336285471916199,291.346923828125,0.011889488436281681,77.04561614990234,3.9726441173115745e-05,2.096773823723197e-05,17.839622497558594,-0.11670474708080292,4.131930828094482,3.9726441173115745e-05,5.315927410265431e-05,78.02914428710938,1.7117451429367065,0.7748592012588528,1.2359553583797438,23,8,9,ML_GGW_101_0023
GGW,101.0,1090.0,9.0,12.0,25.578947067260742,265.0,-0.9961946980917455,-0.08715574274765825,-1.0,-1.8369701987210297e-16,6.547449588775635,12.283605575561523,220.36544799804688,8.131186768878251e-05,91.9185562133789,1.5243690013885498,8.909534454345703,242.86883544921875,0.0005877941148355603,75.59310150146484,-2.4950125217437744,0.5521118640899658,268.9287414550781,0.00431026890873909,72.81986999511719,-1.2735048532485962,0.5257754325866699,284.20562744140625,0.010051173157989979,85.3802261352539,-1.714529037475586,0.028069153428077698,291.0859375,0.011938984505832195,78.63558959960938,3.721661778399721e-05,1.5901536244200543e-05,14.780340194702148,0.5177544355392456,4.459819316864014,3.721661778399721e-05,4.7270386858144775e-05,76.17903137207031,1.657881736755371,0.5710310663793173,0.286059114641775,23,9,9,ML_GGW_101_0023
