experiment,year,time_index,month,hour,lat,lon,lon_sin,lon_cos,month_sin,month_cos,u_200,v_200,t_200,q_200,rh_200,u_300,v_300,t_300,q_300,rh_300,u_500,v_500,t_500,q_500,rh_500,u_700,v_700,t_700,q_700,rh_700,u_850,v_850,t_850,q_850,rh_850,zeta_850,zeta_500,wshear_850_200,steer_u_850_200,steer_v_850_200,zeta850_max_r500,zeta500_max_r500,rh700_mean_r500,shear_min_r500,prob_tc,decision_score,track_id,life_step,lifetime_steps,global_track_id
CTL,45.0,770.0,7.0,12.0,42.6315803527832,260.0,-0.984807753012208,-0.17364817766693033,-0.4999999999999997,-0.8660254037844388,18.263587951660156,5.192019462585449,219.00689697265625,4.1043240344151855e-05,51.61735916137695,19.13262939453125,4.309548377990723,239.39508056640625,0.0002088142209686339,39.49814224243164,13.119224548339844,2.173126697540283,266.85101318359375,0.002013106131926179,42.30317306518555,3.908219814300537,2.844433069229126,283.0479736328125,0.009456757456064224,86.44776153564453,-4.118045330047607,2.6619207859039307,293.07708740234375,0.016759078949689865,97.52911376953125,3.915600973414257e-05,1.4328130419016816e-05,22.524185180664062,10.06112289428711,3.4362094402313232,4.0153325244318694e-05,1.5894836906227283e-05,68.64431762695312,4.016880035400391,0.7562569707812163,1.1322667154722699,1,1,10,ML_CTL_45_0001
CTL,45.0,771.0,7.0,18.0,42.6315803527832,260.0,-0.984807753012208,-0.17364817766693033,-0.4999999999999997,-0.8660254037844388,16.943513870239258,0.5936048626899719,220.70582580566406,9.367577149532735e-05,96.38153076171875,15.392535209655762,1.5930125713348389,240.6502227783203,0.00043225628905929625,71.6432876586914,10.860724449157715,2.818896532058716,267.5749206542969,0.0027129596564918756,54.16895294189453,2.236469268798828,3.6997265815734863,282.8128967285156,0.009211006574332714,85.7169189453125,-5.663902282714844,2.7639718055725098,292.26190185546875,0.016541561111807823,101.25477600097656,4.584795897244476e-05,4.2128245695494115e-05,22.71135711669922,7.9538679122924805,2.293842315673828,4.584795897244476e-05,4.2128245695494115e-05,69.05571746826172,7.010185241699219,0.7173347503279228,0.9312792738171476,1,2,10,ML_CTL_45_0001
CTL,45.0,772.0,7.0,0.0,40.73684310913086,260.0,-0.984807753012208,-0.17364817766693033,-0.4999999999999997,-0.8660254037844388,13.421351432800293,-1.4625725746154785,218.13438415527344,3.5799661418423057e-05,50.033409118652344,19.272544860839844,0.4952879250049591,239.7791290283203,0.00014413513417821378,26.306684494018555,15.377887725830078,0.898242712020874,268.7831115722656,0.0016178294317796826,28.849912643432617,7.862421035766602,0.18645648658275604,283.8904724121094,0.010058156214654446,87.07554626464844,-0.44405823945999146,-3.523653507232666,298.5594482421875,0.012131812982261181,50.82356262207031,4.214262298773974e-05,2.4192817363655195e-05,14.017762184143066,11.098029136657715,-0.6812478303909302,4.214262298773974e-05,5.8304969570599496e-05,70.92568969726562,6.668793201446533,0.7369230429755068,1.0300368658011516,1,3,10,ML_CTL_45_0001
CTL,45.0,773.0,7.0,6.0,40.73684310913086,260.0,-0.984807753012208,-0.17364817766693033,-0.4999999999999997,-0.8660254037844388,15.024163246154785,2.878082036972046,218.09376525878906,4.7851630370132625e-05,69.31526184082031,16.998205184936523,-1.85931396484375,239.958984375,0.00021111159003339708,37.32429504394531,10.77419376373291,-3.6763525009155273,268.0162048339844,0.0031178684439510107,60.0785026550293,4.439467430114746,-2.0919759273529053,282.801025390625,0.010174639523029327,94.77305603027344,-5.8251800537109375,-3.1624138355255127,294.7687683105469,0.015534704551100731,81.59062957763672,3.933466723538004e-05,3.218929487047717e-05,21.706743240356445,8.282170295715332,-1.5823948383331299,3.933466723538004e-05,3.797787212533876e-05,71.52259063720703,4.358853340148926,0.7828580410781151,1.2824000500161432,1,4,10,ML_CTL_45_0001
CTL,45.0,774.0,7.0,12.0,38.842105865478516,262.5,-0.9914448613738104,-0.13052619222005163,-0.4999999999999997,-0.8660254037844388,13.590288162231445,0.8049889206886292,218.1044158935547,3.475966877886094e-05,51.51744842529297,13.376172065734863,-2.5510776042938232,239.7228546142578,0.00023670625523664057,40.496795654296875,9.959274291992188,-1.7509467601776123,268.4967041015625,0.001562579651363194,29.216922760009766,6.102231979370117,1.125468134880066,284.60235595703125,0.00841252226382494,70.70803833007812,0.31268104910850525,-3.540597677230835,299.9652099609375,0.00982751790434122,37.64033889770508,4.0131631976692006e-05,7.539693456237728e-07,13.970646858215332,8.668129920959473,-1.1824328899383545,4.0131631976692006e-05,2.4200619009207003e-05,72.17549133300781,0.970215380191803,0.5772636464438545,0.31155038131196555,1,5,10,ML_CTL_45_0001
CTL,45.0,778.0,7.0,12.0,36.94736862182617,265.0,-0.9961946980917455,-0.08715574274765825,-0.4999999999999997,-0.8660254037844388,10.491825103759766,0.7073840498924255,221.0656280517578,0.00010031412239186466,101.60961151123047,6.645103931427002,-5.3563103675842285,241.23809814453125,0.00037868262734264135,60.2413444519043,3.6170215606689453,-4.017720699310303,267.9422912597656,0.002443938283249736,46.69459915161133,4.322783470153809,-1.0149158239364624,283.422119140625,0.009338035248219967,83.35712432861328,2.545811891555786,-2.40476131439209,295.72869873046875,0.013078759424388409,64.49858856201172,4.0897215512814e-05,1.148261253547389e-05,8.533731460571289,5.524508953094482,-2.417264699935913,4.0897215512814e-05,1.5146481928240974e-05,72.61860656738281,4.291952133178711,0.5980828459092192,0.3974832996353861,1,6,10,ML_CTL_45_0001
CTL,45.0,779.0,7.0,18.0,36.94736862182617,265.0,-0.9961946980917455,-0.08715574274765825,-0.4999999999999997,-0.8660254037844388,12.458230018615723,2.673011541366577,222.34561157226562,0.00011603198800003156,99.80625915527344,8.179326057434082,-5.0997443199157715,241.474853515625,0.00029392208671197295,47.0937385559082,1.882733941078186,-7.142086505889893,268.86053466796875,0.0019371267408132553,33.97825241088867,3.696491003036499,-2.600534200668335,283.5653991699219,0.00869168620556593,76.5653076171875,0.46967610716819763,-2.3230295181274414,295.1814880371094,0.012945543974637985,66.00613403320312,3.841706711682491e-05,1.1097682545369025e-05,12.98791217803955,5.337291717529297,-2.8984766006469727,3.841706711682491e-05,1.86471916094888e-05,67.6938247680664,3.6488590240478516,0.620971585305221,0.493674149452775,1,7,10,ML_CTL_45_0001
CTL,45.0,780.0,7.0,0.0,36.94736862182617,265.0,-0.9961946980917455,-0.08715574274765825,-0.4999999999999997,-0.8660254037844388,16.521066665649414,0.10539025068283081,220.44146728515625,7.993582403287292e-05,87.58158874511719,8.440018653869629,-7.70289945602417,241.63619995117188,0.0001474416785640642,23.515535354614258,-0.7831242084503174,-7.666881084442139,269.1344299316406,0.0015111862448975444,25.066816329956055,1.2540158033370972,-3.2775051593780518,283.4916687011719,0.0077828033827245235,68.57200622558594,-0.6010016202926636,-3.6116068363189697,294.2022399902344,0.013651731424033642,73.95266723632812,3.029753679584246e-05,1.2806536915377364e-06,17.52088165283203,4.966195106506348,-4.430700778961182,3.029753679584246e-05,1.99792211788008e-05,63.2696533203125,5.35310697555542,0.6222597725818881,0.49915091604158324,1,8,10,ML_CTL_45_0001
CTL,45.0,781.0,7.0,6.0,36.94736862182617,267.5,-0.9990482215818578,-0.04361938736533613,-0.4999999999999997,-0.8660254037844388,17.42884063720703,-3.7579545974731445,219.73191833496094,4.728511339635588e-05,57.33864974975586,9.375432968139648,-3.493842840194702,241.39479064941406,0.00011757611355278641,16.777544021606445,1.7477279901504517,-4.877651214599609,268.35491943359375,0.0026869219727814198,46.43723678588867,3.251234531402588,-2.0762763023376465,282.9027099609375,0.007958612404763699,73.28816223144531,1.6123849153518677,-2.9411957263946533,293.3325500488281,0.013010609894990921,74.44034576416016,3.198836566298269e-05,4.934413027513074e-06,15.837530136108398,6.683124542236328,-3.429384231567383,3.198836566298269e-05,1.561250610393472e-05,60.63447189331055,3.4415218830108643,0.7308770106663249,0.9990767129996758,1,9,10,ML_CTL_45_0001
CTL,45.0,782.0,7.0,12.0,36.94736862182617,270.0,-1.0,-1.8369701987210297e-16,-0.4999999999999997,-0.8660254037844388,17.581560134887695,0.10035126656293869,219.43797302246094,2.7532511012395844e-05,34.9099006652832,13.560280799865723,0.9964931011199951,241.24169921875,0.00032922791433520615,45.03776550292969,4.173757553100586,-4.756240367889404,267.860107421875,0.002169217448681593,39.460262298583984,4.669321537017822,-2.586042642593384,282.58990478515625,0.007607124745845795,71.69200897216797,2.47198224067688,-2.558450222015381,292.6384582519531,0.012563814409077168,75.06549835205078,2.8581986043718643e-05,4.8188203436438926e-06,15.341726303100586,8.49138069152832,-1.7607777118682861,3.166136593790725e-05,1.4522303899866529e-05,58.27240753173828,2.0105600357055664,0.7265808865228547,0.9773439819272194,1,10,10,ML_CTL_45_0001
CTL,45.0,816.0,7.0,0.0,14.210526466369629,332.5,-0.46174861323503363,0.8870108331782218,-0.4999999999999997,-0.8660254037844388,-12.011483192443848,2.603914976119995,218.49069213867188,3.512842158670537e-05,49.517478942871094,-15.901155471801758,1.7722123861312866,242.23072814941406,0.00047896726755425334,64.30728912353516,-15.205071449279785,-2.1223251819610596,268.593994140625,0.005054487381130457,92.90802764892578,-10.018950462341309,-2.471278429031372,282.53485107421875,0.008357860147953033,79.3916015625,-1.0726443529129028,-2.448315382003784,289.7162780761719,0.010463730432093143,75.88680267333984,3.734837082447484e-05,4.906750109512359e-05,12.049200057983398,-10.8418607711792,-0.5331583619117737,3.734837082447484e-05,6.553632556460798e-05,70.19314575195312,2.4700162410736084,0.8062423575690024,1.4257762768201947,2,1,12,ML_CTL_45_0002
CTL,45.0,817.0,7.0,6.0,14.210526466369629,330.0,-0.5000000000000004,0.8660254037844384,-0.4999999999999997,-0.8660254037844388,-11.669516563415527,1.006300687789917,218.83485412597656,2.759918243100401e-05,38.014434814453125,-14.311066627502441,1.9883849620819092,242.24874877929688,0.00035720141022466123,48.56930923461914,-16.0657901763916,-2.841254234313965,268.55047607421875,0.004532764665782452,82.43879699707031,-11.454176902770996,-3.7504448890686035,282.6418151855469,0.008107604458928108,76.45712280273438,-3.4557602405548096,-3.3498473167419434,289.2833251953125,0.010813477449119091,80.40715789794922,3.7467525544343516e-05,3.638434282038361e-05,9.297409057617188,-11.39126205444336,-1.3893721103668213,3.7467525544343516e-05,6.67149797664024e-05,68.71429443359375,2.455920696258545,0.7952956380472637,1.3571471158423893,2,2,12,ML_CTL_45_0002
CTL,45.0,821.0,7.0,6.0,12.315789222717285,327.5,-0.5372996083468242,0.8433914458128855,-0.4999999999999997,-0.8660254037844388,-10.570229530334473,8.200113296508789,219.12841796875,7.068173727020621e-05,91.96833038330078,-16.228487014770508,2.1145551204681396,241.9801483154297,0.0008345128735527396,109.6621322631836,-18.27879524230957,-1.2716611623764038,267.46063232421875,0.004977681208401918,100.11505126953125,-10.821578979492188,-1.0884020328521729,282.730224609375,0.01001029834151268,93.83592987060547,-3.671999931335449,-0.8774389624595642,288.6861572265625,0.01218431070446968,93.56915283203125,5.0403581553837284e-05,5.071411214885302e-05,11.401206970214844,-11.91421890258789,1.415433406829834,5.0403581553837284e-05,7.248162000905722e-05,78.37928009033203,5.787684917449951,0.5729519985295876,0.2939055184739432,2,3,12,ML_CTL_45_0002
CTL,45.0,822.0,7.0,12.0,12.315789222717285,327.5,-0.5372996083468242,0.8433914458128855,-0.4999999999999997,-0.8660254037844388,-10.445781707763672,9.495241165161133,219.14266967773438,6.87188730807975e-05,88.17155456542969,-14.872329711914062,3.897487163543701,242.99546813964844,0.0009236433543264866,110.28788757324219,-16.900753021240234,1.073720097541809,268.2589416503906,0.005363167263567448,101.23307800292969,-10.743245124816895,0.39383068680763245,282.4756164550781,0.009567300789058208,91.2159652709961,-2.702092170715332,1.8753635883331299,288.87054443359375,0.012521568685770035,95.06669616699219,5.324597441358492e-05,5.065542063675821e-05,10.864035606384277,-11.132840156555176,3.3471286296844482,5.324597441358492e-05,6.888866482768208e-05,79.07408905029297,4.004400253295898,0.6012737534415417,0.41077524483772465,2,4,12,ML_CTL_45_0002
CTL,45.0,823.0,7.0,18.0,12.315789222717285,325.0,-0.5735764363510465,0.8191520442889916,-0.4999999999999997,-0.8660254037844388,-11.72346019744873,9.807843208312988,219.43670654296875,7.829338574083522e-05,97.5584945678711,-15.754581451416016,2.1645326614379883,243.15185546875,0.0009295125491917133,110.68380737304688,-15.989563941955566,-1.6155993938446045,268.9158935546875,0.0056180995889008045,100.50596618652344,-12.461185455322266,-2.0761160850524902,282.13299560546875,0.009622013196349144,93.92626953125,-4.152240753173828,0.06543881446123123,288.81390380859375,0.012730719521641731,97.02857971191406,5.7339137129019946e-05,5.144028546055779e-05,12.338468551635742,-12.016206741333008,1.669219970703125,5.7339137129019946e-05,6.797499372623861e-05,78.44512939453125,6.473175525665283,0.555309266203857,0.22214613462908628,2,5,12,ML_CTL_45_0002
CTL,45.0,824.0,7.0,0.0,12.315789222717285,325.0,-0.5735764363510465,0.8191520442889916,-0.4999999999999997,-0.8660254037844388,-11.204717636108398,8.996856689453125,219.5649871826172,8.030546450754628e-05,99.63741302490234,-15.668039321899414,2.8973453044891357,242.27224731445312,0.0008701170445419848,111.10234832763672,-13.602436065673828,1.0658444166183472,269.48681640625,0.005871554370969534,100.76919555664062,-13.57060718536377,0.105399489402771,281.19024658203125,0.009020074270665646,93.90418243408203,-1.675132155418396,2.2797489166259766,289.0421142578125,0.012728776782751083,95.62156677246094,5.712073834729381e-05,5.421366586233489e-05,11.659010887145996,-11.144186019897461,3.0690388679504395,5.712073834729381e-05,6.311944889603183e-05,77.27546691894531,6.26737117767334,0.5538752776031004,0.2163409711651909,2,6,12,ML_CTL_45_0002
CTL,45.0,825.0,7.0,6.0,12.315789222717285,322.5,-0.608761429008721,0.7933533402912349,-0.4999999999999997,-0.8660254037844388,-12.131613731384277,6.1773176193237305,218.95849609375,7.452661520801485e-05,100.19551086425781,-14.998714447021484,3.1369857788085938,242.3467254638672,0.0008466612198390067,106.1353988647461,-13.674560546875,-0.33824828267097473,269.4779968261719,0.005869018845260143,100.91156768798828,-13.60241985321045,-0.714319109916687,280.9812927246094,0.008948356844484806,94.50989532470703,-3.7932069301605225,0.7791303396224976,289.0862731933594,0.012772143818438053,95.66361999511719,6.0072219639550894e-05,5.5117237934609875e-05,9.933249473571777,-11.640103340148926,1.8081731796264648,6.0072219639550894e-05,6.07600923103746e-05,76.76782989501953,3.0746400356292725,0.6276067861691234,0.5219635112482359,2,7,12,ML_CTL_45_0002
CTL,45.0,826.0,7.0,12.0,12.315789222717285,320.0,-0.6427876096865396,0.7660444431189778,-0.4999999999999997,-0.8660254037844388,-12.052322387695312,5.750306129455566,218.85545349121094,7.137784268707037e-05,96.92483520507812,-14.238774299621582,3.205740451812744,243.10263061523438,0.0008988538174889982,103.5980224609375,-13.309785842895508,-1.356931447982788,269.53253173828125,0.0059107523411512375,101.33979797363281,-13.309704780578613,-1.7624469995498657,281.12799072265625,0.008943055756390095,93.52304077148438,-4.799325942993164,0.38967856764793396,289.0818786621094,0.012744184583425522,95.4765853881836,5.664223863277584e-05,5.448198862723075e-05,9.018996238708496,-11.541982650756836,1.2452694177627563,5.664223863277584e-05,5.630218583974056e-05,75.33256530761719,1.182417392730713,0.6542820669076737,0.6379153331352962,2,8,12,ML_CTL_45_0002
CTL,45.0,827.0,7.0,18.0,12.315789222717285,320.0,-0.6427876096865396,0.7660444431189778,-0.4999999999999997,-0.8660254037844388,-10.443968772888184,4.490766525268555,218.51258850097656,7.059117342578247e-05,99.8050537109375,-12.649476051330566,2.6869912147521973,243.56591796875,0.0009481078595854342,103.84275817871094,-9.273383140563965,1.7202450037002563,269.6327819824219,0.005956518929451704,101.4140853881836,-9.372350692749023,1.5808378458023071,281.3262023925781,0.009151719510555267,94.39618682861328,-0.7107208967208862,3.7034225463867188,289.02117919921875,0.012555837631225586,94.4742431640625,5.1395545597188175e-05,5.8262565289624035e-05,9.765040397644043,-8.489980697631836,2.8364527225494385,5.1395545597188175e-05,5.8262565289624035e-05,78.50758361816406,1.3339654207229614,0.6203052772153437,0.49084417070402364,2,9,12,ML_CTL_45_0002
CTL,45.0,828.0,7.0,0.0,12.315789222717285,317.5,-0.6755902076156605,0.7372773368101239,-0.4999999999999997,-0.8660254037844388,-8.009729385375977,6.648443222045898,218.26055908203125,6.627407856285572e-05,96.7726821899414,-12.618490219116211,3.0952703952789307,242.94583129882812,0.0008906118455342948,103.75617980957031,-9.908021926879883,1.2806971073150635,269.5110778808594,0.005908851511776447,101.45540618896484,-10.310842514038086,1.331055998802185,281.3533630371094,0.00923822820186615,95.09627532958984,-2.2874817848205566,2.178861379623413,288.9455261230469,0.012583901174366474,95.14655303955078,5.017527291784063e-05,5.361228613764979e-05,7.260941982269287,-8.626913070678711,2.9068655967712402,5.017527291784063e-05,5.361228613764979e-05,79.3582992553711,1.2413679361343384,0.6323243190574146,0.5422011777815074,2,10,12,ML_CTL_45_0002
CTL,45.0,829.0,7.0,6.0,12.315789222717285,315.0,-0.7071067811865477,0.7071067811865474,-0.4999999999999997,-0.8660254037844388,-6.505397796630859,5.074263095855713,217.9401397705078,5.755841266363859e-05,86.81977844238281,-11.909272193908691,3.4647700786590576,242.33563232421875,0.0008227727958001196,102.86299133300781,-9.54604434967041,1.858574628829956,269.54620361328125,0.005912819877266884,101.01382446289062,-10.123844146728516,1.53911554813385,281.4399108886719,0.009369882754981518,95.88009643554688,-4.0038251876831055,1.6472821235656738,288.6968078613281,0.012663491070270538,97.27923583984375,4.921430809190497e-05,4.3100848415633664e-05,4.242884159088135,-8.41767692565918,2.716801166534424,4.921430809190497e-05,4.3100848415633664e-05,80.57764434814453,1.9842783212661743,0.6819578773318048,0.7627840572642168,2,11,12,ML_CTL_45_0002
CTL,45.0,830.0,7.0,12.0,12.315789222717285,312.5,-0.7372773368101242,0.6755902076156601,-0.4999999999999997,-0.8660254037844388,-8.53458309173584,3.2905797958374023,217.72012329101562,5.8829962654272094e-05,91.44364929199219,-11.362847328186035,3.896718978881836,242.31707763671875,0.0008498106617480516,107.16466522216797,-8.800657272338867,2.633744716644287,269.86328125,0.00603885343298316,100.54317474365234,-9.201265335083008,2.350520133972168,281.56610107421875,0.009485886432230473,96.21788787841797,-4.409642219543457,2.8543314933776855,288.7944030761719,0.012443969026207924,95.04627990722656,4.6455126721411943e-05,3.190168354194611e-05,4.147945404052734,-8.461798667907715,3.005178928375244,4.6455126721411943e-05,3.190168354194611e-05,81.81427001953125,1.7631531953811646,0.5692745925710055,0.27889212438398925,2,12,12,ML_CTL_45_0002
CTL,45.0,836.0,7.0,0.0,14.210526466369629,297.5,-0.8870108331782216,0.4617486132350341,-0.4999999999999997,-0.8660254037844388,-10.649835586547852,0.49651750922203064,218.2473602294922,6.746929284418002e-05,99.09449005126953,-2.9407291412353516,3.113334894180298,241.95004272460938,0.0008463185513392091,110.49279022216797,-2.23455548286438,2.044782876968384,269.2393493652344,0.005755800288170576,100.55802917480469,-7.763554096221924,2.523622751235962,280.4225769042969,0.008003435097634792,87.78518676757812,-8.446866035461426,0.9670031070709229,290.413818359375,0.011452598497271538,78.81663513183594,3.804025982390158e-05,5.912511915084906e-05,2.2526497840881348,-6.407108306884766,1.829052209854126,3.804025982390158e-05,7.025039667496458e-05,70.22899627685547,1.876943588256836,0.5690158725591422,0.27783706712956424,3,1,9,ML_CTL_45_0003
CTL,45.0,837.0,7.0,6.0,16.105262756347656,297.5,-0.8870108331782216,0.4617486132350341,-0.4999999999999997,-0.8660254037844388,-5.524569988250732,0.6435585021972656,218.09812927246094,6.767500599380583e-05,100.52115631103516,-3.168442964553833,3.6685657501220703,243.03103637695312,0.0009835937526077032,115.04032135009766,-7.7059454917907715,6.729036808013916,269.337646484375,0.005824318155646324,101.40039825439453,-10.714871406555176,5.927932262420654,280.654052734375,0.009314424358308315,100.5905990600586,-10.91142749786377,3.6063578128814697,289.6636047363281,0.01252413634210825,90.4025650024414,4.1938445065170527e-05,6.361089617712423e-05,6.147878646850586,-7.605051517486572,4.115090370178223,4.1938445065170527e-05,6.361089617712423e-05,70.04405975341797,5.753645420074463,0.6194939819437756,0.4874009932895722,3,2,9,ML_CTL_45_0003
CTL,45.0,838.0,7.0,12.0,16.105262756347656,295.0,-0.9063077870366498,0.4226182617406996,-0.4999999999999997,-0.8660254037844388,-7.021907806396484,3.2686409950256348,217.65945434570312,5.916044028708711e-05,92.42465209960938,-3.9340097904205322,1.2325069904327393,241.95291137695312,0.0008242304902523756,109.34142303466797,-5.54554557800293,5.080589294433594,269.77569580078125,0.005993762984871864,100.7094497680664,-7.183623313903809,6.455469608306885,280.9442443847656,0.008981257677078247,95.09391784667969,-8.420291900634766,4.298122882843018,289.9010009765625,0.012065542861819267,85.79234313964844,4.704448292613961e-05,5.178779611014761e-05,1.7364650964736938,-6.421075344085693,4.067065715789795,4.704448292613961e-05,5.178779611014761e-05,70.27239990234375,1.7364650964736938,0.7061795899378164,0.8769008512623362,3,3,9,ML_CTL_45_0003
CTL,45.0,839.0,7.0,18.0,16.105262756347656,292.5,-0.9238795325112866,0.38268343236509,-0.4999999999999997,-0.8660254037844388,-5.756669044494629,2.009566307067871,218.3450927734375,3.8293823308777064e-05,53.77446746826172,-5.864390850067139,2.2964749336242676,242.009033203125,0.0007141893147490919,92.09050750732422,-3.2864761352539062,3.7411322593688965,269.8787536621094,0.006051068659871817,100.7547378540039,-4.558864593505859,4.452698707580566,281.0382080078125,0.008405878208577633,88.45726776123047,-6.089242935180664,2.6142759323120117,289.94195556640625,0.011842923238873482,83.96554565429688,4.6935758291510865e-05,4.1487321141175926e-05,0.690129816532135,-5.111128807067871,3.022829532623291,4.6935758291510865e-05,5.110408892505802e-05,68.4811782836914,0.690129816532135,0.8996559099404311,2.193407187701871,3,4,9,ML_CTL_45_0003
CTL,45.0,840.0,7.0,0.0,18.0,292.5,-0.9238795325112866,0.38268343236509,-0.4999999999999997,-0.8660254037844388,-6.796071529388428,2.1258034706115723,218.9367218017578,7.510377326980233e-05,99.92002868652344,-4.212840557098389,2.6979517936706543,244.2055206298828,0.0011100615374743938,115.27030181884766,-7.392110347747803,4.5220537185668945,269.3570251464844,0.005830021575093269,101.48026275634766,-10.2252779006958,4.530708312988281,279.8182373046875,0.008748975582420826,100.08129119873047,-9.810916900634766,3.228191375732422,290.62066650390625,0.012124885804951191,82.36341857910156,4.1173709178110585e-05,6.337263039313257e-05,3.2100703716278076,-7.687443733215332,3.4209418296813965,4.1173709178110585e-05,6.337263039313257e-05,66.87938690185547,3.2100703716278076,0.6317236819864627,0.5396185659163812,3,5,9,ML_CTL_45_0003
CTL,45.0,841.0,7.0,6.0,18.0,290.0,-0.9396926207859083,0.342020143325669,-0.4999999999999997,-0.8660254037844388,-5.459597587585449,-0.15627266466617584,218.048828125,7.052587170619518e-05,105.37384796142578,-4.2223663330078125,0.8072675466537476,243.38914489746094,0.000993244699202478,111.0466537475586,-5.183560848236084,1.7795029878616333,269.6435852050781,0.005961776245385408,101.31524658203125,-9.178187370300293,4.815418720245361,279.8091125488281,0.008601430803537369,98.50261688232422,-10.001285552978516,2.990064859390259,290.37188720703125,0.012063292786478996,83.22969055175781,3.937882502214052e-05,6.721360841766e-05,5.525067329406738,-6.808999538421631,2.04719614982605,3.937882502214052e-05,6.721360841766e-05,66.06326293945312,5.525067329406738,0.6032222715355067,0.41890949234517905,3,6,9,ML_CTL_45_0003
CTL,45.0,842.0,7.0,12.0,18.0,287.5,-0.9537169507482268,0.30070579950427345,-0.4999999999999997,-0.8660254037844388,-2.9410359859466553,-1.104563593864441,218.25958251953125,6.49791254545562e-05,94.9803237915039,-4.088409423828125,-0.5129360556602478,242.2041778564453,0.0008181615266948938,104.3467025756836,-5.463645935058594,-1.0727087259292603,269.7033386230469,0.005833625793457031,98.4008560180664,-7.4357590675354,5.743215084075928,280.8757019042969,0.008463289588689804,89.98793029785156,-9.911643028259277,3.9708282947540283,290.098876953125,0.012072647921741009,84.69689178466797,3.4318924008402973e-05,5.770604911958799e-05,8.622584342956543,-5.9680986404418945,1.4047670364379883,3.4318924008402973e-05,5.815047552459873e-05,63.32331466674805,5.953005790710449,0.64073970189245,0.5785761030337686,3,7,9,ML_CTL_45_0003
CTL,45.0,843.0,7.0,18.0,18.0,285.0,-0.9659258262890684,0.2588190451025203,-0.4999999999999997,-0.8660254037844388,-2.806549072265625,-1.3247144222259521,219.926025390625,8.136178803397343e-05,98.80265808105469,-2.9918200969696045,-1.1040537357330322,241.47048950195312,0.0003436175757087767,48.402286529541016,-6.862322807312012,-2.196516990661621,269.2900085449219,0.005647794343531132,97.41099548339844,-5.048903942108154,4.463913440704346,282.1858825683594,0.008327530696988106,80.99750518798828,-7.957448959350586,3.4410743713378906,290.1075744628906,0.012318887747824192,86.2659912109375,3.0737053748453036e-05,3.99861455662176e-05,7.017443656921387,-5.133409023284912,0.6559405326843262,3.0737053748453036e-05,5.213213080423884e-05,61.18083953857422,5.31182861328125,0.6988258204141382,0.8417127601208589,3,8,9,ML_CTL_45_0003
CTL,45.0,844.0,7.0,0.0,18.0,282.5,-0.9762960071199335,0.21643961393810246,-0.4999999999999997,-0.8660254037844388,-0.08007565885782242,-1.1070544719696045,219.49935913085938,4.835727668250911e-05,63.02840042114258,-3.140130043029785,-0.5839528441429138,241.6343536376953,0.00023066854919306934,34.29039764404297,-8.59626579284668,-2.008084297180176,268.80108642578125,0.0054695019498467445,96.8361587524414,-5.567854404449463,2.056915283203125,282.6926574707031,0.008151814341545105,76.61336517333984,-8.031700134277344,2.077125310897827,290.4725341796875,0.012233502231538296,83.72409057617188,2.9992308554938063e-05,2.6608182452037e-05,8.565473556518555,-5.083205223083496,0.08698978275060654,2.9992308554938063e-05,4.664728476200253e-05,58.602882385253906,2.097128391265869,0.7540007311023518,1.1200647736720857,3,9,9,ML_CTL_45_0003
CTL,45.0,860.0,8.0,0.0,42.6315803527832,272.5,-0.9990482215818578,0.043619387365335764,-0.8660254037844385,-0.5000000000000004,17.981761932373047,-6.238851070404053,221.3992462158203,9.88500687526539e-05,99.5830307006836,16.700071334838867,-6.434689521789551,241.5736846923828,0.0004945041728205979,69.60987854003906,11.262701988220215,-4.667550563812256,267.346435546875,0.002927068853750825,58.88465881347656,7.999551773071289,-0.8855781555175781,286.87890625,0.009106989949941635,65.42431640625,6.568869590759277,2.2818217277526855,298.805908203125,0.010161726735532284,41.577430725097656,7.916870526969433e-05,5.145006980455946e-06,14.242752075195312,12.102590560913086,-3.188969373703003,7.916870526969433e-05,8.171324225259013e-06,55.611717224121094,2.1296510696411133,0.5865779352233635,0.349836521408027,4,1,19,ML_CTL_45_0004
CTL,45.0,862.0,8.0,12.0,42.6315803527832,275.0,-0.9961946980917455,0.08715574274765789,-0.8660254037844385,-0.5000000000000004,19.397167205810547,-6.0009870529174805,220.59152221679688,9.061081800609827e-05,99.92375183105469,15.172124862670898,-6.185178279876709,240.80880737304688,0.0005499845137819648,83.6143798828125,11.038899421691895,-3.9668736457824707,266.8880310058594,0.0024389622267335653,51.68342971801758,9.136372566223145,-1.065036654472351,285.7224426269531,0.008048453368246555,61.42042922973633,1.843713402748108,3.168241262435913,297.352294921875,0.01234861183911562,55.19165802001953,6.27095578238368e-05,1.1371485015843064e-05,19.804000854492188,11.317654609680176,-2.809966564178467,6.27095578238368e-05,1.1371485015843064e-05,56.018131256103516,1.1403526067733765,0.5505258593680088,0.20279560631503246,4,2,19,ML_CTL_45_0004
CTL,45.0,864.0,8.0,0.0,40.73684310913086,280.0,-0.9848077530122081,0.17364817766692997,-0.8660254037844385,-0.5000000000000004,19.89742660522461,-7.310389995574951,221.50228881835938,0.00010470583220012486,99.85842895507812,12.931258201599121,-8.14961051940918,241.8127899169922,0.0005848804139532149,84.04656219482422,7.848727226257324,-4.885078430175781,267.1962890625,0.0025884255301207304,53.53358459472656,7.693028450012207,-1.5625718832015991,284.403076171875,0.009247536770999432,76.73947143554688,8.76751708984375,0.6727540493011475,295.2111511230469,0.01288316398859024,65.57593536376953,6.197444599820301e-05,1.9679750039358623e-05,13.696914672851562,11.427591323852539,-4.246979713439941,6.197444599820301e-05,1.9679750039358623e-05,61.79010772705078,3.590167760848999,0.715869487422793,0.9240641862818109,4,3,19,ML_CTL_45_0004
CTL,45.0,865.0,8.0,6.0,40.73684310913086,280.0,-0.9848077530122081,0.17364817766692997,-0.8660254037844385,-0.5000000000000004,26.56374168395996,-8.186309814453125,220.29579162597656,7.522598025389016e-05,85.26094055175781,17.33129119873047,-6.7578020095825195,240.75437927246094,0.0003621131763793528,55.88079833984375,9.404289245605469,-5.555058002471924,266.9029846191406,0.0016728617483749986,35.117759704589844,8.132227897644043,-3.3982245922088623,283.9427490234375,0.007727175485342741,65.93387603759766,5.5099406242370605,-2.974611520767212,294.66156005859375,0.013250051066279411,69.78508758544922,6.051974560250528e-05,1.0979863873217255e-05,21.689268112182617,13.388298034667969,-5.374401092529297,6.051974560250528e-05,2.1490308427019045e-05,62.54889678955078,4.841488838195801,0.8490607753692978,1.7272534984946448,4,4,19,ML_CTL_45_0004
CTL,45.0,866.0,8.0,12.0,40.73684310913086,282.5,-0.9762960071199335,0.21643961393810246,-0.8660254037844385,-0.5000000000000004,27.342735290527344,-8.285184860229492,219.14422607421875,3.0355915441759862e-05,40.70571517944336,19.72266387939453,-3.5625555515289307,239.9962615966797,0.00017874239711090922,29.2510929107666,9.615992546081543,-3.7990753650665283,266.31500244140625,0.0015882325824350119,34.69952392578125,5.810030460357666,-1.2643681764602661,283.104736328125,0.00892638973891735,80.68873596191406,3.9838905334472656,2.238193988800049,293.2232971191406,0.014353374019265175,82.67071533203125,5.366775440052152e-05,1.371655616821954e-05,25.619857788085938,13.295062065124512,-2.934598207473755,5.366775440052152e-05,3.334126085974276e-05,64.11384582519531,2.214932441711426,0.9206358098608716,2.4510172683049625,4,5,19,ML_CTL_45_0004
CTL,45.0,867.0,8.0,18.0,40.73684310913086,285.0,-0.9659258262890684,0.2588190451025203,-0.8660254037844385,-0.5000000000000004,24.56609344482422,-2.256220817565918,219.39710998535156,6.80319280945696e-05,84.35708618164062,19.647953033447266,0.7902770638465881,240.13833618164062,0.00027760074590332806,48.76316833496094,8.72089958190918,-0.9899991750717163,266.5014953613281,0.001662159920670092,35.26934814453125,4.782005786895752,2.5568361282348633,282.3125305175781,0.00921977125108242,88.30548095703125,3.690626382827759,5.548001289367676,292.25262451171875,0.014606954529881477,89.4322738647461,5.535862146643922e-05,2.1638014004565775e-05,22.28656578063965,12.281515121459961,1.1297788619995117,5.535862146643922e-05,3.914916669600643e-05,66.43701934814453,7.507769584655762,0.9090921258112775,2.302599815399174,4,6,19,ML_CTL_45_0004
CTL,45.0,868.0,8.0,0.0,40.73684310913086,285.0,-0.9659258262890684,0.2588190451025203,-0.8660254037844385,-0.5000000000000004,24.302433013916016,3.182939291000366,220.13267517089844,4.2726704123197123e-05,49.811580657958984,20.28730010986328,3.4105770587921143,239.29808044433594,0.00027164790662936866,46.68050765991211,10.64522647857666,-0.09428933262825012,265.45123291015625,0.0007857866585254669,18.396303176879883,5.556083679199219,0.4017177224159241,282.0487365722656,0.008178653195500374,79.07669067382812,3.749079465866089,0.7217110991477966,291.8648681640625,0.01508286688476801,94.6675033569336,6.29795395070687e-05,2.4909781132009812e-05,20.700193405151367,12.908024787902832,1.5245311260223389,6.29795395070687e-05,5.339022391126491e-05,65.9950942993164,13.444150924682617,0.9133330945579309,2.3550285518366287,4,7,19,ML_CTL_45_0004
CTL,45.0,869.0,8.0,6.0,42.6315803527832,285.0,-0.9659258262890684,0.2588190451025203,-0.8660254037844385,-0.5000000000000004,15.826265335083008,7.125256538391113,221.83657836914062,1.7971784473047592e-05,17.220529556274414,9.781094551086426,7.4522247314453125,236.02537536621094,0.0001876070600701496,44.85285568237305,6.472321510314941,0.5322043895721436,261.8911437988281,0.001647119177505374,52.28658676147461,2.54536509513855,-1.3323497772216797,280.14324951171875,0.008020289242267609,88.72172546386719,0.22796304523944855,-2.649019479751587,290.7030944824219,0.014253314584493637,96.23580932617188,6.250810838537291e-05,4.9756250518839806e-05,18.40770149230957,6.970601558685303,2.225663423538208,6.250810838537291e-05,5.323781806509942e-05,67.17315673828125,8.846707344055176,0.8247465496031076,1.5488429123846976,4,8,19,ML_CTL_45_0004
CTL,45.0,870.0,8.0,12.0,42.6315803527832,287.5,-0.9537169507482268,0.30070579950427345,-0.8660254037844385,-0.5000000000000004,13.414315223693848,15.33220386505127,219.88461303710938,2.7577658329391852e-05,31.249507904052734,7.469233512878418,15.599238395690918,238.25738525390625,0.0003703855036292225,79.77410125732422,4.723527908325195,4.279254913330078,263.13360595703125,0.002030586823821068,57.96729278564453,2.4734859466552734,2.5797042846679688,280.39678955078125,0.008372060023248196,91.27652740478516,-0.2232688069343567,3.8971874713897705,290.5110168457031,0.014301180839538574,97.78160858154297,7.339072180911899e-05,4.6942739572841674e-05,17.797283172607422,5.57145881652832,8.337517738342285,7.339072180911899e-05,5.407745993579738e-05,72.7922592163086,12.446486473083496,0.8132596956649756,1.4713315826230775,4,9,19,ML_CTL_45_0004
CTL,45.0,871.0,8.0,18.0,42.6315803527832,287.5,-0.9537169507482268,0.30070579950427345,-0.8660254037844385,-0.5000000000000004,10.357461929321289,12.7750883102417,220.5388641357422,2.706847953959368e-05,28.08420181274414,6.760914325714111,10.651421546936035,238.54197692871094,0.000426439568400383,88.258056640625,5.2580461502075195,4.511325836181641,264.20892333984375,0.0013669952750205994,35.76401901245117,3.8232948780059814,0.6001258492469788,279.78033447265625,0.007505848538130522,85.35594940185547,1.6651219129562378,0.16108666360378265,290.72589111328125,0.014223984442651272,95.90015411376953,7.988413562998176e-05,5.7667763030622154e-05,15.318936347961426,5.572968006134033,5.739809989929199,7.988413562998176e-05,6.070794552215375e-05,68.45913696289062,8.006253242492676,0.9094381009975981,2.3067933535811846,4,10,19,ML_CTL_45_0004
CTL,45.0,872.0,8.0,0.0,42.6315803527832,287.5,-0.9537169507482268,0.30070579950427345,-0.8660254037844385,-0.5000000000000004,7.917275905609131,12.047345161437988,221.52072143554688,2.575433063611854e-05,24.683935165405273,4.707674503326416,6.0831098556518555,237.47796630859375,0.00046418100828304887,101.67652893066406,6.3047194480896,2.1743781566619873,264.2155456542969,0.0014831529697403312,40.303035736083984,5.114763259887695,-1.4155986309051514,278.9104309082031,0.0066038756631314754,80.15106964111328,3.9606049060821533,-2.840224266052246,290.6667175292969,0.013260199688374996,89.72823333740234,7.728359923930839e-05,7.693563384236768e-05,15.40438175201416,5.60100793838501,3.2098021507263184,7.728359923930839e-05,7.693563384236768e-05,61.230438232421875,8.721747398376465,0.8438497005983427,1.6871553977530827,4,11,19,ML_CTL_45_0004
CTL,45.0,873.0,8.0,6.0,44.52631759643555,295.0,-0.9063077870366498,0.4226182617406996,-0.8660254037844385,-0.5000000000000004,14.841390609741211,25.000036239624023,219.1096954345703,4.6704775741091e-05,61.857818603515625,9.316967964172363,26.052318572998047,238.7584228515625,0.0005226564244367182,98.08023071289062,9.228707313537598,15.92081069946289,266.8066101074219,0.004241148475557566,88.61922454833984,6.6597795486450195,12.021574974060059,280.4036865234375,0.006445422302931547,71.0149917602539,4.377252101898193,12.060224533081055,290.0216979980469,0.013300160877406597,93.7142333984375,5.901271288166754e-05,1.3805345588480122e-05,16.641422271728516,8.884819030761719,18.21099281311035,6.691866292385384e-05,6.851917714811862e-05,81.14459991455078,6.258357048034668,0.7471947043567723,1.0837061895634612,4,12,19,ML_CTL_45_0004
CTL,45.0,874.0,8.0,12.0,44.52631759643555,290.0,-0.9396926207859083,0.342020143325669,-0.8660254037844385,-0.5000000000000004,7.911188125610352,16.2071590423584,221.24649047851562,1.8788470697472803e-05,19.05271339416504,4.283203125,8.125266075134277,237.00987243652344,0.00036777855711989105,87.03878021240234,5.1711015701293945,5.108813762664795,263.5367736816406,0.0023597697727382183,65.37914276123047,2.991325616836548,2.703514814376831,278.6206359863281,0.007673787418752909,94.92964172363281,0.7537992596626282,-0.04451333358883858,289.04150390625,0.012923935428261757,97.06304168701172,6.944535562070087e-05,7.199215178843588e-05,17.757957458496094,4.222123622894287,6.420047760009766,6.944535562070087e-05,7.199215178843588e-05,67.0871353149414,10.119019508361816,0.7709283647112293,1.2135606845775024,4,13,19,ML_CTL_45_0004
CTL,45.0,875.0,8.0,18.0,44.52631759643555,292.5,-0.9238795325112866,0.38268343236509,-0.8660254037844385,-0.5000000000000004,11.573075294494629,21.8013973236084,221.46421813964844,1.8439526684232987e-05,18.06806755065918,9.4337739944458,14.503473281860352,237.56497192382812,0.00026844925014302135,63.787166595458984,10.016644477844238,11.611213684082031,264.3847961425781,0.0016333454987034202,42.16165542602539,7.866960048675537,8.234776496887207,278.70947265625,0.006214675027877092,76.09515380859375,6.307096004486084,5.678202152252197,288.9317321777344,0.012523067183792591,94.7135238647461,7.089829159667715e-05,6.260780355660245e-05,16.961366653442383,9.039509773254395,12.365812301635742,7.089829159667715e-05,7.02153192833066e-05,64.24958801269531,3.3801257610321045,0.8528170001544665,1.7568682782825062,4,14,19,ML_CTL_45_0004
CTL,45.0,876.0,8.0,0.0,44.52631759643555,292.5,-0.9238795325112866,0.38268343236509,-0.8660254037844385,-0.5000000000000004,11.045226097106934,19.951984405517578,221.4729766845703,1.9001117834704928e-05,18.847431182861328,7.95197057723999,11.722064971923828,236.23812866210938,0.00033042815630324185,82.85299682617188,10.381290435791016,6.711106777191162,264.0659484863281,0.0023311269469559193,61.70124053955078,9.094919204711914,3.310239791870117,277.96728515625,0.006290511693805456,81.49246978759766,7.2495293617248535,0.5375146865844727,288.3402099609375,0.011563434265553951,90.80998229980469,7.04869962646626e-05,6.503357144538313e-05,19.78203773498535,9.144586563110352,8.446581840515137,7.04869962646626e-05,6.626459071412683e-05,61.93840026855469,7.259266376495361,0.7505913498270416,1.1017686457123101,4,15,19,ML_CTL_45_0004
CTL,45.0,877.0,8.0,6.0,46.421051025390625,295.0,-0.9063077870366498,0.4226182617406996,-0.8660254037844385,-0.5000000000000004,12.886231422424316,23.108186721801758,221.0874786376953,1.9797527784248814e-05,20.62798309326172,11.014691352844238,16.292068481445312,235.34852600097656,0.0002009396703215316,53.74045944213867,10.802939414978027,9.677818298339844,263.1025085449219,0.0023396359756588936,67.30775451660156,7.991015911102295,4.708491802215576,277.4471740722656,0.006229274906218052,83.662841796875,7.215127944946289,2.4301462173461914,287.7049560546875,0.011790676973760128,96.49437713623047,6.166417733766139e-05,6.183602818055078e-05,21.441612243652344,9.982000350952148,11.243341445922852,6.166417733766139e-05,6.183602818055078e-05,63.97014236450195,7.234380722045898,0.7373836902529504,1.0324142989958651,4,16,19,ML_CTL_45_0004
CTL,45.0,878.0,8.0,12.0,48.31578826904297,297.5,-0.8870108331782216,0.4617486132350341,-0.8660254037844385,-0.5000000000000004,15.074370384216309,29.76441764831543,220.7401885986328,2.0511133698164485e-05,22.440046310424805,13.401458740234375,21.38335418701172,234.8621063232422,0.0001928577257785946,53.87383270263672,11.268454551696777,10.44973373413086,262.4132080078125,0.0021812233608216047,67.0410385131836,8.642757415771484,6.101275444030762,277.537841796875,0.007007838226854801,93.69528198242188,7.913090705871582,3.931530237197876,287.4403381347656,0.01185778807848692,98.75245666503906,5.9668665926437825e-05,4.8631918616592884e-05,26.807126998901367,11.260026931762695,14.32606315612793,5.9668665926437825e-05,4.8631918616592884e-05,64.15392303466797,8.686494827270508,0.6784919868445807,0.7468502014561966,4,17,19,ML_CTL_45_0004
CTL,45.0,879.0,8.0,18.0,48.31578826904297,297.5,-0.8870108331782216,0.4617486132350341,-0.8660254037844385,-0.5000000000000004,17.150564193725586,25.691308975219727,220.76303100585938,2.2537300537806004e-05,24.722761154174805,15.070487976074219,18.74054527282715,233.1000213623047,0.00014842629025224596,51.627113342285156,12.38306999206543,8.027856826782227,261.6413879394531,0.0017746980302035809,58.0845947265625,9.482353210449219,2.9974045753479004,276.8359680175781,0.006361471954733133,89.35389709472656,7.320857048034668,-0.928794264793396,285.9148864746094,0.010847236961126328,99.75938415527344,5.0127793656429276e-05,2.6866900952882133e-05,28.376981735229492,12.28146743774414,10.905664443969727,5.0127793656429276e-05,2.787469384202268e-05,54.77755355834961,5.597473621368408,0.5805313340593247,0.3249549480957459,4,18,19,ML_CTL_45_0004
CTL,45.0,880.0,8.0,0.0,48.31578826904297,300.0,-0.8660254037844386,0.5000000000000001,-0.8660254037844385,-0.5000000000000004,19.779829025268555,28.0102596282959,219.9274444580078,2.8189077056595124e-05,34.38803482055664,18.98511505126953,21.93285369873047,233.3394012451172,0.0001288103812839836,44.38834762573242,14.446049690246582,10.797077178955078,261.4703674316406,0.0011077094823122025,36.95287322998047,11.066027641296387,6.113478183746338,277.4842834472656,0.005007953383028507,67.14664459228516,8.779634475708008,2.1592447757720947,285.2931823730469,0.010496272705495358,100.56673431396484,4.121601159567945e-05,1.4979154911998194e-05,28.094114303588867,14.61133098602295,13.802583694458008,4.121601159567945e-05,1.4979154911998194e-05,53.436439514160156,2.5337324142456055,0.61493484495342,0.46810376517240737,4,19,19,ML_CTL_45_0004
CTL,45.0,873.0,8.0,6.0,16.105262756347656,342.5,-0.300705799504273,0.9537169507482269,-0.8660254037844385,-0.5000000000000004,-7.368494510650635,1.5201520919799805,218.77134704589844,5.158103522262536e-05,71.50592803955078,-10.683772087097168,-0.2212046980857849,241.8060302734375,0.0005520838312804699,72.55005645751953,-2.80879545211792,3.699516773223877,268.72802734375,0.0054381489753723145,98.32695770263672,-11.049579620361328,4.023565769195557,282.48919677734375,0.008361779153347015,79.67054748535156,-7.9771318435668945,3.139061689376831,291.4443359375,0.012196719646453857,78.57606506347656,4.4137843360658735e-05,4.346266359789297e-05,1.7295397520065308,-7.977555274963379,2.432218313217163,4.4137843360658735e-05,5.2209619752829894e-05,74.57140350341797,1.6392244100570679,0.6985327400149483,0.8403206296483869,5,1,9,ML_CTL_45_0005
CTL,45.0,874.0,8.0,12.0,16.105262756347656,340.0,-0.3420201433256686,0.9396926207859084,-0.8660254037844385,-0.5000000000000004,-5.438623905181885,-0.15974460542201996,219.62725830078125,3.682078386191279e-05,45.51812744140625,-11.34256649017334,-0.20665384829044342,242.31716918945312,0.0003857085248455405,47.265506744384766,-3.4704909324645996,4.210031986236572,269.0135498046875,0.004814219195395708,84.98957061767578,-9.441849708557129,4.1908040046691895,282.6946716308594,0.008275430649518967,77.76853942871094,-6.085740089416504,2.4367029666900635,291.12701416015625,0.01234375312924385,81.22166442871094,4.624306166078895e-05,4.035629171994515e-05,2.6758735179901123,-7.155854225158691,2.0942280292510986,4.624306166078895e-05,4.891315984423272e-05,71.89234924316406,0.8857507705688477,0.8162556974204274,1.4911825293181131,5,2,9,ML_CTL_45_0005
CTL,45.0,875.0,8.0,18.0,16.105262756347656,337.5,-0.38268343236508956,0.9238795325112868,-0.8660254037844385,-0.5000000000000004,-3.7413833141326904,-0.4202597439289093,219.8335418701172,2.8364069294184446e-05,34.2810173034668,-10.066431999206543,0.22688499093055725,242.56907653808594,0.0002876842045225203,34.13559341430664,-4.652126789093018,2.6414854526519775,269.01312255859375,0.004192451015114784,74.80354309082031,-7.728157997131348,2.2126455307006836,282.7050476074219,0.008142090402543545,76.44254302978516,-6.467090129852295,-0.1055508479475975,291.432373046875,0.011853587813675404,76.73675537109375,4.4228894694242626e-05,4.383518535178155e-05,2.743814706802368,-6.5310378074646,0.9110410809516907,4.4228894694242626e-05,4.516244007390924e-05,70.54701232910156,1.887702226638794,0.7862923304798783,1.3027195941414655,5,3,9,ML_CTL_45_0005
CTL,45.0,876.0,8.0,0.0,16.105262756347656,337.5,-0.38268343236508956,0.9238795325112868,-0.8660254037844385,-0.5000000000000004,-1.383021593093872,0.9918109774589539,219.98829650878906,2.5166464183712378e-05,29.60296630859375,-7.341817378997803,1.1626402139663696,242.0751953125,0.00027344998670741916,34.993133544921875,-4.010196685791016,4.045309543609619,268.28472900390625,0.003939845133572817,73.90779876708984,-9.039239883422852,3.7442564964294434,283.30908203125,0.00828486680984497,74.7098617553711,-8.089938163757324,1.6121068000793457,290.689208984375,0.012037858366966248,81.33685302734375,4.331265517976135e-05,3.318328890600242e-05,6.73553991317749,-5.972843170166016,2.3112246990203857,4.331265517976135e-05,4.323857501731254e-05,69.30187225341797,2.439427137374878,0.7295836962307165,0.9925114549795522,5,4,9,ML_CTL_45_0005
CTL,45.0,877.0,8.0,6.0,16.105262756347656,335.0,-0.4226182617406992,0.90630778703665,-0.8660254037844385,-0.5000000000000004,-1.423499345779419,-1.3195924758911133,219.74069213867188,2.454742025292944e-05,30.429073333740234,-5.105234622955322,-0.9768784642219543,242.22872924804688,0.00016035768203437328,20.93269920349121,-5.071391582489014,3.8768255710601807,268.349853515625,0.0034760860726237297,65.76777648925781,-9.243515968322754,3.0690948963165283,283.13336181640625,0.00815841555595398,74.41571807861328,-8.719246864318848,2.019205093383789,290.5750732421875,0.011862973682582378,80.75276184082031,4.0670063754078e-05,3.612452928791754e-05,8.02343463897705,-5.9125776290893555,1.333730936050415,4.0670063754078e-05,3.983056376455352e-05,68.82040405273438,0.377583384513855,0.6919819461299063,0.8094014681526451,5,5,9,ML_CTL_45_0005
CTL,45.0,878.0,8.0,12.0,16.105262756347656,332.5,-0.46174861323503363,0.8870108331782218,-0.8660254037844385,-0.5000000000000004,-2.156480073928833,-1.3455966711044312,219.45602416992188,2.430566746625118e-05,31.33774185180664,-4.486056327819824,-1.897092342376709,242.47982788085938,9.636980394134298e-05,12.846341133117676,-5.189450263977051,3.065103054046631,268.9468688964844,0.0031508668325841427,57.182403564453125,-9.013312339782715,3.38175368309021,283.1634826660156,0.007898650132119656,71.88594055175781,-6.883487224578857,2.3404529094696045,290.0400695800781,0.012302804738283157,86.76728057861328,3.729521995410323e-05,3.63001054211054e-05,5.994293689727783,-5.545757293701172,1.108924150466919,3.729521995410323e-05,3.63001054211054e-05,68.38439178466797,0.34735390543937683,0.683597325203357,0.770353348721146,5,6,9,ML_CTL_45_0005
CTL,45.0,879.0,8.0,18.0,16.105262756347656,332.5,-0.46174861323503363,0.8870108331782218,-0.8660254037844385,-0.5000000000000004,-0.09134399145841599,0.6482042074203491,219.5426788330078,2.5273846404161304e-05,32.47270965576172,-3.785031318664551,-0.44776982069015503,242.28245544433594,9.530762326903641e-05,13.195572853088379,-4.547062873840332,3.464536190032959,268.42498779296875,0.0029760191682726145,56.533416748046875,-8.895421028137207,4.9654316902160645,283.6938781738281,0.00804370827972889,70.62838745117188,-5.013514995574951,2.3076140880584717,290.1432800292969,0.01200918760150671,84.20046997070312,3.319536699564196e-05,2.9670936783077195e-05,5.194363117218018,-4.466475009918213,2.18760347366333,3.319536699564196e-05,3.436076076468453e-05,65.9338150024414,0.9282887578010559,0.6016627012117416,0.4123978605284273,5,7,9,ML_CTL_45_0005
CTL,45.0,880.0,8.0,0.0,16.105262756347656,330.0,-0.5000000000000004,0.8660254037844384,-0.8660254037844385,-0.5000000000000004,1.116401195526123,0.39465540647506714,219.1233367919922,3.0796734790783376e-05,42.18453598022461,-1.5391603708267212,-0.12518955767154694,242.32484436035156,7.749188807792962e-05,10.491641998291016,-5.807178974151611,2.6236157417297363,268.6054382324219,0.0026805310044437647,50.75615692138672,-7.959131240844727,4.007505893707275,283.2401123046875,0.007615326903760433,68.94917297363281,-5.636746406555176,1.0095100402832031,290.0901184082031,0.012142310850322247,85.28919219970703,2.9442260711221024e-05,3.0479706765618175e-05,6.78108024597168,-3.965163469314575,1.582019567489624,2.9442260711221024e-05,3.0479706765618175e-05,66.28646087646484,2.7349257469177246,0.5926044474325413,0.37474255295059855,5,8,9,ML_CTL_45_0005
CTL,45.0,881.0,8.0,6.0,16.105262756347656,325.0,-0.5735764363510465,0.8191520442889916,-0.8660254037844385,-0.5000000000000004,-4.748311519622803,2.4520041942596436,218.2001495361328,4.6558925532735884e-05,71.06317901611328,-2.2784528732299805,-0.8282831907272339,242.02342224121094,8.940087718656287e-05,13.107128143310547,-6.094581127166748,0.32730939984321594,269.1053161621094,0.002348301000893116,39.508583068847656,-7.835672378540039,1.3707196712493896,282.7819519042969,0.007691751699894667,71.83143615722656,-6.80533504486084,-0.16259883344173431,289.5580749511719,0.01252367440611124,90.94371032714844,2.6371393687441014e-05,2.4144883354892954e-05,3.326784372329712,-5.5524702072143555,0.6318302750587463,2.6371393687441014e-05,2.7682364816428162e-05,67.82432556152344,0.8018696308135986,0.5887310420549314,0.35872204511710226,5,9,9,ML_CTL_45_0005
CTL,45.0,901.0,8.0,6.0,14.210526466369629,340.0,-0.3420201433256686,0.9396926207859084,-0.8660254037844385,-0.5000000000000004,-9.834425926208496,8.156388282775879,218.8644256591797,7.152866601245478e-05,98.68307495117188,-8.64283561706543,0.6283497214317322,241.60403442382812,0.0005091230268590152,74.15692901611328,-8.886576652526855,-3.3725693225860596,268.9586181640625,0.0056677754037082195,100.9931869506836,-7.04421854019165,-0.42501839995384216,281.4314880371094,0.007946734316647053,81.37952423095703,-3.8198530673980713,1.4191951751708984,290.82843017578125,0.011727144941687584,78.42760467529297,4.4273652747506276e-05,4.701793659478426e-05,9.031326293945312,-7.645582675933838,1.2812690734863281,4.4273652747506276e-05,6.228324491530657e-05,72.6980972290039,2.3792781829833984,0.5602130794817208,0.2420268723666772,6,1,12,ML_CTL_45_0006
CTL,45.0,902.0,8.0,12.0,14.210526466369629,337.5,-0.38268343236508956,0.9238795325112868,-0.8660254037844385,-0.5000000000000004,-9.744561195373535,10.249000549316406,219.39671325683594,6.052145909052342e-05,76.7251205444336,-7.311586856842041,2.798332929611206,241.81784057617188,0.00039649082464165986,58.04133224487305,-8.79548454284668,-3.3959410190582275,269.1243896484375,0.005101964343339205,88.03828430175781,-7.513591289520264,-0.6220368146896362,282.4547119140625,0.007557054981589317,72.16072082519531,-2.0284650325775146,2.1881518363952637,290.262939453125,0.011822025291621685,82.07083129882812,4.29687715950422e-05,3.6733661545440555e-05,11.158647537231445,-7.078737735748291,2.243501663208008,4.29687715950422e-05,6.331481563393027e-05,69.22065734863281,2.157780885696411,0.6871045603787531,0.7866174031427504,6,2,12,ML_CTL_45_0006
CTL,45.0,903.0,8.0,18.0,16.105262756347656,335.0,-0.4226182617406992,0.90630778703665,-0.8660254037844385,-0.5000000000000004,-5.56876277923584,12.810407638549805,219.4507598876953,4.7265020839404315e-05,59.87555694580078,-5.410027503967285,4.844154357910156,241.53988647460938,0.00024043569283094257,38.39070129394531,-14.492971420288086,-3.0919759273529053,268.8848571777344,0.0032880459912121296,55.39125061035156,-15.950152397155762,-0.1521381139755249,283.1744384765625,0.006810549180954695,61.99959182739258,-9.258206367492676,1.6577459573745728,292.1124267578125,0.010070395655930042,62.06640625,4.165873542660847e-05,1.4379353160620667e-05,11.747077941894531,-10.13602352142334,3.2136387825012207,4.165873542660847e-05,6.91215245751664e-05,61.10909652709961,0.9410961270332336,0.6395100647592523,0.5732383219301611,6,3,12,ML_CTL_45_0006
CTL,45.0,904.0,8.0,0.0,16.105262756347656,335.0,-0.4226182617406992,0.90630778703665,-0.8660254037844385,-0.5000000000000004,-4.858573913574219,12.865525245666504,219.21205139160156,4.079469363205135e-05,51.850196838378906,-5.579863548278809,3.325995922088623,241.465576171875,0.00029916432686150074,50.946754455566406,-16.786348342895508,-1.7455426454544067,268.3959655761719,0.0038264275062829256,68.73365020751953,-15.242376327514648,2.5601677894592285,282.2205810546875,0.006803671829402447,66.03216552734375,-8.519168853759766,1.9674766063690186,291.4054870605469,0.010247454978525639,66.21487426757812,3.893793109455146e-05,2.1337164071155712e-05,11.496408462524414,-10.197266578674316,3.794724225997925,3.893793109455146e-05,6.466765626100823e-05,64.01282501220703,2.8316171169281006,0.6770695010385357,0.7403368013902643,6,4,12,ML_CTL_45_0006
CTL,45.0,905.0,8.0,6.0,14.210526466369629,335.0,-0.4226182617406992,0.90630778703665,-0.8660254037844385,-0.5000000000000004,-8.029865264892578,10.637992858886719,218.57852172851562,5.557763506658375e-05,77.13963317871094,-7.96478271484375,1.5354877710342407,241.36192321777344,0.0007285191095434129,103.74520874023438,-7.516119480133057,-0.9230926036834717,269.2161865234375,0.0057000694796442986,99.75233459472656,-6.4463372230529785,2.0611188411712646,280.9840087890625,0.00841621495783329,88.90704345703125,-2.2157936096191406,1.2604893445968628,289.87750244140625,0.012130878865718842,86.24006652832031,3.832310176221654e-05,5.193119795876555e-05,11.03363037109375,-6.434579372406006,2.9143993854522705,3.832310176221654e-05,5.7283512433059514e-05,75.06306457519531,2.8054840564727783,0.6386569795619524,0.5695397997446652,6,5,12,ML_CTL_45_0006
CTL,45.0,906.0,8.0,12.0,14.210526466369629,332.5,-0.46174861323503363,0.8870108331782218,-0.8660254037844385,-0.5000000000000004,-7.426791667938232,13.222670555114746,219.01260375976562,3.9486330933868885e-05,50.77288055419922,-7.465034484863281,3.979546308517456,241.8327178955078,0.0004774144908878952,63.36616134643555,-6.341555118560791,-0.49728822708129883,269.0859069824219,0.005576955620199442,97.46546173095703,-5.842985153198242,1.0400112867355347,282.0675964355469,0.008138895034790039,79.8438491821289,-2.459686279296875,1.6899198293685913,289.4140930175781,0.011715073138475418,85.84239196777344,3.969838871853426e-05,3.6085668398300186e-05,12.556929588317871,-5.907210350036621,3.886971950531006,3.969838871853426e-05,5.364832031773403e-05,73.16348266601562,3.8187994956970215,0.7528121324416768,1.1136670596397544,6,6,12,ML_CTL_45_0006
CTL,45.0,907.0,8.0,18.0,14.210526466369629,330.0,-0.5000000000000004,0.8660254037844384,-0.8660254037844385,-0.5000000000000004,-3.9423205852508545,9.395498275756836,219.8010711669922,2.7180045435670763e-05,32.44777297973633,-7.010168075561523,5.127854824066162,241.8048553466797,0.00029126336448825896,38.787940979003906,-5.748298645019531,-0.7994967103004456,268.5580139160156,0.00503533985465765,89.6165771484375,-6.042302131652832,-0.3578612506389618,282.7001647949219,0.007871707901358604,73.9187240600586,-2.184884786605835,0.8345418572425842,289.5741271972656,0.011438735760748386,82.84817504882812,3.890327934641391e-05,2.3865610273787752e-05,8.739481925964355,-4.985594749450684,2.8401074409484863,3.890327934641391e-05,5.587501800619066e-05,71.90491485595703,3.3846077919006348,0.6833451500319685,0.7691876967047417,6,7,12,ML_CTL_45_0006
CTL,45.0,908.0,8.0,0.0,14.210526466369629,330.0,-0.5000000000000004,0.8660254037844384,-0.8660254037844385,-0.5000000000000004,-4.137725353240967,9.773077011108398,219.49655151367188,4.0480485040461645e-05,51.04960632324219,-6.7709126472473145,3.9379255771636963,241.41270446777344,0.0005194556433707476,69.8936767578125,-5.767856597900391,-2.1840789318084717,268.0562438964844,0.0052548740059137344,100.36902618408203,-7.704995155334473,0.3509913384914398,282.03125,0.008264392614364624,81.26724243164062,-1.8866908550262451,0.6239754557609558,289.7513122558594,0.011605200357735157,83.16718292236328,3.9193480915855616e-05,3.202108928235248e-05,9.421953201293945,-5.253635883331299,2.500378131866455,3.9193480915855616e-05,5.3253294026944786e-05,74.22144317626953,3.1567625999450684,0.7476382623507509,1.0860557294403295,6,8,12,ML_CTL_45_0006
CTL,45.0,909.0,8.0,6.0,14.210526466369629,327.5,-0.5372996083468242,0.8433914458128855,-0.8660254037844385,-0.5000000000000004,1.2538552284240723,5.084804058074951,219.87994384765625,1.9343115127412602e-05,21.74842643737793,-5.285290718078613,6.703824520111084,241.26681518554688,0.0004246165626682341,65.9863510131836,-7.266139507293701,-1.9718855619430542,267.6868591308594,0.00435155862942338,82.47521209716797,-8.68602466583252,-0.4436962902545929,282.615234375,0.008848382160067558,83.59298706054688,-3.6419568061828613,-0.5506008267402649,289.58758544921875,0.011375872418284416,82.4012680053711,3.785699300351553e-05,2.2217209334485233e-05,7.465036392211914,-4.725111484527588,1.7644891738891602,3.785699300351553e-05,4.774618719238788e-05,71.89602661132812,3.3738043308258057,0.7111698770238263,0.901072622648325,6,9,12,ML_CTL_45_0006
CTL,45.0,910.0,8.0,12.0,14.210526466369629,327.5,-0.5372996083468242,0.8433914458128855,-0.8660254037844385,-0.5000000000000004,2.924227237701416,4.967645168304443,220.21852111816406,2.2935155357117765e-05,21.78777313232422,-3.7666265964508057,7.332232475280762,241.61463928222656,0.0004862816713284701,69.52274322509766,-8.150211334228516,-2.4615848064422607,268.13580322265625,0.0048486921004951,90.08494567871094,-10.782907485961914,0.9378765821456909,282.3319396972656,0.007996632717549801,76.99864196777344,-3.782550811767578,0.36212339997291565,289.82635498046875,0.011561340652406216,82.45342254638672,3.626567922765389e-05,2.6560139303910546e-05,8.135828018188477,-4.711613655090332,2.22765851020813,3.626567922765389e-05,4.132944377488457e-05,70.88903045654297,3.046905279159546,0.7163279247168972,0.9263191510009756,6,10,12,ML_CTL_45_0006
CTL,45.0,911.0,8.0,18.0,14.210526466369629,325.0,-0.5735764363510465,0.8191520442889916,-0.8660254037844385,-0.5000000000000004,3.464053153991699,3.4095330238342285,220.2752227783203,3.8543850678252056e-05,38.961673736572266,-1.7070865631103516,8.009367942810059,241.80624389648438,0.0006253790343180299,86.14614868164062,-8.651395797729492,-3.380941152572632,268.405029296875,0.004235639702528715,75.1282958984375,-10.561311721801758,-0.03607751801609993,282.7191162109375,0.008433131501078606,79.09652709960938,-4.2084059715271,-0.3863760828971863,289.73004150390625,0.011875683441758156,85.19790649414062,3.303173798485659e-05,1.8398875909042545e-05,8.560113906860352,-4.332829475402832,1.5231013298034668,3.303173798485659e-05,4.370397437014617e-05,69.41007995605469,2.205545663833618,0.6919246455873602,0.8091326457946586,6,11,12,ML_CTL_45_0006
CTL,45.0,912.0,8.0,0.0,14.210526466369629,322.5,-0.608761429008721,0.7933533402912349,-0.8660254037844385,-0.5000000000000004,2.855870008468628,2.959618330001831,220.33705139160156,3.157787068630569e-05,30.795825958251953,0.060113005340099335,7.714057922363281,241.29017639160156,0.0006439010612666607,91.1346206665039,-9.817184448242188,-2.491175889968872,268.4748229980469,0.0035742074251174927,62.051578521728516,-11.3613862991333,-0.4803209602832794,282.7560119628906,0.00865862425416708,81.0255126953125,-5.844922065734863,-1.6476972103118896,289.6682434082031,0.012158684432506561,87.5678482055664,2.883800698327832e-05,1.1724237992893904e-05,9.845361709594727,-4.821501731872559,1.2108964920043945,2.883800698327832e-05,4.373511910671368e-05,66.23239135742188,5.182448863983154,0.6344162749148778,0.5512100010611736,6,12,12,ML_CTL_45_0006
CTL,45.0,934.0,8.0,12.0,44.52631759643555,260.0,-0.984807753012208,-0.17364817766693033,-0.8660254037844385,-0.5000000000000004,14.25422477722168,10.491931915283203,218.98971557617188,4.819698733626865e-05,62.44658660888672,11.829991340637207,8.969019889831543,239.4223175048828,0.0002032221673289314,38.50696563720703,9.587029457092285,7.20101261138916,266.8768310546875,0.0020135415252298117,42.42258834838867,4.572471618652344,6.167889595031738,282.7375793457031,0.00907936505973339,84.64008331298828,-0.09875620901584625,2.7414133548736572,295.2204895019531,0.014694434590637684,74.79624938964844,4.62169737147633e-05,2.8442293114494532e-05,16.31191635131836,8.028992652893066,7.114253044128418,4.62169737147633e-05,2.8442293114494532e-05,80.9249267578125,6.078393459320068,0.8033377284910622,1.4072873092300333,7,1,18,ML_CTL_45_0007
CTL,45.0,935.0,8.0,18.0,44.52631759643555,260.0,-0.984807753012208,-0.17364817766693033,-0.8660254037844385,-0.5000000000000004,12.703409194946289,6.341601371765137,219.67723083496094,7.856747834011912e-05,92.02855682373047,9.95689582824707,5.494024753570557,239.86500549316406,0.00033510872162878513,60.46097183227539,9.968830108642578,7.045718193054199,266.7350158691406,0.0017758336616680026,37.66813278198242,4.643803596496582,5.2148847579956055,282.498779296875,0.008937908336520195,84.49679565429688,-1.1168938875198364,3.090540885925293,294.5323486328125,0.015004301443696022,79.67827606201172,6.622901128139347e-05,4.910396455670707e-05,14.197541236877441,7.231208801269531,5.43735408782959,6.622901128139347e-05,4.910396455670707e-05,79.41346740722656,9.87238597869873,0.8555209368978131,1.7785759612924643,7,2,18,ML_CTL_45_0007
CTL,45.0,936.0,8.0,0.0,44.52631759643555,260.0,-0.984807753012208,-0.17364817766693033,-0.8660254037844385,-0.5000000000000004,8.092387199401855,4.361067295074463,219.8234405517578,8.564443123759702e-05,99.89681243896484,7.413394927978516,2.183161973953247,240.63156127929688,0.0005400365917012095,87.98198699951172,7.682031631469727,3.0140018463134766,266.6339111328125,0.0032517588697373867,71.22675323486328,3.179696798324585,2.590785264968872,281.95355224609375,0.00911632925271988,89.78712463378906,-1.8697985410690308,-0.5315181016921997,293.6976013183594,0.015257352031767368,85.43380737304688,7.737401756457984e-05,7.199285028036684e-05,11.098762512207031,4.899542331695557,2.3234996795654297,7.737401756457984e-05,7.199285028036684e-05,79.70466613769531,10.963181495666504,0.8394755981686449,1.654331441647913,7,3,18,ML_CTL_45_0007
CTL,45.0,937.0,8.0,6.0,44.52631759643555,260.0,-0.984807753012208,-0.17364817766693033,-0.8660254037844385,-0.5000000000000004,7.938966274261475,5.240366458892822,218.44371032714844,6.495853449450806e-05,91.16413116455078,5.011763095855713,-0.47538837790489197,239.5064239501953,0.0005679155583493412,101.15286254882812,2.4536521434783936,-1.6746811866760254,265.86846923828125,0.004264019895344973,98.8598861694336,0.013668700121343136,-2.081369400024414,282.01959228515625,0.009642413817346096,94.58946228027344,-3.0695319175720215,-4.335669040679932,291.4630126953125,0.015408782288432121,99.19959259033203,7.459268817910925e-05,6.90193846821785e-05,14.590664863586426,2.4697036743164062,-0.6653483510017395,7.459268817910925e-05,6.90193846821785e-05,77.28020477294922,12.433427810668945,0.749241712418395,1.0945721674968527,7,4,18,ML_CTL_45_0007
CTL,45.0,938.0,8.0,12.0,42.6315803527832,260.0,-0.984807753012208,-0.17364817766693033,-0.8660254037844385,-0.5000000000000004,10.523096084594727,5.119826316833496,219.29078674316406,2.9288821679074317e-05,36.94083786010742,7.974949836730957,-0.5896090865135193,238.7602996826172,0.00037556092138402164,75.86604309082031,9.076072692871094,-0.26434844732284546,266.85760498046875,0.0033895059023052454,72.02433013916016,6.065189838409424,-4.694865703582764,281.4379577636719,0.00830101314932108,84.72938537597656,4.912634372711182,-8.644146919250488,289.6693115234375,0.01390454825013876,100.33641052246094,6.412460061255842e-05,6.441698496928439e-05,14.863520622253418,7.710389137268066,-1.8146288394927979,6.412460061255842e-05,6.441698496928439e-05,72.7830581665039,12.764472007751465,0.8513443287317031,1.7451839628060926,7,5,18,ML_CTL_45_0007
CTL,45.0,939.0,8.0,18.0,42.6315803527832,262.5,-0.9914448613738104,-0.13052619222005163,-0.8660254037844385,-0.5000000000000004,13.2016019821167,4.7370429039001465,218.33648681640625,5.385835174820386e-05,76.69223022460938,9.378400802612305,0.1356218010187149,239.5016326904297,0.00042821618262678385,79.08556365966797,9.152613639831543,1.9409620761871338,266.8804626464844,0.003275397000834346,69.6002426147461,4.518231391906738,1.292128562927246,281.6937255859375,0.007641124539077282,76.26602935791016,1.3778163194656372,-2.840061664581299,291.11163330078125,0.014456251636147499,95.1795654296875,7.110346632543951e-05,6.724159902660176e-05,14.043305397033691,7.525732517242432,1.0531388521194458,7.110346632543951e-05,6.724159902660176e-05,71.39067077636719,13.139491081237793,0.8728957999829442,1.9268089675322706,7,6,18,ML_CTL_45_0007
CTL,45.0,940.0,8.0,0.0,42.6315803527832,262.5,-0.9914448613738104,-0.13052619222005163,-0.8660254037844385,-0.5000000000000004,8.537214279174805,3.6594395637512207,217.0415802001953,5.999823406455107e-05,99.85881805419922,5.520808219909668,-2.85663104057312,239.99478149414062,0.0005230991519056261,90.50907897949219,3.4644670486450195,-2.908665895462036,267.1291198730469,0.003743771929293871,78.0638198852539,1.2635594606399536,-2.7013533115386963,280.7046203613281,0.008463289588689804,90.53530883789062,-3.586622476577759,-5.735441207885742,289.6399230957031,0.013787124305963516,99.65526580810547,6.856775871710852e-05,6.821809074608609e-05,15.337900161743164,3.0398852825164795,-2.1085305213928223,6.856775871710852e-05,6.821809074608609e-05,72.07952880859375,10.116195678710938,0.786611109428296,1.3046177049136012,7,7,18,ML_CTL_45_0007
CTL,45.0,941.0,8.0,6.0,42.6315803527832,265.0,-0.9961946980917455,-0.08715574274765825,-0.8660254037844385,-0.5000000000000004,10.103436470031738,2.5392374992370605,216.94725036621094,5.7048491726163775e-05,98.54866790771484,5.470188140869141,-2.875763177871704,238.70643615722656,0.0004854609724134207,95.23985290527344,2.534555673599243,-1.4156277179718018,265.90093994140625,0.00361680262722075,83.35449981689453,-0.2362898290157318,-1.0904388427734375,280.5544128417969,0.008837280794978142,95.29785919189453,-3.9965291023254395,-2.9735968112945557,292.88934326171875,0.012444709427654743,73.39523315429688,6.0082253185100853e-05,5.39758475497365e-05,15.139365196228027,2.7750725746154785,-1.1632378101348877,6.0082253185100853e-05,5.735657032346353e-05,68.8313980102539,6.869863510131836,0.6453354319663939,0.5985977671596703,7,8,18,ML_CTL_45_0007
CTL,45.0,942.0,8.0,12.0,40.73684310913086,265.0,-0.9961946980917455,-0.08715574274765825,-0.8660254037844385,-0.5000000000000004,9.339125633239746,0.40584415197372437,217.5930633544922,3.2955100323306397e-05,53.24348449707031,7.5823774337768555,-3.199683904647827,237.54702758789062,0.00036311388248577714,80.91939544677734,8.18631649017334,-2.5681724548339844,266.3559265136719,0.003239777870476246,71.45625305175781,3.9819514751434326,-2.0274198055267334,281.4269104003906,0.007456065621227026,75.84892272949219,2.644427537918091,-5.053746700286865,290.7068786621094,0.01286973524838686,86.950439453125,5.7997989642899483e-05,6.017726263962686e-05,8.638641357421875,6.346839427947998,-2.488635540008545,5.7997989642899483e-05,6.017726263962686e-05,68.96380615234375,8.638641357421875,0.856100225317162,1.7832704068364147,7,9,18,ML_CTL_45_0007
CTL,45.0,943.0,8.0,18.0,40.73684310913086,267.5,-0.9990482215818578,-0.04361938736533613,-0.8660254037844385,-0.5000000000000004,9.570938110351562,1.6729382276535034,216.8060760498047,4.9442638555774465e-05,86.13728332519531,8.573040962219238,-2.394813060760498,238.57000732421875,0.0003514205163810402,71.31993103027344,6.160640716552734,-2.092618942260742,266.3323059082031,0.0029650195501744747,65.3370361328125,3.628284215927124,0.0072681778110563755,281.2967529296875,0.007217110600322485,73.89483642578125,-0.05573198199272156,-2.7477986812591553,291.50750732421875,0.013780549168586731,88.4465103149414,5.248200977803208e-05,5.39231114089489e-05,10.59319019317627,5.57543420791626,-1.1110048294067383,5.248200977803208e-05,5.39231114089489e-05,67.4970474243164,6.982678413391113,0.8212386007860126,1.5247617380137588,7,10,18,ML_CTL_45_0007
CTL,45.0,944.0,8.0,0.0,40.73684310913086,267.5,-0.9990482215818578,-0.04361938736533613,-0.8660254037844385,-0.5000000000000004,9.873610496520996,1.8149793148040771,216.4611358642578,5.512203279067762e-05,99.89527893066406,7.815121173858643,-4.779237270355225,238.30633544921875,0.00032459176145493984,67.8008041381836,1.7262635231018066,-5.781582355499268,266.775634765625,0.002687408123165369,56.737030029296875,-1.1529641151428223,-3.707304000854492,281.25909423828125,0.007442825008183718,76.54991149902344,-4.097695827484131,-3.6239089965820312,290.9105224609375,0.013195560313761234,87.94232177734375,5.121700087329373e-05,4.130190791329369e-05,14.99262809753418,2.83286714553833,-3.2154107093811035,5.121700087329373e-05,4.706917025032453e-05,63.25767135620117,5.0936503410339355,0.7670426329803254,1.1916869212313408,7,11,18,ML_CTL_45_0007
CTL,45.0,945.0,8.0,6.0,38.842105865478516,267.5,-0.9990482215818578,-0.04361938736533613,-0.8660254037844385,-0.5000000000000004,10.991691589355469,-4.55757474899292,215.9460906982422,3.878531788359396e-05,77.55044555664062,9.460184097290039,-6.237166404724121,237.07138061523438,0.00019815585983451456,47.17774200439453,7.688238620758057,-6.267472743988037,266.98431396484375,0.002169921761378646,44.05836868286133,4.566185474395752,-3.344952344894409,281.944091796875,0.006686857435852289,65.46930694580078,4.212803840637207,-3.8872601985931396,290.624267578125,0.013328838162124157,90.52494049072266,4.377959339763038e-05,3.737751467269845e-05,6.811948299407959,7.383820533752441,-4.858885288238525,4.377959339763038e-05,5.2083814807701856e-05,63.38603591918945,3.685520648956299,0.7869241925038277,1.3064839130035675,7,12,18,ML_CTL_45_0007
CTL,45.0,946.0,8.0,12.0,38.842105865478516,270.0,-1.0,-1.8369701987210297e-16,-0.8660254037844385,-0.5000000000000004,9.539116859436035,-0.7718639969825745,215.83102416992188,4.5644777856068686e-05,89.71383666992188,8.463794708251953,-3.14220929145813,236.96908569335938,0.00020837354531977326,52.25705337524414,6.518202781677246,-4.742057800292969,266.24322509765625,0.0023124595172703266,49.855873107910156,4.702361583709717,-0.8300693035125732,281.5304260253906,0.00660979887470603,66.60183715820312,2.3830313682556152,-1.7287566661834717,291.61932373046875,0.01290828362107277,82.25875091552734,4.839694520342164e-05,4.5197983126854524e-05,7.219778537750244,6.321301460266113,-2.2429914474487305,4.839694520342164e-05,5.256327131064609e-05,64.05140686035156,3.199223041534424,0.7928053079295204,1.341918785525051,7,13,18,ML_CTL_45_0007
CTL,45.0,947.0,8.0,18.0,38.842105865478516,272.5,-0.9990482215818578,0.043619387365335764,-0.8660254037844385,-0.5000000000000004,8.561707496643066,6.3094587326049805,218.2154083251953,6.912876415299252e-05,99.86494445800781,9.68639850616455,-0.4060741066932678,238.24378967285156,0.00033005906152538955,69.75042724609375,7.49039363861084,-3.3229997158050537,266.599365234375,0.00239056465215981,50.958744049072266,5.6421217918396,0.06931158900260925,280.63909912109375,0.006942972540855408,74.2122573852539,3.391340494155884,0.7207880616188049,292.3405456542969,0.01292017288506031,78.70606994628906,4.7841997002251446e-05,4.90716629428789e-05,7.613536357879639,6.954392433166504,0.674096941947937,4.7841997002251446e-05,4.90716629428789e-05,65.58035278320312,2.1146528720855713,0.7419975862492257,1.0563770496276907,7,14,18,ML_CTL_45_0007
CTL,45.0,948.0,8.0,0.0,38.842105865478516,275.0,-0.9961946980917455,0.08715574274765789,-0.8660254037844385,-0.5000000000000004,13.705589294433594,11.746879577636719,218.3431396484375,7.068664854159579e-05,101.18458557128906,10.303430557250977,0.11455860733985901,239.30482482910156,0.0004474039888009429,85.34418487548828,5.023519515991211,-2.487826347351074,266.2193603515625,0.0026410147547721863,58.38783264160156,3.739243984222412,0.7683358788490295,279.704833984375,0.007613730616867542,87.25936126708984,1.628412127494812,1.0624431371688843,292.7632751464844,0.01288977824151516,76.49629974365234,5.1827817515004426e-05,5.25799005117733e-05,16.12499237060547,6.880038261413574,2.240878105163574,5.1827817515004426e-05,5.25799005117733e-05,65.77291870117188,3.7107975482940674,0.6693632764532751,0.7053066661534872,7,15,18,ML_CTL_45_0007
CTL,45.0,949.0,8.0,6.0,38.842105865478516,275.0,-0.9961946980917455,0.08715574274765789,-0.8660254037844385,-0.5000000000000004,15.474993705749512,8.39582347869873,216.9296417236328,5.545049862121232e-05,95.66798400878906,10.138823509216309,-0.461201548576355,237.47616577148438,0.0002613953547552228,62.26580810546875,3.837789297103882,-3.4953665733337402,266.3235168457031,0.002776558045297861,59.03810501098633,1.9391231536865234,0.13383688032627106,279.9280090332031,0.006989875342696905,78.51968383789062,0.4785306453704834,-1.3715636730194092,292.1841735839844,0.012638340704143047,77.72744750976562,5.088502075523138e-05,4.5272659917827696e-05,17.896808624267578,6.373852252960205,0.6403056383132935,5.088502075523138e-05,4.760325464303605e-05,64.67015838623047,2.031994342803955,0.7339984189637829,1.0150046221026878,7,16,18,ML_CTL_45_0007
CTL,45.0,950.0,8.0,12.0,38.842105865478516,277.5,-0.9914448613738105,0.13052619222005127,-0.8660254037844385,-0.5000000000000004,17.03618621826172,8.798433303833008,216.72775268554688,5.2214309107512236e-05,91.00559997558594,10.59843635559082,2.078186511993408,237.60768127441406,0.00029400349012576044,67.54882049560547,3.4887797832489014,-1.0831012725830078,264.5308532714844,0.0032104356214404106,82.16397094726562,2.340543270111084,1.690877079963684,279.8592834472656,0.008118285797536373,91.81684112548828,-0.1968846470117569,2.926807165145874,290.7892150878906,0.013607119210064411,91.4456558227539,4.619858736987226e-05,4.2964311433024704e-05,18.20589828491211,6.653411865234375,2.8822405338287354,4.619858736987226e-05,4.2964311433024704e-05,68.55921173095703,3.2149291038513184,0.6062463602239282,0.4315610045064686,7,17,18,ML_CTL_45_0007
CTL,45.0,951.0,8.0,18.0,38.842105865478516,277.5,-0.9914448613738105,0.13052619222005127,-0.8660254037844385,-0.5000000000000004,15.635289192199707,8.852415084838867,217.46102905273438,6.411951471818611e-05,102.19715881347656,10.498828887939453,1.937062382698059,238.42095947265625,0.0003149932308588177,64.98188018798828,4.579362869262695,-3.1731388568878174,266.58966064453125,0.002005374990403652,42.18793487548828,1.057610034942627,-0.8196384310722351,280.2117004394531,0.007570820394903421,83.24272155761719,0.22764132916927338,2.0480499267578125,290.9989318847656,0.01368916779756546,90.66610717773438,4.886259193881415e-05,3.332657797727734e-05,16.84324836730957,6.399746417999268,1.76895010471344,4.886259193881415e-05,3.3803626138251275e-05,65.5313949584961,5.734353542327881,0.7263568478814569,0.9762165270295107,7,18,18,ML_CTL_45_0007
CTL,45.0,1009.0,9.0,6.0,21.789474487304688,280.0,-0.9848077530122081,0.17364817766692997,-1.0,-1.8369701987210297e-16,-8.39760684967041,9.298921585083008,217.59532165527344,6.321876571746543e-05,99.8795394897461,-7.458903789520264,3.1074676513671875,243.07395935058594,0.0009701113449409604,111.86901092529297,-9.894920349121094,-3.4874844551086426,267.2521667480469,0.004685924854129553,97.24564361572266,-8.036778450012207,0.3768998980522156,278.7727355957031,0.007695096079260111,94.7686767578125,-7.3070502281188965,2.281665802001953,290.9522705078125,0.01139088999480009,75.81725311279297,2.658394441823475e-05,7.098900096025318e-05,7.101492404937744,-8.219051361083984,2.3154940605163574,2.658394441823475e-05,7.656619709450752e-05,62.437644958496094,3.382282018661499,0.669399928114114,0.7054722785611127,8,1,10,ML_CTL_45_0008
CTL,45.0,1010.0,9.0,12.0,21.789474487304688,277.5,-0.9914448613738105,0.13052619222005127,-1.0,-1.8369701987210297e-16,-10.150104522705078,7.11961030960083,217.0601806640625,5.8969839301425964e-05,100.08250427246094,-8.13467788696289,2.098050117492676,242.02548217773438,0.0008832067251205444,113.6603012084961,-6.923052787780762,-6.582500457763672,267.6076965332031,0.004760380834341049,95.96160125732422,-6.521761894226074,-1.8794114589691162,278.95111083984375,0.006548115983605385,79.81491088867188,-6.852203369140625,0.4198635518550873,290.7920837402344,0.011135932058095932,74.75450134277344,2.7413199859438464e-05,4.7324512706836686e-05,7.467446327209473,-7.716360569000244,0.23512251675128937,2.7413199859438464e-05,8.438123040832579e-05,64.52745056152344,2.94602632522583,0.5568897580418791,0.22854870714323083,8,2,10,ML_CTL_45_0008
CTL,45.0,1011.0,9.0,18.0,21.789474487304688,277.5,-0.9914448613738105,0.13052619222005127,-1.0,-1.8369701987210297e-16,-10.890519142150879,4.3145551681518555,218.16644287109375,6.88376821926795e-05,100.68431091308594,-2.8756263256073,2.5265722274780273,243.08926391601562,0.000985453138127923,116.01322174072266,-2.3869130611419678,-2.116783857345581,267.6258239746094,0.004667445085942745,94.17926025390625,-3.808619499206543,0.500462532043457,278.13409423828125,0.007311889436095953,94.09768676757812,-4.352615833282471,3.4281086921691895,290.5525817871094,0.011153701692819595,76.06246185302734,3.2541891414439306e-05,6.740945536876097e-05,6.597724437713623,-4.862858772277832,1.7305828332901,3.2541891414439306e-05,7.186569564510137e-05,66.57288360595703,2.1173267364501953,0.600520806879549,0.40763560862971704,8,3,10,ML_CTL_45_0008
CTL,45.0,1012.0,9.0,0.0,23.6842098236084,277.5,-0.9914448613738105,0.13052619222005127,-1.0,-1.8369701987210297e-16,-6.239887237548828,4.720154762268066,219.15982055664062,7.870278932387009e-05,100.89592742919922,-4.294075965881348,2.675503730773926,242.8940887451172,0.0010331642115488648,126.94041442871094,-8.787480354309082,-1.0325343608856201,267.4774169921875,0.004976744297891855,100.85958862304688,-8.121641159057617,1.522042155265808,277.5505065917969,0.007239509839564562,97.01561737060547,-6.83549165725708,4.303183555603027,290.2961120605469,0.010773836635053158,74.69686126708984,3.190568895661272e-05,7.568647561129183e-05,0.7270554304122925,-6.855715274810791,2.4376699924468994,3.190568895661272e-05,7.568647561129183e-05,62.891231536865234,0.7270554304122925,0.6176398200478138,0.47954242826719096,8,4,10,ML_CTL_45_0008
CTL,45.0,1013.0,9.0,6.0,23.6842098236084,275.0,-0.9961946980917455,0.08715574274765789,-1.0,-1.8369701987210297e-16,-6.7665791511535645,8.577301979064941,217.9691619873047,5.520546619663946e-05,84.42776489257812,-3.69734525680542,0.20599056780338287,241.6735382080078,0.0008562369039282203,113.50059509277344,-6.9244608879089355,-4.889736175537109,267.8961181640625,0.005200786050409079,101.15605163574219,-7.129005432128906,-1.1606667041778564,279.2333679199219,0.006849398836493492,81.6548080444336,-6.187465190887451,2.0916683673858643,290.4840393066406,0.010342472232878208,70.86833953857422,3.164181543979794e-05,4.7855046432232484e-05,6.51143741607666,-6.1409711837768555,0.9649116396903992,3.164181543979794e-05,6.666259287158027e-05,65.10254669189453,1.7948451042175293,0.6608563389273571,0.6671126806529137,8,5,10,ML_CTL_45_0008
CTL,45.0,1014.0,9.0,12.0,23.6842098236084,275.0,-0.9961946980917455,0.08715574274765789,-1.0,-1.8369701987210297e-16,-6.581040859222412,10.174565315246582,218.20701599121094,4.410257315612398e-05,65.41702270507812,-4.763707637786865,2.2186288833618164,241.22616577148438,0.0007906014216132462,108.30740356445312,-3.9220781326293945,0.8274074792861938,268.68902587890625,0.005503763444721699,100.4016342163086,-3.5890519618988037,3.3324124813079834,278.7663269042969,0.007103703450411558,87.42347717285156,-4.049178600311279,4.942375183105469,289.9382629394531,0.010515136644244194,74.57828521728516,2.9658265702892095e-05,4.958389399689622e-05,5.812584400177002,-4.581011772155762,4.299077987670898,2.9658265702892095e-05,4.958389399689622e-05,66.31684875488281,1.4858325719833374,0.7229770087711689,0.9592769183208243,8,6,10,ML_CTL_45_0008
CTL,45.0,1015.0,9.0,18.0,23.6842098236084,272.5,-0.9990482215818578,0.043619387365335764,-1.0,-1.8369701987210297e-16,-2.3836569786071777,6.151062965393066,217.51669311523438,4.118711513001472e-05,65.71517181396484,-5.138829708099365,3.798825740814209,240.44297790527344,0.0006879072170704603,102.3871841430664,-3.356457233428955,-2.110173463821411,268.5727844238281,0.005455924663692713,100.46891784667969,-3.3419008255004883,-1.9389681816101074,280.6357421875,0.006776588968932629,73.31828308105469,-4.211983680725098,0.9224393367767334,290.0179748535156,0.010099279694259167,71.22098541259766,3.045779340027366e-05,3.1443363695871085e-05,5.539068698883057,-3.68656587600708,1.3646371364593506,3.045779340027366e-05,4.9632260925136507e-05,68.5125961303711,2.416620969772339,0.6184830501098926,0.4831145072910359,8,7,10,ML_CTL_45_0008
CTL,45.0,1018.0,9.0,12.0,25.578947067260742,270.0,-1.0,-1.8369701987210297e-16,-1.0,-1.8369701987210297e-16,-3.650010108947754,5.039210319519043,217.070068359375,4.003377034678124e-05,70.27015686035156,-5.113193988800049,5.4686994552612305,239.66012573242188,0.0004385327047202736,70.74099731445312,-3.1945128440856934,-3.3309485912323,267.6107482910156,0.0035417384933680296,72.1153793334961,-3.521454334259033,-3.200352668762207,281.95452880859375,0.0074454424902796745,73.62582397460938,-3.3356754779815674,0.3781532347202301,289.6179504394531,0.010054309852421284,72.60011291503906,2.457008849887643e-05,2.0442510503926314e-05,4.67164421081543,-3.762969493865967,0.870952308177948,2.457008849887643e-05,5.309476182446815e-05,69.10301971435547,0.75627201795578,0.555699358468468,0.22372597197257038,8,8,10,ML_CTL_45_0008
CTL,45.0,1021.0,9.0,6.0,27.473684310913086,270.0,-1.0,-1.8369701987210297e-16,-1.0,-1.8369701987210297e-16,-1.2451059818267822,11.7843656539917,217.96653747558594,4.825123323826119e-05,76.3958740234375,-1.5107781887054443,0.8986129760742188,240.1610870361328,0.0004025852249469608,60.89276123046875,-2.3272252082824707,-4.491250514984131,268.337646484375,0.0037422585301101208,69.28453063964844,-2.6765518188476562,-2.532395601272583,281.6232604980469,0.007151761092245579,72.30062103271484,-1.4935457706451416,2.8143625259399414,288.7679138183594,0.010934341698884964,83.38301086425781,2.8248377930140123e-05,2.464729368512053e-05,8.973443031311035,-1.8506414890289307,1.6947391033172607,2.8248377930140123e-05,5.6476317695342004e-05,70.59605407714844,1.6085612773895264,0.6688089611950283,0.7028030951999482,8,9,10,ML_CTL_45_0008
CTL,45.0,1022.0,9.0,12.0,27.473684310913086,270.0,-1.0,-1.8369701987210297e-16,-1.0,-1.8369701987210297e-16,3.126434087753296,8.901779174804688,218.40200805664062,4.4266434997553006e-05,66.58598327636719,-1.9791650772094727,2.5443899631500244,240.25857543945312,0.00030746107222512364,44.359275817871094,-1.57378351688385,-2.077664613723755,267.2916259765625,0.004461010452359915,89.81371307373047,-0.6537929773330688,-0.6113126873970032,281.9676818847656,0.007401246577501297,73.14447021484375,0.5370886921882629,3.6122920513153076,288.7387390136719,0.011218042112886906,85.70559692382812,2.55981558439089e-05,2.3339211111306213e-05,5.8892598152160645,-0.10864375531673431,2.4738967418670654,2.55981558439089e-05,4.08294508815743e-05,72.55065155029297,1.3007721900939941,0.6051362585143527,0.42691290623220146,8,10,10,ML_CTL_45_0008
CTL,45.0,1049.0,9.0,6.0,33.157894134521484,287.5,-0.9537169507482268,0.30070579950427345,-1.0,-1.8369701987210297e-16,2.2006006240844727,-5.608966827392578,216.56874084472656,4.6904784539947286e-05,84.27767944335938,0.8349043726921082,-3.4358184337615967,240.5988006591797,0.0007366925128735602,110.37435913085938,-3.104624032974243,-8.105013847351074,268.5562438964844,0.005358237773180008,98.6564712524414,1.174386978149414,-3.9781558513641357,279.8472595214844,0.007851948030292988,89.66229248046875,1.358966588973999,-1.6904298067092896,289.45928955078125,0.01033612061291933,75.62662506103516,3.0134870030451566e-05,2.6918158255284652e-05,4.007902145385742,0.49284690618515015,-4.563676834106445,3.0134870030451566e-05,4.201997217023745e-05,73.29834747314453,0.7298159003257751,0.5766637363817323,0.30909250469835614,9,1,8,ML_CTL_45_0009
CTL,45.0,1050.0,9.0,12.0,33.157894134521484,287.5,-0.9537169507482268,0.30070579950427345,-1.0,-1.8369701987210297e-16,1.6291228532791138,-5.377442359924316,216.9752197265625,4.9827191105578095e-05,85.63874816894531,0.5178003311157227,-3.32528018951416,239.80947875976562,0.0005586768966168165,93.51663208007812,-4.41157865524292,-6.441333770751953,268.1198425292969,0.0048138718120753765,91.10701751708984,-0.2187882959842682,-2.932826519012451,280.85943603515625,0.007864017970860004,83.80753326416016,0.9125517010688782,-0.5025509595870972,289.3741455078125,0.010314134880900383,75.87287139892578,3.246743654017337e-05,1.9073575458605774e-05,4.92727518081665,-0.314178466796875,-3.7158865928649902,3.246743654017337e-05,3.817839751718566e-05,72.98460388183594,0.9844078421592712,0.6047517520368892,0.4253040032629878,9,2,8,ML_CTL_45_0009
CTL,45.0,1051.0,9.0,18.0,33.157894134521484,287.5,-0.9537169507482268,0.30070579950427345,-1.0,-1.8369701987210297e-16,0.4190499782562256,-2.827972888946533,217.01905822753906,4.8903162678470835e-05,83.92513275146484,-2.029388427734375,-1.938817024230957,239.62368774414062,0.00039177588769234717,68.99614715576172,-5.321084022521973,-7.179966449737549,268.1206359863281,0.003903585486114025,73.66560363769531,-0.597419798374176,-2.6602108478546143,281.6546936035156,0.007810232695192099,78.82061767578125,1.3087033033370972,0.040391404181718826,289.5728454589844,0.010275157168507576,74.6069107055664,3.262069003540091e-05,1.5732804968138225e-05,3.003164529800415,-1.2440277338027954,-2.9133152961730957,3.262069003540091e-05,4.539670771919191e-05,72.76688385009766,0.9255490303039551,0.7213323628297051,0.9510801987881392,9,3,8,ML_CTL_45_0009
CTL,45.0,1052.0,9.0,0.0,33.157894134521484,287.5,-0.9537169507482268,0.30070579950427345,-1.0,-1.8369701987210297e-16,0.8430997133255005,-2.2301993370056152,217.0413360595703,4.008130053989589e-05,69.19884490966797,-2.4799001216888428,-1.1213955879211426,239.4932403564453,0.0002803560346364975,51.4292106628418,-8.708489418029785,-6.2159552574157715,268.2960205078125,0.002992615569382906,54.650516510009766,-2.2477898597717285,-1.8224238157272339,281.6611328125,0.007866716012358665,79.34210205078125,0.5110355615615845,0.5272045135498047,289.2677001953125,0.010443360544741154,77.26786804199219,3.315946742077358e-05,1.7167683836305514e-05,2.7773265838623047,-2.4164090156555176,-2.1725540161132812,3.315946742077358e-05,5.602117380476557e-05,72.47344207763672,2.2078118324279785,0.8509303767017419,1.7419168444482764,9,4,8,ML_CTL_45_0009
CTL,45.0,1053.0,9.0,6.0,33.157894134521484,287.5,-0.9537169507482268,0.30070579950427345,-1.0,-1.8369701987210297e-16,2.737501859664917,-3.258131265640259,216.91957092285156,3.5849050618708134e-05,63.51849365234375,-2.7390828132629395,-1.678908348083496,239.2274627685547,0.0002133051020791754,40.76963424682617,-8.343295097351074,-2.2175490856170654,268.03857421875,0.0033032523933798075,61.223331451416016,-2.306302547454834,-0.5825853943824768,281.65545654296875,0.0077411700040102005,78.16008758544922,0.37616220116615295,0.9739430546760559,288.829833984375,0.010623564012348652,80.81322479248047,3.3867821912281215e-05,2.473593303875532e-05,4.846274375915527,-2.0550031661987305,-1.3526461124420166,3.3867821912281215e-05,5.411223173723556e-05,74.0219955444336,2.4232122898101807,0.8712683718105583,1.9122202128911248,9,5,8,ML_CTL_45_0009
CTL,45.0,1054.0,9.0,12.0,33.157894134521484,287.5,-0.9537169507482268,0.30070579950427345,-1.0,-1.8369701987210297e-16,2.0784194469451904,-4.445974349975586,216.8499755859375,3.176379686919972e-05,57.454898834228516,-4.35692834854126,0.016730554401874542,238.96888732910156,0.00020678044529631734,37.78293991088867,-6.001638412475586,-0.2992924749851227,267.6997375488281,0.00429626926779747,83.6918716430664,-2.825669050216675,1.0866791009902954,281.6702880859375,0.007804089691489935,78.79986572265625,-0.3059440851211548,2.3679440021514893,288.82037353515625,0.010415391996502876,79.31625366210938,3.481413295958191e-05,2.4197643142542802e-05,7.219048976898193,-2.2823522090911865,-0.25478261709213257,3.481413295958191e-05,4.2155916162300855e-05,73.79591369628906,2.866574287414551,0.8332853612397159,1.6090925531188849,9,6,8,ML_CTL_45_0009
CTL,45.0,1055.0,9.0,18.0,33.157894134521484,287.5,-0.9537169507482268,0.30070579950427345,-1.0,-1.8369701987210297e-16,1.0407826900482178,-3.621535062789917,216.91000366210938,2.6578907636576332e-05,47.8777961730957,-3.630819320678711,1.3434022665023804,238.95697021484375,0.000261179287917912,43.105010986328125,-5.524786949157715,0.281286358833313,267.732177734375,0.004870688542723656,95.59618377685547,-1.820733904838562,3.324157476425171,280.97772216796875,0.007855101488530636,83.09349822998047,0.5649476051330566,3.8527822494506836,289.0277404785156,0.010221423581242561,76.81620025634766,3.140585613436997e-05,2.4475901227560826e-05,7.489448547363281,-1.874121904373169,1.0360186100006104,3.140585613436997e-05,5.1139882998541e-05,74.7829818725586,2.4624733924865723,0.7822083192912125,1.2785820851845342,9,7,8,ML_CTL_45_0009
CTL,45.0,1056.0,9.0,0.0,31.263158798217773,285.0,-0.9659258262890684,0.2588190451025203,-1.0,-1.8369701987210297e-16,4.045230388641357,-5.169369220733643,216.55288696289062,5.468738891067915e-05,99.88056945800781,-4.207098484039307,-0.6728466153144836,241.235107421875,0.0008077924721874297,111.35169219970703,-6.825839519500732,1.844030499458313,268.2201843261719,0.005358787719160318,101.49418640136719,-2.7820346355438232,0.757475733757019,280.32159423828125,0.008318689651787281,91.9216537475586,-0.686062753200531,1.3763506412506104,288.873046875,0.01063902024179697,80.82272338867188,2.8641943572438322e-05,4.983402686775662e-05,8.076607704162598,-2.091161012649536,-0.3728718161582947,2.8641943572438322e-05,5.176453851163387e-05,75.57907104492188,1.372658610343933,0.58061888419723,0.325314485619582,9,8,8,ML_CTL_45_0009
CTL,45.0,1075.0,9.0,18.0,21.789474487304688,297.5,-0.8870108331782216,0.4617486132350341,-1.0,-1.8369701987210297e-16,-4.4551262855529785,4.235933780670166,217.9482421875,6.665114779025316e-05,100.58191680908203,-0.9638448357582092,8.732247352600098,243.05535888671875,0.001028631697408855,122.56829833984375,-2.6499581336975098,7.048630714416504,267.9224853515625,0.005210695788264275,101.90045166015625,-3.0927600860595703,3.8967881202697754,277.9122314453125,0.007199357263743877,94.0665512084961,-5.096568584442139,2.1607415676116943,289.59051513671875,0.011310460045933723,82.04414367675781,3.9526072214357555e-05,6.303060945356265e-05,2.1720659732818604,-3.2516517639160156,5.214868068695068,3.9526072214357555e-05,7.012068817857653e-05,81.82281494140625,2.1720659732818604,0.5558205052681041,0.2242166617250716,10,1,14,ML_CTL_45_0010
CTL,45.0,1077.0,9.0,6.0,21.789474487304688,295.0,-0.9063077870366498,0.4226182617406996,-1.0,-1.8369701987210297e-16,-11.276854515075684,6.196764945983887,217.00770568847656,4.4178821553941816e-05,76.47442626953125,-2.5503485202789307,6.584511756896973,240.02813720703125,0.00038016849430277944,62.08631896972656,2.9461958408355713,4.753159999847412,266.98541259765625,0.0038854489102959633,79.25177764892578,0.2879701852798462,2.781668186187744,279.28466796875,0.006820638198405504,81.08273315429688,-2.067286252975464,2.087740182876587,290.2366027832031,0.010122782550752163,70.30065155029297,3.730230309884064e-05,5.260452599031851e-05,10.0846529006958,-2.53206467628479,4.480769157409668,3.858688069158234e-05,5.864756531082094e-05,75.45447540283203,0.997431218624115,0.7773793727858747,1.2504593849929888,10,2,14,ML_CTL_45_0010
CTL,45.0,1080.0,9.0,0.0,23.6842098236084,295.0,-0.9063077870366498,0.4226182617406996,-1.0,-1.8369701987210297e-16,-9.160590171813965,9.088106155395508,216.83731079101562,4.145803177380003e-05,73.6003646850586,-5.185483932495117,4.430001258850098,239.90512084960938,0.00021821181871928275,39.27702331542969,-0.3676605820655823,2.52935528755188,267.34722900390625,0.0032384381629526615,65.59725952148438,-2.290088415145874,1.8713648319244385,281.8185119628906,0.00706350477412343,70.43801879882812,-2.859654426574707,1.6432255506515503,289.9969482421875,0.010383365675807,73.31527709960938,3.959495370509103e-05,2.8854004995082505e-05,9.753360748291016,-3.9726951122283936,3.912410259246826,3.959495370509103e-05,3.903728793375194e-05,70.4350357055664,1.9720203876495361,0.8381663407431559,1.6446475650842425,10,3,14,ML_CTL_45_0010
CTL,45.0,1081.0,9.0,6.0,23.6842098236084,292.5,-0.9238795325112866,0.38268343236509,-1.0,-1.8369701987210297e-16,-7.184928894042969,2.0396857261657715,216.12680053710938,4.6215202019084245e-05,90.12330627441406,-6.294677734375,0.45601335167884827,238.92323303222656,0.00033312637242488563,62.98831558227539,-2.912060260772705,1.0942214727401733,266.49835205078125,0.004562657792121172,98.2038803100586,-3.8042945861816406,0.7735065221786499,281.9788818359375,0.007445806171745062,73.43771362304688,-3.200533628463745,0.5591731071472168,289.4888000488281,0.01050993800163269,76.6233901977539,3.907952850568108e-05,3.495396231301129e-05,4.250567436218262,-4.6792988777160645,0.9845200777053833,3.907952850568108e-05,3.495396231301129e-05,71.0839614868164,0.721708357334137,0.7041884236475148,0.867323282320575,10,4,14,ML_CTL_45_0010
CTL,45.0,1082.0,9.0,12.0,23.6842098236084,292.5,-0.9238795325112866,0.38268343236509,-1.0,-1.8369701987210297e-16,-8.464306831359863,0.940129280090332,216.13385009765625,5.395415792008862e-05,105.9150619506836,-8.020503044128418,0.14180821180343628,238.7725830078125,0.00025535066379234195,52.453765869140625,-2.252183675765991,1.6440500020980835,266.1321716308594,0.004107039421796799,90.06603240966797,-1.8835572004318237,2.3618102073669434,282.1003723144531,0.0076627228409051895,74.97858428955078,-1.2149451971054077,1.3290741443634033,289.5299377441406,0.010278710164129734,74.74295806884766,4.119553341297433e-05,3.129738979623653e-05,7.2597880363464355,-4.367098808288574,1.2833744287490845,4.119553341297433e-05,3.304230995127e-05,71.56016540527344,1.4302306175231934,0.5816919170869617,0.3297227539852656,10,5,14,ML_CTL_45_0010
CTL,45.0,1083.0,9.0,18.0,23.6842098236084,290.0,-0.9396926207859083,0.342020143325669,-1.0,-1.8369701987210297e-16,-9.520011901855469,-3.1033437252044678,215.2510223388672,4.2707659304142e-05,89.69165802001953,-8.179608345031738,-2.4681572914123535,239.42576599121094,0.000635120493825525,108.03121948242188,-3.9556832313537598,-0.04440990462899208,268.8644714355469,0.0054940879344940186,98.48111724853516,-3.129798650741577,-0.7389143705368042,281.2928161621094,0.008386049419641495,86.7166748046875,-2.62801456451416,-1.6152540445327759,289.29461669921875,0.010661200620234013,78.79449462890625,4.335776611696929e-05,3.72837130271364e-05,7.05081844329834,-5.482623100280762,-1.5940158367156982,4.40460498793982e-05,3.72837130271364e-05,68.43191528320312,4.508387088775635,0.636310869318338,0.5593877660075637,10,6,14,ML_CTL_45_0010
CTL,45.0,1084.0,9.0,0.0,23.6842098236084,290.0,-0.9396926207859083,0.342020143325669,-1.0,-1.8369701987210297e-16,-8.487273216247559,-2.029123544692993,215.18955993652344,3.5220557037973776e-05,74.05912780761719,-7.412082195281982,-2.950857639312744,239.0005645751953,0.0005988687626086175,106.70002746582031,-4.489123821258545,0.3292143940925598,268.58233642578125,0.0051874564960598946,94.7803955078125,-3.6779706478118896,-0.6045693755149841,281.8283996582031,0.008665280416607857,86.35997009277344,-3.1831846237182617,-0.8941295146942139,289.4373474121094,0.010541889816522598,77.22945404052734,4.622259075404145e-05,4.102574530406855e-05,5.42416524887085,-5.449926853179932,-1.2298930883407593,4.622259075404145e-05,4.2728290281957015e-05,68.12956237792969,1.1857973337173462,0.7894932208653564,1.3218733895221306,10,7,14,ML_CTL_45_0010
CTL,45.0,1085.0,9.0,6.0,23.6842098236084,290.0,-0.9396926207859083,0.342020143325669,-1.0,-1.8369701987210297e-16,-7.556232929229736,-1.9052783250808716,215.55355834960938,4.1962375689763576e-05,87.07444763183594,-6.284717082977295,-4.889944553375244,238.6754608154297,0.0004947604611515999,93.44741821289062,-3.761110305786133,1.5137567520141602,267.79705810546875,0.004387120250612497,83.97789764404297,-2.7308273315429688,1.2362840175628662,282.2665710449219,0.009257283061742783,89.62076568603516,-1.7551919221878052,0.9964587092399597,289.4954833984375,0.010405034758150578,75.90882873535156,4.36664886365179e-05,3.478746657492593e-05,6.486305236816406,-4.41761589050293,-0.609744668006897,4.36664886365179e-05,4.81872666568961e-05,69.80652618408203,3.2237000465393066,0.7046545223197813,0.869561861536152,10,8,14,ML_CTL_45_0010
CTL,45.0,1086.0,9.0,12.0,23.6842098236084,287.5,-0.9537169507482268,0.30070579950427345,-1.0,-1.8369701987210297e-16,-1.7880860567092896,-5.337393283843994,215.2340850830078,4.2418705561431125e-05,90.10150909423828,-5.286651611328125,-4.859394550323486,239.70469665527344,0.0006572259590029716,108.42112731933594,-6.691381931304932,0.2283301055431366,268.7186584472656,0.0054853237234056,99.46029663085938,-5.703378200531006,-0.7420756816864014,281.8713684082031,0.008659334853291512,86.0489730834961,-4.479761600494385,-1.2986375093460083,289.5185852050781,0.010957282967865467,79.7657699584961,4.492176230996847e-05,4.3828571506310254e-05,4.85352087020874,-4.789851665496826,-2.40183424949646,4.492176230996847e-05,4.950425136485137e-05,66.36804962158203,4.85352087020874,0.6980323313812986,0.8379454676303153,10,9,14,ML_CTL_45_0010
CTL,45.0,1087.0,9.0,18.0,23.6842098236084,287.5,-0.9537169507482268,0.30070579950427345,-1.0,-1.8369701987210297e-16,-0.27169498801231384,-4.424304008483887,215.5458221435547,4.098123463336378e-05,83.90718078613281,-3.0102438926696777,-4.948868274688721,239.39874267578125,0.0005379654467105865,92.7666244506836,-4.785130500793457,0.5427895784378052,268.7204895019531,0.005201353691518307,93.82070922851562,-3.890768527984619,0.19070686399936676,282.2818603515625,0.008741552010178566,84.5125961303711,-3.1330349445343018,-0.2178076058626175,289.72283935546875,0.010862809605896473,78.07229614257812,4.547938806354068e-05,3.703312904690392e-05,5.087423324584961,-3.018174648284912,-1.7714967727661133,4.547938806354068e-05,5.8090416132472456e-05,66.35990905761719,4.776121616363525,0.7624158840446336,1.1659704531751816,10,10,14,ML_CTL_45_0010
CTL,45.0,1088.0,9.0,0.0,23.6842098236084,287.5,-0.9537169507482268,0.30070579950427345,-1.0,-1.8369701987210297e-16,0.16876128315925598,-4.109329700469971,216.66798400878906,4.41678857896477e-05,80.21504974365234,-1.6446871757507324,-5.764579772949219,239.02752685546875,0.00031921302434057,59.338294982910156,-4.053771495819092,0.7980459332466125,268.1999206542969,0.004342805128544569,79.76160430908203,-3.6789495944976807,0.8959941864013672,282.55035400390625,0.008743733167648315,82.99507904052734,-2.516427516937256,1.0800576210021973,289.9252624511719,0.0107219647616148,76.04352569580078,4.039187842863612e-05,2.9077828003210016e-05,5.842942714691162,-2.345015048980713,-1.4199621677398682,4.039187842863612e-05,6.036934064468369e-05,65.8519058227539,1.3058193922042847,0.8121904647304805,1.4643065361138143,10,11,14,ML_CTL_45_0010
CTL,45.0,1089.0,9.0,6.0,23.6842098236084,285.0,-0.9659258262890684,0.2588190451025203,-1.0,-1.8369701987210297e-16,4.6266770362854,-6.798760414123535,216.1983642578125,3.184526940458454e-05,60.9124641418457,1.6256037950515747,-4.883523464202881,238.740234375,0.0003579077310860157,65.39274597167969,-7.832859516143799,-1.7792140245437622,268.25518798828125,0.004689123015850782,86.4300537109375,-7.472819805145264,-2.3122341632843018,282.4434814453125,0.0082854013890028,79.22859191894531,-5.113361835479736,-0.9267926216125488,289.6763000488281,0.011371049098670483,81.8669204711914,3.797492536250502e-05,2.884079731302336e-05,11.37314224243164,-2.8333518505096436,-3.340104579925537,3.797492536250502e-05,5.073452848591842e-05,66.3761215209961,5.040772914886475,0.8141308682656311,1.4770782916556042,10,12,14,ML_CTL_45_0010
CTL,45.0,1090.0,9.0,12.0,23.6842098236084,285.0,-0.9659258262890684,0.2588190451025203,-1.0,-1.8369701987210297e-16,4.950403213500977,-5.821783065795898,216.72813415527344,4.1624709410825744e-05,76.32289123535156,3.091796398162842,-5.108913421630859,238.2442169189453,0.0002702095953281969,52.830078125,-6.013243198394775,-0.7876588106155396,267.6635437011719,0.00433178199455142,82.29218292236328,-5.857746124267578,-0.28192684054374695,282.25018310546875,0.008029009215533733,77.78858947753906,-3.1074907779693604,0.815900444984436,289.5896301269531,0.011276797391474247,81.64535522460938,3.897902206517756e-05,2.467380545567721e-05,10.4397554397583,-1.3872560262680054,-2.2368762493133545,3.897902206517756e-05,4.3128366087330505e-05,67.8914794921875,6.399357318878174,0.7357187359511647,1.0238339633086877,10,13,14,ML_CTL_45_0010
CTL,45.0,1091.0,9.0,18.0,23.6842098236084,285.0,-0.9659258262890684,0.2588190451025203,-1.0,-1.8369701987210297e-16,4.988160610198975,-3.826693058013916,217.49681091308594,4.70888517156709e-05,78.69828033447266,4.603285789489746,-4.433793067932129,238.32725524902344,0.0002519035479053855,49.60238265991211,-3.1574740409851074,0.3310323655605316,267.3901672363281,0.004102191422134638,79.56263732910156,-2.794735908508301,1.9098128080368042,282.1009216308594,0.007664916105568409,74.99396514892578,-0.7621490955352783,2.0206451416015625,290.09832763671875,0.01070358045399189,75.04866790771484,3.720194581546821e-05,2.328437585674692e-05,8.201062202453613,0.5754173994064331,-0.7997992634773254,3.720194581546821e-05,4.2218885937472805e-05,65.80477142333984,4.877732276916504,0.7042656895010363,0.8676942332454607,10,14,14,ML_CTL_45_0010
