experiment,year,time_index,month,hour,lat,lon,lon_sin,lon_cos,month_sin,month_cos,u_200,v_200,t_200,q_200,rh_200,u_300,v_300,t_300,q_300,rh_300,u_500,v_500,t_500,q_500,rh_500,u_700,v_700,t_700,q_700,rh_700,u_850,v_850,t_850,q_850,rh_850,zeta_850,zeta_500,wshear_850_200,steer_u_850_200,steer_v_850_200,zeta850_max_r500,zeta500_max_r500,rh700_mean_r500,shear_min_r500,prob_tc,decision_score,track_id,life_step,lifetime_steps,global_track_id
GGW,113.0,753.0,7.0,6.0,33.157894134521484,280.0,-0.9848077530122081,0.17364817766692997,-0.4999999999999997,-0.8660254037844388,4.832090854644775,4.645410537719727,218.025390625,6.646317342529073e-05,99.92249298095703,4.314696311950684,3.2314860820770264,242.0288848876953,0.0008619124419055879,111.26559448242188,-1.117535948753357,2.7864608764648438,269.1665344238281,0.005721392575651407,100.47418212890625,-0.15331201255321503,1.0089083909988403,280.2214050292969,0.007992382161319256,88.98243713378906,1.7781487703323364,1.0781906843185425,290.36175537109375,0.01182492170482874,81.52233123779297,4.616406295099296e-05,4.410825204104185e-05,4.695915222167969,1.9308178424835205,2.55009126663208,4.616406295099296e-05,5.276844240142964e-05,67.10729217529297,2.932817220687866,0.6214575326772941,0.4957393126629066,1,1,10,ML_GGW_113_0001
GGW,113.0,754.0,7.0,12.0,33.157894134521484,280.0,-0.9848077530122081,0.17364817766692997,-0.4999999999999997,-0.8660254037844388,3.7684435844421387,5.772892475128174,217.88360595703125,6.776072405045852e-05,103.32754516601562,4.653217792510986,3.8484089374542236,242.97189331054688,0.0009850314818322659,114.84927368164062,0.7147588133811951,2.092133045196533,269.4125061035156,0.005857090465724468,101.2314682006836,1.5522090196609497,0.2806737720966339,280.12274169921875,0.008519962430000305,95.42765808105469,2.4545865058898926,0.6693276166915894,289.07879638671875,0.011510368436574936,86.27857971191406,5.074061846244149e-05,5.3469426347874105e-05,5.269970893859863,2.628643035888672,2.532687187194824,5.074061846244149e-05,5.3469426347874105e-05,67.37632751464844,2.578364133834839,0.6265940375719783,0.5176326640296653,1,2,10,ML_GGW_113_0001
GGW,113.0,755.0,7.0,18.0,33.157894134521484,280.0,-0.9848077530122081,0.17364817766692997,-0.4999999999999997,-0.8660254037844388,0.3169132471084595,5.238772392272949,218.8852081298828,7.481667853426188e-05,99.8655014038086,6.208927631378174,3.616417646408081,243.9606170654297,0.0010878347093239427,115.768310546875,6.520695209503174,-0.3104683756828308,269.4789733886719,0.005898008123040199,101.50188446044922,4.191987991333008,-1.8074012994766235,280.52947998046875,0.008777033537626266,95.60657501220703,3.5851709842681885,-0.41295745968818665,288.5045471191406,0.011657091788947582,90.67326354980469,5.3809682867722586e-05,6.0236237914068624e-05,6.528672218322754,4.164738655090332,1.2648725509643555,5.3809682867722586e-05,6.0236237914068624e-05,67.53437042236328,3.7231571674346924,0.6488495447245581,0.6139860843866805,1,3,10,ML_GGW_113_0001
GGW,113.0,756.0,7.0,0.0,35.05263137817383,282.5,-0.9762960071199335,0.21643961393810246,-0.4999999999999997,-0.8660254037844388,6.729449272155762,9.317097663879395,219.39352416992188,7.976603228598833e-05,99.87940216064453,8.967188835144043,4.558231353759766,244.14633178710938,0.0011132026556879282,117.4757080078125,3.810678005218506,-0.9098228216171265,269.4395751953125,0.005857257172465324,101.33200073242188,0.9680681824684143,-2.009068489074707,280.36077880859375,0.008781050331890583,96.7780532836914,0.3453076183795929,-0.7991366386413574,288.6388854980469,0.011341379024088383,87.47108459472656,6.247405690373853e-05,6.157843017717823e-05,11.962250709533691,4.1641387939453125,2.0314602851867676,6.247405690373853e-05,6.158705946290866e-05,67.62297821044922,6.969166278839111,0.664585608846557,0.6837969459260769,1,4,10,ML_GGW_113_0001
GGW,113.0,757.0,7.0,6.0,35.05263137817383,285.0,-0.9659258262890684,0.2588190451025203,-0.4999999999999997,-0.8660254037844388,5.399810791015625,8.702507019042969,218.73214721679688,7.312260277103633e-05,99.87263488769531,10.926125526428223,5.330616474151611,243.75872802734375,0.0010610406752675772,114.22383117675781,10.595239639282227,3.3483970165252686,269.3113098144531,0.005809130147099495,101.43165588378906,8.166181564331055,2.030906915664673,280.5399475097656,0.008677731268107891,94.49872589111328,7.103252410888672,3.2627947330474854,287.982421875,0.01122349128127098,90.33009338378906,7.214379002107307e-05,7.128753350116313e-05,5.700191497802734,8.438121795654297,4.535044193267822,7.214379002107307e-05,7.128753350116313e-05,70.42407989501953,5.523991107940674,0.709825195931353,0.8945352227722982,1,5,10,ML_GGW_113_0001
GGW,113.0,758.0,7.0,12.0,36.94736862182617,287.5,-0.9537169507482268,0.30070579950427345,-0.4999999999999997,-0.8660254037844388,10.854043006896973,14.455218315124512,218.46876525878906,7.139095396269113e-05,100.36341094970703,13.896753311157227,8.31947135925293,243.0675048828125,0.0010142161045223475,120.23435974121094,9.501958847045898,3.6222190856933594,269.2723388671875,0.005797078367322683,101.32266998291016,3.4803450107574463,1.5916316509246826,279.7090148925781,0.008389790542423725,96.77667999267578,1.4893616437911987,2.209419012069702,288.4508972167969,0.011825752444565296,92.29547882080078,7.946075493237004e-05,6.268660945352167e-05,15.416123390197754,7.844492435455322,6.0395917892456055,7.946075493237004e-05,6.268660945352167e-05,67.85901641845703,6.640002250671387,0.6328051809699764,0.544270054542032,1,6,10,ML_GGW_113_0001
GGW,113.0,759.0,7.0,18.0,36.94736862182617,290.0,-0.9396926207859083,0.342020143325669,-0.4999999999999997,-0.8660254037844388,11.452159881591797,14.751984596252441,218.72918701171875,6.60290606901981e-05,90.61763000488281,14.977807998657227,9.65009593963623,242.5126190185547,0.000906975066754967,111.56816101074219,16.124055862426758,4.5780110359191895,269.5881042480469,0.005784420762211084,97.83750915527344,10.327218055725098,4.055396556854248,281.1536865234375,0.008692733012139797,90.86034393310547,8.224061012268066,5.113180637359619,288.7760009765625,0.01180892251431942,90.31568908691406,8.32886144053191e-05,5.549241541302763e-05,10.164996147155762,12.221059799194336,7.629734039306641,8.32886144053191e-05,5.6240671256091446e-05,68.50939178466797,4.836700439453125,0.723999502593972,0.9643880374493001,1,7,10,ML_GGW_113_0001
GGW,113.0,760.0,7.0,0.0,38.842105865478516,292.5,-0.9238795325112866,0.38268343236509,-0.4999999999999997,-0.8660254037844388,20.443540573120117,19.528308868408203,218.75436401367188,7.002789789112285e-05,96.93155670166016,18.317672729492188,12.39452075958252,240.642578125,0.0006813713698647916,102.59217834472656,10.431604385375977,3.5897841453552246,268.8747253417969,0.005559029523283243,98.90614318847656,2.7204885482788086,3.3509113788604736,280.091796875,0.008380853570997715,94.17559051513672,-0.7034727334976196,4.358448028564453,288.77239990234375,0.012051933445036411,92.09281921386719,7.967833516886458e-05,4.924254244542681e-05,26.025388717651367,10.24196720123291,8.644393920898438,7.967833516886458e-05,4.980776793672703e-05,65.2863540649414,2.926069974899292,0.6781372881998169,0.7452246636545268,1,8,10,ML_GGW_113_0001
GGW,113.0,761.0,7.0,6.0,38.842105865478516,295.0,-0.9063077870366498,0.4226182617406996,-0.4999999999999997,-0.8660254037844388,24.910871505737305,17.88320541381836,219.05291748046875,7.161992107285187e-05,94.29464721679688,19.634035110473633,14.21073055267334,240.02394104003906,0.0005359099013730884,90.50208282470703,14.339298248291016,5.531997203826904,268.4467468261719,0.004970269277691841,89.43405151367188,6.869452953338623,5.274817943572998,281.35675048828125,0.008775445632636547,90.31596374511719,3.017441987991333,5.944037437438965,289.1531677246094,0.01271900162100792,94.8031997680664,8.241743489634246e-05,3.600264972192235e-05,24.937240600585938,13.754219055175781,9.76895809173584,8.241743489634246e-05,3.600264972192235e-05,69.73971557617188,1.1383848190307617,0.7501541702810106,1.0994346992682082,1,9,10,ML_GGW_113_0001
GGW,113.0,762.0,7.0,12.0,38.842105865478516,295.0,-0.9063077870366498,0.4226182617406996,-0.4999999999999997,-0.8660254037844388,28.48674201965332,20.58209800720215,219.99179077148438,8.044324204092845e-05,95.34011840820312,22.885398864746094,16.545286178588867,239.37078857421875,0.00039359406218864024,71.90864562988281,15.065925598144531,5.645173072814941,266.27691650390625,0.0018544665072113276,39.36149597167969,9.551445007324219,1.720551609992981,282.5597229003906,0.008302307687699795,78.76935577392578,6.323644161224365,1.5127391815185547,289.5342712402344,0.012187440879642963,88.66739654541016,8.468927262583748e-05,3.117431333521381e-05,29.237703323364258,16.462631225585938,9.20116901397705,8.468927262583748e-05,4.682775033870712e-05,67.37921905517578,0.8792604804039001,0.8211633670710101,1.5242493512204969,1,10,10,ML_GGW_113_0001
GGW,113.0,763.0,7.0,18.0,44.52631759643555,282.5,-0.9762960071199335,0.21643961393810246,-0.4999999999999997,-0.8660254037844388,23.640987396240234,-16.131635665893555,219.71786499023438,3.483925320324488e-05,38.505760192871094,22.69485092163086,-12.992051124572754,236.79429626464844,0.0002565214817877859,65.1075439453125,19.99683380126953,-7.451601982116699,263.7893981933594,0.0010231327032670379,28.285213470458984,14.90914249420166,-4.3925275802612305,283.3836364746094,0.005656417924910784,48.61012649536133,12.4563570022583,1.0945115089416504,293.1168212890625,0.015041776932775974,87.2313232421875,4.8617617721902207e-05,1.8465250832377933e-05,20.53864860534668,18.739635467529297,-7.974661350250244,4.9461963499197736e-05,6.178307376103476e-05,55.33860397338867,10.18974494934082,0.5798101413797173,0.32199405403330683,2,1,23,ML_GGW_113_0002
GGW,113.0,764.0,7.0,0.0,44.52631759643555,285.0,-0.9659258262890684,0.2588190451025203,-0.4999999999999997,-0.8660254037844388,19.270477294921875,-4.7890167236328125,219.3829345703125,4.793364860233851e-05,62.79740905761719,17.21169662475586,-4.820235729217529,236.80177307128906,0.0003447381313890219,86.34578704833984,15.366050720214844,-4.806662559509277,262.43292236328125,0.0010692999931052327,33.0609245300293,10.572209358215332,-1.616057276725769,280.4901428222656,0.0066139549016952515,70.07704162597656,10.50621509552002,-1.9758409261703491,291.74578857421875,0.015124604105949402,95.57817840576172,6.142751954030246e-05,4.834037827095017e-05,9.204686164855957,14.58533000946045,-3.601562976837158,6.142751954030246e-05,6.376020610332489e-05,65.85453796386719,4.95429801940918,0.7302546882846909,0.9959151374792294,2,2,23,ML_GGW_113_0002
GGW,113.0,765.0,7.0,6.0,46.421051025390625,285.0,-0.9659258262890684,0.2588190451025203,-0.4999999999999997,-0.8660254037844388,10.597641944885254,-4.678733825683594,217.919189453125,4.705385799752548e-05,72.27970886230469,5.840846538543701,-5.142218589782715,237.59808349609375,0.0004199145478196442,91.62409973144531,4.969620704650879,-0.5524322390556335,260.7738952636719,0.0015280303778126836,55.34194564819336,5.555116176605225,-1.8710342645645142,278.7336120605469,0.006751436274498701,82.0190200805664,3.929558038711548,-3.298229932785034,290.30096435546875,0.014099285937845707,97.65792083740234,5.798468191642314e-05,5.2030452934559435e-05,6.809488773345947,6.178556442260742,-3.108529806137085,5.798468191642314e-05,6.634496821789071e-05,72.96257019042969,4.831151962280273,0.735313250248173,1.0217495488585255,2,3,23,ML_GGW_113_0002
GGW,113.0,766.0,7.0,12.0,46.421051025390625,287.5,-0.9537169507482268,0.30070579950427345,-0.4999999999999997,-0.8660254037844388,7.214562892913818,-0.982685387134552,216.40728759765625,4.582383917295374e-05,89.26092529296875,2.980522632598877,-0.5957484841346741,235.3306121826172,0.0003377886605449021,94.90933227539062,0.9220959544181824,1.501355767250061,262.6296691894531,0.003222026862204075,98.6063003540039,1.7444570064544678,0.31065887212753296,280.1368408203125,0.008534968830645084,94.99561309814453,2.0809264183044434,1.9984676837921143,290.00140380859375,0.014023096300661564,99.07372283935547,8.02244758233428e-05,2.6123558200197294e-05,5.936454772949219,2.988513231277466,0.4464097023010254,8.02244758233428e-05,6.44916872261092e-05,82.20964813232422,0.3677571713924408,0.6922299646784064,0.8105653537774802,2,4,23,ML_GGW_113_0002
GGW,113.0,767.0,7.0,18.0,46.421051025390625,287.5,-0.9537169507482268,0.30070579950427345,-0.4999999999999997,-0.8660254037844388,7.657792091369629,-2.307797908782959,214.94674682617188,4.5591314119519666e-05,100.22352600097656,3.843548536300659,-1.2735161781311035,237.85487365722656,0.0003656403860077262,79.4911117553711,-1.3120510578155518,-0.02824356220662594,263.77764892578125,0.0034965104423463345,96.65340423583984,-0.3713511824607849,-1.9392516613006592,280.00762939453125,0.008391610346734524,94.41490173339844,0.5565946102142334,-1.0322670936584473,289.1505126953125,0.013544605113565922,101.06352233886719,9.510124800726771e-05,3.7766465538879856e-05,7.214844703674316,2.074906826019287,-1.3162152767181396,9.510124800726771e-05,6.233632302610204e-05,83.71533966064453,1.8280739784240723,0.8291928645075322,1.5799177178816581,2,5,23,ML_GGW_113_0002
GGW,113.0,768.0,7.0,0.0,46.421051025390625,287.5,-0.9537169507482268,0.30070579950427345,-0.4999999999999997,-0.8660254037844388,9.131155967712402,0.23197393119335175,214.125244140625,4.0487102523911744e-05,99.87718963623047,4.892567157745361,-1.6824979782104492,237.92221069335938,0.000471388892037794,98.35955810546875,-2.997668504714966,-1.8793988227844238,264.021240234375,0.003604894271120429,97.75584411621094,-4.111276149749756,-2.1219232082366943,279.71514892578125,0.008293899707496166,95.22076416015625,-4.952354907989502,-0.5077935457229614,288.80615234375,0.013244163244962692,101.01851654052734,9.04764310689643e-05,4.779350638273172e-05,14.102927207946777,0.3924848437309265,-1.1919279098510742,9.04764310689643e-05,5.993440208840184e-05,78.81403350830078,3.1522021293640137,0.7329911615230625,1.0098518831022782,2,6,23,ML_GGW_113_0002
GGW,113.0,769.0,7.0,6.0,44.52631759643555,287.5,-0.9537169507482268,0.30070579950427345,-0.4999999999999997,-0.8660254037844388,4.570016860961914,0.8266620635986328,214.07740783691406,3.7054029235150665e-05,93.7234878540039,2.989461898803711,-2.988086223602295,237.35897827148438,0.0003783252614084631,82.70539855957031,0.3174814283847809,-4.855342864990234,264.0550231933594,0.003060349728912115,83.01265716552734,0.12649571895599365,-3.3653814792633057,278.1427307128906,0.006606703158468008,84.29879760742188,0.5616343021392822,-2.638981819152832,288.4072265625,0.012490776367485523,97.77119445800781,6.981362821534276e-05,4.826494841836393e-05,5.298851013183594,1.7130180597305298,-2.6042261123657227,6.981362821534276e-05,5.770199641119689e-05,74.9604721069336,1.642059564590454,0.7949346162317245,1.3549309940411542,2,7,23,ML_GGW_113_0002
GGW,113.0,770.0,7.0,12.0,44.52631759643555,287.5,-0.9537169507482268,0.30070579950427345,-0.4999999999999997,-0.8660254037844388,4.122982025146484,1.535253882408142,213.2652587890625,3.8364498323062435e-05,108.95232391357422,2.194014310836792,-1.7839610576629639,236.70301818847656,0.00040982713107950985,97.29041290283203,-1.96161949634552,-4.488042831420898,264.5195007324219,0.0030661914497613907,79.93739318847656,-3.6394622325897217,-2.6981401443481445,278.0220642089844,0.007086871191859245,91.28374481201172,-3.3503684997558594,-2.5087692737579346,288.0624084472656,0.012350095435976982,98.8458480834961,6.750062311766669e-05,4.35143883805722e-05,8.497358322143555,-0.5268906950950623,-1.9887319803237915,6.750062311766669e-05,5.6835411669453606e-05,74.35748291015625,1.0850651264190674,0.6103329508315528,0.4487119748803112,2,8,23,ML_GGW_113_0002
GGW,113.0,771.0,7.0,18.0,42.6315803527832,287.5,-0.9537169507482268,0.30070579950427345,-0.4999999999999997,-0.8660254037844388,2.7738611698150635,-1.6219592094421387,214.0469207763672,3.915814158972353e-05,100.43465423583984,0.6545921564102173,-3.819110631942749,236.4196014404297,0.0004682066501118243,112.16356658935547,2.6084418296813965,-6.231838703155518,265.2445983886719,0.003121791873127222,76.62360382080078,1.961909532546997,-6.074577808380127,277.9510803222656,0.006536962930113077,84.31175231933594,1.950292944908142,-6.28335428237915,288.1849365234375,0.012049919925630093,95.64862060546875,7.114360050763935e-05,5.03536248288583e-05,4.733589172363281,1.9898195266723633,-4.806168079376221,7.114360050763935e-05,5.4390351579058915e-05,70.40898132324219,1.0215398073196411,0.6107080294354061,0.45028935897574507,2,9,23,ML_GGW_113_0002
GGW,113.0,772.0,7.0,0.0,42.6315803527832,287.5,-0.9537169507482268,0.30070579950427345,-0.4999999999999997,-0.8660254037844388,3.5000197887420654,-1.2384288311004639,212.8690643310547,3.461501910351217e-05,102.67816162109375,1.3528422117233276,-3.368243932723999,236.87652587890625,0.0004399888275656849,101.17791748046875,-0.3309217095375061,-6.410890102386475,264.800537109375,0.0036180256865918636,92.56867980957031,-2.2558329105377197,-7.51413631439209,277.85675048828125,0.006355038844048977,82.67156219482422,-3.0120584964752197,-6.026684761047363,288.537841796875,0.01150124054402113,89.2137222290039,7.414394349325448e-05,5.84357840125449e-05,8.082979202270508,-0.14919023215770721,-4.91167688369751,7.414394349325448e-05,5.84357840125449e-05,68.8304443359375,1.1387115716934204,0.6429173751223122,0.588049019713301,2,10,23,ML_GGW_113_0002
GGW,113.0,773.0,7.0,6.0,40.73684310913086,287.5,-0.9537169507482268,0.30070579950427345,-0.4999999999999997,-0.8660254037844388,4.826535701751709,-5.426053524017334,215.14173889160156,3.173061486450024e-05,70.11164093017578,0.9302006363868713,-3.1517605781555176,235.7432403564453,0.00033874958171509206,89.07576751708984,4.037346839904785,-8.788931846618652,264.3046569824219,0.0033074445091187954,87.86573791503906,2.8376412391662598,-8.64499282836914,278.28277587890625,0.005848858505487442,73.78107452392578,1.8750613927841187,-8.99799919128418,288.5306396484375,0.011056494899094105,85.84877014160156,6.617523467866704e-05,5.559859346249141e-05,4.633572578430176,2.9013569355010986,-7.001946926116943,6.617523467866704e-05,5.559859346249141e-05,59.65297317504883,0.6418496370315552,0.7652334965724988,1.1815895937749858,2,11,23,ML_GGW_113_0002
GGW,113.0,774.0,7.0,12.0,38.842105865478516,290.0,-0.9396926207859083,0.342020143325669,-0.4999999999999997,-0.8660254037844388,7.6462931632995605,-0.905338704586029,217.18685913085938,3.503711195662618e-05,58.605411529541016,3.2180824279785156,-1.2095969915390015,236.23800659179688,0.00037882456672377884,97.15838623046875,6.384127140045166,-3.119494915008545,264.50799560546875,0.003031113650649786,79.35896301269531,7.035005569458008,-2.6238937377929688,278.7890319824219,0.005422163289040327,66.22588348388672,6.563636779785156,-1.3502157926559448,288.5459289550781,0.010834719054400921,83.96833038330078,6.391259375959635e-05,5.726089875679463e-05,1.170495867729187,6.169428825378418,-1.8417079448699951,6.391259375959635e-05,5.726089875679463e-05,54.46782302856445,1.023497223854065,0.7740404754074618,1.2312682775209152,2,12,23,ML_GGW_113_0002
GGW,113.0,775.0,7.0,18.0,38.842105865478516,290.0,-0.9396926207859083,0.342020143325669,-0.4999999999999997,-0.8660254037844388,7.447027683258057,-3.7650251388549805,217.38623046875,2.8551708965096623e-05,46.868743896484375,3.6422617435455322,-2.1199240684509277,236.03074645996094,0.0003310563915874809,86.06079864501953,4.931933879852295,-4.502312660217285,264.13067626953125,0.003379160538315773,90.2049789428711,4.597081661224365,-4.032541275024414,279.4526062011719,0.005269430577754974,61.56126022338867,3.8609681129455566,-4.719785213470459,288.517333984375,0.010588366538286209,82.17577362060547,6.309612217592075e-05,5.232359762885608e-05,3.710982322692871,4.895854473114014,-3.8279178142547607,6.309612217592075e-05,5.4581065342063084e-05,52.31217956542969,2.4527628421783447,0.8031113457967712,1.4058550047384788,2,13,23,ML_GGW_113_0002
GGW,113.0,776.0,7.0,0.0,38.842105865478516,292.5,-0.9238795325112866,0.38268343236509,-0.4999999999999997,-0.8660254037844388,7.170173645019531,4.070828914642334,218.41021728515625,2.4471919459756464e-05,35.343162536621094,4.317493915557861,2.163684606552124,235.85337829589844,0.00038271144148893654,99.05293273925781,4.422348976135254,1.2807549238204956,263.7565612792969,0.0033897983375936747,92.74483489990234,5.483120441436768,1.5682463645935059,279.8374938964844,0.0050285933539271355,57.27033233642578,4.051121711730957,1.8697797060012817,288.9518127441406,0.010046790353953838,75.7874984741211,5.738286199630238e-05,4.878692197962664e-05,3.8174734115600586,5.0888519287109375,2.1906590461730957,5.738286199630238e-05,5.255099677015096e-05,54.128318786621094,3.8174734115600586,0.6909872015272274,0.8047386068821354,2,14,23,ML_GGW_113_0002
GGW,113.0,777.0,7.0,6.0,38.842105865478516,292.5,-0.9238795325112866,0.38268343236509,-0.4999999999999997,-0.8660254037844388,7.519083499908447,1.9603983163833618,219.26992797851562,2.1308862415025942e-05,27.941211700439453,4.840519428253174,1.1592497825622559,235.3675079345703,0.0003109172685071826,82.8546142578125,4.731168746948242,-0.1213669702410698,263.2665100097656,0.0032175681553781033,91.54957580566406,3.8953537940979004,-0.6394733190536499,280.0444641113281,0.005266794003546238,59.228126525878906,3.68833327293396,0.3621956706047058,288.4473571777344,0.010079152882099152,78.54032897949219,5.5886328482301906e-05,4.805639764526859e-05,4.150771141052246,4.934891700744629,0.5442006587982178,5.5886328482301906e-05,5.0098926294595e-05,53.797515869140625,3.746342420578003,0.7342379190320182,1.0162316403758527,2,15,23,ML_GGW_113_0002
GGW,113.0,778.0,7.0,12.0,40.73684310913086,295.0,-0.9063077870366498,0.4226182617406996,-0.4999999999999997,-0.8660254037844388,8.457379341125488,11.699316024780273,218.64068603515625,2.1799160094815306e-05,30.98899269104004,5.419485569000244,9.131230354309082,235.4685516357422,0.0003452677046880126,89.13719940185547,4.282384395599365,3.9601354598999023,263.2406311035156,0.0036220583133399487,103.86109161376953,3.382051467895508,4.3202009201049805,279.4873046875,0.004720109514892101,55.15890121459961,2.764366388320923,3.5836918354034424,288.23492431640625,0.009573561139404774,75.6849594116211,5.350540959625505e-05,4.154775888309814e-05,9.913311958312988,4.861133575439453,6.538915157318115,5.350540959625505e-05,4.7751083911862224e-05,59.992027282714844,4.050360202789307,0.6134972199969716,0.46203667199347764,2,16,23,ML_GGW_113_0002
GGW,113.0,779.0,7.0,18.0,40.73684310913086,295.0,-0.9063077870366498,0.4226182617406996,-0.4999999999999997,-0.8660254037844388,9.206575393676758,6.581510543823242,219.58607482910156,1.945950680237729e-05,24.63256072998047,6.2654619216918945,6.976775646209717,235.3070526123047,0.0002860474050976336,73.79344940185547,5.278524398803711,0.961199164390564,263.2403564453125,0.003315088339149952,94.90991973876953,4.312106609344482,1.104501724243164,280.0240478515625,0.004932125564664602,55.604801177978516,2.933851718902588,1.2529782056808472,288.23760986328125,0.009425263851881027,74.47909545898438,4.877366154687479e-05,4.297775376471691e-05,8.230450630187988,5.599303722381592,3.3753929138183594,4.877366154687479e-05,4.503043237491511e-05,57.8641242980957,5.536958694458008,0.6184702334364252,0.4830601909025811,2,17,23,ML_GGW_113_0002
GGW,113.0,780.0,7.0,0.0,42.6315803527832,297.5,-0.8870108331782216,0.4617486132350341,-0.4999999999999997,-0.8660254037844388,10.873944282531738,10.56216812133789,218.9670867919922,2.0587071048794314e-05,28.097148895263672,8.020359992980957,11.14033317565918,235.385986328125,0.00030412880005314946,86.58330535888672,5.4706878662109375,2.6172897815704346,263.5892333984375,0.003154735080897808,85.43379211425781,4.6757025718688965,3.6419854164123535,278.8139953613281,0.005194856785237789,63.69872283935547,3.631525754928589,3.1809754371643066,287.69293212890625,0.009562131948769093,78.28848266601562,4.4740863813785836e-05,4.176337461103685e-05,10.340920448303223,6.534444332122803,6.228550434112549,4.4740863813785836e-05,4.5142580347601324e-05,64.87702941894531,3.959815740585327,0.5583156314112149,0.23432892138060457,2,18,23,ML_GGW_113_0002
GGW,113.0,781.0,7.0,6.0,40.73684310913086,297.5,-0.8870108331782216,0.4617486132350341,-0.4999999999999997,-0.8660254037844388,10.256072044372559,5.04489803314209,220.09176635742188,1.8958533473778516e-05,22.50213050842285,9.282604217529297,5.718182563781738,235.61753845214844,0.00013937235053163022,42.06794738769531,7.17036771774292,1.8990778923034668,262.911865234375,0.0018850837368518114,53.804901123046875,7.101780414581299,2.866147994995117,280.2137451171875,0.006000382825732231,66.83637237548828,6.081965923309326,2.740347146987915,287.54888916015625,0.00963579211384058,79.57088470458984,4.235704182065092e-05,4.399807221489027e-05,4.768030643463135,7.978558540344238,3.653730869293213,4.235704182065092e-05,4.399807221489027e-05,60.02302551269531,3.912109375,0.7792368166295027,1.2612244419614491,2,19,23,ML_GGW_113_0002
GGW,113.0,782.0,7.0,12.0,42.6315803527832,300.0,-0.8660254037844386,0.5000000000000001,-0.4999999999999997,-0.8660254037844388,11.167864799499512,3.579291820526123,219.22406005859375,2.1514495529117994e-05,28.539335250854492,10.969169616699219,5.2181220054626465,235.7162322998047,0.00014428912254516035,43.21894836425781,8.314002990722656,2.056276798248291,263.1683349609375,0.00187250308226794,51.883033752441406,8.011274337768555,3.2787744998931885,279.8466796875,0.0056098452769219875,64.09739685058594,6.524894714355469,3.3411874771118164,287.43499755859375,0.009650180116295815,80.25326538085938,3.9296694012591615e-05,3.995313818450086e-05,4.649071216583252,8.997441291809082,3.4947304725646973,3.9296694012591615e-05,4.022531720693223e-05,62.291690826416016,2.2864725589752197,0.7829563335591944,1.2829783651774012,2,20,23,ML_GGW_113_0002
GGW,113.0,783.0,7.0,18.0,42.6315803527832,302.5,-0.8433914458128857,0.5372996083468239,-0.4999999999999997,-0.8660254037844388,14.792500495910645,4.696030616760254,218.72056579589844,2.4940427465480752e-05,35.33430099487305,14.249516487121582,5.802944183349609,236.25100708007812,0.00014828945859335363,37.815032958984375,10.591708183288574,3.1137382984161377,264.0426940917969,0.001570490887388587,41.00739669799805,10.297972679138184,5.075667381286621,280.4091491699219,0.00624809181317687,68.59959411621094,9.480926513671875,5.423116683959961,287.7902526855469,0.009528379887342453,77.45092010498047,3.419938366278075e-05,3.30596994899679e-05,5.361107349395752,11.882524490356445,4.822299480438232,3.554568684194237e-05,3.30596994899679e-05,61.38356399536133,2.1421873569488525,0.8069139373684371,1.4300810075557755,2,21,23,ML_GGW_113_0002
GGW,113.0,785.0,7.0,6.0,42.6315803527832,305.0,-0.8191520442889918,0.573576436351046,-0.4999999999999997,-0.8660254037844388,-0.7296566963195801,-18.06817054748535,217.70045471191406,2.6695328415371478e-05,43.12223815917969,2.1466689109802246,-10.433138847351074,237.8642120361328,8.481227996526286e-05,18.704740524291992,7.594810962677002,-1.4713659286499023,264.60064697265625,0.0005880406242795289,14.531744956970215,10.397804260253906,2.693053960800171,281.2125549316406,0.006041164509952068,62.671112060546875,9.906980514526367,3.4978864192962646,287.1103820800781,0.009367282502353191,79.8255386352539,2.3646543922950514e-05,1.986583083635196e-05,24.046472549438477,5.863321781158447,-4.756346702575684,2.3761196644045413e-05,2.8022941478411667e-05,52.0402717590332,1.6922420263290405,0.6715324187699326,0.7151241471568703,2,22,23,ML_GGW_113_0002
GGW,113.0,786.0,7.0,12.0,42.6315803527832,307.5,-0.7933533402912352,0.6087614290087205,-0.4999999999999997,-0.8660254037844388,-2.940044403076172,-14.883912086486816,217.13259887695312,2.7478718038764782e-05,47.88658905029297,1.3717989921569824,-9.334895133972168,237.87197875976562,8.9240689703729e-05,19.919767379760742,6.476812839508057,-0.9241684079170227,264.9451904296875,0.0005517014651559293,13.373132705688477,11.011357307434082,3.239184856414795,281.2514343261719,0.006013828795403242,62.167442321777344,11.273439407348633,4.242748260498047,287.2634582519531,0.009510393254458904,80.16150665283203,1.9388684449950233e-05,1.90579430636717e-05,23.82965087890625,5.4386725425720215,-3.532208204269409,1.9388684449950233e-05,2.321973988728132e-05,50.21564483642578,2.696044921875,0.6922757758578492,0.8107803905323923,2,23,23,ML_GGW_113_0002
GGW,113.0,820.0,7.0,0.0,16.105262756347656,342.5,-0.300705799504273,0.9537169507482269,-0.4999999999999997,-0.8660254037844388,-3.9946129322052,1.0583031177520752,221.19998168945312,7.386966171907261e-05,77.53095245361328,-3.4115498065948486,-0.3251032531261444,243.97122192382812,0.000936022202949971,96.5191879272461,-4.500171184539795,-0.2610541582107544,268.9110412597656,0.0052548921667039394,95.42202758789062,-6.253467082977295,2.98333477973938,281.7386169433594,0.009359166026115417,93.81828308105469,-5.384522438049316,1.981688380241394,291.9119873046875,0.01368093490600586,85.60595703125,4.5047734602121636e-05,8.13445367384702e-05,1.6686787605285645,-4.708864688873291,1.0874338150024414,4.5047734602121636e-05,8.13445367384702e-05,75.30809783935547,1.6686787605285645,0.6844279229552697,0.7741962310802752,3,1,9,ML_GGW_113_0003
GGW,113.0,821.0,7.0,6.0,16.105262756347656,340.0,-0.3420201433256686,0.9396926207859084,-0.4999999999999997,-0.8660254037844388,-2.660875082015991,1.1819840669631958,221.2505340576172,7.271020149346441e-05,77.44223022460938,-0.3379769027233124,-1.3544530868530273,244.5956573486328,0.00019607869035098702,18.2736873626709,-5.546741962432861,-1.158584475517273,269.4582824707031,0.0046770526096224785,80.2703628540039,-6.788459777832031,1.0260165929794312,281.6620178222656,0.009174388833343983,92.44129943847656,-5.784835338592529,0.6422334313392639,291.8496398925781,0.013444985263049603,84.52662658691406,4.719930439023301e-05,5.7507731980877e-05,3.170245885848999,-4.223777770996094,0.06743930280208588,4.719930439023301e-05,7.094188913470134e-05,75.32122802734375,3.170245885848999,0.7588685857948256,1.1464865491256302,3,2,9,ML_GGW_113_0003
GGW,113.0,822.0,7.0,12.0,16.105262756347656,340.0,-0.3420201433256686,0.9396926207859084,-0.4999999999999997,-0.8660254037844388,-3.3599212169647217,1.1104830503463745,221.09979248046875,7.05710262991488e-05,76.6873550415039,-0.2823325991630554,-0.053907688707113266,244.6666259765625,0.00017956169904209673,16.701717376708984,0.05492936819791794,2.1215436458587646,269.5823059082031,0.004853748716413975,81.58867645263672,-3.805224895477295,5.733191967010498,282.5740051269531,0.00913709681481123,86.6102294921875,-3.7717506885528564,3.7954750061035156,291.2456970214844,0.013377406634390354,87.28587341308594,4.674390220316127e-05,5.2424624300329015e-05,2.7163918018341064,-2.2328600883483887,2.5413572788238525,4.674390220316127e-05,5.804148531751707e-05,73.9835205078125,2.7163918018341064,0.7490040485038345,1.09330757921032,3,3,9,ML_GGW_113_0003
GGW,113.0,823.0,7.0,18.0,16.105262756347656,337.5,-0.38268343236508956,0.9238795325112868,-0.4999999999999997,-0.8660254037844388,-5.135172367095947,4.784149169921875,221.0367889404297,6.070968447602354e-05,63.91062545776367,-0.16569890081882477,-0.9736548066139221,244.02194213867188,7.772614480927587e-05,9.421277046203613,-0.926458477973938,-0.1425839215517044,270.6556396484375,0.00345762656070292,51.375370025634766,-2.7823684215545654,2.490659475326538,282.1729736328125,0.009094632230699062,88.52580261230469,-3.3099076747894287,1.004996418952942,291.2312316894531,0.012873822823166847,84.2181625366211,4.168105806456879e-05,3.775392542593181e-05,4.196854591369629,-2.463921070098877,1.432713270187378,4.168105806456879e-05,5.235299249761738e-05,72.65438079833984,3.9828083515167236,0.7084200478043868,0.8877229589001701,3,4,9,ML_GGW_113_0003
GGW,113.0,824.0,7.0,0.0,16.105262756347656,337.5,-0.38268343236508956,0.9238795325112868,-0.4999999999999997,-0.8660254037844388,-5.198537826538086,5.5137152671813965,220.79736328125,4.774217450176366e-05,50.654659271240234,1.2363221645355225,0.7626659274101257,243.995849609375,7.86025048000738e-05,9.788562774658203,-0.2951120436191559,0.6055587530136108,269.828369140625,0.0035822601057589054,56.22494125366211,-2.725573778152466,4.679239749908447,282.9312438964844,0.008462291210889816,78.26058197021484,-2.8913965225219727,2.6093521118164062,290.705078125,0.012820346280932426,86.55928802490234,3.914171611540951e-05,3.442809247644618e-05,3.7092082500457764,-1.974859595298767,2.8341064453125,3.914171611540951e-05,4.299722422729246e-05,71.42317199707031,2.1128273010253906,0.6603838433573161,0.6650052179982868,3,5,9,ML_GGW_113_0003
GGW,113.0,825.0,7.0,6.0,16.105262756347656,335.0,-0.4226182617406992,0.90630778703665,-0.4999999999999997,-0.8660254037844388,-3.90222430229187,9.088834762573242,220.5030517578125,2.5517330868751742e-05,26.866186141967773,0.7306306958198547,2.7026073932647705,243.1875457763672,0.00011044299026252702,16.992664337158203,-2.2605016231536865,-0.37134307622909546,270.221435546875,0.0022954177111387253,33.962738037109375,-3.9949238300323486,2.3348357677459717,282.1731262207031,0.008485136553645134,82.61192321777344,-3.8980400562286377,0.7226647138595581,289.9840087890625,0.012955797836184502,91.89006042480469,3.51697308360599e-05,2.8899743483634666e-05,8.366170883178711,-2.6650118827819824,2.895519971847534,3.51697308360599e-05,3.49108777299989e-05,69.90454864501953,2.290743350982666,0.6232455018677091,0.5033467284197131,3,6,9,ML_GGW_113_0003
GGW,113.0,826.0,7.0,12.0,18.0,335.0,-0.4226182617406992,0.90630778703665,-0.4999999999999997,-0.8660254037844388,0.6395060420036316,9.037879943847656,220.5706024169922,2.505156044207979e-05,26.66510772705078,2.0232436656951904,0.6211780309677124,243.57432556152344,9.069132647709921e-05,12.855685234069824,-7.029245376586914,1.9762635231018066,269.2269592285156,0.0039002748671919107,64.84390258789062,-9.765738487243652,6.875248908996582,282.824951171875,0.008363037370145321,77.96369171142578,-8.312457084655762,3.155534505844116,291.69854736328125,0.012404222041368484,78.61705780029297,3.286746868980117e-05,2.8578415367519483e-05,10.711658477783203,-4.488938331604004,4.333220958709717,3.286746868980117e-05,2.8578415367519483e-05,63.429012298583984,2.943359375,0.5501706680730049,0.2013602872372342,3,7,9,ML_GGW_113_0003
GGW,113.0,827.0,7.0,18.0,18.0,332.5,-0.46174861323503363,0.8870108331782218,-0.4999999999999997,-0.8660254037844388,2.909160852432251,11.1327486038208,220.5648193359375,3.420030770939775e-05,38.256587982177734,2.9103198051452637,1.2352718114852905,242.59999084472656,0.00012974701530765742,21.793432235717773,-6.929320335388184,0.007681533694267273,269.7684020996094,0.0031039391178637743,48.3106575012207,-9.099634170532227,4.132015228271484,282.57196044921875,0.00822986476123333,78.00120544433594,-7.974222660064697,1.7178555727005005,290.74810791015625,0.012756085023283958,85.992431640625,3.186290632584132e-05,2.3332549972110428e-05,14.3905611038208,-3.6367392539978027,3.6451144218444824,3.186290632584132e-05,2.3332549972110428e-05,64.59435272216797,4.4663166999816895,0.613438391728676,0.4617885823604424,3,8,9,ML_GGW_113_0003
GGW,113.0,828.0,7.0,0.0,18.0,330.0,-0.5000000000000004,0.8660254037844384,-0.4999999999999997,-0.8660254037844388,3.629660129547119,13.456308364868164,220.18943786621094,3.448527058935724e-05,39.955135345458984,4.399499416351318,1.9935212135314941,241.95965576171875,0.00018649989215191454,34.19364929199219,-8.11647891998291,-0.48155108094215393,269.9444274902344,0.002045143162831664,31.2535343170166,-9.882246017456055,2.3117589950561523,282.36151123046875,0.007888983935117722,75.88102722167969,-7.612253665924072,1.0365290641784668,289.6420593261719,0.012857507914304733,93.03533935546875,2.8353148081805557e-05,1.629642974876333e-05,16.752059936523438,-3.5163638591766357,3.663313388824463,2.8353148081805557e-05,1.7824359019869007e-05,65.2576904296875,5.970728397369385,0.5682994145595277,0.27491615945304115,3,9,9,ML_GGW_113_0003
GGW,113.0,897.0,8.0,6.0,16.105262756347656,340.0,-0.3420201433256686,0.9396926207859084,-0.8660254037844385,-0.5000000000000004,-7.823943138122559,2.3390941619873047,219.83734130859375,4.8875692300498486e-05,55.93205642700195,2.9959726333618164,-1.7308597564697266,244.76344299316406,0.00029838428599759936,33.01140213012695,2.402181625366211,2.8915300369262695,269.8497619628906,0.0049797347746789455,84.66065216064453,-4.785746097564697,1.4549541473388672,283.0306701660156,0.00925413053482771,84.91573333740234,-4.302316188812256,0.1472918689250946,291.8415832519531,0.014614036306738853,91.813720703125,5.030769534641877e-05,5.291737397783436e-05,4.147994041442871,-2.3027701377868652,1.0204020738601685,5.030769534641877e-05,6.753106572432443e-05,80.76941680908203,4.147994041442871,0.7887220654920156,1.317239505200901,4,1,14,ML_GGW_113_0004
GGW,113.0,898.0,8.0,12.0,16.105262756347656,340.0,-0.3420201433256686,0.9396926207859084,-0.8660254037844385,-0.5000000000000004,-8.189743041992188,0.8006611466407776,219.92617797851562,3.756596925086342e-05,41.28229522705078,2.921698570251465,-2.7289648056030273,244.60504150390625,0.0002815989719238132,32.23438262939453,3.6787362098693848,3.8146274089813232,269.85552978515625,0.005300242453813553,89.28482055664062,-5.638956546783447,4.215263843536377,283.5977478027344,0.009017905220389366,79.6661376953125,-3.7430124282836914,3.377128839492798,292.23553466796875,0.014183041639626026,86.89370727539062,4.564509799820371e-05,4.207870370009914e-05,5.139221668243408,-2.1942553520202637,1.8957431316375732,4.564509799820371e-05,6.075879718991928e-05,76.2658462524414,4.331065654754639,0.7047055572587799,0.8698070967487559,4,2,14,ML_GGW_113_0004
GGW,113.0,899.0,8.0,18.0,16.105262756347656,337.5,-0.38268343236508956,0.9238795325112868,-0.8660254037844385,-0.5000000000000004,-6.067905426025391,4.579310894012451,220.50733947753906,2.9596536478493363e-05,31.30027198791504,3.2027149200439453,-2.6886839866638184,244.33755493164062,0.00013669762120116502,16.18910026550293,3.8445332050323486,1.2766118049621582,270.6415710449219,0.004160349722951651,64.46682739257812,-6.000764846801758,0.680672287940979,283.6058044433594,0.008841016329824924,78.04267120361328,-4.62995719909668,0.293011873960495,291.936279296875,0.01417099591344595,88.56815338134766,4.4113512558396906e-05,3.719249434652738e-05,4.521068096160889,-1.9302759170532227,0.8281844854354858,4.4113512558396906e-05,6.10480856266804e-05,76.51753997802734,4.521068096160889,0.6556213104571796,0.6438414580289513,4,3,14,ML_GGW_113_0004
GGW,113.0,900.0,8.0,0.0,16.105262756347656,335.0,-0.4226182617406992,0.90630778703665,-0.8660254037844385,-0.5000000000000004,-3.143608331680298,9.03846263885498,220.61863708496094,4.4294607505435124e-05,48.21371841430664,2.3111066818237305,3.946674108505249,243.22378540039062,0.00015156064182519913,20.532913208007812,-0.27300605177879333,-0.6073374152183533,271.2965087890625,0.00392608717083931,57.267303466796875,-6.955938339233398,-0.8783518671989441,282.6835632324219,0.0089139174669981,83.80351257324219,-5.062220096588135,-1.242174506187439,292.0091552734375,0.013499627821147442,84.07169342041016,4.072988667758182e-05,3.9157945138867944e-05,10.458133697509766,-2.6247334480285645,2.051454782485962,4.072988667758182e-05,5.540563870454207e-05,76.88651275634766,1.9724665880203247,0.6812036648643557,0.7593088777467452,4,4,14,ML_GGW_113_0004
GGW,113.0,901.0,8.0,6.0,16.105262756347656,335.0,-0.4226182617406992,0.90630778703665,-0.8660254037844385,-0.5000000000000004,-0.9380590915679932,6.992025375366211,220.27618408203125,5.288503962219693e-05,60.65443420410156,2.4811415672302246,2.664494514465332,243.009033203125,0.00015726900892332196,22.294631958007812,-1.5288702249526978,2.1568727493286133,270.3155822753906,0.004351412411779165,67.75445556640625,-7.529890060424805,1.5998644828796387,283.5816345214844,0.008469476364552975,74.8907241821289,-5.3157958984375,0.6499401926994324,291.7814025878906,0.013436947017908096,84.74317169189453,3.929939339286648e-05,3.197678961441852e-05,7.706272125244141,-2.5662949085235596,2.8126397132873535,3.929939339286648e-05,4.324396650190465e-05,73.81167602539062,3.8270552158355713,0.6367755918022521,0.5613964566825813,4,5,14,ML_GGW_113_0004
GGW,113.0,902.0,8.0,12.0,16.105262756347656,332.5,-0.46174861323503363,0.8870108331782218,-0.8660254037844385,-0.5000000000000004,3.4016242027282715,11.189781188964844,220.27169799804688,3.262495738454163e-05,37.624244689941406,3.305802822113037,9.171647071838379,243.41152954101562,0.0001150905663962476,16.807571411132812,-1.7471773624420166,3.3679893016815186,271.124267578125,0.0030836989171802998,44.229122161865234,-7.2795939445495605,1.1014918088912964,283.39697265625,0.00847725197672844,75.94059753417969,-5.820116996765137,0.0001749082002788782,292.07745361328125,0.013017414137721062,80.63583374023438,3.627382102422416e-05,2.7488136765896343e-05,14.499923706054688,-1.627892255783081,4.966216564178467,3.6831868783337995e-05,3.896257112501189e-05,71.64042663574219,2.461925983428955,0.5887511559506465,0.35880511747343546,4,6,14,ML_GGW_113_0004
GGW,113.0,903.0,8.0,18.0,16.105262756347656,330.0,-0.5000000000000004,0.8660254037844384,-0.8660254037844385,-0.5000000000000004,6.291505813598633,9.427496910095215,220.0018768310547,3.4099550248356536e-05,41.13033676147461,4.477034568786621,9.479007720947266,243.29681396484375,8.599660941399634e-05,11.71187973022461,-1.1731218099594116,1.7828359603881836,270.9737854003906,0.0028967594262212515,41.4853630065918,-7.007028579711914,-0.7387848496437073,283.17919921875,0.008308490738272667,75.51827239990234,-5.677704334259033,-1.0850343704223633,292.1980895996094,0.012650257907807827,77.77590942382812,3.482909960439429e-05,2.7084599423687905e-05,15.930326461791992,-0.6178628206253052,3.7731049060821533,3.482909960439429e-05,3.61352831532713e-05,69.87810516357422,2.3487985134124756,0.5941520820028504,0.38115681368743304,4,7,14,ML_GGW_113_0004
GGW,113.0,904.0,8.0,0.0,16.105262756347656,330.0,-0.5000000000000004,0.8660254037844384,-0.8660254037844385,-0.5000000000000004,7.005797386169434,7.812811374664307,219.95037841796875,3.255810952396132e-05,39.64247512817383,4.849664211273193,9.551810264587402,243.0216522216797,8.416690252488479e-05,11.856813430786133,-1.6964409351348877,2.304652452468872,269.9115295410156,0.0030774278566241264,47.19765853881836,-6.856712341308594,1.7207131385803223,283.60052490234375,0.008095706813037395,71.4985122680664,-5.280628204345703,0.9312487840652466,291.65411376953125,0.012649369426071644,80.41962432861328,3.4003245673375204e-05,2.3846072508604266e-05,14.082335472106934,-0.3956640362739563,4.464247703552246,3.4003245673375204e-05,3.620703864726238e-05,68.49539184570312,0.9725448489189148,0.5943009936933284,0.3817743935321052,4,8,14,ML_GGW_113_0004
GGW,113.0,905.0,8.0,6.0,16.105262756347656,327.5,-0.5372996083468242,0.8433914458128855,-0.8660254037844385,-0.5000000000000004,8.205519676208496,5.688350677490234,220.09814453125,2.5795010515139438e-05,30.93100929260254,6.6067070960998535,7.0641021728515625,242.0078125,7.8347853559535e-05,10.921403884887695,-2.707594871520996,1.7224581241607666,268.8390197753906,0.004077770281583071,66.9487075805664,-6.492332458496094,1.1122688055038452,283.155517578125,0.008018923923373222,72.99261474609375,-5.0510077476501465,-0.023428427055478096,291.2773132324219,0.012583456002175808,81.9054183959961,3.4482891351217404e-05,2.7380590836401097e-05,14.434678077697754,0.1122584342956543,3.112750291824341,3.4482891351217404e-05,3.4193344617960975e-05,67.82695007324219,2.159207582473755,0.6130207323551349,0.4600276368806189,4,9,14,ML_GGW_113_0004
GGW,113.0,906.0,8.0,12.0,16.105262756347656,325.0,-0.5735764363510465,0.8191520442889916,-0.8660254037844385,-0.5000000000000004,7.402863502502441,4.812788009643555,220.1904754638672,2.5978542907978408e-05,30.884654998779297,9.016672134399414,4.446969032287598,241.60894775390625,7.66919765737839e-05,11.405367851257324,-2.27535080909729,1.882965087890625,268.96112060546875,0.003906558733433485,62.0715217590332,-5.658162593841553,0.33820798993110657,283.4730529785156,0.007930313237011433,70.6697769165039,-4.951958656311035,-0.7479777336120605,291.17974853515625,0.01267432514578104,82.971923828125,3.363654832355678e-05,2.4898728952393867e-05,13.548569679260254,0.706812858581543,2.1465904712677,3.363654832355678e-05,3.1028652301756665e-05,66.37340545654297,0.5554450750350952,0.6388743320660547,0.5704817632265584,4,10,14,ML_GGW_113_0004
GGW,113.0,907.0,8.0,18.0,16.105262756347656,325.0,-0.5735764363510465,0.8191520442889916,-0.8660254037844385,-0.5000000000000004,6.327393531799316,6.614180564880371,220.22113037109375,2.0990590201108716e-05,24.793373107910156,9.594367980957031,4.627060413360596,241.4804229736328,8.609701035311446e-05,13.517041206359863,-0.6162527799606323,3.2885265350341797,268.9028625488281,0.0031132507137954235,49.45631790161133,-3.9352457523345947,1.845870852470398,283.83843994140625,0.007966896519064903,69.25674438476562,-4.375010013580322,0.4681398272514343,291.0429992675781,0.012667129747569561,83.65802764892578,3.282367833890021e-05,1.8577602531877346e-05,12.341607093811035,1.3990505933761597,3.36875581741333,3.282367833890021e-05,2.72724028036464e-05,65.93635559082031,1.5928330421447754,0.6457364855234209,0.6003504760265068,4,11,14,ML_GGW_113_0004
GGW,113.0,908.0,8.0,0.0,16.105262756347656,322.5,-0.608761429008721,0.7933533402912349,-0.8660254037844385,-0.5000000000000004,8.05866813659668,9.00631046295166,220.05679321289062,1.6310161299770698e-05,19.536474227905273,9.671936988830566,2.8963983058929443,240.68081665039062,9.057229908648878e-05,15.429408073425293,-0.6743386387825012,1.7146512269973755,268.3592224121094,0.0029552350752055645,49.21164321899414,-4.827298164367676,0.3638518154621124,283.8472595214844,0.00805995799601078,70.05066680908203,-5.202764511108398,-0.5464226603507996,290.6627502441406,0.012927220202982426,87.46692657470703,2.9831573556293733e-05,1.8253971575177275e-05,16.343814849853516,1.405240774154663,2.686957836151123,2.9831573556293733e-05,2.7129510272061452e-05,66.16107177734375,3.7001070976257324,0.6284181979394512,0.5254368312368731,4,12,14,ML_GGW_113_0004
GGW,113.0,910.0,8.0,12.0,16.105262756347656,320.0,-0.6427876096865396,0.7660444431189778,-0.8660254037844385,-0.5000000000000004,15.722599029541016,8.920697212219238,220.8664093017578,2.559203676355537e-05,27.823225021362305,7.880226135253906,5.495494365692139,239.84463500976562,0.00011861905659316108,18.978567123413086,-0.4978574216365814,1.9882938861846924,268.6459045410156,0.002061680192127824,33.87005615234375,-4.924623489379883,3.21317982673645,284.1045837402344,0.009188177064061165,78.57223510742188,-5.813808917999268,2.0385003089904785,290.8009033203125,0.01274948101490736,85.49488830566406,2.5233786800527014e-05,1.7106454833992757e-05,22.609323501586914,2.4733071327209473,4.331233024597168,2.5233786800527014e-05,2.2069529222790152e-05,66.29570770263672,7.225585460662842,0.5777940344199962,0.3137241982702834,4,13,14,ML_GGW_113_0004
GGW,113.0,911.0,8.0,18.0,16.105262756347656,317.5,-0.6755902076156605,0.7372773368101239,-0.8660254037844385,-0.5000000000000004,17.63486099243164,7.498135566711426,220.4676971435547,2.186973324569408e-05,24.64240837097168,10.820883750915527,0.2735394835472107,239.49171447753906,0.00010910836863331497,18.81087875366211,-0.35755157470703125,1.108189582824707,269.2580261230469,0.0015992627013474703,24.907079696655273,-4.2206292152404785,1.9342249631881714,284.103271484375,0.009507234208285809,81.33299255371094,-5.184532165527344,0.7935160398483276,290.87371826171875,0.012779271230101585,85.28087615966797,2.3215723558678292e-05,1.3986781596031506e-05,23.78395652770996,3.7386066913604736,2.321521282196045,2.3215723558678292e-05,1.9489345504553057e-05,65.66425323486328,9.715309143066406,0.5553266079574055,0.2222163612378114,4,14,14,ML_GGW_113_0004
GGW,113.0,927.0,8.0,18.0,33.157894134521484,312.5,-0.7372773368101242,0.6755902076156601,-0.8660254037844385,-0.5000000000000004,8.894632339477539,0.5477957725524902,216.36705017089844,3.2924115657806396e-05,62.276466369628906,0.42244336009025574,-1.6584827899932861,236.4770965576172,0.0002361191000090912,53.367225646972656,-5.269895553588867,-5.413816928863525,265.9093322753906,0.0036719816271215677,80.91046905517578,-3.6744544506073,-4.646312236785889,280.28448486328125,0.006961607374250889,77.0654525756836,-2.973627805709839,-2.611776828765869,288.5763244628906,0.00943487323820591,73.02245330810547,2.942930586868897e-05,1.428181985829724e-05,12.281632423400879,-0.5201804041862488,-2.756518602371216,2.942930586868897e-05,3.7527908716583624e-05,61.6254997253418,1.1606132984161377,0.6531017689258656,0.6327015106877409,5,1,12,ML_GGW_113_0005
GGW,113.0,928.0,8.0,0.0,31.263158798217773,312.5,-0.7372773368101242,0.6755902076156601,-0.8660254037844385,-0.5000000000000004,2.937838315963745,-0.15157900750637054,216.24270629882812,4.082542727701366e-05,77.44670104980469,-4.488095283508301,-0.7469532489776611,237.59451293945312,0.0004940405488014221,102.60254669189453,-3.237705945968628,-5.301974296569824,267.0086364746094,0.004855168983340263,101.31475830078125,-0.09611772745847702,-4.218046188354492,278.5582580566406,0.007318211253732443,91.34777069091797,-0.3620508313179016,-1.4816594123840332,288.4128723144531,0.009478943422436714,74.19681549072266,3.736034705070779e-05,3.644053140305914e-05,3.5578620433807373,-1.0492262840270996,-2.380042314529419,3.736034705070779e-05,3.644053140305914e-05,60.48699188232422,2.878497362136841,0.6507972903975477,0.6225456284488224,5,2,12,ML_GGW_113_0005
GGW,113.0,929.0,8.0,6.0,31.263158798217773,312.5,-0.7372773368101242,0.6755902076156601,-0.8660254037844385,-0.5000000000000004,3.6306188106536865,2.934940814971924,215.4784393310547,3.6032844946021214e-05,75.45042419433594,-2.469163417816162,1.1419882774353027,238.14817810058594,0.0005235876888036728,101.85082244873047,-4.283555507659912,-5.030299663543701,267.1892395019531,0.0049325935542583466,101.50395965576172,-2.4466392993927,-2.652594566345215,277.9868469238281,0.00731249013915658,95.04904174804688,-1.7881536483764648,-0.7567036151885986,288.3932189941406,0.009558930061757565,74.92881774902344,4.2314706661272794e-05,3.9016518712742254e-05,6.5567779541015625,-1.4713785648345947,-0.8725337982177734,4.2314706661272794e-05,4.0527243982069194e-05,61.353599548339844,2.578367233276367,0.7160684980645514,0.925042811370713,5,3,12,ML_GGW_113_0005
GGW,113.0,930.0,8.0,12.0,31.263158798217773,312.5,-0.7372773368101242,0.6755902076156601,-0.8660254037844385,-0.5000000000000004,3.645759344100952,4.849328994750977,214.77810668945312,4.381257531349547e-05,101.11796569824219,-1.1325711011886597,1.6430174112319946,239.7042236328125,0.000629423011559993,102.58440399169922,-6.088294982910156,-2.557107448577881,267.40509033203125,0.005045659840106964,102.09341430664062,-3.7218081951141357,0.7241231799125671,277.6067810058594,0.007242988795042038,96.67012786865234,-3.143925428390503,1.7198060750961304,288.61370849609375,0.009625178761780262,74.36679077148438,4.465703386813402e-05,4.551028541754931e-05,7.476211071014404,-2.088168144226074,1.2758336067199707,4.465703386813402e-05,4.952176823280752e-05,60.65584945678711,2.2874534130096436,0.6050019187382432,0.4263507221698317,5,4,12,ML_GGW_113_0005
GGW,113.0,931.0,8.0,18.0,31.263158798217773,312.5,-0.7372773368101242,0.6755902076156601,-0.8660254037844385,-0.5000000000000004,3.835238456726074,4.244100570678711,215.223876953125,4.617264130502008e-05,99.80062866210938,-0.8281307220458984,1.1079657077789307,240.77586364746094,0.0007389021338894963,106.549072265625,-6.752010822296143,0.9923522472381592,267.5897216796875,0.005131696816533804,102.34022521972656,-3.7025904655456543,3.507652521133423,277.5839538574219,0.007250101305544376,96.91519927978516,-3.4125380516052246,3.6388070583343506,288.92230224609375,0.009592094458639622,72.62010955810547,4.232764695188962e-05,5.216407953412272e-05,7.273007869720459,-2.172006130218506,2.6981756687164307,4.232764695188962e-05,5.369237987906672e-05,59.540470123291016,2.394524574279785,0.6355534372562518,0.5561162376119508,5,5,12,ML_GGW_113_0005
GGW,113.0,932.0,8.0,0.0,31.263158798217773,310.0,-0.7660444431189781,0.6427876096865393,-0.8660254037844385,-0.5000000000000004,-0.25915125012397766,3.37446928024292,215.77569580078125,3.565294173313305e-05,72.25462341308594,-4.359476566314697,-0.1418837606906891,238.74249267578125,0.0003592625434976071,67.7137680053711,-7.943894386291504,-3.8668980598449707,266.7013854980469,0.0040188017301261425,83.64309692382812,-5.574332237243652,-3.5557305812835693,280.33160400390625,0.006764433346688747,74.78779602050781,-4.733921051025391,-1.544916033744812,288.9358825683594,0.009710811078548431,73.36382293701172,3.9957845729077235e-05,3.548154199961573e-05,6.650106430053711,-4.574155330657959,-1.1469919681549072,3.9957845729077235e-05,4.4982687541050836e-05,59.500179290771484,2.721749782562256,0.9041045361171599,2.243686310725514,5,6,12,ML_GGW_113_0005
GGW,113.0,933.0,8.0,6.0,31.263158798217773,310.0,-0.7660444431189781,0.6427876096865393,-0.8660254037844385,-0.5000000000000004,-1.903842806816101,2.0863237380981445,215.75830078125,3.546562948031351e-05,72.26261901855469,-6.000827312469482,-0.05894362926483154,238.9547576904297,0.0004030842683278024,73.72049713134766,-6.94096565246582,0.24021032452583313,266.5641784667969,0.0045929765328764915,97.78546905517578,-5.147172927856445,0.30406320095062256,280.2053527832031,0.007011675275862217,78.1947250366211,-4.4503326416015625,1.753196120262146,288.9154357910156,0.009509685449302197,71.98345947265625,3.9386708522215486e-05,3.131658741040155e-05,2.5681869983673096,-4.8886284828186035,0.8649699091911316,3.9386708522215486e-05,3.760221807169728e-05,57.16551208496094,2.5681869983673096,0.8778437952361108,1.9721680753737987,5,7,12,ML_GGW_113_0005
GGW,113.0,934.0,8.0,12.0,31.263158798217773,310.0,-0.7660444431189781,0.6427876096865393,-0.8660254037844385,-0.5000000000000004,-2.400218963623047,3.587980270385742,215.77203369140625,3.79741977667436e-05,77.00171661376953,-6.3155517578125,1.3482246398925781,238.9110870361328,0.0005095759406685829,90.97100830078125,-5.468724250793457,3.3064510822296143,266.6809387207031,0.004661820828914642,99.17388153076172,-4.037129878997803,4.856482028961182,280.3614807128906,0.007143476512283087,78.81843566894531,-3.6228322982788086,5.442039966583252,289.1387023925781,0.009522060863673687,71.06900024414062,3.8196099922060966e-05,2.7193516871193424e-05,2.2208828926086426,-4.36889123916626,3.708235502243042,3.8196099922060966e-05,3.0076431357883848e-05,55.309349060058594,1.8445849418640137,0.78999729523401,1.3249091112282163,5,8,12,ML_GGW_113_0005
GGW,113.0,935.0,8.0,18.0,31.263158798217773,307.5,-0.7933533402912352,0.6087614290087205,-0.8660254037844385,-0.5000000000000004,-3.342270612716675,0.5865492820739746,215.83322143554688,3.601165735744871e-05,73.6008071899414,-6.341359615325928,-1.0804588794708252,238.60658264160156,0.00035778971505351365,65.09435272216797,-5.012712001800537,0.3213280737400055,266.54010009765625,0.004194729030132294,90.06657409667969,-2.5123326778411865,-0.13490594923496246,281.7619934082031,0.0066528357565402985,66.79547119140625,-2.494232177734375,0.6083962917327881,289.3050537109375,0.009787136688828468,72.13064575195312,3.608922997955233e-05,2.2502305000671186e-05,0.8483197689056396,-3.9405815601348877,0.06018175929784775,3.608922997955233e-05,2.6626135877449997e-05,58.436363220214844,0.8483197689056396,0.842570659593434,1.6774808024025165,5,9,12,ML_GGW_113_0005
GGW,113.0,936.0,8.0,0.0,31.263158798217773,307.5,-0.7933533402912352,0.6087614290087205,-0.8660254037844385,-0.5000000000000004,-3.1256563663482666,0.6465604901313782,216.268310546875,3.3400734537281096e-05,64.36446380615234,-6.646886825561523,-0.9431648850440979,238.272705078125,0.0003560067852959037,66.49400329589844,-3.670606851577759,2.7030718326568604,266.2017517089844,0.004302595742046833,94.63088989257812,-0.49034377932548523,2.4191224575042725,281.7779541015625,0.007428446318954229,74.4535140991211,-0.6730661392211914,3.180267095565796,289.5291442871094,0.009534992277622223,69.29434967041016,3.250918962294236e-05,1.8586713849799708e-05,3.526310920715332,-2.921311855316162,1.6011714935302734,3.250918962294236e-05,2.263174428662751e-05,58.77219772338867,1.6911977529525757,0.7933120265669383,1.345006339054562,5,10,12,ML_GGW_113_0005
GGW,113.0,937.0,8.0,6.0,31.263158798217773,307.5,-0.7933533402912352,0.6087614290087205,-0.8660254037844385,-0.5000000000000004,-1.6741642951965332,2.2813403606414795,216.9334716796875,3.616423418861814e-05,61.80533218383789,-4.954886436462402,0.27782055735588074,238.15945434570312,0.0003172385913785547,62.127140045166016,-1.79184889793396,3.6679036617279053,266.0132141113281,0.00390978017821908,86.52880096435547,1.2086145877838135,4.040599346160889,281.6893310546875,0.008033188991248608,80.89962005615234,1.2563518285751343,5.210638523101807,289.45562744140625,0.00961362849920988,70.1376953125,2.5056035156012513e-05,1.6334641259163618e-05,4.143514633178711,-1.1911866664886475,3.095660448074341,2.5056035156012513e-05,2.0909239538013935e-05,58.42600631713867,0.9529768228530884,0.7081471092458814,0.8864019769991183,5,11,12,ML_GGW_113_0005
GGW,113.0,938.0,8.0,12.0,33.157894134521484,307.5,-0.7933533402912352,0.6087614290087205,-0.8660254037844385,-0.5000000000000004,-2.2315003871917725,1.753814935684204,216.42625427246094,3.453154204180464e-05,65.5907974243164,-3.0923879146575928,0.15791673958301544,237.4599151611328,0.00017697068687994033,37.58335876464844,-1.378434419631958,3.8470137119293213,265.88446044921875,0.0039354651235044,86.82288360595703,1.2891225814819336,4.616930961608887,281.8547668457031,0.009107185527682304,90.5857162475586,2.083148717880249,5.558114051818848,289.52386474609375,0.009687278419733047,70.35440063476562,2.400879566266667e-05,1.0194584319833666e-05,5.752294063568115,-0.666010320186615,3.186758041381836,2.400879566266667e-05,1.8288259525434114e-05,61.48814010620117,0.6883752942085266,0.6384263047132558,0.5685403688748867,5,12,12,ML_GGW_113_0005
GGW,113.0,939.0,8.0,18.0,31.263158798217773,295.0,-0.9063077870366498,0.4226182617406996,-0.8660254037844385,-0.5000000000000004,-1.8853627443313599,-4.22797155380249,220.9582977294922,9.41193793551065e-05,99.94491577148438,-1.3133562803268433,-6.675723552703857,241.17752075195312,0.0006007262272760272,87.57643127441406,-2.439479351043701,-8.497737884521484,267.4673156738281,0.0033857240341603756,67.5551986694336,-2.268955707550049,-6.858043670654297,282.489501953125,0.009426158852875233,89.73230743408203,1.0906339883804321,-4.6376800537109375,289.5205383300781,0.010885201394557953,79.18215942382812,3.202432344551198e-05,2.2015718059265055e-05,3.0040669441223145,-1.3633040189743042,-6.179430961608887,3.202432344551198e-05,4.7333945985883474e-05,75.2571029663086,0.26582247018814087,0.6889175804292785,0.7950637500740148,6,1,8,ML_GGW_113_0006
GGW,113.0,940.0,8.0,0.0,31.263158798217773,295.0,-0.9063077870366498,0.4226182617406996,-0.8660254037844385,-0.5000000000000004,0.2922047972679138,-8.347748756408691,220.33729553222656,8.755291491979733e-05,100.10144805908203,-2.9422857761383057,-7.740225315093994,241.22732543945312,0.000553257530555129,78.14451599121094,-5.065433025360107,-5.3300065994262695,267.8623352050781,0.0030748266726732254,59.194976806640625,-4.1602091789245605,-4.413324356079102,282.7383117675781,0.009348385967314243,87.49921417236328,-1.6683318614959717,-3.4031591415405273,289.4642333984375,0.01108860969543457,80.99580383300781,3.389384801266715e-05,2.1711863155360334e-05,5.319085597991943,-2.708811044692993,-5.846892356872559,3.389384801266715e-05,4.657085082726553e-05,73.32426452636719,1.8773447275161743,0.7667280659572694,1.1899273241425674,6,2,8,ML_GGW_113_0006
GGW,113.0,941.0,8.0,6.0,29.36842155456543,295.0,-0.9063077870366498,0.4226182617406996,-0.8660254037844385,-0.5000000000000004,-1.8865662813186646,-9.624366760253906,219.19610595703125,7.653167267562822e-05,100.69737243652344,-2.8574953079223633,-5.307063102722168,240.76844787597656,0.0005716156447306275,84.7149887084961,-3.6405797004699707,-5.049366474151611,267.5272521972656,0.004591903183609247,90.27159118652344,-2.8708436489105225,-3.849155902862549,282.32135009765625,0.009028914384543896,86.976318359375,-1.0321398973464966,-1.4411929845809937,289.1314697265625,0.011077682487666607,82.67890167236328,3.6942346923751757e-05,2.914529432018753e-05,8.227659225463867,-2.4575250148773193,-5.054228782653809,3.6942346923751757e-05,4.265777170076035e-05,75.44474792480469,2.756096839904785,0.6989683947055956,0.8423902659833797,6,3,8,ML_GGW_113_0006
GGW,113.0,942.0,8.0,12.0,29.36842155456543,295.0,-0.9063077870366498,0.4226182617406996,-0.8660254037844385,-0.5000000000000004,-0.8205411434173584,-6.961949348449707,218.5369110107422,7.133118924684823e-05,101.83390808105469,-1.161231279373169,-4.193308353424072,240.41278076171875,0.0005316840251907706,81.9232177734375,-4.895181655883789,-3.3999686241149902,267.39874267578125,0.004311286378651857,84.99449157714844,-5.192394733428955,-0.46073633432388306,282.1031188964844,0.008661119267344475,84.69483947753906,-2.6357884407043457,2.9446303844451904,289.0343322753906,0.010922834277153015,82.04206848144531,3.612696673371829e-05,2.6382125724921934e-05,10.071516990661621,-2.9410274028778076,-2.414266586303711,3.612696673371829e-05,4.762771277455613e-05,72.90396881103516,3.011669635772705,0.7015729794231356,0.8547995117603797,6,4,8,ML_GGW_113_0006
GGW,113.0,943.0,8.0,18.0,29.36842155456543,292.5,-0.9238795325112866,0.38268343236509,-0.8660254037844385,-0.5000000000000004,0.8738849759101868,-7.318402290344238,218.07078552246094,5.556158066610806e-05,84.47998046875,-1.0289490222930908,-6.971615314483643,240.56015014648438,0.00029870617436245084,47.28379821777344,-4.400299072265625,-5.443112373352051,267.8250732421875,0.0033153286203742027,60.54936218261719,-4.391999244689941,-2.8500068187713623,283.3089599609375,0.00763003109022975,68.75830078125,-2.247391939163208,-1.2998089790344238,289.98291015625,0.011430404148995876,80.72270202636719,3.386405296623707e-05,1.9852843252010643e-05,6.779810905456543,-2.2389509677886963,-4.776589393615723,3.386405296623707e-05,5.6173237680923194e-05,71.89855194091797,2.7743027210235596,0.8351363566081442,1.622476284290678,6,5,8,ML_GGW_113_0006
GGW,113.0,944.0,8.0,0.0,27.473684310913086,292.5,-0.9238795325112866,0.38268343236509,-0.8660254037844385,-0.5000000000000004,1.9446091651916504,-6.055904865264893,218.419921875,5.292375135468319e-05,77.05957794189453,0.44166770577430725,-5.634016990661621,240.3590087890625,0.0003191530704498291,50.15998077392578,-3.5338962078094482,-4.410943508148193,268.0819396972656,0.004643113352358341,83.59577178955078,-2.287984848022461,-1.4858773946762085,282.7412109375,0.008078309707343578,75.66133880615234,-0.8476585149765015,1.5436713695526123,289.5467834472656,0.011268317699432373,81.83866119384766,3.50736991094891e-05,2.8018810553476214e-05,8.096314430236816,-0.856652557849884,-3.2086148262023926,3.50736991094891e-05,5.168244751985185e-05,70.25395202636719,0.7161977291107178,0.8458164601277405,1.7021586757500513,6,6,8,ML_GGW_113_0006
GGW,113.0,945.0,8.0,6.0,27.473684310913086,292.5,-0.9238795325112866,0.38268343236509,-0.8660254037844385,-0.5000000000000004,1.83838951587677,-5.392005920410156,217.86090087890625,4.4868382246932015e-05,70.75611877441406,0.03407185897231102,-4.86719274520874,240.07086181640625,0.00022559547505807132,38.6037483215332,-2.739168882369995,-2.6655378341674805,267.5641784667969,0.004246825352311134,79.85760498046875,-2.305083990097046,0.6811099648475647,282.227783203125,0.008741604164242744,84.78079986572266,-1.1220555305480957,5.467831611633301,289.2507629394531,0.011149602942168713,82.53604888916016,3.0210623663151637e-05,2.6621570214047097e-05,11.256122589111328,-0.858769416809082,-1.355159044265747,3.0210623663151637e-05,4.059330967720598e-05,71.0138168334961,2.16884708404541,0.8195113256484731,1.5130401884523597,6,7,8,ML_GGW_113_0006
GGW,113.0,946.0,8.0,12.0,27.473684310913086,290.0,-0.9396926207859083,0.342020143325669,-0.8660254037844385,-0.5000000000000004,-3.1503214836120605,-9.626729011535645,217.4564208984375,4.9335387302562594e-05,80.65087127685547,-2.32657527923584,-8.1094970703125,239.85580444335938,0.0002741669013630599,53.351287841796875,-2.278501033782959,-4.79693078994751,268.24908447265625,0.0020418253261595964,37.43325424194336,-1.9580906629562378,-0.11203115433454514,283.1352233886719,0.00886179506778717,80.8119125366211,-0.9947863221168518,3.0684995651245117,290.2681884765625,0.011136206798255444,77.20523834228516,2.9447179258568212e-05,1.177865397039568e-05,12.876923561096191,-2.1416549682617188,-3.915337324142456,2.9447179258568212e-05,3.3083553717006e-05,76.4620132446289,2.435814380645752,0.6589677742122819,0.6586976556686182,6,8,8,ML_GGW_113_0006
GGW,113.0,963.0,8.0,18.0,16.105262756347656,317.5,-0.6755902076156605,0.7372773368101239,-0.8660254037844385,-0.5000000000000004,-4.704042911529541,15.695047378540039,220.82150268554688,9.519273589830846e-05,99.95762634277344,-1.6938790082931519,3.7152278423309326,243.74346923828125,0.0007863201317377388,90.59992980957031,-3.6933786869049072,-7.372480392456055,269.5483093261719,0.004651299212127924,74.49275970458984,-2.1822855472564697,-1.0820568799972534,282.595947265625,0.010031870566308498,94.89305114746094,-2.519944190979004,-0.6133503913879395,290.1329345703125,0.013269870541989803,92.98236083984375,6.695334013784304e-05,2.9102702683303505e-05,16.45400047302246,-2.9587061405181885,2.068477153778076,6.695334013784304e-05,6.389899499481544e-05,86.11244201660156,4.933835029602051,0.6549685744671989,0.6409517551876744,7,1,17,ML_GGW_113_0007
GGW,113.0,964.0,8.0,0.0,16.105262756347656,317.5,-0.6755902076156605,0.7372773368101239,-0.8660254037844385,-0.5000000000000004,-2.766740083694458,13.534428596496582,220.27964782714844,8.893398626241833e-05,99.86176300048828,-2.7760255336761475,0.9931619167327881,243.5106964111328,0.0008914947393350303,105.2303466796875,-4.246275901794434,-6.691048622131348,269.3662109375,0.005411886144429445,90.43000030517578,-1.3220000267028809,-0.4463113248348236,282.7835388183594,0.00980067066848278,91.53961181640625,-0.954774796962738,0.5829087495803833,290.3006896972656,0.013246286660432816,91.83816528320312,7.299605931621045e-05,5.181281449040398e-05,13.077655792236328,-2.413163423538208,1.594627857208252,7.299605931621045e-05,7.101425580913201e-05,86.47516632080078,0.9026108384132385,0.6754217249765085,0.732810549137513,7,2,17,ML_GGW_113_0007
GGW,113.0,965.0,8.0,6.0,16.105262756347656,317.5,-0.6755902076156605,0.7372773368101239,-0.8660254037844385,-0.5000000000000004,-2.089172840118408,10.015983581542969,219.6173095703125,8.179341239156201e-05,100.02525329589844,-3.951801300048828,-0.35269230604171753,242.892578125,0.0008683389751240611,107.27388763427734,-2.5631771087646484,-3.836946964263916,269.61175537109375,0.005874396301805973,98.24093627929688,-0.042160555720329285,1.8038921356201172,282.5882263183594,0.009924221783876419,93.92639923095703,1.6537762880325317,2.5246529579162598,290.29736328125,0.013266626745462418,91.98991394042969,7.49888495192863e-05,5.939041147939861e-05,8.374347686767578,-1.3985071182250977,2.030977725982666,7.49888495192863e-05,6.05597670073621e-05,86.30590057373047,1.2381765842437744,0.6953507544924706,0.8252553008746331,7,3,17,ML_GGW_113_0007
GGW,113.0,966.0,8.0,12.0,16.105262756347656,317.5,-0.6755902076156605,0.7372773368101239,-0.8660254037844385,-0.5000000000000004,-3.6491711139678955,8.36414909362793,219.90650939941406,8.511382475262508e-05,100.53874206542969,-4.7346601486206055,-0.550841212272644,243.06976318359375,0.0008644844638183713,103.8667984008789,0.7680148482322693,0.1592821180820465,270.12274169921875,0.00612558051943779,99.826904296875,2.1593964099884033,4.70033597946167,282.4148254394531,0.010150720365345478,97.21138000488281,4.403252601623535,4.483521938323975,290.2459411621094,0.013232111930847168,92.04507446289062,7.326928607653826e-05,5.8120687754126266e-05,8.938724517822266,-0.21063347160816193,3.4312896728515625,7.326928607653826e-05,5.8120687754126266e-05,85.38774108886719,1.7166540622711182,0.6814035809229299,0.7602296026010054,7,4,17,ML_GGW_113_0007
GGW,113.0,967.0,8.0,18.0,16.105262756347656,315.0,-0.7071067811865477,0.7071067811865474,-0.8660254037844385,-0.5000000000000004,-3.7921879291534424,7.757290363311768,220.07339477539062,8.679568418301642e-05,100.02128601074219,-1.3413687944412231,-0.9863318204879761,243.52537536621094,0.0006123881903477013,77.95832061767578,1.189581274986267,-5.912038326263428,269.646728515625,0.005708693526685238,93.04869842529297,2.333472728729248,-2.370931625366211,283.0367431640625,0.0095903929322958,88.04631805419922,2.6911673545837402,-1.248755931854248,290.0598449707031,0.01326637901365757,93.33688354492188,7.83466748544015e-05,3.2808322430355474e-05,11.09697151184082,0.21613292396068573,-0.552153468132019,7.83466748544015e-05,6.232283340068534e-05,84.91541290283203,3.3129749298095703,0.7685673859935345,1.2002394972792438,7,5,17,ML_GGW_113_0007
GGW,113.0,968.0,8.0,0.0,16.105262756347656,315.0,-0.7071067811865477,0.7071067811865474,-0.8660254037844385,-0.5000000000000004,-4.857862949371338,5.661249160766602,220.35777282714844,8.923060522647575e-05,99.8891372680664,-1.5330370664596558,-1.0328407287597656,243.342041015625,0.0004946748376823962,64.0586929321289,1.7437716722488403,-6.384505748748779,269.720458984375,0.005743542220443487,96.3510513305664,1.4038734436035156,-1.632091999053955,282.64117431640625,0.009712524712085724,91.57006072998047,2.54386043548584,-0.30316492915153503,290.0562744140625,0.013248681090772152,93.23768615722656,8.361215441254899e-05,4.015396552858874e-05,9.50577449798584,-0.13987894356250763,-0.7382708787918091,8.361215441254899e-05,6.814568041590974e-05,84.75009155273438,1.7071195840835571,0.8388428026084199,1.6496430561613362,7,6,17,ML_GGW_113_0007
GGW,113.0,969.0,8.0,6.0,16.105262756347656,315.0,-0.7071067811865477,0.7071067811865474,-0.8660254037844385,-0.5000000000000004,-5.669375419616699,3.9471466541290283,220.10031127929688,8.61960434122011e-05,99.87104797363281,-1.269153356552124,-0.8155992031097412,242.743408203125,0.0005637250142171979,71.31868743896484,2.143599271774292,-5.89396333694458,270.0528869628906,0.005721026565879583,93.01400756835938,1.533635139465332,0.1937153935432434,282.6085205078125,0.009640033356845379,91.07987213134766,2.7353556156158447,0.44376668334007263,290.02764892578125,0.013194568455219269,93.01612854003906,8.664237248012796e-05,4.407088999869302e-05,9.105667114257812,-0.10518775135278702,-0.4249867796897888,8.664237248012796e-05,6.923792534507811e-05,83.18852233886719,0.5900247693061829,0.8496291225884463,1.7316951693652598,7,7,17,ML_GGW_113_0007
GGW,113.0,970.0,8.0,12.0,16.105262756347656,315.0,-0.7071067811865477,0.7071067811865474,-0.8660254037844385,-0.5000000000000004,-7.286228179931641,6.020320892333984,219.95037841796875,8.190581866074353e-05,98.28629302978516,-1.3802672624588013,0.0443856455385685,242.66891479492188,0.0006734412745572627,83.59671783447266,2.7225699424743652,-5.237278938293457,270.2974853515625,0.0058651152066886425,93.22920227050781,2.911675453186035,1.790008783340454,282.4583740234375,0.009664664976298809,92.26432800292969,2.8323867321014404,1.964483618736267,290.10052490234375,0.013274352066218853,93.1493148803711,8.922219421947375e-05,4.6708857553312555e-05,10.901201248168945,-0.039972640573978424,0.9163839221000671,8.922219421947375e-05,6.785518780816346e-05,82.58336639404297,1.2699378728866577,0.822353852160134,1.5323771412621423,7,8,17,ML_GGW_113_0007
GGW,113.0,971.0,8.0,18.0,16.105262756347656,315.0,-0.7071067811865477,0.7071067811865474,-0.8660254037844385,-0.5000000000000004,-8.481696128845215,8.533758163452148,220.15673828125,8.604558388469741e-05,100.18628692626953,-0.13132640719413757,-1.0405813455581665,242.4866485595703,0.0007885726517997682,99.46732330322266,2.658024549484253,-5.728933811187744,270.3261413574219,0.006112202536314726,97.49009704589844,4.047341823577881,1.817398190498352,282.1131896972656,0.009760982356965542,95.3775405883789,3.5442445278167725,2.8067235946655273,290.1560363769531,0.013403014279901981,93.72869873046875,9.111791587201878e-05,5.22070586157497e-05,13.319992065429688,0.32731765508651733,1.2776730060577393,9.111791587201878e-05,6.831840437371284e-05,83.48863220214844,1.8437708616256714,0.7296589603446001,0.9928929755897733,7,9,17,ML_GGW_113_0007
GGW,113.0,972.0,9.0,0.0,16.105262756347656,315.0,-0.7071067811865477,0.7071067811865474,-1.0,-1.8369701987210297e-16,-6.828526973724365,8.130118370056152,219.382080078125,7.364954944932833e-05,92.46810913085938,-0.4680041968822479,-1.187634825706482,242.29779052734375,0.0007909151026979089,101.67513275146484,0.7849180102348328,-4.602642059326172,270.3828125,0.0062014018185436726,98.5130386352539,3.516401529312134,3.246964693069458,281.90380859375,0.009808987379074097,97.21037292480469,3.536531925201416,4.511283874511719,290.1876220703125,0.01349356584250927,94.1838150024414,9.079975279746577e-05,5.728869291488081e-05,10.978633880615234,0.1082640141248703,2.019618034362793,9.079975279746577e-05,6.561784539371729e-05,82.13378143310547,1.6215031147003174,0.7835600960541574,1.2865348319187673,7,10,17,ML_GGW_113_0007
GGW,113.0,973.0,9.0,6.0,16.105262756347656,315.0,-0.7071067811865477,0.7071067811865474,-1.0,-1.8369701987210297e-16,-4.848966598510742,6.280474662780762,218.4069366455078,6.650009891018271e-05,94.95072937011719,-1.7801014184951782,-0.08451592922210693,242.37521362304688,0.0008035312639549375,101.55939483642578,0.4810974895954132,-2.275111198425293,270.6625061035156,0.006356819067150354,98.9933090209961,4.991940021514893,5.787842750549316,281.79803466796875,0.009853602387011051,98.3488540649414,5.0703349113464355,7.175260066986084,290.0199890136719,0.013660982251167297,96.36821746826172,8.187129424186423e-05,6.03584703640081e-05,9.959577560424805,0.7828609347343445,3.3767902851104736,8.187129424186423e-05,6.093804040574469e-05,79.344970703125,1.8242368698120117,0.7448499419101605,1.0713309426576343,7,11,17,ML_GGW_113_0007
GGW,113.0,974.0,9.0,12.0,16.105262756347656,312.5,-0.7372773368101242,0.6755902076156601,-1.0,-1.8369701987210297e-16,-1.5317856073379517,8.747551918029785,219.44912719726562,4.6252414904301986e-05,58.85289764404297,-0.9780312776565552,3.018516778945923,243.693115234375,0.00038370388210751116,51.51217269897461,-0.2390424758195877,-5.566168785095215,269.338623046875,0.004423973616212606,72.04059600830078,3.893030881881714,-0.4957255423069,283.9873046875,0.008582919836044312,73.89151763916016,3.8848578929901123,2.155527353286743,290.3393249511719,0.01303044892847538,89.9974136352539,8.015810453798622e-05,3.1615101761417463e-05,8.531988143920898,1.0058058500289917,1.5719401836395264,8.015810453798622e-05,6.092949115554802e-05,76.96292877197266,5.900018215179443,0.9665070828880494,3.3623546400279762,7,12,17,ML_GGW_113_0007
GGW,113.0,975.0,9.0,18.0,18.0,312.5,-0.7372773368101242,0.6755902076156601,-1.0,-1.8369701987210297e-16,0.9384394288063049,14.72501277923584,220.0609893798828,3.744839341379702e-05,44.605735778808594,1.4959197044372559,6.078416347503662,243.600341796875,0.00026375666493549943,34.656837463378906,-1.775868535041809,-3.5138678550720215,270.2860107421875,0.00536601897329092,81.79725646972656,-5.178152084350586,-0.8245672583580017,283.0370788574219,0.00948028638958931,86.9985580444336,-6.8653883934021,0.9186328053474426,290.3811950683594,0.013536965474486351,93.30455017089844,8.326042006956413e-05,3.247549102525227e-05,15.859251976013184,-2.277009963989258,3.4767251014709473,8.326042006956413e-05,5.7754099543672055e-05,75.37844848632812,0.7282744646072388,0.959874271510145,3.174784571912225,7,13,17,ML_GGW_113_0007
GGW,113.0,976.0,9.0,0.0,18.0,312.5,-0.7372773368101242,0.6755902076156601,-1.0,-1.8369701987210297e-16,-3.8070621490478516,14.200787544250488,220.0736083984375,7.785469642840326e-05,90.11389923095703,-0.5341148376464844,4.170141220092773,243.4089813232422,0.0004180296673439443,55.53987503051758,-0.9274552464485168,-3.2567074298858643,269.8707580566406,0.005748733412474394,92.331787109375,-3.619479179382324,1.4596928358078003,283.2312316894531,0.009590795263648033,86.90512084960938,-5.049557209014893,3.8712754249572754,290.44464111328125,0.013579524122178555,93.19852447509766,8.243814954767004e-05,3.956565342377871e-05,10.403970718383789,-2.7875335216522217,4.089037895202637,8.243814954767004e-05,5.919304385315627e-05,76.5401382446289,2.9827823638916016,0.9027308315358591,2.2279423584128817,7,14,17,ML_GGW_113_0007
GGW,113.0,977.0,9.0,6.0,18.0,312.5,-0.7372773368101242,0.6755902076156601,-1.0,-1.8369701987210297e-16,-4.069839000701904,10.646893501281738,220.464111328125,9.090828825719655e-05,100.1873550415039,-2.3737354278564453,3.6891980171203613,242.99862670898438,0.0006132734124548733,81.41590118408203,-0.20463278889656067,-0.9323350787162781,269.60113525390625,0.005863099824637175,97.99119567871094,-0.6710872054100037,4.92161226272583,283.3343200683594,0.00982449296861887,88.40966796875,-1.5674597024917603,8.163945198059082,290.4336242675781,0.013394002802670002,91.98762512207031,7.303887832676992e-05,3.8909540307940915e-05,3.5251858234405518,-1.7773507833480835,5.297863006591797,7.303887832676992e-05,4.773258842760697e-05,75.96389770507812,3.5251858234405518,0.7722672317668737,1.2211577728740908,7,15,17,ML_GGW_113_0007
GGW,113.0,978.0,9.0,12.0,18.0,310.0,-0.7660444431189781,0.6427876096865393,-1.0,-1.8369701987210297e-16,-0.7643902897834778,14.744357109069824,220.15699768066406,8.659451123094186e-05,100.62821197509766,5.184163570404053,7.45287561416626,243.4711456298828,0.00016800497542135417,22.0150089263916,-0.524060070514679,0.24046507477760315,271.17523193359375,0.002016107551753521,28.805286407470703,-0.2241274118423462,0.21220406889915466,284.9339294433594,0.01027450431138277,83.09965515136719,-1.2705304622650146,1.7083479166030884,291.1432800292969,0.012959599494934082,85.04631042480469,7.103274401742965e-05,6.940960247447947e-06,13.045830726623535,0.4802110195159912,4.871649742126465,7.103274401742965e-05,3.6107434425503016e-05,75.30602264404297,5.386849403381348,0.8409317229083806,1.665176945356547,7,16,17,ML_GGW_113_0007
GGW,113.0,979.0,9.0,18.0,19.894737243652344,310.0,-0.7660444431189781,0.6427876096865393,-1.0,-1.8369701987210297e-16,0.6555258631706238,18.68891716003418,220.1810760498047,8.518013055436313e-05,99.10177612304688,5.401350498199463,11.701444625854492,243.38851928710938,0.0001972197787836194,24.661598205566406,0.5978875756263733,3.437018394470215,270.8277893066406,0.0032106186263263226,46.07101058959961,-3.1501047611236572,1.194961428642273,284.3053894042969,0.009725014679133892,82.00687408447266,-7.68592643737793,2.9530673027038574,290.5771789550781,0.013731352053582668,93.38516235351562,6.569342076545581e-05,8.897341103875078e-06,17.81001853942871,-0.8362535238265991,7.5950822830200195,6.569342076545581e-05,3.33942225552164e-05,76.03697967529297,1.592132806777954,0.8212473214397876,1.5248211418144737,7,17,17,ML_GGW_113_0007
GGW,113.0,965.0,8.0,6.0,46.421051025390625,322.5,-0.608761429008721,0.7933533402912349,-0.8660254037844385,-0.5000000000000004,8.956062316894531,12.741559982299805,214.67141723632812,1.6293821317958646e-05,35.11698913574219,5.3833842277526855,11.786348342895508,236.15383911132812,0.0004182374686934054,102.50898742675781,9.090310096740723,7.728578090667725,265.9478759765625,0.004388295114040375,99.28121185302734,4.619601249694824,7.81626033782959,278.63201904296875,0.008060758002102375,100.12462615966797,1.7698934078216553,8.598747253417969,286.88970947265625,0.011254530400037766,97.18441009521484,6.383025902323425e-05,2.2357286070473492e-05,8.29481315612793,5.963850498199463,9.734298706054688,6.383025902323425e-05,2.5821300368988886e-05,81.48812103271484,3.569046974182129,0.5902731732852373,0.3650947739817625,8,1,8,ML_GGW_113_0008
GGW,113.0,966.0,8.0,12.0,46.421051025390625,325.0,-0.5735764363510465,0.8191520442889916,-0.8660254037844385,-0.5000000000000004,8.582529067993164,13.038442611694336,216.03048706054688,5.354673703550361e-05,104.41845703125,6.634286880493164,12.189041137695312,238.06570434570312,0.00036274921149015427,79.8504638671875,12.78856372833252,7.176853656768799,265.6357727050781,0.0032324758358299732,73.72118377685547,9.132346153259277,8.785867691040039,279.9920959472656,0.008508321829140186,96.24077606201172,6.194150924682617,10.340168952941895,287.7200012207031,0.011769543401896954,96.26453399658203,6.751841283403337e-05,2.2432554033002816e-05,3.6034748554229736,8.666376113891602,10.306075096130371,6.751841283403337e-05,3.447396738920361e-05,80.80268859863281,0.18573211133480072,0.6305264227018188,0.5344758335739883,8,2,8,ML_GGW_113_0008
GGW,113.0,967.0,8.0,18.0,48.31578826904297,325.0,-0.5735764363510465,0.8191520442889916,-0.8660254037844385,-0.5000000000000004,13.248035430908203,18.25314712524414,216.1697540283203,4.1660245187813416e-05,81.13565063476562,12.224002838134766,14.357354164123535,236.59255981445312,0.0003175210440531373,77.99960327148438,11.571942329406738,3.737990379333496,264.7366027832031,0.0030727386474609375,74.97853088378906,6.840930461883545,1.1269019842147827,279.49444580078125,0.007495784666389227,87.7009506225586,4.688399791717529,1.1136170625686646,287.76800537109375,0.011321064084768295,92.32942199707031,8.089045149972662e-05,1.3747763659921475e-05,19.158048629760742,9.714662551879883,7.71780252456665,8.089045149972662e-05,3.0077855626586825e-05,74.51712036132812,0.9568812251091003,0.7474302435573563,1.0849535075536174,8,3,8,ML_GGW_113_0008
GGW,113.0,968.0,8.0,0.0,48.31578826904297,327.5,-0.5372996083468242,0.8433914458128855,-0.8660254037844385,-0.5000000000000004,14.380574226379395,16.52836799621582,216.24383544921875,4.40495387010742e-05,84.62566375732422,13.314393043518066,12.870820045471191,236.48654174804688,0.0003094172279816121,78.73947143554688,12.388513565063477,4.739656925201416,264.7669982910156,0.00195718533359468,48.95592498779297,9.79504680633545,1.952317237854004,280.13525390625,0.007310764864087105,81.83592987060547,8.489045143127441,2.0573863983154297,287.6990966796875,0.011526300571858883,94.37397766113281,8.005363633856177e-05,1.1126337994937785e-05,15.624321937561035,11.673514366149902,7.6297101974487305,8.005363633856177e-05,3.389598350622691e-05,72.08297729492188,2.870584726333618,0.784931145030322,1.294637768068517,8,4,8,ML_GGW_113_0008
GGW,113.0,969.0,8.0,6.0,48.31578826904297,330.0,-0.5000000000000004,0.8660254037844384,-0.8660254037844385,-0.5000000000000004,15.12089729309082,15.207819938659668,216.15887451171875,4.134266418986954e-05,80.6475601196289,13.665250778198242,12.43307876586914,236.33937072753906,0.0003051029925700277,78.0902328491211,13.028554916381836,4.863988876342773,263.9400939941406,0.0015261693624779582,42.78908920288086,11.191671371459961,2.71394419670105,280.27886962890625,0.006726609077304602,74.60289001464844,10.403324127197266,3.551352024078369,287.5881652832031,0.011444507166743279,94.36466217041016,6.56088232062757e-05,9.850730748439673e-06,12.57492446899414,12.681940078735352,7.754037380218506,6.56088232062757e-05,3.589771949918941e-05,68.57119750976562,3.7046895027160645,0.7058834012354087,0.8754737866430342,8,5,8,ML_GGW_113_0008
GGW,113.0,970.0,8.0,12.0,48.31578826904297,330.0,-0.5000000000000004,0.8660254037844384,-0.8660254037844385,-0.5000000000000004,16.563108444213867,12.77852725982666,217.48904418945312,2.936455530289095e-05,48.5495719909668,15.009038925170898,10.59920597076416,234.92092895507812,0.00015959548181854188,44.078861236572266,11.293360710144043,2.6479318141937256,262.5006103515625,0.001050095772370696,32.97172546386719,8.31579875946045,-1.6656224727630615,280.94134521484375,0.003793572075664997,40.164649963378906,6.897356986999512,-3.6283721923828125,287.9280700683594,0.01023329608142376,82.48861694335938,5.3355131967691705e-05,2.1043264496256597e-05,19.042402267456055,11.61573314666748,4.146334171295166,5.3355131967691705e-05,3.929064405383542e-05,54.767757415771484,4.841571807861328,0.8100040327485577,1.4500363794131896,8,6,8,ML_GGW_113_0008
GGW,113.0,971.0,8.0,18.0,48.31578826904297,332.5,-0.46174861323503363,0.8870108331782218,-0.8660254037844385,-0.5000000000000004,15.433594703674316,9.393270492553711,217.62478637695312,2.84661819023313e-05,46.379703521728516,13.64319896697998,7.798559665679932,235.12826538085938,0.0001422380009898916,38.8597297668457,10.161139488220215,1.5295016765594482,262.48663330078125,0.0010067429393529892,31.497621536254883,8.026012420654297,-1.2055001258850098,280.88427734375,0.00357857090421021,38.06880187988281,6.926394462585449,-1.2506062984466553,287.7468566894531,0.01072080060839653,87.43462371826172,5.013485861127265e-05,1.8412310964777134e-05,13.625879287719727,10.838068008422852,3.253044843673706,5.013485861127265e-05,3.264436963945627e-05,55.57999801635742,5.41896390914917,0.8235059298610242,1.5402834715318217,8,7,8,ML_GGW_113_0008
GGW,113.0,972.0,9.0,0.0,48.31578826904297,335.0,-0.4226182617406992,0.90630778703665,-1.0,-1.8369701987210297e-16,13.5496187210083,5.362818241119385,217.5039520263672,2.843386937456671e-05,47.0938835144043,12.275808334350586,5.219578742980957,234.97500610351562,0.0001658825931372121,44.3828125,8.58170223236084,0.25448256731033325,262.6764831542969,0.0009641175856813788,30.470600128173828,7.324713230133057,0.4471709728240967,280.3747253417969,0.00421974528580904,46.319725036621094,7.113816738128662,2.0622119903564453,287.2275085449219,0.010854572989046574,91.63463592529297,4.155502756475471e-05,1.9792907551163808e-05,7.2328104972839355,9.769132614135742,2.669252634048462,4.155502756475471e-05,3.406812538742088e-05,56.51691436767578,3.5489840507507324,0.7963307879293849,1.3635174939303512,8,8,8,ML_GGW_113_0008
GGW,113.0,983.0,9.0,18.0,21.789474487304688,305.0,-0.8191520442889918,0.573576436351046,-1.0,-1.8369701987210297e-16,9.199519157409668,18.92007827758789,219.97055053710938,4.352917312644422e-05,51.93103790283203,11.083207130432129,18.942293167114258,241.69747924804688,0.0001653394429013133,24.23150062561035,3.3796045780181885,9.465474128723145,268.4908447265625,0.0010368728544563055,18.577823638916016,-1.0046205520629883,0.6999890208244324,285.18597412109375,0.008094752207398415,64.31941223144531,-4.71584415435791,0.43065834045410156,291.11285400390625,0.013825508765876293,90.90359497070312,4.0161128708859906e-05,2.0691599274869077e-05,23.14078712463379,3.5883736610412598,9.691699028015137,4.0161128708859906e-05,3.7171186704654247e-05,67.19348907470703,2.239089012145996,0.8712259097547802,1.9118416807408063,9,1,16,ML_GGW_113_0009
GGW,113.0,984.0,9.0,0.0,21.789474487304688,305.0,-0.8191520442889918,0.573576436351046,-1.0,-1.8369701987210297e-16,11.492715835571289,17.60087776184082,219.7179718017578,5.419406807050109e-05,66.12291717529297,11.590744018554688,18.340791702270508,242.0352020263672,0.00021064782049506903,32.55541229248047,3.243866443634033,10.45197582244873,268.6515197753906,0.0009387434110976756,16.401779174804688,-1.6725093126296997,2.705806255340576,285.1248779296875,0.008415051735937595,67.1656723022461,-3.857206344604492,3.027690887451172,291.6100158691406,0.013313211500644684,84.80811309814453,3.515095158945769e-05,9.012986083689611e-06,21.16596031188965,4.15952205657959,10.42542839050293,3.515095158945769e-05,3.764926077565178e-05,68.18414306640625,0.8867851495742798,0.803835971748002,1.4104440450468236,9,2,16,ML_GGW_113_0009
GGW,113.0,985.0,9.0,6.0,23.6842098236084,305.0,-0.8191520442889918,0.573576436351046,-1.0,-1.8369701987210297e-16,11.733893394470215,16.92452049255371,219.7169952392578,3.5743047192227095e-05,42.870330810546875,10.515836715698242,18.171762466430664,240.93186950683594,0.0002604800392873585,39.85963439941406,2.3768470287323,12.008307456970215,268.2435302734375,0.001113556674681604,20.638744354248047,-1.6460479497909546,5.543092250823975,284.06280517578125,0.007634078152477741,65.40567016601562,-4.1837897300720215,6.585782051086426,290.63677978515625,0.014030303806066513,95.03846740722656,2.893294185923878e-05,1.7297208614763804e-05,18.980571746826172,3.759347438812256,11.84669303894043,2.893294185923878e-05,3.9974733226699755e-05,75.56097412109375,5.641529083251953,0.7761299455270548,1.2432541921764337,9,3,16,ML_GGW_113_0009
GGW,113.0,986.0,9.0,12.0,25.578947067260742,302.5,-0.8433914458128857,0.5372996083468239,-1.0,-1.8369701987210297e-16,1.8514621257781982,11.862662315368652,219.80276489257812,3.05443063552957e-05,34.317527770996094,1.532303810119629,9.614127159118652,240.88922119140625,0.00044663564767688513,75.06722259521484,-0.3246418535709381,5.937811374664307,266.7001647949219,0.0014458325458690524,31.928260803222656,-1.9490559101104736,3.070627450942993,283.85699462890625,0.007417841348797083,64.49461364746094,-3.955779790878296,2.3962759971618652,290.73162841796875,0.013054306618869305,87.95744323730469,2.6760162654682063e-05,4.197298767394386e-05,11.105698585510254,-0.5691423416137695,6.576300621032715,2.6760162654682063e-05,4.197298767394386e-05,75.53302001953125,2.808037757873535,0.7886907132449568,1.3170513713479695,9,4,16,ML_GGW_113_0009
GGW,113.0,987.0,9.0,18.0,27.473684310913086,302.5,-0.8433914458128857,0.5372996083468239,-1.0,-1.8369701987210297e-16,-0.43994832038879395,8.005403518676758,219.6267547607422,8.108607289614156e-05,99.07894134521484,-0.8896359205245972,6.209833145141602,242.51036071777344,0.0006208380218595266,84.96063232421875,-0.3706009089946747,2.9827146530151367,267.13922119140625,0.002480685245245695,50.27412033081055,-0.5390139818191528,2.807544708251953,283.1966247558594,0.007822992280125618,71.08336639404297,-2.8755717277526855,2.4859044551849365,290.4770202636719,0.013207213953137398,90.44148254394531,2.5431680114706978e-05,3.609226405387744e-05,6.033003330230713,-1.0229542255401611,4.4982805252075195,2.5431680114706978e-05,3.986907540820539e-05,77.18069458007812,2.3184921741485596,0.6069630877441965,0.4345644464716858,9,5,16,ML_GGW_113_0009
GGW,113.0,988.0,9.0,0.0,27.473684310913086,302.5,-0.8433914458128857,0.5372996083468239,-1.0,-1.8369701987210297e-16,-0.0007867147214710712,5.112752914428711,219.43411254882812,6.814705557189882e-05,83.85667419433594,0.22405242919921875,5.448235511779785,242.0472412109375,0.0004761170130223036,70.82563781738281,1.0182856321334839,3.7526488304138184,267.419677734375,0.0022972070146352053,46.903507232666016,1.0466246604919434,3.4037716388702393,283.05950927734375,0.007153989281505346,65.57254028320312,-0.8130725026130676,3.464151382446289,290.997314453125,0.012960507534444332,85.86279296875,2.5014396669575945e-05,3.5618697438621894e-05,1.8378506898880005,0.29502072930336,4.236311912536621,2.5014396669575945e-05,3.6367298889672384e-05,73.72552490234375,1.8378506898880005,0.776264961686994,1.2440314203325338,9,6,16,ML_GGW_113_0009
GGW,113.0,989.0,9.0,6.0,31.263158798217773,305.0,-0.8191520442889918,0.573576436351046,-1.0,-1.8369701987210297e-16,5.883267879486084,6.44240665435791,221.05221557617188,9.666032565291971e-05,99.87417602539062,3.0075864791870117,6.047210693359375,242.4302520751953,0.0006373063079081476,83.31541442871094,-0.13691401481628418,4.505529880523682,268.2678527832031,0.00477555301040411,90.14147186279297,1.2660813331604004,4.650649547576904,281.1147155761719,0.008880783803761005,92.93870544433594,0.02191620133817196,5.694178104400635,289.88653564453125,0.013618380762636662,96.85543060302734,2.891317126341164e-05,2.9661687221960165e-05,5.908915996551514,2.008387565612793,5.4679951667785645,2.891317126341164e-05,3.4000055165961385e-05,84.86994934082031,3.248727321624756,0.6002171965918622,0.4063701758767142,9,7,16,ML_GGW_113_0009
GGW,113.0,990.0,9.0,12.0,31.263158798217773,305.0,-0.8191520442889918,0.573576436351046,-1.0,-1.8369701987210297e-16,2.670118570327759,6.08858585357666,220.7610626220703,9.41236357903108e-05,99.77952575683594,2.226675033569336,5.039213180541992,242.69192504882812,0.0007946011610329151,104.11479187011719,2.6499853134155273,3.997459650039673,268.11883544921875,0.004093395080417395,79.61817169189453,3.3435182571411133,5.13662052154541,281.1639709472656,0.007978006266057491,83.26992797851562,2.6141886711120605,5.250794887542725,290.60577392578125,0.013291255570948124,90.28080749511719,3.367401586729102e-05,4.003059439128265e-05,0.8396558165550232,2.700897216796875,5.102534770965576,3.367401586729102e-05,4.003059439128265e-05,83.4372329711914,0.6667408347129822,0.5719793326907117,0.28993137654566103,9,8,16,ML_GGW_113_0009
GGW,113.0,994.0,9.0,12.0,36.94736862182617,310.0,-0.7660444431189781,0.6427876096865393,-1.0,-1.8369701987210297e-16,6.775318145751953,10.188880920410156,218.4248504638672,7.081004150677472e-05,100.67578887939453,4.300466537475586,8.601037979125977,243.80593872070312,0.0010539443464949727,112.35102081298828,-0.23510126769542694,4.508244037628174,268.1605224609375,0.005230847280472517,100.52242279052734,0.46292629837989807,4.574375152587891,280.0278015136719,0.008964658714830875,101.02115631103516,-0.09710995107889175,6.6809210777282715,289.1732177734375,0.012710425071418285,94.6897964477539,4.873101715929806e-05,4.822084883926436e-05,7.715960502624512,2.241299867630005,6.910691738128662,4.873101715929806e-05,4.822084883926436e-05,85.74568176269531,3.3683414459228516,0.592304552728636,0.3735005068748589,9,9,16,ML_GGW_113_0009
GGW,113.0,995.0,9.0,18.0,36.94736862182617,310.0,-0.7660444431189781,0.6427876096865393,-1.0,-1.8369701987210297e-16,0.3354703187942505,11.329872131347656,219.20692443847656,7.801502215443179e-05,99.96257019042969,4.906875133514404,8.3181791305542,244.1640625,0.0011255460558459163,118.8055191040039,4.620209217071533,1.3788071870803833,268.4696960449219,0.005334781017154455,99.96163940429688,3.9435579776763916,3.2115519046783447,279.3807067871094,0.008418986573815346,99.28534698486328,2.5280041694641113,4.905909538269043,289.9555358886719,0.012542995624244213,88.87793731689453,5.608781793853268e-05,6.750516331521794e-05,6.787819862365723,3.2668232917785645,5.828864097595215,5.608781793853268e-05,6.750516331521794e-05,86.18013763427734,6.787819862365723,0.6207151637631161,0.49258483360955707,9,10,16,ML_GGW_113_0009
GGW,113.0,996.0,9.0,0.0,38.842105865478516,310.0,-0.7660444431189781,0.6427876096865393,-1.0,-1.8369701987210297e-16,2.8974430561065674,18.36737632751465,218.25086975097656,6.638865306740627e-05,96.45567321777344,4.762841701507568,7.261020183563232,242.05848693847656,0.0009029204375110567,117.78709411621094,0.7773925065994263,-0.7642945647239685,268.3194274902344,0.005214698612689972,98.74594116210938,0.31292781233787537,0.7232520580291748,281.0096130371094,0.009314233437180519,98.15086364746094,-0.6795047521591187,2.9109368324279785,289.0982360839844,0.012471698224544525,93.38048553466797,5.960628550383262e-05,4.84540214529261e-05,15.864933013916016,1.6142202615737915,5.699658393859863,5.960628550383262e-05,6.828038749517873e-05,81.93087005615234,4.052239894866943,0.6001043670011807,0.40589998953130046,9,11,16,ML_GGW_113_0009
GGW,113.0,997.0,9.0,6.0,38.842105865478516,312.5,-0.7372773368101242,0.6755902076156601,-1.0,-1.8369701987210297e-16,3.4092488288879395,12.862998962402344,217.96156311035156,5.935252193012275e-05,88.5396499633789,6.443763256072998,7.186013698577881,242.14361572265625,0.0008795753819867969,112.45337677001953,6.654968738555908,4.5810441970825195,268.952392578125,0.005658654496073723,101.42626953125,3.421375036239624,8.184490203857422,280.0619201660156,0.00850098766386509,95.67158508300781,0.5951189398765564,10.356873512268066,289.6324768066406,0.012153428979218006,87.9327163696289,6.404888699762523e-05,5.966382741462439e-05,3.7682876586914062,4.104895114898682,8.634284019470215,6.404888699762523e-05,5.966382741462439e-05,82.84486389160156,3.7682876586914062,0.6948662219826234,0.8229690437872286,9,12,16,ML_GGW_113_0009
GGW,113.0,998.0,9.0,12.0,40.73684310913086,312.5,-0.7372773368101242,0.6755902076156601,-1.0,-1.8369701987210297e-16,4.634761810302734,17.70932388305664,217.8247833251953,4.946736225974746e-05,76.4005126953125,3.954766035079956,10.606273651123047,241.29136657714844,0.0007404426578432322,102.24454498291016,5.177059173583984,4.471170902252197,268.8424072265625,0.005603473633527756,101.08502960205078,1.1764386892318726,7.221127510070801,279.8910827636719,0.00820635911077261,93.45051574707031,-1.620600700378418,9.714808464050293,289.7081604003906,0.011868229135870934,85.423095703125,6.472313543781638e-05,5.138338019605726e-05,10.150952339172363,2.664484977722168,9.944540977478027,6.472313543781638e-05,5.138338019605726e-05,77.4665298461914,5.758895397186279,0.783896664472659,1.288520507639685,9,13,16,ML_GGW_113_0009
GGW,113.0,999.0,9.0,18.0,40.73684310913086,312.5,-0.7372773368101242,0.6755902076156601,-1.0,-1.8369701987210297e-16,5.279297828674316,18.20943832397461,218.7367401123047,3.092329643550329e-05,43.29383087158203,4.394801139831543,11.86496639251709,240.5876007080078,0.0002297453029314056,35.24271011352539,8.471314430236816,2.7214391231536865,268.2210998535156,0.003994338680058718,72.62137603759766,4.972941875457764,2.846919536590576,282.33526611328125,0.00822021160274744,79.14242553710938,2.711481809616089,5.409854412078857,289.84735107421875,0.01189162116497755,84.78572082519531,6.524350465042517e-05,1.986884126381483e-05,13.054616928100586,5.165966987609863,8.21052360534668,6.524350465042517e-05,4.465294477995485e-05,69.41114807128906,2.117483139038086,0.9605048662838598,3.1912815813447555,9,14,16,ML_GGW_113_0009
GGW,113.0,1000.0,9.0,0.0,42.6315803527832,312.5,-0.7372773368101242,0.6755902076156601,-1.0,-1.8369701987210297e-16,7.479931831359863,15.760202407836914,218.16110229492188,3.4304375731153414e-05,52.12985610961914,5.71802282333374,10.887423515319824,239.72857666015625,0.00017133189248852432,29.784839630126953,7.583121299743652,3.2580738067626953,267.3276672363281,0.002396815223619342,46.48936080932617,4.1374311447143555,3.405305862426758,282.1119384765625,0.007241778075695038,70.80400085449219,1.5282068252563477,5.234858989715576,289.68115234375,0.011606127955019474,83.6263656616211,6.0078098613303155e-05,1.131914814322954e-05,12.091562271118164,5.289342403411865,7.70917272567749,6.0078098613303155e-05,3.7837631680304185e-05,66.19678497314453,4.641636371612549,0.9713050462527855,3.521919296071496,9,15,16,ML_GGW_113_0009
GGW,113.0,1001.0,9.0,6.0,42.6315803527832,315.0,-0.7071067811865477,0.7071067811865474,-1.0,-1.8369701987210297e-16,8.130237579345703,13.849725723266602,217.8737030029297,4.846566298510879e-05,77.09330749511719,5.082658290863037,10.93065071105957,239.48046875,0.00022088640253059566,38.57725143432617,6.442007541656494,5.1246795654296875,267.2579345703125,0.0034464593045413494,67.21891021728516,5.019125461578369,6.739565372467041,282.34259033203125,0.008118394762277603,78.1943359375,2.5928423404693604,10.015165328979492,289.1960754394531,0.012014579027891159,89.30924987792969,5.32364247192163e-05,7.335977898037527e-06,6.7354736328125,5.453373908996582,9.331957817077637,5.32364247192163e-05,2.5361614461871795e-05,63.33501052856445,2.1856768131256104,0.913477939569021,2.3568598108703602,9,16,16,ML_GGW_113_0009
GGW,113.0,1024.0,9.0,0.0,16.105262756347656,347.5,-0.21643961393810288,0.9762960071199334,-1.0,-1.8369701987210297e-16,-8.087757110595703,5.258979320526123,221.13845825195312,9.815571684157476e-05,99.8330078125,-7.830371379852295,-5.328157901763916,242.031494140625,0.0004343852342572063,61.14862823486328,-13.899727821350098,-5.941120624542236,269.8785095214844,0.004547761287540197,75.59880065917969,-12.93185043334961,-3.863534688949585,281.9474792480469,0.008795704692602158,87.14111328125,-5.389699935913086,0.8753589391708374,294.421875,0.012527666985988617,67.03398132324219,6.262365786824375e-05,4.857827661908232e-05,5.147391319274902,-9.627881050109863,-1.7996950149536133,6.262365786824375e-05,7.471115532098338e-05,72.37681579589844,2.2395718097686768,0.6857402610718567,0.7802790898425136,10,1,15,ML_GGW_113_0010
GGW,113.0,1025.0,9.0,6.0,16.105262756347656,347.5,-0.21643961393810288,0.9762960071199334,-1.0,-1.8369701987210297e-16,-8.753046989440918,3.3650758266448975,220.57666015625,9.09620794118382e-05,99.92045593261719,-10.343999862670898,-4.179759979248047,242.450439453125,0.0006658051279373467,86.66911315917969,-11.145458221435547,0.5011207461357117,269.91741943359375,0.005408159922808409,90.52494812011719,-10.585600852966309,2.646202564239502,281.8272399902344,0.008763905614614487,87.25386047363281,-1.5656061172485352,2.709019899368286,293.0430908203125,0.013718539848923683,79.94539642333984,6.84741826262325e-05,6.788129394408315e-05,7.217320442199707,-8.478742599487305,1.0083318948745728,6.84741826262325e-05,7.465546514140442e-05,72.13943481445312,2.12365984916687,0.6989298208586571,0.8422069469832518,10,2,15,ML_GGW_113_0010
GGW,113.0,1026.0,9.0,12.0,16.105262756347656,345.0,-0.2588190451025207,0.9659258262890683,-1.0,-1.8369701987210297e-16,-8.239567756652832,2.4496240615844727,220.45150756835938,8.874721243046224e-05,99.91107940673828,-6.00333309173584,-5.257325649261475,242.25424194335938,0.0004813055566046387,62.23614501953125,-6.803839683532715,-3.442403793334961,270.71893310546875,0.005701151210814714,88.89705657958984,-4.758994102478027,-0.5033760666847229,282.4041442871094,0.008593772538006306,82.19158172607422,0.5883505940437317,1.8997023105621338,294.2678527832031,0.013860422186553478,75.0063247680664,5.788502676296048e-05,6.0331505665089935e-05,8.845029830932617,-5.0434770584106445,-0.9707557559013367,5.788502676296048e-05,6.828912592027336e-05,72.43445587158203,3.68900728225708,0.6358405751037502,0.5573561116062771,10,3,15,ML_GGW_113_0010
GGW,113.0,1027.0,9.0,18.0,16.105262756347656,345.0,-0.2588190451025207,0.9659258262890683,-1.0,-1.8369701987210297e-16,-9.066019058227539,2.637352466583252,219.71522521972656,8.229164814110845e-05,100.12068939208984,-7.670627117156982,-5.243532657623291,243.7206268310547,0.0008999649435281754,99.25989532470703,-4.662688732147217,-1.4283849000930786,270.9145812988281,0.005714426748454571,88.87348937988281,-1.7508376836776733,2.094719886779785,281.8867492675781,0.009200860746204853,91.20618438720703,2.8428285121917725,4.956009864807129,293.10552978515625,0.01499319076538086,86.89513397216797,6.040666994522326e-05,7.362898031715304e-05,12.13247013092041,-4.061469078063965,0.6032329797744751,6.040666994522326e-05,7.362898031715304e-05,73.69818115234375,4.234707355499268,0.59112724031144,0.368627284233487,10,4,15,ML_GGW_113_0010
GGW,113.0,1028.0,9.0,0.0,16.105262756347656,342.5,-0.300705799504273,0.9537169507482269,-1.0,-1.8369701987210297e-16,-10.665776252746582,3.9940123558044434,220.061767578125,8.548716868972406e-05,99.79444122314453,-4.748174667358398,-4.743705749511719,243.3165283203125,0.0008323027286678553,98.07510375976562,-3.0155606269836426,-5.308723449707031,269.9521484375,0.0053126816637814045,89.23058319091797,-1.349934697151184,-3.0886354446411133,281.73089599609375,0.009191006422042847,92.1646499633789,2.7951784133911133,-0.10789512097835541,294.013671875,0.013074311427772045,71.64118957519531,6.448119529522955e-05,6.1744824051857e-05,14.072062492370605,-3.3968536853790283,-1.850989580154419,6.448119529522955e-05,8.192295354092494e-05,75.03315734863281,2.694648027420044,0.6299212673984181,0.5318790653758141,10,5,15,ML_GGW_113_0010
GGW,113.0,1029.0,9.0,6.0,16.105262756347656,342.5,-0.300705799504273,0.9537169507482269,-1.0,-1.8369701987210297e-16,-11.12369441986084,3.3649306297302246,220.27633666992188,8.891111065167934e-05,99.89337158203125,-4.951775550842285,-6.565762996673584,244.3958740234375,0.0010426606750115752,108.69107818603516,0.27712520956993103,-2.8969407081604004,270.5340881347656,0.005362002644687891,86.2364730834961,1.1200752258300781,1.7338231801986694,281.4870910644531,0.009375538676977158,95.64055633544922,4.232735633850098,2.7215259075164795,293.3405456542969,0.013334251940250397,76.2654037475586,6.889640644658357e-05,7.848865061532706e-05,15.369902610778809,-2.089106798171997,-0.32848477363586426,6.889640644658357e-05,7.848865061532706e-05,76.21723937988281,3.811556100845337,0.611258255493107,0.4526043193442444,10,6,15,ML_GGW_113_0010
GGW,113.0,1030.0,9.0,12.0,18.0,342.5,-0.300705799504273,0.9537169507482269,-1.0,-1.8369701987210297e-16,-8.355277061462402,7.541082859039307,220.0442352294922,8.516731759300455e-05,99.96295928955078,-8.292494773864746,-3.716456174850464,242.65533447265625,0.0008682322804816067,107.7432861328125,-8.911229133605957,0.9709911346435547,270.2905578613281,0.0061709764413535595,99.36912536621094,-5.018026828765869,6.526343822479248,282.14691162109375,0.008716817013919353,84.88980865478516,-4.123860836029053,6.174748420715332,292.7879943847656,0.013531471602618694,80.09452819824219,7.126491982489824e-05,7.82841452746652e-05,4.446544170379639,-6.940177917480469,3.499342441558838,7.126491982489824e-05,8.768137195147574e-05,71.07266998291016,4.446544170379639,0.6490258776100956,0.614760093597047,10,7,15,ML_GGW_113_0010
GGW,113.0,1031.0,9.0,18.0,18.0,340.0,-0.3420201433256686,0.9396926207859084,-1.0,-1.8369701987210297e-16,-6.373228549957275,8.144283294677734,221.74752807617188,0.00010266339086228982,99.19563293457031,-2.4447579383850098,-6.35374116897583,242.29898071289062,0.0003120308683719486,38.922035217285156,-6.761682987213135,-6.777052402496338,270.2784729003906,0.005419074557721615,86.0890884399414,-1.334843397140503,-2.9859514236450195,281.8647155761719,0.008575615473091602,85.09788513183594,-1.2253133058547974,0.017704110592603683,293.63330078125,0.013288874179124832,74.83707427978516,6.464017496909946e-05,6.461967859650031e-05,9.619892120361328,-3.627965211868286,-1.5909515619277954,6.464017496909946e-05,9.083102486329153e-05,72.13995361328125,5.127469539642334,0.7789647791247317,1.2596437726190661,10,8,15,ML_GGW_113_0010
GGW,113.0,1032.0,9.0,0.0,18.0,340.0,-0.3420201433256686,0.9396926207859084,-1.0,-1.8369701987210297e-16,-7.135501384735107,4.5463547706604,221.02862548828125,9.580864571034908e-05,100.14774322509766,-4.809618949890137,-7.556891918182373,242.43431091308594,0.00039529267814941704,49.242164611816406,-5.802515506744385,-3.816157341003418,270.30242919921875,0.006016334984451532,95.84614562988281,-0.23430755734443665,0.717509388923645,281.83563232421875,0.008611341007053852,85.61766052246094,0.6160232424736023,2.742934226989746,292.9289245605469,0.013044891878962517,76.66358184814453,6.593100260943174e-05,7.79886104282923e-05,7.958546161651611,-3.4731838703155518,-0.6732501983642578,6.593100260943174e-05,8.398274803766981e-05,69.90547943115234,6.588202953338623,0.7918594514595544,1.3361703501420799,10,9,15,ML_GGW_113_0010
GGW,113.0,1033.0,9.0,6.0,19.894737243652344,340.0,-0.3420201433256686,0.9396926207859084,-1.0,-1.8369701987210297e-16,1.5596461296081543,2.7933876514434814,219.57284545898438,7.730008655926213e-05,98.79933166503906,-2.3296608924865723,-3.734236717224121,242.61459350585938,0.00018037307017948478,23.318696975708008,-10.690741539001465,2.439257860183716,269.62945556640625,0.005272558890283108,87.06202697753906,-7.952906131744385,7.326138019561768,281.97119140625,0.008179379627108574,80.6653823852539,-7.051417827606201,6.493734359741211,292.71575927734375,0.012173604220151901,72.48426818847656,6.449544889619574e-05,5.254717689240351e-05,9.372459411621094,-5.293015956878662,3.0636563301086426,6.449544889619574e-05,7.516030018450692e-05,66.5310287475586,7.844208717346191,0.7834247929841381,1.28573720501758,10,10,15,ML_GGW_113_0010
GGW,113.0,1034.0,9.0,12.0,19.894737243652344,337.5,-0.38268343236508956,0.9238795325112868,-1.0,-1.8369701987210297e-16,7.153646469116211,5.673287868499756,219.4891357421875,7.334879046538845e-05,96.73639678955078,2.472809314727783,-3.948796033859253,242.64089965820312,0.00010816552821779624,15.836930274963379,-5.570558071136475,-3.2163772583007812,270.080322265625,0.004905276466161013,76.39391326904297,-3.493501901626587,-0.9654780626296997,282.802001953125,0.007400168105959892,68.94480895996094,-3.4724831581115723,-0.008256723172962666,292.3810729980469,0.012355762533843517,74.9751968383789,6.09696471656207e-05,3.732913683052175e-05,12.049671173095703,-0.5820175409317017,-0.4931240677833557,6.09696471656207e-05,7.386369543382898e-05,63.47687911987305,8.396246910095215,0.7612711409015883,1.159661162776481,10,11,15,ML_GGW_113_0010
GGW,113.0,1035.0,9.0,18.0,19.894737243652344,337.5,-0.38268343236508956,0.9238795325112868,-1.0,-1.8369701987210297e-16,3.7202508449554443,6.456481456756592,219.51580810546875,7.308281783480197e-05,96.3667221069336,1.4358004331588745,-4.736041069030762,242.9497528076172,9.351954213343561e-05,13.4972562789917,-4.064764499664307,-4.936992645263672,269.7298583984375,0.005087429191917181,80.93106842041016,-2.6048526763916016,0.8981643319129944,282.54791259765625,0.007713717874139547,73.17245483398438,-2.489013195037842,2.1064343452453613,292.1943054199219,0.012208336964249611,74.97107696533203,5.8797311794478446e-05,4.730052751256153e-05,7.58141565322876,-0.8005158305168152,-0.04239072650671005,5.8797311794478446e-05,7.229478069348261e-05,61.77726745605469,7.58141565322876,0.7767429879620454,1.2467858926579964,10,12,15,ML_GGW_113_0010
GGW,113.0,1036.0,9.0,0.0,19.894737243652344,337.5,-0.38268343236508956,0.9238795325112868,-1.0,-1.8369701987210297e-16,2.445253849029541,5.26560640335083,219.44635009765625,7.23698249203153e-05,96.33547973632812,0.46498990058898926,-5.6663665771484375,242.89739990234375,8.218899893108755e-05,12.28088665008545,-5.026129245758057,-3.2158992290496826,269.21551513671875,0.005012542009353638,82.19171142578125,-3.132936954498291,4.617391109466553,282.04583740234375,0.007803208660334349,76.6297378540039,-1.8751581907272339,4.429706573486328,292.2187805175781,0.011678788810968399,71.63213348388672,4.971610178472474e-05,4.989125227439217e-05,4.4005327224731445,-1.4247961044311523,1.0860875844955444,4.971610178472474e-05,5.815791882923804e-05,60.263885498046875,4.4005327224731445,0.7440078421606819,1.0669047647459067,10,13,15,ML_GGW_113_0010
GGW,113.0,1037.0,9.0,6.0,21.789474487304688,335.0,-0.4226182617406992,0.90630778703665,-1.0,-1.8369701987210297e-16,10.974064826965332,5.892796516418457,219.10870361328125,5.237968798610382e-05,71.70816802978516,6.969749927520752,-4.7173027992248535,241.5389862060547,0.0001454339799238369,23.513822555541992,-5.309360980987549,-3.5471479892730713,269.4455261230469,0.002595056314021349,40.45744323730469,-7.2884321212768555,1.3354026079177856,283.1705627441406,0.007113065104931593,64.73413848876953,-6.844900608062744,0.6971582770347595,291.6600646972656,0.011385461315512657,72.30239868164062,4.3539101170608774e-05,9.223663255397696e-06,18.560985565185547,-0.2997756004333496,-0.06781867891550064,4.3539101170608774e-05,4.538557550404221e-05,57.908145904541016,5.750901222229004,0.7957568546239677,1.3599825069606615,10,14,15,ML_GGW_113_0010
GGW,113.0,1038.0,9.0,12.0,21.789474487304688,335.0,-0.4226182617406992,0.90630778703665,-1.0,-1.8369701987210297e-16,10.475947380065918,5.073832035064697,219.35995483398438,6.240270158741623e-05,83.25983428955078,5.526345252990723,-4.478657245635986,241.2965545654297,0.0001759255537763238,28.400968551635742,-4.895845890045166,-1.8081908226013184,269.5708923339844,0.002700747922062874,40.754215240478516,-6.047060966491699,4.736188888549805,283.1756286621094,0.007294763345271349,66.37305450439453,-6.166671276092529,3.642430305480957,291.9043884277344,0.011230248026549816,70.24809265136719,4.0179744246415794e-05,1.487510871811537e-05,16.70406150817871,-0.22145700454711914,1.433120608329773,4.0179744246415794e-05,3.8038364436943084e-05,55.800479888916016,4.3410797119140625,0.763515012914357,1.172048061381699,10,15,15,ML_GGW_113_0010
GGW,113.0,1046.0,9.0,12.0,23.6842098236084,280.0,-0.9848077530122081,0.17364817766692997,-1.0,-1.8369701987210297e-16,-4.816183090209961,-1.449429988861084,219.62705993652344,8.176618575816974e-05,99.6357421875,-4.51285982131958,-4.796581268310547,244.40101623535156,0.0011461095418781042,118.02429962158203,-1.4660731554031372,-3.9033002853393555,269.6239013671875,0.005937187001109123,101.26336669921875,-2.618131160736084,2.076939105987549,278.29302978515625,0.007928367704153061,100.92089080810547,-3.621554374694824,2.3827006816864014,290.46697998046875,0.011040832847356796,75.77088165283203,2.090722591674421e-05,6.0395690525183454e-05,4.014020919799805,-3.4069602489471436,-1.1379343271255493,2.090722591674421e-05,6.707730062771589e-05,70.5643310546875,2.425339937210083,0.5869179041680993,0.35123860097307835,11,1,18,ML_GGW_113_0011
GGW,113.0,1048.0,9.0,0.0,23.6842098236084,277.5,-0.9914448613738105,0.13052619222005127,-1.0,-1.8369701987210297e-16,-1.1395225524902344,-0.12029927968978882,219.09022521972656,7.594474300276488e-05,99.85317993164062,-2.0648820400238037,-4.537779808044434,242.96304321289062,0.0008553038933314383,101.92720794677734,-5.237370491027832,-5.965532302856445,269.6354064941406,0.005776678211987019,97.98194885253906,-2.489497661590576,-1.8095649480819702,280.8869934082031,0.008053855039179325,85.59281921386719,-4.247537612915039,1.3268409967422485,290.68304443359375,0.010855123400688171,73.43746185302734,2.2743650333723053e-05,5.3172101615928113e-05,3.4284067153930664,-3.035762071609497,-2.221266984939575,2.4867234969860874e-05,8.147570042638108e-05,69.79399871826172,3.4284067153930664,0.6562949989064841,0.6468266468152137,11,2,18,ML_GGW_113_0011
GGW,113.0,1049.0,9.0,6.0,23.6842098236084,277.5,-0.9914448613738105,0.13052619222005127,-1.0,-1.8369701987210297e-16,2.8805036544799805,-4.478668689727783,219.3929901123047,7.720288704149425e-05,99.15046691894531,-3.4921391010284424,-4.997298240661621,242.8580780029297,0.0006096666911616921,73.4487533569336,-7.233809471130371,-2.789428949356079,268.85919189453125,0.0054952348582446575,98.73060607910156,-3.10998797416687,-0.3759314715862274,280.4404602050781,0.00783606618642807,85.89900207519531,-3.3821606636047363,2.422849655151367,290.49859619140625,0.010636492632329464,72.8252944946289,2.19720859604422e-05,6.196571484906599e-05,9.319437980651855,-2.867518663406372,-2.0436956882476807,2.19720859604422e-05,6.946572830202058e-05,66.73897552490234,3.185030221939087,0.715659156925083,0.9230303455774131,11,3,18,ML_GGW_113_0011
GGW,113.0,1050.0,9.0,12.0,23.6842098236084,275.0,-0.9961946980917455,0.08715574274765789,-1.0,-1.8369701987210297e-16,3.7114810943603516,-3.3862178325653076,220.2018280029297,8.530163904652e-05,99.3093032836914,0.6436165571212769,-2.452528238296509,242.43258666992188,0.0003343935532029718,45.84099197387695,-5.428285598754883,-3.1506803035736084,268.0649108886719,0.005220500752329826,99.57946014404297,-2.4437386989593506,-2.160451889038086,282.6669921875,0.008765620179474354,82.52656555175781,-1.9958664178848267,0.48639604449272156,290.369873046875,0.011179947294294834,77.07335662841797,2.5607825591578148e-05,3.367013414390385e-05,6.897170066833496,-1.1025586128234863,-2.1326966285705566,2.5607825591578148e-05,5.405917909229174e-05,71.64752197265625,0.768267810344696,0.5708990028398696,0.2855200004871332,11,4,18,ML_GGW_113_0011
GGW,113.0,1051.0,9.0,18.0,23.6842098236084,275.0,-0.9961946980917455,0.08715574274765789,-1.0,-1.8369701987210297e-16,4.907448768615723,-5.723568439483643,220.16656494140625,8.421792153967544e-05,98.732177734375,0.3048112690448761,-1.1070672273635864,242.4229736328125,0.00036654731957241893,50.53229522705078,-5.386852264404297,-1.681660532951355,268.7942199707031,0.005658164620399475,102.18317413330078,-3.364609718322754,-1.5581178665161133,281.8787536621094,0.008756792172789574,86.97850799560547,-2.490851640701294,0.505107045173645,290.03204345703125,0.011096243746578693,78.2340087890625,2.9557479138020426e-05,3.7614732718793675e-05,9.671154975891113,-1.2060105800628662,-1.9130613803863525,2.9557479138020426e-05,4.69451115350239e-05,70.80294799804688,1.8728220462799072,0.6053711411566819,0.42789600106334347,11,5,18,ML_GGW_113_0011
GGW,113.0,1052.0,9.0,0.0,23.6842098236084,275.0,-0.9961946980917455,0.08715574274765789,-1.0,-1.8369701987210297e-16,3.534583330154419,-9.764322280883789,220.07615661621094,8.327963587362319e-05,98.79643249511719,1.0974804162979126,-1.6237435340881348,241.73184204101562,0.0005262051126919687,72.0202865600586,-6.835216999053955,-0.5961930751800537,269.1296081542969,0.005437894258648157,95.39363098144531,-5.050541400909424,-0.22554528713226318,281.91900634765625,0.00894304271787405,88.58999633789062,-3.7014496326446533,1.9390287399291992,289.94232177734375,0.010900607332587242,77.36048126220703,2.8049485990777612e-05,4.141127647017129e-05,13.759673118591309,-2.1910288333892822,-2.054154872894287,2.8049485990777612e-05,6.127080996520817e-05,67.4406967163086,3.176919460296631,0.6217811219689992,0.497115066420188,11,6,18,ML_GGW_113_0011
GGW,113.0,1053.0,9.0,6.0,23.6842098236084,267.5,-0.9990482215818578,-0.04361938736533613,-1.0,-1.8369701987210297e-16,-7.759654521942139,-3.2335948944091797,220.35610961914062,7.045004167594016e-05,80.08850860595703,0.4765876233577728,-0.7503494024276733,243.2676544189453,0.00063700060127303,76.93093872070312,1.346745491027832,-3.1060476303100586,268.8422546386719,0.0030969425570219755,54.785400390625,-0.9665200710296631,-2.741238832473755,283.6603088378906,0.008402269333600998,73.93898010253906,-3.776414632797241,-1.1682078838348389,290.867919921875,0.011625217273831367,77.59204864501953,2.7639094696496613e-05,2.530691199353896e-05,4.48687219619751,-2.1358513832092285,-2.199887752532959,2.7750178560381755e-05,3.680546797113493e-05,71.9051513671875,3.5441818237304688,0.6110013047816601,0.4515231052365256,11,7,18,ML_GGW_113_0011
GGW,113.0,1054.0,9.0,12.0,23.6842098236084,265.0,-0.9961946980917455,-0.08715574274765825,-1.0,-1.8369701987210297e-16,-7.599397659301758,-0.07988882064819336,220.20021057128906,5.666403376380913e-05,65.35749053955078,-4.065182685852051,-4.3397674560546875,242.9556884765625,0.0007295028190128505,87.32685089111328,-1.5295078754425049,-4.847428798675537,268.6732482910156,0.004928241018205881,89.0812759399414,-2.2682549953460693,-4.053354263305664,283.2193298339844,0.008547686040401459,77.5385971069336,-2.8671023845672607,-4.744111061096191,290.3790588378906,0.011757195927202702,80.94377899169922,3.411439683986828e-05,2.637607576616574e-05,6.644515514373779,-3.665889024734497,-3.612910032272339,3.411439683986828e-05,3.3075350074796006e-05,74.3156509399414,4.087740898132324,0.7059960156564777,0.8760162744955489,11,8,18,ML_GGW_113_0011
GGW,113.0,1055.0,9.0,18.0,23.6842098236084,265.0,-0.9961946980917455,-0.08715574274765825,-1.0,-1.8369701987210297e-16,-7.49596643447876,-0.09404487162828445,220.59677124023438,5.285588122205809e-05,58.53636169433594,-4.1708221435546875,-3.9163267612457275,243.2916259765625,0.0007970876176841557,89.14704132080078,-0.7102476954460144,-3.3557844161987305,269.0557556152344,0.005610897671431303,98.53133392333984,-2.133380889892578,-3.9237489700317383,283.3554992675781,0.008524530567228794,76.62715911865234,-3.6177074909210205,-6.156303882598877,290.5007019042969,0.011557488702237606,78.96160888671875,3.7326437450246885e-05,2.7902089641429484e-05,7.196657657623291,-3.625624895095825,-3.4892418384552,3.7326437450246885e-05,3.7753357901237905e-05,76.0864028930664,3.665776014328003,0.7442220536911383,1.0680297787233717,11,9,18,ML_GGW_113_0011
GGW,113.0,1056.0,9.0,0.0,21.789474487304688,265.0,-0.9961946980917455,-0.08715574274765825,-1.0,-1.8369701987210297e-16,-5.897190570831299,-0.9875669479370117,220.25465393066406,4.858242755290121e-05,56.319480895996094,-2.0722463130950928,-2.249483108520508,243.08729553222656,0.00045015246723778546,50.32783889770508,2.042875051498413,-2.679257869720459,268.5910339355469,0.005395167972892523,97.0489730834961,1.2802977561950684,-3.0095314979553223,283.9644775390625,0.008767107501626015,75.63033294677734,-1.2614623308181763,-6.080996513366699,290.8038635253906,0.011901302263140678,79.7371826171875,3.705382550833747e-05,1.484875065216329e-05,6.887162208557129,-1.1815451383590698,-3.0013670921325684,3.705382550833747e-05,4.0713952330406755e-05,77.53413391113281,2.0340585708618164,0.6167832022592804,0.47591670761084415,11,10,18,ML_GGW_113_0011
GGW,113.0,1057.0,9.0,6.0,21.789474487304688,265.0,-0.9961946980917455,-0.08715574274765825,-1.0,-1.8369701987210297e-16,-6.552232265472412,-0.42038387060165405,220.64425659179688,6.192079308675602e-05,68.62525177001953,-3.2078700065612793,-3.3121609687805176,243.11460876464844,0.0004909346462227404,54.6234245300293,2.226555347442627,-3.0894007682800293,268.58441162109375,0.00534459762275219,97.201416015625,1.4269564151763916,-2.0411603450775146,283.8095397949219,0.009831653907895088,85.86700439453125,-1.064529299736023,-3.69769287109375,290.5922546386719,0.011804921552538872,80.18683624267578,3.8361769838957116e-05,1.812490154406987e-05,6.391841411590576,-1.4342238903045654,-2.512159824371338,3.8361769838957116e-05,3.6535078834276646e-05,79.99671936035156,1.2388540506362915,0.6132969864502706,0.4611923073823516,11,11,18,ML_GGW_113_0011
GGW,113.0,1059.0,9.0,18.0,23.6842098236084,265.0,-0.9961946980917455,-0.08715574274765825,-1.0,-1.8369701987210297e-16,-3.2753143310546875,1.1021003723144531,219.72630310058594,8.308895485242829e-05,100.24385070800781,-2.9268858432769775,-2.873197078704834,244.58961486816406,0.0011084944708272815,109.69001770019531,-3.2306299209594727,-2.621220350265503,271.0882568359375,0.0065362355671823025,99.44187927246094,-5.522708892822266,-3.111323118209839,282.2957763671875,0.009523505344986916,91.9766616821289,-5.666055202484131,-5.437273979187012,290.052001953125,0.011706750839948654,82.41277313232422,4.6659795771120116e-05,4.091899609193206e-05,6.962690353393555,-4.124318599700928,-2.5881829261779785,4.6659795771120116e-05,4.091899609193206e-05,83.75379943847656,1.491321086883545,0.6104091260616064,0.4490322835000491,11,12,18,ML_GGW_113_0011
GGW,113.0,1060.0,9.0,0.0,21.789474487304688,265.0,-0.9961946980917455,-0.08715574274765825,-1.0,-1.8369701987210297e-16,-5.769472599029541,-4.701684474945068,220.34999084472656,8.998356497613713e-05,100.44213104248047,-0.42937397956848145,-4.6971330642700195,244.58755493164062,0.001138357794843614,114.25353240966797,2.373976945877075,-0.1967182755470276,271.19122314453125,0.006576627027243376,99.22076416015625,0.5035582780838013,-0.23398102819919586,282.59063720703125,0.009855709969997406,93.33922576904297,-1.8267179727554321,-3.084911346435547,289.9889221191406,0.011721031740307808,82.89991760253906,4.957857890985906e-05,4.500608702073805e-05,4.261369705200195,-1.0296058654785156,-2.582885503768921,4.957857890985906e-05,5.376596891437657e-05,85.65068054199219,3.8563241958618164,0.583620578265624,0.33765416088081524,11,13,18,ML_GGW_113_0011
GGW,113.0,1061.0,9.0,6.0,21.789474487304688,265.0,-0.9961946980917455,-0.08715574274765825,-1.0,-1.8369701987210297e-16,-3.8578057289123535,-3.7655980587005615,220.34095764160156,9.304920968133956e-05,103.83649444580078,-1.3797961473464966,-4.742137432098389,245.55142211914062,0.0012518909061327577,113.3001937866211,1.1857911348342896,0.3804510235786438,271.0743408203125,0.00656146090477705,100.05071258544922,0.28271690011024475,1.1532078981399536,282.3899841308594,0.010274814441800117,98.58963012695312,-1.3742748498916626,-0.21257463097572327,289.1720275878906,0.012173976749181747,90.72994995117188,5.047379090683535e-05,5.49850519746542e-05,4.334962844848633,-1.028673768043518,-1.4373301267623901,5.047379090683535e-05,5.49850519746542e-05,86.0635757446289,4.064132213592529,0.6102520775224631,0.44837193612048365,11,14,18,ML_GGW_113_0011
GGW,113.0,1062.0,9.0,12.0,21.789474487304688,265.0,-0.9961946980917455,-0.08715574274765825,-1.0,-1.8369701987210297e-16,-3.28121018409729,-2.8078415393829346,221.2015380859375,0.00010373165423516184,103.7735824584961,-4.043422698974609,-3.3312416076660156,246.27536010742188,0.0013368570944294333,112.97276306152344,-0.4974749684333801,1.990609049797058,270.1979064941406,0.006179653108119965,100.85087585449219,-0.8402003049850464,1.4242441654205322,282.7147521972656,0.010387465357780457,97.47888946533203,-1.530470609664917,0.30242088437080383,289.3050231933594,0.012497920542955399,92.32331848144531,5.366056939237751e-05,5.816235352540389e-05,3.569148540496826,-2.03855562210083,-0.4843617379665375,5.366056939237751e-05,5.816235352540389e-05,85.5162582397461,3.569148540496826,0.6339646701280325,0.5492633690869009,11,15,18,ML_GGW_113_0011
GGW,113.0,1063.0,9.0,18.0,21.789474487304688,265.0,-0.9961946980917455,-0.08715574274765825,-1.0,-1.8369701987210297e-16,-2.6585161685943604,-2.2041144371032715,222.6880340576172,0.0001222214341396466,100.73931121826172,-3.1696414947509766,-0.2680886387825012,245.81439208984375,0.001360794180072844,125.60342407226562,0.1172429621219635,4.497854709625244,269.52740478515625,0.005826111417263746,100.32292175292969,-1.6720730066299438,2.447303056716919,283.1263427734375,0.01036215852946043,94.57456970214844,-2.351839303970337,0.5934519171714783,289.8377380371094,0.012625066563487053,90.13787078857422,5.446384966489859e-05,5.976213651592843e-05,2.8143255710601807,-1.9469654560089111,1.0132813453674316,5.446384966489859e-05,6.332430348265916e-05,84.16180419921875,2.8143255710601807,0.5809124187897567,0.32652008085515005,11,16,18,ML_GGW_113_0011
GGW,113.0,1064.0,9.0,0.0,21.789474487304688,265.0,-0.9961946980917455,-0.08715574274765825,-1.0,-1.8369701987210297e-16,-1.9559524059295654,-1.641611099243164,221.91937255859375,0.00010924875823548064,100.13575744628906,-1.1948063373565674,1.4046603441238403,244.67745971679688,0.001200762577354908,123.0132827758789,0.48608827590942383,5.452879428863525,269.4792175292969,0.005796259269118309,100.15682983398438,-2.498650074005127,3.7294514179229736,283.5013427734375,0.010263552889227867,91.35124206542969,-3.8052186965942383,1.9920002222061157,290.528564453125,0.012557719834148884,85.7884292602539,5.0713042583083734e-05,5.944649092270993e-05,4.077121257781982,-1.7937078475952148,2.18747615814209,5.0713042583083734e-05,7.036860915832222e-05,83.17481231689453,4.077121257781982,0.5917954084690975,0.371392482799652,11,17,18,ML_GGW_113_0011
GGW,113.0,1066.0,9.0,12.0,21.789474487304688,262.5,-0.9914448613738104,-0.13052619222005163,-1.0,-1.8369701987210297e-16,-2.301586389541626,-0.9844627380371094,220.27841186523438,9.076003334484994e-05,100.73047637939453,-5.353583335876465,-1.7056173086166382,245.1944580078125,0.0012135548749938607,116.2776107788086,-2.971466064453125,1.1957881450653076,270.20306396484375,0.006167398300021887,100.78528594970703,-3.4992589950561523,-0.6577600240707397,281.5174865722656,0.009785636328160763,99.39671325683594,-4.528320789337158,-1.6294194459915161,290.19952392578125,0.013950400054454803,97.29749298095703,3.640782961156219e-05,6.357492384267971e-05,2.3182568550109863,-3.7308430671691895,-0.7562942504882812,3.640782961156219e-05,6.357492384267971e-05,85.59782409667969,2.3182568550109863,0.6104089603127972,0.4490315865196093,11,18,18,ML_GGW_113_0011
GGW,113.0,1069.0,9.0,6.0,27.473684310913086,272.5,-0.9990482215818578,0.043619387365335764,-1.0,-1.8369701987210297e-16,8.898277282714844,3.8977344036102295,219.17820739746094,5.884147321921773e-05,78.63264465332031,4.845734596252441,1.5656883716583252,241.37098693847656,0.0005077490350231528,65.77665710449219,2.992645263671875,-2.3937723636627197,268.5530700683594,0.005318223033100367,97.37835693359375,-1.3289839029312134,2.5031192302703857,284.1903991699219,0.011469396762549877,97.48817443847656,-5.274798393249512,3.179927110671997,290.105712890625,0.011643173173069954,81.71000671386719,2.5494719011476263e-05,2.2024920326657593e-05,14.191241264343262,2.0265746116638184,1.7505394220352173,2.5494719011476263e-05,5.389986472437158e-05,86.31062316894531,8.403655052185059,0.5580395903957652,0.2332096033596558,12,1,9,ML_GGW_113_0012
GGW,113.0,1070.0,9.0,12.0,27.473684310913086,272.5,-0.9990482215818578,0.043619387365335764,-1.0,-1.8369701987210297e-16,6.257978439331055,3.244873523712158,219.56553649902344,2.204983502451796e-05,25.32753562927246,3.608344793319702,2.2899789810180664,240.84303283691406,0.0005814157775603235,83.29983520507812,2.3976364135742188,-2.2094967365264893,268.4256896972656,0.005256130360066891,97.60604858398438,-0.12571722269058228,2.3625247478485107,284.3323059082031,0.011697648093104362,98.48251342773438,-2.9370594024658203,3.380014181137085,290.0888366699219,0.011978820897638798,84.14312744140625,3.218345591449179e-05,2.080803460557945e-05,9.196030616760254,1.8402366638183594,1.8135789632797241,3.218345591449179e-05,5.1621518650790676e-05,88.95441436767578,5.587359428405762,0.6365063216745054,0.5602324441840216,12,2,9,ML_GGW_113_0012
GGW,113.0,1071.0,9.0,18.0,29.36842155456543,272.5,-0.9990482215818578,0.043619387365335764,-1.0,-1.8369701987210297e-16,1.5520644187927246,6.233354568481445,219.0389862060547,2.9928083677077666e-05,37.024288177490234,-0.3960801064968109,4.254697799682617,241.59263610839844,0.0007602765108458698,103.03630065917969,-2.431426763534546,-4.35438871383667,268.8939514160156,0.005630284547805786,101.04710388183594,-3.992969512939453,-0.24735420942306519,282.6430358886719,0.00952319148927927,89.80713653564453,-7.108159065246582,0.9051487445831299,289.09893798828125,0.012153692543506622,90.99578857421875,3.9420283428626135e-05,3.0222658097045496e-05,10.168049812316895,-2.4753143787384033,1.3582916259765625,3.9420283428626135e-05,5.35559665877372e-05,86.58729553222656,3.539707899093628,0.784103726463687,1.2897432385275494,12,3,9,ML_GGW_113_0012
GGW,113.0,1072.0,9.0,0.0,29.36842155456543,272.5,-0.9990482215818578,0.043619387365335764,-1.0,-1.8369701987210297e-16,3.779621124267578,4.3124098777771,219.97386169433594,1.678153421380557e-05,17.952402114868164,1.7740141153335571,2.5691792964935303,241.24427795410156,0.000592975236941129,80.6207046508789,-4.96977424621582,-5.155014991760254,269.0655822753906,0.005353991873562336,94.08277893066406,-4.495782852172852,-1.0296796560287476,283.2224426269531,0.009970786981284618,90.44254302978516,-6.545941352844238,1.163954496383667,289.5965576171875,0.012463550083339214,90.30292510986328,4.1638981201685965e-05,2.647806286404375e-05,10.794906616210938,-2.0915725231170654,0.37216976284980774,4.1638981201685965e-05,5.7919405662687495e-05,84.19554901123047,3.778430700302124,0.8275213662226901,1.5681615604872294,12,4,9,ML_GGW_113_0012
GGW,113.0,1073.0,9.0,6.0,29.36842155456543,272.5,-0.9990482215818578,0.043619387365335764,-1.0,-1.8369701987210297e-16,4.231492042541504,0.24687831103801727,220.509033203125,1.816986514313612e-05,18.408979415893555,1.4780391454696655,1.6933776140213013,240.7574920654297,0.0004398971504997462,60.8373908996582,-5.176158428192139,-3.612246513366699,269.3609313964844,0.004974359180778265,84.18132019042969,-2.493999719619751,-0.36206746101379395,283.3949279785156,0.010690532624721527,95.88135528564453,-3.6978766918182373,1.9739869832992554,289.92449951171875,0.012308449484407902,87.32184600830078,3.975256913690828e-05,2.364920874242671e-05,8.11528205871582,-1.1317007541656494,-0.012014222331345081,3.975256913690828e-05,5.885020800633356e-05,83.5073471069336,5.809509754180908,0.822637947841713,1.534323050494815,12,5,9,ML_GGW_113_0012
GGW,113.0,1074.0,9.0,12.0,29.36842155456543,272.5,-0.9990482215818578,0.043619387365335764,-1.0,-1.8369701987210297e-16,2.2069780826568604,-0.5399662256240845,220.7584228515625,2.33142218348803e-05,23.367794036865234,-0.03940178453922272,3.1636879444122314,240.5732879638672,0.0004023371438961476,54.93017578125,-3.9781665802001953,-2.7123217582702637,268.8989562988281,0.004827036522328854,84.52423858642578,-1.661550521850586,-1.2408009767532349,283.73907470703125,0.010957389138638973,95.9817123413086,-2.873290777206421,1.2619248628616333,289.9053955078125,0.012103239074349403,86.0265121459961,4.201474439469166e-05,1.959894689207431e-05,5.390356540679932,-1.269086241722107,-0.013495254330337048,4.201474439469166e-05,4.790845196112059e-05,83.5024185180664,3.8412094116210938,0.8150429402255377,1.4831171104366732,12,6,9,ML_GGW_113_0012
GGW,113.0,1075.0,9.0,18.0,29.36842155456543,272.5,-0.9990482215818578,0.043619387365335764,-1.0,-1.8369701987210297e-16,2.429445266723633,1.331059455871582,221.24107360839844,1.826044353947509e-05,17.776552200317383,2.369933843612671,4.768834114074707,240.79530334472656,0.00037006946513429284,49.249202728271484,-2.704939126968384,-3.1777989864349365,268.6535949707031,0.004630927462130785,82.51889038085938,-2.1158559322357178,-2.1206541061401367,284.03570556640625,0.01117854006588459,96.00776672363281,-2.8891215324401855,0.5296549797058105,290.1143798828125,0.01199288759380579,84.12588500976562,3.9275091694435105e-05,1.4249112609832082e-05,5.378605842590332,-0.582107424736023,0.2662190794944763,3.9275091694435105e-05,4.0981496567837894e-05,81.38957977294922,0.35566526651382446,0.7207386536355731,0.9481285252649783,12,7,9,ML_GGW_113_0012
GGW,113.0,1076.0,9.0,0.0,29.36842155456543,272.5,-0.9990482215818578,0.043619387365335764,-1.0,-1.8369701987210297e-16,5.241197109222412,-0.44298234581947327,221.40927124023438,1.6023561329348013e-05,15.854527473449707,5.346609592437744,2.888840913772583,241.07945251464844,0.00031219105585478246,45.11792755126953,-4.226132392883301,-2.9922804832458496,268.865478515625,0.0036765174008905888,63.484989166259766,-3.9495186805725098,-1.3658000230789185,283.7530822753906,0.011212649755179882,98.1396713256836,-4.308999538421631,0.6163833737373352,290.0020446777344,0.012184957042336464,86.01799011230469,3.4803531889338046e-05,1.1735593943740241e-05,9.608772277832031,-0.37936878204345703,-0.25916773080825806,3.4803531889338046e-05,3.8374531868612394e-05,77.7243423461914,6.474023818969727,0.708449189100973,0.8878640413974104,12,8,9,ML_GGW_113_0012
GGW,113.0,1077.0,9.0,6.0,29.36842155456543,272.5,-0.9990482215818578,0.043619387365335764,-1.0,-1.8369701987210297e-16,6.010850429534912,-3.1948535442352295,220.9091033935547,2.1080106307636015e-05,21.02389907836914,4.519075393676758,0.6612921953201294,240.89251708984375,0.0003632799198385328,57.77978515625,-3.7862868309020996,-0.7673850059509277,268.7545166015625,0.0030641041230410337,52.62723922729492,-2.367976188659668,0.042266588658094406,283.469482421875,0.01123297680169344,100.23519134521484,-2.97869873046875,1.383796215057373,289.6962890625,0.012497123330831528,89.9307861328125,3.0304094252642244e-05,1.3420859431789722e-05,10.088411331176758,0.27939289808273315,-0.3749766945838928,3.0304094252642244e-05,2.7169879103894345e-05,78.30107879638672,8.63117504119873,0.6404200578849906,0.5771877787831394,12,9,9,ML_GGW_113_0012
GGW,113.0,1076.0,9.0,0.0,25.578947067260742,265.0,-0.9961946980917455,-0.08715574274765825,-1.0,-1.8369701987210297e-16,8.064743995666504,1.052724838256836,220.26405334472656,4.60511255369056e-05,54.22943878173828,7.484410762786865,-0.14818920195102692,242.98703002929688,0.00023137914831750095,27.178550720214844,-3.705772876739502,-3.729365825653076,269.1107177734375,0.004890279844403267,85.10734558105469,-4.539122581481934,-3.071777105331421,284.7255554199219,0.011343462392687798,93.00706481933594,-3.9160094261169434,-2.478321075439453,290.56280517578125,0.012596230022609234,85.7995834350586,3.0330760637298226e-05,1.1863901818287559e-05,12.490264892578125,0.677649974822998,-1.674985647201538,3.1063238566275686e-05,3.25893925037235e-05,86.51583862304688,0.42970696091651917,0.5938321001068058,0.3798299990041021,13,1,10,ML_GGW_113_0013
GGW,113.0,1077.0,9.0,6.0,25.578947067260742,265.0,-0.9961946980917455,-0.08715574274765825,-1.0,-1.8369701987210297e-16,8.58423900604248,1.3564397096633911,220.29226684570312,3.7598860217258334e-05,43.89710235595703,7.073999404907227,-0.08741381019353867,242.9925994873047,0.00017787246906664222,20.38776969909668,-4.7114481925964355,-3.776122808456421,268.8582458496094,0.004074052441865206,71.21563720703125,-4.17401647567749,-1.9686728715896606,284.0962219238281,0.011257695965468884,96.30647277832031,-3.2446987628936768,-1.269150972366333,290.4121398925781,0.012729967944324017,87.53250885009766,3.078918234677985e-05,1.3922778634878341e-05,12.116827011108398,0.7056151032447815,-1.1489841938018799,3.078918234677985e-05,3.460348307271488e-05,87.06023406982422,1.422737956047058,0.6287055946809537,0.5266678009068375,13,2,10,ML_GGW_113_0013
GGW,113.0,1078.0,9.0,12.0,25.578947067260742,265.0,-0.9961946980917455,-0.08715574274765825,-1.0,-1.8369701987210297e-16,7.4285969734191895,1.2688724994659424,220.35755920410156,4.1596449591452256e-05,42.993309020996094,4.881659507751465,0.8085606694221497,243.27989196777344,0.00024377669615205377,27.74732208251953,-5.591058731079102,-3.0709385871887207,269.2124938964844,0.0036267752293497324,61.62124252319336,-3.843716859817505,-2.281869888305664,283.73919677734375,0.010892621241509914,95.39054870605469,-2.9767849445343018,-1.5631520748138428,290.0701599121094,0.013004157692193985,91.388916015625,3.2410647690994665e-05,1.3688698345504235e-05,10.783892631530762,-0.02026071585714817,-0.9677055478096008,3.386538082850166e-05,3.8740268792025745e-05,88.03060913085938,3.587575912475586,0.7193578320327677,0.9412784798394278,13,3,10,ML_GGW_113_0013
GGW,113.0,1079.0,9.0,18.0,25.578947067260742,265.0,-0.9961946980917455,-0.08715574274765825,-1.0,-1.8369701987210297e-16,6.659029960632324,3.756300926208496,220.44815063476562,6.99086012900807e-05,75.0525131225586,4.09041166305542,2.1784310340881348,243.6758270263672,0.00038730769301764667,45.702205657958984,-5.7130560874938965,-3.679002523422241,269.43511962890625,0.0039011689368635416,66.00709533691406,-4.124784469604492,-2.7175514698028564,283.628662109375,0.010510898195207119,92.74138641357422,-3.328725576400757,-1.9952937364578247,290.1468200683594,0.013113826513290405,91.72563934326172,3.409005512367003e-05,1.4045036550669465e-05,11.5254545211792,-0.48342499136924744,-0.4914231300354004,3.409005512367003e-05,4.650405026040971e-05,86.6941146850586,1.9712740182876587,0.7404060798966937,1.0480802279970463,13,4,10,ML_GGW_113_0013
GGW,113.0,1080.0,9.0,0.0,25.578947067260742,265.0,-0.9961946980917455,-0.08715574274765825,-1.0,-1.8369701987210297e-16,8.041370391845703,2.8785197734832764,220.5305633544922,6.124224455561489e-05,67.14078521728516,3.9110593795776367,0.947830855846405,243.94252014160156,0.00048348825657740235,61.588462829589844,-7.972084999084473,-4.875495910644531,269.3847351074219,0.003912332933396101,66.2703628540039,-5.693343162536621,-1.783886432647705,283.7483215332031,0.010152497328817844,88.8542709350586,-4.448962211608887,-1.2885147333145142,290.7530822753906,0.012537370435893536,84.3931884765625,3.4234650229336694e-05,1.883666482171975e-05,13.167102813720703,-1.2323920726776123,-0.824309229850769,3.4234650229336694e-05,5.1608949434012175e-05,81.72706604003906,3.760162115097046,0.7983526821564094,1.376030237222285,13,5,10,ML_GGW_113_0013
GGW,113.0,1081.0,9.0,6.0,25.578947067260742,265.0,-0.9961946980917455,-0.08715574274765825,-1.0,-1.8369701987210297e-16,7.358667850494385,-1.442476749420166,220.613037109375,4.31342123192735e-05,46.04218292236328,3.0922963619232178,0.3616774082183838,243.5754852294922,0.0004344432381913066,58.34431457519531,-7.867446422576904,-3.557755470275879,269.1512756347656,0.004396438132971525,73.72600555419922,-3.7285592555999756,0.21905574202537537,283.3162841796875,0.009766442701220512,88.01209259033203,-3.6752700805664062,0.5247089266777039,290.8529052734375,0.012371247634291649,82.76748657226562,3.412672595004551e-05,2.0940367903676815e-05,11.207925796508789,-0.9640623331069946,-0.7789579629898071,3.412672595004551e-05,4.403943967190571e-05,80.7261734008789,3.382455825805664,0.788942860880646,1.3185650002243126,13,6,10,ML_GGW_113_0013
GGW,113.0,1082.0,9.0,12.0,25.578947067260742,265.0,-0.9961946980917455,-0.08715574274765825,-1.0,-1.8369701987210297e-16,2.4267876148223877,-3.4601223468780518,220.41921997070312,3.1350646167993546e-05,32.55512619018555,1.6174952983856201,0.5030695796012878,243.10293579101562,0.0004072042356710881,58.60540008544922,-6.581775188446045,-3.275869369506836,269.0775451660156,0.004819754045456648,79.38507843017578,-2.4893555641174316,-0.53407222032547,283.0662536621094,0.009646677412092686,88.4097900390625,-2.834679365158081,1.0543617010116577,290.62152099609375,0.012550936080515385,85.21234893798828,3.372283390490338e-05,1.7447098798584193e-05,6.932791709899902,-1.57230544090271,-1.1425265073776245,3.372283390490338e-05,3.7065710785100237e-05,80.95198822021484,1.7302738428115845,0.7104415328309007,0.897529418221088,13,7,10,ML_GGW_113_0013
GGW,113.0,1083.0,9.0,18.0,25.578947067260742,265.0,-0.9961946980917455,-0.08715574274765825,-1.0,-1.8369701987210297e-16,1.01284658908844,-0.7709691524505615,220.6354217529297,2.2384267140296288e-05,22.839340209960938,2.9224157333374023,1.7849912643432617,243.1729736328125,0.000396562711102888,56.49421310424805,-5.548551559448242,-4.473064422607422,269.4946594238281,0.00490416819229722,77.38226318359375,-2.8437018394470215,-1.1255319118499756,283.4481506347656,0.009600159712135792,85.74647521972656,-1.8945242166519165,0.8795234560966492,290.78125,0.012702999636530876,85.37123107910156,3.1442952604265884e-05,1.2518574294517748e-05,3.3431918621063232,-1.2703030109405518,-0.7410101294517517,3.1442952604265884e-05,4.413400529301725e-05,79.30650329589844,1.9582536220550537,0.6827421557039771,0.7664024388201018,13,8,10,ML_GGW_113_0013
GGW,113.0,1084.0,9.0,0.0,25.578947067260742,265.0,-0.9961946980917455,-0.08715574274765825,-1.0,-1.8369701987210297e-16,3.9293808937072754,-1.3048428297042847,221.16087341308594,1.6359241271857172e-05,16.246135711669922,4.841804027557373,-0.9485214352607727,242.9530487060547,0.0003283588448539376,48.8494873046875,-7.867310047149658,-5.137746810913086,269.73602294921875,0.003765224013477564,57.23792266845703,-4.068145751953125,0.3458121716976166,283.5839538574219,0.009264352731406689,81.96150207519531,-2.292628049850464,1.3628289699554443,291.05474853515625,0.012604904361069202,83.26261138916016,2.8550244678626768e-05,9.070152373169549e-06,6.769775867462158,-1.0913797616958618,-1.1364940404891968,2.8550244678626768e-05,5.2787483582505956e-05,75.66221618652344,4.342401027679443,0.6415443135464705,0.5820732155040138,13,9,10,ML_GGW_113_0013
GGW,113.0,1085.0,9.0,6.0,27.473684310913086,272.5,-0.9990482215818578,0.043619387365335764,-1.0,-1.8369701987210297e-16,16.838106155395508,-6.525388717651367,220.4276580810547,5.98418373556342e-05,67.71804809570312,7.42461633682251,-9.307960510253906,241.2479248046875,0.0001452728611184284,24.4224796295166,-4.799197196960449,-5.805048942565918,267.9125671386719,0.0019181404495611787,33.493770599365234,-0.8751003742218018,-0.4734313189983368,283.0766296386719,0.010811987332999706,99.04855346679688,-2.6880147457122803,1.1679294109344482,289.5216979980469,0.012469788081943989,90.80696868896484,2.948565816041082e-05,1.6323547242791392e-05,20.987056732177734,3.180081605911255,-4.188779830932617,2.948565816041082e-05,4.2860836401814595e-05,74.69103240966797,7.47837495803833,0.7329158340649822,1.009467034424305,13,10,10,ML_GGW_113_0013
GGW,113.0,1078.0,9.0,12.0,29.36842155456543,285.0,-0.9659258262890684,0.2588190451025203,-1.0,-1.8369701987210297e-16,12.571429252624512,-6.0512566566467285,219.03099060058594,3.0219178370316513e-05,40.77216339111328,8.337481498718262,-2.1508915424346924,240.2822723388672,0.0006036097183823586,91.39813232421875,-3.7660534381866455,-3.4358012676239014,268.79974365234375,0.005599077790975571,101.50508117675781,-5.065066814422607,-0.014444928616285324,277.3351745605469,0.007174055092036724,97.637939453125,-6.32343053817749,2.1545746326446533,287.888427734375,0.010640444234013557,86.16551971435547,3.447265407885425e-05,4.477958646020852e-05,20.599790573120117,1.150871753692627,-1.8995641469955444,3.447265407885425e-05,7.355128036579117e-05,77.05138397216797,8.521917343139648,0.6939412288275314,0.8186101260684633,14,1,10,ML_GGW_113_0014
GGW,113.0,1079.0,9.0,18.0,27.473684310913086,287.5,-0.9537169507482268,0.30070579950427345,-1.0,-1.8369701987210297e-16,10.357189178466797,0.8013468384742737,218.33619689941406,6.399299309123307e-05,92.76858520507812,9.632559776306152,-3.471043825149536,242.06982421875,0.000849334814120084,109.0119400024414,5.765840530395508,-2.153799295425415,268.45428466796875,0.00544427614659071,101.73175811767578,2.2133047580718994,2.5634334087371826,276.943603515625,0.007079346105456352,99.05052185058594,-0.3016332685947418,2.1476871967315674,288.7998352050781,0.010599578730762005,80.92715454101562,3.970829857280478e-05,7.807830843375996e-05,10.743515014648438,5.533452033996582,-0.022475147619843483,3.970829857280478e-05,7.807830843375996e-05,77.08402252197266,4.874580383300781,0.6169992637519707,0.4768309191365512,14,2,10,ML_GGW_113_0014
GGW,113.0,1080.0,9.0,0.0,27.473684310913086,287.5,-0.9537169507482268,0.30070579950427345,-1.0,-1.8369701987210297e-16,12.310320854187012,0.4665842056274414,219.17958068847656,4.028472176287323e-05,54.02016067504883,9.445972442626953,-3.775190591812134,241.4168243408203,0.0003745100402738899,51.430694580078125,2.0941286087036133,-3.8720126152038574,268.22381591796875,0.005280860234051943,99.7519760131836,1.6421542167663574,2.028733491897583,277.96319580078125,0.007131811697036028,92.90691375732422,-0.2665289044380188,2.1097030639648438,288.78961181640625,0.010268568992614746,78.47077941894531,4.0162703953683376e-05,6.277815555222332e-05,12.68372917175293,5.0452094078063965,-0.6084365844726562,4.0162703953683376e-05,7.005837687756866e-05,79.05630493164062,2.151395797729492,0.8448216090694356,1.6945501271818904,14,3,10,ML_GGW_113_0014
GGW,113.0,1081.0,9.0,6.0,27.473684310913086,287.5,-0.9537169507482268,0.30070579950427345,-1.0,-1.8369701987210297e-16,11.03235149383545,-3.7713446617126465,219.64390563964844,2.7168827728019096e-05,34.40285110473633,9.095973014831543,-2.3940529823303223,240.8446502685547,0.00012521844473667443,20.196884155273438,2.1491591930389404,-3.3203084468841553,267.4512939453125,0.0046858047135174274,93.13274383544922,2.152698040008545,0.7158454656600952,279.3367919921875,0.007235498633235693,85.6025161743164,0.6261131763458252,1.5444626808166504,288.8011169433594,0.010129284113645554,77.3565673828125,3.899448711308651e-05,4.5511857024393976e-05,11.685359001159668,5.011259078979492,-1.4450796842575073,3.899448711308651e-05,5.9778318245662376e-05,81.26364135742188,4.44566535949707,0.743015055469584,1.0616988060084664,14,4,10,ML_GGW_113_0014
GGW,113.0,1082.0,9.0,12.0,27.473684310913086,287.5,-0.9537169507482268,0.30070579950427345,-1.0,-1.8369701987210297e-16,6.9593987464904785,-4.629585266113281,219.76812744140625,2.361388942517806e-05,29.352033615112305,7.993341445922852,-1.8230851888656616,240.33865356445312,8.612748206360266e-05,15.33820629119873,3.1589131355285645,-2.7873377799987793,267.26043701171875,0.0038360084872692823,76.51007843017578,0.9722631573677063,-0.9635132551193237,280.1617126464844,0.007145742420107126,79.85857391357422,0.32301852107048035,0.7694122195243835,288.7417297363281,0.010120098479092121,77.57820129394531,3.978942186222412e-05,3.49109286617022e-05,8.555156707763672,3.8813869953155518,-1.886821985244751,3.978942186222412e-05,5.49805372429546e-05,82.1879653930664,4.305405616760254,0.7191498999633127,0.9402487447748622,14,5,10,ML_GGW_113_0014
GGW,113.0,1083.0,9.0,18.0,27.473684310913086,287.5,-0.9537169507482268,0.30070579950427345,-1.0,-1.8369701987210297e-16,7.600184917449951,-2.1469640731811523,219.88682556152344,2.202657560701482e-05,26.79628562927246,9.220067977905273,-1.6650103330612183,240.1600341796875,8.166554471245036e-05,14.794595718383789,3.608275890350342,-3.635467767715454,268.14007568359375,0.002774021588265896,49.71800994873047,0.6673402786254883,-1.8747191429138184,280.6807556152344,0.0070019932463765144,75.46913146972656,0.7569132447242737,0.08032338321208954,288.6928405761719,0.010233940556645393,78.64241790771484,3.838536576949991e-05,2.8448819648474455e-05,7.196608543395996,4.370556831359863,-1.84836745262146,3.838536576949991e-05,5.9890699048992246e-05,80.65483093261719,2.6486527919769287,0.7549421260405397,1.1251466891681834,14,6,10,ML_GGW_113_0014
GGW,113.0,1084.0,9.0,0.0,29.36842155456543,290.0,-0.9396926207859083,0.342020143325669,-1.0,-1.8369701987210297e-16,10.469157218933105,2.8014886379241943,219.8029022216797,2.0886907805106603e-05,25.23517417907715,8.096099853515625,2.7893996238708496,240.03077697753906,0.00020502904953900725,33.45853042602539,-2.578780174255371,-3.917992115020752,268.273193359375,0.005040089134126902,93.69960021972656,-4.557105541229248,-0.670892596244812,278.8713684082031,0.006700586061924696,81.8618392944336,-4.277266502380371,0.8925886750221252,288.7981872558594,0.009883486665785313,75.48670196533203,3.833627488347702e-05,2.8289679903537035e-05,14.869462013244629,1.430421233177185,0.3789184093475342,3.833627488347702e-05,6.237364141270518e-05,76.14181518554688,3.5177669525146484,0.7318000288058161,1.0037744285047316,14,7,10,ML_GGW_113_0014
GGW,113.0,1085.0,9.0,6.0,29.36842155456543,290.0,-0.9396926207859083,0.342020143325669,-1.0,-1.8369701987210297e-16,12.40684700012207,0.7318035364151001,219.6337127685547,2.0380521164042875e-05,24.86139488220215,10.340279579162598,0.7456983923912048,239.73919677734375,0.00014873356849420816,28.914474487304688,-1.0705697536468506,-0.8102721571922302,267.6180419921875,0.0045597609132528305,87.77410125732422,-2.700099468231201,-0.864287257194519,279.781005859375,0.006822883151471615,78.24520874023438,-3.0717990398406982,-0.4580124020576477,288.6241760253906,0.009992072358727455,77.19506072998047,3.9924285374581814e-05,2.4500139261363074e-05,15.524308204650879,3.180931568145752,-0.13101398944854736,3.9924285374581814e-05,4.5327888074098155e-05,76.79525756835938,6.079610347747803,0.7218230424219702,0.9535225660174131,14,8,10,ML_GGW_113_0014
GGW,113.0,1086.0,9.0,12.0,29.36842155456543,290.0,-0.9396926207859083,0.342020143325669,-1.0,-1.8369701987210297e-16,14.862590789794922,3.0481910705566406,218.58352661132812,3.334191205794923e-05,45.2557258605957,12.786974906921387,2.233665943145752,239.8155059814453,0.0002984527964144945,59.5650634765625,1.489719271659851,0.6242742538452148,267.38104248046875,0.0038281865417957306,72.10331726074219,-2.4702579975128174,-0.9268062710762024,280.72100830078125,0.0068204631097614765,73.30508422851562,-3.652705669403076,-0.8121910095214844,288.6638488769531,0.010097532533109188,77.79644775390625,3.9174305129563436e-05,2.652014882187359e-05,18.913454055786133,4.603264331817627,0.8334267735481262,3.9174305129563436e-05,4.050086499773897e-05,77.23699951171875,5.2385149002075195,0.776351520152743,1.2445298746625841,14,9,10,ML_GGW_113_0014
GGW,113.0,1087.0,9.0,18.0,31.263158798217773,295.0,-0.9063077870366498,0.4226182617406996,-1.0,-1.8369701987210297e-16,11.5101318359375,8.224923133850098,218.59854125976562,2.662127917574253e-05,37.473297119140625,7.712284088134766,5.221678733825684,239.62078857421875,0.0002129652420990169,37.933250427246094,3.7425906658172607,1.2088748216629028,267.4177551269531,0.004775203764438629,95.75997161865234,-3.030778646469116,3.103691816329956,279.4483642578125,0.007320977747440338,85.8930435180664,-4.876237869262695,3.4968419075012207,288.5836486816406,0.010285488329827785,79.65540313720703,3.9485079469159245e-05,3.761829430004582e-05,17.05484962463379,3.0115978717803955,4.25120210647583,3.9485079469159245e-05,5.7721550547285005e-05,81.53288269042969,2.916423797607422,0.7808438314393344,1.270590595967164,14,10,10,ML_GGW_113_0014
